[2026-08-22T02:15:35+02:00] ================================================================
[2026-08-22T02:15:35+02:00] TEST START run_id=20260822_021535 timestamp=2026-08-22T02:15:35+02:00
[2026-08-22T02:15:35+02:00] ================================================================
[2026-08-22T02:15:35+02:00] Pre-checks START timestamp=2026-08-22T02:15:35+02:00
[2026-08-22T02:15:36+02:00] Using existing UE pod timestamp=2026-08-22T02:15:36+02:00 pod=ueransim-gnb-ues-69bc49bf9c-7l8lt
[2026-08-22T02:15:36+02:00] Required registered UE pool ready timestamp=2026-08-22T02:15:36+02:00 count=50 required=50
[2026-08-22T02:15:36+02:00] Scenario validation timestamp=2026-08-22T02:15:36+02:00 active_ue=1 requires_iperf_ports=5201-5201 replacement_ports=5251-5265
[2026-08-22T02:15:36+02:00] Scenario validation timestamp=2026-08-22T02:15:36+02:00 active_ue=3 requires_iperf_ports=5201-5203 replacement_ports=5251-5265
[2026-08-22T02:15:36+02:00] Scenario validation timestamp=2026-08-22T02:15:36+02:00 active_ue=5 requires_iperf_ports=5201-5205 replacement_ports=5251-5265
[2026-08-22T02:15:36+02:00] Scenario validation timestamp=2026-08-22T02:15:36+02:00 active_ue=7 requires_iperf_ports=5201-5207 replacement_ports=5251-5265
[2026-08-22T02:15:36+02:00] Scenario validation timestamp=2026-08-22T02:15:36+02:00 active_ue=9 requires_iperf_ports=5201-5209 replacement_ports=5251-5265
[2026-08-22T02:15:36+02:00] Scenario validation timestamp=2026-08-22T02:15:36+02:00 active_ue=11 requires_iperf_ports=5201-5211 replacement_ports=5251-5265
[2026-08-22T02:15:36+02:00] Scenario validation timestamp=2026-08-22T02:15:36+02:00 active_ue=13 requires_iperf_ports=5201-5213 replacement_ports=5251-5265
[2026-08-22T02:15:36+02:00] Scenario validation timestamp=2026-08-22T02:15:36+02:00 active_ue=15 requires_iperf_ports=5201-5215 replacement_ports=5251-5265
[2026-08-22T02:15:36+02:00] Scenario validation timestamp=2026-08-22T02:15:36+02:00 active_ue=17 requires_iperf_ports=5201-5217 replacement_ports=5251-5265
[2026-08-22T02:15:36+02:00] Scenario validation timestamp=2026-08-22T02:15:36+02:00 active_ue=19 requires_iperf_ports=5201-5219 replacement_ports=5251-5265
[2026-08-22T02:15:36+02:00] Scenario validation timestamp=2026-08-22T02:15:36+02:00 active_ue=21 requires_iperf_ports=5201-5221 replacement_ports=5251-5265
[2026-08-22T02:15:36+02:00] Scenario validation timestamp=2026-08-22T02:15:36+02:00 active_ue=23 requires_iperf_ports=5201-5223 replacement_ports=5251-5265
[2026-08-22T02:15:36+02:00] Scenario validation timestamp=2026-08-22T02:15:36+02:00 active_ue=25 requires_iperf_ports=5201-5225 replacement_ports=5251-5265
[2026-08-22T02:15:36+02:00] Scenario validation timestamp=2026-08-22T02:15:36+02:00 active_ue=27 requires_iperf_ports=5201-5227 replacement_ports=5251-5265
[2026-08-22T02:15:36+02:00] Scenario validation timestamp=2026-08-22T02:15:36+02:00 active_ue=29 requires_iperf_ports=5201-5229 replacement_ports=5251-5265
[2026-08-22T02:15:36+02:00] Scenario validation timestamp=2026-08-22T02:15:36+02:00 active_ue=31 requires_iperf_ports=5201-5231 replacement_ports=5251-5265
[2026-08-22T02:15:36+02:00] Scenario validation timestamp=2026-08-22T02:15:36+02:00 active_ue=33 requires_iperf_ports=5201-5233 replacement_ports=5251-5265
[2026-08-22T02:15:36+02:00] Scenario validation timestamp=2026-08-22T02:15:36+02:00 active_ue=35 requires_iperf_ports=5201-5235 replacement_ports=5251-5265
[2026-08-22T02:15:36+02:00] IPERF ports precheck START timestamp=2026-08-22T02:15:36+02:00 host=192.168.1.211 ports=5201-5201 bitrate=1M
[2026-08-22T02:15:40+02:00] IPERF ports precheck END timestamp=2026-08-22T02:15:40+02:00 rc=0
[2026-08-22T02:15:41+02:00] UPF pod timestamp=2026-08-22T02:15:41+02:00 pod=open5gs-upf-5b9db6d44-nsbqz uid=7b5b8ef7-a2a2-4fe9-a3e1-74acd17bd88f restarts=6
[2026-08-22T02:15:41+02:00] IMPORTANT: this script does not register or unregister UE during scenarios
[2026-08-22T02:15:41+02:00] IMPORTANT: existing registered UE pool is reused for all scenarios
[2026-08-22T02:15:41+02:00] IMPORTANT: no ping is used
[2026-08-22T02:15:41+02:00] IMPORTANT: every active slot runs its own iperf3 client
[2026-08-22T02:15:41+02:00] IMPORTANT: zombie UE are replaced in-flight, without repeating the scenario
[2026-08-22T02:15:41+02:00] IMPORTANT: zombie detection uses uesimtun RX counters, not buffered iperf stdout
[2026-08-22T02:15:41+02:00] IMPORTANT: each zombie/replacement is logged as diagnostic event
[2026-08-22T02:15:41+02:00] IMPORTANT: target_host=192.168.1.211 base_port=5201 replacement_base_port=5251 tcp_bitrate_per_ue=1M
[2026-08-22T02:15:41+02:00] IMPORTANT: iperf client start delay is 0.05 seconds
[2026-08-22T02:15:41+02:00] IMPORTANT: connect timeout is 4 seconds; stall detection is 5 seconds without RX progress
[2026-08-22T02:15:41+02:00] IMPORTANT: replacement minimum duration is 5 seconds; adaptive extension limit is 1 seconds per slot
[2026-08-22T02:15:41+02:00] IMPORTANT: after planned slot end, late replacement is disabled and script waits for real iperf exit until process timeout
[2026-08-22T02:15:41+02:00] IMPORTANT: post-duration iperf timeout rc=124 is accepted only when the client had RX and valid iperf output, and is logged as UE_SLOT_LATE_TIMEOUT_ACCEPTED
[2026-08-22T02:15:41+02:00] IMPORTANT: iperf server-busy port rebind is enabled rebinds=1; server-busy does not blacklist UE
[2026-08-22T02:15:41+02:00] IMPORTANT: global UE suspect list is soft; suspected UE are avoided first, but reused if the pool would otherwise be exhausted
[2026-08-22T02:15:41+02:00] IMPORTANT: initial ramp-up starts all slots first; supervisor/replacement starts after initial slots are launched
[2026-08-22T02:15:41+02:00] IMPORTANT: VPA hard reset is executed once before all scenarios
[2026-08-22T02:15:41+02:00] IMPORTANT: after VPA restart there is no fixed sleep; script waits until UPF request_cpu equals idle value 25m before traffic
[2026-08-22T02:15:41+02:00] IMPORTANT: UPF/VPA control monitor logs request changes, VPA recommendation changes, current usage and previous 5s sample every 1s
[2026-08-22T02:15:41+02:00] IMPORTANT: Metrics are still collected externally by Prometheus and Grafana
[2026-08-22T02:15:41+02:00] Pre-checks END timestamp=2026-08-22T02:15:41+02:00
[2026-08-22T02:15:41+02:00] ================================================================
[2026-08-22T02:15:41+02:00] VPA HARD RESET START label=before_test_run timestamp=2026-08-22T02:15:41+02:00
[2026-08-22T02:15:41+02:00] ================================================================
[2026-08-22T02:15:41+02:00] UPF_REQUEST_BASELINE_BEFORE_VPA_RESET timestamp=2026-08-22T02:15:41+02:00 pod=open5gs-upf-5b9db6d44-nsbqz request_cpu=587m request_mem=250Mi limit_cpu=none limit_mem=none
[2026-08-22T02:15:41+02:00] Scaling vpa-recommender to 0 timestamp=2026-08-22T02:15:41+02:00
[2026-08-22T02:15:42+02:00] Waiting until vpa-recommender pod is fully removed timestamp=2026-08-22T02:15:42+02:00
[2026-08-22T02:15:42+02:00] Waiting for vpa-recommender pod deletion timestamp=2026-08-22T02:15:42+02:00
[2026-08-22T02:15:44+02:00] Deleting all VPA checkpoints in namespace=default timestamp=2026-08-22T02:15:44+02:00
[2026-08-22T02:15:45+02:00] Current VPA checkpoints after delete timestamp=2026-08-22T02:15:45+02:00:
[2026-08-22T02:15:45+02:00] No resources found in default namespace.
[2026-08-22T02:15:45+02:00] Scaling vpa-recommender back to 1 timestamp=2026-08-22T02:15:45+02:00
[2026-08-22T02:15:47+02:00] Fixed post-reset sleep skipped timestamp=2026-08-22T02:15:47+02:00; request-change wait will run before scenarios
[2026-08-22T02:15:47+02:00] VPA status immediately after recommender restart timestamp=2026-08-22T02:15:47+02:00:
[2026-08-22T02:15:47+02:00] Recommendation:
[2026-08-22T02:15:47+02:00] Container Recommendations:
[2026-08-22T02:15:47+02:00] Container Name:  open5gs-upf
[2026-08-22T02:15:47+02:00] Lower Bound:
[2026-08-22T02:15:48+02:00] Cpu:     245m
[2026-08-22T02:15:48+02:00] Memory:  250Mi
[2026-08-22T02:15:48+02:00] Target:
[2026-08-22T02:15:48+02:00] Cpu:     627m
[2026-08-22T02:15:48+02:00] Memory:  250Mi
[2026-08-22T02:15:48+02:00] Uncapped Target:
[2026-08-22T02:15:48+02:00] Cpu:     627m
[2026-08-22T02:15:48+02:00] Memory:  250Mi
[2026-08-22T02:15:48+02:00] Upper Bound:
[2026-08-22T02:15:48+02:00] Cpu:     1500m
[2026-08-22T02:15:48+02:00] Memory:  512Mi
[2026-08-22T02:15:48+02:00] Events:          <none>
[2026-08-22T02:15:48+02:00] VPA checkpoints after recommender restart timestamp=2026-08-22T02:15:48+02:00:
[2026-08-22T02:15:48+02:00] No resources found in default namespace.
[2026-08-22T02:15:48+02:00] ================================================================
[2026-08-22T02:15:48+02:00] VPA HARD RESET END label=before_test_run timestamp=2026-08-22T02:15:48+02:00
[2026-08-22T02:15:48+02:00] ================================================================
[2026-08-22T02:15:48+02:00] UPF_CONTROL_MONITOR_START timestamp=2026-08-22T02:15:48+02:00 pid=635505 interval_s=1
[2026-08-22T02:15:48+02:00] UPF_IDLE_REQUEST_WAIT_START timestamp=2026-08-22T02:15:48+02:00 baseline='request_cpu=587m request_mem=250Mi limit_cpu=none limit_mem=none' expected_request_cpu=25m timeout_s=180 interval_s=1
[2026-08-22T02:15:49+02:00] UPF_REQUEST_OBSERVED timestamp=2026-08-22T02:15:48+02:00 scenario=vpa_idle_request_wait pod=open5gs-upf-5b9db6d44-nsbqz uid=7b5b8ef7-a2a2-4fe9-a3e1-74acd17bd88f restarts=6 request_cpu=587m request_mem=250Mi limit_cpu=none limit_mem=none current_sample='timestamp=2026-08-22T02:15:48+02:00 scenario=vpa_idle_request_wait pod=open5gs-upf-5b9db6d44-nsbqz uid=7b5b8ef7-a2a2-4fe9-a3e1-74acd17bd88f restarts=6 usage_cpu=12m usage_mem=38Mi request_cpu=587m request_mem=250Mi limit_cpu=none limit_mem=none vpa_target_cpu=627m vpa_target_mem=250Mi vpa_uncapped_cpu=627m vpa_uncapped_mem=250Mi vpa_lower_cpu=245m vpa_lower_mem=250Mi vpa_upper_cpu=1500m vpa_upper_mem=512Mi'
[2026-08-22T02:15:49+02:00] VPA_RECOMMENDATION_OBSERVED timestamp=2026-08-22T02:15:48+02:00 scenario=vpa_idle_request_wait vpa_target_cpu=627m vpa_target_mem=250Mi vpa_uncapped_cpu=627m vpa_uncapped_mem=250Mi vpa_lower_cpu=245m vpa_lower_mem=250Mi vpa_upper_cpu=1500m vpa_upper_mem=512Mi current_sample='timestamp=2026-08-22T02:15:48+02:00 scenario=vpa_idle_request_wait pod=open5gs-upf-5b9db6d44-nsbqz uid=7b5b8ef7-a2a2-4fe9-a3e1-74acd17bd88f restarts=6 usage_cpu=12m usage_mem=38Mi request_cpu=587m request_mem=250Mi limit_cpu=none limit_mem=none vpa_target_cpu=627m vpa_target_mem=250Mi vpa_uncapped_cpu=627m vpa_uncapped_mem=250Mi vpa_lower_cpu=245m vpa_lower_mem=250Mi vpa_upper_cpu=1500m vpa_upper_mem=512Mi'
[2026-08-22T02:15:49+02:00] UPF_CONTROL_SAMPLE timestamp=2026-08-22T02:15:48+02:00 scenario=vpa_idle_request_wait pod=open5gs-upf-5b9db6d44-nsbqz uid=7b5b8ef7-a2a2-4fe9-a3e1-74acd17bd88f restarts=6 usage_cpu=12m usage_mem=38Mi request_cpu=587m request_mem=250Mi limit_cpu=none limit_mem=none vpa_target_cpu=627m vpa_target_mem=250Mi vpa_uncapped_cpu=627m vpa_uncapped_mem=250Mi vpa_lower_cpu=245m vpa_lower_mem=250Mi vpa_upper_cpu=1500m vpa_upper_mem=512Mi
[2026-08-22T02:15:52+02:00] UPF_CONTROL_SAMPLE timestamp=2026-08-22T02:15:50+02:00 scenario=vpa_idle_request_wait pod=open5gs-upf-5b9db6d44-nsbqz uid=7b5b8ef7-a2a2-4fe9-a3e1-74acd17bd88f restarts=6 usage_cpu=12m usage_mem=38Mi request_cpu=587m request_mem=250Mi limit_cpu=none limit_mem=none vpa_target_cpu=627m vpa_target_mem=250Mi vpa_uncapped_cpu=627m vpa_uncapped_mem=250Mi vpa_lower_cpu=245m vpa_lower_mem=250Mi vpa_upper_cpu=1500m vpa_upper_mem=512Mi
[2026-08-22T02:15:54+02:00] UPF_CONTROL_SAMPLE timestamp=2026-08-22T02:15:53+02:00 scenario=vpa_idle_request_wait pod=open5gs-upf-5b9db6d44-nsbqz uid=7b5b8ef7-a2a2-4fe9-a3e1-74acd17bd88f restarts=6 usage_cpu=12m usage_mem=38Mi request_cpu=587m request_mem=250Mi limit_cpu=none limit_mem=none vpa_target_cpu=627m vpa_target_mem=250Mi vpa_uncapped_cpu=627m vpa_uncapped_mem=250Mi vpa_lower_cpu=245m vpa_lower_mem=250Mi vpa_upper_cpu=1500m vpa_upper_mem=512Mi
[2026-08-22T02:15:57+02:00] UPF_CONTROL_SAMPLE timestamp=2026-08-22T02:15:55+02:00 scenario=vpa_idle_request_wait pod=open5gs-upf-5b9db6d44-nsbqz uid=7b5b8ef7-a2a2-4fe9-a3e1-74acd17bd88f restarts=6 usage_cpu=6m usage_mem=38Mi request_cpu=587m request_mem=250Mi limit_cpu=none limit_mem=none vpa_target_cpu=627m vpa_target_mem=250Mi vpa_uncapped_cpu=627m vpa_uncapped_mem=250Mi vpa_lower_cpu=245m vpa_lower_mem=250Mi vpa_upper_cpu=1500m vpa_upper_mem=512Mi
[2026-08-22T02:15:59+02:00] UPF_CONTROL_SAMPLE timestamp=2026-08-22T02:15:58+02:00 scenario=vpa_idle_request_wait pod=open5gs-upf-5b9db6d44-nsbqz uid=7b5b8ef7-a2a2-4fe9-a3e1-74acd17bd88f restarts=6 usage_cpu=6m usage_mem=38Mi request_cpu=587m request_mem=250Mi limit_cpu=none limit_mem=none vpa_target_cpu=627m vpa_target_mem=250Mi vpa_uncapped_cpu=627m vpa_uncapped_mem=250Mi vpa_lower_cpu=245m vpa_lower_mem=250Mi vpa_upper_cpu=1500m vpa_upper_mem=512Mi
[2026-08-22T02:16:01+02:00] UPF_CONTROL_SAMPLE timestamp=2026-08-22T02:16:00+02:00 scenario=vpa_idle_request_wait pod=open5gs-upf-5b9db6d44-nsbqz uid=7b5b8ef7-a2a2-4fe9-a3e1-74acd17bd88f restarts=6 usage_cpu=6m usage_mem=38Mi request_cpu=587m request_mem=250Mi limit_cpu=none limit_mem=none vpa_target_cpu=627m vpa_target_mem=250Mi vpa_uncapped_cpu=627m vpa_uncapped_mem=250Mi vpa_lower_cpu=245m vpa_lower_mem=250Mi vpa_upper_cpu=1500m vpa_upper_mem=512Mi
[2026-08-22T02:16:04+02:00] UPF_CONTROL_SAMPLE timestamp=2026-08-22T02:16:02+02:00 scenario=vpa_idle_request_wait pod=open5gs-upf-5b9db6d44-nsbqz uid=7b5b8ef7-a2a2-4fe9-a3e1-74acd17bd88f restarts=6 usage_cpu=6m usage_mem=38Mi request_cpu=587m request_mem=250Mi limit_cpu=none limit_mem=none vpa_target_cpu=627m vpa_target_mem=250Mi vpa_uncapped_cpu=627m vpa_uncapped_mem=250Mi vpa_lower_cpu=245m vpa_lower_mem=250Mi vpa_upper_cpu=1500m vpa_upper_mem=512Mi
[2026-08-22T02:16:06+02:00] UPF_CONTROL_SAMPLE timestamp=2026-08-22T02:16:05+02:00 scenario=vpa_idle_request_wait pod=open5gs-upf-5b9db6d44-nsbqz uid=7b5b8ef7-a2a2-4fe9-a3e1-74acd17bd88f restarts=6 usage_cpu=6m usage_mem=38Mi request_cpu=587m request_mem=250Mi limit_cpu=none limit_mem=none vpa_target_cpu=627m vpa_target_mem=250Mi vpa_uncapped_cpu=627m vpa_uncapped_mem=250Mi vpa_lower_cpu=245m vpa_lower_mem=250Mi vpa_upper_cpu=1500m vpa_upper_mem=512Mi
[2026-08-22T02:16:08+02:00] UPF_IDLE_REQUEST_WAIT_PROGRESS timestamp=2026-08-22T02:16:08+02:00 elapsed_s=20 expected_request_cpu=25m baseline='request_cpu=587m request_mem=250Mi limit_cpu=none limit_mem=none' current='request_cpu=587m request_mem=250Mi limit_cpu=none limit_mem=none' request_cpu=587m pod=open5gs-upf-5b9db6d44-nsbqz usage_cpu=6m usage_mem=38Mi vpa_target_cpu=627m vpa_target_mem=250Mi vpa_uncapped_cpu=627m vpa_uncapped_mem=250Mi vpa_lower_cpu=245m vpa_lower_mem=250Mi vpa_upper_cpu=1500m vpa_upper_mem=512Mi
[2026-08-22T02:16:08+02:00] UPF_CONTROL_SAMPLE timestamp=2026-08-22T02:16:07+02:00 scenario=vpa_idle_request_wait pod=open5gs-upf-5b9db6d44-nsbqz uid=7b5b8ef7-a2a2-4fe9-a3e1-74acd17bd88f restarts=6 usage_cpu=6m usage_mem=38Mi request_cpu=587m request_mem=250Mi limit_cpu=none limit_mem=none vpa_target_cpu=627m vpa_target_mem=250Mi vpa_uncapped_cpu=627m vpa_uncapped_mem=250Mi vpa_lower_cpu=245m vpa_lower_mem=250Mi vpa_upper_cpu=1500m vpa_upper_mem=512Mi
[2026-08-22T02:16:11+02:00] UPF_CONTROL_SAMPLE timestamp=2026-08-22T02:16:09+02:00 scenario=vpa_idle_request_wait pod=open5gs-upf-5b9db6d44-nsbqz uid=7b5b8ef7-a2a2-4fe9-a3e1-74acd17bd88f restarts=6 usage_cpu=1m usage_mem=38Mi request_cpu=587m request_mem=250Mi limit_cpu=none limit_mem=none vpa_target_cpu=627m vpa_target_mem=250Mi vpa_uncapped_cpu=627m vpa_uncapped_mem=250Mi vpa_lower_cpu=245m vpa_lower_mem=250Mi vpa_upper_cpu=1500m vpa_upper_mem=512Mi
[2026-08-22T02:16:13+02:00] UPF_CONTROL_SAMPLE timestamp=2026-08-22T02:16:12+02:00 scenario=vpa_idle_request_wait pod=open5gs-upf-5b9db6d44-nsbqz uid=7b5b8ef7-a2a2-4fe9-a3e1-74acd17bd88f restarts=6 usage_cpu=1m usage_mem=38Mi request_cpu=587m request_mem=250Mi limit_cpu=none limit_mem=none vpa_target_cpu=627m vpa_target_mem=250Mi vpa_uncapped_cpu=627m vpa_uncapped_mem=250Mi vpa_lower_cpu=245m vpa_lower_mem=250Mi vpa_upper_cpu=1500m vpa_upper_mem=512Mi
[2026-08-22T02:16:17+02:00] UPF_CONTROL_SAMPLE timestamp=2026-08-22T02:16:14+02:00 scenario=vpa_idle_request_wait pod=open5gs-upf-5b9db6d44-nsbqz uid=7b5b8ef7-a2a2-4fe9-a3e1-74acd17bd88f restarts=6 usage_cpu=1m usage_mem=38Mi request_cpu=587m request_mem=250Mi limit_cpu=none limit_mem=none vpa_target_cpu=627m vpa_target_mem=250Mi vpa_uncapped_cpu=627m vpa_uncapped_mem=250Mi vpa_lower_cpu=245m vpa_lower_mem=250Mi vpa_upper_cpu=1500m vpa_upper_mem=512Mi
[2026-08-22T02:16:19+02:00] UPF_CONTROL_SAMPLE timestamp=2026-08-22T02:16:18+02:00 scenario=vpa_idle_request_wait pod=open5gs-upf-5b9db6d44-nsbqz uid=7b5b8ef7-a2a2-4fe9-a3e1-74acd17bd88f restarts=6 usage_cpu=1m usage_mem=38Mi request_cpu=587m request_mem=250Mi limit_cpu=none limit_mem=none vpa_target_cpu=627m vpa_target_mem=250Mi vpa_uncapped_cpu=627m vpa_uncapped_mem=250Mi vpa_lower_cpu=245m vpa_lower_mem=250Mi vpa_upper_cpu=1500m vpa_upper_mem=512Mi
[2026-08-22T02:16:21+02:00] UPF_CONTROL_SAMPLE timestamp=2026-08-22T02:16:20+02:00 scenario=vpa_idle_request_wait pod=open5gs-upf-5b9db6d44-nsbqz uid=7b5b8ef7-a2a2-4fe9-a3e1-74acd17bd88f restarts=6 usage_cpu=1m usage_mem=38Mi request_cpu=587m request_mem=250Mi limit_cpu=none limit_mem=none vpa_target_cpu=627m vpa_target_mem=250Mi vpa_uncapped_cpu=627m vpa_uncapped_mem=250Mi vpa_lower_cpu=245m vpa_lower_mem=250Mi vpa_upper_cpu=1500m vpa_upper_mem=512Mi
[2026-08-22T02:16:24+02:00] UPF_CONTROL_SAMPLE timestamp=2026-08-22T02:16:22+02:00 scenario=vpa_idle_request_wait pod=open5gs-upf-5b9db6d44-nsbqz uid=7b5b8ef7-a2a2-4fe9-a3e1-74acd17bd88f restarts=6 usage_cpu=1m usage_mem=38Mi request_cpu=587m request_mem=250Mi limit_cpu=none limit_mem=none vpa_target_cpu=627m vpa_target_mem=250Mi vpa_uncapped_cpu=627m vpa_uncapped_mem=250Mi vpa_lower_cpu=245m vpa_lower_mem=250Mi vpa_upper_cpu=1500m vpa_upper_mem=512Mi
[2026-08-22T02:16:26+02:00] UPF_CONTROL_SAMPLE timestamp=2026-08-22T02:16:25+02:00 scenario=vpa_idle_request_wait pod=open5gs-upf-5b9db6d44-nsbqz uid=7b5b8ef7-a2a2-4fe9-a3e1-74acd17bd88f restarts=6 usage_cpu=1m usage_mem=38Mi request_cpu=587m request_mem=250Mi limit_cpu=none limit_mem=none vpa_target_cpu=627m vpa_target_mem=250Mi vpa_uncapped_cpu=627m vpa_uncapped_mem=250Mi vpa_lower_cpu=245m vpa_lower_mem=250Mi vpa_upper_cpu=1500m vpa_upper_mem=512Mi
[2026-08-22T02:16:28+02:00] UPF_CONTROL_SAMPLE timestamp=2026-08-22T02:16:27+02:00 scenario=vpa_idle_request_wait pod=open5gs-upf-5b9db6d44-nsbqz uid=7b5b8ef7-a2a2-4fe9-a3e1-74acd17bd88f restarts=6 usage_cpu=1m usage_mem=38Mi request_cpu=587m request_mem=250Mi limit_cpu=none limit_mem=none vpa_target_cpu=627m vpa_target_mem=250Mi vpa_uncapped_cpu=627m vpa_uncapped_mem=250Mi vpa_lower_cpu=245m vpa_lower_mem=250Mi vpa_upper_cpu=1500m vpa_upper_mem=512Mi
[2026-08-22T02:16:31+02:00] UPF_CONTROL_SAMPLE timestamp=2026-08-22T02:16:29+02:00 scenario=vpa_idle_request_wait pod=open5gs-upf-5b9db6d44-nsbqz uid=7b5b8ef7-a2a2-4fe9-a3e1-74acd17bd88f restarts=6 usage_cpu=1m usage_mem=38Mi request_cpu=587m request_mem=250Mi limit_cpu=none limit_mem=none vpa_target_cpu=627m vpa_target_mem=250Mi vpa_uncapped_cpu=627m vpa_uncapped_mem=250Mi vpa_lower_cpu=245m vpa_lower_mem=250Mi vpa_upper_cpu=1500m vpa_upper_mem=512Mi
[2026-08-22T02:16:33+02:00] UPF_CONTROL_SAMPLE timestamp=2026-08-22T02:16:32+02:00 scenario=vpa_idle_request_wait pod=open5gs-upf-5b9db6d44-nsbqz uid=7b5b8ef7-a2a2-4fe9-a3e1-74acd17bd88f restarts=6 usage_cpu=1m usage_mem=38Mi request_cpu=587m request_mem=250Mi limit_cpu=none limit_mem=none vpa_target_cpu=627m vpa_target_mem=250Mi vpa_uncapped_cpu=627m vpa_uncapped_mem=250Mi vpa_lower_cpu=245m vpa_lower_mem=250Mi vpa_upper_cpu=1500m vpa_upper_mem=512Mi
[2026-08-22T02:16:36+02:00] UPF_CONTROL_SAMPLE timestamp=2026-08-22T02:16:34+02:00 scenario=vpa_idle_request_wait pod=open5gs-upf-5b9db6d44-nsbqz uid=7b5b8ef7-a2a2-4fe9-a3e1-74acd17bd88f restarts=6 usage_cpu=1m usage_mem=38Mi request_cpu=587m request_mem=250Mi limit_cpu=none limit_mem=none vpa_target_cpu=627m vpa_target_mem=250Mi vpa_uncapped_cpu=627m vpa_uncapped_mem=250Mi vpa_lower_cpu=245m vpa_lower_mem=250Mi vpa_upper_cpu=1500m vpa_upper_mem=512Mi
[2026-08-22T02:16:39+02:00] UPF_CONTROL_SAMPLE timestamp=2026-08-22T02:16:37+02:00 scenario=vpa_idle_request_wait pod=open5gs-upf-5b9db6d44-nsbqz uid=7b5b8ef7-a2a2-4fe9-a3e1-74acd17bd88f restarts=6 usage_cpu=1m usage_mem=38Mi request_cpu=587m request_mem=250Mi limit_cpu=none limit_mem=none vpa_target_cpu=627m vpa_target_mem=250Mi vpa_uncapped_cpu=627m vpa_uncapped_mem=250Mi vpa_lower_cpu=245m vpa_lower_mem=250Mi vpa_upper_cpu=1500m vpa_upper_mem=512Mi
[2026-08-22T02:16:41+02:00] UPF_CONTROL_SAMPLE timestamp=2026-08-22T02:16:40+02:00 scenario=vpa_idle_request_wait pod=open5gs-upf-5b9db6d44-nsbqz uid=7b5b8ef7-a2a2-4fe9-a3e1-74acd17bd88f restarts=6 usage_cpu=1m usage_mem=38Mi request_cpu=587m request_mem=250Mi limit_cpu=none limit_mem=none vpa_target_cpu=627m vpa_target_mem=250Mi vpa_uncapped_cpu=627m vpa_uncapped_mem=250Mi vpa_lower_cpu=245m vpa_lower_mem=250Mi vpa_upper_cpu=1500m vpa_upper_mem=512Mi
[2026-08-22T02:16:44+02:00] UPF_CONTROL_SAMPLE timestamp=2026-08-22T02:16:42+02:00 scenario=vpa_idle_request_wait pod=open5gs-upf-5b9db6d44-nsbqz uid=7b5b8ef7-a2a2-4fe9-a3e1-74acd17bd88f restarts=6 usage_cpu=1m usage_mem=38Mi request_cpu=587m request_mem=250Mi limit_cpu=none limit_mem=none vpa_target_cpu=627m vpa_target_mem=250Mi vpa_uncapped_cpu=627m vpa_uncapped_mem=250Mi vpa_lower_cpu=245m vpa_lower_mem=250Mi vpa_upper_cpu=1500m vpa_upper_mem=512Mi
[2026-08-22T02:16:46+02:00] UPF_CONTROL_SAMPLE timestamp=2026-08-22T02:16:45+02:00 scenario=vpa_idle_request_wait pod=open5gs-upf-5b9db6d44-nsbqz uid=7b5b8ef7-a2a2-4fe9-a3e1-74acd17bd88f restarts=6 usage_cpu=1m usage_mem=38Mi request_cpu=587m request_mem=250Mi limit_cpu=none limit_mem=none vpa_target_cpu=627m vpa_target_mem=250Mi vpa_uncapped_cpu=627m vpa_uncapped_mem=250Mi vpa_lower_cpu=245m vpa_lower_mem=250Mi vpa_upper_cpu=1500m vpa_upper_mem=512Mi
[2026-08-22T02:16:49+02:00] VPA_RECOMMENDATION_CHANGE timestamp=2026-08-22T02:16:47+02:00 scenario=vpa_idle_request_wait old='vpa_target_cpu=627m vpa_target_mem=250Mi vpa_uncapped_cpu=627m vpa_uncapped_mem=250Mi vpa_lower_cpu=245m vpa_lower_mem=250Mi vpa_upper_cpu=1500m vpa_upper_mem=512Mi' new='vpa_target_cpu=25m vpa_target_mem=250Mi vpa_uncapped_cpu=25m vpa_uncapped_mem=250Mi vpa_lower_cpu=25m vpa_lower_mem=250Mi vpa_upper_cpu=1500m vpa_upper_mem=512Mi' previous_5s_sample='timestamp=2026-08-22T02:16:42+02:00 scenario=vpa_idle_request_wait pod=open5gs-upf-5b9db6d44-nsbqz uid=7b5b8ef7-a2a2-4fe9-a3e1-74acd17bd88f restarts=6 usage_cpu=1m usage_mem=38Mi request_cpu=587m request_mem=250Mi limit_cpu=none limit_mem=none vpa_target_cpu=627m vpa_target_mem=250Mi vpa_uncapped_cpu=627m vpa_uncapped_mem=250Mi vpa_lower_cpu=245m vpa_lower_mem=250Mi vpa_upper_cpu=1500m vpa_upper_mem=512Mi' current_sample='timestamp=2026-08-22T02:16:47+02:00 scenario=vpa_idle_request_wait pod=open5gs-upf-5b9db6d44-nsbqz uid=7b5b8ef7-a2a2-4fe9-a3e1-74acd17bd88f restarts=6 usage_cpu=1m usage_mem=38Mi request_cpu=587m request_mem=250Mi limit_cpu=none limit_mem=none vpa_target_cpu=25m vpa_target_mem=250Mi vpa_uncapped_cpu=25m vpa_uncapped_mem=250Mi vpa_lower_cpu=25m vpa_lower_mem=250Mi vpa_upper_cpu=1500m vpa_upper_mem=512Mi'
[2026-08-22T02:16:49+02:00] UPF_CONTROL_SAMPLE timestamp=2026-08-22T02:16:47+02:00 scenario=vpa_idle_request_wait pod=open5gs-upf-5b9db6d44-nsbqz uid=7b5b8ef7-a2a2-4fe9-a3e1-74acd17bd88f restarts=6 usage_cpu=1m usage_mem=38Mi request_cpu=587m request_mem=250Mi limit_cpu=none limit_mem=none vpa_target_cpu=25m vpa_target_mem=250Mi vpa_uncapped_cpu=25m vpa_uncapped_mem=250Mi vpa_lower_cpu=25m vpa_lower_mem=250Mi vpa_upper_cpu=1500m vpa_upper_mem=512Mi
[2026-08-22T02:16:51+02:00] UPF_CONTROL_SAMPLE timestamp=2026-08-22T02:16:50+02:00 scenario=vpa_idle_request_wait pod=open5gs-upf-5b9db6d44-nsbqz uid=7b5b8ef7-a2a2-4fe9-a3e1-74acd17bd88f restarts=6 usage_cpu=1m usage_mem=38Mi request_cpu=587m request_mem=250Mi limit_cpu=none limit_mem=none vpa_target_cpu=25m vpa_target_mem=250Mi vpa_uncapped_cpu=25m vpa_uncapped_mem=250Mi vpa_lower_cpu=25m vpa_lower_mem=250Mi vpa_upper_cpu=1500m vpa_upper_mem=512Mi
[2026-08-22T02:16:54+02:00] UPF_CONTROL_SAMPLE timestamp=2026-08-22T02:16:52+02:00 scenario=vpa_idle_request_wait pod=open5gs-upf-5b9db6d44-nsbqz uid=7b5b8ef7-a2a2-4fe9-a3e1-74acd17bd88f restarts=6 usage_cpu=1m usage_mem=38Mi request_cpu=587m request_mem=250Mi limit_cpu=none limit_mem=none vpa_target_cpu=25m vpa_target_mem=250Mi vpa_uncapped_cpu=25m vpa_uncapped_mem=250Mi vpa_lower_cpu=25m vpa_lower_mem=250Mi vpa_upper_cpu=1500m vpa_upper_mem=512Mi
[2026-08-22T02:16:56+02:00] UPF_CONTROL_SAMPLE timestamp=2026-08-22T02:16:55+02:00 scenario=vpa_idle_request_wait pod=open5gs-upf-5b9db6d44-nsbqz uid=7b5b8ef7-a2a2-4fe9-a3e1-74acd17bd88f restarts=6 usage_cpu=1m usage_mem=38Mi request_cpu=587m request_mem=250Mi limit_cpu=none limit_mem=none vpa_target_cpu=25m vpa_target_mem=250Mi vpa_uncapped_cpu=25m vpa_uncapped_mem=250Mi vpa_lower_cpu=25m vpa_lower_mem=250Mi vpa_upper_cpu=1500m vpa_upper_mem=512Mi
[2026-08-22T02:16:58+02:00] UPF_CONTROL_SAMPLE timestamp=2026-08-22T02:16:57+02:00 scenario=vpa_idle_request_wait pod=open5gs-upf-5b9db6d44-nsbqz uid=7b5b8ef7-a2a2-4fe9-a3e1-74acd17bd88f restarts=6 usage_cpu=1m usage_mem=38Mi request_cpu=587m request_mem=250Mi limit_cpu=none limit_mem=none vpa_target_cpu=25m vpa_target_mem=250Mi vpa_uncapped_cpu=25m vpa_uncapped_mem=250Mi vpa_lower_cpu=25m vpa_lower_mem=250Mi vpa_upper_cpu=1500m vpa_upper_mem=512Mi
[2026-08-22T02:17:01+02:00] UPF_CONTROL_SAMPLE timestamp=2026-08-22T02:16:59+02:00 scenario=vpa_idle_request_wait pod=open5gs-upf-5b9db6d44-nsbqz uid=7b5b8ef7-a2a2-4fe9-a3e1-74acd17bd88f restarts=6 usage_cpu=1m usage_mem=38Mi request_cpu=587m request_mem=250Mi limit_cpu=none limit_mem=none vpa_target_cpu=25m vpa_target_mem=250Mi vpa_uncapped_cpu=25m vpa_uncapped_mem=250Mi vpa_lower_cpu=25m vpa_lower_mem=250Mi vpa_upper_cpu=1500m vpa_upper_mem=512Mi
[2026-08-22T02:17:03+02:00] UPF_CONTROL_SAMPLE timestamp=2026-08-22T02:17:02+02:00 scenario=vpa_idle_request_wait pod=open5gs-upf-5b9db6d44-nsbqz uid=7b5b8ef7-a2a2-4fe9-a3e1-74acd17bd88f restarts=6 usage_cpu=1m usage_mem=38Mi request_cpu=587m request_mem=250Mi limit_cpu=none limit_mem=none vpa_target_cpu=25m vpa_target_mem=250Mi vpa_uncapped_cpu=25m vpa_uncapped_mem=250Mi vpa_lower_cpu=25m vpa_lower_mem=250Mi vpa_upper_cpu=1500m vpa_upper_mem=512Mi
[2026-08-22T02:17:06+02:00] UPF_CONTROL_SAMPLE timestamp=2026-08-22T02:17:04+02:00 scenario=vpa_idle_request_wait pod=open5gs-upf-5b9db6d44-nsbqz uid=7b5b8ef7-a2a2-4fe9-a3e1-74acd17bd88f restarts=6 usage_cpu=1m usage_mem=38Mi request_cpu=587m request_mem=250Mi limit_cpu=none limit_mem=none vpa_target_cpu=25m vpa_target_mem=250Mi vpa_uncapped_cpu=25m vpa_uncapped_mem=250Mi vpa_lower_cpu=25m vpa_lower_mem=250Mi vpa_upper_cpu=1500m vpa_upper_mem=512Mi
[2026-08-22T02:17:08+02:00] UPF_IDLE_REQUEST_WAIT_PROGRESS timestamp=2026-08-22T02:17:08+02:00 elapsed_s=80 expected_request_cpu=25m baseline='request_cpu=587m request_mem=250Mi limit_cpu=none limit_mem=none' current='request_cpu=587m request_mem=250Mi limit_cpu=none limit_mem=none' request_cpu=587m pod=open5gs-upf-5b9db6d44-nsbqz usage_cpu=1m usage_mem=38Mi vpa_target_cpu=25m vpa_target_mem=250Mi vpa_uncapped_cpu=25m vpa_uncapped_mem=250Mi vpa_lower_cpu=25m vpa_lower_mem=250Mi vpa_upper_cpu=1500m vpa_upper_mem=512Mi
[2026-08-22T02:17:08+02:00] UPF_CONTROL_SAMPLE timestamp=2026-08-22T02:17:07+02:00 scenario=vpa_idle_request_wait pod=open5gs-upf-5b9db6d44-nsbqz uid=7b5b8ef7-a2a2-4fe9-a3e1-74acd17bd88f restarts=6 usage_cpu=1m usage_mem=38Mi request_cpu=587m request_mem=250Mi limit_cpu=none limit_mem=none vpa_target_cpu=25m vpa_target_mem=250Mi vpa_uncapped_cpu=25m vpa_uncapped_mem=250Mi vpa_lower_cpu=25m vpa_lower_mem=250Mi vpa_upper_cpu=1500m vpa_upper_mem=512Mi
[2026-08-22T02:17:11+02:00] UPF_CONTROL_SAMPLE timestamp=2026-08-22T02:17:09+02:00 scenario=vpa_idle_request_wait pod=open5gs-upf-5b9db6d44-nsbqz uid=7b5b8ef7-a2a2-4fe9-a3e1-74acd17bd88f restarts=6 usage_cpu=1m usage_mem=38Mi request_cpu=587m request_mem=250Mi limit_cpu=none limit_mem=none vpa_target_cpu=25m vpa_target_mem=250Mi vpa_uncapped_cpu=25m vpa_uncapped_mem=250Mi vpa_lower_cpu=25m vpa_lower_mem=250Mi vpa_upper_cpu=1500m vpa_upper_mem=512Mi
[2026-08-22T02:17:13+02:00] UPF_CONTROL_SAMPLE timestamp=2026-08-22T02:17:12+02:00 scenario=vpa_idle_request_wait pod=open5gs-upf-5b9db6d44-nsbqz uid=7b5b8ef7-a2a2-4fe9-a3e1-74acd17bd88f restarts=6 usage_cpu=1m usage_mem=38Mi request_cpu=587m request_mem=250Mi limit_cpu=none limit_mem=none vpa_target_cpu=25m vpa_target_mem=250Mi vpa_uncapped_cpu=25m vpa_uncapped_mem=250Mi vpa_lower_cpu=25m vpa_lower_mem=250Mi vpa_upper_cpu=1500m vpa_upper_mem=512Mi
[2026-08-22T02:17:16+02:00] UPF_CONTROL_SAMPLE timestamp=2026-08-22T02:17:14+02:00 scenario=vpa_idle_request_wait pod=open5gs-upf-5b9db6d44-nsbqz uid=7b5b8ef7-a2a2-4fe9-a3e1-74acd17bd88f restarts=6 usage_cpu=1m usage_mem=38Mi request_cpu=587m request_mem=250Mi limit_cpu=none limit_mem=none vpa_target_cpu=25m vpa_target_mem=250Mi vpa_uncapped_cpu=25m vpa_uncapped_mem=250Mi vpa_lower_cpu=25m vpa_lower_mem=250Mi vpa_upper_cpu=1500m vpa_upper_mem=512Mi
[2026-08-22T02:17:18+02:00] UPF_CONTROL_SAMPLE timestamp=2026-08-22T02:17:17+02:00 scenario=vpa_idle_request_wait pod=open5gs-upf-5b9db6d44-nsbqz uid=7b5b8ef7-a2a2-4fe9-a3e1-74acd17bd88f restarts=6 usage_cpu=1m usage_mem=38Mi request_cpu=587m request_mem=250Mi limit_cpu=none limit_mem=none vpa_target_cpu=25m vpa_target_mem=250Mi vpa_uncapped_cpu=25m vpa_uncapped_mem=250Mi vpa_lower_cpu=25m vpa_lower_mem=250Mi vpa_upper_cpu=1500m vpa_upper_mem=512Mi
[2026-08-22T02:17:18+02:00] UPF_IDLE_REQUEST_WAIT_PROGRESS timestamp=2026-08-22T02:17:18+02:00 elapsed_s=90 expected_request_cpu=25m baseline='request_cpu=587m request_mem=250Mi limit_cpu=none limit_mem=none' current='request_cpu=587m request_mem=250Mi limit_cpu=none limit_mem=none' request_cpu=587m pod=open5gs-upf-5b9db6d44-nsbqz usage_cpu=1m usage_mem=38Mi vpa_target_cpu=25m vpa_target_mem=250Mi vpa_uncapped_cpu=25m vpa_uncapped_mem=250Mi vpa_lower_cpu=25m vpa_lower_mem=250Mi vpa_upper_cpu=1500m vpa_upper_mem=512Mi
[2026-08-22T02:17:20+02:00] UPF_CONTROL_SAMPLE timestamp=2026-08-22T02:17:19+02:00 scenario=vpa_idle_request_wait pod=open5gs-upf-5b9db6d44-nsbqz uid=7b5b8ef7-a2a2-4fe9-a3e1-74acd17bd88f restarts=6 usage_cpu=1m usage_mem=38Mi request_cpu=587m request_mem=250Mi limit_cpu=none limit_mem=none vpa_target_cpu=25m vpa_target_mem=250Mi vpa_uncapped_cpu=25m vpa_uncapped_mem=250Mi vpa_lower_cpu=25m vpa_lower_mem=250Mi vpa_upper_cpu=1500m vpa_upper_mem=512Mi
[2026-08-22T02:17:24+02:00] UPF_CONTROL_SAMPLE timestamp=2026-08-22T02:17:21+02:00 scenario=vpa_idle_request_wait pod=open5gs-upf-5b9db6d44-nsbqz uid=7b5b8ef7-a2a2-4fe9-a3e1-74acd17bd88f restarts=6 usage_cpu=1m usage_mem=38Mi request_cpu=587m request_mem=250Mi limit_cpu=none limit_mem=none vpa_target_cpu=25m vpa_target_mem=250Mi vpa_uncapped_cpu=25m vpa_uncapped_mem=250Mi vpa_lower_cpu=25m vpa_lower_mem=250Mi vpa_upper_cpu=1500m vpa_upper_mem=512Mi
[2026-08-22T02:17:26+02:00] UPF_CONTROL_SAMPLE timestamp=2026-08-22T02:17:25+02:00 scenario=vpa_idle_request_wait pod=open5gs-upf-5b9db6d44-nsbqz uid=7b5b8ef7-a2a2-4fe9-a3e1-74acd17bd88f restarts=6 usage_cpu=1m usage_mem=38Mi request_cpu=587m request_mem=250Mi limit_cpu=none limit_mem=none vpa_target_cpu=25m vpa_target_mem=250Mi vpa_uncapped_cpu=25m vpa_uncapped_mem=250Mi vpa_lower_cpu=25m vpa_lower_mem=250Mi vpa_upper_cpu=1500m vpa_upper_mem=512Mi
[2026-08-22T02:17:26+02:00] UPF_IDLE_REQUEST_WAIT_END timestamp=2026-08-22T02:17:26+02:00 result=idle_request_ready elapsed_s=98 pod=open5gs-upf-5b9db6d44-nsbqz expected_request_cpu=25m baseline='request_cpu=587m request_mem=250Mi limit_cpu=none limit_mem=none' current='request_cpu=25m request_mem=250Mi limit_cpu=none limit_mem=none' usage_cpu=1m usage_mem=38Mi vpa_target_cpu=25m vpa_target_mem=250Mi vpa_uncapped_cpu=25m vpa_uncapped_mem=250Mi vpa_lower_cpu=25m vpa_lower_mem=250Mi vpa_upper_cpu=1500m vpa_upper_mem=512Mi
[2026-08-22T02:17:26+02:00] SCENARIO LOOP START timestamp=2026-08-22T02:17:26+02:00 scenarios="1 3 5 7 9 11 13 15 17 19 21 23 25 27 29 31 33 35"
[2026-08-22T02:17:26+02:00] ================================================================
[2026-08-22T02:17:26+02:00] SCENARIO START timestamp=2026-08-22T02:17:26+02:00 active_ue=1 registered_ue_pool=50 target_host=192.168.1.211 ports=5201-5201 replacement_ports=5251-5265 bitrate_per_ue=1M start_delay=0.05 replacement_min_duration=5 adaptive_extension_max=1
[2026-08-22T02:17:26+02:00] ================================================================
[2026-08-22T02:17:27+02:00] SCENARIO TUNNEL CHECK timestamp=2026-08-22T02:17:27+02:00 active_ue=1 current_tunnels=50 required=50
[2026-08-22T02:17:28+02:00] SCENARIO UPF BEFORE timestamp=2026-08-22T02:17:28+02:00 active_ue=1 pod=open5gs-upf-5b9db6d44-nsbqz uid=7b5b8ef7-a2a2-4fe9-a3e1-74acd17bd88f restarts=6
[2026-08-22T02:17:28+02:00] REMOTE_IPERF_PER_UE_START timestamp=2026-08-22T00:17:28+00:00 active_ues=1 tag=ue_1 iperf_host=192.168.1.211 base_port=5201 replacement_base_port=5251 duration=80 bitrate=1M start_delay=0.05 detection=no_rx_counter connect_timeout_s=4 stall_seconds=5 replacement_limit=15 replacement_min_duration_s=5 adaptive_extension_max_s=1 iperf_exit_grace_s=3 server_busy_port_rebinds=1 late_replacement_after_end=disabled wait_for_iperf_exit=until_timeout global_suspect_policy=soft_reuse ramp_supervision=after_initial_start
[2026-08-22T02:17:28+02:00] UE_POOL_STATUS timestamp=2026-08-22T00:17:28+00:00 active_ues=1 registered_tunnels=50 existing_global_suspect_ues=0 used_ues=0 policy=soft_reuse_global_suspects
[2026-08-22T02:17:28+02:00] UE_SLOT_ASSIGN timestamp=2026-08-22T00:17:28+00:00 active_ues=1 slot=0 ue_idx=0 ue_if=uesimtun0 ue_ip=10.45.1.246 candidate_reused_global_suspect=0
[2026-08-22T02:17:28+02:00] UE_SLOT_START timestamp=2026-08-22T00:17:28+00:00 active_ues=1 slot=0 attempt=1 ue_idx=0 ue_if=uesimtun0 ue_ip=10.45.1.246 target=192.168.1.211:5201 bitrate=1M duration_s=80 planned_end_epoch=1787357928 timeout_s=90 hard_timeout_epoch=1787357943 start_rx_bytes=5797
[2026-08-22T02:17:28+02:00] UE_SLOT_PID timestamp=2026-08-22T00:17:28+00:00 active_ues=1 slot=0 attempt=1 ue_idx=0 pid=922
[2026-08-22T02:17:28+02:00] UPF_REQUEST_CHANGE timestamp=2026-08-22T02:17:27+02:00 scenario=ue_1 pod=open5gs-upf-5b9db6d44-nsbqz uid=7b5b8ef7-a2a2-4fe9-a3e1-74acd17bd88f restarts=6 old='request_cpu=587m request_mem=250Mi limit_cpu=none limit_mem=none' new='request_cpu=25m request_mem=250Mi limit_cpu=none limit_mem=none' previous_5s_sample='timestamp=2026-08-22T02:17:21+02:00 scenario=vpa_idle_request_wait pod=open5gs-upf-5b9db6d44-nsbqz uid=7b5b8ef7-a2a2-4fe9-a3e1-74acd17bd88f restarts=6 usage_cpu=1m usage_mem=38Mi request_cpu=587m request_mem=250Mi limit_cpu=none limit_mem=none vpa_target_cpu=25m vpa_target_mem=250Mi vpa_uncapped_cpu=25m vpa_uncapped_mem=250Mi vpa_lower_cpu=25m vpa_lower_mem=250Mi vpa_upper_cpu=1500m vpa_upper_mem=512Mi' current_sample='timestamp=2026-08-22T02:17:27+02:00 scenario=ue_1 pod=open5gs-upf-5b9db6d44-nsbqz uid=7b5b8ef7-a2a2-4fe9-a3e1-74acd17bd88f restarts=6 usage_cpu=1m usage_mem=38Mi request_cpu=25m request_mem=250Mi limit_cpu=none limit_mem=none vpa_target_cpu=25m vpa_target_mem=250Mi vpa_uncapped_cpu=25m vpa_uncapped_mem=250Mi vpa_lower_cpu=25m vpa_lower_mem=250Mi vpa_upper_cpu=1500m vpa_upper_mem=512Mi'
[2026-08-22T02:17:28+02:00] UPF_CONTROL_SAMPLE timestamp=2026-08-22T02:17:27+02:00 scenario=ue_1 pod=open5gs-upf-5b9db6d44-nsbqz uid=7b5b8ef7-a2a2-4fe9-a3e1-74acd17bd88f restarts=6 usage_cpu=1m usage_mem=38Mi request_cpu=25m request_mem=250Mi limit_cpu=none limit_mem=none vpa_target_cpu=25m vpa_target_mem=250Mi vpa_uncapped_cpu=25m vpa_uncapped_mem=250Mi vpa_lower_cpu=25m vpa_lower_mem=250Mi vpa_upper_cpu=1500m vpa_upper_mem=512Mi
[2026-08-22T02:17:28+02:00] IPERF_MAPPING_SUMMARY timestamp=2026-08-22T00:17:28+00:00 active_ues=1 registered_tunnels=50 initial_ports=5201-5201 replacement_ports=5251-5265 bitrate=1M start_delay=0.05 detection=no_rx_counter replacement_min_duration_s=5 adaptive_extension_max_s=1 iperf_exit_grace_s=3 server_busy_port_rebinds=1 late_replacement_after_end=disabled wait_for_iperf_exit=until_timeout global_suspect_policy=soft_reuse ramp_supervision=after_initial_start
[2026-08-22T02:17:31+02:00] UPF_CONTROL_SAMPLE timestamp=2026-08-22T02:17:29+02:00 scenario=ue_1 pod=open5gs-upf-5b9db6d44-nsbqz uid=7b5b8ef7-a2a2-4fe9-a3e1-74acd17bd88f restarts=6 usage_cpu=1m usage_mem=38Mi request_cpu=25m request_mem=250Mi limit_cpu=none limit_mem=none vpa_target_cpu=25m vpa_target_mem=250Mi vpa_uncapped_cpu=25m vpa_uncapped_mem=250Mi vpa_lower_cpu=25m vpa_lower_mem=250Mi vpa_upper_cpu=1500m vpa_upper_mem=512Mi
[2026-08-22T02:17:33+02:00] UPF_CONTROL_SAMPLE timestamp=2026-08-22T02:17:32+02:00 scenario=ue_1 pod=open5gs-upf-5b9db6d44-nsbqz uid=7b5b8ef7-a2a2-4fe9-a3e1-74acd17bd88f restarts=6 usage_cpu=1m usage_mem=38Mi request_cpu=25m request_mem=250Mi limit_cpu=none limit_mem=none vpa_target_cpu=25m vpa_target_mem=250Mi vpa_uncapped_cpu=25m vpa_uncapped_mem=250Mi vpa_lower_cpu=25m vpa_lower_mem=250Mi vpa_upper_cpu=1500m vpa_upper_mem=512Mi
[2026-08-22T02:17:35+02:00] UPF_CONTROL_SAMPLE timestamp=2026-08-22T02:17:34+02:00 scenario=ue_1 pod=open5gs-upf-5b9db6d44-nsbqz uid=7b5b8ef7-a2a2-4fe9-a3e1-74acd17bd88f restarts=6 usage_cpu=1m usage_mem=38Mi request_cpu=25m request_mem=250Mi limit_cpu=none limit_mem=none vpa_target_cpu=25m vpa_target_mem=250Mi vpa_uncapped_cpu=25m vpa_uncapped_mem=250Mi vpa_lower_cpu=25m vpa_lower_mem=250Mi vpa_upper_cpu=1500m vpa_upper_mem=512Mi
[2026-08-22T02:17:40+02:00] UPF_CONTROL_SAMPLE timestamp=2026-08-22T02:17:36+02:00 scenario=ue_1 pod=open5gs-upf-5b9db6d44-nsbqz uid=7b5b8ef7-a2a2-4fe9-a3e1-74acd17bd88f restarts=6 usage_cpu=6m usage_mem=38Mi request_cpu=25m request_mem=250Mi limit_cpu=none limit_mem=none vpa_target_cpu=25m vpa_target_mem=250Mi vpa_uncapped_cpu=25m vpa_uncapped_mem=250Mi vpa_lower_cpu=25m vpa_lower_mem=250Mi vpa_upper_cpu=1500m vpa_upper_mem=512Mi
[2026-08-22T02:17:43+02:00] UPF_CONTROL_SAMPLE timestamp=2026-08-22T02:17:41+02:00 scenario=ue_1 pod=open5gs-upf-5b9db6d44-nsbqz uid=7b5b8ef7-a2a2-4fe9-a3e1-74acd17bd88f restarts=6 usage_cpu=6m usage_mem=38Mi request_cpu=25m request_mem=250Mi limit_cpu=none limit_mem=none vpa_target_cpu=25m vpa_target_mem=250Mi vpa_uncapped_cpu=25m vpa_uncapped_mem=250Mi vpa_lower_cpu=25m vpa_lower_mem=250Mi vpa_upper_cpu=1500m vpa_upper_mem=512Mi
[2026-08-22T02:17:45+02:00] UPF_CONTROL_SAMPLE timestamp=2026-08-22T02:17:44+02:00 scenario=ue_1 pod=open5gs-upf-5b9db6d44-nsbqz uid=7b5b8ef7-a2a2-4fe9-a3e1-74acd17bd88f restarts=6 usage_cpu=6m usage_mem=38Mi request_cpu=25m request_mem=250Mi limit_cpu=none limit_mem=none vpa_target_cpu=25m vpa_target_mem=250Mi vpa_uncapped_cpu=25m vpa_uncapped_mem=250Mi vpa_lower_cpu=25m vpa_lower_mem=250Mi vpa_upper_cpu=1500m vpa_upper_mem=512Mi
[2026-08-22T02:17:47+02:00] UPF_CONTROL_SAMPLE timestamp=2026-08-22T02:17:46+02:00 scenario=ue_1 pod=open5gs-upf-5b9db6d44-nsbqz uid=7b5b8ef7-a2a2-4fe9-a3e1-74acd17bd88f restarts=6 usage_cpu=6m usage_mem=38Mi request_cpu=25m request_mem=250Mi limit_cpu=none limit_mem=none vpa_target_cpu=25m vpa_target_mem=250Mi vpa_uncapped_cpu=25m vpa_uncapped_mem=250Mi vpa_lower_cpu=25m vpa_lower_mem=250Mi vpa_upper_cpu=1500m vpa_upper_mem=512Mi
[2026-08-22T02:17:49+02:00] UPF_CONTROL_SAMPLE timestamp=2026-08-22T02:17:48+02:00 scenario=ue_1 pod=open5gs-upf-5b9db6d44-nsbqz uid=7b5b8ef7-a2a2-4fe9-a3e1-74acd17bd88f restarts=6 usage_cpu=6m usage_mem=38Mi request_cpu=25m request_mem=250Mi limit_cpu=none limit_mem=none vpa_target_cpu=25m vpa_target_mem=250Mi vpa_uncapped_cpu=25m vpa_uncapped_mem=250Mi vpa_lower_cpu=25m vpa_lower_mem=250Mi vpa_upper_cpu=1500m vpa_upper_mem=512Mi
[2026-08-22T02:17:51+02:00] UPF_CONTROL_SAMPLE timestamp=2026-08-22T02:17:50+02:00 scenario=ue_1 pod=open5gs-upf-5b9db6d44-nsbqz uid=7b5b8ef7-a2a2-4fe9-a3e1-74acd17bd88f restarts=6 usage_cpu=6m usage_mem=38Mi request_cpu=25m request_mem=250Mi limit_cpu=none limit_mem=none vpa_target_cpu=25m vpa_target_mem=250Mi vpa_uncapped_cpu=25m vpa_uncapped_mem=250Mi vpa_lower_cpu=25m vpa_lower_mem=250Mi vpa_upper_cpu=1500m vpa_upper_mem=512Mi
[2026-08-22T02:17:55+02:00] UPF_CONTROL_SAMPLE timestamp=2026-08-22T02:17:53+02:00 scenario=ue_1 pod=open5gs-upf-5b9db6d44-nsbqz uid=7b5b8ef7-a2a2-4fe9-a3e1-74acd17bd88f restarts=6 usage_cpu=6m usage_mem=38Mi request_cpu=25m request_mem=250Mi limit_cpu=none limit_mem=none vpa_target_cpu=25m vpa_target_mem=250Mi vpa_uncapped_cpu=25m vpa_uncapped_mem=250Mi vpa_lower_cpu=25m vpa_lower_mem=250Mi vpa_upper_cpu=1500m vpa_upper_mem=512Mi
[2026-08-22T02:17:57+02:00] UPF_CONTROL_SAMPLE timestamp=2026-08-22T02:17:56+02:00 scenario=ue_1 pod=open5gs-upf-5b9db6d44-nsbqz uid=7b5b8ef7-a2a2-4fe9-a3e1-74acd17bd88f restarts=6 usage_cpu=18m usage_mem=38Mi request_cpu=25m request_mem=250Mi limit_cpu=none limit_mem=none vpa_target_cpu=25m vpa_target_mem=250Mi vpa_uncapped_cpu=25m vpa_uncapped_mem=250Mi vpa_lower_cpu=25m vpa_lower_mem=250Mi vpa_upper_cpu=1500m vpa_upper_mem=512Mi
[2026-08-22T02:17:59+02:00] UPF_CONTROL_SAMPLE timestamp=2026-08-22T02:17:58+02:00 scenario=ue_1 pod=open5gs-upf-5b9db6d44-nsbqz uid=7b5b8ef7-a2a2-4fe9-a3e1-74acd17bd88f restarts=6 usage_cpu=18m usage_mem=38Mi request_cpu=25m request_mem=250Mi limit_cpu=none limit_mem=none vpa_target_cpu=25m vpa_target_mem=250Mi vpa_uncapped_cpu=25m vpa_uncapped_mem=250Mi vpa_lower_cpu=25m vpa_lower_mem=250Mi vpa_upper_cpu=1500m vpa_upper_mem=512Mi
[2026-08-22T02:18:02+02:00] UPF_CONTROL_SAMPLE timestamp=2026-08-22T02:18:00+02:00 scenario=ue_1 pod=open5gs-upf-5b9db6d44-nsbqz uid=7b5b8ef7-a2a2-4fe9-a3e1-74acd17bd88f restarts=6 usage_cpu=18m usage_mem=38Mi request_cpu=25m request_mem=250Mi limit_cpu=none limit_mem=none vpa_target_cpu=25m vpa_target_mem=250Mi vpa_uncapped_cpu=25m vpa_uncapped_mem=250Mi vpa_lower_cpu=25m vpa_lower_mem=250Mi vpa_upper_cpu=1500m vpa_upper_mem=512Mi
[2026-08-22T02:18:05+02:00] UPF_CONTROL_SAMPLE timestamp=2026-08-22T02:18:03+02:00 scenario=ue_1 pod=open5gs-upf-5b9db6d44-nsbqz uid=7b5b8ef7-a2a2-4fe9-a3e1-74acd17bd88f restarts=6 usage_cpu=18m usage_mem=38Mi request_cpu=25m request_mem=250Mi limit_cpu=none limit_mem=none vpa_target_cpu=25m vpa_target_mem=250Mi vpa_uncapped_cpu=25m vpa_uncapped_mem=250Mi vpa_lower_cpu=25m vpa_lower_mem=250Mi vpa_upper_cpu=1500m vpa_upper_mem=512Mi
[2026-08-22T02:18:08+02:00] UPF_CONTROL_SAMPLE timestamp=2026-08-22T02:18:06+02:00 scenario=ue_1 pod=open5gs-upf-5b9db6d44-nsbqz uid=7b5b8ef7-a2a2-4fe9-a3e1-74acd17bd88f restarts=6 usage_cpu=18m usage_mem=38Mi request_cpu=25m request_mem=250Mi limit_cpu=none limit_mem=none vpa_target_cpu=25m vpa_target_mem=250Mi vpa_uncapped_cpu=25m vpa_uncapped_mem=250Mi vpa_lower_cpu=25m vpa_lower_mem=250Mi vpa_upper_cpu=1500m vpa_upper_mem=512Mi
[2026-08-22T02:18:21+02:00] UPF_CONTROL_SAMPLE timestamp=2026-08-22T02:18:09+02:00 scenario=ue_1 pod=open5gs-upf-5b9db6d44-nsbqz uid=7b5b8ef7-a2a2-4fe9-a3e1-74acd17bd88f restarts=6 usage_cpu=18m usage_mem=38Mi request_cpu=25m request_mem=250Mi limit_cpu=none limit_mem=none vpa_target_cpu=25m vpa_target_mem=250Mi vpa_uncapped_cpu=25m vpa_uncapped_mem=250Mi vpa_lower_cpu=25m vpa_lower_mem=250Mi vpa_upper_cpu=1500m vpa_upper_mem=512Mi
[2026-08-22T02:18:23+02:00] UPF_CONTROL_SAMPLE timestamp=2026-08-22T02:18:22+02:00 scenario=ue_1 pod=open5gs-upf-5b9db6d44-nsbqz uid=7b5b8ef7-a2a2-4fe9-a3e1-74acd17bd88f restarts=6 usage_cpu=18m usage_mem=38Mi request_cpu=25m request_mem=250Mi limit_cpu=none limit_mem=none vpa_target_cpu=25m vpa_target_mem=250Mi vpa_uncapped_cpu=25m vpa_uncapped_mem=250Mi vpa_lower_cpu=25m vpa_lower_mem=250Mi vpa_upper_cpu=1500m vpa_upper_mem=512Mi
[2026-08-22T02:18:25+02:00] UPF_CONTROL_SAMPLE timestamp=2026-08-22T02:18:24+02:00 scenario=ue_1 pod=open5gs-upf-5b9db6d44-nsbqz uid=7b5b8ef7-a2a2-4fe9-a3e1-74acd17bd88f restarts=6 usage_cpu=19m usage_mem=38Mi request_cpu=25m request_mem=250Mi limit_cpu=none limit_mem=none vpa_target_cpu=25m vpa_target_mem=250Mi vpa_uncapped_cpu=25m vpa_uncapped_mem=250Mi vpa_lower_cpu=25m vpa_lower_mem=250Mi vpa_upper_cpu=1500m vpa_upper_mem=512Mi
[2026-08-22T02:18:31+02:00] UPF_CONTROL_SAMPLE timestamp=2026-08-22T02:18:27+02:00 scenario=ue_1 pod=open5gs-upf-5b9db6d44-nsbqz uid=7b5b8ef7-a2a2-4fe9-a3e1-74acd17bd88f restarts=6 usage_cpu=19m usage_mem=38Mi request_cpu=25m request_mem=250Mi limit_cpu=none limit_mem=none vpa_target_cpu=25m vpa_target_mem=250Mi vpa_uncapped_cpu=25m vpa_uncapped_mem=250Mi vpa_lower_cpu=25m vpa_lower_mem=250Mi vpa_upper_cpu=1500m vpa_upper_mem=512Mi
[2026-08-22T02:18:33+02:00] UPF_CONTROL_SAMPLE timestamp=2026-08-22T02:18:32+02:00 scenario=ue_1 pod=open5gs-upf-5b9db6d44-nsbqz uid=7b5b8ef7-a2a2-4fe9-a3e1-74acd17bd88f restarts=6 usage_cpu=19m usage_mem=38Mi request_cpu=25m request_mem=250Mi limit_cpu=none limit_mem=none vpa_target_cpu=25m vpa_target_mem=250Mi vpa_uncapped_cpu=25m vpa_uncapped_mem=250Mi vpa_lower_cpu=25m vpa_lower_mem=250Mi vpa_upper_cpu=1500m vpa_upper_mem=512Mi
[2026-08-22T02:18:35+02:00] UPF_CONTROL_SAMPLE timestamp=2026-08-22T02:18:34+02:00 scenario=ue_1 pod=open5gs-upf-5b9db6d44-nsbqz uid=7b5b8ef7-a2a2-4fe9-a3e1-74acd17bd88f restarts=6 usage_cpu=19m usage_mem=38Mi request_cpu=25m request_mem=250Mi limit_cpu=none limit_mem=none vpa_target_cpu=25m vpa_target_mem=250Mi vpa_uncapped_cpu=25m vpa_uncapped_mem=250Mi vpa_lower_cpu=25m vpa_lower_mem=250Mi vpa_upper_cpu=1500m vpa_upper_mem=512Mi
[2026-08-22T02:18:38+02:00] UPF_CONTROL_SAMPLE timestamp=2026-08-22T02:18:36+02:00 scenario=ue_1 pod=open5gs-upf-5b9db6d44-nsbqz uid=7b5b8ef7-a2a2-4fe9-a3e1-74acd17bd88f restarts=6 usage_cpu=19m usage_mem=38Mi request_cpu=25m request_mem=250Mi limit_cpu=none limit_mem=none vpa_target_cpu=25m vpa_target_mem=250Mi vpa_uncapped_cpu=25m vpa_uncapped_mem=250Mi vpa_lower_cpu=25m vpa_lower_mem=250Mi vpa_upper_cpu=1500m vpa_upper_mem=512Mi
[2026-08-22T02:18:40+02:00] UPF_CONTROL_SAMPLE timestamp=2026-08-22T02:18:39+02:00 scenario=ue_1 pod=open5gs-upf-5b9db6d44-nsbqz uid=7b5b8ef7-a2a2-4fe9-a3e1-74acd17bd88f restarts=6 usage_cpu=19m usage_mem=38Mi request_cpu=25m request_mem=250Mi limit_cpu=none limit_mem=none vpa_target_cpu=25m vpa_target_mem=250Mi vpa_uncapped_cpu=25m vpa_uncapped_mem=250Mi vpa_lower_cpu=25m vpa_lower_mem=250Mi vpa_upper_cpu=1500m vpa_upper_mem=512Mi
[2026-08-22T02:18:49+02:00] UE_SLOT_DONE timestamp=2026-08-22T00:18:49+00:00 active_ues=1 slot=0 attempt=1 ue_idx=0 ue_if=uesimtun0 ue_ip=10.45.1.246 port=5201 rc=0 replacements_for_slot=0 server_busy_retries_for_slot=0
[2026-08-22T02:18:49+02:00] UPF_CONTROL_SAMPLE timestamp=2026-08-22T02:18:41+02:00 scenario=ue_1 pod=open5gs-upf-5b9db6d44-nsbqz uid=7b5b8ef7-a2a2-4fe9-a3e1-74acd17bd88f restarts=6 usage_cpu=19m usage_mem=38Mi request_cpu=25m request_mem=250Mi limit_cpu=none limit_mem=none vpa_target_cpu=25m vpa_target_mem=250Mi vpa_uncapped_cpu=25m vpa_uncapped_mem=250Mi vpa_lower_cpu=25m vpa_lower_mem=250Mi vpa_upper_cpu=1500m vpa_upper_mem=512Mi
[2026-08-22T02:18:50+02:00] TRAFFIC_SUMMARY timestamp=2026-08-22T00:18:50+00:00 registered_tunnels=50 active_ues=1 target_slots=1 completed_slots=1 final_failed_slots=0 replacements=0 problematic_ues=0 zombie_ues=0 connect_timeouts=0 stalls=0 deferred_stalls=0 process_failures=0 server_busy_retries=0 server_busy_failures=0 late_timeouts_accepted=0 scenario_bad_ues=0 global_suspect_ues=0 used_ues=1 target_host=192.168.1.211 initial_ports=5201-5201 replacement_ports=5251-5265 bitrate=1M start_delay=0.05 detection=no_rx_counter replacement_min_duration_s=5 adaptive_extension_max_s=1 iperf_exit_grace_s=3 server_busy_retries_limit=1 server_busy_retry_delay_s=2 late_replacement_after_end=disabled wait_for_iperf_exit=until_timeout global_suspect_policy=soft_reuse ramp_supervision=after_initial_start
[2026-08-22T02:18:50+02:00] UE_POOL_SCENARIO_BAD_CURRENT timestamp=2026-08-22T00:18:50+00:00 active_ues=1 indexes=
[2026-08-22T02:18:50+02:00] UE_POOL_GLOBAL_SUSPECT_CURRENT timestamp=2026-08-22T00:18:50+00:00 active_ues=1 indexes=
[2026-08-22T02:18:50+02:00] REMOTE_IPERF_PER_UE_END timestamp=2026-08-22T00:18:50+00:00 active_ues=1 tag=ue_1 final_rc=0 completed_slots=1 replacements=0 problematic_ues=0 server_busy_retries=0 deferred_stalls=0 late_timeouts_accepted=0
[2026-08-22T02:18:50+02:00] SCENARIO TRAFFIC COMMAND END timestamp=2026-08-22T02:18:50+02:00 active_ue=1 rc=0
[2026-08-22T02:18:51+02:00] SCENARIO UPF AFTER timestamp=2026-08-22T02:18:51+02:00 active_ue=1 pod=open5gs-upf-5b9db6d44-nsbqz uid=7b5b8ef7-a2a2-4fe9-a3e1-74acd17bd88f restarts=6
[2026-08-22T02:18:51+02:00] SCENARIO END timestamp=2026-08-22T02:18:51+02:00 active_ue=1 rc=0
[2026-08-22T02:18:51+02:00] ================================================================
[2026-08-22T02:18:51+02:00] SCENARIO START timestamp=2026-08-22T02:18:51+02:00 active_ue=3 registered_ue_pool=50 target_host=192.168.1.211 ports=5201-5203 replacement_ports=5251-5265 bitrate_per_ue=1M start_delay=0.05 replacement_min_duration=5 adaptive_extension_max=1
[2026-08-22T02:18:51+02:00] ================================================================
[2026-08-22T02:18:51+02:00] SCENARIO TUNNEL CHECK timestamp=2026-08-22T02:18:51+02:00 active_ue=3 current_tunnels=50 required=50
[2026-08-22T02:18:52+02:00] UPF_CONTROL_SAMPLE timestamp=2026-08-22T02:18:50+02:00 scenario=ue_1 pod=open5gs-upf-5b9db6d44-nsbqz uid=7b5b8ef7-a2a2-4fe9-a3e1-74acd17bd88f restarts=6 usage_cpu=19m usage_mem=38Mi request_cpu=25m request_mem=250Mi limit_cpu=none limit_mem=none vpa_target_cpu=25m vpa_target_mem=250Mi vpa_uncapped_cpu=25m vpa_uncapped_mem=250Mi vpa_lower_cpu=25m vpa_lower_mem=250Mi vpa_upper_cpu=1500m vpa_upper_mem=512Mi
[2026-08-22T02:18:52+02:00] SCENARIO UPF BEFORE timestamp=2026-08-22T02:18:52+02:00 active_ue=3 pod=open5gs-upf-5b9db6d44-nsbqz uid=7b5b8ef7-a2a2-4fe9-a3e1-74acd17bd88f restarts=6
[2026-08-22T02:18:53+02:00] REMOTE_IPERF_PER_UE_START timestamp=2026-08-22T00:18:53+00:00 active_ues=3 tag=ue_3 iperf_host=192.168.1.211 base_port=5201 replacement_base_port=5251 duration=80 bitrate=1M start_delay=0.05 detection=no_rx_counter connect_timeout_s=4 stall_seconds=5 replacement_limit=15 replacement_min_duration_s=5 adaptive_extension_max_s=1 iperf_exit_grace_s=3 server_busy_port_rebinds=1 late_replacement_after_end=disabled wait_for_iperf_exit=until_timeout global_suspect_policy=soft_reuse ramp_supervision=after_initial_start
[2026-08-22T02:18:53+02:00] UE_POOL_STATUS timestamp=2026-08-22T00:18:53+00:00 active_ues=3 registered_tunnels=50 existing_global_suspect_ues=0 used_ues=0 policy=soft_reuse_global_suspects
[2026-08-22T02:18:53+02:00] UE_SLOT_ASSIGN timestamp=2026-08-22T00:18:53+00:00 active_ues=3 slot=0 ue_idx=0 ue_if=uesimtun0 ue_ip=10.45.1.246 candidate_reused_global_suspect=0
[2026-08-22T02:18:53+02:00] UE_SLOT_START timestamp=2026-08-22T00:18:53+00:00 active_ues=3 slot=0 attempt=1 ue_idx=0 ue_if=uesimtun0 ue_ip=10.45.1.246 target=192.168.1.211:5201 bitrate=1M duration_s=80 planned_end_epoch=1787358013 timeout_s=90 hard_timeout_epoch=1787358028 start_rx_bytes=95445
[2026-08-22T02:18:53+02:00] UE_SLOT_PID timestamp=2026-08-22T00:18:53+00:00 active_ues=3 slot=0 attempt=1 ue_idx=0 pid=1888
[2026-08-22T02:18:53+02:00] UE_SLOT_ASSIGN timestamp=2026-08-22T00:18:53+00:00 active_ues=3 slot=1 ue_idx=1 ue_if=uesimtun1 ue_ip=10.45.1.247 candidate_reused_global_suspect=0
[2026-08-22T02:18:53+02:00] UE_SLOT_START timestamp=2026-08-22T00:18:53+00:00 active_ues=3 slot=1 attempt=1 ue_idx=1 ue_if=uesimtun1 ue_ip=10.45.1.247 target=192.168.1.211:5202 bitrate=1M duration_s=80 planned_end_epoch=1787358013 timeout_s=90 hard_timeout_epoch=1787358028 start_rx_bytes=0
[2026-08-22T02:18:53+02:00] UE_SLOT_PID timestamp=2026-08-22T00:18:53+00:00 active_ues=3 slot=1 attempt=1 ue_idx=1 pid=1913
[2026-08-22T02:18:53+02:00] UE_SLOT_ASSIGN timestamp=2026-08-22T00:18:53+00:00 active_ues=3 slot=2 ue_idx=2 ue_if=uesimtun2 ue_ip=10.45.1.248 candidate_reused_global_suspect=0
[2026-08-22T02:18:53+02:00] UE_SLOT_START timestamp=2026-08-22T00:18:53+00:00 active_ues=3 slot=2 attempt=1 ue_idx=2 ue_if=uesimtun2 ue_ip=10.45.1.248 target=192.168.1.211:5203 bitrate=1M duration_s=80 planned_end_epoch=1787358013 timeout_s=90 hard_timeout_epoch=1787358028 start_rx_bytes=0
[2026-08-22T02:18:53+02:00] UE_SLOT_PID timestamp=2026-08-22T00:18:53+00:00 active_ues=3 slot=2 attempt=1 ue_idx=2 pid=1938
[2026-08-22T02:18:53+02:00] IPERF_MAPPING_SUMMARY timestamp=2026-08-22T00:18:53+00:00 active_ues=3 registered_tunnels=50 initial_ports=5201-5203 replacement_ports=5251-5265 bitrate=1M start_delay=0.05 detection=no_rx_counter replacement_min_duration_s=5 adaptive_extension_max_s=1 iperf_exit_grace_s=3 server_busy_port_rebinds=1 late_replacement_after_end=disabled wait_for_iperf_exit=until_timeout global_suspect_policy=soft_reuse ramp_supervision=after_initial_start
[2026-08-22T02:18:56+02:00] UPF_CONTROL_SAMPLE timestamp=2026-08-22T02:18:53+02:00 scenario=ue_3 pod=open5gs-upf-5b9db6d44-nsbqz uid=7b5b8ef7-a2a2-4fe9-a3e1-74acd17bd88f restarts=6 usage_cpu=22m usage_mem=38Mi request_cpu=25m request_mem=250Mi limit_cpu=none limit_mem=none vpa_target_cpu=25m vpa_target_mem=250Mi vpa_uncapped_cpu=25m vpa_uncapped_mem=250Mi vpa_lower_cpu=25m vpa_lower_mem=250Mi vpa_upper_cpu=1500m vpa_upper_mem=512Mi
[2026-08-22T02:19:00+02:00] UPF_CONTROL_SAMPLE timestamp=2026-08-22T02:18:57+02:00 scenario=ue_3 pod=open5gs-upf-5b9db6d44-nsbqz uid=7b5b8ef7-a2a2-4fe9-a3e1-74acd17bd88f restarts=6 usage_cpu=22m usage_mem=38Mi request_cpu=25m request_mem=250Mi limit_cpu=none limit_mem=none vpa_target_cpu=25m vpa_target_mem=250Mi vpa_uncapped_cpu=25m vpa_uncapped_mem=250Mi vpa_lower_cpu=25m vpa_lower_mem=250Mi vpa_upper_cpu=1500m vpa_upper_mem=512Mi
[2026-08-22T02:19:05+02:00] UPF_CONTROL_SAMPLE timestamp=2026-08-22T02:19:01+02:00 scenario=ue_3 pod=open5gs-upf-5b9db6d44-nsbqz uid=7b5b8ef7-a2a2-4fe9-a3e1-74acd17bd88f restarts=6 usage_cpu=22m usage_mem=38Mi request_cpu=25m request_mem=250Mi limit_cpu=none limit_mem=none vpa_target_cpu=25m vpa_target_mem=250Mi vpa_uncapped_cpu=25m vpa_uncapped_mem=250Mi vpa_lower_cpu=25m vpa_lower_mem=250Mi vpa_upper_cpu=1500m vpa_upper_mem=512Mi
[2026-08-22T02:19:08+02:00] UPF_CONTROL_SAMPLE timestamp=2026-08-22T02:19:06+02:00 scenario=ue_3 pod=open5gs-upf-5b9db6d44-nsbqz uid=7b5b8ef7-a2a2-4fe9-a3e1-74acd17bd88f restarts=6 usage_cpu=22m usage_mem=38Mi request_cpu=25m request_mem=250Mi limit_cpu=none limit_mem=none vpa_target_cpu=25m vpa_target_mem=250Mi vpa_uncapped_cpu=25m vpa_uncapped_mem=250Mi vpa_lower_cpu=25m vpa_lower_mem=250Mi vpa_upper_cpu=1500m vpa_upper_mem=512Mi
[2026-08-22T02:19:10+02:00] UPF_CONTROL_SAMPLE timestamp=2026-08-22T02:19:09+02:00 scenario=ue_3 pod=open5gs-upf-5b9db6d44-nsbqz uid=7b5b8ef7-a2a2-4fe9-a3e1-74acd17bd88f restarts=6 usage_cpu=19m usage_mem=38Mi request_cpu=25m request_mem=250Mi limit_cpu=none limit_mem=none vpa_target_cpu=25m vpa_target_mem=250Mi vpa_uncapped_cpu=25m vpa_uncapped_mem=250Mi vpa_lower_cpu=25m vpa_lower_mem=250Mi vpa_upper_cpu=1500m vpa_upper_mem=512Mi
[2026-08-22T02:19:13+02:00] UPF_CONTROL_SAMPLE timestamp=2026-08-22T02:19:11+02:00 scenario=ue_3 pod=open5gs-upf-5b9db6d44-nsbqz uid=7b5b8ef7-a2a2-4fe9-a3e1-74acd17bd88f restarts=6 usage_cpu=19m usage_mem=38Mi request_cpu=25m request_mem=250Mi limit_cpu=none limit_mem=none vpa_target_cpu=25m vpa_target_mem=250Mi vpa_uncapped_cpu=25m vpa_uncapped_mem=250Mi vpa_lower_cpu=25m vpa_lower_mem=250Mi vpa_upper_cpu=1500m vpa_upper_mem=512Mi
[2026-08-22T02:19:15+02:00] UPF_CONTROL_SAMPLE timestamp=2026-08-22T02:19:14+02:00 scenario=ue_3 pod=open5gs-upf-5b9db6d44-nsbqz uid=7b5b8ef7-a2a2-4fe9-a3e1-74acd17bd88f restarts=6 usage_cpu=19m usage_mem=38Mi request_cpu=25m request_mem=250Mi limit_cpu=none limit_mem=none vpa_target_cpu=25m vpa_target_mem=250Mi vpa_uncapped_cpu=25m vpa_uncapped_mem=250Mi vpa_lower_cpu=25m vpa_lower_mem=250Mi vpa_upper_cpu=1500m vpa_upper_mem=512Mi
[2026-08-22T02:19:20+02:00] UPF_CONTROL_SAMPLE timestamp=2026-08-22T02:19:16+02:00 scenario=ue_3 pod=open5gs-upf-5b9db6d44-nsbqz uid=7b5b8ef7-a2a2-4fe9-a3e1-74acd17bd88f restarts=6 usage_cpu=19m usage_mem=38Mi request_cpu=25m request_mem=250Mi limit_cpu=none limit_mem=none vpa_target_cpu=25m vpa_target_mem=250Mi vpa_uncapped_cpu=25m vpa_uncapped_mem=250Mi vpa_lower_cpu=25m vpa_lower_mem=250Mi vpa_upper_cpu=1500m vpa_upper_mem=512Mi
[2026-08-22T02:19:24+02:00] UPF_CONTROL_SAMPLE timestamp=2026-08-22T02:19:21+02:00 scenario=ue_3 pod=open5gs-upf-5b9db6d44-nsbqz uid=7b5b8ef7-a2a2-4fe9-a3e1-74acd17bd88f restarts=6 usage_cpu=19m usage_mem=38Mi request_cpu=25m request_mem=250Mi limit_cpu=none limit_mem=none vpa_target_cpu=25m vpa_target_mem=250Mi vpa_uncapped_cpu=25m vpa_uncapped_mem=250Mi vpa_lower_cpu=25m vpa_lower_mem=250Mi vpa_upper_cpu=1500m vpa_upper_mem=512Mi
[2026-08-22T02:19:28+02:00] UPF_CONTROL_SAMPLE timestamp=2026-08-22T02:19:25+02:00 scenario=ue_3 pod=open5gs-upf-5b9db6d44-nsbqz uid=7b5b8ef7-a2a2-4fe9-a3e1-74acd17bd88f restarts=6 usage_cpu=51m usage_mem=38Mi request_cpu=25m request_mem=250Mi limit_cpu=none limit_mem=none vpa_target_cpu=25m vpa_target_mem=250Mi vpa_uncapped_cpu=25m vpa_uncapped_mem=250Mi vpa_lower_cpu=25m vpa_lower_mem=250Mi vpa_upper_cpu=1500m vpa_upper_mem=512Mi
[2026-08-22T02:19:32+02:00] UPF_CONTROL_SAMPLE timestamp=2026-08-22T02:19:29+02:00 scenario=ue_3 pod=open5gs-upf-5b9db6d44-nsbqz uid=7b5b8ef7-a2a2-4fe9-a3e1-74acd17bd88f restarts=6 usage_cpu=51m usage_mem=38Mi request_cpu=25m request_mem=250Mi limit_cpu=none limit_mem=none vpa_target_cpu=25m vpa_target_mem=250Mi vpa_uncapped_cpu=25m vpa_uncapped_mem=250Mi vpa_lower_cpu=25m vpa_lower_mem=250Mi vpa_upper_cpu=1500m vpa_upper_mem=512Mi
[2026-08-22T02:19:37+02:00] UPF_CONTROL_SAMPLE timestamp=2026-08-22T02:19:33+02:00 scenario=ue_3 pod=open5gs-upf-5b9db6d44-nsbqz uid=7b5b8ef7-a2a2-4fe9-a3e1-74acd17bd88f restarts=6 usage_cpu=51m usage_mem=38Mi request_cpu=25m request_mem=250Mi limit_cpu=none limit_mem=none vpa_target_cpu=25m vpa_target_mem=250Mi vpa_uncapped_cpu=25m vpa_uncapped_mem=250Mi vpa_lower_cpu=25m vpa_lower_mem=250Mi vpa_upper_cpu=1500m vpa_upper_mem=512Mi
[2026-08-22T02:19:41+02:00] UPF_CONTROL_SAMPLE timestamp=2026-08-22T02:19:38+02:00 scenario=ue_3 pod=open5gs-upf-5b9db6d44-nsbqz uid=7b5b8ef7-a2a2-4fe9-a3e1-74acd17bd88f restarts=6 usage_cpu=50m usage_mem=38Mi request_cpu=25m request_mem=250Mi limit_cpu=none limit_mem=none vpa_target_cpu=25m vpa_target_mem=250Mi vpa_uncapped_cpu=25m vpa_uncapped_mem=250Mi vpa_lower_cpu=25m vpa_lower_mem=250Mi vpa_upper_cpu=1500m vpa_upper_mem=512Mi
[2026-08-22T02:19:46+02:00] UPF_CONTROL_SAMPLE timestamp=2026-08-22T02:19:42+02:00 scenario=ue_3 pod=open5gs-upf-5b9db6d44-nsbqz uid=7b5b8ef7-a2a2-4fe9-a3e1-74acd17bd88f restarts=6 usage_cpu=50m usage_mem=38Mi request_cpu=25m request_mem=250Mi limit_cpu=none limit_mem=none vpa_target_cpu=25m vpa_target_mem=250Mi vpa_uncapped_cpu=25m vpa_uncapped_mem=250Mi vpa_lower_cpu=25m vpa_lower_mem=250Mi vpa_upper_cpu=1500m vpa_upper_mem=512Mi
[2026-08-22T02:19:50+02:00] VPA_RECOMMENDATION_CHANGE timestamp=2026-08-22T02:19:47+02:00 scenario=ue_3 old='vpa_target_cpu=25m vpa_target_mem=250Mi vpa_uncapped_cpu=25m vpa_uncapped_mem=250Mi vpa_lower_cpu=25m vpa_lower_mem=250Mi vpa_upper_cpu=1500m vpa_upper_mem=512Mi' new='vpa_target_cpu=63m vpa_target_mem=250Mi vpa_uncapped_cpu=63m vpa_uncapped_mem=250Mi vpa_lower_cpu=25m vpa_lower_mem=250Mi vpa_upper_cpu=1500m vpa_upper_mem=512Mi' previous_5s_sample='timestamp=2026-08-22T02:19:42+02:00 scenario=ue_3 pod=open5gs-upf-5b9db6d44-nsbqz uid=7b5b8ef7-a2a2-4fe9-a3e1-74acd17bd88f restarts=6 usage_cpu=50m usage_mem=38Mi request_cpu=25m request_mem=250Mi limit_cpu=none limit_mem=none vpa_target_cpu=25m vpa_target_mem=250Mi vpa_uncapped_cpu=25m vpa_uncapped_mem=250Mi vpa_lower_cpu=25m vpa_lower_mem=250Mi vpa_upper_cpu=1500m vpa_upper_mem=512Mi' current_sample='timestamp=2026-08-22T02:19:47+02:00 scenario=ue_3 pod=open5gs-upf-5b9db6d44-nsbqz uid=7b5b8ef7-a2a2-4fe9-a3e1-74acd17bd88f restarts=6 usage_cpu=50m usage_mem=38Mi request_cpu=25m request_mem=250Mi limit_cpu=none limit_mem=none vpa_target_cpu=63m vpa_target_mem=250Mi vpa_uncapped_cpu=63m vpa_uncapped_mem=250Mi vpa_lower_cpu=25m vpa_lower_mem=250Mi vpa_upper_cpu=1500m vpa_upper_mem=512Mi'
[2026-08-22T02:19:50+02:00] UPF_CONTROL_SAMPLE timestamp=2026-08-22T02:19:47+02:00 scenario=ue_3 pod=open5gs-upf-5b9db6d44-nsbqz uid=7b5b8ef7-a2a2-4fe9-a3e1-74acd17bd88f restarts=6 usage_cpu=50m usage_mem=38Mi request_cpu=25m request_mem=250Mi limit_cpu=none limit_mem=none vpa_target_cpu=63m vpa_target_mem=250Mi vpa_uncapped_cpu=63m vpa_uncapped_mem=250Mi vpa_lower_cpu=25m vpa_lower_mem=250Mi vpa_upper_cpu=1500m vpa_upper_mem=512Mi
[2026-08-22T02:19:55+02:00] UPF_CONTROL_SAMPLE timestamp=2026-08-22T02:19:51+02:00 scenario=ue_3 pod=open5gs-upf-5b9db6d44-nsbqz uid=7b5b8ef7-a2a2-4fe9-a3e1-74acd17bd88f restarts=6 usage_cpu=50m usage_mem=38Mi request_cpu=25m request_mem=250Mi limit_cpu=none limit_mem=none vpa_target_cpu=63m vpa_target_mem=250Mi vpa_uncapped_cpu=63m vpa_uncapped_mem=250Mi vpa_lower_cpu=25m vpa_lower_mem=250Mi vpa_upper_cpu=1500m vpa_upper_mem=512Mi
[2026-08-22T02:19:59+02:00] UPF_CONTROL_SAMPLE timestamp=2026-08-22T02:19:56+02:00 scenario=ue_3 pod=open5gs-upf-5b9db6d44-nsbqz uid=7b5b8ef7-a2a2-4fe9-a3e1-74acd17bd88f restarts=6 usage_cpu=49m usage_mem=39Mi request_cpu=25m request_mem=250Mi limit_cpu=none limit_mem=none vpa_target_cpu=63m vpa_target_mem=250Mi vpa_uncapped_cpu=63m vpa_uncapped_mem=250Mi vpa_lower_cpu=25m vpa_lower_mem=250Mi vpa_upper_cpu=1500m vpa_upper_mem=512Mi
[2026-08-22T02:20:03+02:00] UPF_CONTROL_SAMPLE timestamp=2026-08-22T02:20:00+02:00 scenario=ue_3 pod=open5gs-upf-5b9db6d44-nsbqz uid=7b5b8ef7-a2a2-4fe9-a3e1-74acd17bd88f restarts=6 usage_cpu=49m usage_mem=39Mi request_cpu=25m request_mem=250Mi limit_cpu=none limit_mem=none vpa_target_cpu=63m vpa_target_mem=250Mi vpa_uncapped_cpu=63m vpa_uncapped_mem=250Mi vpa_lower_cpu=25m vpa_lower_mem=250Mi vpa_upper_cpu=1500m vpa_upper_mem=512Mi
[2026-08-22T02:20:07+02:00] UPF_CONTROL_SAMPLE timestamp=2026-08-22T02:20:04+02:00 scenario=ue_3 pod=open5gs-upf-5b9db6d44-nsbqz uid=7b5b8ef7-a2a2-4fe9-a3e1-74acd17bd88f restarts=6 usage_cpu=49m usage_mem=39Mi request_cpu=25m request_mem=250Mi limit_cpu=none limit_mem=none vpa_target_cpu=63m vpa_target_mem=250Mi vpa_uncapped_cpu=63m vpa_uncapped_mem=250Mi vpa_lower_cpu=25m vpa_lower_mem=250Mi vpa_upper_cpu=1500m vpa_upper_mem=512Mi
[2026-08-22T02:20:12+02:00] UPF_CONTROL_SAMPLE timestamp=2026-08-22T02:20:08+02:00 scenario=ue_3 pod=open5gs-upf-5b9db6d44-nsbqz uid=7b5b8ef7-a2a2-4fe9-a3e1-74acd17bd88f restarts=6 usage_cpu=51m usage_mem=38Mi request_cpu=25m request_mem=250Mi limit_cpu=none limit_mem=none vpa_target_cpu=63m vpa_target_mem=250Mi vpa_uncapped_cpu=63m vpa_uncapped_mem=250Mi vpa_lower_cpu=25m vpa_lower_mem=250Mi vpa_upper_cpu=1500m vpa_upper_mem=512Mi
[2026-08-22T02:20:14+02:00] UE_SLOT_DONE timestamp=2026-08-22T00:20:14+00:00 active_ues=3 slot=0 attempt=1 ue_idx=0 ue_if=uesimtun0 ue_ip=10.45.1.246 port=5201 rc=0 replacements_for_slot=0 server_busy_retries_for_slot=0
[2026-08-22T02:20:14+02:00] UE_SLOT_DONE timestamp=2026-08-22T00:20:14+00:00 active_ues=3 slot=1 attempt=1 ue_idx=1 ue_if=uesimtun1 ue_ip=10.45.1.247 port=5202 rc=0 replacements_for_slot=0 server_busy_retries_for_slot=0
[2026-08-22T02:20:14+02:00] UE_SLOT_DONE timestamp=2026-08-22T00:20:14+00:00 active_ues=3 slot=2 attempt=1 ue_idx=2 ue_if=uesimtun2 ue_ip=10.45.1.248 port=5203 rc=0 replacements_for_slot=0 server_busy_retries_for_slot=0
[2026-08-22T02:20:15+02:00] TRAFFIC_SUMMARY timestamp=2026-08-22T00:20:15+00:00 registered_tunnels=50 active_ues=3 target_slots=3 completed_slots=3 final_failed_slots=0 replacements=0 problematic_ues=0 zombie_ues=0 connect_timeouts=0 stalls=0 deferred_stalls=0 process_failures=0 server_busy_retries=0 server_busy_failures=0 late_timeouts_accepted=0 scenario_bad_ues=0 global_suspect_ues=0 used_ues=3 target_host=192.168.1.211 initial_ports=5201-5203 replacement_ports=5251-5265 bitrate=1M start_delay=0.05 detection=no_rx_counter replacement_min_duration_s=5 adaptive_extension_max_s=1 iperf_exit_grace_s=3 server_busy_retries_limit=1 server_busy_retry_delay_s=2 late_replacement_after_end=disabled wait_for_iperf_exit=until_timeout global_suspect_policy=soft_reuse ramp_supervision=after_initial_start
[2026-08-22T02:20:15+02:00] UE_POOL_SCENARIO_BAD_CURRENT timestamp=2026-08-22T00:20:15+00:00 active_ues=3 indexes=
[2026-08-22T02:20:15+02:00] UE_POOL_GLOBAL_SUSPECT_CURRENT timestamp=2026-08-22T00:20:15+00:00 active_ues=3 indexes=
[2026-08-22T02:20:15+02:00] REMOTE_IPERF_PER_UE_END timestamp=2026-08-22T00:20:15+00:00 active_ues=3 tag=ue_3 final_rc=0 completed_slots=3 replacements=0 problematic_ues=0 server_busy_retries=0 deferred_stalls=0 late_timeouts_accepted=0
[2026-08-22T02:20:16+02:00] SCENARIO TRAFFIC COMMAND END timestamp=2026-08-22T02:20:15+02:00 active_ue=3 rc=0
[2026-08-22T02:20:17+02:00] UPF_CONTROL_SAMPLE timestamp=2026-08-22T02:20:13+02:00 scenario=ue_3 pod=open5gs-upf-5b9db6d44-nsbqz uid=7b5b8ef7-a2a2-4fe9-a3e1-74acd17bd88f restarts=6 usage_cpu=51m usage_mem=38Mi request_cpu=25m request_mem=250Mi limit_cpu=none limit_mem=none vpa_target_cpu=63m vpa_target_mem=250Mi vpa_uncapped_cpu=63m vpa_uncapped_mem=250Mi vpa_lower_cpu=25m vpa_lower_mem=250Mi vpa_upper_cpu=1500m vpa_upper_mem=512Mi
[2026-08-22T02:20:17+02:00] SCENARIO UPF AFTER timestamp=2026-08-22T02:20:17+02:00 active_ue=3 pod=open5gs-upf-5b9db6d44-nsbqz uid=7b5b8ef7-a2a2-4fe9-a3e1-74acd17bd88f restarts=6
[2026-08-22T02:20:18+02:00] SCENARIO END timestamp=2026-08-22T02:20:17+02:00 active_ue=3 rc=0
[2026-08-22T02:20:18+02:00] ================================================================
[2026-08-22T02:20:18+02:00] SCENARIO START timestamp=2026-08-22T02:20:18+02:00 active_ue=5 registered_ue_pool=50 target_host=192.168.1.211 ports=5201-5205 replacement_ports=5251-5265 bitrate_per_ue=1M start_delay=0.05 replacement_min_duration=5 adaptive_extension_max=1
[2026-08-22T02:20:18+02:00] ================================================================
[2026-08-22T02:20:19+02:00] SCENARIO TUNNEL CHECK timestamp=2026-08-22T02:20:19+02:00 active_ue=5 current_tunnels=50 required=50
[2026-08-22T02:20:20+02:00] SCENARIO UPF BEFORE timestamp=2026-08-22T02:20:20+02:00 active_ue=5 pod=open5gs-upf-5b9db6d44-nsbqz uid=7b5b8ef7-a2a2-4fe9-a3e1-74acd17bd88f restarts=6
[2026-08-22T02:20:21+02:00] UPF_CONTROL_SAMPLE timestamp=2026-08-22T02:20:18+02:00 scenario=ue_5 pod=open5gs-upf-5b9db6d44-nsbqz uid=7b5b8ef7-a2a2-4fe9-a3e1-74acd17bd88f restarts=6 usage_cpu=51m usage_mem=38Mi request_cpu=25m request_mem=250Mi limit_cpu=none limit_mem=none vpa_target_cpu=63m vpa_target_mem=250Mi vpa_uncapped_cpu=63m vpa_uncapped_mem=250Mi vpa_lower_cpu=25m vpa_lower_mem=250Mi vpa_upper_cpu=1500m vpa_upper_mem=512Mi
[2026-08-22T02:20:21+02:00] REMOTE_IPERF_PER_UE_START timestamp=2026-08-22T00:20:21+00:00 active_ues=5 tag=ue_5 iperf_host=192.168.1.211 base_port=5201 replacement_base_port=5251 duration=80 bitrate=1M start_delay=0.05 detection=no_rx_counter connect_timeout_s=4 stall_seconds=5 replacement_limit=15 replacement_min_duration_s=5 adaptive_extension_max_s=1 iperf_exit_grace_s=3 server_busy_port_rebinds=1 late_replacement_after_end=disabled wait_for_iperf_exit=until_timeout global_suspect_policy=soft_reuse ramp_supervision=after_initial_start
[2026-08-22T02:20:21+02:00] UE_POOL_STATUS timestamp=2026-08-22T00:20:21+00:00 active_ues=5 registered_tunnels=50 existing_global_suspect_ues=0 used_ues=0 policy=soft_reuse_global_suspects
[2026-08-22T02:20:22+02:00] UE_SLOT_ASSIGN timestamp=2026-08-22T00:20:22+00:00 active_ues=5 slot=0 ue_idx=0 ue_if=uesimtun0 ue_ip=10.45.1.246 candidate_reused_global_suspect=0
[2026-08-22T02:20:22+02:00] UE_SLOT_START timestamp=2026-08-22T00:20:22+00:00 active_ues=5 slot=0 attempt=1 ue_idx=0 ue_if=uesimtun0 ue_ip=10.45.1.246 target=192.168.1.211:5201 bitrate=1M duration_s=80 planned_end_epoch=1787358102 timeout_s=90 hard_timeout_epoch=1787358117 start_rx_bytes=186805
[2026-08-22T02:20:22+02:00] UE_SLOT_PID timestamp=2026-08-22T00:20:22+00:00 active_ues=5 slot=0 attempt=1 ue_idx=0 pid=3286
[2026-08-22T02:20:22+02:00] UE_SLOT_ASSIGN timestamp=2026-08-22T00:20:22+00:00 active_ues=5 slot=1 ue_idx=1 ue_if=uesimtun1 ue_ip=10.45.1.247 candidate_reused_global_suspect=0
[2026-08-22T02:20:22+02:00] UE_SLOT_START timestamp=2026-08-22T00:20:22+00:00 active_ues=5 slot=1 attempt=1 ue_idx=1 ue_if=uesimtun1 ue_ip=10.45.1.247 target=192.168.1.211:5202 bitrate=1M duration_s=80 planned_end_epoch=1787358102 timeout_s=90 hard_timeout_epoch=1787358117 start_rx_bytes=94900
[2026-08-22T02:20:22+02:00] UE_SLOT_PID timestamp=2026-08-22T00:20:22+00:00 active_ues=5 slot=1 attempt=1 ue_idx=1 pid=3311
[2026-08-22T02:20:22+02:00] UE_SLOT_ASSIGN timestamp=2026-08-22T00:20:22+00:00 active_ues=5 slot=2 ue_idx=2 ue_if=uesimtun2 ue_ip=10.45.1.248 candidate_reused_global_suspect=0
[2026-08-22T02:20:22+02:00] UE_SLOT_START timestamp=2026-08-22T00:20:22+00:00 active_ues=5 slot=2 attempt=1 ue_idx=2 ue_if=uesimtun2 ue_ip=10.45.1.248 target=192.168.1.211:5203 bitrate=1M duration_s=80 planned_end_epoch=1787358102 timeout_s=90 hard_timeout_epoch=1787358117 start_rx_bytes=93278
[2026-08-22T02:20:22+02:00] UE_SLOT_PID timestamp=2026-08-22T00:20:22+00:00 active_ues=5 slot=2 attempt=1 ue_idx=2 pid=3336
[2026-08-22T02:20:22+02:00] UE_SLOT_ASSIGN timestamp=2026-08-22T00:20:22+00:00 active_ues=5 slot=3 ue_idx=3 ue_if=uesimtun3 ue_ip=10.45.1.249 candidate_reused_global_suspect=0
[2026-08-22T02:20:22+02:00] UE_SLOT_START timestamp=2026-08-22T00:20:22+00:00 active_ues=5 slot=3 attempt=1 ue_idx=3 ue_if=uesimtun3 ue_ip=10.45.1.249 target=192.168.1.211:5204 bitrate=1M duration_s=80 planned_end_epoch=1787358102 timeout_s=90 hard_timeout_epoch=1787358117 start_rx_bytes=0
[2026-08-22T02:20:22+02:00] UE_SLOT_PID timestamp=2026-08-22T00:20:22+00:00 active_ues=5 slot=3 attempt=1 ue_idx=3 pid=3361
[2026-08-22T02:20:22+02:00] UE_SLOT_ASSIGN timestamp=2026-08-22T00:20:22+00:00 active_ues=5 slot=4 ue_idx=4 ue_if=uesimtun4 ue_ip=10.45.1.250 candidate_reused_global_suspect=0
[2026-08-22T02:20:23+02:00] UE_SLOT_START timestamp=2026-08-22T00:20:22+00:00 active_ues=5 slot=4 attempt=1 ue_idx=4 ue_if=uesimtun4 ue_ip=10.45.1.250 target=192.168.1.211:5205 bitrate=1M duration_s=80 planned_end_epoch=1787358102 timeout_s=90 hard_timeout_epoch=1787358117 start_rx_bytes=0
[2026-08-22T02:20:23+02:00] UE_SLOT_PID timestamp=2026-08-22T00:20:22+00:00 active_ues=5 slot=4 attempt=1 ue_idx=4 pid=3386
[2026-08-22T02:20:23+02:00] IPERF_MAPPING_SUMMARY timestamp=2026-08-22T00:20:23+00:00 active_ues=5 registered_tunnels=50 initial_ports=5201-5205 replacement_ports=5251-5265 bitrate=1M start_delay=0.05 detection=no_rx_counter replacement_min_duration_s=5 adaptive_extension_max_s=1 iperf_exit_grace_s=3 server_busy_port_rebinds=1 late_replacement_after_end=disabled wait_for_iperf_exit=until_timeout global_suspect_policy=soft_reuse ramp_supervision=after_initial_start
[2026-08-22T02:20:26+02:00] UPF_CONTROL_SAMPLE timestamp=2026-08-22T02:20:23+02:00 scenario=ue_5 pod=open5gs-upf-5b9db6d44-nsbqz uid=7b5b8ef7-a2a2-4fe9-a3e1-74acd17bd88f restarts=6 usage_cpu=30m usage_mem=39Mi request_cpu=25m request_mem=250Mi limit_cpu=none limit_mem=none vpa_target_cpu=63m vpa_target_mem=250Mi vpa_uncapped_cpu=63m vpa_uncapped_mem=250Mi vpa_lower_cpu=25m vpa_lower_mem=250Mi vpa_upper_cpu=1500m vpa_upper_mem=512Mi
[2026-08-22T02:20:30+02:00] UPF_REQUEST_CHANGE timestamp=2026-08-22T02:20:27+02:00 scenario=ue_5 pod=open5gs-upf-5b9db6d44-nsbqz uid=7b5b8ef7-a2a2-4fe9-a3e1-74acd17bd88f restarts=6 old='request_cpu=25m request_mem=250Mi limit_cpu=none limit_mem=none' new='request_cpu=63m request_mem=250Mi limit_cpu=none limit_mem=none' previous_5s_sample='timestamp=2026-08-22T02:20:18+02:00 scenario=ue_5 pod=open5gs-upf-5b9db6d44-nsbqz uid=7b5b8ef7-a2a2-4fe9-a3e1-74acd17bd88f restarts=6 usage_cpu=51m usage_mem=38Mi request_cpu=25m request_mem=250Mi limit_cpu=none limit_mem=none vpa_target_cpu=63m vpa_target_mem=250Mi vpa_uncapped_cpu=63m vpa_uncapped_mem=250Mi vpa_lower_cpu=25m vpa_lower_mem=250Mi vpa_upper_cpu=1500m vpa_upper_mem=512Mi' current_sample='timestamp=2026-08-22T02:20:27+02:00 scenario=ue_5 pod=open5gs-upf-5b9db6d44-nsbqz uid=7b5b8ef7-a2a2-4fe9-a3e1-74acd17bd88f restarts=6 usage_cpu=30m usage_mem=39Mi request_cpu=63m request_mem=250Mi limit_cpu=none limit_mem=none vpa_target_cpu=63m vpa_target_mem=250Mi vpa_uncapped_cpu=63m vpa_uncapped_mem=250Mi vpa_lower_cpu=25m vpa_lower_mem=250Mi vpa_upper_cpu=1500m vpa_upper_mem=512Mi'
[2026-08-22T02:20:30+02:00] UPF_CONTROL_SAMPLE timestamp=2026-08-22T02:20:27+02:00 scenario=ue_5 pod=open5gs-upf-5b9db6d44-nsbqz uid=7b5b8ef7-a2a2-4fe9-a3e1-74acd17bd88f restarts=6 usage_cpu=30m usage_mem=39Mi request_cpu=63m request_mem=250Mi limit_cpu=none limit_mem=none vpa_target_cpu=63m vpa_target_mem=250Mi vpa_uncapped_cpu=63m vpa_uncapped_mem=250Mi vpa_lower_cpu=25m vpa_lower_mem=250Mi vpa_upper_cpu=1500m vpa_upper_mem=512Mi
[2026-08-22T02:20:35+02:00] UPF_CONTROL_SAMPLE timestamp=2026-08-22T02:20:31+02:00 scenario=ue_5 pod=open5gs-upf-5b9db6d44-nsbqz uid=7b5b8ef7-a2a2-4fe9-a3e1-74acd17bd88f restarts=6 usage_cpu=30m usage_mem=39Mi request_cpu=63m request_mem=250Mi limit_cpu=none limit_mem=none vpa_target_cpu=63m vpa_target_mem=250Mi vpa_uncapped_cpu=63m vpa_uncapped_mem=250Mi vpa_lower_cpu=25m vpa_lower_mem=250Mi vpa_upper_cpu=1500m vpa_upper_mem=512Mi
[2026-08-22T02:20:39+02:00] UPF_CONTROL_SAMPLE timestamp=2026-08-22T02:20:36+02:00 scenario=ue_5 pod=open5gs-upf-5b9db6d44-nsbqz uid=7b5b8ef7-a2a2-4fe9-a3e1-74acd17bd88f restarts=6 usage_cpu=30m usage_mem=39Mi request_cpu=63m request_mem=250Mi limit_cpu=none limit_mem=none vpa_target_cpu=63m vpa_target_mem=250Mi vpa_uncapped_cpu=63m vpa_uncapped_mem=250Mi vpa_lower_cpu=25m vpa_lower_mem=250Mi vpa_upper_cpu=1500m vpa_upper_mem=512Mi
[2026-08-22T02:20:44+02:00] UPF_CONTROL_SAMPLE timestamp=2026-08-22T02:20:41+02:00 scenario=ue_5 pod=open5gs-upf-5b9db6d44-nsbqz uid=7b5b8ef7-a2a2-4fe9-a3e1-74acd17bd88f restarts=6 usage_cpu=82m usage_mem=38Mi request_cpu=63m request_mem=250Mi limit_cpu=none limit_mem=none vpa_target_cpu=63m vpa_target_mem=250Mi vpa_uncapped_cpu=63m vpa_uncapped_mem=250Mi vpa_lower_cpu=25m vpa_lower_mem=250Mi vpa_upper_cpu=1500m vpa_upper_mem=512Mi
[2026-08-22T02:20:48+02:00] VPA_RECOMMENDATION_CHANGE timestamp=2026-08-22T02:20:45+02:00 scenario=ue_5 old='vpa_target_cpu=63m vpa_target_mem=250Mi vpa_uncapped_cpu=63m vpa_uncapped_mem=250Mi vpa_lower_cpu=25m vpa_lower_mem=250Mi vpa_upper_cpu=1500m vpa_upper_mem=512Mi' new='vpa_target_cpu=109m vpa_target_mem=250Mi vpa_uncapped_cpu=109m vpa_uncapped_mem=250Mi vpa_lower_cpu=25m vpa_lower_mem=250Mi vpa_upper_cpu=1500m vpa_upper_mem=512Mi' previous_5s_sample='timestamp=2026-08-22T02:20:41+02:00 scenario=ue_5 pod=open5gs-upf-5b9db6d44-nsbqz uid=7b5b8ef7-a2a2-4fe9-a3e1-74acd17bd88f restarts=6 usage_cpu=82m usage_mem=38Mi request_cpu=63m request_mem=250Mi limit_cpu=none limit_mem=none vpa_target_cpu=63m vpa_target_mem=250Mi vpa_uncapped_cpu=63m vpa_uncapped_mem=250Mi vpa_lower_cpu=25m vpa_lower_mem=250Mi vpa_upper_cpu=1500m vpa_upper_mem=512Mi' current_sample='timestamp=2026-08-22T02:20:45+02:00 scenario=ue_5 pod=open5gs-upf-5b9db6d44-nsbqz uid=7b5b8ef7-a2a2-4fe9-a3e1-74acd17bd88f restarts=6 usage_cpu=82m usage_mem=38Mi request_cpu=63m request_mem=250Mi limit_cpu=none limit_mem=none vpa_target_cpu=109m vpa_target_mem=250Mi vpa_uncapped_cpu=109m vpa_uncapped_mem=250Mi vpa_lower_cpu=25m vpa_lower_mem=250Mi vpa_upper_cpu=1500m vpa_upper_mem=512Mi'
[2026-08-22T02:20:48+02:00] UPF_CONTROL_SAMPLE timestamp=2026-08-22T02:20:45+02:00 scenario=ue_5 pod=open5gs-upf-5b9db6d44-nsbqz uid=7b5b8ef7-a2a2-4fe9-a3e1-74acd17bd88f restarts=6 usage_cpu=82m usage_mem=38Mi request_cpu=63m request_mem=250Mi limit_cpu=none limit_mem=none vpa_target_cpu=109m vpa_target_mem=250Mi vpa_uncapped_cpu=109m vpa_uncapped_mem=250Mi vpa_lower_cpu=25m vpa_lower_mem=250Mi vpa_upper_cpu=1500m vpa_upper_mem=512Mi
[2026-08-22T02:20:52+02:00] UPF_CONTROL_SAMPLE timestamp=2026-08-22T02:20:49+02:00 scenario=ue_5 pod=open5gs-upf-5b9db6d44-nsbqz uid=7b5b8ef7-a2a2-4fe9-a3e1-74acd17bd88f restarts=6 usage_cpu=82m usage_mem=38Mi request_cpu=63m request_mem=250Mi limit_cpu=none limit_mem=none vpa_target_cpu=109m vpa_target_mem=250Mi vpa_uncapped_cpu=109m vpa_uncapped_mem=250Mi vpa_lower_cpu=25m vpa_lower_mem=250Mi vpa_upper_cpu=1500m vpa_upper_mem=512Mi
[2026-08-22T02:20:57+02:00] UPF_CONTROL_SAMPLE timestamp=2026-08-22T02:20:53+02:00 scenario=ue_5 pod=open5gs-upf-5b9db6d44-nsbqz uid=7b5b8ef7-a2a2-4fe9-a3e1-74acd17bd88f restarts=6 usage_cpu=82m usage_mem=38Mi request_cpu=63m request_mem=250Mi limit_cpu=none limit_mem=none vpa_target_cpu=109m vpa_target_mem=250Mi vpa_uncapped_cpu=109m vpa_uncapped_mem=250Mi vpa_lower_cpu=25m vpa_lower_mem=250Mi vpa_upper_cpu=1500m vpa_upper_mem=512Mi
[2026-08-22T02:21:01+02:00] UPF_CONTROL_SAMPLE timestamp=2026-08-22T02:20:58+02:00 scenario=ue_5 pod=open5gs-upf-5b9db6d44-nsbqz uid=7b5b8ef7-a2a2-4fe9-a3e1-74acd17bd88f restarts=6 usage_cpu=82m usage_mem=38Mi request_cpu=63m request_mem=250Mi limit_cpu=none limit_mem=none vpa_target_cpu=109m vpa_target_mem=250Mi vpa_uncapped_cpu=109m vpa_uncapped_mem=250Mi vpa_lower_cpu=25m vpa_lower_mem=250Mi vpa_upper_cpu=1500m vpa_upper_mem=512Mi
[2026-08-22T02:21:06+02:00] UPF_CONTROL_SAMPLE timestamp=2026-08-22T02:21:02+02:00 scenario=ue_5 pod=open5gs-upf-5b9db6d44-nsbqz uid=7b5b8ef7-a2a2-4fe9-a3e1-74acd17bd88f restarts=6 usage_cpu=82m usage_mem=38Mi request_cpu=63m request_mem=250Mi limit_cpu=none limit_mem=none vpa_target_cpu=109m vpa_target_mem=250Mi vpa_uncapped_cpu=109m vpa_uncapped_mem=250Mi vpa_lower_cpu=25m vpa_lower_mem=250Mi vpa_upper_cpu=1500m vpa_upper_mem=512Mi
[2026-08-22T02:21:12+02:00] UPF_CONTROL_SAMPLE timestamp=2026-08-22T02:21:08+02:00 scenario=ue_5 pod=open5gs-upf-5b9db6d44-nsbqz uid=7b5b8ef7-a2a2-4fe9-a3e1-74acd17bd88f restarts=6 usage_cpu=89m usage_mem=38Mi request_cpu=63m request_mem=250Mi limit_cpu=none limit_mem=none vpa_target_cpu=109m vpa_target_mem=250Mi vpa_uncapped_cpu=109m vpa_uncapped_mem=250Mi vpa_lower_cpu=25m vpa_lower_mem=250Mi vpa_upper_cpu=1500m vpa_upper_mem=512Mi
[2026-08-22T02:21:16+02:00] UPF_CONTROL_SAMPLE timestamp=2026-08-22T02:21:13+02:00 scenario=ue_5 pod=open5gs-upf-5b9db6d44-nsbqz uid=7b5b8ef7-a2a2-4fe9-a3e1-74acd17bd88f restarts=6 usage_cpu=89m usage_mem=38Mi request_cpu=63m request_mem=250Mi limit_cpu=none limit_mem=none vpa_target_cpu=109m vpa_target_mem=250Mi vpa_uncapped_cpu=109m vpa_uncapped_mem=250Mi vpa_lower_cpu=25m vpa_lower_mem=250Mi vpa_upper_cpu=1500m vpa_upper_mem=512Mi
[2026-08-22T02:21:22+02:00] UPF_CONTROL_SAMPLE timestamp=2026-08-22T02:21:17+02:00 scenario=ue_5 pod=open5gs-upf-5b9db6d44-nsbqz uid=7b5b8ef7-a2a2-4fe9-a3e1-74acd17bd88f restarts=6 usage_cpu=89m usage_mem=38Mi request_cpu=63m request_mem=250Mi limit_cpu=none limit_mem=none vpa_target_cpu=109m vpa_target_mem=250Mi vpa_uncapped_cpu=109m vpa_uncapped_mem=250Mi vpa_lower_cpu=25m vpa_lower_mem=250Mi vpa_upper_cpu=1500m vpa_upper_mem=512Mi
[2026-08-22T02:21:29+02:00] UPF_REQUEST_CHANGE timestamp=2026-08-22T02:21:23+02:00 scenario=ue_5 pod=open5gs-upf-5b9db6d44-nsbqz uid=7b5b8ef7-a2a2-4fe9-a3e1-74acd17bd88f restarts=6 old='request_cpu=63m request_mem=250Mi limit_cpu=none limit_mem=none' new='request_cpu=109m request_mem=250Mi limit_cpu=none limit_mem=none' previous_5s_sample='timestamp=2026-08-22T02:21:17+02:00 scenario=ue_5 pod=open5gs-upf-5b9db6d44-nsbqz uid=7b5b8ef7-a2a2-4fe9-a3e1-74acd17bd88f restarts=6 usage_cpu=89m usage_mem=38Mi request_cpu=63m request_mem=250Mi limit_cpu=none limit_mem=none vpa_target_cpu=109m vpa_target_mem=250Mi vpa_uncapped_cpu=109m vpa_uncapped_mem=250Mi vpa_lower_cpu=25m vpa_lower_mem=250Mi vpa_upper_cpu=1500m vpa_upper_mem=512Mi' current_sample='timestamp=2026-08-22T02:21:23+02:00 scenario=ue_5 pod=open5gs-upf-5b9db6d44-nsbqz uid=7b5b8ef7-a2a2-4fe9-a3e1-74acd17bd88f restarts=6 usage_cpu=88m usage_mem=38Mi request_cpu=109m request_mem=250Mi limit_cpu=none limit_mem=none vpa_target_cpu=109m vpa_target_mem=250Mi vpa_uncapped_cpu=109m vpa_uncapped_mem=250Mi vpa_lower_cpu=25m vpa_lower_mem=250Mi vpa_upper_cpu=1500m vpa_upper_mem=512Mi'
[2026-08-22T02:21:29+02:00] UPF_CONTROL_SAMPLE timestamp=2026-08-22T02:21:23+02:00 scenario=ue_5 pod=open5gs-upf-5b9db6d44-nsbqz uid=7b5b8ef7-a2a2-4fe9-a3e1-74acd17bd88f restarts=6 usage_cpu=88m usage_mem=38Mi request_cpu=109m request_mem=250Mi limit_cpu=none limit_mem=none vpa_target_cpu=109m vpa_target_mem=250Mi vpa_uncapped_cpu=109m vpa_uncapped_mem=250Mi vpa_lower_cpu=25m vpa_lower_mem=250Mi vpa_upper_cpu=1500m vpa_upper_mem=512Mi
[2026-08-22T02:21:35+02:00] UPF_CONTROL_SAMPLE timestamp=2026-08-22T02:21:30+02:00 scenario=ue_5 pod=open5gs-upf-5b9db6d44-nsbqz uid=7b5b8ef7-a2a2-4fe9-a3e1-74acd17bd88f restarts=6 usage_cpu=88m usage_mem=38Mi request_cpu=109m request_mem=250Mi limit_cpu=none limit_mem=none vpa_target_cpu=109m vpa_target_mem=250Mi vpa_uncapped_cpu=109m vpa_uncapped_mem=250Mi vpa_lower_cpu=25m vpa_lower_mem=250Mi vpa_upper_cpu=1500m vpa_upper_mem=512Mi
[2026-08-22T02:21:40+02:00] UPF_CONTROL_SAMPLE timestamp=2026-08-22T02:21:36+02:00 scenario=ue_5 pod=open5gs-upf-5b9db6d44-nsbqz uid=7b5b8ef7-a2a2-4fe9-a3e1-74acd17bd88f restarts=6 usage_cpu=88m usage_mem=38Mi request_cpu=109m request_mem=250Mi limit_cpu=none limit_mem=none vpa_target_cpu=109m vpa_target_mem=250Mi vpa_uncapped_cpu=109m vpa_uncapped_mem=250Mi vpa_lower_cpu=25m vpa_lower_mem=250Mi vpa_upper_cpu=1500m vpa_upper_mem=512Mi
[2026-08-22T02:21:42+02:00] UE_SLOT_DONE timestamp=2026-08-22T00:21:42+00:00 active_ues=5 slot=0 attempt=1 ue_idx=0 ue_if=uesimtun0 ue_ip=10.45.1.246 port=5201 rc=0 replacements_for_slot=0 server_busy_retries_for_slot=0
[2026-08-22T02:21:42+02:00] UE_SLOT_DONE timestamp=2026-08-22T00:21:42+00:00 active_ues=5 slot=1 attempt=1 ue_idx=1 ue_if=uesimtun1 ue_ip=10.45.1.247 port=5202 rc=0 replacements_for_slot=0 server_busy_retries_for_slot=0
[2026-08-22T02:21:42+02:00] UE_SLOT_DONE timestamp=2026-08-22T00:21:42+00:00 active_ues=5 slot=2 attempt=1 ue_idx=2 ue_if=uesimtun2 ue_ip=10.45.1.248 port=5203 rc=0 replacements_for_slot=0 server_busy_retries_for_slot=0
[2026-08-22T02:21:44+02:00] UE_SLOT_DONE timestamp=2026-08-22T00:21:43+00:00 active_ues=5 slot=3 attempt=1 ue_idx=3 ue_if=uesimtun3 ue_ip=10.45.1.249 port=5204 rc=0 replacements_for_slot=0 server_busy_retries_for_slot=0
[2026-08-22T02:21:44+02:00] UE_SLOT_DONE timestamp=2026-08-22T00:21:44+00:00 active_ues=5 slot=4 attempt=1 ue_idx=4 ue_if=uesimtun4 ue_ip=10.45.1.250 port=5205 rc=0 replacements_for_slot=0 server_busy_retries_for_slot=0
[2026-08-22T02:21:45+02:00] UPF_CONTROL_SAMPLE timestamp=2026-08-22T02:21:41+02:00 scenario=ue_5 pod=open5gs-upf-5b9db6d44-nsbqz uid=7b5b8ef7-a2a2-4fe9-a3e1-74acd17bd88f restarts=6 usage_cpu=82m usage_mem=38Mi request_cpu=109m request_mem=250Mi limit_cpu=none limit_mem=none vpa_target_cpu=109m vpa_target_mem=250Mi vpa_uncapped_cpu=109m vpa_uncapped_mem=250Mi vpa_lower_cpu=25m vpa_lower_mem=250Mi vpa_upper_cpu=1500m vpa_upper_mem=512Mi
[2026-08-22T02:21:45+02:00] TRAFFIC_SUMMARY timestamp=2026-08-22T00:21:45+00:00 registered_tunnels=50 active_ues=5 target_slots=5 completed_slots=5 final_failed_slots=0 replacements=0 problematic_ues=0 zombie_ues=0 connect_timeouts=0 stalls=0 deferred_stalls=0 process_failures=0 server_busy_retries=0 server_busy_failures=0 late_timeouts_accepted=0 scenario_bad_ues=0 global_suspect_ues=0 used_ues=5 target_host=192.168.1.211 initial_ports=5201-5205 replacement_ports=5251-5265 bitrate=1M start_delay=0.05 detection=no_rx_counter replacement_min_duration_s=5 adaptive_extension_max_s=1 iperf_exit_grace_s=3 server_busy_retries_limit=1 server_busy_retry_delay_s=2 late_replacement_after_end=disabled wait_for_iperf_exit=until_timeout global_suspect_policy=soft_reuse ramp_supervision=after_initial_start
[2026-08-22T02:21:45+02:00] UE_POOL_SCENARIO_BAD_CURRENT timestamp=2026-08-22T00:21:45+00:00 active_ues=5 indexes=
[2026-08-22T02:21:45+02:00] UE_POOL_GLOBAL_SUSPECT_CURRENT timestamp=2026-08-22T00:21:45+00:00 active_ues=5 indexes=
[2026-08-22T02:21:45+02:00] REMOTE_IPERF_PER_UE_END timestamp=2026-08-22T00:21:45+00:00 active_ues=5 tag=ue_5 final_rc=0 completed_slots=5 replacements=0 problematic_ues=0 server_busy_retries=0 deferred_stalls=0 late_timeouts_accepted=0
[2026-08-22T02:21:45+02:00] SCENARIO TRAFFIC COMMAND END timestamp=2026-08-22T02:21:45+02:00 active_ue=5 rc=0
[2026-08-22T02:21:47+02:00] SCENARIO UPF AFTER timestamp=2026-08-22T02:21:47+02:00 active_ue=5 pod=open5gs-upf-5b9db6d44-nsbqz uid=7b5b8ef7-a2a2-4fe9-a3e1-74acd17bd88f restarts=6
[2026-08-22T02:21:47+02:00] SCENARIO END timestamp=2026-08-22T02:21:47+02:00 active_ue=5 rc=0
[2026-08-22T02:21:47+02:00] ================================================================
[2026-08-22T02:21:47+02:00] SCENARIO START timestamp=2026-08-22T02:21:47+02:00 active_ue=7 registered_ue_pool=50 target_host=192.168.1.211 ports=5201-5207 replacement_ports=5251-5265 bitrate_per_ue=1M start_delay=0.05 replacement_min_duration=5 adaptive_extension_max=1
[2026-08-22T02:21:47+02:00] ================================================================
[2026-08-22T02:21:48+02:00] SCENARIO TUNNEL CHECK timestamp=2026-08-22T02:21:48+02:00 active_ue=7 current_tunnels=50 required=50
[2026-08-22T02:21:50+02:00] VPA_RECOMMENDATION_CHANGE timestamp=2026-08-22T02:21:46+02:00 scenario=ue_5 old='vpa_target_cpu=109m vpa_target_mem=250Mi vpa_uncapped_cpu=109m vpa_uncapped_mem=250Mi vpa_lower_cpu=25m vpa_lower_mem=250Mi vpa_upper_cpu=1500m vpa_upper_mem=512Mi' new='vpa_target_cpu=109m vpa_target_mem=250Mi vpa_uncapped_cpu=109m vpa_uncapped_mem=250Mi vpa_lower_cpu=37m vpa_lower_mem=250Mi vpa_upper_cpu=1500m vpa_upper_mem=512Mi' previous_5s_sample='timestamp=2026-08-22T02:21:41+02:00 scenario=ue_5 pod=open5gs-upf-5b9db6d44-nsbqz uid=7b5b8ef7-a2a2-4fe9-a3e1-74acd17bd88f restarts=6 usage_cpu=82m usage_mem=38Mi request_cpu=109m request_mem=250Mi limit_cpu=none limit_mem=none vpa_target_cpu=109m vpa_target_mem=250Mi vpa_uncapped_cpu=109m vpa_uncapped_mem=250Mi vpa_lower_cpu=25m vpa_lower_mem=250Mi vpa_upper_cpu=1500m vpa_upper_mem=512Mi' current_sample='timestamp=2026-08-22T02:21:46+02:00 scenario=ue_5 pod=open5gs-upf-5b9db6d44-nsbqz uid=7b5b8ef7-a2a2-4fe9-a3e1-74acd17bd88f restarts=6 usage_cpu=82m usage_mem=38Mi request_cpu=109m request_mem=250Mi limit_cpu=none limit_mem=none vpa_target_cpu=109m vpa_target_mem=250Mi vpa_uncapped_cpu=109m vpa_uncapped_mem=250Mi vpa_lower_cpu=37m vpa_lower_mem=250Mi vpa_upper_cpu=1500m vpa_upper_mem=512Mi'
[2026-08-22T02:21:50+02:00] UPF_CONTROL_SAMPLE timestamp=2026-08-22T02:21:46+02:00 scenario=ue_5 pod=open5gs-upf-5b9db6d44-nsbqz uid=7b5b8ef7-a2a2-4fe9-a3e1-74acd17bd88f restarts=6 usage_cpu=82m usage_mem=38Mi request_cpu=109m request_mem=250Mi limit_cpu=none limit_mem=none vpa_target_cpu=109m vpa_target_mem=250Mi vpa_uncapped_cpu=109m vpa_uncapped_mem=250Mi vpa_lower_cpu=37m vpa_lower_mem=250Mi vpa_upper_cpu=1500m vpa_upper_mem=512Mi
[2026-08-22T02:21:50+02:00] SCENARIO UPF BEFORE timestamp=2026-08-22T02:21:50+02:00 active_ue=7 pod=open5gs-upf-5b9db6d44-nsbqz uid=7b5b8ef7-a2a2-4fe9-a3e1-74acd17bd88f restarts=6
[2026-08-22T02:21:51+02:00] REMOTE_IPERF_PER_UE_START timestamp=2026-08-22T00:21:51+00:00 active_ues=7 tag=ue_7 iperf_host=192.168.1.211 base_port=5201 replacement_base_port=5251 duration=80 bitrate=1M start_delay=0.05 detection=no_rx_counter connect_timeout_s=4 stall_seconds=5 replacement_limit=15 replacement_min_duration_s=5 adaptive_extension_max_s=1 iperf_exit_grace_s=3 server_busy_port_rebinds=1 late_replacement_after_end=disabled wait_for_iperf_exit=until_timeout global_suspect_policy=soft_reuse ramp_supervision=after_initial_start
[2026-08-22T02:21:51+02:00] UE_POOL_STATUS timestamp=2026-08-22T00:21:51+00:00 active_ues=7 registered_tunnels=50 existing_global_suspect_ues=0 used_ues=0 policy=soft_reuse_global_suspects
[2026-08-22T02:21:52+02:00] UE_SLOT_ASSIGN timestamp=2026-08-22T00:21:52+00:00 active_ues=7 slot=0 ue_idx=0 ue_if=uesimtun0 ue_ip=10.45.1.246 candidate_reused_global_suspect=0
[2026-08-22T02:21:52+02:00] UE_SLOT_START timestamp=2026-08-22T00:21:52+00:00 active_ues=7 slot=0 attempt=1 ue_idx=0 ue_if=uesimtun0 ue_ip=10.45.1.246 target=192.168.1.211:5201 bitrate=1M duration_s=80 planned_end_epoch=1787358192 timeout_s=90 hard_timeout_epoch=1787358207 start_rx_bytes=280120
[2026-08-22T02:21:52+02:00] UE_SLOT_PID timestamp=2026-08-22T00:21:52+00:00 active_ues=7 slot=0 attempt=1 ue_idx=0 pid=5077
[2026-08-22T02:21:52+02:00] UE_SLOT_ASSIGN timestamp=2026-08-22T00:21:52+00:00 active_ues=7 slot=1 ue_idx=1 ue_if=uesimtun1 ue_ip=10.45.1.247 candidate_reused_global_suspect=0
[2026-08-22T02:21:52+02:00] UE_SLOT_START timestamp=2026-08-22T00:21:52+00:00 active_ues=7 slot=1 attempt=1 ue_idx=1 ue_if=uesimtun1 ue_ip=10.45.1.247 target=192.168.1.211:5202 bitrate=1M duration_s=80 planned_end_epoch=1787358192 timeout_s=90 hard_timeout_epoch=1787358207 start_rx_bytes=188648
[2026-08-22T02:21:52+02:00] UE_SLOT_PID timestamp=2026-08-22T00:21:52+00:00 active_ues=7 slot=1 attempt=1 ue_idx=1 pid=5102
[2026-08-22T02:21:52+02:00] UE_SLOT_ASSIGN timestamp=2026-08-22T00:21:52+00:00 active_ues=7 slot=2 ue_idx=2 ue_if=uesimtun2 ue_ip=10.45.1.248 candidate_reused_global_suspect=0
[2026-08-22T02:21:52+02:00] UE_SLOT_START timestamp=2026-08-22T00:21:52+00:00 active_ues=7 slot=2 attempt=1 ue_idx=2 ue_if=uesimtun2 ue_ip=10.45.1.248 target=192.168.1.211:5203 bitrate=1M duration_s=80 planned_end_epoch=1787358192 timeout_s=90 hard_timeout_epoch=1787358207 start_rx_bytes=183958
[2026-08-22T02:21:52+02:00] UE_SLOT_PID timestamp=2026-08-22T00:21:52+00:00 active_ues=7 slot=2 attempt=1 ue_idx=2 pid=5127
[2026-08-22T02:21:52+02:00] UE_SLOT_ASSIGN timestamp=2026-08-22T00:21:52+00:00 active_ues=7 slot=3 ue_idx=3 ue_if=uesimtun3 ue_ip=10.45.1.249 candidate_reused_global_suspect=0
[2026-08-22T02:21:52+02:00] UE_SLOT_START timestamp=2026-08-22T00:21:52+00:00 active_ues=7 slot=3 attempt=1 ue_idx=3 ue_if=uesimtun3 ue_ip=10.45.1.249 target=192.168.1.211:5204 bitrate=1M duration_s=80 planned_end_epoch=1787358192 timeout_s=90 hard_timeout_epoch=1787358207 start_rx_bytes=94060
[2026-08-22T02:21:52+02:00] UE_SLOT_PID timestamp=2026-08-22T00:21:52+00:00 active_ues=7 slot=3 attempt=1 ue_idx=3 pid=5152
[2026-08-22T02:21:52+02:00] UE_SLOT_ASSIGN timestamp=2026-08-22T00:21:52+00:00 active_ues=7 slot=4 ue_idx=4 ue_if=uesimtun4 ue_ip=10.45.1.250 candidate_reused_global_suspect=0
[2026-08-22T02:21:53+02:00] UE_SLOT_START timestamp=2026-08-22T00:21:52+00:00 active_ues=7 slot=4 attempt=1 ue_idx=4 ue_if=uesimtun4 ue_ip=10.45.1.250 target=192.168.1.211:5205 bitrate=1M duration_s=80 planned_end_epoch=1787358192 timeout_s=90 hard_timeout_epoch=1787358207 start_rx_bytes=89932
[2026-08-22T02:21:53+02:00] UE_SLOT_PID timestamp=2026-08-22T00:21:53+00:00 active_ues=7 slot=4 attempt=1 ue_idx=4 pid=5177
[2026-08-22T02:21:53+02:00] UE_SLOT_ASSIGN timestamp=2026-08-22T00:21:53+00:00 active_ues=7 slot=5 ue_idx=5 ue_if=uesimtun5 ue_ip=10.45.1.251 candidate_reused_global_suspect=0
[2026-08-22T02:21:53+02:00] UE_SLOT_START timestamp=2026-08-22T00:21:53+00:00 active_ues=7 slot=5 attempt=1 ue_idx=5 ue_if=uesimtun5 ue_ip=10.45.1.251 target=192.168.1.211:5206 bitrate=1M duration_s=80 planned_end_epoch=1787358193 timeout_s=90 hard_timeout_epoch=1787358208 start_rx_bytes=0
[2026-08-22T02:21:53+02:00] UE_SLOT_PID timestamp=2026-08-22T00:21:53+00:00 active_ues=7 slot=5 attempt=1 ue_idx=5 pid=5202
[2026-08-22T02:21:53+02:00] UE_SLOT_ASSIGN timestamp=2026-08-22T00:21:53+00:00 active_ues=7 slot=6 ue_idx=6 ue_if=uesimtun6 ue_ip=10.45.1.252 candidate_reused_global_suspect=0
[2026-08-22T02:21:53+02:00] UE_SLOT_START timestamp=2026-08-22T00:21:53+00:00 active_ues=7 slot=6 attempt=1 ue_idx=6 ue_if=uesimtun6 ue_ip=10.45.1.252 target=192.168.1.211:5207 bitrate=1M duration_s=80 planned_end_epoch=1787358193 timeout_s=90 hard_timeout_epoch=1787358208 start_rx_bytes=0
[2026-08-22T02:21:53+02:00] UE_SLOT_PID timestamp=2026-08-22T00:21:53+00:00 active_ues=7 slot=6 attempt=1 ue_idx=6 pid=5227
[2026-08-22T02:21:53+02:00] IPERF_MAPPING_SUMMARY timestamp=2026-08-22T00:21:53+00:00 active_ues=7 registered_tunnels=50 initial_ports=5201-5207 replacement_ports=5251-5265 bitrate=1M start_delay=0.05 detection=no_rx_counter replacement_min_duration_s=5 adaptive_extension_max_s=1 iperf_exit_grace_s=3 server_busy_port_rebinds=1 late_replacement_after_end=disabled wait_for_iperf_exit=until_timeout global_suspect_policy=soft_reuse ramp_supervision=after_initial_start
[2026-08-22T02:21:55+02:00] UPF_CONTROL_SAMPLE timestamp=2026-08-22T02:21:51+02:00 scenario=ue_7 pod=open5gs-upf-5b9db6d44-nsbqz uid=7b5b8ef7-a2a2-4fe9-a3e1-74acd17bd88f restarts=6 usage_cpu=82m usage_mem=38Mi request_cpu=109m request_mem=250Mi limit_cpu=none limit_mem=none vpa_target_cpu=109m vpa_target_mem=250Mi vpa_uncapped_cpu=109m vpa_uncapped_mem=250Mi vpa_lower_cpu=37m vpa_lower_mem=250Mi vpa_upper_cpu=1500m vpa_upper_mem=512Mi
[2026-08-22T02:21:58+02:00] UPF_CONTROL_SAMPLE timestamp=2026-08-22T02:21:56+02:00 scenario=ue_7 pod=open5gs-upf-5b9db6d44-nsbqz uid=7b5b8ef7-a2a2-4fe9-a3e1-74acd17bd88f restarts=6 usage_cpu=82m usage_mem=38Mi request_cpu=109m request_mem=250Mi limit_cpu=none limit_mem=none vpa_target_cpu=109m vpa_target_mem=250Mi vpa_uncapped_cpu=109m vpa_uncapped_mem=250Mi vpa_lower_cpu=37m vpa_lower_mem=250Mi vpa_upper_cpu=1500m vpa_upper_mem=512Mi
[2026-08-22T02:22:03+02:00] UPF_CONTROL_SAMPLE timestamp=2026-08-22T02:22:00+02:00 scenario=ue_7 pod=open5gs-upf-5b9db6d44-nsbqz uid=7b5b8ef7-a2a2-4fe9-a3e1-74acd17bd88f restarts=6 usage_cpu=82m usage_mem=38Mi request_cpu=109m request_mem=250Mi limit_cpu=none limit_mem=none vpa_target_cpu=109m vpa_target_mem=250Mi vpa_uncapped_cpu=109m vpa_uncapped_mem=250Mi vpa_lower_cpu=37m vpa_lower_mem=250Mi vpa_upper_cpu=1500m vpa_upper_mem=512Mi
[2026-08-22T02:22:07+02:00] UPF_CONTROL_SAMPLE timestamp=2026-08-22T02:22:04+02:00 scenario=ue_7 pod=open5gs-upf-5b9db6d44-nsbqz uid=7b5b8ef7-a2a2-4fe9-a3e1-74acd17bd88f restarts=6 usage_cpu=82m usage_mem=38Mi request_cpu=109m request_mem=250Mi limit_cpu=none limit_mem=none vpa_target_cpu=109m vpa_target_mem=250Mi vpa_uncapped_cpu=109m vpa_uncapped_mem=250Mi vpa_lower_cpu=37m vpa_lower_mem=250Mi vpa_upper_cpu=1500m vpa_upper_mem=512Mi
[2026-08-22T02:22:12+02:00] UPF_CONTROL_SAMPLE timestamp=2026-08-22T02:22:09+02:00 scenario=ue_7 pod=open5gs-upf-5b9db6d44-nsbqz uid=7b5b8ef7-a2a2-4fe9-a3e1-74acd17bd88f restarts=6 usage_cpu=51m usage_mem=38Mi request_cpu=109m request_mem=250Mi limit_cpu=none limit_mem=none vpa_target_cpu=109m vpa_target_mem=250Mi vpa_uncapped_cpu=109m vpa_uncapped_mem=250Mi vpa_lower_cpu=37m vpa_lower_mem=250Mi vpa_upper_cpu=1500m vpa_upper_mem=512Mi
[2026-08-22T02:22:17+02:00] UPF_CONTROL_SAMPLE timestamp=2026-08-22T02:22:14+02:00 scenario=ue_7 pod=open5gs-upf-5b9db6d44-nsbqz uid=7b5b8ef7-a2a2-4fe9-a3e1-74acd17bd88f restarts=6 usage_cpu=51m usage_mem=38Mi request_cpu=109m request_mem=250Mi limit_cpu=none limit_mem=none vpa_target_cpu=109m vpa_target_mem=250Mi vpa_uncapped_cpu=109m vpa_uncapped_mem=250Mi vpa_lower_cpu=37m vpa_lower_mem=250Mi vpa_upper_cpu=1500m vpa_upper_mem=512Mi
[2026-08-22T02:22:22+02:00] UPF_CONTROL_SAMPLE timestamp=2026-08-22T02:22:18+02:00 scenario=ue_7 pod=open5gs-upf-5b9db6d44-nsbqz uid=7b5b8ef7-a2a2-4fe9-a3e1-74acd17bd88f restarts=6 usage_cpu=51m usage_mem=38Mi request_cpu=109m request_mem=250Mi limit_cpu=none limit_mem=none vpa_target_cpu=109m vpa_target_mem=250Mi vpa_uncapped_cpu=109m vpa_uncapped_mem=250Mi vpa_lower_cpu=37m vpa_lower_mem=250Mi vpa_upper_cpu=1500m vpa_upper_mem=512Mi
[2026-08-22T02:22:25+02:00] UPF_CONTROL_SAMPLE timestamp=2026-08-22T02:22:23+02:00 scenario=ue_7 pod=open5gs-upf-5b9db6d44-nsbqz uid=7b5b8ef7-a2a2-4fe9-a3e1-74acd17bd88f restarts=6 usage_cpu=116m usage_mem=38Mi request_cpu=109m request_mem=250Mi limit_cpu=none limit_mem=none vpa_target_cpu=109m vpa_target_mem=250Mi vpa_uncapped_cpu=109m vpa_uncapped_mem=250Mi vpa_lower_cpu=37m vpa_lower_mem=250Mi vpa_upper_cpu=1500m vpa_upper_mem=512Mi
[2026-08-22T02:22:31+02:00] UPF_CONTROL_SAMPLE timestamp=2026-08-22T02:22:27+02:00 scenario=ue_7 pod=open5gs-upf-5b9db6d44-nsbqz uid=7b5b8ef7-a2a2-4fe9-a3e1-74acd17bd88f restarts=6 usage_cpu=116m usage_mem=38Mi request_cpu=109m request_mem=250Mi limit_cpu=none limit_mem=none vpa_target_cpu=109m vpa_target_mem=250Mi vpa_uncapped_cpu=109m vpa_uncapped_mem=250Mi vpa_lower_cpu=37m vpa_lower_mem=250Mi vpa_upper_cpu=1500m vpa_upper_mem=512Mi
[2026-08-22T02:22:34+02:00] UPF_CONTROL_SAMPLE timestamp=2026-08-22T02:22:32+02:00 scenario=ue_7 pod=open5gs-upf-5b9db6d44-nsbqz uid=7b5b8ef7-a2a2-4fe9-a3e1-74acd17bd88f restarts=6 usage_cpu=116m usage_mem=38Mi request_cpu=109m request_mem=250Mi limit_cpu=none limit_mem=none vpa_target_cpu=109m vpa_target_mem=250Mi vpa_uncapped_cpu=109m vpa_uncapped_mem=250Mi vpa_lower_cpu=37m vpa_lower_mem=250Mi vpa_upper_cpu=1500m vpa_upper_mem=512Mi
[2026-08-22T02:22:39+02:00] UPF_CONTROL_SAMPLE timestamp=2026-08-22T02:22:35+02:00 scenario=ue_7 pod=open5gs-upf-5b9db6d44-nsbqz uid=7b5b8ef7-a2a2-4fe9-a3e1-74acd17bd88f restarts=6 usage_cpu=116m usage_mem=38Mi request_cpu=109m request_mem=250Mi limit_cpu=none limit_mem=none vpa_target_cpu=109m vpa_target_mem=250Mi vpa_uncapped_cpu=109m vpa_uncapped_mem=250Mi vpa_lower_cpu=37m vpa_lower_mem=250Mi vpa_upper_cpu=1500m vpa_upper_mem=512Mi
[2026-08-22T02:22:44+02:00] UPF_CONTROL_SAMPLE timestamp=2026-08-22T02:22:40+02:00 scenario=ue_7 pod=open5gs-upf-5b9db6d44-nsbqz uid=7b5b8ef7-a2a2-4fe9-a3e1-74acd17bd88f restarts=6 usage_cpu=118m usage_mem=38Mi request_cpu=109m request_mem=250Mi limit_cpu=none limit_mem=none vpa_target_cpu=109m vpa_target_mem=250Mi vpa_uncapped_cpu=109m vpa_uncapped_mem=250Mi vpa_lower_cpu=37m vpa_lower_mem=250Mi vpa_upper_cpu=1500m vpa_upper_mem=512Mi
[2026-08-22T02:22:49+02:00] VPA_RECOMMENDATION_CHANGE timestamp=2026-08-22T02:22:45+02:00 scenario=ue_7 old='vpa_target_cpu=109m vpa_target_mem=250Mi vpa_uncapped_cpu=109m vpa_uncapped_mem=250Mi vpa_lower_cpu=37m vpa_lower_mem=250Mi vpa_upper_cpu=1500m vpa_upper_mem=512Mi' new='vpa_target_cpu=143m vpa_target_mem=250Mi vpa_uncapped_cpu=143m vpa_uncapped_mem=250Mi vpa_lower_cpu=40m vpa_lower_mem=250Mi vpa_upper_cpu=1500m vpa_upper_mem=512Mi' previous_5s_sample='timestamp=2026-08-22T02:22:40+02:00 scenario=ue_7 pod=open5gs-upf-5b9db6d44-nsbqz uid=7b5b8ef7-a2a2-4fe9-a3e1-74acd17bd88f restarts=6 usage_cpu=118m usage_mem=38Mi request_cpu=109m request_mem=250Mi limit_cpu=none limit_mem=none vpa_target_cpu=109m vpa_target_mem=250Mi vpa_uncapped_cpu=109m vpa_uncapped_mem=250Mi vpa_lower_cpu=37m vpa_lower_mem=250Mi vpa_upper_cpu=1500m vpa_upper_mem=512Mi' current_sample='timestamp=2026-08-22T02:22:45+02:00 scenario=ue_7 pod=open5gs-upf-5b9db6d44-nsbqz uid=7b5b8ef7-a2a2-4fe9-a3e1-74acd17bd88f restarts=6 usage_cpu=118m usage_mem=38Mi request_cpu=109m request_mem=250Mi limit_cpu=none limit_mem=none vpa_target_cpu=143m vpa_target_mem=250Mi vpa_uncapped_cpu=143m vpa_uncapped_mem=250Mi vpa_lower_cpu=40m vpa_lower_mem=250Mi vpa_upper_cpu=1500m vpa_upper_mem=512Mi'
[2026-08-22T02:22:49+02:00] UPF_CONTROL_SAMPLE timestamp=2026-08-22T02:22:45+02:00 scenario=ue_7 pod=open5gs-upf-5b9db6d44-nsbqz uid=7b5b8ef7-a2a2-4fe9-a3e1-74acd17bd88f restarts=6 usage_cpu=118m usage_mem=38Mi request_cpu=109m request_mem=250Mi limit_cpu=none limit_mem=none vpa_target_cpu=143m vpa_target_mem=250Mi vpa_uncapped_cpu=143m vpa_uncapped_mem=250Mi vpa_lower_cpu=40m vpa_lower_mem=250Mi vpa_upper_cpu=1500m vpa_upper_mem=512Mi
[2026-08-22T02:22:54+02:00] UPF_CONTROL_SAMPLE timestamp=2026-08-22T02:22:50+02:00 scenario=ue_7 pod=open5gs-upf-5b9db6d44-nsbqz uid=7b5b8ef7-a2a2-4fe9-a3e1-74acd17bd88f restarts=6 usage_cpu=118m usage_mem=38Mi request_cpu=109m request_mem=250Mi limit_cpu=none limit_mem=none vpa_target_cpu=143m vpa_target_mem=250Mi vpa_uncapped_cpu=143m vpa_uncapped_mem=250Mi vpa_lower_cpu=40m vpa_lower_mem=250Mi vpa_upper_cpu=1500m vpa_upper_mem=512Mi
[2026-08-22T02:22:58+02:00] UPF_CONTROL_SAMPLE timestamp=2026-08-22T02:22:55+02:00 scenario=ue_7 pod=open5gs-upf-5b9db6d44-nsbqz uid=7b5b8ef7-a2a2-4fe9-a3e1-74acd17bd88f restarts=6 usage_cpu=111m usage_mem=38Mi request_cpu=109m request_mem=250Mi limit_cpu=none limit_mem=none vpa_target_cpu=143m vpa_target_mem=250Mi vpa_uncapped_cpu=143m vpa_uncapped_mem=250Mi vpa_lower_cpu=40m vpa_lower_mem=250Mi vpa_upper_cpu=1500m vpa_upper_mem=512Mi
[2026-08-22T02:23:04+02:00] UPF_CONTROL_SAMPLE timestamp=2026-08-22T02:22:59+02:00 scenario=ue_7 pod=open5gs-upf-5b9db6d44-nsbqz uid=7b5b8ef7-a2a2-4fe9-a3e1-74acd17bd88f restarts=6 usage_cpu=111m usage_mem=38Mi request_cpu=109m request_mem=250Mi limit_cpu=none limit_mem=none vpa_target_cpu=143m vpa_target_mem=250Mi vpa_uncapped_cpu=143m vpa_uncapped_mem=250Mi vpa_lower_cpu=40m vpa_lower_mem=250Mi vpa_upper_cpu=1500m vpa_upper_mem=512Mi
[2026-08-22T02:23:12+02:00] UPF_CONTROL_SAMPLE timestamp=2026-08-22T02:23:06+02:00 scenario=ue_7 pod=open5gs-upf-5b9db6d44-nsbqz uid=7b5b8ef7-a2a2-4fe9-a3e1-74acd17bd88f restarts=6 usage_cpu=117m usage_mem=38Mi request_cpu=109m request_mem=250Mi limit_cpu=none limit_mem=none vpa_target_cpu=143m vpa_target_mem=250Mi vpa_uncapped_cpu=143m vpa_uncapped_mem=250Mi vpa_lower_cpu=40m vpa_lower_mem=250Mi vpa_upper_cpu=1500m vpa_upper_mem=512Mi
[2026-08-22T02:23:13+02:00] UE_SLOT_DONE timestamp=2026-08-22T00:23:12+00:00 active_ues=7 slot=0 attempt=1 ue_idx=0 ue_if=uesimtun0 ue_ip=10.45.1.246 port=5201 rc=0 replacements_for_slot=0 server_busy_retries_for_slot=0
[2026-08-22T02:23:13+02:00] UE_SLOT_DONE timestamp=2026-08-22T00:23:13+00:00 active_ues=7 slot=1 attempt=1 ue_idx=1 ue_if=uesimtun1 ue_ip=10.45.1.247 port=5202 rc=0 replacements_for_slot=0 server_busy_retries_for_slot=0
[2026-08-22T02:23:13+02:00] UE_SLOT_DONE timestamp=2026-08-22T00:23:13+00:00 active_ues=7 slot=2 attempt=1 ue_idx=2 ue_if=uesimtun2 ue_ip=10.45.1.248 port=5203 rc=0 replacements_for_slot=0 server_busy_retries_for_slot=0
[2026-08-22T02:23:13+02:00] UE_SLOT_DONE timestamp=2026-08-22T00:23:13+00:00 active_ues=7 slot=3 attempt=1 ue_idx=3 ue_if=uesimtun3 ue_ip=10.45.1.249 port=5204 rc=0 replacements_for_slot=0 server_busy_retries_for_slot=0
[2026-08-22T02:23:14+02:00] UE_SLOT_DONE timestamp=2026-08-22T00:23:14+00:00 active_ues=7 slot=4 attempt=1 ue_idx=4 ue_if=uesimtun4 ue_ip=10.45.1.250 port=5205 rc=0 replacements_for_slot=0 server_busy_retries_for_slot=0
[2026-08-22T02:23:14+02:00] UE_SLOT_DONE timestamp=2026-08-22T00:23:14+00:00 active_ues=7 slot=5 attempt=1 ue_idx=5 ue_if=uesimtun5 ue_ip=10.45.1.251 port=5206 rc=0 replacements_for_slot=0 server_busy_retries_for_slot=0
[2026-08-22T02:23:14+02:00] UE_SLOT_DONE timestamp=2026-08-22T00:23:14+00:00 active_ues=7 slot=6 attempt=1 ue_idx=6 ue_if=uesimtun6 ue_ip=10.45.1.252 port=5207 rc=0 replacements_for_slot=0 server_busy_retries_for_slot=0
[2026-08-22T02:23:15+02:00] TRAFFIC_SUMMARY timestamp=2026-08-22T00:23:15+00:00 registered_tunnels=50 active_ues=7 target_slots=7 completed_slots=7 final_failed_slots=0 replacements=0 problematic_ues=0 zombie_ues=0 connect_timeouts=0 stalls=0 deferred_stalls=0 process_failures=0 server_busy_retries=0 server_busy_failures=0 late_timeouts_accepted=0 scenario_bad_ues=0 global_suspect_ues=0 used_ues=7 target_host=192.168.1.211 initial_ports=5201-5207 replacement_ports=5251-5265 bitrate=1M start_delay=0.05 detection=no_rx_counter replacement_min_duration_s=5 adaptive_extension_max_s=1 iperf_exit_grace_s=3 server_busy_retries_limit=1 server_busy_retry_delay_s=2 late_replacement_after_end=disabled wait_for_iperf_exit=until_timeout global_suspect_policy=soft_reuse ramp_supervision=after_initial_start
[2026-08-22T02:23:15+02:00] UE_POOL_SCENARIO_BAD_CURRENT timestamp=2026-08-22T00:23:15+00:00 active_ues=7 indexes=
[2026-08-22T02:23:15+02:00] UE_POOL_GLOBAL_SUSPECT_CURRENT timestamp=2026-08-22T00:23:15+00:00 active_ues=7 indexes=
[2026-08-22T02:23:15+02:00] REMOTE_IPERF_PER_UE_END timestamp=2026-08-22T00:23:15+00:00 active_ues=7 tag=ue_7 final_rc=0 completed_slots=7 replacements=0 problematic_ues=0 server_busy_retries=0 deferred_stalls=0 late_timeouts_accepted=0
[2026-08-22T02:23:15+02:00] SCENARIO TRAFFIC COMMAND END timestamp=2026-08-22T02:23:15+02:00 active_ue=7 rc=0
[2026-08-22T02:23:19+02:00] SCENARIO UPF AFTER timestamp=2026-08-22T02:23:19+02:00 active_ue=7 pod=open5gs-upf-5b9db6d44-nsbqz uid=7b5b8ef7-a2a2-4fe9-a3e1-74acd17bd88f restarts=6
[2026-08-22T02:23:19+02:00] SCENARIO END timestamp=2026-08-22T02:23:19+02:00 active_ue=7 rc=0
[2026-08-22T02:23:19+02:00] ================================================================
[2026-08-22T02:23:19+02:00] SCENARIO START timestamp=2026-08-22T02:23:19+02:00 active_ue=9 registered_ue_pool=50 target_host=192.168.1.211 ports=5201-5209 replacement_ports=5251-5265 bitrate_per_ue=1M start_delay=0.05 replacement_min_duration=5 adaptive_extension_max=1
[2026-08-22T02:23:19+02:00] ================================================================
[2026-08-22T02:23:19+02:00] UPF_CONTROL_SAMPLE timestamp=2026-08-22T02:23:14+02:00 scenario=ue_7 pod=open5gs-upf-5b9db6d44-nsbqz uid=7b5b8ef7-a2a2-4fe9-a3e1-74acd17bd88f restarts=6 usage_cpu=117m usage_mem=38Mi request_cpu=109m request_mem=250Mi limit_cpu=none limit_mem=none vpa_target_cpu=143m vpa_target_mem=250Mi vpa_uncapped_cpu=143m vpa_uncapped_mem=250Mi vpa_lower_cpu=40m vpa_lower_mem=250Mi vpa_upper_cpu=1500m vpa_upper_mem=512Mi
[2026-08-22T02:23:20+02:00] SCENARIO TUNNEL CHECK timestamp=2026-08-22T02:23:20+02:00 active_ue=9 current_tunnels=50 required=50
[2026-08-22T02:23:23+02:00] SCENARIO UPF BEFORE timestamp=2026-08-22T02:23:23+02:00 active_ue=9 pod=open5gs-upf-5b9db6d44-nsbqz uid=7b5b8ef7-a2a2-4fe9-a3e1-74acd17bd88f restarts=6
[2026-08-22T02:23:24+02:00] REMOTE_IPERF_PER_UE_START timestamp=2026-08-22T00:23:24+00:00 active_ues=9 tag=ue_9 iperf_host=192.168.1.211 base_port=5201 replacement_base_port=5251 duration=80 bitrate=1M start_delay=0.05 detection=no_rx_counter connect_timeout_s=4 stall_seconds=5 replacement_limit=15 replacement_min_duration_s=5 adaptive_extension_max_s=1 iperf_exit_grace_s=3 server_busy_port_rebinds=1 late_replacement_after_end=disabled wait_for_iperf_exit=until_timeout global_suspect_policy=soft_reuse ramp_supervision=after_initial_start
[2026-08-22T02:23:24+02:00] UE_POOL_STATUS timestamp=2026-08-22T00:23:24+00:00 active_ues=9 registered_tunnels=50 existing_global_suspect_ues=0 used_ues=0 policy=soft_reuse_global_suspects
[2026-08-22T02:23:24+02:00] UE_SLOT_ASSIGN timestamp=2026-08-22T00:23:24+00:00 active_ues=9 slot=0 ue_idx=0 ue_if=uesimtun0 ue_ip=10.45.1.246 candidate_reused_global_suspect=0
[2026-08-22T02:23:24+02:00] UE_SLOT_START timestamp=2026-08-22T00:23:24+00:00 active_ues=9 slot=0 attempt=1 ue_idx=0 ue_if=uesimtun0 ue_ip=10.45.1.246 target=192.168.1.211:5201 bitrate=1M duration_s=80 planned_end_epoch=1787358284 timeout_s=90 hard_timeout_epoch=1787358299 start_rx_bytes=369268
[2026-08-22T02:23:24+02:00] UE_SLOT_PID timestamp=2026-08-22T00:23:24+00:00 active_ues=9 slot=0 attempt=1 ue_idx=0 pid=7228
[2026-08-22T02:23:25+02:00] UE_SLOT_ASSIGN timestamp=2026-08-22T00:23:24+00:00 active_ues=9 slot=1 ue_idx=1 ue_if=uesimtun1 ue_ip=10.45.1.247 candidate_reused_global_suspect=0
[2026-08-22T02:23:25+02:00] UE_SLOT_START timestamp=2026-08-22T00:23:25+00:00 active_ues=9 slot=1 attempt=1 ue_idx=1 ue_if=uesimtun1 ue_ip=10.45.1.247 target=192.168.1.211:5202 bitrate=1M duration_s=80 planned_end_epoch=1787358284 timeout_s=90 hard_timeout_epoch=1787358300 start_rx_bytes=280964
[2026-08-22T02:23:25+02:00] UE_SLOT_PID timestamp=2026-08-22T00:23:25+00:00 active_ues=9 slot=1 attempt=1 ue_idx=1 pid=7253
[2026-08-22T02:23:25+02:00] UE_SLOT_ASSIGN timestamp=2026-08-22T00:23:25+00:00 active_ues=9 slot=2 ue_idx=2 ue_if=uesimtun2 ue_ip=10.45.1.248 candidate_reused_global_suspect=0
[2026-08-22T02:23:25+02:00] UE_SLOT_START timestamp=2026-08-22T00:23:25+00:00 active_ues=9 slot=2 attempt=1 ue_idx=2 ue_if=uesimtun2 ue_ip=10.45.1.248 target=192.168.1.211:5203 bitrate=1M duration_s=80 planned_end_epoch=1787358285 timeout_s=90 hard_timeout_epoch=1787358300 start_rx_bytes=271934
[2026-08-22T02:23:25+02:00] UE_SLOT_PID timestamp=2026-08-22T00:23:25+00:00 active_ues=9 slot=2 attempt=1 ue_idx=2 pid=7278
[2026-08-22T02:23:25+02:00] UE_SLOT_ASSIGN timestamp=2026-08-22T00:23:25+00:00 active_ues=9 slot=3 ue_idx=3 ue_if=uesimtun3 ue_ip=10.45.1.249 candidate_reused_global_suspect=0
[2026-08-22T02:23:25+02:00] UE_SLOT_START timestamp=2026-08-22T00:23:25+00:00 active_ues=9 slot=3 attempt=1 ue_idx=3 ue_if=uesimtun3 ue_ip=10.45.1.249 target=192.168.1.211:5204 bitrate=1M duration_s=80 planned_end_epoch=1787358285 timeout_s=90 hard_timeout_epoch=1787358300 start_rx_bytes=183219
[2026-08-22T02:23:25+02:00] UE_SLOT_PID timestamp=2026-08-22T00:23:25+00:00 active_ues=9 slot=3 attempt=1 ue_idx=3 pid=7303
[2026-08-22T02:23:25+02:00] UE_SLOT_ASSIGN timestamp=2026-08-22T00:23:25+00:00 active_ues=9 slot=4 ue_idx=4 ue_if=uesimtun4 ue_ip=10.45.1.250 candidate_reused_global_suspect=0
[2026-08-22T02:23:25+02:00] UE_SLOT_START timestamp=2026-08-22T00:23:25+00:00 active_ues=9 slot=4 attempt=1 ue_idx=4 ue_if=uesimtun4 ue_ip=10.45.1.250 target=192.168.1.211:5205 bitrate=1M duration_s=80 planned_end_epoch=1787358285 timeout_s=90 hard_timeout_epoch=1787358300 start_rx_bytes=180564
[2026-08-22T02:23:25+02:00] UE_SLOT_PID timestamp=2026-08-22T00:23:25+00:00 active_ues=9 slot=4 attempt=1 ue_idx=4 pid=7328
[2026-08-22T02:23:25+02:00] UE_SLOT_ASSIGN timestamp=2026-08-22T00:23:25+00:00 active_ues=9 slot=5 ue_idx=5 ue_if=uesimtun5 ue_ip=10.45.1.251 candidate_reused_global_suspect=0
[2026-08-22T02:23:25+02:00] UE_SLOT_START timestamp=2026-08-22T00:23:25+00:00 active_ues=9 slot=5 attempt=1 ue_idx=5 ue_if=uesimtun5 ue_ip=10.45.1.251 target=192.168.1.211:5206 bitrate=1M duration_s=80 planned_end_epoch=1787358285 timeout_s=90 hard_timeout_epoch=1787358300 start_rx_bytes=90977
[2026-08-22T02:23:26+02:00] UE_SLOT_PID timestamp=2026-08-22T00:23:25+00:00 active_ues=9 slot=5 attempt=1 ue_idx=5 pid=7353
[2026-08-22T02:23:26+02:00] UE_SLOT_ASSIGN timestamp=2026-08-22T00:23:26+00:00 active_ues=9 slot=6 ue_idx=6 ue_if=uesimtun6 ue_ip=10.45.1.252 candidate_reused_global_suspect=0
[2026-08-22T02:23:26+02:00] UE_SLOT_START timestamp=2026-08-22T00:23:26+00:00 active_ues=9 slot=6 attempt=1 ue_idx=6 ue_if=uesimtun6 ue_ip=10.45.1.252 target=192.168.1.211:5207 bitrate=1M duration_s=80 planned_end_epoch=1787358286 timeout_s=90 hard_timeout_epoch=1787358301 start_rx_bytes=92676
[2026-08-22T02:23:26+02:00] UE_SLOT_PID timestamp=2026-08-22T00:23:26+00:00 active_ues=9 slot=6 attempt=1 ue_idx=6 pid=7378
[2026-08-22T02:23:26+02:00] UE_SLOT_ASSIGN timestamp=2026-08-22T00:23:26+00:00 active_ues=9 slot=7 ue_idx=7 ue_if=uesimtun7 ue_ip=10.45.1.253 candidate_reused_global_suspect=0
[2026-08-22T02:23:26+02:00] UE_SLOT_START timestamp=2026-08-22T00:23:26+00:00 active_ues=9 slot=7 attempt=1 ue_idx=7 ue_if=uesimtun7 ue_ip=10.45.1.253 target=192.168.1.211:5208 bitrate=1M duration_s=80 planned_end_epoch=1787358286 timeout_s=90 hard_timeout_epoch=1787358301 start_rx_bytes=0
[2026-08-22T02:23:26+02:00] UE_SLOT_PID timestamp=2026-08-22T00:23:26+00:00 active_ues=9 slot=7 attempt=1 ue_idx=7 pid=7403
[2026-08-22T02:23:26+02:00] UE_SLOT_ASSIGN timestamp=2026-08-22T00:23:26+00:00 active_ues=9 slot=8 ue_idx=8 ue_if=uesimtun8 ue_ip=10.45.1.254 candidate_reused_global_suspect=0
[2026-08-22T02:23:26+02:00] UE_SLOT_START timestamp=2026-08-22T00:23:26+00:00 active_ues=9 slot=8 attempt=1 ue_idx=8 ue_if=uesimtun8 ue_ip=10.45.1.254 target=192.168.1.211:5209 bitrate=1M duration_s=80 planned_end_epoch=1787358286 timeout_s=90 hard_timeout_epoch=1787358301 start_rx_bytes=0
[2026-08-22T02:23:26+02:00] UE_SLOT_PID timestamp=2026-08-22T00:23:26+00:00 active_ues=9 slot=8 attempt=1 ue_idx=8 pid=7428
[2026-08-22T02:23:26+02:00] IPERF_MAPPING_SUMMARY timestamp=2026-08-22T00:23:26+00:00 active_ues=9 registered_tunnels=50 initial_ports=5201-5209 replacement_ports=5251-5265 bitrate=1M start_delay=0.05 detection=no_rx_counter replacement_min_duration_s=5 adaptive_extension_max_s=1 iperf_exit_grace_s=3 server_busy_port_rebinds=1 late_replacement_after_end=disabled wait_for_iperf_exit=until_timeout global_suspect_policy=soft_reuse ramp_supervision=after_initial_start
[2026-08-22T02:23:27+02:00] UPF_CONTROL_SAMPLE timestamp=2026-08-22T02:23:20+02:00 scenario=ue_9 pod=open5gs-upf-5b9db6d44-nsbqz uid=7b5b8ef7-a2a2-4fe9-a3e1-74acd17bd88f restarts=6 usage_cpu=35m usage_mem=38Mi request_cpu=109m request_mem=250Mi limit_cpu=none limit_mem=none vpa_target_cpu=143m vpa_target_mem=250Mi vpa_uncapped_cpu=143m vpa_uncapped_mem=250Mi vpa_lower_cpu=40m vpa_lower_mem=250Mi vpa_upper_cpu=1500m vpa_upper_mem=512Mi
[2026-08-22T02:23:34+02:00] UPF_REQUEST_CHANGE timestamp=2026-08-22T02:23:28+02:00 scenario=ue_9 pod=open5gs-upf-5b9db6d44-nsbqz uid=7b5b8ef7-a2a2-4fe9-a3e1-74acd17bd88f restarts=6 old='request_cpu=109m request_mem=250Mi limit_cpu=none limit_mem=none' new='request_cpu=143m request_mem=250Mi limit_cpu=none limit_mem=none' previous_5s_sample='timestamp=2026-08-22T02:23:20+02:00 scenario=ue_9 pod=open5gs-upf-5b9db6d44-nsbqz uid=7b5b8ef7-a2a2-4fe9-a3e1-74acd17bd88f restarts=6 usage_cpu=35m usage_mem=38Mi request_cpu=109m request_mem=250Mi limit_cpu=none limit_mem=none vpa_target_cpu=143m vpa_target_mem=250Mi vpa_uncapped_cpu=143m vpa_uncapped_mem=250Mi vpa_lower_cpu=40m vpa_lower_mem=250Mi vpa_upper_cpu=1500m vpa_upper_mem=512Mi' current_sample='timestamp=2026-08-22T02:23:28+02:00 scenario=ue_9 pod=open5gs-upf-5b9db6d44-nsbqz uid=7b5b8ef7-a2a2-4fe9-a3e1-74acd17bd88f restarts=6 usage_cpu=35m usage_mem=38Mi request_cpu=143m request_mem=250Mi limit_cpu=none limit_mem=none vpa_target_cpu=143m vpa_target_mem=250Mi vpa_uncapped_cpu=143m vpa_uncapped_mem=250Mi vpa_lower_cpu=40m vpa_lower_mem=250Mi vpa_upper_cpu=1500m vpa_upper_mem=512Mi'
[2026-08-22T02:23:34+02:00] UPF_CONTROL_SAMPLE timestamp=2026-08-22T02:23:28+02:00 scenario=ue_9 pod=open5gs-upf-5b9db6d44-nsbqz uid=7b5b8ef7-a2a2-4fe9-a3e1-74acd17bd88f restarts=6 usage_cpu=35m usage_mem=38Mi request_cpu=143m request_mem=250Mi limit_cpu=none limit_mem=none vpa_target_cpu=143m vpa_target_mem=250Mi vpa_uncapped_cpu=143m vpa_uncapped_mem=250Mi vpa_lower_cpu=40m vpa_lower_mem=250Mi vpa_upper_cpu=1500m vpa_upper_mem=512Mi
[2026-08-22T02:23:41+02:00] UPF_CONTROL_SAMPLE timestamp=2026-08-22T02:23:35+02:00 scenario=ue_9 pod=open5gs-upf-5b9db6d44-nsbqz uid=7b5b8ef7-a2a2-4fe9-a3e1-74acd17bd88f restarts=6 usage_cpu=35m usage_mem=38Mi request_cpu=143m request_mem=250Mi limit_cpu=none limit_mem=none vpa_target_cpu=143m vpa_target_mem=250Mi vpa_uncapped_cpu=143m vpa_uncapped_mem=250Mi vpa_lower_cpu=40m vpa_lower_mem=250Mi vpa_upper_cpu=1500m vpa_upper_mem=512Mi
[2026-08-22T02:23:48+02:00] VPA_RECOMMENDATION_CHANGE timestamp=2026-08-22T02:23:42+02:00 scenario=ue_9 old='vpa_target_cpu=143m vpa_target_mem=250Mi vpa_uncapped_cpu=143m vpa_uncapped_mem=250Mi vpa_lower_cpu=40m vpa_lower_mem=250Mi vpa_upper_cpu=1500m vpa_upper_mem=512Mi' new='vpa_target_cpu=182m vpa_target_mem=250Mi vpa_uncapped_cpu=182m vpa_uncapped_mem=250Mi vpa_lower_cpu=75m vpa_lower_mem=250Mi vpa_upper_cpu=1500m vpa_upper_mem=512Mi' previous_5s_sample='timestamp=2026-08-22T02:23:35+02:00 scenario=ue_9 pod=open5gs-upf-5b9db6d44-nsbqz uid=7b5b8ef7-a2a2-4fe9-a3e1-74acd17bd88f restarts=6 usage_cpu=35m usage_mem=38Mi request_cpu=143m request_mem=250Mi limit_cpu=none limit_mem=none vpa_target_cpu=143m vpa_target_mem=250Mi vpa_uncapped_cpu=143m vpa_uncapped_mem=250Mi vpa_lower_cpu=40m vpa_lower_mem=250Mi vpa_upper_cpu=1500m vpa_upper_mem=512Mi' current_sample='timestamp=2026-08-22T02:23:42+02:00 scenario=ue_9 pod=open5gs-upf-5b9db6d44-nsbqz uid=7b5b8ef7-a2a2-4fe9-a3e1-74acd17bd88f restarts=6 usage_cpu=148m usage_mem=39Mi request_cpu=143m request_mem=250Mi limit_cpu=none limit_mem=none vpa_target_cpu=182m vpa_target_mem=250Mi vpa_uncapped_cpu=182m vpa_uncapped_mem=250Mi vpa_lower_cpu=75m vpa_lower_mem=250Mi vpa_upper_cpu=1500m vpa_upper_mem=512Mi'
[2026-08-22T02:23:49+02:00] UPF_CONTROL_SAMPLE timestamp=2026-08-22T02:23:42+02:00 scenario=ue_9 pod=open5gs-upf-5b9db6d44-nsbqz uid=7b5b8ef7-a2a2-4fe9-a3e1-74acd17bd88f restarts=6 usage_cpu=148m usage_mem=39Mi request_cpu=143m request_mem=250Mi limit_cpu=none limit_mem=none vpa_target_cpu=182m vpa_target_mem=250Mi vpa_uncapped_cpu=182m vpa_uncapped_mem=250Mi vpa_lower_cpu=75m vpa_lower_mem=250Mi vpa_upper_cpu=1500m vpa_upper_mem=512Mi
[2026-08-22T02:23:54+02:00] UPF_CONTROL_SAMPLE timestamp=2026-08-22T02:23:50+02:00 scenario=ue_9 pod=open5gs-upf-5b9db6d44-nsbqz uid=7b5b8ef7-a2a2-4fe9-a3e1-74acd17bd88f restarts=6 usage_cpu=148m usage_mem=39Mi request_cpu=143m request_mem=250Mi limit_cpu=none limit_mem=none vpa_target_cpu=182m vpa_target_mem=250Mi vpa_uncapped_cpu=182m vpa_uncapped_mem=250Mi vpa_lower_cpu=75m vpa_lower_mem=250Mi vpa_upper_cpu=1500m vpa_upper_mem=512Mi
[2026-08-22T02:23:58+02:00] UPF_CONTROL_SAMPLE timestamp=2026-08-22T02:23:55+02:00 scenario=ue_9 pod=open5gs-upf-5b9db6d44-nsbqz uid=7b5b8ef7-a2a2-4fe9-a3e1-74acd17bd88f restarts=6 usage_cpu=151m usage_mem=39Mi request_cpu=143m request_mem=250Mi limit_cpu=none limit_mem=none vpa_target_cpu=182m vpa_target_mem=250Mi vpa_uncapped_cpu=182m vpa_uncapped_mem=250Mi vpa_lower_cpu=75m vpa_lower_mem=250Mi vpa_upper_cpu=1500m vpa_upper_mem=512Mi
[2026-08-22T02:24:03+02:00] UPF_CONTROL_SAMPLE timestamp=2026-08-22T02:23:59+02:00 scenario=ue_9 pod=open5gs-upf-5b9db6d44-nsbqz uid=7b5b8ef7-a2a2-4fe9-a3e1-74acd17bd88f restarts=6 usage_cpu=151m usage_mem=39Mi request_cpu=143m request_mem=250Mi limit_cpu=none limit_mem=none vpa_target_cpu=182m vpa_target_mem=250Mi vpa_uncapped_cpu=182m vpa_uncapped_mem=250Mi vpa_lower_cpu=75m vpa_lower_mem=250Mi vpa_upper_cpu=1500m vpa_upper_mem=512Mi
[2026-08-22T02:24:07+02:00] UPF_CONTROL_SAMPLE timestamp=2026-08-22T02:24:04+02:00 scenario=ue_9 pod=open5gs-upf-5b9db6d44-nsbqz uid=7b5b8ef7-a2a2-4fe9-a3e1-74acd17bd88f restarts=6 usage_cpu=151m usage_mem=39Mi request_cpu=143m request_mem=250Mi limit_cpu=none limit_mem=none vpa_target_cpu=182m vpa_target_mem=250Mi vpa_uncapped_cpu=182m vpa_uncapped_mem=250Mi vpa_lower_cpu=75m vpa_lower_mem=250Mi vpa_upper_cpu=1500m vpa_upper_mem=512Mi
[2026-08-22T02:24:12+02:00] UPF_CONTROL_SAMPLE timestamp=2026-08-22T02:24:09+02:00 scenario=ue_9 pod=open5gs-upf-5b9db6d44-nsbqz uid=7b5b8ef7-a2a2-4fe9-a3e1-74acd17bd88f restarts=6 usage_cpu=151m usage_mem=39Mi request_cpu=143m request_mem=250Mi limit_cpu=none limit_mem=none vpa_target_cpu=182m vpa_target_mem=250Mi vpa_uncapped_cpu=182m vpa_uncapped_mem=250Mi vpa_lower_cpu=75m vpa_lower_mem=250Mi vpa_upper_cpu=1500m vpa_upper_mem=512Mi
[2026-08-22T02:24:17+02:00] UPF_CONTROL_SAMPLE timestamp=2026-08-22T02:24:13+02:00 scenario=ue_9 pod=open5gs-upf-5b9db6d44-nsbqz uid=7b5b8ef7-a2a2-4fe9-a3e1-74acd17bd88f restarts=6 usage_cpu=151m usage_mem=39Mi request_cpu=143m request_mem=250Mi limit_cpu=none limit_mem=none vpa_target_cpu=182m vpa_target_mem=250Mi vpa_uncapped_cpu=182m vpa_uncapped_mem=250Mi vpa_lower_cpu=75m vpa_lower_mem=250Mi vpa_upper_cpu=1500m vpa_upper_mem=512Mi
[2026-08-22T02:24:21+02:00] UPF_CONTROL_SAMPLE timestamp=2026-08-22T02:24:18+02:00 scenario=ue_9 pod=open5gs-upf-5b9db6d44-nsbqz uid=7b5b8ef7-a2a2-4fe9-a3e1-74acd17bd88f restarts=6 usage_cpu=151m usage_mem=39Mi request_cpu=143m request_mem=250Mi limit_cpu=none limit_mem=none vpa_target_cpu=182m vpa_target_mem=250Mi vpa_uncapped_cpu=182m vpa_uncapped_mem=250Mi vpa_lower_cpu=75m vpa_lower_mem=250Mi vpa_upper_cpu=1500m vpa_upper_mem=512Mi
[2026-08-22T02:24:25+02:00] UPF_CONTROL_SAMPLE timestamp=2026-08-22T02:24:22+02:00 scenario=ue_9 pod=open5gs-upf-5b9db6d44-nsbqz uid=7b5b8ef7-a2a2-4fe9-a3e1-74acd17bd88f restarts=6 usage_cpu=151m usage_mem=39Mi request_cpu=143m request_mem=250Mi limit_cpu=none limit_mem=none vpa_target_cpu=182m vpa_target_mem=250Mi vpa_uncapped_cpu=182m vpa_uncapped_mem=250Mi vpa_lower_cpu=75m vpa_lower_mem=250Mi vpa_upper_cpu=1500m vpa_upper_mem=512Mi
[2026-08-22T02:24:30+02:00] UPF_REQUEST_CHANGE timestamp=2026-08-22T02:24:27+02:00 scenario=ue_9 pod=open5gs-upf-5b9db6d44-nsbqz uid=7b5b8ef7-a2a2-4fe9-a3e1-74acd17bd88f restarts=6 old='request_cpu=143m request_mem=250Mi limit_cpu=none limit_mem=none' new='request_cpu=182m request_mem=250Mi limit_cpu=none limit_mem=none' previous_5s_sample='timestamp=2026-08-22T02:24:22+02:00 scenario=ue_9 pod=open5gs-upf-5b9db6d44-nsbqz uid=7b5b8ef7-a2a2-4fe9-a3e1-74acd17bd88f restarts=6 usage_cpu=151m usage_mem=39Mi request_cpu=143m request_mem=250Mi limit_cpu=none limit_mem=none vpa_target_cpu=182m vpa_target_mem=250Mi vpa_uncapped_cpu=182m vpa_uncapped_mem=250Mi vpa_lower_cpu=75m vpa_lower_mem=250Mi vpa_upper_cpu=1500m vpa_upper_mem=512Mi' current_sample='timestamp=2026-08-22T02:24:27+02:00 scenario=ue_9 pod=open5gs-upf-5b9db6d44-nsbqz uid=7b5b8ef7-a2a2-4fe9-a3e1-74acd17bd88f restarts=6 usage_cpu=156m usage_mem=39Mi request_cpu=182m request_mem=250Mi limit_cpu=none limit_mem=none vpa_target_cpu=182m vpa_target_mem=250Mi vpa_uncapped_cpu=182m vpa_uncapped_mem=250Mi vpa_lower_cpu=75m vpa_lower_mem=250Mi vpa_upper_cpu=1500m vpa_upper_mem=512Mi'
[2026-08-22T02:24:30+02:00] UPF_CONTROL_SAMPLE timestamp=2026-08-22T02:24:27+02:00 scenario=ue_9 pod=open5gs-upf-5b9db6d44-nsbqz uid=7b5b8ef7-a2a2-4fe9-a3e1-74acd17bd88f restarts=6 usage_cpu=156m usage_mem=39Mi request_cpu=182m request_mem=250Mi limit_cpu=none limit_mem=none vpa_target_cpu=182m vpa_target_mem=250Mi vpa_uncapped_cpu=182m vpa_uncapped_mem=250Mi vpa_lower_cpu=75m vpa_lower_mem=250Mi vpa_upper_cpu=1500m vpa_upper_mem=512Mi
[2026-08-22T02:24:35+02:00] UPF_CONTROL_SAMPLE timestamp=2026-08-22T02:24:31+02:00 scenario=ue_9 pod=open5gs-upf-5b9db6d44-nsbqz uid=7b5b8ef7-a2a2-4fe9-a3e1-74acd17bd88f restarts=6 usage_cpu=156m usage_mem=39Mi request_cpu=182m request_mem=250Mi limit_cpu=none limit_mem=none vpa_target_cpu=182m vpa_target_mem=250Mi vpa_uncapped_cpu=182m vpa_uncapped_mem=250Mi vpa_lower_cpu=75m vpa_lower_mem=250Mi vpa_upper_cpu=1500m vpa_upper_mem=512Mi
[2026-08-22T02:24:39+02:00] UPF_CONTROL_SAMPLE timestamp=2026-08-22T02:24:36+02:00 scenario=ue_9 pod=open5gs-upf-5b9db6d44-nsbqz uid=7b5b8ef7-a2a2-4fe9-a3e1-74acd17bd88f restarts=6 usage_cpu=156m usage_mem=39Mi request_cpu=182m request_mem=250Mi limit_cpu=none limit_mem=none vpa_target_cpu=182m vpa_target_mem=250Mi vpa_uncapped_cpu=182m vpa_uncapped_mem=250Mi vpa_lower_cpu=75m vpa_lower_mem=250Mi vpa_upper_cpu=1500m vpa_upper_mem=512Mi
[2026-08-22T02:24:44+02:00] UPF_CONTROL_SAMPLE timestamp=2026-08-22T02:24:41+02:00 scenario=ue_9 pod=open5gs-upf-5b9db6d44-nsbqz uid=7b5b8ef7-a2a2-4fe9-a3e1-74acd17bd88f restarts=6 usage_cpu=151m usage_mem=39Mi request_cpu=182m request_mem=250Mi limit_cpu=none limit_mem=none vpa_target_cpu=182m vpa_target_mem=250Mi vpa_uncapped_cpu=182m vpa_uncapped_mem=250Mi vpa_lower_cpu=75m vpa_lower_mem=250Mi vpa_upper_cpu=1500m vpa_upper_mem=512Mi
[2026-08-22T02:24:45+02:00] UE_SLOT_DONE timestamp=2026-08-22T00:24:45+00:00 active_ues=9 slot=0 attempt=1 ue_idx=0 ue_if=uesimtun0 ue_ip=10.45.1.246 port=5201 rc=0 replacements_for_slot=0 server_busy_retries_for_slot=0
[2026-08-22T02:24:45+02:00] UE_SLOT_DONE timestamp=2026-08-22T00:24:45+00:00 active_ues=9 slot=1 attempt=1 ue_idx=1 ue_if=uesimtun1 ue_ip=10.45.1.247 port=5202 rc=0 replacements_for_slot=0 server_busy_retries_for_slot=0
[2026-08-22T02:24:45+02:00] UE_SLOT_DONE timestamp=2026-08-22T00:24:45+00:00 active_ues=9 slot=2 attempt=1 ue_idx=2 ue_if=uesimtun2 ue_ip=10.45.1.248 port=5203 rc=0 replacements_for_slot=0 server_busy_retries_for_slot=0
[2026-08-22T02:24:45+02:00] UE_SLOT_DONE timestamp=2026-08-22T00:24:45+00:00 active_ues=9 slot=3 attempt=1 ue_idx=3 ue_if=uesimtun3 ue_ip=10.45.1.249 port=5204 rc=0 replacements_for_slot=0 server_busy_retries_for_slot=0
[2026-08-22T02:24:47+02:00] UE_SLOT_DONE timestamp=2026-08-22T00:24:46+00:00 active_ues=9 slot=4 attempt=1 ue_idx=4 ue_if=uesimtun4 ue_ip=10.45.1.250 port=5205 rc=0 replacements_for_slot=0 server_busy_retries_for_slot=0
[2026-08-22T02:24:47+02:00] UE_SLOT_DONE timestamp=2026-08-22T00:24:47+00:00 active_ues=9 slot=5 attempt=1 ue_idx=5 ue_if=uesimtun5 ue_ip=10.45.1.251 port=5206 rc=0 replacements_for_slot=0 server_busy_retries_for_slot=0
[2026-08-22T02:24:47+02:00] UE_SLOT_DONE timestamp=2026-08-22T00:24:47+00:00 active_ues=9 slot=6 attempt=1 ue_idx=6 ue_if=uesimtun6 ue_ip=10.45.1.252 port=5207 rc=0 replacements_for_slot=0 server_busy_retries_for_slot=0
[2026-08-22T02:24:47+02:00] UE_SLOT_DONE timestamp=2026-08-22T00:24:47+00:00 active_ues=9 slot=7 attempt=1 ue_idx=7 ue_if=uesimtun7 ue_ip=10.45.1.253 port=5208 rc=0 replacements_for_slot=0 server_busy_retries_for_slot=0
[2026-08-22T02:24:47+02:00] UE_SLOT_DONE timestamp=2026-08-22T00:24:47+00:00 active_ues=9 slot=8 attempt=1 ue_idx=8 ue_if=uesimtun8 ue_ip=10.45.1.254 port=5209 rc=0 replacements_for_slot=0 server_busy_retries_for_slot=0
[2026-08-22T02:24:48+02:00] TRAFFIC_SUMMARY timestamp=2026-08-22T00:24:48+00:00 registered_tunnels=50 active_ues=9 target_slots=9 completed_slots=9 final_failed_slots=0 replacements=0 problematic_ues=0 zombie_ues=0 connect_timeouts=0 stalls=0 deferred_stalls=0 process_failures=0 server_busy_retries=0 server_busy_failures=0 late_timeouts_accepted=0 scenario_bad_ues=0 global_suspect_ues=0 used_ues=9 target_host=192.168.1.211 initial_ports=5201-5209 replacement_ports=5251-5265 bitrate=1M start_delay=0.05 detection=no_rx_counter replacement_min_duration_s=5 adaptive_extension_max_s=1 iperf_exit_grace_s=3 server_busy_retries_limit=1 server_busy_retry_delay_s=2 late_replacement_after_end=disabled wait_for_iperf_exit=until_timeout global_suspect_policy=soft_reuse ramp_supervision=after_initial_start
[2026-08-22T02:24:48+02:00] UE_POOL_SCENARIO_BAD_CURRENT timestamp=2026-08-22T00:24:48+00:00 active_ues=9 indexes=
[2026-08-22T02:24:48+02:00] UE_POOL_GLOBAL_SUSPECT_CURRENT timestamp=2026-08-22T00:24:48+00:00 active_ues=9 indexes=
[2026-08-22T02:24:48+02:00] REMOTE_IPERF_PER_UE_END timestamp=2026-08-22T00:24:48+00:00 active_ues=9 tag=ue_9 final_rc=0 completed_slots=9 replacements=0 problematic_ues=0 server_busy_retries=0 deferred_stalls=0 late_timeouts_accepted=0
[2026-08-22T02:24:48+02:00] SCENARIO TRAFFIC COMMAND END timestamp=2026-08-22T02:24:48+02:00 active_ue=9 rc=0
[2026-08-22T02:24:49+02:00] VPA_RECOMMENDATION_CHANGE timestamp=2026-08-22T02:24:45+02:00 scenario=ue_9 old='vpa_target_cpu=182m vpa_target_mem=250Mi vpa_uncapped_cpu=182m vpa_uncapped_mem=250Mi vpa_lower_cpu=75m vpa_lower_mem=250Mi vpa_upper_cpu=1500m vpa_upper_mem=512Mi' new='vpa_target_cpu=182m vpa_target_mem=250Mi vpa_uncapped_cpu=182m vpa_uncapped_mem=250Mi vpa_lower_cpu=78m vpa_lower_mem=250Mi vpa_upper_cpu=1500m vpa_upper_mem=512Mi' previous_5s_sample='timestamp=2026-08-22T02:24:36+02:00 scenario=ue_9 pod=open5gs-upf-5b9db6d44-nsbqz uid=7b5b8ef7-a2a2-4fe9-a3e1-74acd17bd88f restarts=6 usage_cpu=156m usage_mem=39Mi request_cpu=182m request_mem=250Mi limit_cpu=none limit_mem=none vpa_target_cpu=182m vpa_target_mem=250Mi vpa_uncapped_cpu=182m vpa_uncapped_mem=250Mi vpa_lower_cpu=75m vpa_lower_mem=250Mi vpa_upper_cpu=1500m vpa_upper_mem=512Mi' current_sample='timestamp=2026-08-22T02:24:45+02:00 scenario=ue_9 pod=open5gs-upf-5b9db6d44-nsbqz uid=7b5b8ef7-a2a2-4fe9-a3e1-74acd17bd88f restarts=6 usage_cpu=151m usage_mem=39Mi request_cpu=182m request_mem=250Mi limit_cpu=none limit_mem=none vpa_target_cpu=182m vpa_target_mem=250Mi vpa_uncapped_cpu=182m vpa_uncapped_mem=250Mi vpa_lower_cpu=78m vpa_lower_mem=250Mi vpa_upper_cpu=1500m vpa_upper_mem=512Mi'
[2026-08-22T02:24:49+02:00] UPF_CONTROL_SAMPLE timestamp=2026-08-22T02:24:45+02:00 scenario=ue_9 pod=open5gs-upf-5b9db6d44-nsbqz uid=7b5b8ef7-a2a2-4fe9-a3e1-74acd17bd88f restarts=6 usage_cpu=151m usage_mem=39Mi request_cpu=182m request_mem=250Mi limit_cpu=none limit_mem=none vpa_target_cpu=182m vpa_target_mem=250Mi vpa_uncapped_cpu=182m vpa_uncapped_mem=250Mi vpa_lower_cpu=78m vpa_lower_mem=250Mi vpa_upper_cpu=1500m vpa_upper_mem=512Mi
[2026-08-22T02:24:50+02:00] SCENARIO UPF AFTER timestamp=2026-08-22T02:24:50+02:00 active_ue=9 pod=open5gs-upf-5b9db6d44-nsbqz uid=7b5b8ef7-a2a2-4fe9-a3e1-74acd17bd88f restarts=6
[2026-08-22T02:24:50+02:00] SCENARIO END timestamp=2026-08-22T02:24:50+02:00 active_ue=9 rc=0
[2026-08-22T02:24:50+02:00] ================================================================
[2026-08-22T02:24:50+02:00] SCENARIO START timestamp=2026-08-22T02:24:50+02:00 active_ue=11 registered_ue_pool=50 target_host=192.168.1.211 ports=5201-5211 replacement_ports=5251-5265 bitrate_per_ue=1M start_delay=0.05 replacement_min_duration=5 adaptive_extension_max=1
[2026-08-22T02:24:50+02:00] ================================================================
[2026-08-22T02:24:51+02:00] SCENARIO TUNNEL CHECK timestamp=2026-08-22T02:24:51+02:00 active_ue=11 current_tunnels=50 required=50
[2026-08-22T02:24:52+02:00] SCENARIO UPF BEFORE timestamp=2026-08-22T02:24:52+02:00 active_ue=11 pod=open5gs-upf-5b9db6d44-nsbqz uid=7b5b8ef7-a2a2-4fe9-a3e1-74acd17bd88f restarts=6
[2026-08-22T02:24:53+02:00] REMOTE_IPERF_PER_UE_START timestamp=2026-08-22T00:24:53+00:00 active_ues=11 tag=ue_11 iperf_host=192.168.1.211 base_port=5201 replacement_base_port=5251 duration=80 bitrate=1M start_delay=0.05 detection=no_rx_counter connect_timeout_s=4 stall_seconds=5 replacement_limit=15 replacement_min_duration_s=5 adaptive_extension_max_s=1 iperf_exit_grace_s=3 server_busy_port_rebinds=1 late_replacement_after_end=disabled wait_for_iperf_exit=until_timeout global_suspect_policy=soft_reuse ramp_supervision=after_initial_start
[2026-08-22T02:24:54+02:00] UE_POOL_STATUS timestamp=2026-08-22T00:24:54+00:00 active_ues=11 registered_tunnels=50 existing_global_suspect_ues=0 used_ues=0 policy=soft_reuse_global_suspects
[2026-08-22T02:24:54+02:00] UE_SLOT_ASSIGN timestamp=2026-08-22T00:24:54+00:00 active_ues=11 slot=0 ue_idx=0 ue_if=uesimtun0 ue_ip=10.45.1.246 candidate_reused_global_suspect=0
[2026-08-22T02:24:54+02:00] UE_SLOT_START timestamp=2026-08-22T00:24:54+00:00 active_ues=11 slot=0 attempt=1 ue_idx=0 ue_if=uesimtun0 ue_ip=10.45.1.246 target=192.168.1.211:5201 bitrate=1M duration_s=80 planned_end_epoch=1787358374 timeout_s=90 hard_timeout_epoch=1787358389 start_rx_bytes=463628
[2026-08-22T02:24:54+02:00] UE_SLOT_PID timestamp=2026-08-22T00:24:54+00:00 active_ues=11 slot=0 attempt=1 ue_idx=0 pid=9704
[2026-08-22T02:24:54+02:00] UE_SLOT_ASSIGN timestamp=2026-08-22T00:24:54+00:00 active_ues=11 slot=1 ue_idx=1 ue_if=uesimtun1 ue_ip=10.45.1.247 candidate_reused_global_suspect=0
[2026-08-22T02:24:54+02:00] UE_SLOT_START timestamp=2026-08-22T00:24:54+00:00 active_ues=11 slot=1 attempt=1 ue_idx=1 ue_if=uesimtun1 ue_ip=10.45.1.247 target=192.168.1.211:5202 bitrate=1M duration_s=80 planned_end_epoch=1787358374 timeout_s=90 hard_timeout_epoch=1787358389 start_rx_bytes=377000
[2026-08-22T02:24:54+02:00] UE_SLOT_PID timestamp=2026-08-22T00:24:54+00:00 active_ues=11 slot=1 attempt=1 ue_idx=1 pid=9729
[2026-08-22T02:24:54+02:00] UPF_CONTROL_SAMPLE timestamp=2026-08-22T02:24:50+02:00 scenario=ue_11 pod=open5gs-upf-5b9db6d44-nsbqz uid=7b5b8ef7-a2a2-4fe9-a3e1-74acd17bd88f restarts=6 usage_cpu=151m usage_mem=39Mi request_cpu=182m request_mem=250Mi limit_cpu=none limit_mem=none vpa_target_cpu=182m vpa_target_mem=250Mi vpa_uncapped_cpu=182m vpa_uncapped_mem=250Mi vpa_lower_cpu=78m vpa_lower_mem=250Mi vpa_upper_cpu=1500m vpa_upper_mem=512Mi
[2026-08-22T02:24:54+02:00] UE_SLOT_ASSIGN timestamp=2026-08-22T00:24:54+00:00 active_ues=11 slot=2 ue_idx=2 ue_if=uesimtun2 ue_ip=10.45.1.248 candidate_reused_global_suspect=0
[2026-08-22T02:24:54+02:00] UE_SLOT_START timestamp=2026-08-22T00:24:54+00:00 active_ues=11 slot=2 attempt=1 ue_idx=2 ue_if=uesimtun2 ue_ip=10.45.1.248 target=192.168.1.211:5203 bitrate=1M duration_s=80 planned_end_epoch=1787358374 timeout_s=90 hard_timeout_epoch=1787358389 start_rx_bytes=366388
[2026-08-22T02:24:54+02:00] UE_SLOT_PID timestamp=2026-08-22T00:24:54+00:00 active_ues=11 slot=2 attempt=1 ue_idx=2 pid=9754
[2026-08-22T02:24:54+02:00] UE_SLOT_ASSIGN timestamp=2026-08-22T00:24:54+00:00 active_ues=11 slot=3 ue_idx=3 ue_if=uesimtun3 ue_ip=10.45.1.249 candidate_reused_global_suspect=0
[2026-08-22T02:24:54+02:00] UE_SLOT_START timestamp=2026-08-22T00:24:54+00:00 active_ues=11 slot=3 attempt=1 ue_idx=3 ue_if=uesimtun3 ue_ip=10.45.1.249 target=192.168.1.211:5204 bitrate=1M duration_s=80 planned_end_epoch=1787358374 timeout_s=90 hard_timeout_epoch=1787358389 start_rx_bytes=275395
[2026-08-22T02:24:54+02:00] UE_SLOT_PID timestamp=2026-08-22T00:24:54+00:00 active_ues=11 slot=3 attempt=1 ue_idx=3 pid=9779
[2026-08-22T02:24:55+02:00] UE_SLOT_ASSIGN timestamp=2026-08-22T00:24:54+00:00 active_ues=11 slot=4 ue_idx=4 ue_if=uesimtun4 ue_ip=10.45.1.250 candidate_reused_global_suspect=0
[2026-08-22T02:24:55+02:00] UE_SLOT_START timestamp=2026-08-22T00:24:55+00:00 active_ues=11 slot=4 attempt=1 ue_idx=4 ue_if=uesimtun4 ue_ip=10.45.1.250 target=192.168.1.211:5205 bitrate=1M duration_s=80 planned_end_epoch=1787358374 timeout_s=90 hard_timeout_epoch=1787358390 start_rx_bytes=275144
[2026-08-22T02:24:55+02:00] UE_SLOT_PID timestamp=2026-08-22T00:24:55+00:00 active_ues=11 slot=4 attempt=1 ue_idx=4 pid=9804
[2026-08-22T02:24:55+02:00] UE_SLOT_ASSIGN timestamp=2026-08-22T00:24:55+00:00 active_ues=11 slot=5 ue_idx=5 ue_if=uesimtun5 ue_ip=10.45.1.251 candidate_reused_global_suspect=0
[2026-08-22T02:24:55+02:00] UE_SLOT_START timestamp=2026-08-22T00:24:55+00:00 active_ues=11 slot=5 attempt=1 ue_idx=5 ue_if=uesimtun5 ue_ip=10.45.1.251 target=192.168.1.211:5206 bitrate=1M duration_s=80 planned_end_epoch=1787358375 timeout_s=90 hard_timeout_epoch=1787358390 start_rx_bytes=184137
[2026-08-22T02:24:55+02:00] UE_SLOT_PID timestamp=2026-08-22T00:24:55+00:00 active_ues=11 slot=5 attempt=1 ue_idx=5 pid=9829
[2026-08-22T02:24:55+02:00] UE_SLOT_ASSIGN timestamp=2026-08-22T00:24:55+00:00 active_ues=11 slot=6 ue_idx=6 ue_if=uesimtun6 ue_ip=10.45.1.252 candidate_reused_global_suspect=0
[2026-08-22T02:24:55+02:00] UE_SLOT_START timestamp=2026-08-22T00:24:55+00:00 active_ues=11 slot=6 attempt=1 ue_idx=6 ue_if=uesimtun6 ue_ip=10.45.1.252 target=192.168.1.211:5207 bitrate=1M duration_s=80 planned_end_epoch=1787358375 timeout_s=90 hard_timeout_epoch=1787358390 start_rx_bytes=186780
[2026-08-22T02:24:55+02:00] UE_SLOT_PID timestamp=2026-08-22T00:24:55+00:00 active_ues=11 slot=6 attempt=1 ue_idx=6 pid=9854
[2026-08-22T02:24:55+02:00] UE_SLOT_ASSIGN timestamp=2026-08-22T00:24:55+00:00 active_ues=11 slot=7 ue_idx=7 ue_if=uesimtun7 ue_ip=10.45.1.253 candidate_reused_global_suspect=0
[2026-08-22T02:24:55+02:00] UE_SLOT_START timestamp=2026-08-22T00:24:55+00:00 active_ues=11 slot=7 attempt=1 ue_idx=7 ue_if=uesimtun7 ue_ip=10.45.1.253 target=192.168.1.211:5208 bitrate=1M duration_s=80 planned_end_epoch=1787358375 timeout_s=90 hard_timeout_epoch=1787358390 start_rx_bytes=91857
[2026-08-22T02:24:55+02:00] UE_SLOT_PID timestamp=2026-08-22T00:24:55+00:00 active_ues=11 slot=7 attempt=1 ue_idx=7 pid=9879
[2026-08-22T02:24:55+02:00] UE_SLOT_ASSIGN timestamp=2026-08-22T00:24:55+00:00 active_ues=11 slot=8 ue_idx=8 ue_if=uesimtun8 ue_ip=10.45.1.254 candidate_reused_global_suspect=0
[2026-08-22T02:24:55+02:00] UE_SLOT_START timestamp=2026-08-22T00:24:55+00:00 active_ues=11 slot=8 attempt=1 ue_idx=8 ue_if=uesimtun8 ue_ip=10.45.1.254 target=192.168.1.211:5209 bitrate=1M duration_s=80 planned_end_epoch=1787358375 timeout_s=90 hard_timeout_epoch=1787358390 start_rx_bytes=93448
[2026-08-22T02:24:55+02:00] UE_SLOT_PID timestamp=2026-08-22T00:24:55+00:00 active_ues=11 slot=8 attempt=1 ue_idx=8 pid=9904
[2026-08-22T02:24:56+02:00] UE_SLOT_ASSIGN timestamp=2026-08-22T00:24:56+00:00 active_ues=11 slot=9 ue_idx=9 ue_if=uesimtun9 ue_ip=10.45.1.255 candidate_reused_global_suspect=0
[2026-08-22T02:24:56+02:00] UE_SLOT_START timestamp=2026-08-22T00:24:56+00:00 active_ues=11 slot=9 attempt=1 ue_idx=9 ue_if=uesimtun9 ue_ip=10.45.1.255 target=192.168.1.211:5210 bitrate=1M duration_s=80 planned_end_epoch=1787358376 timeout_s=90 hard_timeout_epoch=1787358391 start_rx_bytes=0
[2026-08-22T02:24:56+02:00] UE_SLOT_PID timestamp=2026-08-22T00:24:56+00:00 active_ues=11 slot=9 attempt=1 ue_idx=9 pid=9929
[2026-08-22T02:24:56+02:00] UE_SLOT_ASSIGN timestamp=2026-08-22T00:24:56+00:00 active_ues=11 slot=10 ue_idx=10 ue_if=uesimtun10 ue_ip=10.45.2.2 candidate_reused_global_suspect=0
[2026-08-22T02:24:56+02:00] UE_SLOT_START timestamp=2026-08-22T00:24:56+00:00 active_ues=11 slot=10 attempt=1 ue_idx=10 ue_if=uesimtun10 ue_ip=10.45.2.2 target=192.168.1.211:5211 bitrate=1M duration_s=80 planned_end_epoch=1787358376 timeout_s=90 hard_timeout_epoch=1787358391 start_rx_bytes=0
[2026-08-22T02:24:56+02:00] UE_SLOT_PID timestamp=2026-08-22T00:24:56+00:00 active_ues=11 slot=10 attempt=1 ue_idx=10 pid=9954
[2026-08-22T02:24:56+02:00] IPERF_MAPPING_SUMMARY timestamp=2026-08-22T00:24:56+00:00 active_ues=11 registered_tunnels=50 initial_ports=5201-5211 replacement_ports=5251-5265 bitrate=1M start_delay=0.05 detection=no_rx_counter replacement_min_duration_s=5 adaptive_extension_max_s=1 iperf_exit_grace_s=3 server_busy_port_rebinds=1 late_replacement_after_end=disabled wait_for_iperf_exit=until_timeout global_suspect_policy=soft_reuse ramp_supervision=after_initial_start
[2026-08-22T02:24:59+02:00] UPF_CONTROL_SAMPLE timestamp=2026-08-22T02:24:55+02:00 scenario=ue_11 pod=open5gs-upf-5b9db6d44-nsbqz uid=7b5b8ef7-a2a2-4fe9-a3e1-74acd17bd88f restarts=6 usage_cpu=156m usage_mem=38Mi request_cpu=182m request_mem=250Mi limit_cpu=none limit_mem=none vpa_target_cpu=182m vpa_target_mem=250Mi vpa_uncapped_cpu=182m vpa_uncapped_mem=250Mi vpa_lower_cpu=78m vpa_lower_mem=250Mi vpa_upper_cpu=1500m vpa_upper_mem=512Mi
[2026-08-22T02:25:04+02:00] UPF_CONTROL_SAMPLE timestamp=2026-08-22T02:25:00+02:00 scenario=ue_11 pod=open5gs-upf-5b9db6d44-nsbqz uid=7b5b8ef7-a2a2-4fe9-a3e1-74acd17bd88f restarts=6 usage_cpu=156m usage_mem=38Mi request_cpu=182m request_mem=250Mi limit_cpu=none limit_mem=none vpa_target_cpu=182m vpa_target_mem=250Mi vpa_uncapped_cpu=182m vpa_uncapped_mem=250Mi vpa_lower_cpu=78m vpa_lower_mem=250Mi vpa_upper_cpu=1500m vpa_upper_mem=512Mi
[2026-08-22T02:25:08+02:00] UPF_CONTROL_SAMPLE timestamp=2026-08-22T02:25:05+02:00 scenario=ue_11 pod=open5gs-upf-5b9db6d44-nsbqz uid=7b5b8ef7-a2a2-4fe9-a3e1-74acd17bd88f restarts=6 usage_cpu=156m usage_mem=38Mi request_cpu=182m request_mem=250Mi limit_cpu=none limit_mem=none vpa_target_cpu=182m vpa_target_mem=250Mi vpa_uncapped_cpu=182m vpa_uncapped_mem=250Mi vpa_lower_cpu=78m vpa_lower_mem=250Mi vpa_upper_cpu=1500m vpa_upper_mem=512Mi
[2026-08-22T02:25:12+02:00] UPF_CONTROL_SAMPLE timestamp=2026-08-22T02:25:09+02:00 scenario=ue_11 pod=open5gs-upf-5b9db6d44-nsbqz uid=7b5b8ef7-a2a2-4fe9-a3e1-74acd17bd88f restarts=6 usage_cpu=66m usage_mem=38Mi request_cpu=182m request_mem=250Mi limit_cpu=none limit_mem=none vpa_target_cpu=182m vpa_target_mem=250Mi vpa_uncapped_cpu=182m vpa_uncapped_mem=250Mi vpa_lower_cpu=78m vpa_lower_mem=250Mi vpa_upper_cpu=1500m vpa_upper_mem=512Mi
[2026-08-22T02:25:17+02:00] UPF_CONTROL_SAMPLE timestamp=2026-08-22T02:25:13+02:00 scenario=ue_11 pod=open5gs-upf-5b9db6d44-nsbqz uid=7b5b8ef7-a2a2-4fe9-a3e1-74acd17bd88f restarts=6 usage_cpu=66m usage_mem=38Mi request_cpu=182m request_mem=250Mi limit_cpu=none limit_mem=none vpa_target_cpu=182m vpa_target_mem=250Mi vpa_uncapped_cpu=182m vpa_uncapped_mem=250Mi vpa_lower_cpu=78m vpa_lower_mem=250Mi vpa_upper_cpu=1500m vpa_upper_mem=512Mi
[2026-08-22T02:25:22+02:00] UPF_CONTROL_SAMPLE timestamp=2026-08-22T02:25:18+02:00 scenario=ue_11 pod=open5gs-upf-5b9db6d44-nsbqz uid=7b5b8ef7-a2a2-4fe9-a3e1-74acd17bd88f restarts=6 usage_cpu=66m usage_mem=38Mi request_cpu=182m request_mem=250Mi limit_cpu=none limit_mem=none vpa_target_cpu=182m vpa_target_mem=250Mi vpa_uncapped_cpu=182m vpa_uncapped_mem=250Mi vpa_lower_cpu=78m vpa_lower_mem=250Mi vpa_upper_cpu=1500m vpa_upper_mem=512Mi
[2026-08-22T02:25:26+02:00] UPF_CONTROL_SAMPLE timestamp=2026-08-22T02:25:23+02:00 scenario=ue_11 pod=open5gs-upf-5b9db6d44-nsbqz uid=7b5b8ef7-a2a2-4fe9-a3e1-74acd17bd88f restarts=6 usage_cpu=178m usage_mem=39Mi request_cpu=182m request_mem=250Mi limit_cpu=none limit_mem=none vpa_target_cpu=182m vpa_target_mem=250Mi vpa_uncapped_cpu=182m vpa_uncapped_mem=250Mi vpa_lower_cpu=78m vpa_lower_mem=250Mi vpa_upper_cpu=1500m vpa_upper_mem=512Mi
[2026-08-22T02:25:31+02:00] UPF_CONTROL_SAMPLE timestamp=2026-08-22T02:25:27+02:00 scenario=ue_11 pod=open5gs-upf-5b9db6d44-nsbqz uid=7b5b8ef7-a2a2-4fe9-a3e1-74acd17bd88f restarts=6 usage_cpu=178m usage_mem=39Mi request_cpu=182m request_mem=250Mi limit_cpu=none limit_mem=none vpa_target_cpu=182m vpa_target_mem=250Mi vpa_uncapped_cpu=182m vpa_uncapped_mem=250Mi vpa_lower_cpu=78m vpa_lower_mem=250Mi vpa_upper_cpu=1500m vpa_upper_mem=512Mi
[2026-08-22T02:25:35+02:00] UPF_CONTROL_SAMPLE timestamp=2026-08-22T02:25:32+02:00 scenario=ue_11 pod=open5gs-upf-5b9db6d44-nsbqz uid=7b5b8ef7-a2a2-4fe9-a3e1-74acd17bd88f restarts=6 usage_cpu=178m usage_mem=39Mi request_cpu=182m request_mem=250Mi limit_cpu=none limit_mem=none vpa_target_cpu=182m vpa_target_mem=250Mi vpa_uncapped_cpu=182m vpa_uncapped_mem=250Mi vpa_lower_cpu=78m vpa_lower_mem=250Mi vpa_upper_cpu=1500m vpa_upper_mem=512Mi
[2026-08-22T02:25:40+02:00] UPF_CONTROL_SAMPLE timestamp=2026-08-22T02:25:36+02:00 scenario=ue_11 pod=open5gs-upf-5b9db6d44-nsbqz uid=7b5b8ef7-a2a2-4fe9-a3e1-74acd17bd88f restarts=6 usage_cpu=178m usage_mem=39Mi request_cpu=182m request_mem=250Mi limit_cpu=none limit_mem=none vpa_target_cpu=182m vpa_target_mem=250Mi vpa_uncapped_cpu=182m vpa_uncapped_mem=250Mi vpa_lower_cpu=78m vpa_lower_mem=250Mi vpa_upper_cpu=1500m vpa_upper_mem=512Mi
[2026-08-22T02:25:44+02:00] UPF_CONTROL_SAMPLE timestamp=2026-08-22T02:25:41+02:00 scenario=ue_11 pod=open5gs-upf-5b9db6d44-nsbqz uid=7b5b8ef7-a2a2-4fe9-a3e1-74acd17bd88f restarts=6 usage_cpu=191m usage_mem=38Mi request_cpu=182m request_mem=250Mi limit_cpu=none limit_mem=none vpa_target_cpu=182m vpa_target_mem=250Mi vpa_uncapped_cpu=182m vpa_uncapped_mem=250Mi vpa_lower_cpu=78m vpa_lower_mem=250Mi vpa_upper_cpu=1500m vpa_upper_mem=512Mi
[2026-08-22T02:25:48+02:00] VPA_RECOMMENDATION_CHANGE timestamp=2026-08-22T02:25:45+02:00 scenario=ue_11 old='vpa_target_cpu=182m vpa_target_mem=250Mi vpa_uncapped_cpu=182m vpa_uncapped_mem=250Mi vpa_lower_cpu=78m vpa_lower_mem=250Mi vpa_upper_cpu=1500m vpa_upper_mem=512Mi' new='vpa_target_cpu=224m vpa_target_mem=250Mi vpa_uncapped_cpu=224m vpa_uncapped_mem=250Mi vpa_lower_cpu=80m vpa_lower_mem=250Mi vpa_upper_cpu=1500m vpa_upper_mem=512Mi' previous_5s_sample='timestamp=2026-08-22T02:25:36+02:00 scenario=ue_11 pod=open5gs-upf-5b9db6d44-nsbqz uid=7b5b8ef7-a2a2-4fe9-a3e1-74acd17bd88f restarts=6 usage_cpu=178m usage_mem=39Mi request_cpu=182m request_mem=250Mi limit_cpu=none limit_mem=none vpa_target_cpu=182m vpa_target_mem=250Mi vpa_uncapped_cpu=182m vpa_uncapped_mem=250Mi vpa_lower_cpu=78m vpa_lower_mem=250Mi vpa_upper_cpu=1500m vpa_upper_mem=512Mi' current_sample='timestamp=2026-08-22T02:25:45+02:00 scenario=ue_11 pod=open5gs-upf-5b9db6d44-nsbqz uid=7b5b8ef7-a2a2-4fe9-a3e1-74acd17bd88f restarts=6 usage_cpu=191m usage_mem=38Mi request_cpu=182m request_mem=250Mi limit_cpu=none limit_mem=none vpa_target_cpu=224m vpa_target_mem=250Mi vpa_uncapped_cpu=224m vpa_uncapped_mem=250Mi vpa_lower_cpu=80m vpa_lower_mem=250Mi vpa_upper_cpu=1500m vpa_upper_mem=512Mi'
[2026-08-22T02:25:48+02:00] UPF_CONTROL_SAMPLE timestamp=2026-08-22T02:25:45+02:00 scenario=ue_11 pod=open5gs-upf-5b9db6d44-nsbqz uid=7b5b8ef7-a2a2-4fe9-a3e1-74acd17bd88f restarts=6 usage_cpu=191m usage_mem=38Mi request_cpu=182m request_mem=250Mi limit_cpu=none limit_mem=none vpa_target_cpu=224m vpa_target_mem=250Mi vpa_uncapped_cpu=224m vpa_uncapped_mem=250Mi vpa_lower_cpu=80m vpa_lower_mem=250Mi vpa_upper_cpu=1500m vpa_upper_mem=512Mi
[2026-08-22T02:25:53+02:00] UPF_CONTROL_SAMPLE timestamp=2026-08-22T02:25:49+02:00 scenario=ue_11 pod=open5gs-upf-5b9db6d44-nsbqz uid=7b5b8ef7-a2a2-4fe9-a3e1-74acd17bd88f restarts=6 usage_cpu=191m usage_mem=38Mi request_cpu=182m request_mem=250Mi limit_cpu=none limit_mem=none vpa_target_cpu=224m vpa_target_mem=250Mi vpa_uncapped_cpu=224m vpa_uncapped_mem=250Mi vpa_lower_cpu=80m vpa_lower_mem=250Mi vpa_upper_cpu=1500m vpa_upper_mem=512Mi
[2026-08-22T02:25:57+02:00] UPF_CONTROL_SAMPLE timestamp=2026-08-22T02:25:54+02:00 scenario=ue_11 pod=open5gs-upf-5b9db6d44-nsbqz uid=7b5b8ef7-a2a2-4fe9-a3e1-74acd17bd88f restarts=6 usage_cpu=181m usage_mem=38Mi request_cpu=182m request_mem=250Mi limit_cpu=none limit_mem=none vpa_target_cpu=224m vpa_target_mem=250Mi vpa_uncapped_cpu=224m vpa_uncapped_mem=250Mi vpa_lower_cpu=80m vpa_lower_mem=250Mi vpa_upper_cpu=1500m vpa_upper_mem=512Mi
[2026-08-22T02:26:01+02:00] UPF_CONTROL_SAMPLE timestamp=2026-08-22T02:25:58+02:00 scenario=ue_11 pod=open5gs-upf-5b9db6d44-nsbqz uid=7b5b8ef7-a2a2-4fe9-a3e1-74acd17bd88f restarts=6 usage_cpu=181m usage_mem=38Mi request_cpu=182m request_mem=250Mi limit_cpu=none limit_mem=none vpa_target_cpu=224m vpa_target_mem=250Mi vpa_uncapped_cpu=224m vpa_uncapped_mem=250Mi vpa_lower_cpu=80m vpa_lower_mem=250Mi vpa_upper_cpu=1500m vpa_upper_mem=512Mi
[2026-08-22T02:26:06+02:00] UPF_CONTROL_SAMPLE timestamp=2026-08-22T02:26:03+02:00 scenario=ue_11 pod=open5gs-upf-5b9db6d44-nsbqz uid=7b5b8ef7-a2a2-4fe9-a3e1-74acd17bd88f restarts=6 usage_cpu=181m usage_mem=38Mi request_cpu=182m request_mem=250Mi limit_cpu=none limit_mem=none vpa_target_cpu=224m vpa_target_mem=250Mi vpa_uncapped_cpu=224m vpa_uncapped_mem=250Mi vpa_lower_cpu=80m vpa_lower_mem=250Mi vpa_upper_cpu=1500m vpa_upper_mem=512Mi
[2026-08-22T02:26:11+02:00] UPF_CONTROL_SAMPLE timestamp=2026-08-22T02:26:07+02:00 scenario=ue_11 pod=open5gs-upf-5b9db6d44-nsbqz uid=7b5b8ef7-a2a2-4fe9-a3e1-74acd17bd88f restarts=6 usage_cpu=195m usage_mem=39Mi request_cpu=182m request_mem=250Mi limit_cpu=none limit_mem=none vpa_target_cpu=224m vpa_target_mem=250Mi vpa_uncapped_cpu=224m vpa_uncapped_mem=250Mi vpa_lower_cpu=80m vpa_lower_mem=250Mi vpa_upper_cpu=1500m vpa_upper_mem=512Mi
[2026-08-22T02:26:14+02:00] UE_SLOT_DONE timestamp=2026-08-22T00:26:14+00:00 active_ues=11 slot=0 attempt=1 ue_idx=0 ue_if=uesimtun0 ue_ip=10.45.1.246 port=5201 rc=0 replacements_for_slot=0 server_busy_retries_for_slot=0
[2026-08-22T02:26:14+02:00] UE_SLOT_DONE timestamp=2026-08-22T00:26:14+00:00 active_ues=11 slot=1 attempt=1 ue_idx=1 ue_if=uesimtun1 ue_ip=10.45.1.247 port=5202 rc=0 replacements_for_slot=0 server_busy_retries_for_slot=0
[2026-08-22T02:26:15+02:00] UPF_CONTROL_SAMPLE timestamp=2026-08-22T02:26:12+02:00 scenario=ue_11 pod=open5gs-upf-5b9db6d44-nsbqz uid=7b5b8ef7-a2a2-4fe9-a3e1-74acd17bd88f restarts=6 usage_cpu=195m usage_mem=39Mi request_cpu=182m request_mem=250Mi limit_cpu=none limit_mem=none vpa_target_cpu=224m vpa_target_mem=250Mi vpa_uncapped_cpu=224m vpa_uncapped_mem=250Mi vpa_lower_cpu=80m vpa_lower_mem=250Mi vpa_upper_cpu=1500m vpa_upper_mem=512Mi
[2026-08-22T02:26:16+02:00] UE_SLOT_DONE timestamp=2026-08-22T00:26:15+00:00 active_ues=11 slot=2 attempt=1 ue_idx=2 ue_if=uesimtun2 ue_ip=10.45.1.248 port=5203 rc=0 replacements_for_slot=0 server_busy_retries_for_slot=0
[2026-08-22T02:26:16+02:00] UE_SLOT_DONE timestamp=2026-08-22T00:26:16+00:00 active_ues=11 slot=3 attempt=1 ue_idx=3 ue_if=uesimtun3 ue_ip=10.45.1.249 port=5204 rc=0 replacements_for_slot=0 server_busy_retries_for_slot=0
[2026-08-22T02:26:16+02:00] UE_SLOT_DONE timestamp=2026-08-22T00:26:16+00:00 active_ues=11 slot=4 attempt=1 ue_idx=4 ue_if=uesimtun4 ue_ip=10.45.1.250 port=5205 rc=0 replacements_for_slot=0 server_busy_retries_for_slot=0
[2026-08-22T02:26:16+02:00] UE_SLOT_DONE timestamp=2026-08-22T00:26:16+00:00 active_ues=11 slot=5 attempt=1 ue_idx=5 ue_if=uesimtun5 ue_ip=10.45.1.251 port=5206 rc=0 replacements_for_slot=0 server_busy_retries_for_slot=0
[2026-08-22T02:26:16+02:00] UE_SLOT_DONE timestamp=2026-08-22T00:26:16+00:00 active_ues=11 slot=6 attempt=1 ue_idx=6 ue_if=uesimtun6 ue_ip=10.45.1.252 port=5207 rc=0 replacements_for_slot=0 server_busy_retries_for_slot=0
[2026-08-22T02:26:16+02:00] UE_SLOT_DONE timestamp=2026-08-22T00:26:16+00:00 active_ues=11 slot=7 attempt=1 ue_idx=7 ue_if=uesimtun7 ue_ip=10.45.1.253 port=5208 rc=0 replacements_for_slot=0 server_busy_retries_for_slot=0
[2026-08-22T02:26:16+02:00] UE_SLOT_DONE timestamp=2026-08-22T00:26:16+00:00 active_ues=11 slot=8 attempt=1 ue_idx=8 ue_if=uesimtun8 ue_ip=10.45.1.254 port=5209 rc=0 replacements_for_slot=0 server_busy_retries_for_slot=0
[2026-08-22T02:26:17+02:00] UE_SLOT_DONE timestamp=2026-08-22T00:26:17+00:00 active_ues=11 slot=9 attempt=1 ue_idx=9 ue_if=uesimtun9 ue_ip=10.45.1.255 port=5210 rc=0 replacements_for_slot=0 server_busy_retries_for_slot=0
[2026-08-22T02:26:17+02:00] UE_SLOT_DONE timestamp=2026-08-22T00:26:17+00:00 active_ues=11 slot=10 attempt=1 ue_idx=10 ue_if=uesimtun10 ue_ip=10.45.2.2 port=5211 rc=0 replacements_for_slot=0 server_busy_retries_for_slot=0
[2026-08-22T02:26:18+02:00] TRAFFIC_SUMMARY timestamp=2026-08-22T00:26:18+00:00 registered_tunnels=50 active_ues=11 target_slots=11 completed_slots=11 final_failed_slots=0 replacements=0 problematic_ues=0 zombie_ues=0 connect_timeouts=0 stalls=0 deferred_stalls=0 process_failures=0 server_busy_retries=0 server_busy_failures=0 late_timeouts_accepted=0 scenario_bad_ues=0 global_suspect_ues=0 used_ues=11 target_host=192.168.1.211 initial_ports=5201-5211 replacement_ports=5251-5265 bitrate=1M start_delay=0.05 detection=no_rx_counter replacement_min_duration_s=5 adaptive_extension_max_s=1 iperf_exit_grace_s=3 server_busy_retries_limit=1 server_busy_retry_delay_s=2 late_replacement_after_end=disabled wait_for_iperf_exit=until_timeout global_suspect_policy=soft_reuse ramp_supervision=after_initial_start
[2026-08-22T02:26:18+02:00] UE_POOL_SCENARIO_BAD_CURRENT timestamp=2026-08-22T00:26:18+00:00 active_ues=11 indexes=
[2026-08-22T02:26:18+02:00] UE_POOL_GLOBAL_SUSPECT_CURRENT timestamp=2026-08-22T00:26:18+00:00 active_ues=11 indexes=
[2026-08-22T02:26:18+02:00] REMOTE_IPERF_PER_UE_END timestamp=2026-08-22T00:26:18+00:00 active_ues=11 tag=ue_11 final_rc=0 completed_slots=11 replacements=0 problematic_ues=0 server_busy_retries=0 deferred_stalls=0 late_timeouts_accepted=0
[2026-08-22T02:26:18+02:00] SCENARIO TRAFFIC COMMAND END timestamp=2026-08-22T02:26:18+02:00 active_ue=11 rc=0
[2026-08-22T02:26:20+02:00] UPF_CONTROL_SAMPLE timestamp=2026-08-22T02:26:16+02:00 scenario=ue_11 pod=open5gs-upf-5b9db6d44-nsbqz uid=7b5b8ef7-a2a2-4fe9-a3e1-74acd17bd88f restarts=6 usage_cpu=195m usage_mem=39Mi request_cpu=182m request_mem=250Mi limit_cpu=none limit_mem=none vpa_target_cpu=224m vpa_target_mem=250Mi vpa_uncapped_cpu=224m vpa_uncapped_mem=250Mi vpa_lower_cpu=80m vpa_lower_mem=250Mi vpa_upper_cpu=1500m vpa_upper_mem=512Mi
[2026-08-22T02:26:20+02:00] SCENARIO UPF AFTER timestamp=2026-08-22T02:26:20+02:00 active_ue=11 pod=open5gs-upf-5b9db6d44-nsbqz uid=7b5b8ef7-a2a2-4fe9-a3e1-74acd17bd88f restarts=6
[2026-08-22T02:26:20+02:00] SCENARIO END timestamp=2026-08-22T02:26:20+02:00 active_ue=11 rc=0
[2026-08-22T02:26:20+02:00] ================================================================
[2026-08-22T02:26:21+02:00] SCENARIO START timestamp=2026-08-22T02:26:20+02:00 active_ue=13 registered_ue_pool=50 target_host=192.168.1.211 ports=5201-5213 replacement_ports=5251-5265 bitrate_per_ue=1M start_delay=0.05 replacement_min_duration=5 adaptive_extension_max=1
[2026-08-22T02:26:21+02:00] ================================================================
[2026-08-22T02:26:21+02:00] SCENARIO TUNNEL CHECK timestamp=2026-08-22T02:26:21+02:00 active_ue=13 current_tunnels=50 required=50
[2026-08-22T02:26:23+02:00] SCENARIO UPF BEFORE timestamp=2026-08-22T02:26:23+02:00 active_ue=13 pod=open5gs-upf-5b9db6d44-nsbqz uid=7b5b8ef7-a2a2-4fe9-a3e1-74acd17bd88f restarts=6
[2026-08-22T02:26:24+02:00] REMOTE_IPERF_PER_UE_START timestamp=2026-08-22T00:26:24+00:00 active_ues=13 tag=ue_13 iperf_host=192.168.1.211 base_port=5201 replacement_base_port=5251 duration=80 bitrate=1M start_delay=0.05 detection=no_rx_counter connect_timeout_s=4 stall_seconds=5 replacement_limit=15 replacement_min_duration_s=5 adaptive_extension_max_s=1 iperf_exit_grace_s=3 server_busy_port_rebinds=1 late_replacement_after_end=disabled wait_for_iperf_exit=until_timeout global_suspect_policy=soft_reuse ramp_supervision=after_initial_start
[2026-08-22T02:26:24+02:00] UE_POOL_STATUS timestamp=2026-08-22T00:26:24+00:00 active_ues=13 registered_tunnels=50 existing_global_suspect_ues=0 used_ues=0 policy=soft_reuse_global_suspects
[2026-08-22T02:26:25+02:00] UE_SLOT_ASSIGN timestamp=2026-08-22T00:26:24+00:00 active_ues=13 slot=0 ue_idx=0 ue_if=uesimtun0 ue_ip=10.45.1.246 candidate_reused_global_suspect=0
[2026-08-22T02:26:25+02:00] UE_SLOT_START timestamp=2026-08-22T00:26:25+00:00 active_ues=13 slot=0 attempt=1 ue_idx=0 ue_if=uesimtun0 ue_ip=10.45.1.246 target=192.168.1.211:5201 bitrate=1M duration_s=80 planned_end_epoch=1787358464 timeout_s=90 hard_timeout_epoch=1787358480 start_rx_bytes=557699
[2026-08-22T02:26:25+02:00] UE_SLOT_PID timestamp=2026-08-22T00:26:25+00:00 active_ues=13 slot=0 attempt=1 ue_idx=0 pid=12492
[2026-08-22T02:26:25+02:00] UE_SLOT_ASSIGN timestamp=2026-08-22T00:26:25+00:00 active_ues=13 slot=1 ue_idx=1 ue_if=uesimtun1 ue_ip=10.45.1.247 candidate_reused_global_suspect=0
[2026-08-22T02:26:25+02:00] UE_SLOT_START timestamp=2026-08-22T00:26:25+00:00 active_ues=13 slot=1 attempt=1 ue_idx=1 ue_if=uesimtun1 ue_ip=10.45.1.247 target=192.168.1.211:5202 bitrate=1M duration_s=80 planned_end_epoch=1787358465 timeout_s=90 hard_timeout_epoch=1787358480 start_rx_bytes=467762
[2026-08-22T02:26:25+02:00] UE_SLOT_PID timestamp=2026-08-22T00:26:25+00:00 active_ues=13 slot=1 attempt=1 ue_idx=1 pid=12517
[2026-08-22T02:26:25+02:00] UE_SLOT_ASSIGN timestamp=2026-08-22T00:26:25+00:00 active_ues=13 slot=2 ue_idx=2 ue_if=uesimtun2 ue_ip=10.45.1.248 candidate_reused_global_suspect=0
[2026-08-22T02:26:25+02:00] UE_SLOT_START timestamp=2026-08-22T00:26:25+00:00 active_ues=13 slot=2 attempt=1 ue_idx=2 ue_if=uesimtun2 ue_ip=10.45.1.248 target=192.168.1.211:5203 bitrate=1M duration_s=80 planned_end_epoch=1787358465 timeout_s=90 hard_timeout_epoch=1787358480 start_rx_bytes=459822
[2026-08-22T02:26:25+02:00] UE_SLOT_PID timestamp=2026-08-22T00:26:25+00:00 active_ues=13 slot=2 attempt=1 ue_idx=2 pid=12542
[2026-08-22T02:26:25+02:00] UE_SLOT_ASSIGN timestamp=2026-08-22T00:26:25+00:00 active_ues=13 slot=3 ue_idx=3 ue_if=uesimtun3 ue_ip=10.45.1.249 candidate_reused_global_suspect=0
[2026-08-22T02:26:25+02:00] UE_SLOT_START timestamp=2026-08-22T00:26:25+00:00 active_ues=13 slot=3 attempt=1 ue_idx=3 ue_if=uesimtun3 ue_ip=10.45.1.249 target=192.168.1.211:5204 bitrate=1M duration_s=80 planned_end_epoch=1787358465 timeout_s=90 hard_timeout_epoch=1787358480 start_rx_bytes=370147
[2026-08-22T02:26:25+02:00] UE_SLOT_PID timestamp=2026-08-22T00:26:25+00:00 active_ues=13 slot=3 attempt=1 ue_idx=3 pid=12567
[2026-08-22T02:26:25+02:00] UPF_CONTROL_SAMPLE timestamp=2026-08-22T02:26:21+02:00 scenario=ue_13 pod=open5gs-upf-5b9db6d44-nsbqz uid=7b5b8ef7-a2a2-4fe9-a3e1-74acd17bd88f restarts=6 usage_cpu=195m usage_mem=39Mi request_cpu=182m request_mem=250Mi limit_cpu=none limit_mem=none vpa_target_cpu=224m vpa_target_mem=250Mi vpa_uncapped_cpu=224m vpa_uncapped_mem=250Mi vpa_lower_cpu=80m vpa_lower_mem=250Mi vpa_upper_cpu=1500m vpa_upper_mem=512Mi
[2026-08-22T02:26:25+02:00] UE_SLOT_ASSIGN timestamp=2026-08-22T00:26:25+00:00 active_ues=13 slot=4 ue_idx=4 ue_if=uesimtun4 ue_ip=10.45.1.250 candidate_reused_global_suspect=0
[2026-08-22T02:26:25+02:00] UE_SLOT_START timestamp=2026-08-22T00:26:25+00:00 active_ues=13 slot=4 attempt=1 ue_idx=4 ue_if=uesimtun4 ue_ip=10.45.1.250 target=192.168.1.211:5205 bitrate=1M duration_s=80 planned_end_epoch=1787358465 timeout_s=90 hard_timeout_epoch=1787358480 start_rx_bytes=366498
[2026-08-22T02:26:25+02:00] UE_SLOT_PID timestamp=2026-08-22T00:26:25+00:00 active_ues=13 slot=4 attempt=1 ue_idx=4 pid=12592
[2026-08-22T02:26:26+02:00] UE_SLOT_ASSIGN timestamp=2026-08-22T00:26:26+00:00 active_ues=13 slot=5 ue_idx=5 ue_if=uesimtun5 ue_ip=10.45.1.251 candidate_reused_global_suspect=0
[2026-08-22T02:26:26+02:00] UE_SLOT_START timestamp=2026-08-22T00:26:26+00:00 active_ues=13 slot=5 attempt=1 ue_idx=5 ue_if=uesimtun5 ue_ip=10.45.1.251 target=192.168.1.211:5206 bitrate=1M duration_s=80 planned_end_epoch=1787358466 timeout_s=90 hard_timeout_epoch=1787358481 start_rx_bytes=274544
[2026-08-22T02:26:26+02:00] UE_SLOT_PID timestamp=2026-08-22T00:26:26+00:00 active_ues=13 slot=5 attempt=1 ue_idx=5 pid=12617
[2026-08-22T02:26:26+02:00] UE_SLOT_ASSIGN timestamp=2026-08-22T00:26:26+00:00 active_ues=13 slot=6 ue_idx=6 ue_if=uesimtun6 ue_ip=10.45.1.252 candidate_reused_global_suspect=0
[2026-08-22T02:26:26+02:00] UE_SLOT_START timestamp=2026-08-22T00:26:26+00:00 active_ues=13 slot=6 attempt=1 ue_idx=6 ue_if=uesimtun6 ue_ip=10.45.1.252 target=192.168.1.211:5207 bitrate=1M duration_s=80 planned_end_epoch=1787358466 timeout_s=90 hard_timeout_epoch=1787358481 start_rx_bytes=278067
[2026-08-22T02:26:26+02:00] UE_SLOT_PID timestamp=2026-08-22T00:26:26+00:00 active_ues=13 slot=6 attempt=1 ue_idx=6 pid=12642
[2026-08-22T02:26:26+02:00] UE_SLOT_ASSIGN timestamp=2026-08-22T00:26:26+00:00 active_ues=13 slot=7 ue_idx=7 ue_if=uesimtun7 ue_ip=10.45.1.253 candidate_reused_global_suspect=0
[2026-08-22T02:26:26+02:00] UE_SLOT_START timestamp=2026-08-22T00:26:26+00:00 active_ues=13 slot=7 attempt=1 ue_idx=7 ue_if=uesimtun7 ue_ip=10.45.1.253 target=192.168.1.211:5208 bitrate=1M duration_s=80 planned_end_epoch=1787358466 timeout_s=90 hard_timeout_epoch=1787358481 start_rx_bytes=184858
[2026-08-22T02:26:26+02:00] UE_SLOT_PID timestamp=2026-08-22T00:26:26+00:00 active_ues=13 slot=7 attempt=1 ue_idx=7 pid=12667
[2026-08-22T02:26:26+02:00] UE_SLOT_ASSIGN timestamp=2026-08-22T00:26:26+00:00 active_ues=13 slot=8 ue_idx=8 ue_if=uesimtun8 ue_ip=10.45.1.254 candidate_reused_global_suspect=0
[2026-08-22T02:26:26+02:00] UE_SLOT_START timestamp=2026-08-22T00:26:26+00:00 active_ues=13 slot=8 attempt=1 ue_idx=8 ue_if=uesimtun8 ue_ip=10.45.1.254 target=192.168.1.211:5209 bitrate=1M duration_s=80 planned_end_epoch=1787358466 timeout_s=90 hard_timeout_epoch=1787358481 start_rx_bytes=184805
[2026-08-22T02:26:26+02:00] UE_SLOT_PID timestamp=2026-08-22T00:26:26+00:00 active_ues=13 slot=8 attempt=1 ue_idx=8 pid=12692
[2026-08-22T02:26:27+02:00] UE_SLOT_ASSIGN timestamp=2026-08-22T00:26:26+00:00 active_ues=13 slot=9 ue_idx=9 ue_if=uesimtun9 ue_ip=10.45.1.255 candidate_reused_global_suspect=0
[2026-08-22T02:26:27+02:00] UE_SLOT_START timestamp=2026-08-22T00:26:27+00:00 active_ues=13 slot=9 attempt=1 ue_idx=9 ue_if=uesimtun9 ue_ip=10.45.1.255 target=192.168.1.211:5210 bitrate=1M duration_s=80 planned_end_epoch=1787358466 timeout_s=90 hard_timeout_epoch=1787358482 start_rx_bytes=91598
[2026-08-22T02:26:27+02:00] UE_SLOT_PID timestamp=2026-08-22T00:26:27+00:00 active_ues=13 slot=9 attempt=1 ue_idx=9 pid=12717
[2026-08-22T02:26:27+02:00] UE_SLOT_ASSIGN timestamp=2026-08-22T00:26:27+00:00 active_ues=13 slot=10 ue_idx=10 ue_if=uesimtun10 ue_ip=10.45.2.2 candidate_reused_global_suspect=0
[2026-08-22T02:26:27+02:00] UE_SLOT_START timestamp=2026-08-22T00:26:27+00:00 active_ues=13 slot=10 attempt=1 ue_idx=10 ue_if=uesimtun10 ue_ip=10.45.2.2 target=192.168.1.211:5211 bitrate=1M duration_s=80 planned_end_epoch=1787358467 timeout_s=90 hard_timeout_epoch=1787358482 start_rx_bytes=91906
[2026-08-22T02:26:27+02:00] UE_SLOT_PID timestamp=2026-08-22T00:26:27+00:00 active_ues=13 slot=10 attempt=1 ue_idx=10 pid=12742
[2026-08-22T02:26:27+02:00] UE_SLOT_ASSIGN timestamp=2026-08-22T00:26:27+00:00 active_ues=13 slot=11 ue_idx=11 ue_if=uesimtun11 ue_ip=10.45.2.22 candidate_reused_global_suspect=0
[2026-08-22T02:26:27+02:00] UE_SLOT_START timestamp=2026-08-22T00:26:27+00:00 active_ues=13 slot=11 attempt=1 ue_idx=11 ue_if=uesimtun11 ue_ip=10.45.2.22 target=192.168.1.211:5212 bitrate=1M duration_s=80 planned_end_epoch=1787358467 timeout_s=90 hard_timeout_epoch=1787358482 start_rx_bytes=0
[2026-08-22T02:26:27+02:00] UE_SLOT_PID timestamp=2026-08-22T00:26:27+00:00 active_ues=13 slot=11 attempt=1 ue_idx=11 pid=12767
[2026-08-22T02:26:27+02:00] UE_SLOT_ASSIGN timestamp=2026-08-22T00:26:27+00:00 active_ues=13 slot=12 ue_idx=12 ue_if=uesimtun12 ue_ip=10.45.2.5 candidate_reused_global_suspect=0
[2026-08-22T02:26:27+02:00] UE_SLOT_START timestamp=2026-08-22T00:26:27+00:00 active_ues=13 slot=12 attempt=1 ue_idx=12 ue_if=uesimtun12 ue_ip=10.45.2.5 target=192.168.1.211:5213 bitrate=1M duration_s=80 planned_end_epoch=1787358467 timeout_s=90 hard_timeout_epoch=1787358482 start_rx_bytes=0
[2026-08-22T02:26:27+02:00] UE_SLOT_PID timestamp=2026-08-22T00:26:27+00:00 active_ues=13 slot=12 attempt=1 ue_idx=12 pid=12792
[2026-08-22T02:26:27+02:00] IPERF_MAPPING_SUMMARY timestamp=2026-08-22T00:26:27+00:00 active_ues=13 registered_tunnels=50 initial_ports=5201-5213 replacement_ports=5251-5265 bitrate=1M start_delay=0.05 detection=no_rx_counter replacement_min_duration_s=5 adaptive_extension_max_s=1 iperf_exit_grace_s=3 server_busy_port_rebinds=1 late_replacement_after_end=disabled wait_for_iperf_exit=until_timeout global_suspect_policy=soft_reuse ramp_supervision=after_initial_start
[2026-08-22T02:26:30+02:00] UPF_REQUEST_CHANGE timestamp=2026-08-22T02:26:26+02:00 scenario=ue_13 pod=open5gs-upf-5b9db6d44-nsbqz uid=7b5b8ef7-a2a2-4fe9-a3e1-74acd17bd88f restarts=6 old='request_cpu=182m request_mem=250Mi limit_cpu=none limit_mem=none' new='request_cpu=224m request_mem=250Mi limit_cpu=none limit_mem=none' previous_5s_sample='timestamp=2026-08-22T02:26:21+02:00 scenario=ue_13 pod=open5gs-upf-5b9db6d44-nsbqz uid=7b5b8ef7-a2a2-4fe9-a3e1-74acd17bd88f restarts=6 usage_cpu=195m usage_mem=39Mi request_cpu=182m request_mem=250Mi limit_cpu=none limit_mem=none vpa_target_cpu=224m vpa_target_mem=250Mi vpa_uncapped_cpu=224m vpa_uncapped_mem=250Mi vpa_lower_cpu=80m vpa_lower_mem=250Mi vpa_upper_cpu=1500m vpa_upper_mem=512Mi' current_sample='timestamp=2026-08-22T02:26:26+02:00 scenario=ue_13 pod=open5gs-upf-5b9db6d44-nsbqz uid=7b5b8ef7-a2a2-4fe9-a3e1-74acd17bd88f restarts=6 usage_cpu=109m usage_mem=38Mi request_cpu=224m request_mem=250Mi limit_cpu=none limit_mem=none vpa_target_cpu=224m vpa_target_mem=250Mi vpa_uncapped_cpu=224m vpa_uncapped_mem=250Mi vpa_lower_cpu=80m vpa_lower_mem=250Mi vpa_upper_cpu=1500m vpa_upper_mem=512Mi'
[2026-08-22T02:26:30+02:00] UPF_CONTROL_SAMPLE timestamp=2026-08-22T02:26:26+02:00 scenario=ue_13 pod=open5gs-upf-5b9db6d44-nsbqz uid=7b5b8ef7-a2a2-4fe9-a3e1-74acd17bd88f restarts=6 usage_cpu=109m usage_mem=38Mi request_cpu=224m request_mem=250Mi limit_cpu=none limit_mem=none vpa_target_cpu=224m vpa_target_mem=250Mi vpa_uncapped_cpu=224m vpa_uncapped_mem=250Mi vpa_lower_cpu=80m vpa_lower_mem=250Mi vpa_upper_cpu=1500m vpa_upper_mem=512Mi
[2026-08-22T02:26:35+02:00] UPF_CONTROL_SAMPLE timestamp=2026-08-22T02:26:31+02:00 scenario=ue_13 pod=open5gs-upf-5b9db6d44-nsbqz uid=7b5b8ef7-a2a2-4fe9-a3e1-74acd17bd88f restarts=6 usage_cpu=109m usage_mem=38Mi request_cpu=224m request_mem=250Mi limit_cpu=none limit_mem=none vpa_target_cpu=224m vpa_target_mem=250Mi vpa_uncapped_cpu=224m vpa_uncapped_mem=250Mi vpa_lower_cpu=80m vpa_lower_mem=250Mi vpa_upper_cpu=1500m vpa_upper_mem=512Mi
[2026-08-22T02:26:39+02:00] UPF_CONTROL_SAMPLE timestamp=2026-08-22T02:26:36+02:00 scenario=ue_13 pod=open5gs-upf-5b9db6d44-nsbqz uid=7b5b8ef7-a2a2-4fe9-a3e1-74acd17bd88f restarts=6 usage_cpu=109m usage_mem=38Mi request_cpu=224m request_mem=250Mi limit_cpu=none limit_mem=none vpa_target_cpu=224m vpa_target_mem=250Mi vpa_uncapped_cpu=224m vpa_uncapped_mem=250Mi vpa_lower_cpu=80m vpa_lower_mem=250Mi vpa_upper_cpu=1500m vpa_upper_mem=512Mi
[2026-08-22T02:26:44+02:00] UPF_CONTROL_SAMPLE timestamp=2026-08-22T02:26:40+02:00 scenario=ue_13 pod=open5gs-upf-5b9db6d44-nsbqz uid=7b5b8ef7-a2a2-4fe9-a3e1-74acd17bd88f restarts=6 usage_cpu=199m usage_mem=39Mi request_cpu=224m request_mem=250Mi limit_cpu=none limit_mem=none vpa_target_cpu=224m vpa_target_mem=250Mi vpa_uncapped_cpu=224m vpa_uncapped_mem=250Mi vpa_lower_cpu=80m vpa_lower_mem=250Mi vpa_upper_cpu=1500m vpa_upper_mem=512Mi
[2026-08-22T02:26:48+02:00] VPA_RECOMMENDATION_CHANGE timestamp=2026-08-22T02:26:45+02:00 scenario=ue_13 old='vpa_target_cpu=224m vpa_target_mem=250Mi vpa_uncapped_cpu=224m vpa_uncapped_mem=250Mi vpa_lower_cpu=80m vpa_lower_mem=250Mi vpa_upper_cpu=1500m vpa_upper_mem=512Mi' new='vpa_target_cpu=224m vpa_target_mem=250Mi vpa_uncapped_cpu=224m vpa_uncapped_mem=250Mi vpa_lower_cpu=83m vpa_lower_mem=250Mi vpa_upper_cpu=1500m vpa_upper_mem=512Mi' previous_5s_sample='timestamp=2026-08-22T02:26:40+02:00 scenario=ue_13 pod=open5gs-upf-5b9db6d44-nsbqz uid=7b5b8ef7-a2a2-4fe9-a3e1-74acd17bd88f restarts=6 usage_cpu=199m usage_mem=39Mi request_cpu=224m request_mem=250Mi limit_cpu=none limit_mem=none vpa_target_cpu=224m vpa_target_mem=250Mi vpa_uncapped_cpu=224m vpa_uncapped_mem=250Mi vpa_lower_cpu=80m vpa_lower_mem=250Mi vpa_upper_cpu=1500m vpa_upper_mem=512Mi' current_sample='timestamp=2026-08-22T02:26:45+02:00 scenario=ue_13 pod=open5gs-upf-5b9db6d44-nsbqz uid=7b5b8ef7-a2a2-4fe9-a3e1-74acd17bd88f restarts=6 usage_cpu=199m usage_mem=39Mi request_cpu=224m request_mem=250Mi limit_cpu=none limit_mem=none vpa_target_cpu=224m vpa_target_mem=250Mi vpa_uncapped_cpu=224m vpa_uncapped_mem=250Mi vpa_lower_cpu=83m vpa_lower_mem=250Mi vpa_upper_cpu=1500m vpa_upper_mem=512Mi'
[2026-08-22T02:26:48+02:00] UPF_CONTROL_SAMPLE timestamp=2026-08-22T02:26:45+02:00 scenario=ue_13 pod=open5gs-upf-5b9db6d44-nsbqz uid=7b5b8ef7-a2a2-4fe9-a3e1-74acd17bd88f restarts=6 usage_cpu=199m usage_mem=39Mi request_cpu=224m request_mem=250Mi limit_cpu=none limit_mem=none vpa_target_cpu=224m vpa_target_mem=250Mi vpa_uncapped_cpu=224m vpa_uncapped_mem=250Mi vpa_lower_cpu=83m vpa_lower_mem=250Mi vpa_upper_cpu=1500m vpa_upper_mem=512Mi
[2026-08-22T02:26:53+02:00] UPF_CONTROL_SAMPLE timestamp=2026-08-22T02:26:49+02:00 scenario=ue_13 pod=open5gs-upf-5b9db6d44-nsbqz uid=7b5b8ef7-a2a2-4fe9-a3e1-74acd17bd88f restarts=6 usage_cpu=199m usage_mem=39Mi request_cpu=224m request_mem=250Mi limit_cpu=none limit_mem=none vpa_target_cpu=224m vpa_target_mem=250Mi vpa_uncapped_cpu=224m vpa_uncapped_mem=250Mi vpa_lower_cpu=83m vpa_lower_mem=250Mi vpa_upper_cpu=1500m vpa_upper_mem=512Mi
[2026-08-22T02:26:58+02:00] UPF_CONTROL_SAMPLE timestamp=2026-08-22T02:26:54+02:00 scenario=ue_13 pod=open5gs-upf-5b9db6d44-nsbqz uid=7b5b8ef7-a2a2-4fe9-a3e1-74acd17bd88f restarts=6 usage_cpu=217m usage_mem=38Mi request_cpu=224m request_mem=250Mi limit_cpu=none limit_mem=none vpa_target_cpu=224m vpa_target_mem=250Mi vpa_uncapped_cpu=224m vpa_uncapped_mem=250Mi vpa_lower_cpu=83m vpa_lower_mem=250Mi vpa_upper_cpu=1500m vpa_upper_mem=512Mi
[2026-08-22T02:27:02+02:00] UPF_CONTROL_SAMPLE timestamp=2026-08-22T02:26:59+02:00 scenario=ue_13 pod=open5gs-upf-5b9db6d44-nsbqz uid=7b5b8ef7-a2a2-4fe9-a3e1-74acd17bd88f restarts=6 usage_cpu=217m usage_mem=38Mi request_cpu=224m request_mem=250Mi limit_cpu=none limit_mem=none vpa_target_cpu=224m vpa_target_mem=250Mi vpa_uncapped_cpu=224m vpa_uncapped_mem=250Mi vpa_lower_cpu=83m vpa_lower_mem=250Mi vpa_upper_cpu=1500m vpa_upper_mem=512Mi
[2026-08-22T02:27:07+02:00] UPF_CONTROL_SAMPLE timestamp=2026-08-22T02:27:03+02:00 scenario=ue_13 pod=open5gs-upf-5b9db6d44-nsbqz uid=7b5b8ef7-a2a2-4fe9-a3e1-74acd17bd88f restarts=6 usage_cpu=217m usage_mem=38Mi request_cpu=224m request_mem=250Mi limit_cpu=none limit_mem=none vpa_target_cpu=224m vpa_target_mem=250Mi vpa_uncapped_cpu=224m vpa_uncapped_mem=250Mi vpa_lower_cpu=83m vpa_lower_mem=250Mi vpa_upper_cpu=1500m vpa_upper_mem=512Mi
[2026-08-22T02:27:11+02:00] UPF_CONTROL_SAMPLE timestamp=2026-08-22T02:27:08+02:00 scenario=ue_13 pod=open5gs-upf-5b9db6d44-nsbqz uid=7b5b8ef7-a2a2-4fe9-a3e1-74acd17bd88f restarts=6 usage_cpu=210m usage_mem=39Mi request_cpu=224m request_mem=250Mi limit_cpu=none limit_mem=none vpa_target_cpu=224m vpa_target_mem=250Mi vpa_uncapped_cpu=224m vpa_uncapped_mem=250Mi vpa_lower_cpu=83m vpa_lower_mem=250Mi vpa_upper_cpu=1500m vpa_upper_mem=512Mi
[2026-08-22T02:27:16+02:00] UPF_CONTROL_SAMPLE timestamp=2026-08-22T02:27:12+02:00 scenario=ue_13 pod=open5gs-upf-5b9db6d44-nsbqz uid=7b5b8ef7-a2a2-4fe9-a3e1-74acd17bd88f restarts=6 usage_cpu=210m usage_mem=39Mi request_cpu=224m request_mem=250Mi limit_cpu=none limit_mem=none vpa_target_cpu=224m vpa_target_mem=250Mi vpa_uncapped_cpu=224m vpa_uncapped_mem=250Mi vpa_lower_cpu=83m vpa_lower_mem=250Mi vpa_upper_cpu=1500m vpa_upper_mem=512Mi
[2026-08-22T02:27:20+02:00] UPF_CONTROL_SAMPLE timestamp=2026-08-22T02:27:17+02:00 scenario=ue_13 pod=open5gs-upf-5b9db6d44-nsbqz uid=7b5b8ef7-a2a2-4fe9-a3e1-74acd17bd88f restarts=6 usage_cpu=210m usage_mem=39Mi request_cpu=224m request_mem=250Mi limit_cpu=none limit_mem=none vpa_target_cpu=224m vpa_target_mem=250Mi vpa_uncapped_cpu=224m vpa_uncapped_mem=250Mi vpa_lower_cpu=83m vpa_lower_mem=250Mi vpa_upper_cpu=1500m vpa_upper_mem=512Mi
[2026-08-22T02:27:25+02:00] UPF_CONTROL_SAMPLE timestamp=2026-08-22T02:27:22+02:00 scenario=ue_13 pod=open5gs-upf-5b9db6d44-nsbqz uid=7b5b8ef7-a2a2-4fe9-a3e1-74acd17bd88f restarts=6 usage_cpu=210m usage_mem=39Mi request_cpu=224m request_mem=250Mi limit_cpu=none limit_mem=none vpa_target_cpu=224m vpa_target_mem=250Mi vpa_uncapped_cpu=224m vpa_uncapped_mem=250Mi vpa_lower_cpu=83m vpa_lower_mem=250Mi vpa_upper_cpu=1500m vpa_upper_mem=512Mi
[2026-08-22T02:27:29+02:00] UPF_CONTROL_SAMPLE timestamp=2026-08-22T02:27:26+02:00 scenario=ue_13 pod=open5gs-upf-5b9db6d44-nsbqz uid=7b5b8ef7-a2a2-4fe9-a3e1-74acd17bd88f restarts=6 usage_cpu=212m usage_mem=39Mi request_cpu=224m request_mem=250Mi limit_cpu=none limit_mem=none vpa_target_cpu=224m vpa_target_mem=250Mi vpa_uncapped_cpu=224m vpa_uncapped_mem=250Mi vpa_lower_cpu=83m vpa_lower_mem=250Mi vpa_upper_cpu=1500m vpa_upper_mem=512Mi
[2026-08-22T02:27:33+02:00] UPF_CONTROL_SAMPLE timestamp=2026-08-22T02:27:30+02:00 scenario=ue_13 pod=open5gs-upf-5b9db6d44-nsbqz uid=7b5b8ef7-a2a2-4fe9-a3e1-74acd17bd88f restarts=6 usage_cpu=212m usage_mem=39Mi request_cpu=224m request_mem=250Mi limit_cpu=none limit_mem=none vpa_target_cpu=224m vpa_target_mem=250Mi vpa_uncapped_cpu=224m vpa_uncapped_mem=250Mi vpa_lower_cpu=83m vpa_lower_mem=250Mi vpa_upper_cpu=1500m vpa_upper_mem=512Mi
[2026-08-22T02:27:38+02:00] UPF_CONTROL_SAMPLE timestamp=2026-08-22T02:27:35+02:00 scenario=ue_13 pod=open5gs-upf-5b9db6d44-nsbqz uid=7b5b8ef7-a2a2-4fe9-a3e1-74acd17bd88f restarts=6 usage_cpu=212m usage_mem=39Mi request_cpu=224m request_mem=250Mi limit_cpu=none limit_mem=none vpa_target_cpu=224m vpa_target_mem=250Mi vpa_uncapped_cpu=224m vpa_uncapped_mem=250Mi vpa_lower_cpu=83m vpa_lower_mem=250Mi vpa_upper_cpu=1500m vpa_upper_mem=512Mi
[2026-08-22T02:27:42+02:00] UPF_CONTROL_SAMPLE timestamp=2026-08-22T02:27:39+02:00 scenario=ue_13 pod=open5gs-upf-5b9db6d44-nsbqz uid=7b5b8ef7-a2a2-4fe9-a3e1-74acd17bd88f restarts=6 usage_cpu=220m usage_mem=39Mi request_cpu=224m request_mem=250Mi limit_cpu=none limit_mem=none vpa_target_cpu=224m vpa_target_mem=250Mi vpa_uncapped_cpu=224m vpa_uncapped_mem=250Mi vpa_lower_cpu=83m vpa_lower_mem=250Mi vpa_upper_cpu=1500m vpa_upper_mem=512Mi
[2026-08-22T02:27:46+02:00] UE_SLOT_DONE timestamp=2026-08-22T00:27:46+00:00 active_ues=13 slot=0 attempt=1 ue_idx=0 ue_if=uesimtun0 ue_ip=10.45.1.246 port=5201 rc=0 replacements_for_slot=0 server_busy_retries_for_slot=0
[2026-08-22T02:27:46+02:00] UE_SLOT_DONE timestamp=2026-08-22T00:27:46+00:00 active_ues=13 slot=1 attempt=1 ue_idx=1 ue_if=uesimtun1 ue_ip=10.45.1.247 port=5202 rc=0 replacements_for_slot=0 server_busy_retries_for_slot=0
[2026-08-22T02:27:46+02:00] UE_SLOT_DONE timestamp=2026-08-22T00:27:46+00:00 active_ues=13 slot=2 attempt=1 ue_idx=2 ue_if=uesimtun2 ue_ip=10.45.1.248 port=5203 rc=0 replacements_for_slot=0 server_busy_retries_for_slot=0
[2026-08-22T02:27:46+02:00] UE_SLOT_DONE timestamp=2026-08-22T00:27:46+00:00 active_ues=13 slot=3 attempt=1 ue_idx=3 ue_if=uesimtun3 ue_ip=10.45.1.249 port=5204 rc=0 replacements_for_slot=0 server_busy_retries_for_slot=0
[2026-08-22T02:27:46+02:00] UE_SLOT_DONE timestamp=2026-08-22T00:27:46+00:00 active_ues=13 slot=4 attempt=1 ue_idx=4 ue_if=uesimtun4 ue_ip=10.45.1.250 port=5205 rc=0 replacements_for_slot=0 server_busy_retries_for_slot=0
[2026-08-22T02:27:46+02:00] UE_SLOT_DONE timestamp=2026-08-22T00:27:46+00:00 active_ues=13 slot=5 attempt=1 ue_idx=5 ue_if=uesimtun5 ue_ip=10.45.1.251 port=5206 rc=0 replacements_for_slot=0 server_busy_retries_for_slot=0
[2026-08-22T02:27:46+02:00] UPF_CONTROL_SAMPLE timestamp=2026-08-22T02:27:43+02:00 scenario=ue_13 pod=open5gs-upf-5b9db6d44-nsbqz uid=7b5b8ef7-a2a2-4fe9-a3e1-74acd17bd88f restarts=6 usage_cpu=220m usage_mem=39Mi request_cpu=224m request_mem=250Mi limit_cpu=none limit_mem=none vpa_target_cpu=224m vpa_target_mem=250Mi vpa_uncapped_cpu=224m vpa_uncapped_mem=250Mi vpa_lower_cpu=83m vpa_lower_mem=250Mi vpa_upper_cpu=1500m vpa_upper_mem=512Mi
[2026-08-22T02:27:47+02:00] UE_SLOT_DONE timestamp=2026-08-22T00:27:47+00:00 active_ues=13 slot=6 attempt=1 ue_idx=6 ue_if=uesimtun6 ue_ip=10.45.1.252 port=5207 rc=0 replacements_for_slot=0 server_busy_retries_for_slot=0
[2026-08-22T02:27:47+02:00] UE_SLOT_DONE timestamp=2026-08-22T00:27:47+00:00 active_ues=13 slot=7 attempt=1 ue_idx=7 ue_if=uesimtun7 ue_ip=10.45.1.253 port=5208 rc=0 replacements_for_slot=0 server_busy_retries_for_slot=0
[2026-08-22T02:27:47+02:00] UE_SLOT_DONE timestamp=2026-08-22T00:27:47+00:00 active_ues=13 slot=8 attempt=1 ue_idx=8 ue_if=uesimtun8 ue_ip=10.45.1.254 port=5209 rc=0 replacements_for_slot=0 server_busy_retries_for_slot=0
[2026-08-22T02:27:47+02:00] UE_SLOT_DONE timestamp=2026-08-22T00:27:47+00:00 active_ues=13 slot=9 attempt=1 ue_idx=9 ue_if=uesimtun9 ue_ip=10.45.1.255 port=5210 rc=0 replacements_for_slot=0 server_busy_retries_for_slot=0
[2026-08-22T02:27:47+02:00] UE_SLOT_DONE timestamp=2026-08-22T00:27:47+00:00 active_ues=13 slot=10 attempt=1 ue_idx=10 ue_if=uesimtun10 ue_ip=10.45.2.2 port=5211 rc=0 replacements_for_slot=0 server_busy_retries_for_slot=0
[2026-08-22T02:27:47+02:00] UE_SLOT_DONE timestamp=2026-08-22T00:27:47+00:00 active_ues=13 slot=11 attempt=1 ue_idx=11 ue_if=uesimtun11 ue_ip=10.45.2.22 port=5212 rc=0 replacements_for_slot=0 server_busy_retries_for_slot=0
[2026-08-22T02:27:48+02:00] UE_SLOT_DONE timestamp=2026-08-22T00:27:48+00:00 active_ues=13 slot=12 attempt=1 ue_idx=12 ue_if=uesimtun12 ue_ip=10.45.2.5 port=5213 rc=0 replacements_for_slot=0 server_busy_retries_for_slot=0
[2026-08-22T02:27:49+02:00] TRAFFIC_SUMMARY timestamp=2026-08-22T00:27:49+00:00 registered_tunnels=50 active_ues=13 target_slots=13 completed_slots=13 final_failed_slots=0 replacements=0 problematic_ues=0 zombie_ues=0 connect_timeouts=0 stalls=0 deferred_stalls=0 process_failures=0 server_busy_retries=0 server_busy_failures=0 late_timeouts_accepted=0 scenario_bad_ues=0 global_suspect_ues=0 used_ues=13 target_host=192.168.1.211 initial_ports=5201-5213 replacement_ports=5251-5265 bitrate=1M start_delay=0.05 detection=no_rx_counter replacement_min_duration_s=5 adaptive_extension_max_s=1 iperf_exit_grace_s=3 server_busy_retries_limit=1 server_busy_retry_delay_s=2 late_replacement_after_end=disabled wait_for_iperf_exit=until_timeout global_suspect_policy=soft_reuse ramp_supervision=after_initial_start
[2026-08-22T02:27:49+02:00] UE_POOL_SCENARIO_BAD_CURRENT timestamp=2026-08-22T00:27:49+00:00 active_ues=13 indexes=
[2026-08-22T02:27:49+02:00] UE_POOL_GLOBAL_SUSPECT_CURRENT timestamp=2026-08-22T00:27:49+00:00 active_ues=13 indexes=
[2026-08-22T02:27:49+02:00] REMOTE_IPERF_PER_UE_END timestamp=2026-08-22T00:27:49+00:00 active_ues=13 tag=ue_13 final_rc=0 completed_slots=13 replacements=0 problematic_ues=0 server_busy_retries=0 deferred_stalls=0 late_timeouts_accepted=0
[2026-08-22T02:27:49+02:00] SCENARIO TRAFFIC COMMAND END timestamp=2026-08-22T02:27:49+02:00 active_ue=13 rc=0
[2026-08-22T02:27:50+02:00] SCENARIO UPF AFTER timestamp=2026-08-22T02:27:50+02:00 active_ue=13 pod=open5gs-upf-5b9db6d44-nsbqz uid=7b5b8ef7-a2a2-4fe9-a3e1-74acd17bd88f restarts=6
[2026-08-22T02:27:51+02:00] SCENARIO END timestamp=2026-08-22T02:27:50+02:00 active_ue=13 rc=0
[2026-08-22T02:27:51+02:00] ================================================================
[2026-08-22T02:27:51+02:00] SCENARIO START timestamp=2026-08-22T02:27:51+02:00 active_ue=15 registered_ue_pool=50 target_host=192.168.1.211 ports=5201-5215 replacement_ports=5251-5265 bitrate_per_ue=1M start_delay=0.05 replacement_min_duration=5 adaptive_extension_max=1
[2026-08-22T02:27:51+02:00] ================================================================
[2026-08-22T02:27:51+02:00] VPA_RECOMMENDATION_CHANGE timestamp=2026-08-22T02:27:48+02:00 scenario=ue_13 old='vpa_target_cpu=224m vpa_target_mem=250Mi vpa_uncapped_cpu=224m vpa_uncapped_mem=250Mi vpa_lower_cpu=83m vpa_lower_mem=250Mi vpa_upper_cpu=1500m vpa_upper_mem=512Mi' new='vpa_target_cpu=247m vpa_target_mem=250Mi vpa_uncapped_cpu=247m vpa_uncapped_mem=250Mi vpa_lower_cpu=111m vpa_lower_mem=250Mi vpa_upper_cpu=1500m vpa_upper_mem=512Mi' previous_5s_sample='timestamp=2026-08-22T02:27:43+02:00 scenario=ue_13 pod=open5gs-upf-5b9db6d44-nsbqz uid=7b5b8ef7-a2a2-4fe9-a3e1-74acd17bd88f restarts=6 usage_cpu=220m usage_mem=39Mi request_cpu=224m request_mem=250Mi limit_cpu=none limit_mem=none vpa_target_cpu=224m vpa_target_mem=250Mi vpa_uncapped_cpu=224m vpa_uncapped_mem=250Mi vpa_lower_cpu=83m vpa_lower_mem=250Mi vpa_upper_cpu=1500m vpa_upper_mem=512Mi' current_sample='timestamp=2026-08-22T02:27:48+02:00 scenario=ue_13 pod=open5gs-upf-5b9db6d44-nsbqz uid=7b5b8ef7-a2a2-4fe9-a3e1-74acd17bd88f restarts=6 usage_cpu=220m usage_mem=39Mi request_cpu=224m request_mem=250Mi limit_cpu=none limit_mem=none vpa_target_cpu=247m vpa_target_mem=250Mi vpa_uncapped_cpu=247m vpa_uncapped_mem=250Mi vpa_lower_cpu=111m vpa_lower_mem=250Mi vpa_upper_cpu=1500m vpa_upper_mem=512Mi'
[2026-08-22T02:27:51+02:00] UPF_CONTROL_SAMPLE timestamp=2026-08-22T02:27:48+02:00 scenario=ue_13 pod=open5gs-upf-5b9db6d44-nsbqz uid=7b5b8ef7-a2a2-4fe9-a3e1-74acd17bd88f restarts=6 usage_cpu=220m usage_mem=39Mi request_cpu=224m request_mem=250Mi limit_cpu=none limit_mem=none vpa_target_cpu=247m vpa_target_mem=250Mi vpa_uncapped_cpu=247m vpa_uncapped_mem=250Mi vpa_lower_cpu=111m vpa_lower_mem=250Mi vpa_upper_cpu=1500m vpa_upper_mem=512Mi
[2026-08-22T02:27:51+02:00] SCENARIO TUNNEL CHECK timestamp=2026-08-22T02:27:51+02:00 active_ue=15 current_tunnels=50 required=50
[2026-08-22T02:27:52+02:00] SCENARIO UPF BEFORE timestamp=2026-08-22T02:27:52+02:00 active_ue=15 pod=open5gs-upf-5b9db6d44-nsbqz uid=7b5b8ef7-a2a2-4fe9-a3e1-74acd17bd88f restarts=6
[2026-08-22T02:27:53+02:00] REMOTE_IPERF_PER_UE_START timestamp=2026-08-22T00:27:53+00:00 active_ues=15 tag=ue_15 iperf_host=192.168.1.211 base_port=5201 replacement_base_port=5251 duration=80 bitrate=1M start_delay=0.05 detection=no_rx_counter connect_timeout_s=4 stall_seconds=5 replacement_limit=15 replacement_min_duration_s=5 adaptive_extension_max_s=1 iperf_exit_grace_s=3 server_busy_port_rebinds=1 late_replacement_after_end=disabled wait_for_iperf_exit=until_timeout global_suspect_policy=soft_reuse ramp_supervision=after_initial_start
[2026-08-22T02:27:53+02:00] UE_POOL_STATUS timestamp=2026-08-22T00:27:53+00:00 active_ues=15 registered_tunnels=50 existing_global_suspect_ues=0 used_ues=0 policy=soft_reuse_global_suspects
[2026-08-22T02:27:53+02:00] UE_SLOT_ASSIGN timestamp=2026-08-22T00:27:53+00:00 active_ues=15 slot=0 ue_idx=0 ue_if=uesimtun0 ue_ip=10.45.1.246 candidate_reused_global_suspect=0
[2026-08-22T02:27:53+02:00] UE_SLOT_START timestamp=2026-08-22T00:27:53+00:00 active_ues=15 slot=0 attempt=1 ue_idx=0 ue_if=uesimtun0 ue_ip=10.45.1.246 target=192.168.1.211:5201 bitrate=1M duration_s=80 planned_end_epoch=1787358553 timeout_s=90 hard_timeout_epoch=1787358568 start_rx_bytes=649075
[2026-08-22T02:27:53+02:00] UE_SLOT_PID timestamp=2026-08-22T00:27:53+00:00 active_ues=15 slot=0 attempt=1 ue_idx=0 pid=15557
[2026-08-22T02:27:53+02:00] UE_SLOT_ASSIGN timestamp=2026-08-22T00:27:53+00:00 active_ues=15 slot=1 ue_idx=1 ue_if=uesimtun1 ue_ip=10.45.1.247 candidate_reused_global_suspect=0
[2026-08-22T02:27:53+02:00] UE_SLOT_START timestamp=2026-08-22T00:27:53+00:00 active_ues=15 slot=1 attempt=1 ue_idx=1 ue_if=uesimtun1 ue_ip=10.45.1.247 target=192.168.1.211:5202 bitrate=1M duration_s=80 planned_end_epoch=1787358553 timeout_s=90 hard_timeout_epoch=1787358568 start_rx_bytes=562321
[2026-08-22T02:27:53+02:00] UE_SLOT_PID timestamp=2026-08-22T00:27:53+00:00 active_ues=15 slot=1 attempt=1 ue_idx=1 pid=15582
[2026-08-22T02:27:53+02:00] UE_SLOT_ASSIGN timestamp=2026-08-22T00:27:53+00:00 active_ues=15 slot=2 ue_idx=2 ue_if=uesimtun2 ue_ip=10.45.1.248 candidate_reused_global_suspect=0
[2026-08-22T02:27:53+02:00] UE_SLOT_START timestamp=2026-08-22T00:27:53+00:00 active_ues=15 slot=2 attempt=1 ue_idx=2 ue_if=uesimtun2 ue_ip=10.45.1.248 target=192.168.1.211:5203 bitrate=1M duration_s=80 planned_end_epoch=1787358553 timeout_s=90 hard_timeout_epoch=1787358568 start_rx_bytes=551958
[2026-08-22T02:27:53+02:00] UE_SLOT_PID timestamp=2026-08-22T00:27:53+00:00 active_ues=15 slot=2 attempt=1 ue_idx=2 pid=15607
[2026-08-22T02:27:53+02:00] UE_SLOT_ASSIGN timestamp=2026-08-22T00:27:53+00:00 active_ues=15 slot=3 ue_idx=3 ue_if=uesimtun3 ue_ip=10.45.1.249 candidate_reused_global_suspect=0
[2026-08-22T02:27:53+02:00] UPF_CONTROL_SAMPLE timestamp=2026-08-22T02:27:52+02:00 scenario=ue_15 pod=open5gs-upf-5b9db6d44-nsbqz uid=7b5b8ef7-a2a2-4fe9-a3e1-74acd17bd88f restarts=6 usage_cpu=220m usage_mem=39Mi request_cpu=224m request_mem=250Mi limit_cpu=none limit_mem=none vpa_target_cpu=247m vpa_target_mem=250Mi vpa_uncapped_cpu=247m vpa_uncapped_mem=250Mi vpa_lower_cpu=111m vpa_lower_mem=250Mi vpa_upper_cpu=1500m vpa_upper_mem=512Mi
[2026-08-22T02:27:53+02:00] UE_SLOT_START timestamp=2026-08-22T00:27:53+00:00 active_ues=15 slot=3 attempt=1 ue_idx=3 ue_if=uesimtun3 ue_ip=10.45.1.249 target=192.168.1.211:5204 bitrate=1M duration_s=80 planned_end_epoch=1787358553 timeout_s=90 hard_timeout_epoch=1787358568 start_rx_bytes=457844
[2026-08-22T02:27:53+02:00] UE_SLOT_PID timestamp=2026-08-22T00:27:53+00:00 active_ues=15 slot=3 attempt=1 ue_idx=3 pid=15632
[2026-08-22T02:27:54+02:00] UE_SLOT_ASSIGN timestamp=2026-08-22T00:27:54+00:00 active_ues=15 slot=4 ue_idx=4 ue_if=uesimtun4 ue_ip=10.45.1.250 candidate_reused_global_suspect=0
[2026-08-22T02:27:54+02:00] UE_SLOT_START timestamp=2026-08-22T00:27:54+00:00 active_ues=15 slot=4 attempt=1 ue_idx=4 ue_if=uesimtun4 ue_ip=10.45.1.250 target=192.168.1.211:5205 bitrate=1M duration_s=80 planned_end_epoch=1787358554 timeout_s=90 hard_timeout_epoch=1787358569 start_rx_bytes=459287
[2026-08-22T02:27:54+02:00] UE_SLOT_PID timestamp=2026-08-22T00:27:54+00:00 active_ues=15 slot=4 attempt=1 ue_idx=4 pid=15657
[2026-08-22T02:27:54+02:00] UE_SLOT_ASSIGN timestamp=2026-08-22T00:27:54+00:00 active_ues=15 slot=5 ue_idx=5 ue_if=uesimtun5 ue_ip=10.45.1.251 candidate_reused_global_suspect=0
[2026-08-22T02:27:54+02:00] UE_SLOT_START timestamp=2026-08-22T00:27:54+00:00 active_ues=15 slot=5 attempt=1 ue_idx=5 ue_if=uesimtun5 ue_ip=10.45.1.251 target=192.168.1.211:5206 bitrate=1M duration_s=80 planned_end_epoch=1787358554 timeout_s=90 hard_timeout_epoch=1787358569 start_rx_bytes=367433
[2026-08-22T02:27:54+02:00] UE_SLOT_PID timestamp=2026-08-22T00:27:54+00:00 active_ues=15 slot=5 attempt=1 ue_idx=5 pid=15682
[2026-08-22T02:27:54+02:00] UE_SLOT_ASSIGN timestamp=2026-08-22T00:27:54+00:00 active_ues=15 slot=6 ue_idx=6 ue_if=uesimtun6 ue_ip=10.45.1.252 candidate_reused_global_suspect=0
[2026-08-22T02:27:54+02:00] UE_SLOT_START timestamp=2026-08-22T00:27:54+00:00 active_ues=15 slot=6 attempt=1 ue_idx=6 ue_if=uesimtun6 ue_ip=10.45.1.252 target=192.168.1.211:5207 bitrate=1M duration_s=80 planned_end_epoch=1787358554 timeout_s=90 hard_timeout_epoch=1787358569 start_rx_bytes=368742
[2026-08-22T02:27:54+02:00] UE_SLOT_PID timestamp=2026-08-22T00:27:54+00:00 active_ues=15 slot=6 attempt=1 ue_idx=6 pid=15707
[2026-08-22T02:27:54+02:00] UE_SLOT_ASSIGN timestamp=2026-08-22T00:27:54+00:00 active_ues=15 slot=7 ue_idx=7 ue_if=uesimtun7 ue_ip=10.45.1.253 candidate_reused_global_suspect=0
[2026-08-22T02:27:54+02:00] UE_SLOT_START timestamp=2026-08-22T00:27:54+00:00 active_ues=15 slot=7 attempt=1 ue_idx=7 ue_if=uesimtun7 ue_ip=10.45.1.253 target=192.168.1.211:5208 bitrate=1M duration_s=80 planned_end_epoch=1787358554 timeout_s=90 hard_timeout_epoch=1787358569 start_rx_bytes=274944
[2026-08-22T02:27:54+02:00] UE_SLOT_PID timestamp=2026-08-22T00:27:54+00:00 active_ues=15 slot=7 attempt=1 ue_idx=7 pid=15732
[2026-08-22T02:27:54+02:00] UE_SLOT_ASSIGN timestamp=2026-08-22T00:27:54+00:00 active_ues=15 slot=8 ue_idx=8 ue_if=uesimtun8 ue_ip=10.45.1.254 candidate_reused_global_suspect=0
[2026-08-22T02:27:54+02:00] UE_SLOT_START timestamp=2026-08-22T00:27:54+00:00 active_ues=15 slot=8 attempt=1 ue_idx=8 ue_if=uesimtun8 ue_ip=10.45.1.254 target=192.168.1.211:5209 bitrate=1M duration_s=80 planned_end_epoch=1787358554 timeout_s=90 hard_timeout_epoch=1787358569 start_rx_bytes=278656
[2026-08-22T02:27:55+02:00] UE_SLOT_PID timestamp=2026-08-22T00:27:54+00:00 active_ues=15 slot=8 attempt=1 ue_idx=8 pid=15757
[2026-08-22T02:27:55+02:00] UE_SLOT_ASSIGN timestamp=2026-08-22T00:27:55+00:00 active_ues=15 slot=9 ue_idx=9 ue_if=uesimtun9 ue_ip=10.45.1.255 candidate_reused_global_suspect=0
[2026-08-22T02:27:55+02:00] UE_SLOT_START timestamp=2026-08-22T00:27:55+00:00 active_ues=15 slot=9 attempt=1 ue_idx=9 ue_if=uesimtun9 ue_ip=10.45.1.255 target=192.168.1.211:5210 bitrate=1M duration_s=80 planned_end_epoch=1787358555 timeout_s=90 hard_timeout_epoch=1787358570 start_rx_bytes=182998
[2026-08-22T02:27:55+02:00] UE_SLOT_PID timestamp=2026-08-22T00:27:55+00:00 active_ues=15 slot=9 attempt=1 ue_idx=9 pid=15782
[2026-08-22T02:27:55+02:00] UE_SLOT_ASSIGN timestamp=2026-08-22T00:27:55+00:00 active_ues=15 slot=10 ue_idx=10 ue_if=uesimtun10 ue_ip=10.45.2.2 candidate_reused_global_suspect=0
[2026-08-22T02:27:55+02:00] UE_SLOT_START timestamp=2026-08-22T00:27:55+00:00 active_ues=15 slot=10 attempt=1 ue_idx=10 ue_if=uesimtun10 ue_ip=10.45.2.2 target=192.168.1.211:5211 bitrate=1M duration_s=80 planned_end_epoch=1787358555 timeout_s=90 hard_timeout_epoch=1787358570 start_rx_bytes=183971
[2026-08-22T02:27:55+02:00] UE_SLOT_PID timestamp=2026-08-22T00:27:55+00:00 active_ues=15 slot=10 attempt=1 ue_idx=10 pid=15807
[2026-08-22T02:27:55+02:00] UE_SLOT_ASSIGN timestamp=2026-08-22T00:27:55+00:00 active_ues=15 slot=11 ue_idx=11 ue_if=uesimtun11 ue_ip=10.45.2.22 candidate_reused_global_suspect=0
[2026-08-22T02:27:55+02:00] UE_SLOT_START timestamp=2026-08-22T00:27:55+00:00 active_ues=15 slot=11 attempt=1 ue_idx=11 ue_if=uesimtun11 ue_ip=10.45.2.22 target=192.168.1.211:5212 bitrate=1M duration_s=80 planned_end_epoch=1787358555 timeout_s=90 hard_timeout_epoch=1787358570 start_rx_bytes=92196
[2026-08-22T02:27:55+02:00] UE_SLOT_PID timestamp=2026-08-22T00:27:55+00:00 active_ues=15 slot=11 attempt=1 ue_idx=11 pid=15832
[2026-08-22T02:27:55+02:00] UE_SLOT_ASSIGN timestamp=2026-08-22T00:27:55+00:00 active_ues=15 slot=12 ue_idx=12 ue_if=uesimtun12 ue_ip=10.45.2.5 candidate_reused_global_suspect=0
[2026-08-22T02:27:55+02:00] UE_SLOT_START timestamp=2026-08-22T00:27:55+00:00 active_ues=15 slot=12 attempt=1 ue_idx=12 ue_if=uesimtun12 ue_ip=10.45.2.5 target=192.168.1.211:5213 bitrate=1M duration_s=80 planned_end_epoch=1787358555 timeout_s=90 hard_timeout_epoch=1787358570 start_rx_bytes=91984
[2026-08-22T02:27:55+02:00] UE_SLOT_PID timestamp=2026-08-22T00:27:55+00:00 active_ues=15 slot=12 attempt=1 ue_idx=12 pid=15857
[2026-08-22T02:27:56+02:00] UPF_CONTROL_SAMPLE timestamp=2026-08-22T02:27:54+02:00 scenario=ue_15 pod=open5gs-upf-5b9db6d44-nsbqz uid=7b5b8ef7-a2a2-4fe9-a3e1-74acd17bd88f restarts=6 usage_cpu=216m usage_mem=39Mi request_cpu=224m request_mem=250Mi limit_cpu=none limit_mem=none vpa_target_cpu=247m vpa_target_mem=250Mi vpa_uncapped_cpu=247m vpa_uncapped_mem=250Mi vpa_lower_cpu=111m vpa_lower_mem=250Mi vpa_upper_cpu=1500m vpa_upper_mem=512Mi
[2026-08-22T02:27:56+02:00] UE_SLOT_ASSIGN timestamp=2026-08-22T00:27:56+00:00 active_ues=15 slot=13 ue_idx=13 ue_if=uesimtun13 ue_ip=10.45.2.0 candidate_reused_global_suspect=0
[2026-08-22T02:27:56+02:00] UE_SLOT_START timestamp=2026-08-22T00:27:56+00:00 active_ues=15 slot=13 attempt=1 ue_idx=13 ue_if=uesimtun13 ue_ip=10.45.2.0 target=192.168.1.211:5214 bitrate=1M duration_s=80 planned_end_epoch=1787358556 timeout_s=90 hard_timeout_epoch=1787358571 start_rx_bytes=0
[2026-08-22T02:27:56+02:00] UE_SLOT_PID timestamp=2026-08-22T00:27:56+00:00 active_ues=15 slot=13 attempt=1 ue_idx=13 pid=15882
[2026-08-22T02:27:56+02:00] UE_SLOT_ASSIGN timestamp=2026-08-22T00:27:56+00:00 active_ues=15 slot=14 ue_idx=14 ue_if=uesimtun14 ue_ip=10.45.2.8 candidate_reused_global_suspect=0
[2026-08-22T02:27:56+02:00] UE_SLOT_START timestamp=2026-08-22T00:27:56+00:00 active_ues=15 slot=14 attempt=1 ue_idx=14 ue_if=uesimtun14 ue_ip=10.45.2.8 target=192.168.1.211:5215 bitrate=1M duration_s=80 planned_end_epoch=1787358556 timeout_s=90 hard_timeout_epoch=1787358571 start_rx_bytes=0
[2026-08-22T02:27:56+02:00] UE_SLOT_PID timestamp=2026-08-22T00:27:56+00:00 active_ues=15 slot=14 attempt=1 ue_idx=14 pid=15907
[2026-08-22T02:27:56+02:00] IPERF_MAPPING_SUMMARY timestamp=2026-08-22T00:27:56+00:00 active_ues=15 registered_tunnels=50 initial_ports=5201-5215 replacement_ports=5251-5265 bitrate=1M start_delay=0.05 detection=no_rx_counter replacement_min_duration_s=5 adaptive_extension_max_s=1 iperf_exit_grace_s=3 server_busy_port_rebinds=1 late_replacement_after_end=disabled wait_for_iperf_exit=until_timeout global_suspect_policy=soft_reuse ramp_supervision=after_initial_start
[2026-08-22T02:27:58+02:00] UPF_CONTROL_SAMPLE timestamp=2026-08-22T02:27:57+02:00 scenario=ue_15 pod=open5gs-upf-5b9db6d44-nsbqz uid=7b5b8ef7-a2a2-4fe9-a3e1-74acd17bd88f restarts=6 usage_cpu=216m usage_mem=39Mi request_cpu=224m request_mem=250Mi limit_cpu=none limit_mem=none vpa_target_cpu=247m vpa_target_mem=250Mi vpa_uncapped_cpu=247m vpa_uncapped_mem=250Mi vpa_lower_cpu=111m vpa_lower_mem=250Mi vpa_upper_cpu=1500m vpa_upper_mem=512Mi
[2026-08-22T02:28:00+02:00] UPF_CONTROL_SAMPLE timestamp=2026-08-22T02:27:59+02:00 scenario=ue_15 pod=open5gs-upf-5b9db6d44-nsbqz uid=7b5b8ef7-a2a2-4fe9-a3e1-74acd17bd88f restarts=6 usage_cpu=216m usage_mem=39Mi request_cpu=224m request_mem=250Mi limit_cpu=none limit_mem=none vpa_target_cpu=247m vpa_target_mem=250Mi vpa_uncapped_cpu=247m vpa_uncapped_mem=250Mi vpa_lower_cpu=111m vpa_lower_mem=250Mi vpa_upper_cpu=1500m vpa_upper_mem=512Mi
[2026-08-22T02:28:02+02:00] UPF_CONTROL_SAMPLE timestamp=2026-08-22T02:28:01+02:00 scenario=ue_15 pod=open5gs-upf-5b9db6d44-nsbqz uid=7b5b8ef7-a2a2-4fe9-a3e1-74acd17bd88f restarts=6 usage_cpu=216m usage_mem=39Mi request_cpu=224m request_mem=250Mi limit_cpu=none limit_mem=none vpa_target_cpu=247m vpa_target_mem=250Mi vpa_uncapped_cpu=247m vpa_uncapped_mem=250Mi vpa_lower_cpu=111m vpa_lower_mem=250Mi vpa_upper_cpu=1500m vpa_upper_mem=512Mi
[2026-08-22T02:28:04+02:00] UPF_CONTROL_SAMPLE timestamp=2026-08-22T02:28:03+02:00 scenario=ue_15 pod=open5gs-upf-5b9db6d44-nsbqz uid=7b5b8ef7-a2a2-4fe9-a3e1-74acd17bd88f restarts=6 usage_cpu=216m usage_mem=39Mi request_cpu=224m request_mem=250Mi limit_cpu=none limit_mem=none vpa_target_cpu=247m vpa_target_mem=250Mi vpa_uncapped_cpu=247m vpa_uncapped_mem=250Mi vpa_lower_cpu=111m vpa_lower_mem=250Mi vpa_upper_cpu=1500m vpa_upper_mem=512Mi
[2026-08-22T02:28:06+02:00] UPF_CONTROL_SAMPLE timestamp=2026-08-22T02:28:05+02:00 scenario=ue_15 pod=open5gs-upf-5b9db6d44-nsbqz uid=7b5b8ef7-a2a2-4fe9-a3e1-74acd17bd88f restarts=6 usage_cpu=216m usage_mem=39Mi request_cpu=224m request_mem=250Mi limit_cpu=none limit_mem=none vpa_target_cpu=247m vpa_target_mem=250Mi vpa_uncapped_cpu=247m vpa_uncapped_mem=250Mi vpa_lower_cpu=111m vpa_lower_mem=250Mi vpa_upper_cpu=1500m vpa_upper_mem=512Mi
[2026-08-22T02:28:08+02:00] UPF_CONTROL_SAMPLE timestamp=2026-08-22T02:28:07+02:00 scenario=ue_15 pod=open5gs-upf-5b9db6d44-nsbqz uid=7b5b8ef7-a2a2-4fe9-a3e1-74acd17bd88f restarts=6 usage_cpu=216m usage_mem=39Mi request_cpu=224m request_mem=250Mi limit_cpu=none limit_mem=none vpa_target_cpu=247m vpa_target_mem=250Mi vpa_uncapped_cpu=247m vpa_uncapped_mem=250Mi vpa_lower_cpu=111m vpa_lower_mem=250Mi vpa_upper_cpu=1500m vpa_upper_mem=512Mi
[2026-08-22T02:28:11+02:00] UPF_CONTROL_SAMPLE timestamp=2026-08-22T02:28:10+02:00 scenario=ue_15 pod=open5gs-upf-5b9db6d44-nsbqz uid=7b5b8ef7-a2a2-4fe9-a3e1-74acd17bd88f restarts=6 usage_cpu=160m usage_mem=39Mi request_cpu=224m request_mem=250Mi limit_cpu=none limit_mem=none vpa_target_cpu=247m vpa_target_mem=250Mi vpa_uncapped_cpu=247m vpa_uncapped_mem=250Mi vpa_lower_cpu=111m vpa_lower_mem=250Mi vpa_upper_cpu=1500m vpa_upper_mem=512Mi
[2026-08-22T02:28:13+02:00] UPF_CONTROL_SAMPLE timestamp=2026-08-22T02:28:12+02:00 scenario=ue_15 pod=open5gs-upf-5b9db6d44-nsbqz uid=7b5b8ef7-a2a2-4fe9-a3e1-74acd17bd88f restarts=6 usage_cpu=160m usage_mem=39Mi request_cpu=224m request_mem=250Mi limit_cpu=none limit_mem=none vpa_target_cpu=247m vpa_target_mem=250Mi vpa_uncapped_cpu=247m vpa_uncapped_mem=250Mi vpa_lower_cpu=111m vpa_lower_mem=250Mi vpa_upper_cpu=1500m vpa_upper_mem=512Mi
[2026-08-22T02:28:15+02:00] UPF_CONTROL_SAMPLE timestamp=2026-08-22T02:28:14+02:00 scenario=ue_15 pod=open5gs-upf-5b9db6d44-nsbqz uid=7b5b8ef7-a2a2-4fe9-a3e1-74acd17bd88f restarts=6 usage_cpu=160m usage_mem=39Mi request_cpu=224m request_mem=250Mi limit_cpu=none limit_mem=none vpa_target_cpu=247m vpa_target_mem=250Mi vpa_uncapped_cpu=247m vpa_uncapped_mem=250Mi vpa_lower_cpu=111m vpa_lower_mem=250Mi vpa_upper_cpu=1500m vpa_upper_mem=512Mi
[2026-08-22T02:28:17+02:00] UPF_CONTROL_SAMPLE timestamp=2026-08-22T02:28:16+02:00 scenario=ue_15 pod=open5gs-upf-5b9db6d44-nsbqz uid=7b5b8ef7-a2a2-4fe9-a3e1-74acd17bd88f restarts=6 usage_cpu=160m usage_mem=39Mi request_cpu=224m request_mem=250Mi limit_cpu=none limit_mem=none vpa_target_cpu=247m vpa_target_mem=250Mi vpa_uncapped_cpu=247m vpa_uncapped_mem=250Mi vpa_lower_cpu=111m vpa_lower_mem=250Mi vpa_upper_cpu=1500m vpa_upper_mem=512Mi
[2026-08-22T02:28:20+02:00] UPF_CONTROL_SAMPLE timestamp=2026-08-22T02:28:18+02:00 scenario=ue_15 pod=open5gs-upf-5b9db6d44-nsbqz uid=7b5b8ef7-a2a2-4fe9-a3e1-74acd17bd88f restarts=6 usage_cpu=160m usage_mem=39Mi request_cpu=224m request_mem=250Mi limit_cpu=none limit_mem=none vpa_target_cpu=247m vpa_target_mem=250Mi vpa_uncapped_cpu=247m vpa_uncapped_mem=250Mi vpa_lower_cpu=111m vpa_lower_mem=250Mi vpa_upper_cpu=1500m vpa_upper_mem=512Mi
[2026-08-22T02:28:22+02:00] UPF_CONTROL_SAMPLE timestamp=2026-08-22T02:28:21+02:00 scenario=ue_15 pod=open5gs-upf-5b9db6d44-nsbqz uid=7b5b8ef7-a2a2-4fe9-a3e1-74acd17bd88f restarts=6 usage_cpu=160m usage_mem=39Mi request_cpu=224m request_mem=250Mi limit_cpu=none limit_mem=none vpa_target_cpu=247m vpa_target_mem=250Mi vpa_uncapped_cpu=247m vpa_uncapped_mem=250Mi vpa_lower_cpu=111m vpa_lower_mem=250Mi vpa_upper_cpu=1500m vpa_upper_mem=512Mi
[2026-08-22T02:28:24+02:00] UPF_CONTROL_SAMPLE timestamp=2026-08-22T02:28:23+02:00 scenario=ue_15 pod=open5gs-upf-5b9db6d44-nsbqz uid=7b5b8ef7-a2a2-4fe9-a3e1-74acd17bd88f restarts=6 usage_cpu=160m usage_mem=39Mi request_cpu=224m request_mem=250Mi limit_cpu=none limit_mem=none vpa_target_cpu=247m vpa_target_mem=250Mi vpa_uncapped_cpu=247m vpa_uncapped_mem=250Mi vpa_lower_cpu=111m vpa_lower_mem=250Mi vpa_upper_cpu=1500m vpa_upper_mem=512Mi
[2026-08-22T02:28:26+02:00] UPF_CONTROL_SAMPLE timestamp=2026-08-22T02:28:25+02:00 scenario=ue_15 pod=open5gs-upf-5b9db6d44-nsbqz uid=7b5b8ef7-a2a2-4fe9-a3e1-74acd17bd88f restarts=6 usage_cpu=160m usage_mem=39Mi request_cpu=224m request_mem=250Mi limit_cpu=none limit_mem=none vpa_target_cpu=247m vpa_target_mem=250Mi vpa_uncapped_cpu=247m vpa_uncapped_mem=250Mi vpa_lower_cpu=111m vpa_lower_mem=250Mi vpa_upper_cpu=1500m vpa_upper_mem=512Mi
[2026-08-22T02:28:28+02:00] UPF_REQUEST_CHANGE timestamp=2026-08-22T02:28:27+02:00 scenario=ue_15 pod=open5gs-upf-5b9db6d44-nsbqz uid=7b5b8ef7-a2a2-4fe9-a3e1-74acd17bd88f restarts=6 old='request_cpu=224m request_mem=250Mi limit_cpu=none limit_mem=none' new='request_cpu=247m request_mem=250Mi limit_cpu=none limit_mem=none' previous_5s_sample='timestamp=2026-08-22T02:28:21+02:00 scenario=ue_15 pod=open5gs-upf-5b9db6d44-nsbqz uid=7b5b8ef7-a2a2-4fe9-a3e1-74acd17bd88f restarts=6 usage_cpu=160m usage_mem=39Mi request_cpu=224m request_mem=250Mi limit_cpu=none limit_mem=none vpa_target_cpu=247m vpa_target_mem=250Mi vpa_uncapped_cpu=247m vpa_uncapped_mem=250Mi vpa_lower_cpu=111m vpa_lower_mem=250Mi vpa_upper_cpu=1500m vpa_upper_mem=512Mi' current_sample='timestamp=2026-08-22T02:28:27+02:00 scenario=ue_15 pod=open5gs-upf-5b9db6d44-nsbqz uid=7b5b8ef7-a2a2-4fe9-a3e1-74acd17bd88f restarts=6 usage_cpu=160m usage_mem=39Mi request_cpu=247m request_mem=250Mi limit_cpu=none limit_mem=none vpa_target_cpu=247m vpa_target_mem=250Mi vpa_uncapped_cpu=247m vpa_uncapped_mem=250Mi vpa_lower_cpu=111m vpa_lower_mem=250Mi vpa_upper_cpu=1500m vpa_upper_mem=512Mi'
[2026-08-22T02:28:28+02:00] UPF_CONTROL_SAMPLE timestamp=2026-08-22T02:28:27+02:00 scenario=ue_15 pod=open5gs-upf-5b9db6d44-nsbqz uid=7b5b8ef7-a2a2-4fe9-a3e1-74acd17bd88f restarts=6 usage_cpu=160m usage_mem=39Mi request_cpu=247m request_mem=250Mi limit_cpu=none limit_mem=none vpa_target_cpu=247m vpa_target_mem=250Mi vpa_uncapped_cpu=247m vpa_uncapped_mem=250Mi vpa_lower_cpu=111m vpa_lower_mem=250Mi vpa_upper_cpu=1500m vpa_upper_mem=512Mi
[2026-08-22T02:28:30+02:00] UPF_CONTROL_SAMPLE timestamp=2026-08-22T02:28:29+02:00 scenario=ue_15 pod=open5gs-upf-5b9db6d44-nsbqz uid=7b5b8ef7-a2a2-4fe9-a3e1-74acd17bd88f restarts=6 usage_cpu=160m usage_mem=39Mi request_cpu=247m request_mem=250Mi limit_cpu=none limit_mem=none vpa_target_cpu=247m vpa_target_mem=250Mi vpa_uncapped_cpu=247m vpa_uncapped_mem=250Mi vpa_lower_cpu=111m vpa_lower_mem=250Mi vpa_upper_cpu=1500m vpa_upper_mem=512Mi
[2026-08-22T02:28:33+02:00] UPF_CONTROL_SAMPLE timestamp=2026-08-22T02:28:31+02:00 scenario=ue_15 pod=open5gs-upf-5b9db6d44-nsbqz uid=7b5b8ef7-a2a2-4fe9-a3e1-74acd17bd88f restarts=6 usage_cpu=160m usage_mem=39Mi request_cpu=247m request_mem=250Mi limit_cpu=none limit_mem=none vpa_target_cpu=247m vpa_target_mem=250Mi vpa_uncapped_cpu=247m vpa_uncapped_mem=250Mi vpa_lower_cpu=111m vpa_lower_mem=250Mi vpa_upper_cpu=1500m vpa_upper_mem=512Mi
[2026-08-22T02:28:35+02:00] UPF_CONTROL_SAMPLE timestamp=2026-08-22T02:28:34+02:00 scenario=ue_15 pod=open5gs-upf-5b9db6d44-nsbqz uid=7b5b8ef7-a2a2-4fe9-a3e1-74acd17bd88f restarts=6 usage_cpu=160m usage_mem=39Mi request_cpu=247m request_mem=250Mi limit_cpu=none limit_mem=none vpa_target_cpu=247m vpa_target_mem=250Mi vpa_uncapped_cpu=247m vpa_uncapped_mem=250Mi vpa_lower_cpu=111m vpa_lower_mem=250Mi vpa_upper_cpu=1500m vpa_upper_mem=512Mi
[2026-08-22T02:28:37+02:00] UPF_CONTROL_SAMPLE timestamp=2026-08-22T02:28:36+02:00 scenario=ue_15 pod=open5gs-upf-5b9db6d44-nsbqz uid=7b5b8ef7-a2a2-4fe9-a3e1-74acd17bd88f restarts=6 usage_cpu=160m usage_mem=39Mi request_cpu=247m request_mem=250Mi limit_cpu=none limit_mem=none vpa_target_cpu=247m vpa_target_mem=250Mi vpa_uncapped_cpu=247m vpa_uncapped_mem=250Mi vpa_lower_cpu=111m vpa_lower_mem=250Mi vpa_upper_cpu=1500m vpa_upper_mem=512Mi
[2026-08-22T02:28:39+02:00] UPF_CONTROL_SAMPLE timestamp=2026-08-22T02:28:38+02:00 scenario=ue_15 pod=open5gs-upf-5b9db6d44-nsbqz uid=7b5b8ef7-a2a2-4fe9-a3e1-74acd17bd88f restarts=6 usage_cpu=160m usage_mem=39Mi request_cpu=247m request_mem=250Mi limit_cpu=none limit_mem=none vpa_target_cpu=247m vpa_target_mem=250Mi vpa_uncapped_cpu=247m vpa_uncapped_mem=250Mi vpa_lower_cpu=111m vpa_lower_mem=250Mi vpa_upper_cpu=1500m vpa_upper_mem=512Mi
[2026-08-22T02:28:41+02:00] UPF_CONTROL_SAMPLE timestamp=2026-08-22T02:28:40+02:00 scenario=ue_15 pod=open5gs-upf-5b9db6d44-nsbqz uid=7b5b8ef7-a2a2-4fe9-a3e1-74acd17bd88f restarts=6 usage_cpu=245m usage_mem=39Mi request_cpu=247m request_mem=250Mi limit_cpu=none limit_mem=none vpa_target_cpu=247m vpa_target_mem=250Mi vpa_uncapped_cpu=247m vpa_uncapped_mem=250Mi vpa_lower_cpu=111m vpa_lower_mem=250Mi vpa_upper_cpu=1500m vpa_upper_mem=512Mi
[2026-08-22T02:28:43+02:00] UPF_CONTROL_SAMPLE timestamp=2026-08-22T02:28:42+02:00 scenario=ue_15 pod=open5gs-upf-5b9db6d44-nsbqz uid=7b5b8ef7-a2a2-4fe9-a3e1-74acd17bd88f restarts=6 usage_cpu=245m usage_mem=39Mi request_cpu=247m request_mem=250Mi limit_cpu=none limit_mem=none vpa_target_cpu=247m vpa_target_mem=250Mi vpa_uncapped_cpu=247m vpa_uncapped_mem=250Mi vpa_lower_cpu=111m vpa_lower_mem=250Mi vpa_upper_cpu=1500m vpa_upper_mem=512Mi
[2026-08-22T02:28:45+02:00] UPF_CONTROL_SAMPLE timestamp=2026-08-22T02:28:44+02:00 scenario=ue_15 pod=open5gs-upf-5b9db6d44-nsbqz uid=7b5b8ef7-a2a2-4fe9-a3e1-74acd17bd88f restarts=6 usage_cpu=245m usage_mem=39Mi request_cpu=247m request_mem=250Mi limit_cpu=none limit_mem=none vpa_target_cpu=247m vpa_target_mem=250Mi vpa_uncapped_cpu=247m vpa_uncapped_mem=250Mi vpa_lower_cpu=111m vpa_lower_mem=250Mi vpa_upper_cpu=1500m vpa_upper_mem=512Mi
[2026-08-22T02:28:48+02:00] VPA_RECOMMENDATION_CHANGE timestamp=2026-08-22T02:28:46+02:00 scenario=ue_15 old='vpa_target_cpu=247m vpa_target_mem=250Mi vpa_uncapped_cpu=247m vpa_uncapped_mem=250Mi vpa_lower_cpu=111m vpa_lower_mem=250Mi vpa_upper_cpu=1500m vpa_upper_mem=512Mi' new='vpa_target_cpu=271m vpa_target_mem=250Mi vpa_uncapped_cpu=271m vpa_uncapped_mem=250Mi vpa_lower_cpu=114m vpa_lower_mem=250Mi vpa_upper_cpu=1500m vpa_upper_mem=512Mi' previous_5s_sample='timestamp=2026-08-22T02:28:40+02:00 scenario=ue_15 pod=open5gs-upf-5b9db6d44-nsbqz uid=7b5b8ef7-a2a2-4fe9-a3e1-74acd17bd88f restarts=6 usage_cpu=245m usage_mem=39Mi request_cpu=247m request_mem=250Mi limit_cpu=none limit_mem=none vpa_target_cpu=247m vpa_target_mem=250Mi vpa_uncapped_cpu=247m vpa_uncapped_mem=250Mi vpa_lower_cpu=111m vpa_lower_mem=250Mi vpa_upper_cpu=1500m vpa_upper_mem=512Mi' current_sample='timestamp=2026-08-22T02:28:46+02:00 scenario=ue_15 pod=open5gs-upf-5b9db6d44-nsbqz uid=7b5b8ef7-a2a2-4fe9-a3e1-74acd17bd88f restarts=6 usage_cpu=245m usage_mem=39Mi request_cpu=247m request_mem=250Mi limit_cpu=none limit_mem=none vpa_target_cpu=271m vpa_target_mem=250Mi vpa_uncapped_cpu=271m vpa_uncapped_mem=250Mi vpa_lower_cpu=114m vpa_lower_mem=250Mi vpa_upper_cpu=1500m vpa_upper_mem=512Mi'
[2026-08-22T02:28:48+02:00] UPF_CONTROL_SAMPLE timestamp=2026-08-22T02:28:46+02:00 scenario=ue_15 pod=open5gs-upf-5b9db6d44-nsbqz uid=7b5b8ef7-a2a2-4fe9-a3e1-74acd17bd88f restarts=6 usage_cpu=245m usage_mem=39Mi request_cpu=247m request_mem=250Mi limit_cpu=none limit_mem=none vpa_target_cpu=271m vpa_target_mem=250Mi vpa_uncapped_cpu=271m vpa_uncapped_mem=250Mi vpa_lower_cpu=114m vpa_lower_mem=250Mi vpa_upper_cpu=1500m vpa_upper_mem=512Mi
[2026-08-22T02:28:50+02:00] UPF_CONTROL_SAMPLE timestamp=2026-08-22T02:28:49+02:00 scenario=ue_15 pod=open5gs-upf-5b9db6d44-nsbqz uid=7b5b8ef7-a2a2-4fe9-a3e1-74acd17bd88f restarts=6 usage_cpu=245m usage_mem=39Mi request_cpu=247m request_mem=250Mi limit_cpu=none limit_mem=none vpa_target_cpu=271m vpa_target_mem=250Mi vpa_uncapped_cpu=271m vpa_uncapped_mem=250Mi vpa_lower_cpu=114m vpa_lower_mem=250Mi vpa_upper_cpu=1500m vpa_upper_mem=512Mi
[2026-08-22T02:28:52+02:00] UPF_CONTROL_SAMPLE timestamp=2026-08-22T02:28:51+02:00 scenario=ue_15 pod=open5gs-upf-5b9db6d44-nsbqz uid=7b5b8ef7-a2a2-4fe9-a3e1-74acd17bd88f restarts=6 usage_cpu=245m usage_mem=39Mi request_cpu=247m request_mem=250Mi limit_cpu=none limit_mem=none vpa_target_cpu=271m vpa_target_mem=250Mi vpa_uncapped_cpu=271m vpa_uncapped_mem=250Mi vpa_lower_cpu=114m vpa_lower_mem=250Mi vpa_upper_cpu=1500m vpa_upper_mem=512Mi
[2026-08-22T02:28:54+02:00] UPF_CONTROL_SAMPLE timestamp=2026-08-22T02:28:53+02:00 scenario=ue_15 pod=open5gs-upf-5b9db6d44-nsbqz uid=7b5b8ef7-a2a2-4fe9-a3e1-74acd17bd88f restarts=6 usage_cpu=245m usage_mem=39Mi request_cpu=247m request_mem=250Mi limit_cpu=none limit_mem=none vpa_target_cpu=271m vpa_target_mem=250Mi vpa_uncapped_cpu=271m vpa_uncapped_mem=250Mi vpa_lower_cpu=114m vpa_lower_mem=250Mi vpa_upper_cpu=1500m vpa_upper_mem=512Mi
[2026-08-22T02:28:56+02:00] UPF_CONTROL_SAMPLE timestamp=2026-08-22T02:28:55+02:00 scenario=ue_15 pod=open5gs-upf-5b9db6d44-nsbqz uid=7b5b8ef7-a2a2-4fe9-a3e1-74acd17bd88f restarts=6 usage_cpu=239m usage_mem=39Mi request_cpu=247m request_mem=250Mi limit_cpu=none limit_mem=none vpa_target_cpu=271m vpa_target_mem=250Mi vpa_uncapped_cpu=271m vpa_uncapped_mem=250Mi vpa_lower_cpu=114m vpa_lower_mem=250Mi vpa_upper_cpu=1500m vpa_upper_mem=512Mi
[2026-08-22T02:28:58+02:00] UPF_CONTROL_SAMPLE timestamp=2026-08-22T02:28:57+02:00 scenario=ue_15 pod=open5gs-upf-5b9db6d44-nsbqz uid=7b5b8ef7-a2a2-4fe9-a3e1-74acd17bd88f restarts=6 usage_cpu=239m usage_mem=39Mi request_cpu=247m request_mem=250Mi limit_cpu=none limit_mem=none vpa_target_cpu=271m vpa_target_mem=250Mi vpa_uncapped_cpu=271m vpa_uncapped_mem=250Mi vpa_lower_cpu=114m vpa_lower_mem=250Mi vpa_upper_cpu=1500m vpa_upper_mem=512Mi
[2026-08-22T02:29:01+02:00] UPF_CONTROL_SAMPLE timestamp=2026-08-22T02:28:59+02:00 scenario=ue_15 pod=open5gs-upf-5b9db6d44-nsbqz uid=7b5b8ef7-a2a2-4fe9-a3e1-74acd17bd88f restarts=6 usage_cpu=239m usage_mem=39Mi request_cpu=247m request_mem=250Mi limit_cpu=none limit_mem=none vpa_target_cpu=271m vpa_target_mem=250Mi vpa_uncapped_cpu=271m vpa_uncapped_mem=250Mi vpa_lower_cpu=114m vpa_lower_mem=250Mi vpa_upper_cpu=1500m vpa_upper_mem=512Mi
[2026-08-22T02:29:03+02:00] UPF_CONTROL_SAMPLE timestamp=2026-08-22T02:29:02+02:00 scenario=ue_15 pod=open5gs-upf-5b9db6d44-nsbqz uid=7b5b8ef7-a2a2-4fe9-a3e1-74acd17bd88f restarts=6 usage_cpu=239m usage_mem=39Mi request_cpu=247m request_mem=250Mi limit_cpu=none limit_mem=none vpa_target_cpu=271m vpa_target_mem=250Mi vpa_uncapped_cpu=271m vpa_uncapped_mem=250Mi vpa_lower_cpu=114m vpa_lower_mem=250Mi vpa_upper_cpu=1500m vpa_upper_mem=512Mi
[2026-08-22T02:29:05+02:00] UPF_CONTROL_SAMPLE timestamp=2026-08-22T02:29:04+02:00 scenario=ue_15 pod=open5gs-upf-5b9db6d44-nsbqz uid=7b5b8ef7-a2a2-4fe9-a3e1-74acd17bd88f restarts=6 usage_cpu=239m usage_mem=39Mi request_cpu=247m request_mem=250Mi limit_cpu=none limit_mem=none vpa_target_cpu=271m vpa_target_mem=250Mi vpa_uncapped_cpu=271m vpa_uncapped_mem=250Mi vpa_lower_cpu=114m vpa_lower_mem=250Mi vpa_upper_cpu=1500m vpa_upper_mem=512Mi
[2026-08-22T02:29:08+02:00] UPF_CONTROL_SAMPLE timestamp=2026-08-22T02:29:06+02:00 scenario=ue_15 pod=open5gs-upf-5b9db6d44-nsbqz uid=7b5b8ef7-a2a2-4fe9-a3e1-74acd17bd88f restarts=6 usage_cpu=239m usage_mem=39Mi request_cpu=247m request_mem=250Mi limit_cpu=none limit_mem=none vpa_target_cpu=271m vpa_target_mem=250Mi vpa_uncapped_cpu=271m vpa_uncapped_mem=250Mi vpa_lower_cpu=114m vpa_lower_mem=250Mi vpa_upper_cpu=1500m vpa_upper_mem=512Mi
[2026-08-22T02:29:10+02:00] UPF_CONTROL_SAMPLE timestamp=2026-08-22T02:29:09+02:00 scenario=ue_15 pod=open5gs-upf-5b9db6d44-nsbqz uid=7b5b8ef7-a2a2-4fe9-a3e1-74acd17bd88f restarts=6 usage_cpu=239m usage_mem=39Mi request_cpu=247m request_mem=250Mi limit_cpu=none limit_mem=none vpa_target_cpu=271m vpa_target_mem=250Mi vpa_uncapped_cpu=271m vpa_uncapped_mem=250Mi vpa_lower_cpu=114m vpa_lower_mem=250Mi vpa_upper_cpu=1500m vpa_upper_mem=512Mi
[2026-08-22T02:29:12+02:00] UPF_CONTROL_SAMPLE timestamp=2026-08-22T02:29:11+02:00 scenario=ue_15 pod=open5gs-upf-5b9db6d44-nsbqz uid=7b5b8ef7-a2a2-4fe9-a3e1-74acd17bd88f restarts=6 usage_cpu=239m usage_mem=39Mi request_cpu=247m request_mem=250Mi limit_cpu=none limit_mem=none vpa_target_cpu=271m vpa_target_mem=250Mi vpa_uncapped_cpu=271m vpa_uncapped_mem=250Mi vpa_lower_cpu=114m vpa_lower_mem=250Mi vpa_upper_cpu=1500m vpa_upper_mem=512Mi
[2026-08-22T02:29:13+02:00] UE_SLOT_DONE timestamp=2026-08-22T00:29:13+00:00 active_ues=15 slot=0 attempt=1 ue_idx=0 ue_if=uesimtun0 ue_ip=10.45.1.246 port=5201 rc=0 replacements_for_slot=0 server_busy_retries_for_slot=0
[2026-08-22T02:29:13+02:00] UE_SLOT_DONE timestamp=2026-08-22T00:29:13+00:00 active_ues=15 slot=1 attempt=1 ue_idx=1 ue_if=uesimtun1 ue_ip=10.45.1.247 port=5202 rc=0 replacements_for_slot=0 server_busy_retries_for_slot=0
[2026-08-22T02:29:14+02:00] UPF_CONTROL_SAMPLE timestamp=2026-08-22T02:29:13+02:00 scenario=ue_15 pod=open5gs-upf-5b9db6d44-nsbqz uid=7b5b8ef7-a2a2-4fe9-a3e1-74acd17bd88f restarts=6 usage_cpu=239m usage_mem=39Mi request_cpu=247m request_mem=250Mi limit_cpu=none limit_mem=none vpa_target_cpu=271m vpa_target_mem=250Mi vpa_uncapped_cpu=271m vpa_uncapped_mem=250Mi vpa_lower_cpu=114m vpa_lower_mem=250Mi vpa_upper_cpu=1500m vpa_upper_mem=512Mi
[2026-08-22T02:29:15+02:00] UE_SLOT_DONE timestamp=2026-08-22T00:29:15+00:00 active_ues=15 slot=2 attempt=1 ue_idx=2 ue_if=uesimtun2 ue_ip=10.45.1.248 port=5203 rc=0 replacements_for_slot=0 server_busy_retries_for_slot=0
[2026-08-22T02:29:15+02:00] UE_SLOT_DONE timestamp=2026-08-22T00:29:15+00:00 active_ues=15 slot=3 attempt=1 ue_idx=3 ue_if=uesimtun3 ue_ip=10.45.1.249 port=5204 rc=0 replacements_for_slot=0 server_busy_retries_for_slot=0
[2026-08-22T02:29:15+02:00] UE_SLOT_DONE timestamp=2026-08-22T00:29:15+00:00 active_ues=15 slot=4 attempt=1 ue_idx=4 ue_if=uesimtun4 ue_ip=10.45.1.250 port=5205 rc=0 replacements_for_slot=0 server_busy_retries_for_slot=0
[2026-08-22T02:29:15+02:00] UE_SLOT_DONE timestamp=2026-08-22T00:29:15+00:00 active_ues=15 slot=5 attempt=1 ue_idx=5 ue_if=uesimtun5 ue_ip=10.45.1.251 port=5206 rc=0 replacements_for_slot=0 server_busy_retries_for_slot=0
[2026-08-22T02:29:15+02:00] UE_SLOT_DONE timestamp=2026-08-22T00:29:15+00:00 active_ues=15 slot=6 attempt=1 ue_idx=6 ue_if=uesimtun6 ue_ip=10.45.1.252 port=5207 rc=0 replacements_for_slot=0 server_busy_retries_for_slot=0
[2026-08-22T02:29:15+02:00] UE_SLOT_DONE timestamp=2026-08-22T00:29:15+00:00 active_ues=15 slot=7 attempt=1 ue_idx=7 ue_if=uesimtun7 ue_ip=10.45.1.253 port=5208 rc=0 replacements_for_slot=0 server_busy_retries_for_slot=0
[2026-08-22T02:29:15+02:00] UE_SLOT_DONE timestamp=2026-08-22T00:29:15+00:00 active_ues=15 slot=8 attempt=1 ue_idx=8 ue_if=uesimtun8 ue_ip=10.45.1.254 port=5209 rc=0 replacements_for_slot=0 server_busy_retries_for_slot=0
[2026-08-22T02:29:15+02:00] UE_SLOT_DONE timestamp=2026-08-22T00:29:15+00:00 active_ues=15 slot=9 attempt=1 ue_idx=9 ue_if=uesimtun9 ue_ip=10.45.1.255 port=5210 rc=0 replacements_for_slot=0 server_busy_retries_for_slot=0
[2026-08-22T02:29:16+02:00] UE_SLOT_DONE timestamp=2026-08-22T00:29:16+00:00 active_ues=15 slot=10 attempt=1 ue_idx=10 ue_if=uesimtun10 ue_ip=10.45.2.2 port=5211 rc=0 replacements_for_slot=0 server_busy_retries_for_slot=0
[2026-08-22T02:29:16+02:00] UPF_CONTROL_SAMPLE timestamp=2026-08-22T02:29:15+02:00 scenario=ue_15 pod=open5gs-upf-5b9db6d44-nsbqz uid=7b5b8ef7-a2a2-4fe9-a3e1-74acd17bd88f restarts=6 usage_cpu=239m usage_mem=39Mi request_cpu=247m request_mem=250Mi limit_cpu=none limit_mem=none vpa_target_cpu=271m vpa_target_mem=250Mi vpa_uncapped_cpu=271m vpa_uncapped_mem=250Mi vpa_lower_cpu=114m vpa_lower_mem=250Mi vpa_upper_cpu=1500m vpa_upper_mem=512Mi
[2026-08-22T02:29:16+02:00] UE_SLOT_DONE timestamp=2026-08-22T00:29:16+00:00 active_ues=15 slot=11 attempt=1 ue_idx=11 ue_if=uesimtun11 ue_ip=10.45.2.22 port=5212 rc=0 replacements_for_slot=0 server_busy_retries_for_slot=0
[2026-08-22T02:29:16+02:00] UE_SLOT_DONE timestamp=2026-08-22T00:29:16+00:00 active_ues=15 slot=12 attempt=1 ue_idx=12 ue_if=uesimtun12 ue_ip=10.45.2.5 port=5213 rc=0 replacements_for_slot=0 server_busy_retries_for_slot=0
[2026-08-22T02:29:16+02:00] UE_SLOT_DONE timestamp=2026-08-22T00:29:16+00:00 active_ues=15 slot=13 attempt=1 ue_idx=13 ue_if=uesimtun13 ue_ip=10.45.2.0 port=5214 rc=0 replacements_for_slot=0 server_busy_retries_for_slot=0
[2026-08-22T02:29:17+02:00] UE_SLOT_DONE timestamp=2026-08-22T00:29:17+00:00 active_ues=15 slot=14 attempt=1 ue_idx=14 ue_if=uesimtun14 ue_ip=10.45.2.8 port=5215 rc=0 replacements_for_slot=0 server_busy_retries_for_slot=0
[2026-08-22T02:29:18+02:00] TRAFFIC_SUMMARY timestamp=2026-08-22T00:29:18+00:00 registered_tunnels=50 active_ues=15 target_slots=15 completed_slots=15 final_failed_slots=0 replacements=0 problematic_ues=0 zombie_ues=0 connect_timeouts=0 stalls=0 deferred_stalls=0 process_failures=0 server_busy_retries=0 server_busy_failures=0 late_timeouts_accepted=0 scenario_bad_ues=0 global_suspect_ues=0 used_ues=15 target_host=192.168.1.211 initial_ports=5201-5215 replacement_ports=5251-5265 bitrate=1M start_delay=0.05 detection=no_rx_counter replacement_min_duration_s=5 adaptive_extension_max_s=1 iperf_exit_grace_s=3 server_busy_retries_limit=1 server_busy_retry_delay_s=2 late_replacement_after_end=disabled wait_for_iperf_exit=until_timeout global_suspect_policy=soft_reuse ramp_supervision=after_initial_start
[2026-08-22T02:29:18+02:00] UE_POOL_SCENARIO_BAD_CURRENT timestamp=2026-08-22T00:29:18+00:00 active_ues=15 indexes=
[2026-08-22T02:29:18+02:00] UE_POOL_GLOBAL_SUSPECT_CURRENT timestamp=2026-08-22T00:29:18+00:00 active_ues=15 indexes=
[2026-08-22T02:29:18+02:00] REMOTE_IPERF_PER_UE_END timestamp=2026-08-22T00:29:18+00:00 active_ues=15 tag=ue_15 final_rc=0 completed_slots=15 replacements=0 problematic_ues=0 server_busy_retries=0 deferred_stalls=0 late_timeouts_accepted=0
[2026-08-22T02:29:18+02:00] SCENARIO TRAFFIC COMMAND END timestamp=2026-08-22T02:29:18+02:00 active_ue=15 rc=0
[2026-08-22T02:29:19+02:00] SCENARIO UPF AFTER timestamp=2026-08-22T02:29:19+02:00 active_ue=15 pod=open5gs-upf-5b9db6d44-nsbqz uid=7b5b8ef7-a2a2-4fe9-a3e1-74acd17bd88f restarts=6
[2026-08-22T02:29:19+02:00] UPF_CONTROL_SAMPLE timestamp=2026-08-22T02:29:17+02:00 scenario=ue_15 pod=open5gs-upf-5b9db6d44-nsbqz uid=7b5b8ef7-a2a2-4fe9-a3e1-74acd17bd88f restarts=6 usage_cpu=239m usage_mem=39Mi request_cpu=247m request_mem=250Mi limit_cpu=none limit_mem=none vpa_target_cpu=271m vpa_target_mem=250Mi vpa_uncapped_cpu=271m vpa_uncapped_mem=250Mi vpa_lower_cpu=114m vpa_lower_mem=250Mi vpa_upper_cpu=1500m vpa_upper_mem=512Mi
[2026-08-22T02:29:19+02:00] SCENARIO END timestamp=2026-08-22T02:29:19+02:00 active_ue=15 rc=0
[2026-08-22T02:29:19+02:00] ================================================================
[2026-08-22T02:29:19+02:00] SCENARIO START timestamp=2026-08-22T02:29:19+02:00 active_ue=17 registered_ue_pool=50 target_host=192.168.1.211 ports=5201-5217 replacement_ports=5251-5265 bitrate_per_ue=1M start_delay=0.05 replacement_min_duration=5 adaptive_extension_max=1
[2026-08-22T02:29:19+02:00] ================================================================
[2026-08-22T02:29:19+02:00] SCENARIO TUNNEL CHECK timestamp=2026-08-22T02:29:19+02:00 active_ue=17 current_tunnels=50 required=50
[2026-08-22T02:29:20+02:00] SCENARIO UPF BEFORE timestamp=2026-08-22T02:29:20+02:00 active_ue=17 pod=open5gs-upf-5b9db6d44-nsbqz uid=7b5b8ef7-a2a2-4fe9-a3e1-74acd17bd88f restarts=6
[2026-08-22T02:29:20+02:00] REMOTE_IPERF_PER_UE_START timestamp=2026-08-22T00:29:20+00:00 active_ues=17 tag=ue_17 iperf_host=192.168.1.211 base_port=5201 replacement_base_port=5251 duration=80 bitrate=1M start_delay=0.05 detection=no_rx_counter connect_timeout_s=4 stall_seconds=5 replacement_limit=15 replacement_min_duration_s=5 adaptive_extension_max_s=1 iperf_exit_grace_s=3 server_busy_port_rebinds=1 late_replacement_after_end=disabled wait_for_iperf_exit=until_timeout global_suspect_policy=soft_reuse ramp_supervision=after_initial_start
[2026-08-22T02:29:20+02:00] UE_POOL_STATUS timestamp=2026-08-22T00:29:20+00:00 active_ues=17 registered_tunnels=50 existing_global_suspect_ues=0 used_ues=0 policy=soft_reuse_global_suspects
[2026-08-22T02:29:20+02:00] UE_SLOT_ASSIGN timestamp=2026-08-22T00:29:20+00:00 active_ues=17 slot=0 ue_idx=0 ue_if=uesimtun0 ue_ip=10.45.1.246 candidate_reused_global_suspect=0
[2026-08-22T02:29:20+02:00] UE_SLOT_START timestamp=2026-08-22T00:29:20+00:00 active_ues=17 slot=0 attempt=1 ue_idx=0 ue_if=uesimtun0 ue_ip=10.45.1.246 target=192.168.1.211:5201 bitrate=1M duration_s=80 planned_end_epoch=1787358640 timeout_s=90 hard_timeout_epoch=1787358655 start_rx_bytes=742106
[2026-08-22T02:29:20+02:00] UE_SLOT_PID timestamp=2026-08-22T00:29:20+00:00 active_ues=17 slot=0 attempt=1 ue_idx=0 pid=18883
[2026-08-22T02:29:21+02:00] UE_SLOT_ASSIGN timestamp=2026-08-22T00:29:20+00:00 active_ues=17 slot=1 ue_idx=1 ue_if=uesimtun1 ue_ip=10.45.1.247 candidate_reused_global_suspect=0
[2026-08-22T02:29:21+02:00] UE_SLOT_START timestamp=2026-08-22T00:29:21+00:00 active_ues=17 slot=1 attempt=1 ue_idx=1 ue_if=uesimtun1 ue_ip=10.45.1.247 target=192.168.1.211:5202 bitrate=1M duration_s=80 planned_end_epoch=1787358640 timeout_s=90 hard_timeout_epoch=1787358656 start_rx_bytes=654345
[2026-08-22T02:29:21+02:00] UE_SLOT_PID timestamp=2026-08-22T00:29:21+00:00 active_ues=17 slot=1 attempt=1 ue_idx=1 pid=18908
[2026-08-22T02:29:21+02:00] UE_SLOT_ASSIGN timestamp=2026-08-22T00:29:21+00:00 active_ues=17 slot=2 ue_idx=2 ue_if=uesimtun2 ue_ip=10.45.1.248 candidate_reused_global_suspect=0
[2026-08-22T02:29:21+02:00] UE_SLOT_START timestamp=2026-08-22T00:29:21+00:00 active_ues=17 slot=2 attempt=1 ue_idx=2 ue_if=uesimtun2 ue_ip=10.45.1.248 target=192.168.1.211:5203 bitrate=1M duration_s=80 planned_end_epoch=1787358641 timeout_s=90 hard_timeout_epoch=1787358656 start_rx_bytes=645186
[2026-08-22T02:29:21+02:00] UE_SLOT_PID timestamp=2026-08-22T00:29:21+00:00 active_ues=17 slot=2 attempt=1 ue_idx=2 pid=18933
[2026-08-22T02:29:21+02:00] UPF_CONTROL_SAMPLE timestamp=2026-08-22T02:29:20+02:00 scenario=ue_17 pod=open5gs-upf-5b9db6d44-nsbqz uid=7b5b8ef7-a2a2-4fe9-a3e1-74acd17bd88f restarts=6 usage_cpu=239m usage_mem=39Mi request_cpu=247m request_mem=250Mi limit_cpu=none limit_mem=none vpa_target_cpu=271m vpa_target_mem=250Mi vpa_uncapped_cpu=271m vpa_uncapped_mem=250Mi vpa_lower_cpu=114m vpa_lower_mem=250Mi vpa_upper_cpu=1500m vpa_upper_mem=512Mi
[2026-08-22T02:29:21+02:00] UE_SLOT_ASSIGN timestamp=2026-08-22T00:29:21+00:00 active_ues=17 slot=3 ue_idx=3 ue_if=uesimtun3 ue_ip=10.45.1.249 candidate_reused_global_suspect=0
[2026-08-22T02:29:21+02:00] UE_SLOT_START timestamp=2026-08-22T00:29:21+00:00 active_ues=17 slot=3 attempt=1 ue_idx=3 ue_if=uesimtun3 ue_ip=10.45.1.249 target=192.168.1.211:5204 bitrate=1M duration_s=80 planned_end_epoch=1787358641 timeout_s=90 hard_timeout_epoch=1787358656 start_rx_bytes=548632
[2026-08-22T02:29:21+02:00] UE_SLOT_PID timestamp=2026-08-22T00:29:21+00:00 active_ues=17 slot=3 attempt=1 ue_idx=3 pid=18958
[2026-08-22T02:29:21+02:00] UE_SLOT_ASSIGN timestamp=2026-08-22T00:29:21+00:00 active_ues=17 slot=4 ue_idx=4 ue_if=uesimtun4 ue_ip=10.45.1.250 candidate_reused_global_suspect=0
[2026-08-22T02:29:21+02:00] UE_SLOT_START timestamp=2026-08-22T00:29:21+00:00 active_ues=17 slot=4 attempt=1 ue_idx=4 ue_if=uesimtun4 ue_ip=10.45.1.250 target=192.168.1.211:5205 bitrate=1M duration_s=80 planned_end_epoch=1787358641 timeout_s=90 hard_timeout_epoch=1787358656 start_rx_bytes=553295
[2026-08-22T02:29:21+02:00] UE_SLOT_PID timestamp=2026-08-22T00:29:21+00:00 active_ues=17 slot=4 attempt=1 ue_idx=4 pid=18983
[2026-08-22T02:29:21+02:00] UE_SLOT_ASSIGN timestamp=2026-08-22T00:29:21+00:00 active_ues=17 slot=5 ue_idx=5 ue_if=uesimtun5 ue_ip=10.45.1.251 candidate_reused_global_suspect=0
[2026-08-22T02:29:21+02:00] UE_SLOT_START timestamp=2026-08-22T00:29:21+00:00 active_ues=17 slot=5 attempt=1 ue_idx=5 ue_if=uesimtun5 ue_ip=10.45.1.251 target=192.168.1.211:5206 bitrate=1M duration_s=80 planned_end_epoch=1787358641 timeout_s=90 hard_timeout_epoch=1787358656 start_rx_bytes=456118
[2026-08-22T02:29:21+02:00] UE_SLOT_PID timestamp=2026-08-22T00:29:21+00:00 active_ues=17 slot=5 attempt=1 ue_idx=5 pid=19008
[2026-08-22T02:29:22+02:00] UE_SLOT_ASSIGN timestamp=2026-08-22T00:29:22+00:00 active_ues=17 slot=6 ue_idx=6 ue_if=uesimtun6 ue_ip=10.45.1.252 candidate_reused_global_suspect=0
[2026-08-22T02:29:22+02:00] UE_SLOT_START timestamp=2026-08-22T00:29:22+00:00 active_ues=17 slot=6 attempt=1 ue_idx=6 ue_if=uesimtun6 ue_ip=10.45.1.252 target=192.168.1.211:5207 bitrate=1M duration_s=80 planned_end_epoch=1787358642 timeout_s=90 hard_timeout_epoch=1787358657 start_rx_bytes=463281
[2026-08-22T02:29:22+02:00] UE_SLOT_PID timestamp=2026-08-22T00:29:22+00:00 active_ues=17 slot=6 attempt=1 ue_idx=6 pid=19033
[2026-08-22T02:29:22+02:00] UE_SLOT_ASSIGN timestamp=2026-08-22T00:29:22+00:00 active_ues=17 slot=7 ue_idx=7 ue_if=uesimtun7 ue_ip=10.45.1.253 candidate_reused_global_suspect=0
[2026-08-22T02:29:22+02:00] UE_SLOT_START timestamp=2026-08-22T00:29:22+00:00 active_ues=17 slot=7 attempt=1 ue_idx=7 ue_if=uesimtun7 ue_ip=10.45.1.253 target=192.168.1.211:5208 bitrate=1M duration_s=80 planned_end_epoch=1787358642 timeout_s=90 hard_timeout_epoch=1787358657 start_rx_bytes=367809
[2026-08-22T02:29:22+02:00] UE_SLOT_PID timestamp=2026-08-22T00:29:22+00:00 active_ues=17 slot=7 attempt=1 ue_idx=7 pid=19058
[2026-08-22T02:29:22+02:00] UE_SLOT_ASSIGN timestamp=2026-08-22T00:29:22+00:00 active_ues=17 slot=8 ue_idx=8 ue_if=uesimtun8 ue_ip=10.45.1.254 candidate_reused_global_suspect=0
[2026-08-22T02:29:22+02:00] UE_SLOT_START timestamp=2026-08-22T00:29:22+00:00 active_ues=17 slot=8 attempt=1 ue_idx=8 ue_if=uesimtun8 ue_ip=10.45.1.254 target=192.168.1.211:5209 bitrate=1M duration_s=80 planned_end_epoch=1787358642 timeout_s=90 hard_timeout_epoch=1787358657 start_rx_bytes=372924
[2026-08-22T02:29:22+02:00] UE_SLOT_PID timestamp=2026-08-22T00:29:22+00:00 active_ues=17 slot=8 attempt=1 ue_idx=8 pid=19083
[2026-08-22T02:29:22+02:00] UE_SLOT_ASSIGN timestamp=2026-08-22T00:29:22+00:00 active_ues=17 slot=9 ue_idx=9 ue_if=uesimtun9 ue_ip=10.45.1.255 candidate_reused_global_suspect=0
[2026-08-22T02:29:22+02:00] UE_SLOT_START timestamp=2026-08-22T00:29:22+00:00 active_ues=17 slot=9 attempt=1 ue_idx=9 ue_if=uesimtun9 ue_ip=10.45.1.255 target=192.168.1.211:5210 bitrate=1M duration_s=80 planned_end_epoch=1787358642 timeout_s=90 hard_timeout_epoch=1787358657 start_rx_bytes=278179
[2026-08-22T02:29:22+02:00] UE_SLOT_PID timestamp=2026-08-22T00:29:22+00:00 active_ues=17 slot=9 attempt=1 ue_idx=9 pid=19108
[2026-08-22T02:29:23+02:00] UE_SLOT_ASSIGN timestamp=2026-08-22T00:29:22+00:00 active_ues=17 slot=10 ue_idx=10 ue_if=uesimtun10 ue_ip=10.45.2.2 candidate_reused_global_suspect=0
[2026-08-22T02:29:23+02:00] UE_SLOT_START timestamp=2026-08-22T00:29:23+00:00 active_ues=17 slot=10 attempt=1 ue_idx=10 ue_if=uesimtun10 ue_ip=10.45.2.2 target=192.168.1.211:5211 bitrate=1M duration_s=80 planned_end_epoch=1787358642 timeout_s=90 hard_timeout_epoch=1787358658 start_rx_bytes=275176
[2026-08-22T02:29:23+02:00] UE_SLOT_PID timestamp=2026-08-22T00:29:23+00:00 active_ues=17 slot=10 attempt=1 ue_idx=10 pid=19133
[2026-08-22T02:29:23+02:00] UE_SLOT_ASSIGN timestamp=2026-08-22T00:29:23+00:00 active_ues=17 slot=11 ue_idx=11 ue_if=uesimtun11 ue_ip=10.45.2.22 candidate_reused_global_suspect=0
[2026-08-22T02:29:23+02:00] UE_SLOT_START timestamp=2026-08-22T00:29:23+00:00 active_ues=17 slot=11 attempt=1 ue_idx=11 ue_if=uesimtun11 ue_ip=10.45.2.22 target=192.168.1.211:5212 bitrate=1M duration_s=80 planned_end_epoch=1787358643 timeout_s=90 hard_timeout_epoch=1787358658 start_rx_bytes=183008
[2026-08-22T02:29:23+02:00] UE_SLOT_PID timestamp=2026-08-22T00:29:23+00:00 active_ues=17 slot=11 attempt=1 ue_idx=11 pid=19158
[2026-08-22T02:29:23+02:00] UE_SLOT_ASSIGN timestamp=2026-08-22T00:29:23+00:00 active_ues=17 slot=12 ue_idx=12 ue_if=uesimtun12 ue_ip=10.45.2.5 candidate_reused_global_suspect=0
[2026-08-22T02:29:23+02:00] UE_SLOT_START timestamp=2026-08-22T00:29:23+00:00 active_ues=17 slot=12 attempt=1 ue_idx=12 ue_if=uesimtun12 ue_ip=10.45.2.5 target=192.168.1.211:5213 bitrate=1M duration_s=80 planned_end_epoch=1787358643 timeout_s=90 hard_timeout_epoch=1787358658 start_rx_bytes=182376
[2026-08-22T02:29:23+02:00] UE_SLOT_PID timestamp=2026-08-22T00:29:23+00:00 active_ues=17 slot=12 attempt=1 ue_idx=12 pid=19183
[2026-08-22T02:29:23+02:00] UE_SLOT_ASSIGN timestamp=2026-08-22T00:29:23+00:00 active_ues=17 slot=13 ue_idx=13 ue_if=uesimtun13 ue_ip=10.45.2.0 candidate_reused_global_suspect=0
[2026-08-22T02:29:23+02:00] UPF_CONTROL_SAMPLE timestamp=2026-08-22T02:29:22+02:00 scenario=ue_17 pod=open5gs-upf-5b9db6d44-nsbqz uid=7b5b8ef7-a2a2-4fe9-a3e1-74acd17bd88f restarts=6 usage_cpu=239m usage_mem=39Mi request_cpu=247m request_mem=250Mi limit_cpu=none limit_mem=none vpa_target_cpu=271m vpa_target_mem=250Mi vpa_uncapped_cpu=271m vpa_uncapped_mem=250Mi vpa_lower_cpu=114m vpa_lower_mem=250Mi vpa_upper_cpu=1500m vpa_upper_mem=512Mi
[2026-08-22T02:29:23+02:00] UE_SLOT_START timestamp=2026-08-22T00:29:23+00:00 active_ues=17 slot=13 attempt=1 ue_idx=13 ue_if=uesimtun13 ue_ip=10.45.2.0 target=192.168.1.211:5214 bitrate=1M duration_s=80 planned_end_epoch=1787358643 timeout_s=90 hard_timeout_epoch=1787358658 start_rx_bytes=90876
[2026-08-22T02:29:23+02:00] UE_SLOT_PID timestamp=2026-08-22T00:29:23+00:00 active_ues=17 slot=13 attempt=1 ue_idx=13 pid=19208
[2026-08-22T02:29:23+02:00] UE_SLOT_ASSIGN timestamp=2026-08-22T00:29:23+00:00 active_ues=17 slot=14 ue_idx=14 ue_if=uesimtun14 ue_ip=10.45.2.8 candidate_reused_global_suspect=0
[2026-08-22T02:29:23+02:00] UE_SLOT_START timestamp=2026-08-22T00:29:23+00:00 active_ues=17 slot=14 attempt=1 ue_idx=14 ue_if=uesimtun14 ue_ip=10.45.2.8 target=192.168.1.211:5215 bitrate=1M duration_s=80 planned_end_epoch=1787358643 timeout_s=90 hard_timeout_epoch=1787358658 start_rx_bytes=94199
[2026-08-22T02:29:23+02:00] UE_SLOT_PID timestamp=2026-08-22T00:29:23+00:00 active_ues=17 slot=14 attempt=1 ue_idx=14 pid=19233
[2026-08-22T02:29:24+02:00] UE_SLOT_ASSIGN timestamp=2026-08-22T00:29:24+00:00 active_ues=17 slot=15 ue_idx=15 ue_if=uesimtun15 ue_ip=10.45.2.6 candidate_reused_global_suspect=0
[2026-08-22T02:29:24+02:00] UE_SLOT_START timestamp=2026-08-22T00:29:24+00:00 active_ues=17 slot=15 attempt=1 ue_idx=15 ue_if=uesimtun15 ue_ip=10.45.2.6 target=192.168.1.211:5216 bitrate=1M duration_s=80 planned_end_epoch=1787358644 timeout_s=90 hard_timeout_epoch=1787358659 start_rx_bytes=0
[2026-08-22T02:29:24+02:00] UE_SLOT_PID timestamp=2026-08-22T00:29:24+00:00 active_ues=17 slot=15 attempt=1 ue_idx=15 pid=19258
[2026-08-22T02:29:24+02:00] UE_SLOT_ASSIGN timestamp=2026-08-22T00:29:24+00:00 active_ues=17 slot=16 ue_idx=16 ue_if=uesimtun16 ue_ip=10.45.2.7 candidate_reused_global_suspect=0
[2026-08-22T02:29:24+02:00] UE_SLOT_START timestamp=2026-08-22T00:29:24+00:00 active_ues=17 slot=16 attempt=1 ue_idx=16 ue_if=uesimtun16 ue_ip=10.45.2.7 target=192.168.1.211:5217 bitrate=1M duration_s=80 planned_end_epoch=1787358644 timeout_s=90 hard_timeout_epoch=1787358659 start_rx_bytes=0
[2026-08-22T02:29:24+02:00] UE_SLOT_PID timestamp=2026-08-22T00:29:24+00:00 active_ues=17 slot=16 attempt=1 ue_idx=16 pid=19283
[2026-08-22T02:29:24+02:00] IPERF_MAPPING_SUMMARY timestamp=2026-08-22T00:29:24+00:00 active_ues=17 registered_tunnels=50 initial_ports=5201-5217 replacement_ports=5251-5265 bitrate=1M start_delay=0.05 detection=no_rx_counter replacement_min_duration_s=5 adaptive_extension_max_s=1 iperf_exit_grace_s=3 server_busy_port_rebinds=1 late_replacement_after_end=disabled wait_for_iperf_exit=until_timeout global_suspect_policy=soft_reuse ramp_supervision=after_initial_start
[2026-08-22T02:29:25+02:00] UPF_CONTROL_SAMPLE timestamp=2026-08-22T02:29:24+02:00 scenario=ue_17 pod=open5gs-upf-5b9db6d44-nsbqz uid=7b5b8ef7-a2a2-4fe9-a3e1-74acd17bd88f restarts=6 usage_cpu=186m usage_mem=39Mi request_cpu=247m request_mem=250Mi limit_cpu=none limit_mem=none vpa_target_cpu=271m vpa_target_mem=250Mi vpa_uncapped_cpu=271m vpa_uncapped_mem=250Mi vpa_lower_cpu=114m vpa_lower_mem=250Mi vpa_upper_cpu=1500m vpa_upper_mem=512Mi
[2026-08-22T02:29:27+02:00] UPF_CONTROL_SAMPLE timestamp=2026-08-22T02:29:26+02:00 scenario=ue_17 pod=open5gs-upf-5b9db6d44-nsbqz uid=7b5b8ef7-a2a2-4fe9-a3e1-74acd17bd88f restarts=6 usage_cpu=186m usage_mem=39Mi request_cpu=247m request_mem=250Mi limit_cpu=none limit_mem=none vpa_target_cpu=271m vpa_target_mem=250Mi vpa_uncapped_cpu=271m vpa_uncapped_mem=250Mi vpa_lower_cpu=114m vpa_lower_mem=250Mi vpa_upper_cpu=1500m vpa_upper_mem=512Mi
[2026-08-22T02:29:30+02:00] UPF_CONTROL_SAMPLE timestamp=2026-08-22T02:29:28+02:00 scenario=ue_17 pod=open5gs-upf-5b9db6d44-nsbqz uid=7b5b8ef7-a2a2-4fe9-a3e1-74acd17bd88f restarts=6 usage_cpu=186m usage_mem=39Mi request_cpu=247m request_mem=250Mi limit_cpu=none limit_mem=none vpa_target_cpu=271m vpa_target_mem=250Mi vpa_uncapped_cpu=271m vpa_uncapped_mem=250Mi vpa_lower_cpu=114m vpa_lower_mem=250Mi vpa_upper_cpu=1500m vpa_upper_mem=512Mi
[2026-08-22T02:29:32+02:00] UPF_CONTROL_SAMPLE timestamp=2026-08-22T02:29:31+02:00 scenario=ue_17 pod=open5gs-upf-5b9db6d44-nsbqz uid=7b5b8ef7-a2a2-4fe9-a3e1-74acd17bd88f restarts=6 usage_cpu=186m usage_mem=39Mi request_cpu=247m request_mem=250Mi limit_cpu=none limit_mem=none vpa_target_cpu=271m vpa_target_mem=250Mi vpa_uncapped_cpu=271m vpa_uncapped_mem=250Mi vpa_lower_cpu=114m vpa_lower_mem=250Mi vpa_upper_cpu=1500m vpa_upper_mem=512Mi
[2026-08-22T02:29:34+02:00] UPF_CONTROL_SAMPLE timestamp=2026-08-22T02:29:33+02:00 scenario=ue_17 pod=open5gs-upf-5b9db6d44-nsbqz uid=7b5b8ef7-a2a2-4fe9-a3e1-74acd17bd88f restarts=6 usage_cpu=186m usage_mem=39Mi request_cpu=247m request_mem=250Mi limit_cpu=none limit_mem=none vpa_target_cpu=271m vpa_target_mem=250Mi vpa_uncapped_cpu=271m vpa_uncapped_mem=250Mi vpa_lower_cpu=114m vpa_lower_mem=250Mi vpa_upper_cpu=1500m vpa_upper_mem=512Mi
[2026-08-22T02:29:36+02:00] UPF_CONTROL_SAMPLE timestamp=2026-08-22T02:29:35+02:00 scenario=ue_17 pod=open5gs-upf-5b9db6d44-nsbqz uid=7b5b8ef7-a2a2-4fe9-a3e1-74acd17bd88f restarts=6 usage_cpu=186m usage_mem=39Mi request_cpu=247m request_mem=250Mi limit_cpu=none limit_mem=none vpa_target_cpu=271m vpa_target_mem=250Mi vpa_uncapped_cpu=271m vpa_uncapped_mem=250Mi vpa_lower_cpu=114m vpa_lower_mem=250Mi vpa_upper_cpu=1500m vpa_upper_mem=512Mi
[2026-08-22T02:29:38+02:00] UPF_CONTROL_SAMPLE timestamp=2026-08-22T02:29:37+02:00 scenario=ue_17 pod=open5gs-upf-5b9db6d44-nsbqz uid=7b5b8ef7-a2a2-4fe9-a3e1-74acd17bd88f restarts=6 usage_cpu=186m usage_mem=39Mi request_cpu=247m request_mem=250Mi limit_cpu=none limit_mem=none vpa_target_cpu=271m vpa_target_mem=250Mi vpa_uncapped_cpu=271m vpa_uncapped_mem=250Mi vpa_lower_cpu=114m vpa_lower_mem=250Mi vpa_upper_cpu=1500m vpa_upper_mem=512Mi
[2026-08-22T02:29:40+02:00] UPF_CONTROL_SAMPLE timestamp=2026-08-22T02:29:39+02:00 scenario=ue_17 pod=open5gs-upf-5b9db6d44-nsbqz uid=7b5b8ef7-a2a2-4fe9-a3e1-74acd17bd88f restarts=6 usage_cpu=275m usage_mem=39Mi request_cpu=247m request_mem=250Mi limit_cpu=none limit_mem=none vpa_target_cpu=271m vpa_target_mem=250Mi vpa_uncapped_cpu=271m vpa_uncapped_mem=250Mi vpa_lower_cpu=114m vpa_lower_mem=250Mi vpa_upper_cpu=1500m vpa_upper_mem=512Mi
[2026-08-22T02:29:43+02:00] UPF_CONTROL_SAMPLE timestamp=2026-08-22T02:29:41+02:00 scenario=ue_17 pod=open5gs-upf-5b9db6d44-nsbqz uid=7b5b8ef7-a2a2-4fe9-a3e1-74acd17bd88f restarts=6 usage_cpu=275m usage_mem=39Mi request_cpu=247m request_mem=250Mi limit_cpu=none limit_mem=none vpa_target_cpu=271m vpa_target_mem=250Mi vpa_uncapped_cpu=271m vpa_uncapped_mem=250Mi vpa_lower_cpu=114m vpa_lower_mem=250Mi vpa_upper_cpu=1500m vpa_upper_mem=512Mi
[2026-08-22T02:29:45+02:00] UPF_CONTROL_SAMPLE timestamp=2026-08-22T02:29:44+02:00 scenario=ue_17 pod=open5gs-upf-5b9db6d44-nsbqz uid=7b5b8ef7-a2a2-4fe9-a3e1-74acd17bd88f restarts=6 usage_cpu=275m usage_mem=39Mi request_cpu=247m request_mem=250Mi limit_cpu=none limit_mem=none vpa_target_cpu=271m vpa_target_mem=250Mi vpa_uncapped_cpu=271m vpa_uncapped_mem=250Mi vpa_lower_cpu=114m vpa_lower_mem=250Mi vpa_upper_cpu=1500m vpa_upper_mem=512Mi
[2026-08-22T02:29:47+02:00] UPF_CONTROL_SAMPLE timestamp=2026-08-22T02:29:46+02:00 scenario=ue_17 pod=open5gs-upf-5b9db6d44-nsbqz uid=7b5b8ef7-a2a2-4fe9-a3e1-74acd17bd88f restarts=6 usage_cpu=275m usage_mem=39Mi request_cpu=247m request_mem=250Mi limit_cpu=none limit_mem=none vpa_target_cpu=271m vpa_target_mem=250Mi vpa_uncapped_cpu=271m vpa_uncapped_mem=250Mi vpa_lower_cpu=114m vpa_lower_mem=250Mi vpa_upper_cpu=1500m vpa_upper_mem=512Mi
[2026-08-22T02:29:49+02:00] VPA_RECOMMENDATION_CHANGE timestamp=2026-08-22T02:29:48+02:00 scenario=ue_17 old='vpa_target_cpu=271m vpa_target_mem=250Mi vpa_uncapped_cpu=271m vpa_uncapped_mem=250Mi vpa_lower_cpu=114m vpa_lower_mem=250Mi vpa_upper_cpu=1500m vpa_upper_mem=512Mi' new='vpa_target_cpu=296m vpa_target_mem=250Mi vpa_uncapped_cpu=296m vpa_uncapped_mem=250Mi vpa_lower_cpu=147m vpa_lower_mem=250Mi vpa_upper_cpu=1500m vpa_upper_mem=512Mi' previous_5s_sample='timestamp=2026-08-22T02:29:41+02:00 scenario=ue_17 pod=open5gs-upf-5b9db6d44-nsbqz uid=7b5b8ef7-a2a2-4fe9-a3e1-74acd17bd88f restarts=6 usage_cpu=275m usage_mem=39Mi request_cpu=247m request_mem=250Mi limit_cpu=none limit_mem=none vpa_target_cpu=271m vpa_target_mem=250Mi vpa_uncapped_cpu=271m vpa_uncapped_mem=250Mi vpa_lower_cpu=114m vpa_lower_mem=250Mi vpa_upper_cpu=1500m vpa_upper_mem=512Mi' current_sample='timestamp=2026-08-22T02:29:48+02:00 scenario=ue_17 pod=open5gs-upf-5b9db6d44-nsbqz uid=7b5b8ef7-a2a2-4fe9-a3e1-74acd17bd88f restarts=6 usage_cpu=275m usage_mem=39Mi request_cpu=247m request_mem=250Mi limit_cpu=none limit_mem=none vpa_target_cpu=296m vpa_target_mem=250Mi vpa_uncapped_cpu=296m vpa_uncapped_mem=250Mi vpa_lower_cpu=147m vpa_lower_mem=250Mi vpa_upper_cpu=1500m vpa_upper_mem=512Mi'
[2026-08-22T02:29:49+02:00] UPF_CONTROL_SAMPLE timestamp=2026-08-22T02:29:48+02:00 scenario=ue_17 pod=open5gs-upf-5b9db6d44-nsbqz uid=7b5b8ef7-a2a2-4fe9-a3e1-74acd17bd88f restarts=6 usage_cpu=275m usage_mem=39Mi request_cpu=247m request_mem=250Mi limit_cpu=none limit_mem=none vpa_target_cpu=296m vpa_target_mem=250Mi vpa_uncapped_cpu=296m vpa_uncapped_mem=250Mi vpa_lower_cpu=147m vpa_lower_mem=250Mi vpa_upper_cpu=1500m vpa_upper_mem=512Mi
[2026-08-22T02:29:51+02:00] UPF_CONTROL_SAMPLE timestamp=2026-08-22T02:29:50+02:00 scenario=ue_17 pod=open5gs-upf-5b9db6d44-nsbqz uid=7b5b8ef7-a2a2-4fe9-a3e1-74acd17bd88f restarts=6 usage_cpu=275m usage_mem=39Mi request_cpu=247m request_mem=250Mi limit_cpu=none limit_mem=none vpa_target_cpu=296m vpa_target_mem=250Mi vpa_uncapped_cpu=296m vpa_uncapped_mem=250Mi vpa_lower_cpu=147m vpa_lower_mem=250Mi vpa_upper_cpu=1500m vpa_upper_mem=512Mi
[2026-08-22T02:29:53+02:00] UPF_CONTROL_SAMPLE timestamp=2026-08-22T02:29:52+02:00 scenario=ue_17 pod=open5gs-upf-5b9db6d44-nsbqz uid=7b5b8ef7-a2a2-4fe9-a3e1-74acd17bd88f restarts=6 usage_cpu=275m usage_mem=39Mi request_cpu=247m request_mem=250Mi limit_cpu=none limit_mem=none vpa_target_cpu=296m vpa_target_mem=250Mi vpa_uncapped_cpu=296m vpa_uncapped_mem=250Mi vpa_lower_cpu=147m vpa_lower_mem=250Mi vpa_upper_cpu=1500m vpa_upper_mem=512Mi
[2026-08-22T02:29:55+02:00] UPF_CONTROL_SAMPLE timestamp=2026-08-22T02:29:54+02:00 scenario=ue_17 pod=open5gs-upf-5b9db6d44-nsbqz uid=7b5b8ef7-a2a2-4fe9-a3e1-74acd17bd88f restarts=6 usage_cpu=263m usage_mem=39Mi request_cpu=247m request_mem=250Mi limit_cpu=none limit_mem=none vpa_target_cpu=296m vpa_target_mem=250Mi vpa_uncapped_cpu=296m vpa_uncapped_mem=250Mi vpa_lower_cpu=147m vpa_lower_mem=250Mi vpa_upper_cpu=1500m vpa_upper_mem=512Mi
[2026-08-22T02:29:58+02:00] UPF_CONTROL_SAMPLE timestamp=2026-08-22T02:29:57+02:00 scenario=ue_17 pod=open5gs-upf-5b9db6d44-nsbqz uid=7b5b8ef7-a2a2-4fe9-a3e1-74acd17bd88f restarts=6 usage_cpu=263m usage_mem=39Mi request_cpu=247m request_mem=250Mi limit_cpu=none limit_mem=none vpa_target_cpu=296m vpa_target_mem=250Mi vpa_uncapped_cpu=296m vpa_uncapped_mem=250Mi vpa_lower_cpu=147m vpa_lower_mem=250Mi vpa_upper_cpu=1500m vpa_upper_mem=512Mi
[2026-08-22T02:30:00+02:00] UPF_CONTROL_SAMPLE timestamp=2026-08-22T02:29:59+02:00 scenario=ue_17 pod=open5gs-upf-5b9db6d44-nsbqz uid=7b5b8ef7-a2a2-4fe9-a3e1-74acd17bd88f restarts=6 usage_cpu=263m usage_mem=39Mi request_cpu=247m request_mem=250Mi limit_cpu=none limit_mem=none vpa_target_cpu=296m vpa_target_mem=250Mi vpa_uncapped_cpu=296m vpa_uncapped_mem=250Mi vpa_lower_cpu=147m vpa_lower_mem=250Mi vpa_upper_cpu=1500m vpa_upper_mem=512Mi
[2026-08-22T02:30:02+02:00] UPF_CONTROL_SAMPLE timestamp=2026-08-22T02:30:01+02:00 scenario=ue_17 pod=open5gs-upf-5b9db6d44-nsbqz uid=7b5b8ef7-a2a2-4fe9-a3e1-74acd17bd88f restarts=6 usage_cpu=263m usage_mem=39Mi request_cpu=247m request_mem=250Mi limit_cpu=none limit_mem=none vpa_target_cpu=296m vpa_target_mem=250Mi vpa_uncapped_cpu=296m vpa_uncapped_mem=250Mi vpa_lower_cpu=147m vpa_lower_mem=250Mi vpa_upper_cpu=1500m vpa_upper_mem=512Mi
[2026-08-22T02:30:04+02:00] UPF_CONTROL_SAMPLE timestamp=2026-08-22T02:30:03+02:00 scenario=ue_17 pod=open5gs-upf-5b9db6d44-nsbqz uid=7b5b8ef7-a2a2-4fe9-a3e1-74acd17bd88f restarts=6 usage_cpu=263m usage_mem=39Mi request_cpu=247m request_mem=250Mi limit_cpu=none limit_mem=none vpa_target_cpu=296m vpa_target_mem=250Mi vpa_uncapped_cpu=296m vpa_uncapped_mem=250Mi vpa_lower_cpu=147m vpa_lower_mem=250Mi vpa_upper_cpu=1500m vpa_upper_mem=512Mi
[2026-08-22T02:30:06+02:00] UPF_CONTROL_SAMPLE timestamp=2026-08-22T02:30:05+02:00 scenario=ue_17 pod=open5gs-upf-5b9db6d44-nsbqz uid=7b5b8ef7-a2a2-4fe9-a3e1-74acd17bd88f restarts=6 usage_cpu=263m usage_mem=39Mi request_cpu=247m request_mem=250Mi limit_cpu=none limit_mem=none vpa_target_cpu=296m vpa_target_mem=250Mi vpa_uncapped_cpu=296m vpa_uncapped_mem=250Mi vpa_lower_cpu=147m vpa_lower_mem=250Mi vpa_upper_cpu=1500m vpa_upper_mem=512Mi
[2026-08-22T02:30:08+02:00] UPF_CONTROL_SAMPLE timestamp=2026-08-22T02:30:07+02:00 scenario=ue_17 pod=open5gs-upf-5b9db6d44-nsbqz uid=7b5b8ef7-a2a2-4fe9-a3e1-74acd17bd88f restarts=6 usage_cpu=263m usage_mem=39Mi request_cpu=247m request_mem=250Mi limit_cpu=none limit_mem=none vpa_target_cpu=296m vpa_target_mem=250Mi vpa_uncapped_cpu=296m vpa_uncapped_mem=250Mi vpa_lower_cpu=147m vpa_lower_mem=250Mi vpa_upper_cpu=1500m vpa_upper_mem=512Mi
[2026-08-22T02:30:11+02:00] UPF_CONTROL_SAMPLE timestamp=2026-08-22T02:30:09+02:00 scenario=ue_17 pod=open5gs-upf-5b9db6d44-nsbqz uid=7b5b8ef7-a2a2-4fe9-a3e1-74acd17bd88f restarts=6 usage_cpu=266m usage_mem=38Mi request_cpu=247m request_mem=250Mi limit_cpu=none limit_mem=none vpa_target_cpu=296m vpa_target_mem=250Mi vpa_uncapped_cpu=296m vpa_uncapped_mem=250Mi vpa_lower_cpu=147m vpa_lower_mem=250Mi vpa_upper_cpu=1500m vpa_upper_mem=512Mi
[2026-08-22T02:30:13+02:00] UPF_CONTROL_SAMPLE timestamp=2026-08-22T02:30:12+02:00 scenario=ue_17 pod=open5gs-upf-5b9db6d44-nsbqz uid=7b5b8ef7-a2a2-4fe9-a3e1-74acd17bd88f restarts=6 usage_cpu=266m usage_mem=38Mi request_cpu=247m request_mem=250Mi limit_cpu=none limit_mem=none vpa_target_cpu=296m vpa_target_mem=250Mi vpa_uncapped_cpu=296m vpa_uncapped_mem=250Mi vpa_lower_cpu=147m vpa_lower_mem=250Mi vpa_upper_cpu=1500m vpa_upper_mem=512Mi
[2026-08-22T02:30:15+02:00] UPF_CONTROL_SAMPLE timestamp=2026-08-22T02:30:14+02:00 scenario=ue_17 pod=open5gs-upf-5b9db6d44-nsbqz uid=7b5b8ef7-a2a2-4fe9-a3e1-74acd17bd88f restarts=6 usage_cpu=266m usage_mem=38Mi request_cpu=247m request_mem=250Mi limit_cpu=none limit_mem=none vpa_target_cpu=296m vpa_target_mem=250Mi vpa_uncapped_cpu=296m vpa_uncapped_mem=250Mi vpa_lower_cpu=147m vpa_lower_mem=250Mi vpa_upper_cpu=1500m vpa_upper_mem=512Mi
[2026-08-22T02:30:17+02:00] UPF_CONTROL_SAMPLE timestamp=2026-08-22T02:30:16+02:00 scenario=ue_17 pod=open5gs-upf-5b9db6d44-nsbqz uid=7b5b8ef7-a2a2-4fe9-a3e1-74acd17bd88f restarts=6 usage_cpu=266m usage_mem=38Mi request_cpu=247m request_mem=250Mi limit_cpu=none limit_mem=none vpa_target_cpu=296m vpa_target_mem=250Mi vpa_uncapped_cpu=296m vpa_uncapped_mem=250Mi vpa_lower_cpu=147m vpa_lower_mem=250Mi vpa_upper_cpu=1500m vpa_upper_mem=512Mi
[2026-08-22T02:30:19+02:00] UPF_CONTROL_SAMPLE timestamp=2026-08-22T02:30:18+02:00 scenario=ue_17 pod=open5gs-upf-5b9db6d44-nsbqz uid=7b5b8ef7-a2a2-4fe9-a3e1-74acd17bd88f restarts=6 usage_cpu=266m usage_mem=38Mi request_cpu=247m request_mem=250Mi limit_cpu=none limit_mem=none vpa_target_cpu=296m vpa_target_mem=250Mi vpa_uncapped_cpu=296m vpa_uncapped_mem=250Mi vpa_lower_cpu=147m vpa_lower_mem=250Mi vpa_upper_cpu=1500m vpa_upper_mem=512Mi
[2026-08-22T02:30:21+02:00] UPF_CONTROL_SAMPLE timestamp=2026-08-22T02:30:20+02:00 scenario=ue_17 pod=open5gs-upf-5b9db6d44-nsbqz uid=7b5b8ef7-a2a2-4fe9-a3e1-74acd17bd88f restarts=6 usage_cpu=266m usage_mem=38Mi request_cpu=247m request_mem=250Mi limit_cpu=none limit_mem=none vpa_target_cpu=296m vpa_target_mem=250Mi vpa_uncapped_cpu=296m vpa_uncapped_mem=250Mi vpa_lower_cpu=147m vpa_lower_mem=250Mi vpa_upper_cpu=1500m vpa_upper_mem=512Mi
[2026-08-22T02:30:23+02:00] UPF_CONTROL_SAMPLE timestamp=2026-08-22T02:30:22+02:00 scenario=ue_17 pod=open5gs-upf-5b9db6d44-nsbqz uid=7b5b8ef7-a2a2-4fe9-a3e1-74acd17bd88f restarts=6 usage_cpu=266m usage_mem=38Mi request_cpu=247m request_mem=250Mi limit_cpu=none limit_mem=none vpa_target_cpu=296m vpa_target_mem=250Mi vpa_uncapped_cpu=296m vpa_uncapped_mem=250Mi vpa_lower_cpu=147m vpa_lower_mem=250Mi vpa_upper_cpu=1500m vpa_upper_mem=512Mi
[2026-08-22T02:30:26+02:00] UPF_CONTROL_SAMPLE timestamp=2026-08-22T02:30:24+02:00 scenario=ue_17 pod=open5gs-upf-5b9db6d44-nsbqz uid=7b5b8ef7-a2a2-4fe9-a3e1-74acd17bd88f restarts=6 usage_cpu=284m usage_mem=39Mi request_cpu=247m request_mem=250Mi limit_cpu=none limit_mem=none vpa_target_cpu=296m vpa_target_mem=250Mi vpa_uncapped_cpu=296m vpa_uncapped_mem=250Mi vpa_lower_cpu=147m vpa_lower_mem=250Mi vpa_upper_cpu=1500m vpa_upper_mem=512Mi
[2026-08-22T02:30:28+02:00] UPF_REQUEST_CHANGE timestamp=2026-08-22T02:30:27+02:00 scenario=ue_17 pod=open5gs-upf-5b9db6d44-nsbqz uid=7b5b8ef7-a2a2-4fe9-a3e1-74acd17bd88f restarts=6 old='request_cpu=247m request_mem=250Mi limit_cpu=none limit_mem=none' new='request_cpu=296m request_mem=250Mi limit_cpu=none limit_mem=none' previous_5s_sample='timestamp=2026-08-22T02:30:22+02:00 scenario=ue_17 pod=open5gs-upf-5b9db6d44-nsbqz uid=7b5b8ef7-a2a2-4fe9-a3e1-74acd17bd88f restarts=6 usage_cpu=266m usage_mem=38Mi request_cpu=247m request_mem=250Mi limit_cpu=none limit_mem=none vpa_target_cpu=296m vpa_target_mem=250Mi vpa_uncapped_cpu=296m vpa_uncapped_mem=250Mi vpa_lower_cpu=147m vpa_lower_mem=250Mi vpa_upper_cpu=1500m vpa_upper_mem=512Mi' current_sample='timestamp=2026-08-22T02:30:27+02:00 scenario=ue_17 pod=open5gs-upf-5b9db6d44-nsbqz uid=7b5b8ef7-a2a2-4fe9-a3e1-74acd17bd88f restarts=6 usage_cpu=284m usage_mem=39Mi request_cpu=296m request_mem=250Mi limit_cpu=none limit_mem=none vpa_target_cpu=296m vpa_target_mem=250Mi vpa_uncapped_cpu=296m vpa_uncapped_mem=250Mi vpa_lower_cpu=147m vpa_lower_mem=250Mi vpa_upper_cpu=1500m vpa_upper_mem=512Mi'
[2026-08-22T02:30:28+02:00] UPF_CONTROL_SAMPLE timestamp=2026-08-22T02:30:27+02:00 scenario=ue_17 pod=open5gs-upf-5b9db6d44-nsbqz uid=7b5b8ef7-a2a2-4fe9-a3e1-74acd17bd88f restarts=6 usage_cpu=284m usage_mem=39Mi request_cpu=296m request_mem=250Mi limit_cpu=none limit_mem=none vpa_target_cpu=296m vpa_target_mem=250Mi vpa_uncapped_cpu=296m vpa_uncapped_mem=250Mi vpa_lower_cpu=147m vpa_lower_mem=250Mi vpa_upper_cpu=1500m vpa_upper_mem=512Mi
[2026-08-22T02:30:30+02:00] UPF_CONTROL_SAMPLE timestamp=2026-08-22T02:30:29+02:00 scenario=ue_17 pod=open5gs-upf-5b9db6d44-nsbqz uid=7b5b8ef7-a2a2-4fe9-a3e1-74acd17bd88f restarts=6 usage_cpu=284m usage_mem=39Mi request_cpu=296m request_mem=250Mi limit_cpu=none limit_mem=none vpa_target_cpu=296m vpa_target_mem=250Mi vpa_uncapped_cpu=296m vpa_uncapped_mem=250Mi vpa_lower_cpu=147m vpa_lower_mem=250Mi vpa_upper_cpu=1500m vpa_upper_mem=512Mi
[2026-08-22T02:30:33+02:00] UPF_CONTROL_SAMPLE timestamp=2026-08-22T02:30:32+02:00 scenario=ue_17 pod=open5gs-upf-5b9db6d44-nsbqz uid=7b5b8ef7-a2a2-4fe9-a3e1-74acd17bd88f restarts=6 usage_cpu=284m usage_mem=39Mi request_cpu=296m request_mem=250Mi limit_cpu=none limit_mem=none vpa_target_cpu=296m vpa_target_mem=250Mi vpa_uncapped_cpu=296m vpa_uncapped_mem=250Mi vpa_lower_cpu=147m vpa_lower_mem=250Mi vpa_upper_cpu=1500m vpa_upper_mem=512Mi
[2026-08-22T02:30:35+02:00] UPF_CONTROL_SAMPLE timestamp=2026-08-22T02:30:34+02:00 scenario=ue_17 pod=open5gs-upf-5b9db6d44-nsbqz uid=7b5b8ef7-a2a2-4fe9-a3e1-74acd17bd88f restarts=6 usage_cpu=284m usage_mem=39Mi request_cpu=296m request_mem=250Mi limit_cpu=none limit_mem=none vpa_target_cpu=296m vpa_target_mem=250Mi vpa_uncapped_cpu=296m vpa_uncapped_mem=250Mi vpa_lower_cpu=147m vpa_lower_mem=250Mi vpa_upper_cpu=1500m vpa_upper_mem=512Mi
[2026-08-22T02:30:37+02:00] UPF_CONTROL_SAMPLE timestamp=2026-08-22T02:30:36+02:00 scenario=ue_17 pod=open5gs-upf-5b9db6d44-nsbqz uid=7b5b8ef7-a2a2-4fe9-a3e1-74acd17bd88f restarts=6 usage_cpu=284m usage_mem=39Mi request_cpu=296m request_mem=250Mi limit_cpu=none limit_mem=none vpa_target_cpu=296m vpa_target_mem=250Mi vpa_uncapped_cpu=296m vpa_uncapped_mem=250Mi vpa_lower_cpu=147m vpa_lower_mem=250Mi vpa_upper_cpu=1500m vpa_upper_mem=512Mi
[2026-08-22T02:30:39+02:00] UPF_CONTROL_SAMPLE timestamp=2026-08-22T02:30:38+02:00 scenario=ue_17 pod=open5gs-upf-5b9db6d44-nsbqz uid=7b5b8ef7-a2a2-4fe9-a3e1-74acd17bd88f restarts=6 usage_cpu=284m usage_mem=39Mi request_cpu=296m request_mem=250Mi limit_cpu=none limit_mem=none vpa_target_cpu=296m vpa_target_mem=250Mi vpa_uncapped_cpu=296m vpa_uncapped_mem=250Mi vpa_lower_cpu=147m vpa_lower_mem=250Mi vpa_upper_cpu=1500m vpa_upper_mem=512Mi
[2026-08-22T02:30:41+02:00] UPF_CONTROL_SAMPLE timestamp=2026-08-22T02:30:40+02:00 scenario=ue_17 pod=open5gs-upf-5b9db6d44-nsbqz uid=7b5b8ef7-a2a2-4fe9-a3e1-74acd17bd88f restarts=6 usage_cpu=261m usage_mem=39Mi request_cpu=296m request_mem=250Mi limit_cpu=none limit_mem=none vpa_target_cpu=296m vpa_target_mem=250Mi vpa_uncapped_cpu=296m vpa_uncapped_mem=250Mi vpa_lower_cpu=147m vpa_lower_mem=250Mi vpa_upper_cpu=1500m vpa_upper_mem=512Mi
[2026-08-22T02:30:41+02:00] UE_SLOT_DONE timestamp=2026-08-22T00:30:41+00:00 active_ues=17 slot=0 attempt=1 ue_idx=0 ue_if=uesimtun0 ue_ip=10.45.1.246 port=5201 rc=0 replacements_for_slot=0 server_busy_retries_for_slot=0
[2026-08-22T02:30:41+02:00] UE_SLOT_DONE timestamp=2026-08-22T00:30:41+00:00 active_ues=17 slot=1 attempt=1 ue_idx=1 ue_if=uesimtun1 ue_ip=10.45.1.247 port=5202 rc=0 replacements_for_slot=0 server_busy_retries_for_slot=0
[2026-08-22T02:30:42+02:00] UE_SLOT_DONE timestamp=2026-08-22T00:30:42+00:00 active_ues=17 slot=2 attempt=1 ue_idx=2 ue_if=uesimtun2 ue_ip=10.45.1.248 port=5203 rc=0 replacements_for_slot=0 server_busy_retries_for_slot=0
[2026-08-22T02:30:42+02:00] UE_SLOT_DONE timestamp=2026-08-22T00:30:42+00:00 active_ues=17 slot=3 attempt=1 ue_idx=3 ue_if=uesimtun3 ue_ip=10.45.1.249 port=5204 rc=0 replacements_for_slot=0 server_busy_retries_for_slot=0
[2026-08-22T02:30:42+02:00] UE_SLOT_DONE timestamp=2026-08-22T00:30:42+00:00 active_ues=17 slot=4 attempt=1 ue_idx=4 ue_if=uesimtun4 ue_ip=10.45.1.250 port=5205 rc=0 replacements_for_slot=0 server_busy_retries_for_slot=0
[2026-08-22T02:30:42+02:00] UE_SLOT_DONE timestamp=2026-08-22T00:30:42+00:00 active_ues=17 slot=5 attempt=1 ue_idx=5 ue_if=uesimtun5 ue_ip=10.45.1.251 port=5206 rc=0 replacements_for_slot=0 server_busy_retries_for_slot=0
[2026-08-22T02:30:43+02:00] UE_SLOT_DONE timestamp=2026-08-22T00:30:43+00:00 active_ues=17 slot=6 attempt=1 ue_idx=6 ue_if=uesimtun6 ue_ip=10.45.1.252 port=5207 rc=0 replacements_for_slot=0 server_busy_retries_for_slot=0
[2026-08-22T02:30:43+02:00] UE_SLOT_DONE timestamp=2026-08-22T00:30:43+00:00 active_ues=17 slot=7 attempt=1 ue_idx=7 ue_if=uesimtun7 ue_ip=10.45.1.253 port=5208 rc=0 replacements_for_slot=0 server_busy_retries_for_slot=0
[2026-08-22T02:30:43+02:00] UE_SLOT_DONE timestamp=2026-08-22T00:30:43+00:00 active_ues=17 slot=8 attempt=1 ue_idx=8 ue_if=uesimtun8 ue_ip=10.45.1.254 port=5209 rc=0 replacements_for_slot=0 server_busy_retries_for_slot=0
[2026-08-22T02:30:43+02:00] UE_SLOT_DONE timestamp=2026-08-22T00:30:43+00:00 active_ues=17 slot=9 attempt=1 ue_idx=9 ue_if=uesimtun9 ue_ip=10.45.1.255 port=5210 rc=0 replacements_for_slot=0 server_busy_retries_for_slot=0
[2026-08-22T02:30:43+02:00] UE_SLOT_DONE timestamp=2026-08-22T00:30:43+00:00 active_ues=17 slot=10 attempt=1 ue_idx=10 ue_if=uesimtun10 ue_ip=10.45.2.2 port=5211 rc=0 replacements_for_slot=0 server_busy_retries_for_slot=0
[2026-08-22T02:30:43+02:00] UE_SLOT_DONE timestamp=2026-08-22T00:30:43+00:00 active_ues=17 slot=11 attempt=1 ue_idx=11 ue_if=uesimtun11 ue_ip=10.45.2.22 port=5212 rc=0 replacements_for_slot=0 server_busy_retries_for_slot=0
[2026-08-22T02:30:43+02:00] UE_SLOT_DONE timestamp=2026-08-22T00:30:43+00:00 active_ues=17 slot=12 attempt=1 ue_idx=12 ue_if=uesimtun12 ue_ip=10.45.2.5 port=5213 rc=0 replacements_for_slot=0 server_busy_retries_for_slot=0
[2026-08-22T02:30:43+02:00] UPF_CONTROL_SAMPLE timestamp=2026-08-22T02:30:42+02:00 scenario=ue_17 pod=open5gs-upf-5b9db6d44-nsbqz uid=7b5b8ef7-a2a2-4fe9-a3e1-74acd17bd88f restarts=6 usage_cpu=261m usage_mem=39Mi request_cpu=296m request_mem=250Mi limit_cpu=none limit_mem=none vpa_target_cpu=296m vpa_target_mem=250Mi vpa_uncapped_cpu=296m vpa_uncapped_mem=250Mi vpa_lower_cpu=147m vpa_lower_mem=250Mi vpa_upper_cpu=1500m vpa_upper_mem=512Mi
[2026-08-22T02:30:45+02:00] UE_SLOT_DONE timestamp=2026-08-22T00:30:45+00:00 active_ues=17 slot=13 attempt=1 ue_idx=13 ue_if=uesimtun13 ue_ip=10.45.2.0 port=5214 rc=0 replacements_for_slot=0 server_busy_retries_for_slot=0
[2026-08-22T02:30:45+02:00] UE_SLOT_DONE timestamp=2026-08-22T00:30:45+00:00 active_ues=17 slot=14 attempt=1 ue_idx=14 ue_if=uesimtun14 ue_ip=10.45.2.8 port=5215 rc=0 replacements_for_slot=0 server_busy_retries_for_slot=0
[2026-08-22T02:30:45+02:00] UE_SLOT_DONE timestamp=2026-08-22T00:30:45+00:00 active_ues=17 slot=15 attempt=1 ue_idx=15 ue_if=uesimtun15 ue_ip=10.45.2.6 port=5216 rc=0 replacements_for_slot=0 server_busy_retries_for_slot=0
[2026-08-22T02:30:45+02:00] UE_SLOT_DONE timestamp=2026-08-22T00:30:45+00:00 active_ues=17 slot=16 attempt=1 ue_idx=16 ue_if=uesimtun16 ue_ip=10.45.2.7 port=5217 rc=0 replacements_for_slot=0 server_busy_retries_for_slot=0
[2026-08-22T02:30:46+02:00] UPF_CONTROL_SAMPLE timestamp=2026-08-22T02:30:45+02:00 scenario=ue_17 pod=open5gs-upf-5b9db6d44-nsbqz uid=7b5b8ef7-a2a2-4fe9-a3e1-74acd17bd88f restarts=6 usage_cpu=261m usage_mem=39Mi request_cpu=296m request_mem=250Mi limit_cpu=none limit_mem=none vpa_target_cpu=296m vpa_target_mem=250Mi vpa_uncapped_cpu=296m vpa_uncapped_mem=250Mi vpa_lower_cpu=147m vpa_lower_mem=250Mi vpa_upper_cpu=1500m vpa_upper_mem=512Mi
[2026-08-22T02:30:46+02:00] TRAFFIC_SUMMARY timestamp=2026-08-22T00:30:46+00:00 registered_tunnels=50 active_ues=17 target_slots=17 completed_slots=17 final_failed_slots=0 replacements=0 problematic_ues=0 zombie_ues=0 connect_timeouts=0 stalls=0 deferred_stalls=0 process_failures=0 server_busy_retries=0 server_busy_failures=0 late_timeouts_accepted=0 scenario_bad_ues=0 global_suspect_ues=0 used_ues=17 target_host=192.168.1.211 initial_ports=5201-5217 replacement_ports=5251-5265 bitrate=1M start_delay=0.05 detection=no_rx_counter replacement_min_duration_s=5 adaptive_extension_max_s=1 iperf_exit_grace_s=3 server_busy_retries_limit=1 server_busy_retry_delay_s=2 late_replacement_after_end=disabled wait_for_iperf_exit=until_timeout global_suspect_policy=soft_reuse ramp_supervision=after_initial_start
[2026-08-22T02:30:46+02:00] UE_POOL_SCENARIO_BAD_CURRENT timestamp=2026-08-22T00:30:46+00:00 active_ues=17 indexes=
[2026-08-22T02:30:46+02:00] UE_POOL_GLOBAL_SUSPECT_CURRENT timestamp=2026-08-22T00:30:46+00:00 active_ues=17 indexes=
[2026-08-22T02:30:46+02:00] REMOTE_IPERF_PER_UE_END timestamp=2026-08-22T00:30:46+00:00 active_ues=17 tag=ue_17 final_rc=0 completed_slots=17 replacements=0 problematic_ues=0 server_busy_retries=0 deferred_stalls=0 late_timeouts_accepted=0
[2026-08-22T02:30:46+02:00] SCENARIO TRAFFIC COMMAND END timestamp=2026-08-22T02:30:46+02:00 active_ue=17 rc=0
[2026-08-22T02:30:47+02:00] SCENARIO UPF AFTER timestamp=2026-08-22T02:30:47+02:00 active_ue=17 pod=open5gs-upf-5b9db6d44-nsbqz uid=7b5b8ef7-a2a2-4fe9-a3e1-74acd17bd88f restarts=6
[2026-08-22T02:30:47+02:00] SCENARIO END timestamp=2026-08-22T02:30:47+02:00 active_ue=17 rc=0
[2026-08-22T02:30:47+02:00] ================================================================
[2026-08-22T02:30:47+02:00] SCENARIO START timestamp=2026-08-22T02:30:47+02:00 active_ue=19 registered_ue_pool=50 target_host=192.168.1.211 ports=5201-5219 replacement_ports=5251-5265 bitrate_per_ue=1M start_delay=0.05 replacement_min_duration=5 adaptive_extension_max=1
[2026-08-22T02:30:47+02:00] ================================================================
[2026-08-22T02:30:47+02:00] SCENARIO TUNNEL CHECK timestamp=2026-08-22T02:30:47+02:00 active_ue=19 current_tunnels=50 required=50
[2026-08-22T02:30:48+02:00] SCENARIO UPF BEFORE timestamp=2026-08-22T02:30:48+02:00 active_ue=19 pod=open5gs-upf-5b9db6d44-nsbqz uid=7b5b8ef7-a2a2-4fe9-a3e1-74acd17bd88f restarts=6
[2026-08-22T02:30:48+02:00] VPA_RECOMMENDATION_CHANGE timestamp=2026-08-22T02:30:47+02:00 scenario=ue_19 old='vpa_target_cpu=296m vpa_target_mem=250Mi vpa_uncapped_cpu=296m vpa_uncapped_mem=250Mi vpa_lower_cpu=147m vpa_lower_mem=250Mi vpa_upper_cpu=1500m vpa_upper_mem=512Mi' new='vpa_target_cpu=323m vpa_target_mem=250Mi vpa_uncapped_cpu=323m vpa_uncapped_mem=250Mi vpa_lower_cpu=149m vpa_lower_mem=250Mi vpa_upper_cpu=1500m vpa_upper_mem=512Mi' previous_5s_sample='timestamp=2026-08-22T02:30:42+02:00 scenario=ue_17 pod=open5gs-upf-5b9db6d44-nsbqz uid=7b5b8ef7-a2a2-4fe9-a3e1-74acd17bd88f restarts=6 usage_cpu=261m usage_mem=39Mi request_cpu=296m request_mem=250Mi limit_cpu=none limit_mem=none vpa_target_cpu=296m vpa_target_mem=250Mi vpa_uncapped_cpu=296m vpa_uncapped_mem=250Mi vpa_lower_cpu=147m vpa_lower_mem=250Mi vpa_upper_cpu=1500m vpa_upper_mem=512Mi' current_sample='timestamp=2026-08-22T02:30:47+02:00 scenario=ue_19 pod=open5gs-upf-5b9db6d44-nsbqz uid=7b5b8ef7-a2a2-4fe9-a3e1-74acd17bd88f restarts=6 usage_cpu=261m usage_mem=39Mi request_cpu=296m request_mem=250Mi limit_cpu=none limit_mem=none vpa_target_cpu=323m vpa_target_mem=250Mi vpa_uncapped_cpu=323m vpa_uncapped_mem=250Mi vpa_lower_cpu=149m vpa_lower_mem=250Mi vpa_upper_cpu=1500m vpa_upper_mem=512Mi'
[2026-08-22T02:30:48+02:00] UPF_CONTROL_SAMPLE timestamp=2026-08-22T02:30:47+02:00 scenario=ue_19 pod=open5gs-upf-5b9db6d44-nsbqz uid=7b5b8ef7-a2a2-4fe9-a3e1-74acd17bd88f restarts=6 usage_cpu=261m usage_mem=39Mi request_cpu=296m request_mem=250Mi limit_cpu=none limit_mem=none vpa_target_cpu=323m vpa_target_mem=250Mi vpa_uncapped_cpu=323m vpa_uncapped_mem=250Mi vpa_lower_cpu=149m vpa_lower_mem=250Mi vpa_upper_cpu=1500m vpa_upper_mem=512Mi
[2026-08-22T02:30:48+02:00] REMOTE_IPERF_PER_UE_START timestamp=2026-08-22T00:30:48+00:00 active_ues=19 tag=ue_19 iperf_host=192.168.1.211 base_port=5201 replacement_base_port=5251 duration=80 bitrate=1M start_delay=0.05 detection=no_rx_counter connect_timeout_s=4 stall_seconds=5 replacement_limit=15 replacement_min_duration_s=5 adaptive_extension_max_s=1 iperf_exit_grace_s=3 server_busy_port_rebinds=1 late_replacement_after_end=disabled wait_for_iperf_exit=until_timeout global_suspect_policy=soft_reuse ramp_supervision=after_initial_start
[2026-08-22T02:30:48+02:00] UE_POOL_STATUS timestamp=2026-08-22T00:30:48+00:00 active_ues=19 registered_tunnels=50 existing_global_suspect_ues=0 used_ues=0 policy=soft_reuse_global_suspects
[2026-08-22T02:30:49+02:00] UE_SLOT_ASSIGN timestamp=2026-08-22T00:30:49+00:00 active_ues=19 slot=0 ue_idx=0 ue_if=uesimtun0 ue_ip=10.45.1.246 candidate_reused_global_suspect=0
[2026-08-22T02:30:49+02:00] UE_SLOT_START timestamp=2026-08-22T00:30:49+00:00 active_ues=19 slot=0 attempt=1 ue_idx=0 ue_if=uesimtun0 ue_ip=10.45.1.246 target=192.168.1.211:5201 bitrate=1M duration_s=80 planned_end_epoch=1787358729 timeout_s=90 hard_timeout_epoch=1787358744 start_rx_bytes=830593
[2026-08-22T02:30:49+02:00] UE_SLOT_PID timestamp=2026-08-22T00:30:49+00:00 active_ues=19 slot=0 attempt=1 ue_idx=0 pid=22436
[2026-08-22T02:30:49+02:00] UE_SLOT_ASSIGN timestamp=2026-08-22T00:30:49+00:00 active_ues=19 slot=1 ue_idx=1 ue_if=uesimtun1 ue_ip=10.45.1.247 candidate_reused_global_suspect=0
[2026-08-22T02:30:49+02:00] UE_SLOT_START timestamp=2026-08-22T00:30:49+00:00 active_ues=19 slot=1 attempt=1 ue_idx=1 ue_if=uesimtun1 ue_ip=10.45.1.247 target=192.168.1.211:5202 bitrate=1M duration_s=80 planned_end_epoch=1787358729 timeout_s=90 hard_timeout_epoch=1787358744 start_rx_bytes=744858
[2026-08-22T02:30:49+02:00] UE_SLOT_PID timestamp=2026-08-22T00:30:49+00:00 active_ues=19 slot=1 attempt=1 ue_idx=1 pid=22461
[2026-08-22T02:30:49+02:00] UE_SLOT_ASSIGN timestamp=2026-08-22T00:30:49+00:00 active_ues=19 slot=2 ue_idx=2 ue_if=uesimtun2 ue_ip=10.45.1.248 candidate_reused_global_suspect=0
[2026-08-22T02:30:49+02:00] UE_SLOT_START timestamp=2026-08-22T00:30:49+00:00 active_ues=19 slot=2 attempt=1 ue_idx=2 ue_if=uesimtun2 ue_ip=10.45.1.248 target=192.168.1.211:5203 bitrate=1M duration_s=80 planned_end_epoch=1787358729 timeout_s=90 hard_timeout_epoch=1787358744 start_rx_bytes=740630
[2026-08-22T02:30:49+02:00] UE_SLOT_PID timestamp=2026-08-22T00:30:49+00:00 active_ues=19 slot=2 attempt=1 ue_idx=2 pid=22486
[2026-08-22T02:30:49+02:00] UE_SLOT_ASSIGN timestamp=2026-08-22T00:30:49+00:00 active_ues=19 slot=3 ue_idx=3 ue_if=uesimtun3 ue_ip=10.45.1.249 candidate_reused_global_suspect=0
[2026-08-22T02:30:49+02:00] UE_SLOT_START timestamp=2026-08-22T00:30:49+00:00 active_ues=19 slot=3 attempt=1 ue_idx=3 ue_if=uesimtun3 ue_ip=10.45.1.249 target=192.168.1.211:5204 bitrate=1M duration_s=80 planned_end_epoch=1787358729 timeout_s=90 hard_timeout_epoch=1787358744 start_rx_bytes=642444
[2026-08-22T02:30:49+02:00] UE_SLOT_PID timestamp=2026-08-22T00:30:49+00:00 active_ues=19 slot=3 attempt=1 ue_idx=3 pid=22511
[2026-08-22T02:30:49+02:00] UE_SLOT_ASSIGN timestamp=2026-08-22T00:30:49+00:00 active_ues=19 slot=4 ue_idx=4 ue_if=uesimtun4 ue_ip=10.45.1.250 candidate_reused_global_suspect=0
[2026-08-22T02:30:50+02:00] UE_SLOT_START timestamp=2026-08-22T00:30:49+00:00 active_ues=19 slot=4 attempt=1 ue_idx=4 ue_if=uesimtun4 ue_ip=10.45.1.250 target=192.168.1.211:5205 bitrate=1M duration_s=80 planned_end_epoch=1787358729 timeout_s=90 hard_timeout_epoch=1787358744 start_rx_bytes=645254
[2026-08-22T02:30:50+02:00] UE_SLOT_PID timestamp=2026-08-22T00:30:50+00:00 active_ues=19 slot=4 attempt=1 ue_idx=4 pid=22536
[2026-08-22T02:30:50+02:00] UE_SLOT_ASSIGN timestamp=2026-08-22T00:30:50+00:00 active_ues=19 slot=5 ue_idx=5 ue_if=uesimtun5 ue_ip=10.45.1.251 candidate_reused_global_suspect=0
[2026-08-22T02:30:50+02:00] UE_SLOT_START timestamp=2026-08-22T00:30:50+00:00 active_ues=19 slot=5 attempt=1 ue_idx=5 ue_if=uesimtun5 ue_ip=10.45.1.251 target=192.168.1.211:5206 bitrate=1M duration_s=80 planned_end_epoch=1787358730 timeout_s=90 hard_timeout_epoch=1787358745 start_rx_bytes=546287
[2026-08-22T02:30:50+02:00] UE_SLOT_PID timestamp=2026-08-22T00:30:50+00:00 active_ues=19 slot=5 attempt=1 ue_idx=5 pid=22561
[2026-08-22T02:30:50+02:00] UE_SLOT_ASSIGN timestamp=2026-08-22T00:30:50+00:00 active_ues=19 slot=6 ue_idx=6 ue_if=uesimtun6 ue_ip=10.45.1.252 candidate_reused_global_suspect=0
[2026-08-22T02:30:50+02:00] UE_SLOT_START timestamp=2026-08-22T00:30:50+00:00 active_ues=19 slot=6 attempt=1 ue_idx=6 ue_if=uesimtun6 ue_ip=10.45.1.252 target=192.168.1.211:5207 bitrate=1M duration_s=80 planned_end_epoch=1787358730 timeout_s=90 hard_timeout_epoch=1787358745 start_rx_bytes=555062
[2026-08-22T02:30:50+02:00] UE_SLOT_PID timestamp=2026-08-22T00:30:50+00:00 active_ues=19 slot=6 attempt=1 ue_idx=6 pid=22586
[2026-08-22T02:30:50+02:00] UE_SLOT_ASSIGN timestamp=2026-08-22T00:30:50+00:00 active_ues=19 slot=7 ue_idx=7 ue_if=uesimtun7 ue_ip=10.45.1.253 candidate_reused_global_suspect=0
[2026-08-22T02:30:50+02:00] UE_SLOT_START timestamp=2026-08-22T00:30:50+00:00 active_ues=19 slot=7 attempt=1 ue_idx=7 ue_if=uesimtun7 ue_ip=10.45.1.253 target=192.168.1.211:5208 bitrate=1M duration_s=80 planned_end_epoch=1787358730 timeout_s=90 hard_timeout_epoch=1787358745 start_rx_bytes=460272
[2026-08-22T02:30:50+02:00] UE_SLOT_PID timestamp=2026-08-22T00:30:50+00:00 active_ues=19 slot=7 attempt=1 ue_idx=7 pid=22611
[2026-08-22T02:30:50+02:00] UPF_CONTROL_SAMPLE timestamp=2026-08-22T02:30:49+02:00 scenario=ue_19 pod=open5gs-upf-5b9db6d44-nsbqz uid=7b5b8ef7-a2a2-4fe9-a3e1-74acd17bd88f restarts=6 usage_cpu=261m usage_mem=39Mi request_cpu=296m request_mem=250Mi limit_cpu=none limit_mem=none vpa_target_cpu=323m vpa_target_mem=250Mi vpa_uncapped_cpu=323m vpa_uncapped_mem=250Mi vpa_lower_cpu=149m vpa_lower_mem=250Mi vpa_upper_cpu=1500m vpa_upper_mem=512Mi
[2026-08-22T02:30:50+02:00] UE_SLOT_ASSIGN timestamp=2026-08-22T00:30:50+00:00 active_ues=19 slot=8 ue_idx=8 ue_if=uesimtun8 ue_ip=10.45.1.254 candidate_reused_global_suspect=0
[2026-08-22T02:30:50+02:00] UE_SLOT_START timestamp=2026-08-22T00:30:50+00:00 active_ues=19 slot=8 attempt=1 ue_idx=8 ue_if=uesimtun8 ue_ip=10.45.1.254 target=192.168.1.211:5209 bitrate=1M duration_s=80 planned_end_epoch=1787358730 timeout_s=90 hard_timeout_epoch=1787358745 start_rx_bytes=465660
[2026-08-22T02:30:50+02:00] UE_SLOT_PID timestamp=2026-08-22T00:30:50+00:00 active_ues=19 slot=8 attempt=1 ue_idx=8 pid=22636
[2026-08-22T02:30:51+02:00] UE_SLOT_ASSIGN timestamp=2026-08-22T00:30:51+00:00 active_ues=19 slot=9 ue_idx=9 ue_if=uesimtun9 ue_ip=10.45.1.255 candidate_reused_global_suspect=0
[2026-08-22T02:30:51+02:00] UE_SLOT_START timestamp=2026-08-22T00:30:51+00:00 active_ues=19 slot=9 attempt=1 ue_idx=9 ue_if=uesimtun9 ue_ip=10.45.1.255 target=192.168.1.211:5210 bitrate=1M duration_s=80 planned_end_epoch=1787358731 timeout_s=90 hard_timeout_epoch=1787358746 start_rx_bytes=374708
[2026-08-22T02:30:51+02:00] UE_SLOT_PID timestamp=2026-08-22T00:30:51+00:00 active_ues=19 slot=9 attempt=1 ue_idx=9 pid=22661
[2026-08-22T02:30:51+02:00] UE_SLOT_ASSIGN timestamp=2026-08-22T00:30:51+00:00 active_ues=19 slot=10 ue_idx=10 ue_if=uesimtun10 ue_ip=10.45.2.2 candidate_reused_global_suspect=0
[2026-08-22T02:30:51+02:00] UE_SLOT_START timestamp=2026-08-22T00:30:51+00:00 active_ues=19 slot=10 attempt=1 ue_idx=10 ue_if=uesimtun10 ue_ip=10.45.2.2 target=192.168.1.211:5211 bitrate=1M duration_s=80 planned_end_epoch=1787358731 timeout_s=90 hard_timeout_epoch=1787358746 start_rx_bytes=368882
[2026-08-22T02:30:51+02:00] UE_SLOT_PID timestamp=2026-08-22T00:30:51+00:00 active_ues=19 slot=10 attempt=1 ue_idx=10 pid=22686
[2026-08-22T02:30:51+02:00] UE_SLOT_ASSIGN timestamp=2026-08-22T00:30:51+00:00 active_ues=19 slot=11 ue_idx=11 ue_if=uesimtun11 ue_ip=10.45.2.22 candidate_reused_global_suspect=0
[2026-08-22T02:30:51+02:00] UE_SLOT_START timestamp=2026-08-22T00:30:51+00:00 active_ues=19 slot=11 attempt=1 ue_idx=11 ue_if=uesimtun11 ue_ip=10.45.2.22 target=192.168.1.211:5212 bitrate=1M duration_s=80 planned_end_epoch=1787358731 timeout_s=90 hard_timeout_epoch=1787358746 start_rx_bytes=274872
[2026-08-22T02:30:51+02:00] UE_SLOT_PID timestamp=2026-08-22T00:30:51+00:00 active_ues=19 slot=11 attempt=1 ue_idx=11 pid=22711
[2026-08-22T02:30:51+02:00] UE_SLOT_ASSIGN timestamp=2026-08-22T00:30:51+00:00 active_ues=19 slot=12 ue_idx=12 ue_if=uesimtun12 ue_ip=10.45.2.5 candidate_reused_global_suspect=0
[2026-08-22T02:30:51+02:00] UE_SLOT_START timestamp=2026-08-22T00:30:51+00:00 active_ues=19 slot=12 attempt=1 ue_idx=12 ue_if=uesimtun12 ue_ip=10.45.2.5 target=192.168.1.211:5213 bitrate=1M duration_s=80 planned_end_epoch=1787358731 timeout_s=90 hard_timeout_epoch=1787358746 start_rx_bytes=273831
[2026-08-22T02:30:51+02:00] UE_SLOT_PID timestamp=2026-08-22T00:30:51+00:00 active_ues=19 slot=12 attempt=1 ue_idx=12 pid=22736
[2026-08-22T02:30:51+02:00] UE_SLOT_ASSIGN timestamp=2026-08-22T00:30:51+00:00 active_ues=19 slot=13 ue_idx=13 ue_if=uesimtun13 ue_ip=10.45.2.0 candidate_reused_global_suspect=0
[2026-08-22T02:30:52+02:00] UE_SLOT_START timestamp=2026-08-22T00:30:52+00:00 active_ues=19 slot=13 attempt=1 ue_idx=13 ue_if=uesimtun13 ue_ip=10.45.2.0 target=192.168.1.211:5214 bitrate=1M duration_s=80 planned_end_epoch=1787358731 timeout_s=90 hard_timeout_epoch=1787358746 start_rx_bytes=184357
[2026-08-22T02:30:52+02:00] UE_SLOT_PID timestamp=2026-08-22T00:30:52+00:00 active_ues=19 slot=13 attempt=1 ue_idx=13 pid=22761
[2026-08-22T02:30:52+02:00] UE_SLOT_ASSIGN timestamp=2026-08-22T00:30:52+00:00 active_ues=19 slot=14 ue_idx=14 ue_if=uesimtun14 ue_ip=10.45.2.8 candidate_reused_global_suspect=0
[2026-08-22T02:30:52+02:00] UE_SLOT_START timestamp=2026-08-22T00:30:52+00:00 active_ues=19 slot=14 attempt=1 ue_idx=14 ue_if=uesimtun14 ue_ip=10.45.2.8 target=192.168.1.211:5215 bitrate=1M duration_s=80 planned_end_epoch=1787358732 timeout_s=90 hard_timeout_epoch=1787358747 start_rx_bytes=193909
[2026-08-22T02:30:52+02:00] UE_SLOT_PID timestamp=2026-08-22T00:30:52+00:00 active_ues=19 slot=14 attempt=1 ue_idx=14 pid=22786
[2026-08-22T02:30:52+02:00] UE_SLOT_ASSIGN timestamp=2026-08-22T00:30:52+00:00 active_ues=19 slot=15 ue_idx=15 ue_if=uesimtun15 ue_ip=10.45.2.6 candidate_reused_global_suspect=0
[2026-08-22T02:30:52+02:00] UE_SLOT_START timestamp=2026-08-22T00:30:52+00:00 active_ues=19 slot=15 attempt=1 ue_idx=15 ue_if=uesimtun15 ue_ip=10.45.2.6 target=192.168.1.211:5216 bitrate=1M duration_s=80 planned_end_epoch=1787358732 timeout_s=90 hard_timeout_epoch=1787358747 start_rx_bytes=103059
[2026-08-22T02:30:52+02:00] UE_SLOT_PID timestamp=2026-08-22T00:30:52+00:00 active_ues=19 slot=15 attempt=1 ue_idx=15 pid=22811
[2026-08-22T02:30:52+02:00] UE_SLOT_ASSIGN timestamp=2026-08-22T00:30:52+00:00 active_ues=19 slot=16 ue_idx=16 ue_if=uesimtun16 ue_ip=10.45.2.7 candidate_reused_global_suspect=0
[2026-08-22T02:30:52+02:00] UE_SLOT_START timestamp=2026-08-22T00:30:52+00:00 active_ues=19 slot=16 attempt=1 ue_idx=16 ue_if=uesimtun16 ue_ip=10.45.2.7 target=192.168.1.211:5217 bitrate=1M duration_s=80 planned_end_epoch=1787358732 timeout_s=90 hard_timeout_epoch=1787358747 start_rx_bytes=88074
[2026-08-22T02:30:52+02:00] UE_SLOT_PID timestamp=2026-08-22T00:30:52+00:00 active_ues=19 slot=16 attempt=1 ue_idx=16 pid=22836
[2026-08-22T02:30:52+02:00] UE_SLOT_ASSIGN timestamp=2026-08-22T00:30:52+00:00 active_ues=19 slot=17 ue_idx=17 ue_if=uesimtun17 ue_ip=10.45.2.3 candidate_reused_global_suspect=0
[2026-08-22T02:30:52+02:00] UE_SLOT_START timestamp=2026-08-22T00:30:52+00:00 active_ues=19 slot=17 attempt=1 ue_idx=17 ue_if=uesimtun17 ue_ip=10.45.2.3 target=192.168.1.211:5218 bitrate=1M duration_s=80 planned_end_epoch=1787358732 timeout_s=90 hard_timeout_epoch=1787358747 start_rx_bytes=0
[2026-08-22T02:30:52+02:00] UE_SLOT_PID timestamp=2026-08-22T00:30:52+00:00 active_ues=19 slot=17 attempt=1 ue_idx=17 pid=22861
[2026-08-22T02:30:52+02:00] UPF_CONTROL_SAMPLE timestamp=2026-08-22T02:30:51+02:00 scenario=ue_19 pod=open5gs-upf-5b9db6d44-nsbqz uid=7b5b8ef7-a2a2-4fe9-a3e1-74acd17bd88f restarts=6 usage_cpu=261m usage_mem=39Mi request_cpu=296m request_mem=250Mi limit_cpu=none limit_mem=none vpa_target_cpu=323m vpa_target_mem=250Mi vpa_uncapped_cpu=323m vpa_uncapped_mem=250Mi vpa_lower_cpu=149m vpa_lower_mem=250Mi vpa_upper_cpu=1500m vpa_upper_mem=512Mi
[2026-08-22T02:30:53+02:00] UE_SLOT_ASSIGN timestamp=2026-08-22T00:30:53+00:00 active_ues=19 slot=18 ue_idx=18 ue_if=uesimtun18 ue_ip=10.45.2.13 candidate_reused_global_suspect=0
[2026-08-22T02:30:53+02:00] UE_SLOT_START timestamp=2026-08-22T00:30:53+00:00 active_ues=19 slot=18 attempt=1 ue_idx=18 ue_if=uesimtun18 ue_ip=10.45.2.13 target=192.168.1.211:5219 bitrate=1M duration_s=80 planned_end_epoch=1787358733 timeout_s=90 hard_timeout_epoch=1787358748 start_rx_bytes=0
[2026-08-22T02:30:53+02:00] UE_SLOT_PID timestamp=2026-08-22T00:30:53+00:00 active_ues=19 slot=18 attempt=1 ue_idx=18 pid=22886
[2026-08-22T02:30:53+02:00] IPERF_MAPPING_SUMMARY timestamp=2026-08-22T00:30:53+00:00 active_ues=19 registered_tunnels=50 initial_ports=5201-5219 replacement_ports=5251-5265 bitrate=1M start_delay=0.05 detection=no_rx_counter replacement_min_duration_s=5 adaptive_extension_max_s=1 iperf_exit_grace_s=3 server_busy_port_rebinds=1 late_replacement_after_end=disabled wait_for_iperf_exit=until_timeout global_suspect_policy=soft_reuse ramp_supervision=after_initial_start
[2026-08-22T02:30:55+02:00] UPF_CONTROL_SAMPLE timestamp=2026-08-22T02:30:54+02:00 scenario=ue_19 pod=open5gs-upf-5b9db6d44-nsbqz uid=7b5b8ef7-a2a2-4fe9-a3e1-74acd17bd88f restarts=6 usage_cpu=261m usage_mem=39Mi request_cpu=296m request_mem=250Mi limit_cpu=none limit_mem=none vpa_target_cpu=323m vpa_target_mem=250Mi vpa_uncapped_cpu=323m vpa_uncapped_mem=250Mi vpa_lower_cpu=149m vpa_lower_mem=250Mi vpa_upper_cpu=1500m vpa_upper_mem=512Mi
[2026-08-22T02:30:57+02:00] UPF_CONTROL_SAMPLE timestamp=2026-08-22T02:30:56+02:00 scenario=ue_19 pod=open5gs-upf-5b9db6d44-nsbqz uid=7b5b8ef7-a2a2-4fe9-a3e1-74acd17bd88f restarts=6 usage_cpu=261m usage_mem=39Mi request_cpu=296m request_mem=250Mi limit_cpu=none limit_mem=none vpa_target_cpu=323m vpa_target_mem=250Mi vpa_uncapped_cpu=323m vpa_uncapped_mem=250Mi vpa_lower_cpu=149m vpa_lower_mem=250Mi vpa_upper_cpu=1500m vpa_upper_mem=512Mi
[2026-08-22T02:30:59+02:00] UPF_CONTROL_SAMPLE timestamp=2026-08-22T02:30:58+02:00 scenario=ue_19 pod=open5gs-upf-5b9db6d44-nsbqz uid=7b5b8ef7-a2a2-4fe9-a3e1-74acd17bd88f restarts=6 usage_cpu=261m usage_mem=39Mi request_cpu=296m request_mem=250Mi limit_cpu=none limit_mem=none vpa_target_cpu=323m vpa_target_mem=250Mi vpa_uncapped_cpu=323m vpa_uncapped_mem=250Mi vpa_lower_cpu=149m vpa_lower_mem=250Mi vpa_upper_cpu=1500m vpa_upper_mem=512Mi
[2026-08-22T02:31:01+02:00] UPF_CONTROL_SAMPLE timestamp=2026-08-22T02:31:00+02:00 scenario=ue_19 pod=open5gs-upf-5b9db6d44-nsbqz uid=7b5b8ef7-a2a2-4fe9-a3e1-74acd17bd88f restarts=6 usage_cpu=261m usage_mem=39Mi request_cpu=296m request_mem=250Mi limit_cpu=none limit_mem=none vpa_target_cpu=323m vpa_target_mem=250Mi vpa_uncapped_cpu=323m vpa_uncapped_mem=250Mi vpa_lower_cpu=149m vpa_lower_mem=250Mi vpa_upper_cpu=1500m vpa_upper_mem=512Mi
[2026-08-22T02:31:03+02:00] UPF_CONTROL_SAMPLE timestamp=2026-08-22T02:31:02+02:00 scenario=ue_19 pod=open5gs-upf-5b9db6d44-nsbqz uid=7b5b8ef7-a2a2-4fe9-a3e1-74acd17bd88f restarts=6 usage_cpu=261m usage_mem=39Mi request_cpu=296m request_mem=250Mi limit_cpu=none limit_mem=none vpa_target_cpu=323m vpa_target_mem=250Mi vpa_uncapped_cpu=323m vpa_uncapped_mem=250Mi vpa_lower_cpu=149m vpa_lower_mem=250Mi vpa_upper_cpu=1500m vpa_upper_mem=512Mi
[2026-08-22T02:31:05+02:00] UPF_CONTROL_SAMPLE timestamp=2026-08-22T02:31:04+02:00 scenario=ue_19 pod=open5gs-upf-5b9db6d44-nsbqz uid=7b5b8ef7-a2a2-4fe9-a3e1-74acd17bd88f restarts=6 usage_cpu=261m usage_mem=39Mi request_cpu=296m request_mem=250Mi limit_cpu=none limit_mem=none vpa_target_cpu=323m vpa_target_mem=250Mi vpa_uncapped_cpu=323m vpa_uncapped_mem=250Mi vpa_lower_cpu=149m vpa_lower_mem=250Mi vpa_upper_cpu=1500m vpa_upper_mem=512Mi
[2026-08-22T02:31:08+02:00] UPF_CONTROL_SAMPLE timestamp=2026-08-22T02:31:06+02:00 scenario=ue_19 pod=open5gs-upf-5b9db6d44-nsbqz uid=7b5b8ef7-a2a2-4fe9-a3e1-74acd17bd88f restarts=6 usage_cpu=261m usage_mem=39Mi request_cpu=296m request_mem=250Mi limit_cpu=none limit_mem=none vpa_target_cpu=323m vpa_target_mem=250Mi vpa_uncapped_cpu=323m vpa_uncapped_mem=250Mi vpa_lower_cpu=149m vpa_lower_mem=250Mi vpa_upper_cpu=1500m vpa_upper_mem=512Mi
[2026-08-22T02:31:10+02:00] UPF_CONTROL_SAMPLE timestamp=2026-08-22T02:31:09+02:00 scenario=ue_19 pod=open5gs-upf-5b9db6d44-nsbqz uid=7b5b8ef7-a2a2-4fe9-a3e1-74acd17bd88f restarts=6 usage_cpu=261m usage_mem=39Mi request_cpu=296m request_mem=250Mi limit_cpu=none limit_mem=none vpa_target_cpu=323m vpa_target_mem=250Mi vpa_uncapped_cpu=323m vpa_uncapped_mem=250Mi vpa_lower_cpu=149m vpa_lower_mem=250Mi vpa_upper_cpu=1500m vpa_upper_mem=512Mi
[2026-08-22T02:31:12+02:00] UPF_CONTROL_SAMPLE timestamp=2026-08-22T02:31:11+02:00 scenario=ue_19 pod=open5gs-upf-5b9db6d44-nsbqz uid=7b5b8ef7-a2a2-4fe9-a3e1-74acd17bd88f restarts=6 usage_cpu=169m usage_mem=38Mi request_cpu=296m request_mem=250Mi limit_cpu=none limit_mem=none vpa_target_cpu=323m vpa_target_mem=250Mi vpa_uncapped_cpu=323m vpa_uncapped_mem=250Mi vpa_lower_cpu=149m vpa_lower_mem=250Mi vpa_upper_cpu=1500m vpa_upper_mem=512Mi
[2026-08-22T02:31:14+02:00] UPF_CONTROL_SAMPLE timestamp=2026-08-22T02:31:13+02:00 scenario=ue_19 pod=open5gs-upf-5b9db6d44-nsbqz uid=7b5b8ef7-a2a2-4fe9-a3e1-74acd17bd88f restarts=6 usage_cpu=169m usage_mem=38Mi request_cpu=296m request_mem=250Mi limit_cpu=none limit_mem=none vpa_target_cpu=323m vpa_target_mem=250Mi vpa_uncapped_cpu=323m vpa_uncapped_mem=250Mi vpa_lower_cpu=149m vpa_lower_mem=250Mi vpa_upper_cpu=1500m vpa_upper_mem=512Mi
[2026-08-22T02:31:16+02:00] UPF_CONTROL_SAMPLE timestamp=2026-08-22T02:31:15+02:00 scenario=ue_19 pod=open5gs-upf-5b9db6d44-nsbqz uid=7b5b8ef7-a2a2-4fe9-a3e1-74acd17bd88f restarts=6 usage_cpu=169m usage_mem=38Mi request_cpu=296m request_mem=250Mi limit_cpu=none limit_mem=none vpa_target_cpu=323m vpa_target_mem=250Mi vpa_uncapped_cpu=323m vpa_uncapped_mem=250Mi vpa_lower_cpu=149m vpa_lower_mem=250Mi vpa_upper_cpu=1500m vpa_upper_mem=512Mi
[2026-08-22T02:31:18+02:00] UPF_CONTROL_SAMPLE timestamp=2026-08-22T02:31:17+02:00 scenario=ue_19 pod=open5gs-upf-5b9db6d44-nsbqz uid=7b5b8ef7-a2a2-4fe9-a3e1-74acd17bd88f restarts=6 usage_cpu=169m usage_mem=38Mi request_cpu=296m request_mem=250Mi limit_cpu=none limit_mem=none vpa_target_cpu=323m vpa_target_mem=250Mi vpa_uncapped_cpu=323m vpa_uncapped_mem=250Mi vpa_lower_cpu=149m vpa_lower_mem=250Mi vpa_upper_cpu=1500m vpa_upper_mem=512Mi
[2026-08-22T02:31:21+02:00] UPF_CONTROL_SAMPLE timestamp=2026-08-22T02:31:19+02:00 scenario=ue_19 pod=open5gs-upf-5b9db6d44-nsbqz uid=7b5b8ef7-a2a2-4fe9-a3e1-74acd17bd88f restarts=6 usage_cpu=169m usage_mem=38Mi request_cpu=296m request_mem=250Mi limit_cpu=none limit_mem=none vpa_target_cpu=323m vpa_target_mem=250Mi vpa_uncapped_cpu=323m vpa_uncapped_mem=250Mi vpa_lower_cpu=149m vpa_lower_mem=250Mi vpa_upper_cpu=1500m vpa_upper_mem=512Mi
[2026-08-22T02:31:23+02:00] UPF_CONTROL_SAMPLE timestamp=2026-08-22T02:31:22+02:00 scenario=ue_19 pod=open5gs-upf-5b9db6d44-nsbqz uid=7b5b8ef7-a2a2-4fe9-a3e1-74acd17bd88f restarts=6 usage_cpu=169m usage_mem=38Mi request_cpu=296m request_mem=250Mi limit_cpu=none limit_mem=none vpa_target_cpu=323m vpa_target_mem=250Mi vpa_uncapped_cpu=323m vpa_uncapped_mem=250Mi vpa_lower_cpu=149m vpa_lower_mem=250Mi vpa_upper_cpu=1500m vpa_upper_mem=512Mi
[2026-08-22T02:31:25+02:00] UPF_CONTROL_SAMPLE timestamp=2026-08-22T02:31:24+02:00 scenario=ue_19 pod=open5gs-upf-5b9db6d44-nsbqz uid=7b5b8ef7-a2a2-4fe9-a3e1-74acd17bd88f restarts=6 usage_cpu=169m usage_mem=38Mi request_cpu=296m request_mem=250Mi limit_cpu=none limit_mem=none vpa_target_cpu=323m vpa_target_mem=250Mi vpa_uncapped_cpu=323m vpa_uncapped_mem=250Mi vpa_lower_cpu=149m vpa_lower_mem=250Mi vpa_upper_cpu=1500m vpa_upper_mem=512Mi
[2026-08-22T02:31:27+02:00] UPF_CONTROL_SAMPLE timestamp=2026-08-22T02:31:26+02:00 scenario=ue_19 pod=open5gs-upf-5b9db6d44-nsbqz uid=7b5b8ef7-a2a2-4fe9-a3e1-74acd17bd88f restarts=6 usage_cpu=303m usage_mem=39Mi request_cpu=296m request_mem=250Mi limit_cpu=none limit_mem=none vpa_target_cpu=323m vpa_target_mem=250Mi vpa_uncapped_cpu=323m vpa_uncapped_mem=250Mi vpa_lower_cpu=149m vpa_lower_mem=250Mi vpa_upper_cpu=1500m vpa_upper_mem=512Mi
[2026-08-22T02:31:29+02:00] UPF_CONTROL_SAMPLE timestamp=2026-08-22T02:31:28+02:00 scenario=ue_19 pod=open5gs-upf-5b9db6d44-nsbqz uid=7b5b8ef7-a2a2-4fe9-a3e1-74acd17bd88f restarts=6 usage_cpu=303m usage_mem=39Mi request_cpu=296m request_mem=250Mi limit_cpu=none limit_mem=none vpa_target_cpu=323m vpa_target_mem=250Mi vpa_uncapped_cpu=323m vpa_uncapped_mem=250Mi vpa_lower_cpu=149m vpa_lower_mem=250Mi vpa_upper_cpu=1500m vpa_upper_mem=512Mi
[2026-08-22T02:31:31+02:00] UPF_CONTROL_SAMPLE timestamp=2026-08-22T02:31:30+02:00 scenario=ue_19 pod=open5gs-upf-5b9db6d44-nsbqz uid=7b5b8ef7-a2a2-4fe9-a3e1-74acd17bd88f restarts=6 usage_cpu=303m usage_mem=39Mi request_cpu=296m request_mem=250Mi limit_cpu=none limit_mem=none vpa_target_cpu=323m vpa_target_mem=250Mi vpa_uncapped_cpu=323m vpa_uncapped_mem=250Mi vpa_lower_cpu=149m vpa_lower_mem=250Mi vpa_upper_cpu=1500m vpa_upper_mem=512Mi
[2026-08-22T02:31:33+02:00] UPF_CONTROL_SAMPLE timestamp=2026-08-22T02:31:32+02:00 scenario=ue_19 pod=open5gs-upf-5b9db6d44-nsbqz uid=7b5b8ef7-a2a2-4fe9-a3e1-74acd17bd88f restarts=6 usage_cpu=303m usage_mem=39Mi request_cpu=296m request_mem=250Mi limit_cpu=none limit_mem=none vpa_target_cpu=323m vpa_target_mem=250Mi vpa_uncapped_cpu=323m vpa_uncapped_mem=250Mi vpa_lower_cpu=149m vpa_lower_mem=250Mi vpa_upper_cpu=1500m vpa_upper_mem=512Mi
[2026-08-22T02:31:35+02:00] UPF_CONTROL_SAMPLE timestamp=2026-08-22T02:31:34+02:00 scenario=ue_19 pod=open5gs-upf-5b9db6d44-nsbqz uid=7b5b8ef7-a2a2-4fe9-a3e1-74acd17bd88f restarts=6 usage_cpu=303m usage_mem=39Mi request_cpu=296m request_mem=250Mi limit_cpu=none limit_mem=none vpa_target_cpu=323m vpa_target_mem=250Mi vpa_uncapped_cpu=323m vpa_uncapped_mem=250Mi vpa_lower_cpu=149m vpa_lower_mem=250Mi vpa_upper_cpu=1500m vpa_upper_mem=512Mi
[2026-08-22T02:31:38+02:00] UPF_CONTROL_SAMPLE timestamp=2026-08-22T02:31:36+02:00 scenario=ue_19 pod=open5gs-upf-5b9db6d44-nsbqz uid=7b5b8ef7-a2a2-4fe9-a3e1-74acd17bd88f restarts=6 usage_cpu=303m usage_mem=39Mi request_cpu=296m request_mem=250Mi limit_cpu=none limit_mem=none vpa_target_cpu=323m vpa_target_mem=250Mi vpa_uncapped_cpu=323m vpa_uncapped_mem=250Mi vpa_lower_cpu=149m vpa_lower_mem=250Mi vpa_upper_cpu=1500m vpa_upper_mem=512Mi
[2026-08-22T02:31:40+02:00] UPF_CONTROL_SAMPLE timestamp=2026-08-22T02:31:39+02:00 scenario=ue_19 pod=open5gs-upf-5b9db6d44-nsbqz uid=7b5b8ef7-a2a2-4fe9-a3e1-74acd17bd88f restarts=6 usage_cpu=303m usage_mem=39Mi request_cpu=296m request_mem=250Mi limit_cpu=none limit_mem=none vpa_target_cpu=323m vpa_target_mem=250Mi vpa_uncapped_cpu=323m vpa_uncapped_mem=250Mi vpa_lower_cpu=149m vpa_lower_mem=250Mi vpa_upper_cpu=1500m vpa_upper_mem=512Mi
[2026-08-22T02:31:42+02:00] UPF_CONTROL_SAMPLE timestamp=2026-08-22T02:31:41+02:00 scenario=ue_19 pod=open5gs-upf-5b9db6d44-nsbqz uid=7b5b8ef7-a2a2-4fe9-a3e1-74acd17bd88f restarts=6 usage_cpu=303m usage_mem=39Mi request_cpu=296m request_mem=250Mi limit_cpu=none limit_mem=none vpa_target_cpu=323m vpa_target_mem=250Mi vpa_uncapped_cpu=323m vpa_uncapped_mem=250Mi vpa_lower_cpu=149m vpa_lower_mem=250Mi vpa_upper_cpu=1500m vpa_upper_mem=512Mi
[2026-08-22T02:31:44+02:00] UPF_CONTROL_SAMPLE timestamp=2026-08-22T02:31:43+02:00 scenario=ue_19 pod=open5gs-upf-5b9db6d44-nsbqz uid=7b5b8ef7-a2a2-4fe9-a3e1-74acd17bd88f restarts=6 usage_cpu=303m usage_mem=39Mi request_cpu=296m request_mem=250Mi limit_cpu=none limit_mem=none vpa_target_cpu=323m vpa_target_mem=250Mi vpa_uncapped_cpu=323m vpa_uncapped_mem=250Mi vpa_lower_cpu=149m vpa_lower_mem=250Mi vpa_upper_cpu=1500m vpa_upper_mem=512Mi
[2026-08-22T02:31:46+02:00] UPF_CONTROL_SAMPLE timestamp=2026-08-22T02:31:45+02:00 scenario=ue_19 pod=open5gs-upf-5b9db6d44-nsbqz uid=7b5b8ef7-a2a2-4fe9-a3e1-74acd17bd88f restarts=6 usage_cpu=303m usage_mem=39Mi request_cpu=296m request_mem=250Mi limit_cpu=none limit_mem=none vpa_target_cpu=323m vpa_target_mem=250Mi vpa_uncapped_cpu=323m vpa_uncapped_mem=250Mi vpa_lower_cpu=149m vpa_lower_mem=250Mi vpa_upper_cpu=1500m vpa_upper_mem=512Mi
[2026-08-22T02:31:48+02:00] VPA_RECOMMENDATION_CHANGE timestamp=2026-08-22T02:31:47+02:00 scenario=ue_19 old='vpa_target_cpu=323m vpa_target_mem=250Mi vpa_uncapped_cpu=323m vpa_uncapped_mem=250Mi vpa_lower_cpu=149m vpa_lower_mem=250Mi vpa_upper_cpu=1500m vpa_upper_mem=512Mi' new='vpa_target_cpu=323m vpa_target_mem=250Mi vpa_uncapped_cpu=323m vpa_uncapped_mem=250Mi vpa_lower_cpu=151m vpa_lower_mem=250Mi vpa_upper_cpu=1500m vpa_upper_mem=512Mi' previous_5s_sample='timestamp=2026-08-22T02:31:41+02:00 scenario=ue_19 pod=open5gs-upf-5b9db6d44-nsbqz uid=7b5b8ef7-a2a2-4fe9-a3e1-74acd17bd88f restarts=6 usage_cpu=303m usage_mem=39Mi request_cpu=296m request_mem=250Mi limit_cpu=none limit_mem=none vpa_target_cpu=323m vpa_target_mem=250Mi vpa_uncapped_cpu=323m vpa_uncapped_mem=250Mi vpa_lower_cpu=149m vpa_lower_mem=250Mi vpa_upper_cpu=1500m vpa_upper_mem=512Mi' current_sample='timestamp=2026-08-22T02:31:47+02:00 scenario=ue_19 pod=open5gs-upf-5b9db6d44-nsbqz uid=7b5b8ef7-a2a2-4fe9-a3e1-74acd17bd88f restarts=6 usage_cpu=303m usage_mem=39Mi request_cpu=296m request_mem=250Mi limit_cpu=none limit_mem=none vpa_target_cpu=323m vpa_target_mem=250Mi vpa_uncapped_cpu=323m vpa_uncapped_mem=250Mi vpa_lower_cpu=151m vpa_lower_mem=250Mi vpa_upper_cpu=1500m vpa_upper_mem=512Mi'
[2026-08-22T02:31:48+02:00] UPF_CONTROL_SAMPLE timestamp=2026-08-22T02:31:47+02:00 scenario=ue_19 pod=open5gs-upf-5b9db6d44-nsbqz uid=7b5b8ef7-a2a2-4fe9-a3e1-74acd17bd88f restarts=6 usage_cpu=303m usage_mem=39Mi request_cpu=296m request_mem=250Mi limit_cpu=none limit_mem=none vpa_target_cpu=323m vpa_target_mem=250Mi vpa_uncapped_cpu=323m vpa_uncapped_mem=250Mi vpa_lower_cpu=151m vpa_lower_mem=250Mi vpa_upper_cpu=1500m vpa_upper_mem=512Mi
[2026-08-22T02:31:51+02:00] UPF_CONTROL_SAMPLE timestamp=2026-08-22T02:31:49+02:00 scenario=ue_19 pod=open5gs-upf-5b9db6d44-nsbqz uid=7b5b8ef7-a2a2-4fe9-a3e1-74acd17bd88f restarts=6 usage_cpu=303m usage_mem=39Mi request_cpu=296m request_mem=250Mi limit_cpu=none limit_mem=none vpa_target_cpu=323m vpa_target_mem=250Mi vpa_uncapped_cpu=323m vpa_uncapped_mem=250Mi vpa_lower_cpu=151m vpa_lower_mem=250Mi vpa_upper_cpu=1500m vpa_upper_mem=512Mi
[2026-08-22T02:31:53+02:00] UPF_CONTROL_SAMPLE timestamp=2026-08-22T02:31:52+02:00 scenario=ue_19 pod=open5gs-upf-5b9db6d44-nsbqz uid=7b5b8ef7-a2a2-4fe9-a3e1-74acd17bd88f restarts=6 usage_cpu=303m usage_mem=39Mi request_cpu=296m request_mem=250Mi limit_cpu=none limit_mem=none vpa_target_cpu=323m vpa_target_mem=250Mi vpa_uncapped_cpu=323m vpa_uncapped_mem=250Mi vpa_lower_cpu=151m vpa_lower_mem=250Mi vpa_upper_cpu=1500m vpa_upper_mem=512Mi
[2026-08-22T02:31:55+02:00] UPF_CONTROL_SAMPLE timestamp=2026-08-22T02:31:54+02:00 scenario=ue_19 pod=open5gs-upf-5b9db6d44-nsbqz uid=7b5b8ef7-a2a2-4fe9-a3e1-74acd17bd88f restarts=6 usage_cpu=303m usage_mem=39Mi request_cpu=296m request_mem=250Mi limit_cpu=none limit_mem=none vpa_target_cpu=323m vpa_target_mem=250Mi vpa_uncapped_cpu=323m vpa_uncapped_mem=250Mi vpa_lower_cpu=151m vpa_lower_mem=250Mi vpa_upper_cpu=1500m vpa_upper_mem=512Mi
[2026-08-22T02:31:57+02:00] UPF_CONTROL_SAMPLE timestamp=2026-08-22T02:31:56+02:00 scenario=ue_19 pod=open5gs-upf-5b9db6d44-nsbqz uid=7b5b8ef7-a2a2-4fe9-a3e1-74acd17bd88f restarts=6 usage_cpu=303m usage_mem=39Mi request_cpu=296m request_mem=250Mi limit_cpu=none limit_mem=none vpa_target_cpu=323m vpa_target_mem=250Mi vpa_uncapped_cpu=323m vpa_uncapped_mem=250Mi vpa_lower_cpu=151m vpa_lower_mem=250Mi vpa_upper_cpu=1500m vpa_upper_mem=512Mi
[2026-08-22T02:32:00+02:00] UPF_CONTROL_SAMPLE timestamp=2026-08-22T02:31:58+02:00 scenario=ue_19 pod=open5gs-upf-5b9db6d44-nsbqz uid=7b5b8ef7-a2a2-4fe9-a3e1-74acd17bd88f restarts=6 usage_cpu=303m usage_mem=39Mi request_cpu=296m request_mem=250Mi limit_cpu=none limit_mem=none vpa_target_cpu=323m vpa_target_mem=250Mi vpa_uncapped_cpu=323m vpa_uncapped_mem=250Mi vpa_lower_cpu=151m vpa_lower_mem=250Mi vpa_upper_cpu=1500m vpa_upper_mem=512Mi
[2026-08-22T02:32:02+02:00] UPF_CONTROL_SAMPLE timestamp=2026-08-22T02:32:01+02:00 scenario=ue_19 pod=open5gs-upf-5b9db6d44-nsbqz uid=7b5b8ef7-a2a2-4fe9-a3e1-74acd17bd88f restarts=6 usage_cpu=303m usage_mem=39Mi request_cpu=296m request_mem=250Mi limit_cpu=none limit_mem=none vpa_target_cpu=323m vpa_target_mem=250Mi vpa_uncapped_cpu=323m vpa_uncapped_mem=250Mi vpa_lower_cpu=151m vpa_lower_mem=250Mi vpa_upper_cpu=1500m vpa_upper_mem=512Mi
[2026-08-22T02:32:04+02:00] UPF_CONTROL_SAMPLE timestamp=2026-08-22T02:32:03+02:00 scenario=ue_19 pod=open5gs-upf-5b9db6d44-nsbqz uid=7b5b8ef7-a2a2-4fe9-a3e1-74acd17bd88f restarts=6 usage_cpu=303m usage_mem=39Mi request_cpu=296m request_mem=250Mi limit_cpu=none limit_mem=none vpa_target_cpu=323m vpa_target_mem=250Mi vpa_uncapped_cpu=323m vpa_uncapped_mem=250Mi vpa_lower_cpu=151m vpa_lower_mem=250Mi vpa_upper_cpu=1500m vpa_upper_mem=512Mi
[2026-08-22T02:32:07+02:00] UPF_CONTROL_SAMPLE timestamp=2026-08-22T02:32:05+02:00 scenario=ue_19 pod=open5gs-upf-5b9db6d44-nsbqz uid=7b5b8ef7-a2a2-4fe9-a3e1-74acd17bd88f restarts=6 usage_cpu=303m usage_mem=39Mi request_cpu=296m request_mem=250Mi limit_cpu=none limit_mem=none vpa_target_cpu=323m vpa_target_mem=250Mi vpa_uncapped_cpu=323m vpa_uncapped_mem=250Mi vpa_lower_cpu=151m vpa_lower_mem=250Mi vpa_upper_cpu=1500m vpa_upper_mem=512Mi
[2026-08-22T02:32:09+02:00] UPF_CONTROL_SAMPLE timestamp=2026-08-22T02:32:08+02:00 scenario=ue_19 pod=open5gs-upf-5b9db6d44-nsbqz uid=7b5b8ef7-a2a2-4fe9-a3e1-74acd17bd88f restarts=6 usage_cpu=303m usage_mem=39Mi request_cpu=296m request_mem=250Mi limit_cpu=none limit_mem=none vpa_target_cpu=323m vpa_target_mem=250Mi vpa_uncapped_cpu=323m vpa_uncapped_mem=250Mi vpa_lower_cpu=151m vpa_lower_mem=250Mi vpa_upper_cpu=1500m vpa_upper_mem=512Mi
[2026-08-22T02:32:10+02:00] UE_SLOT_DONE timestamp=2026-08-22T00:32:10+00:00 active_ues=19 slot=0 attempt=1 ue_idx=0 ue_if=uesimtun0 ue_ip=10.45.1.246 port=5201 rc=0 replacements_for_slot=0 server_busy_retries_for_slot=0
[2026-08-22T02:32:10+02:00] UE_SLOT_DONE timestamp=2026-08-22T00:32:10+00:00 active_ues=19 slot=1 attempt=1 ue_idx=1 ue_if=uesimtun1 ue_ip=10.45.1.247 port=5202 rc=0 replacements_for_slot=0 server_busy_retries_for_slot=0
[2026-08-22T02:32:10+02:00] UE_SLOT_DONE timestamp=2026-08-22T00:32:10+00:00 active_ues=19 slot=2 attempt=1 ue_idx=2 ue_if=uesimtun2 ue_ip=10.45.1.248 port=5203 rc=0 replacements_for_slot=0 server_busy_retries_for_slot=0
[2026-08-22T02:32:10+02:00] UE_SLOT_DONE timestamp=2026-08-22T00:32:10+00:00 active_ues=19 slot=3 attempt=1 ue_idx=3 ue_if=uesimtun3 ue_ip=10.45.1.249 port=5204 rc=0 replacements_for_slot=0 server_busy_retries_for_slot=0
[2026-08-22T02:32:10+02:00] UE_SLOT_DONE timestamp=2026-08-22T00:32:10+00:00 active_ues=19 slot=4 attempt=1 ue_idx=4 ue_if=uesimtun4 ue_ip=10.45.1.250 port=5205 rc=0 replacements_for_slot=0 server_busy_retries_for_slot=0
[2026-08-22T02:32:10+02:00] UE_SLOT_DONE timestamp=2026-08-22T00:32:10+00:00 active_ues=19 slot=5 attempt=1 ue_idx=5 ue_if=uesimtun5 ue_ip=10.45.1.251 port=5206 rc=0 replacements_for_slot=0 server_busy_retries_for_slot=0
[2026-08-22T02:32:10+02:00] UE_SLOT_DONE timestamp=2026-08-22T00:32:10+00:00 active_ues=19 slot=6 attempt=1 ue_idx=6 ue_if=uesimtun6 ue_ip=10.45.1.252 port=5207 rc=0 replacements_for_slot=0 server_busy_retries_for_slot=0
[2026-08-22T02:32:11+02:00] UPF_CONTROL_SAMPLE timestamp=2026-08-22T02:32:10+02:00 scenario=ue_19 pod=open5gs-upf-5b9db6d44-nsbqz uid=7b5b8ef7-a2a2-4fe9-a3e1-74acd17bd88f restarts=6 usage_cpu=305m usage_mem=39Mi request_cpu=296m request_mem=250Mi limit_cpu=none limit_mem=none vpa_target_cpu=323m vpa_target_mem=250Mi vpa_uncapped_cpu=323m vpa_uncapped_mem=250Mi vpa_lower_cpu=151m vpa_lower_mem=250Mi vpa_upper_cpu=1500m vpa_upper_mem=512Mi
[2026-08-22T02:32:12+02:00] UE_SLOT_DONE timestamp=2026-08-22T00:32:12+00:00 active_ues=19 slot=7 attempt=1 ue_idx=7 ue_if=uesimtun7 ue_ip=10.45.1.253 port=5208 rc=0 replacements_for_slot=0 server_busy_retries_for_slot=0
[2026-08-22T02:32:12+02:00] UE_SLOT_DONE timestamp=2026-08-22T00:32:12+00:00 active_ues=19 slot=8 attempt=1 ue_idx=8 ue_if=uesimtun8 ue_ip=10.45.1.254 port=5209 rc=0 replacements_for_slot=0 server_busy_retries_for_slot=0
[2026-08-22T02:32:12+02:00] UE_SLOT_DONE timestamp=2026-08-22T00:32:12+00:00 active_ues=19 slot=9 attempt=1 ue_idx=9 ue_if=uesimtun9 ue_ip=10.45.1.255 port=5210 rc=0 replacements_for_slot=0 server_busy_retries_for_slot=0
[2026-08-22T02:32:12+02:00] UE_SLOT_DONE timestamp=2026-08-22T00:32:12+00:00 active_ues=19 slot=10 attempt=1 ue_idx=10 ue_if=uesimtun10 ue_ip=10.45.2.2 port=5211 rc=0 replacements_for_slot=0 server_busy_retries_for_slot=0
[2026-08-22T02:32:12+02:00] UE_SLOT_DONE timestamp=2026-08-22T00:32:12+00:00 active_ues=19 slot=11 attempt=1 ue_idx=11 ue_if=uesimtun11 ue_ip=10.45.2.22 port=5212 rc=0 replacements_for_slot=0 server_busy_retries_for_slot=0
[2026-08-22T02:32:12+02:00] UE_SLOT_DONE timestamp=2026-08-22T00:32:12+00:00 active_ues=19 slot=12 attempt=1 ue_idx=12 ue_if=uesimtun12 ue_ip=10.45.2.5 port=5213 rc=0 replacements_for_slot=0 server_busy_retries_for_slot=0
[2026-08-22T02:32:12+02:00] UE_SLOT_DONE timestamp=2026-08-22T00:32:12+00:00 active_ues=19 slot=13 attempt=1 ue_idx=13 ue_if=uesimtun13 ue_ip=10.45.2.0 port=5214 rc=0 replacements_for_slot=0 server_busy_retries_for_slot=0
[2026-08-22T02:32:12+02:00] UE_SLOT_DONE timestamp=2026-08-22T00:32:12+00:00 active_ues=19 slot=14 attempt=1 ue_idx=14 ue_if=uesimtun14 ue_ip=10.45.2.8 port=5215 rc=0 replacements_for_slot=0 server_busy_retries_for_slot=0
[2026-08-22T02:32:13+02:00] UPF_CONTROL_SAMPLE timestamp=2026-08-22T02:32:12+02:00 scenario=ue_19 pod=open5gs-upf-5b9db6d44-nsbqz uid=7b5b8ef7-a2a2-4fe9-a3e1-74acd17bd88f restarts=6 usage_cpu=305m usage_mem=39Mi request_cpu=296m request_mem=250Mi limit_cpu=none limit_mem=none vpa_target_cpu=323m vpa_target_mem=250Mi vpa_uncapped_cpu=323m vpa_uncapped_mem=250Mi vpa_lower_cpu=151m vpa_lower_mem=250Mi vpa_upper_cpu=1500m vpa_upper_mem=512Mi
[2026-08-22T02:32:13+02:00] UE_SLOT_DONE timestamp=2026-08-22T00:32:13+00:00 active_ues=19 slot=15 attempt=1 ue_idx=15 ue_if=uesimtun15 ue_ip=10.45.2.6 port=5216 rc=0 replacements_for_slot=0 server_busy_retries_for_slot=0
[2026-08-22T02:32:13+02:00] UE_SLOT_DONE timestamp=2026-08-22T00:32:13+00:00 active_ues=19 slot=16 attempt=1 ue_idx=16 ue_if=uesimtun16 ue_ip=10.45.2.7 port=5217 rc=0 replacements_for_slot=0 server_busy_retries_for_slot=0
[2026-08-22T02:32:13+02:00] UE_SLOT_DONE timestamp=2026-08-22T00:32:13+00:00 active_ues=19 slot=17 attempt=1 ue_idx=17 ue_if=uesimtun17 ue_ip=10.45.2.3 port=5218 rc=0 replacements_for_slot=0 server_busy_retries_for_slot=0
[2026-08-22T02:32:13+02:00] UE_SLOT_DONE timestamp=2026-08-22T00:32:13+00:00 active_ues=19 slot=18 attempt=1 ue_idx=18 ue_if=uesimtun18 ue_ip=10.45.2.13 port=5219 rc=0 replacements_for_slot=0 server_busy_retries_for_slot=0
[2026-08-22T02:32:15+02:00] TRAFFIC_SUMMARY timestamp=2026-08-22T00:32:15+00:00 registered_tunnels=50 active_ues=19 target_slots=19 completed_slots=19 final_failed_slots=0 replacements=0 problematic_ues=0 zombie_ues=0 connect_timeouts=0 stalls=0 deferred_stalls=0 process_failures=0 server_busy_retries=0 server_busy_failures=0 late_timeouts_accepted=0 scenario_bad_ues=0 global_suspect_ues=0 used_ues=19 target_host=192.168.1.211 initial_ports=5201-5219 replacement_ports=5251-5265 bitrate=1M start_delay=0.05 detection=no_rx_counter replacement_min_duration_s=5 adaptive_extension_max_s=1 iperf_exit_grace_s=3 server_busy_retries_limit=1 server_busy_retry_delay_s=2 late_replacement_after_end=disabled wait_for_iperf_exit=until_timeout global_suspect_policy=soft_reuse ramp_supervision=after_initial_start
[2026-08-22T02:32:15+02:00] UE_POOL_SCENARIO_BAD_CURRENT timestamp=2026-08-22T00:32:15+00:00 active_ues=19 indexes=
[2026-08-22T02:32:15+02:00] UE_POOL_GLOBAL_SUSPECT_CURRENT timestamp=2026-08-22T00:32:15+00:00 active_ues=19 indexes=
[2026-08-22T02:32:15+02:00] REMOTE_IPERF_PER_UE_END timestamp=2026-08-22T00:32:15+00:00 active_ues=19 tag=ue_19 final_rc=0 completed_slots=19 replacements=0 problematic_ues=0 server_busy_retries=0 deferred_stalls=0 late_timeouts_accepted=0
[2026-08-22T02:32:15+02:00] SCENARIO TRAFFIC COMMAND END timestamp=2026-08-22T02:32:15+02:00 active_ue=19 rc=0
[2026-08-22T02:32:15+02:00] UPF_CONTROL_SAMPLE timestamp=2026-08-22T02:32:14+02:00 scenario=ue_19 pod=open5gs-upf-5b9db6d44-nsbqz uid=7b5b8ef7-a2a2-4fe9-a3e1-74acd17bd88f restarts=6 usage_cpu=305m usage_mem=39Mi request_cpu=296m request_mem=250Mi limit_cpu=none limit_mem=none vpa_target_cpu=323m vpa_target_mem=250Mi vpa_uncapped_cpu=323m vpa_uncapped_mem=250Mi vpa_lower_cpu=151m vpa_lower_mem=250Mi vpa_upper_cpu=1500m vpa_upper_mem=512Mi
[2026-08-22T02:32:15+02:00] SCENARIO UPF AFTER timestamp=2026-08-22T02:32:15+02:00 active_ue=19 pod=open5gs-upf-5b9db6d44-nsbqz uid=7b5b8ef7-a2a2-4fe9-a3e1-74acd17bd88f restarts=6
[2026-08-22T02:32:15+02:00] SCENARIO END timestamp=2026-08-22T02:32:15+02:00 active_ue=19 rc=0
[2026-08-22T02:32:15+02:00] ================================================================
[2026-08-22T02:32:15+02:00] SCENARIO START timestamp=2026-08-22T02:32:15+02:00 active_ue=21 registered_ue_pool=50 target_host=192.168.1.211 ports=5201-5221 replacement_ports=5251-5265 bitrate_per_ue=1M start_delay=0.05 replacement_min_duration=5 adaptive_extension_max=1
[2026-08-22T02:32:15+02:00] ================================================================
[2026-08-22T02:32:16+02:00] SCENARIO TUNNEL CHECK timestamp=2026-08-22T02:32:16+02:00 active_ue=21 current_tunnels=50 required=50
[2026-08-22T02:32:16+02:00] SCENARIO UPF BEFORE timestamp=2026-08-22T02:32:16+02:00 active_ue=21 pod=open5gs-upf-5b9db6d44-nsbqz uid=7b5b8ef7-a2a2-4fe9-a3e1-74acd17bd88f restarts=6
[2026-08-22T02:32:17+02:00] REMOTE_IPERF_PER_UE_START timestamp=2026-08-22T00:32:17+00:00 active_ues=21 tag=ue_21 iperf_host=192.168.1.211 base_port=5201 replacement_base_port=5251 duration=80 bitrate=1M start_delay=0.05 detection=no_rx_counter connect_timeout_s=4 stall_seconds=5 replacement_limit=15 replacement_min_duration_s=5 adaptive_extension_max_s=1 iperf_exit_grace_s=3 server_busy_port_rebinds=1 late_replacement_after_end=disabled wait_for_iperf_exit=until_timeout global_suspect_policy=soft_reuse ramp_supervision=after_initial_start
[2026-08-22T02:32:17+02:00] UE_POOL_STATUS timestamp=2026-08-22T00:32:17+00:00 active_ues=21 registered_tunnels=50 existing_global_suspect_ues=0 used_ues=0 policy=soft_reuse_global_suspects
[2026-08-22T02:32:17+02:00] UE_SLOT_ASSIGN timestamp=2026-08-22T00:32:17+00:00 active_ues=21 slot=0 ue_idx=0 ue_if=uesimtun0 ue_ip=10.45.1.246 candidate_reused_global_suspect=0
[2026-08-22T02:32:17+02:00] UE_SLOT_START timestamp=2026-08-22T00:32:17+00:00 active_ues=21 slot=0 attempt=1 ue_idx=0 ue_if=uesimtun0 ue_ip=10.45.1.246 target=192.168.1.211:5201 bitrate=1M duration_s=80 planned_end_epoch=1787358817 timeout_s=90 hard_timeout_epoch=1787358832 start_rx_bytes=924510
[2026-08-22T02:32:17+02:00] UE_SLOT_PID timestamp=2026-08-22T00:32:17+00:00 active_ues=21 slot=0 attempt=1 ue_idx=0 pid=26221
[2026-08-22T02:32:17+02:00] UPF_CONTROL_SAMPLE timestamp=2026-08-22T02:32:16+02:00 scenario=ue_21 pod=open5gs-upf-5b9db6d44-nsbqz uid=7b5b8ef7-a2a2-4fe9-a3e1-74acd17bd88f restarts=6 usage_cpu=305m usage_mem=39Mi request_cpu=296m request_mem=250Mi limit_cpu=none limit_mem=none vpa_target_cpu=323m vpa_target_mem=250Mi vpa_uncapped_cpu=323m vpa_uncapped_mem=250Mi vpa_lower_cpu=151m vpa_lower_mem=250Mi vpa_upper_cpu=1500m vpa_upper_mem=512Mi
[2026-08-22T02:32:17+02:00] UE_SLOT_ASSIGN timestamp=2026-08-22T00:32:17+00:00 active_ues=21 slot=1 ue_idx=1 ue_if=uesimtun1 ue_ip=10.45.1.247 candidate_reused_global_suspect=0
[2026-08-22T02:32:17+02:00] UE_SLOT_START timestamp=2026-08-22T00:32:17+00:00 active_ues=21 slot=1 attempt=1 ue_idx=1 ue_if=uesimtun1 ue_ip=10.45.1.247 target=192.168.1.211:5202 bitrate=1M duration_s=80 planned_end_epoch=1787358817 timeout_s=90 hard_timeout_epoch=1787358832 start_rx_bytes=835655
[2026-08-22T02:32:17+02:00] UE_SLOT_PID timestamp=2026-08-22T00:32:17+00:00 active_ues=21 slot=1 attempt=1 ue_idx=1 pid=26246
[2026-08-22T02:32:18+02:00] UE_SLOT_ASSIGN timestamp=2026-08-22T00:32:18+00:00 active_ues=21 slot=2 ue_idx=2 ue_if=uesimtun2 ue_ip=10.45.1.248 candidate_reused_global_suspect=0
[2026-08-22T02:32:18+02:00] UE_SLOT_START timestamp=2026-08-22T00:32:18+00:00 active_ues=21 slot=2 attempt=1 ue_idx=2 ue_if=uesimtun2 ue_ip=10.45.1.248 target=192.168.1.211:5203 bitrate=1M duration_s=80 planned_end_epoch=1787358818 timeout_s=90 hard_timeout_epoch=1787358833 start_rx_bytes=832954
[2026-08-22T02:32:18+02:00] UE_SLOT_PID timestamp=2026-08-22T00:32:18+00:00 active_ues=21 slot=2 attempt=1 ue_idx=2 pid=26271
[2026-08-22T02:32:18+02:00] UE_SLOT_ASSIGN timestamp=2026-08-22T00:32:18+00:00 active_ues=21 slot=3 ue_idx=3 ue_if=uesimtun3 ue_ip=10.45.1.249 candidate_reused_global_suspect=0
[2026-08-22T02:32:18+02:00] UE_SLOT_START timestamp=2026-08-22T00:32:18+00:00 active_ues=21 slot=3 attempt=1 ue_idx=3 ue_if=uesimtun3 ue_ip=10.45.1.249 target=192.168.1.211:5204 bitrate=1M duration_s=80 planned_end_epoch=1787358818 timeout_s=90 hard_timeout_epoch=1787358833 start_rx_bytes=736345
[2026-08-22T02:32:18+02:00] UE_SLOT_PID timestamp=2026-08-22T00:32:18+00:00 active_ues=21 slot=3 attempt=1 ue_idx=3 pid=26296
[2026-08-22T02:32:18+02:00] UE_SLOT_ASSIGN timestamp=2026-08-22T00:32:18+00:00 active_ues=21 slot=4 ue_idx=4 ue_if=uesimtun4 ue_ip=10.45.1.250 candidate_reused_global_suspect=0
[2026-08-22T02:32:18+02:00] UE_SLOT_START timestamp=2026-08-22T00:32:18+00:00 active_ues=21 slot=4 attempt=1 ue_idx=4 ue_if=uesimtun4 ue_ip=10.45.1.250 target=192.168.1.211:5205 bitrate=1M duration_s=80 planned_end_epoch=1787358818 timeout_s=90 hard_timeout_epoch=1787358833 start_rx_bytes=739762
[2026-08-22T02:32:18+02:00] UE_SLOT_PID timestamp=2026-08-22T00:32:18+00:00 active_ues=21 slot=4 attempt=1 ue_idx=4 pid=26321
[2026-08-22T02:32:18+02:00] UE_SLOT_ASSIGN timestamp=2026-08-22T00:32:18+00:00 active_ues=21 slot=5 ue_idx=5 ue_if=uesimtun5 ue_ip=10.45.1.251 candidate_reused_global_suspect=0
[2026-08-22T02:32:18+02:00] UE_SLOT_START timestamp=2026-08-22T00:32:18+00:00 active_ues=21 slot=5 attempt=1 ue_idx=5 ue_if=uesimtun5 ue_ip=10.45.1.251 target=192.168.1.211:5206 bitrate=1M duration_s=80 planned_end_epoch=1787358818 timeout_s=90 hard_timeout_epoch=1787358833 start_rx_bytes=640464
[2026-08-22T02:32:18+02:00] UE_SLOT_PID timestamp=2026-08-22T00:32:18+00:00 active_ues=21 slot=5 attempt=1 ue_idx=5 pid=26346
[2026-08-22T02:32:19+02:00] UE_SLOT_ASSIGN timestamp=2026-08-22T00:32:19+00:00 active_ues=21 slot=6 ue_idx=6 ue_if=uesimtun6 ue_ip=10.45.1.252 candidate_reused_global_suspect=0
[2026-08-22T02:32:19+02:00] UE_SLOT_START timestamp=2026-08-22T00:32:19+00:00 active_ues=21 slot=6 attempt=1 ue_idx=6 ue_if=uesimtun6 ue_ip=10.45.1.252 target=192.168.1.211:5207 bitrate=1M duration_s=80 planned_end_epoch=1787358818 timeout_s=90 hard_timeout_epoch=1787358834 start_rx_bytes=647866
[2026-08-22T02:32:19+02:00] UE_SLOT_PID timestamp=2026-08-22T00:32:19+00:00 active_ues=21 slot=6 attempt=1 ue_idx=6 pid=26371
[2026-08-22T02:32:19+02:00] UE_SLOT_ASSIGN timestamp=2026-08-22T00:32:19+00:00 active_ues=21 slot=7 ue_idx=7 ue_if=uesimtun7 ue_ip=10.45.1.253 candidate_reused_global_suspect=0
[2026-08-22T02:32:19+02:00] UE_SLOT_START timestamp=2026-08-22T00:32:19+00:00 active_ues=21 slot=7 attempt=1 ue_idx=7 ue_if=uesimtun7 ue_ip=10.45.1.253 target=192.168.1.211:5208 bitrate=1M duration_s=80 planned_end_epoch=1787358819 timeout_s=90 hard_timeout_epoch=1787358834 start_rx_bytes=553780
[2026-08-22T02:32:19+02:00] UE_SLOT_PID timestamp=2026-08-22T00:32:19+00:00 active_ues=21 slot=7 attempt=1 ue_idx=7 pid=26396
[2026-08-22T02:32:19+02:00] UE_SLOT_ASSIGN timestamp=2026-08-22T00:32:19+00:00 active_ues=21 slot=8 ue_idx=8 ue_if=uesimtun8 ue_ip=10.45.1.254 candidate_reused_global_suspect=0
[2026-08-22T02:32:19+02:00] UE_SLOT_START timestamp=2026-08-22T00:32:19+00:00 active_ues=21 slot=8 attempt=1 ue_idx=8 ue_if=uesimtun8 ue_ip=10.45.1.254 target=192.168.1.211:5209 bitrate=1M duration_s=80 planned_end_epoch=1787358819 timeout_s=90 hard_timeout_epoch=1787358834 start_rx_bytes=558815
[2026-08-22T02:32:19+02:00] UE_SLOT_PID timestamp=2026-08-22T00:32:19+00:00 active_ues=21 slot=8 attempt=1 ue_idx=8 pid=26421
[2026-08-22T02:32:19+02:00] UE_SLOT_ASSIGN timestamp=2026-08-22T00:32:19+00:00 active_ues=21 slot=9 ue_idx=9 ue_if=uesimtun9 ue_ip=10.45.1.255 candidate_reused_global_suspect=0
[2026-08-22T02:32:19+02:00] UE_SLOT_START timestamp=2026-08-22T00:32:19+00:00 active_ues=21 slot=9 attempt=1 ue_idx=9 ue_if=uesimtun9 ue_ip=10.45.1.255 target=192.168.1.211:5210 bitrate=1M duration_s=80 planned_end_epoch=1787358819 timeout_s=90 hard_timeout_epoch=1787358834 start_rx_bytes=482529
[2026-08-22T02:32:19+02:00] UE_SLOT_PID timestamp=2026-08-22T00:32:19+00:00 active_ues=21 slot=9 attempt=1 ue_idx=9 pid=26446
[2026-08-22T02:32:19+02:00] UE_SLOT_ASSIGN timestamp=2026-08-22T00:32:19+00:00 active_ues=21 slot=10 ue_idx=10 ue_if=uesimtun10 ue_ip=10.45.2.2 candidate_reused_global_suspect=0
[2026-08-22T02:32:19+02:00] UE_SLOT_START timestamp=2026-08-22T00:32:19+00:00 active_ues=21 slot=10 attempt=1 ue_idx=10 ue_if=uesimtun10 ue_ip=10.45.2.2 target=192.168.1.211:5211 bitrate=1M duration_s=80 planned_end_epoch=1787358819 timeout_s=90 hard_timeout_epoch=1787358834 start_rx_bytes=461626
[2026-08-22T02:32:20+02:00] UE_SLOT_PID timestamp=2026-08-22T00:32:19+00:00 active_ues=21 slot=10 attempt=1 ue_idx=10 pid=26471
[2026-08-22T02:32:20+02:00] UPF_CONTROL_SAMPLE timestamp=2026-08-22T02:32:18+02:00 scenario=ue_21 pod=open5gs-upf-5b9db6d44-nsbqz uid=7b5b8ef7-a2a2-4fe9-a3e1-74acd17bd88f restarts=6 usage_cpu=305m usage_mem=39Mi request_cpu=296m request_mem=250Mi limit_cpu=none limit_mem=none vpa_target_cpu=323m vpa_target_mem=250Mi vpa_uncapped_cpu=323m vpa_uncapped_mem=250Mi vpa_lower_cpu=151m vpa_lower_mem=250Mi vpa_upper_cpu=1500m vpa_upper_mem=512Mi
[2026-08-22T02:32:20+02:00] UE_SLOT_ASSIGN timestamp=2026-08-22T00:32:20+00:00 active_ues=21 slot=11 ue_idx=11 ue_if=uesimtun11 ue_ip=10.45.2.22 candidate_reused_global_suspect=0
[2026-08-22T02:32:20+02:00] UE_SLOT_START timestamp=2026-08-22T00:32:20+00:00 active_ues=21 slot=11 attempt=1 ue_idx=11 ue_if=uesimtun11 ue_ip=10.45.2.22 target=192.168.1.211:5212 bitrate=1M duration_s=80 planned_end_epoch=1787358820 timeout_s=90 hard_timeout_epoch=1787358835 start_rx_bytes=367448
[2026-08-22T02:32:20+02:00] UE_SLOT_PID timestamp=2026-08-22T00:32:20+00:00 active_ues=21 slot=11 attempt=1 ue_idx=11 pid=26496
[2026-08-22T02:32:20+02:00] UE_SLOT_ASSIGN timestamp=2026-08-22T00:32:20+00:00 active_ues=21 slot=12 ue_idx=12 ue_if=uesimtun12 ue_ip=10.45.2.5 candidate_reused_global_suspect=0
[2026-08-22T02:32:20+02:00] UE_SLOT_START timestamp=2026-08-22T00:32:20+00:00 active_ues=21 slot=12 attempt=1 ue_idx=12 ue_if=uesimtun12 ue_ip=10.45.2.5 target=192.168.1.211:5213 bitrate=1M duration_s=80 planned_end_epoch=1787358820 timeout_s=90 hard_timeout_epoch=1787358835 start_rx_bytes=368927
[2026-08-22T02:32:20+02:00] UE_SLOT_PID timestamp=2026-08-22T00:32:20+00:00 active_ues=21 slot=12 attempt=1 ue_idx=12 pid=26521
[2026-08-22T02:32:20+02:00] UE_SLOT_ASSIGN timestamp=2026-08-22T00:32:20+00:00 active_ues=21 slot=13 ue_idx=13 ue_if=uesimtun13 ue_ip=10.45.2.0 candidate_reused_global_suspect=0
[2026-08-22T02:32:20+02:00] UE_SLOT_START timestamp=2026-08-22T00:32:20+00:00 active_ues=21 slot=13 attempt=1 ue_idx=13 ue_if=uesimtun13 ue_ip=10.45.2.0 target=192.168.1.211:5214 bitrate=1M duration_s=80 planned_end_epoch=1787358820 timeout_s=90 hard_timeout_epoch=1787358835 start_rx_bytes=277566
[2026-08-22T02:32:20+02:00] UE_SLOT_PID timestamp=2026-08-22T00:32:20+00:00 active_ues=21 slot=13 attempt=1 ue_idx=13 pid=26546
[2026-08-22T02:32:20+02:00] UE_SLOT_ASSIGN timestamp=2026-08-22T00:32:20+00:00 active_ues=21 slot=14 ue_idx=14 ue_if=uesimtun14 ue_ip=10.45.2.8 candidate_reused_global_suspect=0
[2026-08-22T02:32:20+02:00] UE_SLOT_START timestamp=2026-08-22T00:32:20+00:00 active_ues=21 slot=14 attempt=1 ue_idx=14 ue_if=uesimtun14 ue_ip=10.45.2.8 target=192.168.1.211:5215 bitrate=1M duration_s=80 planned_end_epoch=1787358820 timeout_s=90 hard_timeout_epoch=1787358835 start_rx_bytes=287079
[2026-08-22T02:32:20+02:00] UE_SLOT_PID timestamp=2026-08-22T00:32:20+00:00 active_ues=21 slot=14 attempt=1 ue_idx=14 pid=26571
[2026-08-22T02:32:21+02:00] UE_SLOT_ASSIGN timestamp=2026-08-22T00:32:21+00:00 active_ues=21 slot=15 ue_idx=15 ue_if=uesimtun15 ue_ip=10.45.2.6 candidate_reused_global_suspect=0
[2026-08-22T02:32:21+02:00] UE_SLOT_START timestamp=2026-08-22T00:32:21+00:00 active_ues=21 slot=15 attempt=1 ue_idx=15 ue_if=uesimtun15 ue_ip=10.45.2.6 target=192.168.1.211:5216 bitrate=1M duration_s=80 planned_end_epoch=1787358821 timeout_s=90 hard_timeout_epoch=1787358836 start_rx_bytes=193843
[2026-08-22T02:32:21+02:00] UE_SLOT_PID timestamp=2026-08-22T00:32:21+00:00 active_ues=21 slot=15 attempt=1 ue_idx=15 pid=26596
[2026-08-22T02:32:21+02:00] UE_SLOT_ASSIGN timestamp=2026-08-22T00:32:21+00:00 active_ues=21 slot=16 ue_idx=16 ue_if=uesimtun16 ue_ip=10.45.2.7 candidate_reused_global_suspect=0
[2026-08-22T02:32:21+02:00] UE_SLOT_START timestamp=2026-08-22T00:32:21+00:00 active_ues=21 slot=16 attempt=1 ue_idx=16 ue_if=uesimtun16 ue_ip=10.45.2.7 target=192.168.1.211:5217 bitrate=1M duration_s=80 planned_end_epoch=1787358821 timeout_s=90 hard_timeout_epoch=1787358836 start_rx_bytes=181479
[2026-08-22T02:32:21+02:00] UE_SLOT_PID timestamp=2026-08-22T00:32:21+00:00 active_ues=21 slot=16 attempt=1 ue_idx=16 pid=26621
[2026-08-22T02:32:21+02:00] UE_SLOT_ASSIGN timestamp=2026-08-22T00:32:21+00:00 active_ues=21 slot=17 ue_idx=17 ue_if=uesimtun17 ue_ip=10.45.2.3 candidate_reused_global_suspect=0
[2026-08-22T02:32:21+02:00] UE_SLOT_START timestamp=2026-08-22T00:32:21+00:00 active_ues=21 slot=17 attempt=1 ue_idx=17 ue_if=uesimtun17 ue_ip=10.45.2.3 target=192.168.1.211:5218 bitrate=1M duration_s=80 planned_end_epoch=1787358821 timeout_s=90 hard_timeout_epoch=1787358836 start_rx_bytes=92188
[2026-08-22T02:32:21+02:00] UE_SLOT_PID timestamp=2026-08-22T00:32:21+00:00 active_ues=21 slot=17 attempt=1 ue_idx=17 pid=26646
[2026-08-22T02:32:21+02:00] UE_SLOT_ASSIGN timestamp=2026-08-22T00:32:21+00:00 active_ues=21 slot=18 ue_idx=18 ue_if=uesimtun18 ue_ip=10.45.2.13 candidate_reused_global_suspect=0
[2026-08-22T02:32:21+02:00] UE_SLOT_START timestamp=2026-08-22T00:32:21+00:00 active_ues=21 slot=18 attempt=1 ue_idx=18 ue_if=uesimtun18 ue_ip=10.45.2.13 target=192.168.1.211:5219 bitrate=1M duration_s=80 planned_end_epoch=1787358821 timeout_s=90 hard_timeout_epoch=1787358836 start_rx_bytes=98020
[2026-08-22T02:32:21+02:00] UE_SLOT_PID timestamp=2026-08-22T00:32:21+00:00 active_ues=21 slot=18 attempt=1 ue_idx=18 pid=26671
[2026-08-22T02:32:21+02:00] UE_SLOT_ASSIGN timestamp=2026-08-22T00:32:21+00:00 active_ues=21 slot=19 ue_idx=19 ue_if=uesimtun19 ue_ip=10.45.2.12 candidate_reused_global_suspect=0
[2026-08-22T02:32:22+02:00] UE_SLOT_START timestamp=2026-08-22T00:32:22+00:00 active_ues=21 slot=19 attempt=1 ue_idx=19 ue_if=uesimtun19 ue_ip=10.45.2.12 target=192.168.1.211:5220 bitrate=1M duration_s=80 planned_end_epoch=1787358821 timeout_s=90 hard_timeout_epoch=1787358836 start_rx_bytes=0
[2026-08-22T02:32:22+02:00] UE_SLOT_PID timestamp=2026-08-22T00:32:22+00:00 active_ues=21 slot=19 attempt=1 ue_idx=19 pid=26696
[2026-08-22T02:32:22+02:00] UE_SLOT_ASSIGN timestamp=2026-08-22T00:32:22+00:00 active_ues=21 slot=20 ue_idx=20 ue_if=uesimtun20 ue_ip=10.45.2.15 candidate_reused_global_suspect=0
[2026-08-22T02:32:22+02:00] UE_SLOT_START timestamp=2026-08-22T00:32:22+00:00 active_ues=21 slot=20 attempt=1 ue_idx=20 ue_if=uesimtun20 ue_ip=10.45.2.15 target=192.168.1.211:5221 bitrate=1M duration_s=80 planned_end_epoch=1787358822 timeout_s=90 hard_timeout_epoch=1787358837 start_rx_bytes=0
[2026-08-22T02:32:22+02:00] UE_SLOT_PID timestamp=2026-08-22T00:32:22+00:00 active_ues=21 slot=20 attempt=1 ue_idx=20 pid=26721
[2026-08-22T02:32:22+02:00] IPERF_MAPPING_SUMMARY timestamp=2026-08-22T00:32:22+00:00 active_ues=21 registered_tunnels=50 initial_ports=5201-5221 replacement_ports=5251-5265 bitrate=1M start_delay=0.05 detection=no_rx_counter replacement_min_duration_s=5 adaptive_extension_max_s=1 iperf_exit_grace_s=3 server_busy_port_rebinds=1 late_replacement_after_end=disabled wait_for_iperf_exit=until_timeout global_suspect_policy=soft_reuse ramp_supervision=after_initial_start
[2026-08-22T02:32:22+02:00] UPF_CONTROL_SAMPLE timestamp=2026-08-22T02:32:21+02:00 scenario=ue_21 pod=open5gs-upf-5b9db6d44-nsbqz uid=7b5b8ef7-a2a2-4fe9-a3e1-74acd17bd88f restarts=6 usage_cpu=305m usage_mem=39Mi request_cpu=296m request_mem=250Mi limit_cpu=none limit_mem=none vpa_target_cpu=323m vpa_target_mem=250Mi vpa_uncapped_cpu=323m vpa_uncapped_mem=250Mi vpa_lower_cpu=151m vpa_lower_mem=250Mi vpa_upper_cpu=1500m vpa_upper_mem=512Mi
[2026-08-22T02:32:24+02:00] UPF_CONTROL_SAMPLE timestamp=2026-08-22T02:32:23+02:00 scenario=ue_21 pod=open5gs-upf-5b9db6d44-nsbqz uid=7b5b8ef7-a2a2-4fe9-a3e1-74acd17bd88f restarts=6 usage_cpu=305m usage_mem=39Mi request_cpu=296m request_mem=250Mi limit_cpu=none limit_mem=none vpa_target_cpu=323m vpa_target_mem=250Mi vpa_uncapped_cpu=323m vpa_uncapped_mem=250Mi vpa_lower_cpu=151m vpa_lower_mem=250Mi vpa_upper_cpu=1500m vpa_upper_mem=512Mi
[2026-08-22T02:32:26+02:00] UPF_CONTROL_SAMPLE timestamp=2026-08-22T02:32:25+02:00 scenario=ue_21 pod=open5gs-upf-5b9db6d44-nsbqz uid=7b5b8ef7-a2a2-4fe9-a3e1-74acd17bd88f restarts=6 usage_cpu=121m usage_mem=39Mi request_cpu=296m request_mem=250Mi limit_cpu=none limit_mem=none vpa_target_cpu=323m vpa_target_mem=250Mi vpa_uncapped_cpu=323m vpa_uncapped_mem=250Mi vpa_lower_cpu=151m vpa_lower_mem=250Mi vpa_upper_cpu=1500m vpa_upper_mem=512Mi
[2026-08-22T02:32:28+02:00] UPF_CONTROL_SAMPLE timestamp=2026-08-22T02:32:27+02:00 scenario=ue_21 pod=open5gs-upf-5b9db6d44-nsbqz uid=7b5b8ef7-a2a2-4fe9-a3e1-74acd17bd88f restarts=6 usage_cpu=121m usage_mem=39Mi request_cpu=296m request_mem=250Mi limit_cpu=none limit_mem=none vpa_target_cpu=323m vpa_target_mem=250Mi vpa_uncapped_cpu=323m vpa_uncapped_mem=250Mi vpa_lower_cpu=151m vpa_lower_mem=250Mi vpa_upper_cpu=1500m vpa_upper_mem=512Mi
[2026-08-22T02:32:30+02:00] UPF_CONTROL_SAMPLE timestamp=2026-08-22T02:32:29+02:00 scenario=ue_21 pod=open5gs-upf-5b9db6d44-nsbqz uid=7b5b8ef7-a2a2-4fe9-a3e1-74acd17bd88f restarts=6 usage_cpu=121m usage_mem=39Mi request_cpu=296m request_mem=250Mi limit_cpu=none limit_mem=none vpa_target_cpu=323m vpa_target_mem=250Mi vpa_uncapped_cpu=323m vpa_uncapped_mem=250Mi vpa_lower_cpu=151m vpa_lower_mem=250Mi vpa_upper_cpu=1500m vpa_upper_mem=512Mi
[2026-08-22T02:32:33+02:00] UPF_CONTROL_SAMPLE timestamp=2026-08-22T02:32:31+02:00 scenario=ue_21 pod=open5gs-upf-5b9db6d44-nsbqz uid=7b5b8ef7-a2a2-4fe9-a3e1-74acd17bd88f restarts=6 usage_cpu=121m usage_mem=39Mi request_cpu=296m request_mem=250Mi limit_cpu=none limit_mem=none vpa_target_cpu=323m vpa_target_mem=250Mi vpa_uncapped_cpu=323m vpa_uncapped_mem=250Mi vpa_lower_cpu=151m vpa_lower_mem=250Mi vpa_upper_cpu=1500m vpa_upper_mem=512Mi
[2026-08-22T02:32:35+02:00] UPF_CONTROL_SAMPLE timestamp=2026-08-22T02:32:34+02:00 scenario=ue_21 pod=open5gs-upf-5b9db6d44-nsbqz uid=7b5b8ef7-a2a2-4fe9-a3e1-74acd17bd88f restarts=6 usage_cpu=121m usage_mem=39Mi request_cpu=296m request_mem=250Mi limit_cpu=none limit_mem=none vpa_target_cpu=323m vpa_target_mem=250Mi vpa_uncapped_cpu=323m vpa_uncapped_mem=250Mi vpa_lower_cpu=151m vpa_lower_mem=250Mi vpa_upper_cpu=1500m vpa_upper_mem=512Mi
[2026-08-22T02:32:37+02:00] UPF_CONTROL_SAMPLE timestamp=2026-08-22T02:32:36+02:00 scenario=ue_21 pod=open5gs-upf-5b9db6d44-nsbqz uid=7b5b8ef7-a2a2-4fe9-a3e1-74acd17bd88f restarts=6 usage_cpu=121m usage_mem=39Mi request_cpu=296m request_mem=250Mi limit_cpu=none limit_mem=none vpa_target_cpu=323m vpa_target_mem=250Mi vpa_uncapped_cpu=323m vpa_uncapped_mem=250Mi vpa_lower_cpu=151m vpa_lower_mem=250Mi vpa_upper_cpu=1500m vpa_upper_mem=512Mi
[2026-08-22T02:32:39+02:00] UPF_CONTROL_SAMPLE timestamp=2026-08-22T02:32:38+02:00 scenario=ue_21 pod=open5gs-upf-5b9db6d44-nsbqz uid=7b5b8ef7-a2a2-4fe9-a3e1-74acd17bd88f restarts=6 usage_cpu=121m usage_mem=39Mi request_cpu=296m request_mem=250Mi limit_cpu=none limit_mem=none vpa_target_cpu=323m vpa_target_mem=250Mi vpa_uncapped_cpu=323m vpa_uncapped_mem=250Mi vpa_lower_cpu=151m vpa_lower_mem=250Mi vpa_upper_cpu=1500m vpa_upper_mem=512Mi
[2026-08-22T02:32:41+02:00] UPF_CONTROL_SAMPLE timestamp=2026-08-22T02:32:40+02:00 scenario=ue_21 pod=open5gs-upf-5b9db6d44-nsbqz uid=7b5b8ef7-a2a2-4fe9-a3e1-74acd17bd88f restarts=6 usage_cpu=303m usage_mem=39Mi request_cpu=296m request_mem=250Mi limit_cpu=none limit_mem=none vpa_target_cpu=323m vpa_target_mem=250Mi vpa_uncapped_cpu=323m vpa_uncapped_mem=250Mi vpa_lower_cpu=151m vpa_lower_mem=250Mi vpa_upper_cpu=1500m vpa_upper_mem=512Mi
[2026-08-22T02:32:44+02:00] UPF_CONTROL_SAMPLE timestamp=2026-08-22T02:32:42+02:00 scenario=ue_21 pod=open5gs-upf-5b9db6d44-nsbqz uid=7b5b8ef7-a2a2-4fe9-a3e1-74acd17bd88f restarts=6 usage_cpu=303m usage_mem=39Mi request_cpu=296m request_mem=250Mi limit_cpu=none limit_mem=none vpa_target_cpu=323m vpa_target_mem=250Mi vpa_uncapped_cpu=323m vpa_uncapped_mem=250Mi vpa_lower_cpu=151m vpa_lower_mem=250Mi vpa_upper_cpu=1500m vpa_upper_mem=512Mi
[2026-08-22T02:32:46+02:00] UPF_CONTROL_SAMPLE timestamp=2026-08-22T02:32:45+02:00 scenario=ue_21 pod=open5gs-upf-5b9db6d44-nsbqz uid=7b5b8ef7-a2a2-4fe9-a3e1-74acd17bd88f restarts=6 usage_cpu=303m usage_mem=39Mi request_cpu=296m request_mem=250Mi limit_cpu=none limit_mem=none vpa_target_cpu=323m vpa_target_mem=250Mi vpa_uncapped_cpu=323m vpa_uncapped_mem=250Mi vpa_lower_cpu=151m vpa_lower_mem=250Mi vpa_upper_cpu=1500m vpa_upper_mem=512Mi
[2026-08-22T02:32:48+02:00] VPA_RECOMMENDATION_CHANGE timestamp=2026-08-22T02:32:47+02:00 scenario=ue_21 old='vpa_target_cpu=323m vpa_target_mem=250Mi vpa_uncapped_cpu=323m vpa_uncapped_mem=250Mi vpa_lower_cpu=151m vpa_lower_mem=250Mi vpa_upper_cpu=1500m vpa_upper_mem=512Mi' new='vpa_target_cpu=350m vpa_target_mem=250Mi vpa_uncapped_cpu=350m vpa_uncapped_mem=250Mi vpa_lower_cpu=153m vpa_lower_mem=250Mi vpa_upper_cpu=1500m vpa_upper_mem=512Mi' previous_5s_sample='timestamp=2026-08-22T02:32:42+02:00 scenario=ue_21 pod=open5gs-upf-5b9db6d44-nsbqz uid=7b5b8ef7-a2a2-4fe9-a3e1-74acd17bd88f restarts=6 usage_cpu=303m usage_mem=39Mi request_cpu=296m request_mem=250Mi limit_cpu=none limit_mem=none vpa_target_cpu=323m vpa_target_mem=250Mi vpa_uncapped_cpu=323m vpa_uncapped_mem=250Mi vpa_lower_cpu=151m vpa_lower_mem=250Mi vpa_upper_cpu=1500m vpa_upper_mem=512Mi' current_sample='timestamp=2026-08-22T02:32:47+02:00 scenario=ue_21 pod=open5gs-upf-5b9db6d44-nsbqz uid=7b5b8ef7-a2a2-4fe9-a3e1-74acd17bd88f restarts=6 usage_cpu=303m usage_mem=39Mi request_cpu=296m request_mem=250Mi limit_cpu=none limit_mem=none vpa_target_cpu=350m vpa_target_mem=250Mi vpa_uncapped_cpu=350m vpa_uncapped_mem=250Mi vpa_lower_cpu=153m vpa_lower_mem=250Mi vpa_upper_cpu=1500m vpa_upper_mem=512Mi'
[2026-08-22T02:32:48+02:00] UPF_CONTROL_SAMPLE timestamp=2026-08-22T02:32:47+02:00 scenario=ue_21 pod=open5gs-upf-5b9db6d44-nsbqz uid=7b5b8ef7-a2a2-4fe9-a3e1-74acd17bd88f restarts=6 usage_cpu=303m usage_mem=39Mi request_cpu=296m request_mem=250Mi limit_cpu=none limit_mem=none vpa_target_cpu=350m vpa_target_mem=250Mi vpa_uncapped_cpu=350m vpa_uncapped_mem=250Mi vpa_lower_cpu=153m vpa_lower_mem=250Mi vpa_upper_cpu=1500m vpa_upper_mem=512Mi
[2026-08-22T02:32:50+02:00] UPF_CONTROL_SAMPLE timestamp=2026-08-22T02:32:49+02:00 scenario=ue_21 pod=open5gs-upf-5b9db6d44-nsbqz uid=7b5b8ef7-a2a2-4fe9-a3e1-74acd17bd88f restarts=6 usage_cpu=303m usage_mem=39Mi request_cpu=296m request_mem=250Mi limit_cpu=none limit_mem=none vpa_target_cpu=350m vpa_target_mem=250Mi vpa_uncapped_cpu=350m vpa_uncapped_mem=250Mi vpa_lower_cpu=153m vpa_lower_mem=250Mi vpa_upper_cpu=1500m vpa_upper_mem=512Mi
[2026-08-22T02:32:52+02:00] UPF_CONTROL_SAMPLE timestamp=2026-08-22T02:32:51+02:00 scenario=ue_21 pod=open5gs-upf-5b9db6d44-nsbqz uid=7b5b8ef7-a2a2-4fe9-a3e1-74acd17bd88f restarts=6 usage_cpu=303m usage_mem=39Mi request_cpu=296m request_mem=250Mi limit_cpu=none limit_mem=none vpa_target_cpu=350m vpa_target_mem=250Mi vpa_uncapped_cpu=350m vpa_uncapped_mem=250Mi vpa_lower_cpu=153m vpa_lower_mem=250Mi vpa_upper_cpu=1500m vpa_upper_mem=512Mi
[2026-08-22T02:32:55+02:00] UPF_CONTROL_SAMPLE timestamp=2026-08-22T02:32:53+02:00 scenario=ue_21 pod=open5gs-upf-5b9db6d44-nsbqz uid=7b5b8ef7-a2a2-4fe9-a3e1-74acd17bd88f restarts=6 usage_cpu=303m usage_mem=39Mi request_cpu=296m request_mem=250Mi limit_cpu=none limit_mem=none vpa_target_cpu=350m vpa_target_mem=250Mi vpa_uncapped_cpu=350m vpa_uncapped_mem=250Mi vpa_lower_cpu=153m vpa_lower_mem=250Mi vpa_upper_cpu=1500m vpa_upper_mem=512Mi
[2026-08-22T02:32:57+02:00] UPF_CONTROL_SAMPLE timestamp=2026-08-22T02:32:56+02:00 scenario=ue_21 pod=open5gs-upf-5b9db6d44-nsbqz uid=7b5b8ef7-a2a2-4fe9-a3e1-74acd17bd88f restarts=6 usage_cpu=331m usage_mem=39Mi request_cpu=296m request_mem=250Mi limit_cpu=none limit_mem=none vpa_target_cpu=350m vpa_target_mem=250Mi vpa_uncapped_cpu=350m vpa_uncapped_mem=250Mi vpa_lower_cpu=153m vpa_lower_mem=250Mi vpa_upper_cpu=1500m vpa_upper_mem=512Mi
[2026-08-22T02:32:59+02:00] UPF_CONTROL_SAMPLE timestamp=2026-08-22T02:32:58+02:00 scenario=ue_21 pod=open5gs-upf-5b9db6d44-nsbqz uid=7b5b8ef7-a2a2-4fe9-a3e1-74acd17bd88f restarts=6 usage_cpu=331m usage_mem=39Mi request_cpu=296m request_mem=250Mi limit_cpu=none limit_mem=none vpa_target_cpu=350m vpa_target_mem=250Mi vpa_uncapped_cpu=350m vpa_uncapped_mem=250Mi vpa_lower_cpu=153m vpa_lower_mem=250Mi vpa_upper_cpu=1500m vpa_upper_mem=512Mi
[2026-08-22T02:33:01+02:00] UPF_CONTROL_SAMPLE timestamp=2026-08-22T02:33:00+02:00 scenario=ue_21 pod=open5gs-upf-5b9db6d44-nsbqz uid=7b5b8ef7-a2a2-4fe9-a3e1-74acd17bd88f restarts=6 usage_cpu=331m usage_mem=39Mi request_cpu=296m request_mem=250Mi limit_cpu=none limit_mem=none vpa_target_cpu=350m vpa_target_mem=250Mi vpa_uncapped_cpu=350m vpa_uncapped_mem=250Mi vpa_lower_cpu=153m vpa_lower_mem=250Mi vpa_upper_cpu=1500m vpa_upper_mem=512Mi
[2026-08-22T02:33:05+02:00] UPF_CONTROL_SAMPLE timestamp=2026-08-22T02:33:03+02:00 scenario=ue_21 pod=open5gs-upf-5b9db6d44-nsbqz uid=7b5b8ef7-a2a2-4fe9-a3e1-74acd17bd88f restarts=6 usage_cpu=331m usage_mem=39Mi request_cpu=296m request_mem=250Mi limit_cpu=none limit_mem=none vpa_target_cpu=350m vpa_target_mem=250Mi vpa_uncapped_cpu=350m vpa_uncapped_mem=250Mi vpa_lower_cpu=153m vpa_lower_mem=250Mi vpa_upper_cpu=1500m vpa_upper_mem=512Mi
[2026-08-22T02:33:09+02:00] UPF_CONTROL_SAMPLE timestamp=2026-08-22T02:33:06+02:00 scenario=ue_21 pod=open5gs-upf-5b9db6d44-nsbqz uid=7b5b8ef7-a2a2-4fe9-a3e1-74acd17bd88f restarts=6 usage_cpu=331m usage_mem=39Mi request_cpu=296m request_mem=250Mi limit_cpu=none limit_mem=none vpa_target_cpu=350m vpa_target_mem=250Mi vpa_uncapped_cpu=350m vpa_uncapped_mem=250Mi vpa_lower_cpu=153m vpa_lower_mem=250Mi vpa_upper_cpu=1500m vpa_upper_mem=512Mi
[2026-08-22T02:33:13+02:00] UPF_CONTROL_SAMPLE timestamp=2026-08-22T02:33:10+02:00 scenario=ue_21 pod=open5gs-upf-5b9db6d44-nsbqz uid=7b5b8ef7-a2a2-4fe9-a3e1-74acd17bd88f restarts=6 usage_cpu=335m usage_mem=39Mi request_cpu=296m request_mem=250Mi limit_cpu=none limit_mem=none vpa_target_cpu=350m vpa_target_mem=250Mi vpa_uncapped_cpu=350m vpa_uncapped_mem=250Mi vpa_lower_cpu=153m vpa_lower_mem=250Mi vpa_upper_cpu=1500m vpa_upper_mem=512Mi
[2026-08-22T02:33:17+02:00] UPF_CONTROL_SAMPLE timestamp=2026-08-22T02:33:14+02:00 scenario=ue_21 pod=open5gs-upf-5b9db6d44-nsbqz uid=7b5b8ef7-a2a2-4fe9-a3e1-74acd17bd88f restarts=6 usage_cpu=335m usage_mem=39Mi request_cpu=296m request_mem=250Mi limit_cpu=none limit_mem=none vpa_target_cpu=350m vpa_target_mem=250Mi vpa_uncapped_cpu=350m vpa_uncapped_mem=250Mi vpa_lower_cpu=153m vpa_lower_mem=250Mi vpa_upper_cpu=1500m vpa_upper_mem=512Mi
[2026-08-22T02:33:22+02:00] UPF_CONTROL_SAMPLE timestamp=2026-08-22T02:33:18+02:00 scenario=ue_21 pod=open5gs-upf-5b9db6d44-nsbqz uid=7b5b8ef7-a2a2-4fe9-a3e1-74acd17bd88f restarts=6 usage_cpu=335m usage_mem=39Mi request_cpu=296m request_mem=250Mi limit_cpu=none limit_mem=none vpa_target_cpu=350m vpa_target_mem=250Mi vpa_uncapped_cpu=350m vpa_uncapped_mem=250Mi vpa_lower_cpu=153m vpa_lower_mem=250Mi vpa_upper_cpu=1500m vpa_upper_mem=512Mi
[2026-08-22T02:33:26+02:00] UPF_CONTROL_SAMPLE timestamp=2026-08-22T02:33:23+02:00 scenario=ue_21 pod=open5gs-upf-5b9db6d44-nsbqz uid=7b5b8ef7-a2a2-4fe9-a3e1-74acd17bd88f restarts=6 usage_cpu=341m usage_mem=39Mi request_cpu=296m request_mem=250Mi limit_cpu=none limit_mem=none vpa_target_cpu=350m vpa_target_mem=250Mi vpa_uncapped_cpu=350m vpa_uncapped_mem=250Mi vpa_lower_cpu=153m vpa_lower_mem=250Mi vpa_upper_cpu=1500m vpa_upper_mem=512Mi
[2026-08-22T02:33:31+02:00] UPF_REQUEST_CHANGE timestamp=2026-08-22T02:33:28+02:00 scenario=ue_21 pod=open5gs-upf-5b9db6d44-nsbqz uid=7b5b8ef7-a2a2-4fe9-a3e1-74acd17bd88f restarts=6 old='request_cpu=296m request_mem=250Mi limit_cpu=none limit_mem=none' new='request_cpu=350m request_mem=250Mi limit_cpu=none limit_mem=none' previous_5s_sample='timestamp=2026-08-22T02:33:23+02:00 scenario=ue_21 pod=open5gs-upf-5b9db6d44-nsbqz uid=7b5b8ef7-a2a2-4fe9-a3e1-74acd17bd88f restarts=6 usage_cpu=341m usage_mem=39Mi request_cpu=296m request_mem=250Mi limit_cpu=none limit_mem=none vpa_target_cpu=350m vpa_target_mem=250Mi vpa_uncapped_cpu=350m vpa_uncapped_mem=250Mi vpa_lower_cpu=153m vpa_lower_mem=250Mi vpa_upper_cpu=1500m vpa_upper_mem=512Mi' current_sample='timestamp=2026-08-22T02:33:28+02:00 scenario=ue_21 pod=open5gs-upf-5b9db6d44-nsbqz uid=7b5b8ef7-a2a2-4fe9-a3e1-74acd17bd88f restarts=6 usage_cpu=341m usage_mem=39Mi request_cpu=350m request_mem=250Mi limit_cpu=none limit_mem=none vpa_target_cpu=350m vpa_target_mem=250Mi vpa_uncapped_cpu=350m vpa_uncapped_mem=250Mi vpa_lower_cpu=153m vpa_lower_mem=250Mi vpa_upper_cpu=1500m vpa_upper_mem=512Mi'
[2026-08-22T02:33:31+02:00] UPF_CONTROL_SAMPLE timestamp=2026-08-22T02:33:28+02:00 scenario=ue_21 pod=open5gs-upf-5b9db6d44-nsbqz uid=7b5b8ef7-a2a2-4fe9-a3e1-74acd17bd88f restarts=6 usage_cpu=341m usage_mem=39Mi request_cpu=350m request_mem=250Mi limit_cpu=none limit_mem=none vpa_target_cpu=350m vpa_target_mem=250Mi vpa_uncapped_cpu=350m vpa_uncapped_mem=250Mi vpa_lower_cpu=153m vpa_lower_mem=250Mi vpa_upper_cpu=1500m vpa_upper_mem=512Mi
[2026-08-22T02:33:35+02:00] UPF_CONTROL_SAMPLE timestamp=2026-08-22T02:33:32+02:00 scenario=ue_21 pod=open5gs-upf-5b9db6d44-nsbqz uid=7b5b8ef7-a2a2-4fe9-a3e1-74acd17bd88f restarts=6 usage_cpu=341m usage_mem=39Mi request_cpu=350m request_mem=250Mi limit_cpu=none limit_mem=none vpa_target_cpu=350m vpa_target_mem=250Mi vpa_uncapped_cpu=350m vpa_uncapped_mem=250Mi vpa_lower_cpu=153m vpa_lower_mem=250Mi vpa_upper_cpu=1500m vpa_upper_mem=512Mi
[2026-08-22T02:33:39+02:00] UE_SLOT_DONE timestamp=2026-08-22T00:33:39+00:00 active_ues=21 slot=0 attempt=1 ue_idx=0 ue_if=uesimtun0 ue_ip=10.45.1.246 port=5201 rc=0 replacements_for_slot=0 server_busy_retries_for_slot=0
[2026-08-22T02:33:39+02:00] UE_SLOT_DONE timestamp=2026-08-22T00:33:39+00:00 active_ues=21 slot=1 attempt=1 ue_idx=1 ue_if=uesimtun1 ue_ip=10.45.1.247 port=5202 rc=0 replacements_for_slot=0 server_busy_retries_for_slot=0
[2026-08-22T02:33:39+02:00] UE_SLOT_DONE timestamp=2026-08-22T00:33:39+00:00 active_ues=21 slot=2 attempt=1 ue_idx=2 ue_if=uesimtun2 ue_ip=10.45.1.248 port=5203 rc=0 replacements_for_slot=0 server_busy_retries_for_slot=0
[2026-08-22T02:33:39+02:00] UE_SLOT_DONE timestamp=2026-08-22T00:33:39+00:00 active_ues=21 slot=3 attempt=1 ue_idx=3 ue_if=uesimtun3 ue_ip=10.45.1.249 port=5204 rc=0 replacements_for_slot=0 server_busy_retries_for_slot=0
[2026-08-22T02:33:39+02:00] UE_SLOT_DONE timestamp=2026-08-22T00:33:39+00:00 active_ues=21 slot=4 attempt=1 ue_idx=4 ue_if=uesimtun4 ue_ip=10.45.1.250 port=5205 rc=0 replacements_for_slot=0 server_busy_retries_for_slot=0
[2026-08-22T02:33:39+02:00] UE_SLOT_DONE timestamp=2026-08-22T00:33:39+00:00 active_ues=21 slot=5 attempt=1 ue_idx=5 ue_if=uesimtun5 ue_ip=10.45.1.251 port=5206 rc=0 replacements_for_slot=0 server_busy_retries_for_slot=0
[2026-08-22T02:33:39+02:00] UE_SLOT_DONE timestamp=2026-08-22T00:33:39+00:00 active_ues=21 slot=6 attempt=1 ue_idx=6 ue_if=uesimtun6 ue_ip=10.45.1.252 port=5207 rc=0 replacements_for_slot=0 server_busy_retries_for_slot=0
[2026-08-22T02:33:39+02:00] UE_SLOT_DONE timestamp=2026-08-22T00:33:39+00:00 active_ues=21 slot=7 attempt=1 ue_idx=7 ue_if=uesimtun7 ue_ip=10.45.1.253 port=5208 rc=0 replacements_for_slot=0 server_busy_retries_for_slot=0
[2026-08-22T02:33:39+02:00] UE_SLOT_DONE timestamp=2026-08-22T00:33:39+00:00 active_ues=21 slot=8 attempt=1 ue_idx=8 ue_if=uesimtun8 ue_ip=10.45.1.254 port=5209 rc=0 replacements_for_slot=0 server_busy_retries_for_slot=0
[2026-08-22T02:33:40+02:00] UPF_CONTROL_SAMPLE timestamp=2026-08-22T02:33:36+02:00 scenario=ue_21 pod=open5gs-upf-5b9db6d44-nsbqz uid=7b5b8ef7-a2a2-4fe9-a3e1-74acd17bd88f restarts=6 usage_cpu=341m usage_mem=39Mi request_cpu=350m request_mem=250Mi limit_cpu=none limit_mem=none vpa_target_cpu=350m vpa_target_mem=250Mi vpa_uncapped_cpu=350m vpa_uncapped_mem=250Mi vpa_lower_cpu=153m vpa_lower_mem=250Mi vpa_upper_cpu=1500m vpa_upper_mem=512Mi
[2026-08-22T02:33:41+02:00] UE_SLOT_DONE timestamp=2026-08-22T00:33:41+00:00 active_ues=21 slot=9 attempt=1 ue_idx=9 ue_if=uesimtun9 ue_ip=10.45.1.255 port=5210 rc=0 replacements_for_slot=0 server_busy_retries_for_slot=0
[2026-08-22T02:33:41+02:00] UE_SLOT_DONE timestamp=2026-08-22T00:33:41+00:00 active_ues=21 slot=10 attempt=1 ue_idx=10 ue_if=uesimtun10 ue_ip=10.45.2.2 port=5211 rc=0 replacements_for_slot=0 server_busy_retries_for_slot=0
[2026-08-22T02:33:41+02:00] UE_SLOT_DONE timestamp=2026-08-22T00:33:41+00:00 active_ues=21 slot=11 attempt=1 ue_idx=11 ue_if=uesimtun11 ue_ip=10.45.2.22 port=5212 rc=0 replacements_for_slot=0 server_busy_retries_for_slot=0
[2026-08-22T02:33:41+02:00] UE_SLOT_DONE timestamp=2026-08-22T00:33:41+00:00 active_ues=21 slot=12 attempt=1 ue_idx=12 ue_if=uesimtun12 ue_ip=10.45.2.5 port=5213 rc=0 replacements_for_slot=0 server_busy_retries_for_slot=0
[2026-08-22T02:33:41+02:00] UE_SLOT_DONE timestamp=2026-08-22T00:33:41+00:00 active_ues=21 slot=13 attempt=1 ue_idx=13 ue_if=uesimtun13 ue_ip=10.45.2.0 port=5214 rc=0 replacements_for_slot=0 server_busy_retries_for_slot=0
[2026-08-22T02:33:41+02:00] UE_SLOT_DONE timestamp=2026-08-22T00:33:41+00:00 active_ues=21 slot=14 attempt=1 ue_idx=14 ue_if=uesimtun14 ue_ip=10.45.2.8 port=5215 rc=0 replacements_for_slot=0 server_busy_retries_for_slot=0
[2026-08-22T02:33:41+02:00] UE_SLOT_DONE timestamp=2026-08-22T00:33:41+00:00 active_ues=21 slot=15 attempt=1 ue_idx=15 ue_if=uesimtun15 ue_ip=10.45.2.6 port=5216 rc=0 replacements_for_slot=0 server_busy_retries_for_slot=0
[2026-08-22T02:33:41+02:00] UE_SLOT_DONE timestamp=2026-08-22T00:33:41+00:00 active_ues=21 slot=16 attempt=1 ue_idx=16 ue_if=uesimtun16 ue_ip=10.45.2.7 port=5217 rc=0 replacements_for_slot=0 server_busy_retries_for_slot=0
[2026-08-22T02:33:42+02:00] UE_SLOT_DONE timestamp=2026-08-22T00:33:42+00:00 active_ues=21 slot=17 attempt=1 ue_idx=17 ue_if=uesimtun17 ue_ip=10.45.2.3 port=5218 rc=0 replacements_for_slot=0 server_busy_retries_for_slot=0
[2026-08-22T02:33:42+02:00] UE_SLOT_DONE timestamp=2026-08-22T00:33:42+00:00 active_ues=21 slot=18 attempt=1 ue_idx=18 ue_if=uesimtun18 ue_ip=10.45.2.13 port=5219 rc=0 replacements_for_slot=0 server_busy_retries_for_slot=0
[2026-08-22T02:33:42+02:00] UE_SLOT_DONE timestamp=2026-08-22T00:33:42+00:00 active_ues=21 slot=19 attempt=1 ue_idx=19 ue_if=uesimtun19 ue_ip=10.45.2.12 port=5220 rc=0 replacements_for_slot=0 server_busy_retries_for_slot=0
[2026-08-22T02:33:43+02:00] UE_SLOT_DONE timestamp=2026-08-22T00:33:42+00:00 active_ues=21 slot=20 attempt=1 ue_idx=20 ue_if=uesimtun20 ue_ip=10.45.2.15 port=5221 rc=0 replacements_for_slot=0 server_busy_retries_for_slot=0
[2026-08-22T02:33:44+02:00] TRAFFIC_SUMMARY timestamp=2026-08-22T00:33:44+00:00 registered_tunnels=50 active_ues=21 target_slots=21 completed_slots=21 final_failed_slots=0 replacements=0 problematic_ues=0 zombie_ues=0 connect_timeouts=0 stalls=0 deferred_stalls=0 process_failures=0 server_busy_retries=0 server_busy_failures=0 late_timeouts_accepted=0 scenario_bad_ues=0 global_suspect_ues=0 used_ues=21 target_host=192.168.1.211 initial_ports=5201-5221 replacement_ports=5251-5265 bitrate=1M start_delay=0.05 detection=no_rx_counter replacement_min_duration_s=5 adaptive_extension_max_s=1 iperf_exit_grace_s=3 server_busy_retries_limit=1 server_busy_retry_delay_s=2 late_replacement_after_end=disabled wait_for_iperf_exit=until_timeout global_suspect_policy=soft_reuse ramp_supervision=after_initial_start
[2026-08-22T02:33:44+02:00] UE_POOL_SCENARIO_BAD_CURRENT timestamp=2026-08-22T00:33:44+00:00 active_ues=21 indexes=
[2026-08-22T02:33:44+02:00] UE_POOL_GLOBAL_SUSPECT_CURRENT timestamp=2026-08-22T00:33:44+00:00 active_ues=21 indexes=
[2026-08-22T02:33:44+02:00] REMOTE_IPERF_PER_UE_END timestamp=2026-08-22T00:33:44+00:00 active_ues=21 tag=ue_21 final_rc=0 completed_slots=21 replacements=0 problematic_ues=0 server_busy_retries=0 deferred_stalls=0 late_timeouts_accepted=0
[2026-08-22T02:33:44+02:00] SCENARIO TRAFFIC COMMAND END timestamp=2026-08-22T02:33:44+02:00 active_ue=21 rc=0
[2026-08-22T02:33:44+02:00] UPF_CONTROL_SAMPLE timestamp=2026-08-22T02:33:41+02:00 scenario=ue_21 pod=open5gs-upf-5b9db6d44-nsbqz uid=7b5b8ef7-a2a2-4fe9-a3e1-74acd17bd88f restarts=6 usage_cpu=345m usage_mem=38Mi request_cpu=350m request_mem=250Mi limit_cpu=none limit_mem=none vpa_target_cpu=350m vpa_target_mem=250Mi vpa_uncapped_cpu=350m vpa_uncapped_mem=250Mi vpa_lower_cpu=153m vpa_lower_mem=250Mi vpa_upper_cpu=1500m vpa_upper_mem=512Mi
[2026-08-22T02:33:46+02:00] SCENARIO UPF AFTER timestamp=2026-08-22T02:33:46+02:00 active_ue=21 pod=open5gs-upf-5b9db6d44-nsbqz uid=7b5b8ef7-a2a2-4fe9-a3e1-74acd17bd88f restarts=6
[2026-08-22T02:33:46+02:00] SCENARIO END timestamp=2026-08-22T02:33:46+02:00 active_ue=21 rc=0
[2026-08-22T02:33:46+02:00] ================================================================
[2026-08-22T02:33:46+02:00] SCENARIO START timestamp=2026-08-22T02:33:46+02:00 active_ue=23 registered_ue_pool=50 target_host=192.168.1.211 ports=5201-5223 replacement_ports=5251-5265 bitrate_per_ue=1M start_delay=0.05 replacement_min_duration=5 adaptive_extension_max=1
[2026-08-22T02:33:46+02:00] ================================================================
[2026-08-22T02:33:47+02:00] SCENARIO TUNNEL CHECK timestamp=2026-08-22T02:33:46+02:00 active_ue=23 current_tunnels=50 required=50
[2026-08-22T02:33:48+02:00] SCENARIO UPF BEFORE timestamp=2026-08-22T02:33:48+02:00 active_ue=23 pod=open5gs-upf-5b9db6d44-nsbqz uid=7b5b8ef7-a2a2-4fe9-a3e1-74acd17bd88f restarts=6
[2026-08-22T02:33:49+02:00] VPA_RECOMMENDATION_CHANGE timestamp=2026-08-22T02:33:45+02:00 scenario=ue_21 old='vpa_target_cpu=350m vpa_target_mem=250Mi vpa_uncapped_cpu=350m vpa_uncapped_mem=250Mi vpa_lower_cpu=153m vpa_lower_mem=250Mi vpa_upper_cpu=1500m vpa_upper_mem=512Mi' new='vpa_target_cpu=350m vpa_target_mem=250Mi vpa_uncapped_cpu=350m vpa_uncapped_mem=250Mi vpa_lower_cpu=190m vpa_lower_mem=250Mi vpa_upper_cpu=1500m vpa_upper_mem=512Mi' previous_5s_sample='timestamp=2026-08-22T02:33:36+02:00 scenario=ue_21 pod=open5gs-upf-5b9db6d44-nsbqz uid=7b5b8ef7-a2a2-4fe9-a3e1-74acd17bd88f restarts=6 usage_cpu=341m usage_mem=39Mi request_cpu=350m request_mem=250Mi limit_cpu=none limit_mem=none vpa_target_cpu=350m vpa_target_mem=250Mi vpa_uncapped_cpu=350m vpa_uncapped_mem=250Mi vpa_lower_cpu=153m vpa_lower_mem=250Mi vpa_upper_cpu=1500m vpa_upper_mem=512Mi' current_sample='timestamp=2026-08-22T02:33:45+02:00 scenario=ue_21 pod=open5gs-upf-5b9db6d44-nsbqz uid=7b5b8ef7-a2a2-4fe9-a3e1-74acd17bd88f restarts=6 usage_cpu=345m usage_mem=38Mi request_cpu=350m request_mem=250Mi limit_cpu=none limit_mem=none vpa_target_cpu=350m vpa_target_mem=250Mi vpa_uncapped_cpu=350m vpa_uncapped_mem=250Mi vpa_lower_cpu=190m vpa_lower_mem=250Mi vpa_upper_cpu=1500m vpa_upper_mem=512Mi'
[2026-08-22T02:33:49+02:00] REMOTE_IPERF_PER_UE_START timestamp=2026-08-22T00:33:49+00:00 active_ues=23 tag=ue_23 iperf_host=192.168.1.211 base_port=5201 replacement_base_port=5251 duration=80 bitrate=1M start_delay=0.05 detection=no_rx_counter connect_timeout_s=4 stall_seconds=5 replacement_limit=15 replacement_min_duration_s=5 adaptive_extension_max_s=1 iperf_exit_grace_s=3 server_busy_port_rebinds=1 late_replacement_after_end=disabled wait_for_iperf_exit=until_timeout global_suspect_policy=soft_reuse ramp_supervision=after_initial_start
[2026-08-22T02:33:49+02:00] UPF_CONTROL_SAMPLE timestamp=2026-08-22T02:33:45+02:00 scenario=ue_21 pod=open5gs-upf-5b9db6d44-nsbqz uid=7b5b8ef7-a2a2-4fe9-a3e1-74acd17bd88f restarts=6 usage_cpu=345m usage_mem=38Mi request_cpu=350m request_mem=250Mi limit_cpu=none limit_mem=none vpa_target_cpu=350m vpa_target_mem=250Mi vpa_uncapped_cpu=350m vpa_uncapped_mem=250Mi vpa_lower_cpu=190m vpa_lower_mem=250Mi vpa_upper_cpu=1500m vpa_upper_mem=512Mi
[2026-08-22T02:33:49+02:00] UE_POOL_STATUS timestamp=2026-08-22T00:33:49+00:00 active_ues=23 registered_tunnels=50 existing_global_suspect_ues=0 used_ues=0 policy=soft_reuse_global_suspects
[2026-08-22T02:33:49+02:00] UE_SLOT_ASSIGN timestamp=2026-08-22T00:33:49+00:00 active_ues=23 slot=0 ue_idx=0 ue_if=uesimtun0 ue_ip=10.45.1.246 candidate_reused_global_suspect=0
[2026-08-22T02:33:49+02:00] UE_SLOT_START timestamp=2026-08-22T00:33:49+00:00 active_ues=23 slot=0 attempt=1 ue_idx=0 ue_if=uesimtun0 ue_ip=10.45.1.246 target=192.168.1.211:5201 bitrate=1M duration_s=80 planned_end_epoch=1787358909 timeout_s=90 hard_timeout_epoch=1787358924 start_rx_bytes=1016982
[2026-08-22T02:33:49+02:00] UE_SLOT_PID timestamp=2026-08-22T00:33:49+00:00 active_ues=23 slot=0 attempt=1 ue_idx=0 pid=30197
[2026-08-22T02:33:50+02:00] UE_SLOT_ASSIGN timestamp=2026-08-22T00:33:49+00:00 active_ues=23 slot=1 ue_idx=1 ue_if=uesimtun1 ue_ip=10.45.1.247 candidate_reused_global_suspect=0
[2026-08-22T02:33:50+02:00] UE_SLOT_START timestamp=2026-08-22T00:33:50+00:00 active_ues=23 slot=1 attempt=1 ue_idx=1 ue_if=uesimtun1 ue_ip=10.45.1.247 target=192.168.1.211:5202 bitrate=1M duration_s=80 planned_end_epoch=1787358909 timeout_s=90 hard_timeout_epoch=1787358924 start_rx_bytes=927147
[2026-08-22T02:33:50+02:00] UE_SLOT_PID timestamp=2026-08-22T00:33:50+00:00 active_ues=23 slot=1 attempt=1 ue_idx=1 pid=30222
[2026-08-22T02:33:50+02:00] UE_SLOT_ASSIGN timestamp=2026-08-22T00:33:50+00:00 active_ues=23 slot=2 ue_idx=2 ue_if=uesimtun2 ue_ip=10.45.1.248 candidate_reused_global_suspect=0
[2026-08-22T02:33:50+02:00] UE_SLOT_START timestamp=2026-08-22T00:33:50+00:00 active_ues=23 slot=2 attempt=1 ue_idx=2 ue_if=uesimtun2 ue_ip=10.45.1.248 target=192.168.1.211:5203 bitrate=1M duration_s=80 planned_end_epoch=1787358910 timeout_s=90 hard_timeout_epoch=1787358925 start_rx_bytes=928237
[2026-08-22T02:33:50+02:00] UE_SLOT_PID timestamp=2026-08-22T00:33:50+00:00 active_ues=23 slot=2 attempt=1 ue_idx=2 pid=30247
[2026-08-22T02:33:50+02:00] UE_SLOT_ASSIGN timestamp=2026-08-22T00:33:50+00:00 active_ues=23 slot=3 ue_idx=3 ue_if=uesimtun3 ue_ip=10.45.1.249 candidate_reused_global_suspect=0
[2026-08-22T02:33:50+02:00] UE_SLOT_START timestamp=2026-08-22T00:33:50+00:00 active_ues=23 slot=3 attempt=1 ue_idx=3 ue_if=uesimtun3 ue_ip=10.45.1.249 target=192.168.1.211:5204 bitrate=1M duration_s=80 planned_end_epoch=1787358910 timeout_s=90 hard_timeout_epoch=1787358925 start_rx_bytes=830078
[2026-08-22T02:33:50+02:00] UE_SLOT_PID timestamp=2026-08-22T00:33:50+00:00 active_ues=23 slot=3 attempt=1 ue_idx=3 pid=30272
[2026-08-22T02:33:50+02:00] UE_SLOT_ASSIGN timestamp=2026-08-22T00:33:50+00:00 active_ues=23 slot=4 ue_idx=4 ue_if=uesimtun4 ue_ip=10.45.1.250 candidate_reused_global_suspect=0
[2026-08-22T02:33:50+02:00] UE_SLOT_START timestamp=2026-08-22T00:33:50+00:00 active_ues=23 slot=4 attempt=1 ue_idx=4 ue_if=uesimtun4 ue_ip=10.45.1.250 target=192.168.1.211:5205 bitrate=1M duration_s=80 planned_end_epoch=1787358910 timeout_s=90 hard_timeout_epoch=1787358925 start_rx_bytes=831513
[2026-08-22T02:33:50+02:00] UE_SLOT_PID timestamp=2026-08-22T00:33:50+00:00 active_ues=23 slot=4 attempt=1 ue_idx=4 pid=30297
[2026-08-22T02:33:50+02:00] UE_SLOT_ASSIGN timestamp=2026-08-22T00:33:50+00:00 active_ues=23 slot=5 ue_idx=5 ue_if=uesimtun5 ue_ip=10.45.1.251 candidate_reused_global_suspect=0
[2026-08-22T02:33:50+02:00] UE_SLOT_START timestamp=2026-08-22T00:33:50+00:00 active_ues=23 slot=5 attempt=1 ue_idx=5 ue_if=uesimtun5 ue_ip=10.45.1.251 target=192.168.1.211:5206 bitrate=1M duration_s=80 planned_end_epoch=1787358910 timeout_s=90 hard_timeout_epoch=1787358925 start_rx_bytes=735219
[2026-08-22T02:33:50+02:00] UE_SLOT_PID timestamp=2026-08-22T00:33:50+00:00 active_ues=23 slot=5 attempt=1 ue_idx=5 pid=30322
[2026-08-22T02:33:51+02:00] UE_SLOT_ASSIGN timestamp=2026-08-22T00:33:51+00:00 active_ues=23 slot=6 ue_idx=6 ue_if=uesimtun6 ue_ip=10.45.1.252 candidate_reused_global_suspect=0
[2026-08-22T02:33:51+02:00] UE_SLOT_START timestamp=2026-08-22T00:33:51+00:00 active_ues=23 slot=6 attempt=1 ue_idx=6 ue_if=uesimtun6 ue_ip=10.45.1.252 target=192.168.1.211:5207 bitrate=1M duration_s=80 planned_end_epoch=1787358911 timeout_s=90 hard_timeout_epoch=1787358926 start_rx_bytes=743040
[2026-08-22T02:33:51+02:00] UE_SLOT_PID timestamp=2026-08-22T00:33:51+00:00 active_ues=23 slot=6 attempt=1 ue_idx=6 pid=30347
[2026-08-22T02:33:51+02:00] UE_SLOT_ASSIGN timestamp=2026-08-22T00:33:51+00:00 active_ues=23 slot=7 ue_idx=7 ue_if=uesimtun7 ue_ip=10.45.1.253 candidate_reused_global_suspect=0
[2026-08-22T02:33:51+02:00] UE_SLOT_START timestamp=2026-08-22T00:33:51+00:00 active_ues=23 slot=7 attempt=1 ue_idx=7 ue_if=uesimtun7 ue_ip=10.45.1.253 target=192.168.1.211:5208 bitrate=1M duration_s=80 planned_end_epoch=1787358911 timeout_s=90 hard_timeout_epoch=1787358926 start_rx_bytes=647191
[2026-08-22T02:33:51+02:00] UE_SLOT_PID timestamp=2026-08-22T00:33:51+00:00 active_ues=23 slot=7 attempt=1 ue_idx=7 pid=30372
[2026-08-22T02:33:51+02:00] UE_SLOT_ASSIGN timestamp=2026-08-22T00:33:51+00:00 active_ues=23 slot=8 ue_idx=8 ue_if=uesimtun8 ue_ip=10.45.1.254 candidate_reused_global_suspect=0
[2026-08-22T02:33:51+02:00] UE_SLOT_START timestamp=2026-08-22T00:33:51+00:00 active_ues=23 slot=8 attempt=1 ue_idx=8 ue_if=uesimtun8 ue_ip=10.45.1.254 target=192.168.1.211:5209 bitrate=1M duration_s=80 planned_end_epoch=1787358911 timeout_s=90 hard_timeout_epoch=1787358926 start_rx_bytes=651788
[2026-08-22T02:33:51+02:00] UE_SLOT_PID timestamp=2026-08-22T00:33:51+00:00 active_ues=23 slot=8 attempt=1 ue_idx=8 pid=30397
[2026-08-22T02:33:51+02:00] UE_SLOT_ASSIGN timestamp=2026-08-22T00:33:51+00:00 active_ues=23 slot=9 ue_idx=9 ue_if=uesimtun9 ue_ip=10.45.1.255 candidate_reused_global_suspect=0
[2026-08-22T02:33:51+02:00] UE_SLOT_START timestamp=2026-08-22T00:33:51+00:00 active_ues=23 slot=9 attempt=1 ue_idx=9 ue_if=uesimtun9 ue_ip=10.45.1.255 target=192.168.1.211:5210 bitrate=1M duration_s=80 planned_end_epoch=1787358911 timeout_s=90 hard_timeout_epoch=1787358926 start_rx_bytes=577458
[2026-08-22T02:33:51+02:00] UE_SLOT_PID timestamp=2026-08-22T00:33:51+00:00 active_ues=23 slot=9 attempt=1 ue_idx=9 pid=30422
[2026-08-22T02:33:52+02:00] UE_SLOT_ASSIGN timestamp=2026-08-22T00:33:51+00:00 active_ues=23 slot=10 ue_idx=10 ue_if=uesimtun10 ue_ip=10.45.2.2 candidate_reused_global_suspect=0
[2026-08-22T02:33:52+02:00] UE_SLOT_START timestamp=2026-08-22T00:33:52+00:00 active_ues=23 slot=10 attempt=1 ue_idx=10 ue_if=uesimtun10 ue_ip=10.45.2.2 target=192.168.1.211:5211 bitrate=1M duration_s=80 planned_end_epoch=1787358911 timeout_s=90 hard_timeout_epoch=1787358926 start_rx_bytes=554010
[2026-08-22T02:33:52+02:00] UE_SLOT_PID timestamp=2026-08-22T00:33:52+00:00 active_ues=23 slot=10 attempt=1 ue_idx=10 pid=30447
[2026-08-22T02:33:52+02:00] UE_SLOT_ASSIGN timestamp=2026-08-22T00:33:52+00:00 active_ues=23 slot=11 ue_idx=11 ue_if=uesimtun11 ue_ip=10.45.2.22 candidate_reused_global_suspect=0
[2026-08-22T02:33:52+02:00] UE_SLOT_START timestamp=2026-08-22T00:33:52+00:00 active_ues=23 slot=11 attempt=1 ue_idx=11 ue_if=uesimtun11 ue_ip=10.45.2.22 target=192.168.1.211:5212 bitrate=1M duration_s=80 planned_end_epoch=1787358912 timeout_s=90 hard_timeout_epoch=1787358927 start_rx_bytes=467739
[2026-08-22T02:33:52+02:00] UE_SLOT_PID timestamp=2026-08-22T00:33:52+00:00 active_ues=23 slot=11 attempt=1 ue_idx=11 pid=30472
[2026-08-22T02:33:52+02:00] UE_SLOT_ASSIGN timestamp=2026-08-22T00:33:52+00:00 active_ues=23 slot=12 ue_idx=12 ue_if=uesimtun12 ue_ip=10.45.2.5 candidate_reused_global_suspect=0
[2026-08-22T02:33:52+02:00] UE_SLOT_START timestamp=2026-08-22T00:33:52+00:00 active_ues=23 slot=12 attempt=1 ue_idx=12 ue_if=uesimtun12 ue_ip=10.45.2.5 target=192.168.1.211:5213 bitrate=1M duration_s=80 planned_end_epoch=1787358912 timeout_s=90 hard_timeout_epoch=1787358927 start_rx_bytes=463087
[2026-08-22T02:33:52+02:00] UE_SLOT_PID timestamp=2026-08-22T00:33:52+00:00 active_ues=23 slot=12 attempt=1 ue_idx=12 pid=30497
[2026-08-22T02:33:52+02:00] UE_SLOT_ASSIGN timestamp=2026-08-22T00:33:52+00:00 active_ues=23 slot=13 ue_idx=13 ue_if=uesimtun13 ue_ip=10.45.2.0 candidate_reused_global_suspect=0
[2026-08-22T02:33:52+02:00] UE_SLOT_START timestamp=2026-08-22T00:33:52+00:00 active_ues=23 slot=13 attempt=1 ue_idx=13 ue_if=uesimtun13 ue_ip=10.45.2.0 target=192.168.1.211:5214 bitrate=1M duration_s=80 planned_end_epoch=1787358912 timeout_s=90 hard_timeout_epoch=1787358927 start_rx_bytes=371803
[2026-08-22T02:33:52+02:00] UE_SLOT_PID timestamp=2026-08-22T00:33:52+00:00 active_ues=23 slot=13 attempt=1 ue_idx=13 pid=30522
[2026-08-22T02:33:52+02:00] UE_SLOT_ASSIGN timestamp=2026-08-22T00:33:52+00:00 active_ues=23 slot=14 ue_idx=14 ue_if=uesimtun14 ue_ip=10.45.2.8 candidate_reused_global_suspect=0
[2026-08-22T02:33:53+02:00] UE_SLOT_START timestamp=2026-08-22T00:33:52+00:00 active_ues=23 slot=14 attempt=1 ue_idx=14 ue_if=uesimtun14 ue_ip=10.45.2.8 target=192.168.1.211:5215 bitrate=1M duration_s=80 planned_end_epoch=1787358912 timeout_s=90 hard_timeout_epoch=1787358927 start_rx_bytes=377056
[2026-08-22T02:33:53+02:00] UE_SLOT_PID timestamp=2026-08-22T00:33:52+00:00 active_ues=23 slot=14 attempt=1 ue_idx=14 pid=30547
[2026-08-22T02:33:53+02:00] UE_SLOT_ASSIGN timestamp=2026-08-22T00:33:53+00:00 active_ues=23 slot=15 ue_idx=15 ue_if=uesimtun15 ue_ip=10.45.2.6 candidate_reused_global_suspect=0
[2026-08-22T02:33:53+02:00] UE_SLOT_START timestamp=2026-08-22T00:33:53+00:00 active_ues=23 slot=15 attempt=1 ue_idx=15 ue_if=uesimtun15 ue_ip=10.45.2.6 target=192.168.1.211:5216 bitrate=1M duration_s=80 planned_end_epoch=1787358913 timeout_s=90 hard_timeout_epoch=1787358928 start_rx_bytes=283733
[2026-08-22T02:33:53+02:00] UE_SLOT_PID timestamp=2026-08-22T00:33:53+00:00 active_ues=23 slot=15 attempt=1 ue_idx=15 pid=30572
[2026-08-22T02:33:53+02:00] UE_SLOT_ASSIGN timestamp=2026-08-22T00:33:53+00:00 active_ues=23 slot=16 ue_idx=16 ue_if=uesimtun16 ue_ip=10.45.2.7 candidate_reused_global_suspect=0
[2026-08-22T02:33:53+02:00] UE_SLOT_START timestamp=2026-08-22T00:33:53+00:00 active_ues=23 slot=16 attempt=1 ue_idx=16 ue_if=uesimtun16 ue_ip=10.45.2.7 target=192.168.1.211:5217 bitrate=1M duration_s=80 planned_end_epoch=1787358913 timeout_s=90 hard_timeout_epoch=1787358928 start_rx_bytes=268263
[2026-08-22T02:33:53+02:00] UE_SLOT_PID timestamp=2026-08-22T00:33:53+00:00 active_ues=23 slot=16 attempt=1 ue_idx=16 pid=30597
[2026-08-22T02:33:53+02:00] UE_SLOT_ASSIGN timestamp=2026-08-22T00:33:53+00:00 active_ues=23 slot=17 ue_idx=17 ue_if=uesimtun17 ue_ip=10.45.2.3 candidate_reused_global_suspect=0
[2026-08-22T02:33:53+02:00] UE_SLOT_START timestamp=2026-08-22T00:33:53+00:00 active_ues=23 slot=17 attempt=1 ue_idx=17 ue_if=uesimtun17 ue_ip=10.45.2.3 target=192.168.1.211:5218 bitrate=1M duration_s=80 planned_end_epoch=1787358913 timeout_s=90 hard_timeout_epoch=1787358928 start_rx_bytes=186832
[2026-08-22T02:33:53+02:00] UE_SLOT_PID timestamp=2026-08-22T00:33:53+00:00 active_ues=23 slot=17 attempt=1 ue_idx=17 pid=30622
[2026-08-22T02:33:53+02:00] UE_SLOT_ASSIGN timestamp=2026-08-22T00:33:53+00:00 active_ues=23 slot=18 ue_idx=18 ue_if=uesimtun18 ue_ip=10.45.2.13 candidate_reused_global_suspect=0
[2026-08-22T02:33:53+02:00] UE_SLOT_START timestamp=2026-08-22T00:33:53+00:00 active_ues=23 slot=18 attempt=1 ue_idx=18 ue_if=uesimtun18 ue_ip=10.45.2.13 target=192.168.1.211:5219 bitrate=1M duration_s=80 planned_end_epoch=1787358913 timeout_s=90 hard_timeout_epoch=1787358928 start_rx_bytes=191775
[2026-08-22T02:33:53+02:00] UE_SLOT_PID timestamp=2026-08-22T00:33:53+00:00 active_ues=23 slot=18 attempt=1 ue_idx=18 pid=30647
[2026-08-22T02:33:54+02:00] UE_SLOT_ASSIGN timestamp=2026-08-22T00:33:54+00:00 active_ues=23 slot=19 ue_idx=19 ue_if=uesimtun19 ue_ip=10.45.2.12 candidate_reused_global_suspect=0
[2026-08-22T02:33:54+02:00] UE_SLOT_START timestamp=2026-08-22T00:33:54+00:00 active_ues=23 slot=19 attempt=1 ue_idx=19 ue_if=uesimtun19 ue_ip=10.45.2.12 target=192.168.1.211:5220 bitrate=1M duration_s=80 planned_end_epoch=1787358914 timeout_s=90 hard_timeout_epoch=1787358929 start_rx_bytes=97868
[2026-08-22T02:33:54+02:00] UE_SLOT_PID timestamp=2026-08-22T00:33:54+00:00 active_ues=23 slot=19 attempt=1 ue_idx=19 pid=30672
[2026-08-22T02:33:54+02:00] UPF_CONTROL_SAMPLE timestamp=2026-08-22T02:33:50+02:00 scenario=ue_23 pod=open5gs-upf-5b9db6d44-nsbqz uid=7b5b8ef7-a2a2-4fe9-a3e1-74acd17bd88f restarts=6 usage_cpu=345m usage_mem=38Mi request_cpu=350m request_mem=250Mi limit_cpu=none limit_mem=none vpa_target_cpu=350m vpa_target_mem=250Mi vpa_uncapped_cpu=350m vpa_uncapped_mem=250Mi vpa_lower_cpu=190m vpa_lower_mem=250Mi vpa_upper_cpu=1500m vpa_upper_mem=512Mi
[2026-08-22T02:33:54+02:00] UE_SLOT_ASSIGN timestamp=2026-08-22T00:33:54+00:00 active_ues=23 slot=20 ue_idx=20 ue_if=uesimtun20 ue_ip=10.45.2.15 candidate_reused_global_suspect=0
[2026-08-22T02:33:54+02:00] UE_SLOT_START timestamp=2026-08-22T00:33:54+00:00 active_ues=23 slot=20 attempt=1 ue_idx=20 ue_if=uesimtun20 ue_ip=10.45.2.15 target=192.168.1.211:5221 bitrate=1M duration_s=80 planned_end_epoch=1787358914 timeout_s=90 hard_timeout_epoch=1787358929 start_rx_bytes=92460
[2026-08-22T02:33:54+02:00] UE_SLOT_PID timestamp=2026-08-22T00:33:54+00:00 active_ues=23 slot=20 attempt=1 ue_idx=20 pid=30697
[2026-08-22T02:33:54+02:00] UE_SLOT_ASSIGN timestamp=2026-08-22T00:33:54+00:00 active_ues=23 slot=21 ue_idx=21 ue_if=uesimtun21 ue_ip=10.45.2.17 candidate_reused_global_suspect=0
[2026-08-22T02:33:54+02:00] UE_SLOT_START timestamp=2026-08-22T00:33:54+00:00 active_ues=23 slot=21 attempt=1 ue_idx=21 ue_if=uesimtun21 ue_ip=10.45.2.17 target=192.168.1.211:5222 bitrate=1M duration_s=80 planned_end_epoch=1787358914 timeout_s=90 hard_timeout_epoch=1787358929 start_rx_bytes=0
[2026-08-22T02:33:54+02:00] UE_SLOT_PID timestamp=2026-08-22T00:33:54+00:00 active_ues=23 slot=21 attempt=1 ue_idx=21 pid=30722
[2026-08-22T02:33:54+02:00] UE_SLOT_ASSIGN timestamp=2026-08-22T00:33:54+00:00 active_ues=23 slot=22 ue_idx=22 ue_if=uesimtun22 ue_ip=10.45.2.19 candidate_reused_global_suspect=0
[2026-08-22T02:33:54+02:00] UE_SLOT_START timestamp=2026-08-22T00:33:54+00:00 active_ues=23 slot=22 attempt=1 ue_idx=22 ue_if=uesimtun22 ue_ip=10.45.2.19 target=192.168.1.211:5223 bitrate=1M duration_s=80 planned_end_epoch=1787358914 timeout_s=90 hard_timeout_epoch=1787358929 start_rx_bytes=0
[2026-08-22T02:33:54+02:00] UE_SLOT_PID timestamp=2026-08-22T00:33:54+00:00 active_ues=23 slot=22 attempt=1 ue_idx=22 pid=30747
[2026-08-22T02:33:54+02:00] IPERF_MAPPING_SUMMARY timestamp=2026-08-22T00:33:54+00:00 active_ues=23 registered_tunnels=50 initial_ports=5201-5223 replacement_ports=5251-5265 bitrate=1M start_delay=0.05 detection=no_rx_counter replacement_min_duration_s=5 adaptive_extension_max_s=1 iperf_exit_grace_s=3 server_busy_port_rebinds=1 late_replacement_after_end=disabled wait_for_iperf_exit=until_timeout global_suspect_policy=soft_reuse ramp_supervision=after_initial_start
[2026-08-22T02:33:58+02:00] UPF_CONTROL_SAMPLE timestamp=2026-08-22T02:33:55+02:00 scenario=ue_23 pod=open5gs-upf-5b9db6d44-nsbqz uid=7b5b8ef7-a2a2-4fe9-a3e1-74acd17bd88f restarts=6 usage_cpu=189m usage_mem=38Mi request_cpu=350m request_mem=250Mi limit_cpu=none limit_mem=none vpa_target_cpu=350m vpa_target_mem=250Mi vpa_uncapped_cpu=350m vpa_uncapped_mem=250Mi vpa_lower_cpu=190m vpa_lower_mem=250Mi vpa_upper_cpu=1500m vpa_upper_mem=512Mi
[2026-08-22T02:34:03+02:00] UPF_CONTROL_SAMPLE timestamp=2026-08-22T02:33:59+02:00 scenario=ue_23 pod=open5gs-upf-5b9db6d44-nsbqz uid=7b5b8ef7-a2a2-4fe9-a3e1-74acd17bd88f restarts=6 usage_cpu=189m usage_mem=38Mi request_cpu=350m request_mem=250Mi limit_cpu=none limit_mem=none vpa_target_cpu=350m vpa_target_mem=250Mi vpa_uncapped_cpu=350m vpa_uncapped_mem=250Mi vpa_lower_cpu=190m vpa_lower_mem=250Mi vpa_upper_cpu=1500m vpa_upper_mem=512Mi
[2026-08-22T02:34:08+02:00] UPF_CONTROL_SAMPLE timestamp=2026-08-22T02:34:04+02:00 scenario=ue_23 pod=open5gs-upf-5b9db6d44-nsbqz uid=7b5b8ef7-a2a2-4fe9-a3e1-74acd17bd88f restarts=6 usage_cpu=189m usage_mem=38Mi request_cpu=350m request_mem=250Mi limit_cpu=none limit_mem=none vpa_target_cpu=350m vpa_target_mem=250Mi vpa_uncapped_cpu=350m vpa_uncapped_mem=250Mi vpa_lower_cpu=190m vpa_lower_mem=250Mi vpa_upper_cpu=1500m vpa_upper_mem=512Mi
[2026-08-22T02:34:12+02:00] UPF_CONTROL_SAMPLE timestamp=2026-08-22T02:34:09+02:00 scenario=ue_23 pod=open5gs-upf-5b9db6d44-nsbqz uid=7b5b8ef7-a2a2-4fe9-a3e1-74acd17bd88f restarts=6 usage_cpu=286m usage_mem=38Mi request_cpu=350m request_mem=250Mi limit_cpu=none limit_mem=none vpa_target_cpu=350m vpa_target_mem=250Mi vpa_uncapped_cpu=350m vpa_uncapped_mem=250Mi vpa_lower_cpu=190m vpa_lower_mem=250Mi vpa_upper_cpu=1500m vpa_upper_mem=512Mi
[2026-08-22T02:34:17+02:00] UPF_CONTROL_SAMPLE timestamp=2026-08-22T02:34:13+02:00 scenario=ue_23 pod=open5gs-upf-5b9db6d44-nsbqz uid=7b5b8ef7-a2a2-4fe9-a3e1-74acd17bd88f restarts=6 usage_cpu=286m usage_mem=38Mi request_cpu=350m request_mem=250Mi limit_cpu=none limit_mem=none vpa_target_cpu=350m vpa_target_mem=250Mi vpa_uncapped_cpu=350m vpa_uncapped_mem=250Mi vpa_lower_cpu=190m vpa_lower_mem=250Mi vpa_upper_cpu=1500m vpa_upper_mem=512Mi
[2026-08-22T02:34:21+02:00] UPF_CONTROL_SAMPLE timestamp=2026-08-22T02:34:18+02:00 scenario=ue_23 pod=open5gs-upf-5b9db6d44-nsbqz uid=7b5b8ef7-a2a2-4fe9-a3e1-74acd17bd88f restarts=6 usage_cpu=286m usage_mem=38Mi request_cpu=350m request_mem=250Mi limit_cpu=none limit_mem=none vpa_target_cpu=350m vpa_target_mem=250Mi vpa_uncapped_cpu=350m vpa_uncapped_mem=250Mi vpa_lower_cpu=190m vpa_lower_mem=250Mi vpa_upper_cpu=1500m vpa_upper_mem=512Mi
[2026-08-22T02:34:26+02:00] UPF_CONTROL_SAMPLE timestamp=2026-08-22T02:34:23+02:00 scenario=ue_23 pod=open5gs-upf-5b9db6d44-nsbqz uid=7b5b8ef7-a2a2-4fe9-a3e1-74acd17bd88f restarts=6 usage_cpu=357m usage_mem=38Mi request_cpu=350m request_mem=250Mi limit_cpu=none limit_mem=none vpa_target_cpu=350m vpa_target_mem=250Mi vpa_uncapped_cpu=350m vpa_uncapped_mem=250Mi vpa_lower_cpu=190m vpa_lower_mem=250Mi vpa_upper_cpu=1500m vpa_upper_mem=512Mi
[2026-08-22T02:34:30+02:00] UPF_CONTROL_SAMPLE timestamp=2026-08-22T02:34:27+02:00 scenario=ue_23 pod=open5gs-upf-5b9db6d44-nsbqz uid=7b5b8ef7-a2a2-4fe9-a3e1-74acd17bd88f restarts=6 usage_cpu=357m usage_mem=38Mi request_cpu=350m request_mem=250Mi limit_cpu=none limit_mem=none vpa_target_cpu=350m vpa_target_mem=250Mi vpa_uncapped_cpu=350m vpa_uncapped_mem=250Mi vpa_lower_cpu=190m vpa_lower_mem=250Mi vpa_upper_cpu=1500m vpa_upper_mem=512Mi
[2026-08-22T02:34:35+02:00] UPF_CONTROL_SAMPLE timestamp=2026-08-22T02:34:32+02:00 scenario=ue_23 pod=open5gs-upf-5b9db6d44-nsbqz uid=7b5b8ef7-a2a2-4fe9-a3e1-74acd17bd88f restarts=6 usage_cpu=357m usage_mem=38Mi request_cpu=350m request_mem=250Mi limit_cpu=none limit_mem=none vpa_target_cpu=350m vpa_target_mem=250Mi vpa_uncapped_cpu=350m vpa_uncapped_mem=250Mi vpa_lower_cpu=190m vpa_lower_mem=250Mi vpa_upper_cpu=1500m vpa_upper_mem=512Mi
[2026-08-22T02:34:40+02:00] UPF_CONTROL_SAMPLE timestamp=2026-08-22T02:34:36+02:00 scenario=ue_23 pod=open5gs-upf-5b9db6d44-nsbqz uid=7b5b8ef7-a2a2-4fe9-a3e1-74acd17bd88f restarts=6 usage_cpu=357m usage_mem=38Mi request_cpu=350m request_mem=250Mi limit_cpu=none limit_mem=none vpa_target_cpu=350m vpa_target_mem=250Mi vpa_uncapped_cpu=350m vpa_uncapped_mem=250Mi vpa_lower_cpu=190m vpa_lower_mem=250Mi vpa_upper_cpu=1500m vpa_upper_mem=512Mi
[2026-08-22T02:34:44+02:00] UPF_CONTROL_SAMPLE timestamp=2026-08-22T02:34:41+02:00 scenario=ue_23 pod=open5gs-upf-5b9db6d44-nsbqz uid=7b5b8ef7-a2a2-4fe9-a3e1-74acd17bd88f restarts=6 usage_cpu=344m usage_mem=39Mi request_cpu=350m request_mem=250Mi limit_cpu=none limit_mem=none vpa_target_cpu=350m vpa_target_mem=250Mi vpa_uncapped_cpu=350m vpa_uncapped_mem=250Mi vpa_lower_cpu=190m vpa_lower_mem=250Mi vpa_upper_cpu=1500m vpa_upper_mem=512Mi
[2026-08-22T02:34:49+02:00] VPA_RECOMMENDATION_CHANGE timestamp=2026-08-22T02:34:45+02:00 scenario=ue_23 old='vpa_target_cpu=350m vpa_target_mem=250Mi vpa_uncapped_cpu=350m vpa_uncapped_mem=250Mi vpa_lower_cpu=190m vpa_lower_mem=250Mi vpa_upper_cpu=1500m vpa_upper_mem=512Mi' new='vpa_target_cpu=410m vpa_target_mem=250Mi vpa_uncapped_cpu=410m vpa_uncapped_mem=250Mi vpa_lower_cpu=192m vpa_lower_mem=250Mi vpa_upper_cpu=1500m vpa_upper_mem=512Mi' previous_5s_sample='timestamp=2026-08-22T02:34:36+02:00 scenario=ue_23 pod=open5gs-upf-5b9db6d44-nsbqz uid=7b5b8ef7-a2a2-4fe9-a3e1-74acd17bd88f restarts=6 usage_cpu=357m usage_mem=38Mi request_cpu=350m request_mem=250Mi limit_cpu=none limit_mem=none vpa_target_cpu=350m vpa_target_mem=250Mi vpa_uncapped_cpu=350m vpa_uncapped_mem=250Mi vpa_lower_cpu=190m vpa_lower_mem=250Mi vpa_upper_cpu=1500m vpa_upper_mem=512Mi' current_sample='timestamp=2026-08-22T02:34:45+02:00 scenario=ue_23 pod=open5gs-upf-5b9db6d44-nsbqz uid=7b5b8ef7-a2a2-4fe9-a3e1-74acd17bd88f restarts=6 usage_cpu=344m usage_mem=39Mi request_cpu=350m request_mem=250Mi limit_cpu=none limit_mem=none vpa_target_cpu=410m vpa_target_mem=250Mi vpa_uncapped_cpu=410m vpa_uncapped_mem=250Mi vpa_lower_cpu=192m vpa_lower_mem=250Mi vpa_upper_cpu=1500m vpa_upper_mem=512Mi'
[2026-08-22T02:34:49+02:00] UPF_CONTROL_SAMPLE timestamp=2026-08-22T02:34:45+02:00 scenario=ue_23 pod=open5gs-upf-5b9db6d44-nsbqz uid=7b5b8ef7-a2a2-4fe9-a3e1-74acd17bd88f restarts=6 usage_cpu=344m usage_mem=39Mi request_cpu=350m request_mem=250Mi limit_cpu=none limit_mem=none vpa_target_cpu=410m vpa_target_mem=250Mi vpa_uncapped_cpu=410m vpa_uncapped_mem=250Mi vpa_lower_cpu=192m vpa_lower_mem=250Mi vpa_upper_cpu=1500m vpa_upper_mem=512Mi
[2026-08-22T02:34:53+02:00] UPF_CONTROL_SAMPLE timestamp=2026-08-22T02:34:50+02:00 scenario=ue_23 pod=open5gs-upf-5b9db6d44-nsbqz uid=7b5b8ef7-a2a2-4fe9-a3e1-74acd17bd88f restarts=6 usage_cpu=344m usage_mem=39Mi request_cpu=350m request_mem=250Mi limit_cpu=none limit_mem=none vpa_target_cpu=410m vpa_target_mem=250Mi vpa_uncapped_cpu=410m vpa_uncapped_mem=250Mi vpa_lower_cpu=192m vpa_lower_mem=250Mi vpa_upper_cpu=1500m vpa_upper_mem=512Mi
[2026-08-22T02:34:58+02:00] UPF_CONTROL_SAMPLE timestamp=2026-08-22T02:34:54+02:00 scenario=ue_23 pod=open5gs-upf-5b9db6d44-nsbqz uid=7b5b8ef7-a2a2-4fe9-a3e1-74acd17bd88f restarts=6 usage_cpu=370m usage_mem=39Mi request_cpu=350m request_mem=250Mi limit_cpu=none limit_mem=none vpa_target_cpu=410m vpa_target_mem=250Mi vpa_uncapped_cpu=410m vpa_uncapped_mem=250Mi vpa_lower_cpu=192m vpa_lower_mem=250Mi vpa_upper_cpu=1500m vpa_upper_mem=512Mi
[2026-08-22T02:35:03+02:00] UPF_CONTROL_SAMPLE timestamp=2026-08-22T02:34:59+02:00 scenario=ue_23 pod=open5gs-upf-5b9db6d44-nsbqz uid=7b5b8ef7-a2a2-4fe9-a3e1-74acd17bd88f restarts=6 usage_cpu=370m usage_mem=39Mi request_cpu=350m request_mem=250Mi limit_cpu=none limit_mem=none vpa_target_cpu=410m vpa_target_mem=250Mi vpa_uncapped_cpu=410m vpa_uncapped_mem=250Mi vpa_lower_cpu=192m vpa_lower_mem=250Mi vpa_upper_cpu=1500m vpa_upper_mem=512Mi
[2026-08-22T02:35:08+02:00] UPF_CONTROL_SAMPLE timestamp=2026-08-22T02:35:04+02:00 scenario=ue_23 pod=open5gs-upf-5b9db6d44-nsbqz uid=7b5b8ef7-a2a2-4fe9-a3e1-74acd17bd88f restarts=6 usage_cpu=370m usage_mem=39Mi request_cpu=350m request_mem=250Mi limit_cpu=none limit_mem=none vpa_target_cpu=410m vpa_target_mem=250Mi vpa_uncapped_cpu=410m vpa_uncapped_mem=250Mi vpa_lower_cpu=192m vpa_lower_mem=250Mi vpa_upper_cpu=1500m vpa_upper_mem=512Mi
[2026-08-22T02:35:11+02:00] UE_SLOT_DONE timestamp=2026-08-22T00:35:11+00:00 active_ues=23 slot=0 attempt=1 ue_idx=0 ue_if=uesimtun0 ue_ip=10.45.1.246 port=5201 rc=0 replacements_for_slot=0 server_busy_retries_for_slot=0
[2026-08-22T02:35:11+02:00] UE_SLOT_DONE timestamp=2026-08-22T00:35:11+00:00 active_ues=23 slot=1 attempt=1 ue_idx=1 ue_if=uesimtun1 ue_ip=10.45.1.247 port=5202 rc=0 replacements_for_slot=0 server_busy_retries_for_slot=0
[2026-08-22T02:35:11+02:00] UE_SLOT_DONE timestamp=2026-08-22T00:35:11+00:00 active_ues=23 slot=2 attempt=1 ue_idx=2 ue_if=uesimtun2 ue_ip=10.45.1.248 port=5203 rc=0 replacements_for_slot=0 server_busy_retries_for_slot=0
[2026-08-22T02:35:11+02:00] UE_SLOT_DONE timestamp=2026-08-22T00:35:11+00:00 active_ues=23 slot=3 attempt=1 ue_idx=3 ue_if=uesimtun3 ue_ip=10.45.1.249 port=5204 rc=0 replacements_for_slot=0 server_busy_retries_for_slot=0
[2026-08-22T02:35:11+02:00] UE_SLOT_DONE timestamp=2026-08-22T00:35:11+00:00 active_ues=23 slot=4 attempt=1 ue_idx=4 ue_if=uesimtun4 ue_ip=10.45.1.250 port=5205 rc=0 replacements_for_slot=0 server_busy_retries_for_slot=0
[2026-08-22T02:35:11+02:00] UE_SLOT_DONE timestamp=2026-08-22T00:35:11+00:00 active_ues=23 slot=5 attempt=1 ue_idx=5 ue_if=uesimtun5 ue_ip=10.45.1.251 port=5206 rc=0 replacements_for_slot=0 server_busy_retries_for_slot=0
[2026-08-22T02:35:12+02:00] UE_SLOT_DONE timestamp=2026-08-22T00:35:11+00:00 active_ues=23 slot=6 attempt=1 ue_idx=6 ue_if=uesimtun6 ue_ip=10.45.1.252 port=5207 rc=0 replacements_for_slot=0 server_busy_retries_for_slot=0
[2026-08-22T02:35:12+02:00] UE_SLOT_DONE timestamp=2026-08-22T00:35:12+00:00 active_ues=23 slot=7 attempt=1 ue_idx=7 ue_if=uesimtun7 ue_ip=10.45.1.253 port=5208 rc=0 replacements_for_slot=0 server_busy_retries_for_slot=0
[2026-08-22T02:35:12+02:00] UE_SLOT_DONE timestamp=2026-08-22T00:35:12+00:00 active_ues=23 slot=8 attempt=1 ue_idx=8 ue_if=uesimtun8 ue_ip=10.45.1.254 port=5209 rc=0 replacements_for_slot=0 server_busy_retries_for_slot=0
[2026-08-22T02:35:12+02:00] UE_SLOT_DONE timestamp=2026-08-22T00:35:12+00:00 active_ues=23 slot=9 attempt=1 ue_idx=9 ue_if=uesimtun9 ue_ip=10.45.1.255 port=5210 rc=0 replacements_for_slot=0 server_busy_retries_for_slot=0
[2026-08-22T02:35:12+02:00] UPF_CONTROL_SAMPLE timestamp=2026-08-22T02:35:09+02:00 scenario=ue_23 pod=open5gs-upf-5b9db6d44-nsbqz uid=7b5b8ef7-a2a2-4fe9-a3e1-74acd17bd88f restarts=6 usage_cpu=340m usage_mem=39Mi request_cpu=350m request_mem=250Mi limit_cpu=none limit_mem=none vpa_target_cpu=410m vpa_target_mem=250Mi vpa_uncapped_cpu=410m vpa_uncapped_mem=250Mi vpa_lower_cpu=192m vpa_lower_mem=250Mi vpa_upper_cpu=1500m vpa_upper_mem=512Mi
[2026-08-22T02:35:13+02:00] UE_SLOT_DONE timestamp=2026-08-22T00:35:13+00:00 active_ues=23 slot=10 attempt=1 ue_idx=10 ue_if=uesimtun10 ue_ip=10.45.2.2 port=5211 rc=0 replacements_for_slot=0 server_busy_retries_for_slot=0
[2026-08-22T02:35:13+02:00] UE_SLOT_DONE timestamp=2026-08-22T00:35:13+00:00 active_ues=23 slot=11 attempt=1 ue_idx=11 ue_if=uesimtun11 ue_ip=10.45.2.22 port=5212 rc=0 replacements_for_slot=0 server_busy_retries_for_slot=0
[2026-08-22T02:35:13+02:00] UE_SLOT_DONE timestamp=2026-08-22T00:35:13+00:00 active_ues=23 slot=12 attempt=1 ue_idx=12 ue_if=uesimtun12 ue_ip=10.45.2.5 port=5213 rc=0 replacements_for_slot=0 server_busy_retries_for_slot=0
[2026-08-22T02:35:13+02:00] UE_SLOT_DONE timestamp=2026-08-22T00:35:13+00:00 active_ues=23 slot=13 attempt=1 ue_idx=13 ue_if=uesimtun13 ue_ip=10.45.2.0 port=5214 rc=0 replacements_for_slot=0 server_busy_retries_for_slot=0
[2026-08-22T02:35:13+02:00] UE_SLOT_DONE timestamp=2026-08-22T00:35:13+00:00 active_ues=23 slot=14 attempt=1 ue_idx=14 ue_if=uesimtun14 ue_ip=10.45.2.8 port=5215 rc=0 replacements_for_slot=0 server_busy_retries_for_slot=0
[2026-08-22T02:35:13+02:00] UE_SLOT_DONE timestamp=2026-08-22T00:35:13+00:00 active_ues=23 slot=15 attempt=1 ue_idx=15 ue_if=uesimtun15 ue_ip=10.45.2.6 port=5216 rc=0 replacements_for_slot=0 server_busy_retries_for_slot=0
[2026-08-22T02:35:13+02:00] UE_SLOT_DONE timestamp=2026-08-22T00:35:13+00:00 active_ues=23 slot=16 attempt=1 ue_idx=16 ue_if=uesimtun16 ue_ip=10.45.2.7 port=5217 rc=0 replacements_for_slot=0 server_busy_retries_for_slot=0
[2026-08-22T02:35:13+02:00] UE_SLOT_DONE timestamp=2026-08-22T00:35:13+00:00 active_ues=23 slot=17 attempt=1 ue_idx=17 ue_if=uesimtun17 ue_ip=10.45.2.3 port=5218 rc=0 replacements_for_slot=0 server_busy_retries_for_slot=0
[2026-08-22T02:35:15+02:00] UE_SLOT_DONE timestamp=2026-08-22T00:35:15+00:00 active_ues=23 slot=18 attempt=1 ue_idx=18 ue_if=uesimtun18 ue_ip=10.45.2.13 port=5219 rc=0 replacements_for_slot=0 server_busy_retries_for_slot=0
[2026-08-22T02:35:15+02:00] UE_SLOT_DONE timestamp=2026-08-22T00:35:15+00:00 active_ues=23 slot=19 attempt=1 ue_idx=19 ue_if=uesimtun19 ue_ip=10.45.2.12 port=5220 rc=0 replacements_for_slot=0 server_busy_retries_for_slot=0
[2026-08-22T02:35:15+02:00] UE_SLOT_DONE timestamp=2026-08-22T00:35:15+00:00 active_ues=23 slot=20 attempt=1 ue_idx=20 ue_if=uesimtun20 ue_ip=10.45.2.15 port=5221 rc=0 replacements_for_slot=0 server_busy_retries_for_slot=0
[2026-08-22T02:35:15+02:00] UE_SLOT_DONE timestamp=2026-08-22T00:35:15+00:00 active_ues=23 slot=21 attempt=1 ue_idx=21 ue_if=uesimtun21 ue_ip=10.45.2.17 port=5222 rc=0 replacements_for_slot=0 server_busy_retries_for_slot=0
[2026-08-22T02:35:15+02:00] UE_SLOT_DONE timestamp=2026-08-22T00:35:15+00:00 active_ues=23 slot=22 attempt=1 ue_idx=22 ue_if=uesimtun22 ue_ip=10.45.2.19 port=5223 rc=0 replacements_for_slot=0 server_busy_retries_for_slot=0
[2026-08-22T02:35:16+02:00] TRAFFIC_SUMMARY timestamp=2026-08-22T00:35:16+00:00 registered_tunnels=50 active_ues=23 target_slots=23 completed_slots=23 final_failed_slots=0 replacements=0 problematic_ues=0 zombie_ues=0 connect_timeouts=0 stalls=0 deferred_stalls=0 process_failures=0 server_busy_retries=0 server_busy_failures=0 late_timeouts_accepted=0 scenario_bad_ues=0 global_suspect_ues=0 used_ues=23 target_host=192.168.1.211 initial_ports=5201-5223 replacement_ports=5251-5265 bitrate=1M start_delay=0.05 detection=no_rx_counter replacement_min_duration_s=5 adaptive_extension_max_s=1 iperf_exit_grace_s=3 server_busy_retries_limit=1 server_busy_retry_delay_s=2 late_replacement_after_end=disabled wait_for_iperf_exit=until_timeout global_suspect_policy=soft_reuse ramp_supervision=after_initial_start
[2026-08-22T02:35:16+02:00] UE_POOL_SCENARIO_BAD_CURRENT timestamp=2026-08-22T00:35:16+00:00 active_ues=23 indexes=
[2026-08-22T02:35:16+02:00] UE_POOL_GLOBAL_SUSPECT_CURRENT timestamp=2026-08-22T00:35:16+00:00 active_ues=23 indexes=
[2026-08-22T02:35:16+02:00] REMOTE_IPERF_PER_UE_END timestamp=2026-08-22T00:35:16+00:00 active_ues=23 tag=ue_23 final_rc=0 completed_slots=23 replacements=0 problematic_ues=0 server_busy_retries=0 deferred_stalls=0 late_timeouts_accepted=0
[2026-08-22T02:35:16+02:00] SCENARIO TRAFFIC COMMAND END timestamp=2026-08-22T02:35:16+02:00 active_ue=23 rc=0
[2026-08-22T02:35:17+02:00] UPF_CONTROL_SAMPLE timestamp=2026-08-22T02:35:13+02:00 scenario=ue_23 pod=open5gs-upf-5b9db6d44-nsbqz uid=7b5b8ef7-a2a2-4fe9-a3e1-74acd17bd88f restarts=6 usage_cpu=340m usage_mem=39Mi request_cpu=350m request_mem=250Mi limit_cpu=none limit_mem=none vpa_target_cpu=410m vpa_target_mem=250Mi vpa_uncapped_cpu=410m vpa_uncapped_mem=250Mi vpa_lower_cpu=192m vpa_lower_mem=250Mi vpa_upper_cpu=1500m vpa_upper_mem=512Mi
[2026-08-22T02:35:18+02:00] SCENARIO UPF AFTER timestamp=2026-08-22T02:35:18+02:00 active_ue=23 pod=open5gs-upf-5b9db6d44-nsbqz uid=7b5b8ef7-a2a2-4fe9-a3e1-74acd17bd88f restarts=6
[2026-08-22T02:35:18+02:00] SCENARIO END timestamp=2026-08-22T02:35:18+02:00 active_ue=23 rc=0
[2026-08-22T02:35:18+02:00] ================================================================
[2026-08-22T02:35:18+02:00] SCENARIO START timestamp=2026-08-22T02:35:18+02:00 active_ue=25 registered_ue_pool=50 target_host=192.168.1.211 ports=5201-5225 replacement_ports=5251-5265 bitrate_per_ue=1M start_delay=0.05 replacement_min_duration=5 adaptive_extension_max=1
[2026-08-22T02:35:18+02:00] ================================================================
[2026-08-22T02:35:19+02:00] SCENARIO TUNNEL CHECK timestamp=2026-08-22T02:35:19+02:00 active_ue=25 current_tunnels=50 required=50
[2026-08-22T02:35:22+02:00] UPF_CONTROL_SAMPLE timestamp=2026-08-22T02:35:18+02:00 scenario=ue_23 pod=open5gs-upf-5b9db6d44-nsbqz uid=7b5b8ef7-a2a2-4fe9-a3e1-74acd17bd88f restarts=6 usage_cpu=340m usage_mem=39Mi request_cpu=350m request_mem=250Mi limit_cpu=none limit_mem=none vpa_target_cpu=410m vpa_target_mem=250Mi vpa_uncapped_cpu=410m vpa_uncapped_mem=250Mi vpa_lower_cpu=192m vpa_lower_mem=250Mi vpa_upper_cpu=1500m vpa_upper_mem=512Mi
[2026-08-22T02:35:22+02:00] SCENARIO UPF BEFORE timestamp=2026-08-22T02:35:22+02:00 active_ue=25 pod=open5gs-upf-5b9db6d44-nsbqz uid=7b5b8ef7-a2a2-4fe9-a3e1-74acd17bd88f restarts=6
[2026-08-22T02:35:23+02:00] REMOTE_IPERF_PER_UE_START timestamp=2026-08-22T00:35:23+00:00 active_ues=25 tag=ue_25 iperf_host=192.168.1.211 base_port=5201 replacement_base_port=5251 duration=80 bitrate=1M start_delay=0.05 detection=no_rx_counter connect_timeout_s=4 stall_seconds=5 replacement_limit=15 replacement_min_duration_s=5 adaptive_extension_max_s=1 iperf_exit_grace_s=3 server_busy_port_rebinds=1 late_replacement_after_end=disabled wait_for_iperf_exit=until_timeout global_suspect_policy=soft_reuse ramp_supervision=after_initial_start
[2026-08-22T02:35:23+02:00] UE_POOL_STATUS timestamp=2026-08-22T00:35:23+00:00 active_ues=25 registered_tunnels=50 existing_global_suspect_ues=0 used_ues=0 policy=soft_reuse_global_suspects
[2026-08-22T02:35:23+02:00] UE_SLOT_ASSIGN timestamp=2026-08-22T00:35:23+00:00 active_ues=25 slot=0 ue_idx=0 ue_if=uesimtun0 ue_ip=10.45.1.246 candidate_reused_global_suspect=0
[2026-08-22T02:35:23+02:00] UE_SLOT_START timestamp=2026-08-22T00:35:23+00:00 active_ues=25 slot=0 attempt=1 ue_idx=0 ue_if=uesimtun0 ue_ip=10.45.1.246 target=192.168.1.211:5201 bitrate=1M duration_s=80 planned_end_epoch=1787359003 timeout_s=90 hard_timeout_epoch=1787359018 start_rx_bytes=1117834
[2026-08-22T02:35:23+02:00] UE_SLOT_PID timestamp=2026-08-22T00:35:23+00:00 active_ues=25 slot=0 attempt=1 ue_idx=0 pid=34345
[2026-08-22T02:35:23+02:00] UE_SLOT_ASSIGN timestamp=2026-08-22T00:35:23+00:00 active_ues=25 slot=1 ue_idx=1 ue_if=uesimtun1 ue_ip=10.45.1.247 candidate_reused_global_suspect=0
[2026-08-22T02:35:23+02:00] UE_SLOT_START timestamp=2026-08-22T00:35:23+00:00 active_ues=25 slot=1 attempt=1 ue_idx=1 ue_if=uesimtun1 ue_ip=10.45.1.247 target=192.168.1.211:5202 bitrate=1M duration_s=80 planned_end_epoch=1787359003 timeout_s=90 hard_timeout_epoch=1787359018 start_rx_bytes=1021020
[2026-08-22T02:35:23+02:00] UE_SLOT_PID timestamp=2026-08-22T00:35:23+00:00 active_ues=25 slot=1 attempt=1 ue_idx=1 pid=34370
[2026-08-22T02:35:23+02:00] UE_SLOT_ASSIGN timestamp=2026-08-22T00:35:23+00:00 active_ues=25 slot=2 ue_idx=2 ue_if=uesimtun2 ue_ip=10.45.1.248 candidate_reused_global_suspect=0
[2026-08-22T02:35:24+02:00] UE_SLOT_START timestamp=2026-08-22T00:35:23+00:00 active_ues=25 slot=2 attempt=1 ue_idx=2 ue_if=uesimtun2 ue_ip=10.45.1.248 target=192.168.1.211:5203 bitrate=1M duration_s=80 planned_end_epoch=1787359003 timeout_s=90 hard_timeout_epoch=1787359018 start_rx_bytes=1036916
[2026-08-22T02:35:24+02:00] UE_SLOT_PID timestamp=2026-08-22T00:35:23+00:00 active_ues=25 slot=2 attempt=1 ue_idx=2 pid=34395
[2026-08-22T02:35:24+02:00] UE_SLOT_ASSIGN timestamp=2026-08-22T00:35:24+00:00 active_ues=25 slot=3 ue_idx=3 ue_if=uesimtun3 ue_ip=10.45.1.249 candidate_reused_global_suspect=0
[2026-08-22T02:35:24+02:00] UE_SLOT_START timestamp=2026-08-22T00:35:24+00:00 active_ues=25 slot=3 attempt=1 ue_idx=3 ue_if=uesimtun3 ue_ip=10.45.1.249 target=192.168.1.211:5204 bitrate=1M duration_s=80 planned_end_epoch=1787359004 timeout_s=90 hard_timeout_epoch=1787359019 start_rx_bytes=928305
[2026-08-22T02:35:24+02:00] UE_SLOT_PID timestamp=2026-08-22T00:35:24+00:00 active_ues=25 slot=3 attempt=1 ue_idx=3 pid=34420
[2026-08-22T02:35:24+02:00] UE_SLOT_ASSIGN timestamp=2026-08-22T00:35:24+00:00 active_ues=25 slot=4 ue_idx=4 ue_if=uesimtun4 ue_ip=10.45.1.250 candidate_reused_global_suspect=0
[2026-08-22T02:35:24+02:00] UE_SLOT_START timestamp=2026-08-22T00:35:24+00:00 active_ues=25 slot=4 attempt=1 ue_idx=4 ue_if=uesimtun4 ue_ip=10.45.1.250 target=192.168.1.211:5205 bitrate=1M duration_s=80 planned_end_epoch=1787359004 timeout_s=90 hard_timeout_epoch=1787359019 start_rx_bytes=928985
[2026-08-22T02:35:24+02:00] UE_SLOT_PID timestamp=2026-08-22T00:35:24+00:00 active_ues=25 slot=4 attempt=1 ue_idx=4 pid=34445
[2026-08-22T02:35:24+02:00] UE_SLOT_ASSIGN timestamp=2026-08-22T00:35:24+00:00 active_ues=25 slot=5 ue_idx=5 ue_if=uesimtun5 ue_ip=10.45.1.251 candidate_reused_global_suspect=0
[2026-08-22T02:35:24+02:00] UE_SLOT_START timestamp=2026-08-22T00:35:24+00:00 active_ues=25 slot=5 attempt=1 ue_idx=5 ue_if=uesimtun5 ue_ip=10.45.1.251 target=192.168.1.211:5206 bitrate=1M duration_s=80 planned_end_epoch=1787359004 timeout_s=90 hard_timeout_epoch=1787359019 start_rx_bytes=831952
[2026-08-22T02:35:24+02:00] UE_SLOT_PID timestamp=2026-08-22T00:35:24+00:00 active_ues=25 slot=5 attempt=1 ue_idx=5 pid=34470
[2026-08-22T02:35:24+02:00] UE_SLOT_ASSIGN timestamp=2026-08-22T00:35:24+00:00 active_ues=25 slot=6 ue_idx=6 ue_if=uesimtun6 ue_ip=10.45.1.252 candidate_reused_global_suspect=0
[2026-08-22T02:35:24+02:00] UE_SLOT_START timestamp=2026-08-22T00:35:24+00:00 active_ues=25 slot=6 attempt=1 ue_idx=6 ue_if=uesimtun6 ue_ip=10.45.1.252 target=192.168.1.211:5207 bitrate=1M duration_s=80 planned_end_epoch=1787359004 timeout_s=90 hard_timeout_epoch=1787359019 start_rx_bytes=844028
[2026-08-22T02:35:24+02:00] UE_SLOT_PID timestamp=2026-08-22T00:35:24+00:00 active_ues=25 slot=6 attempt=1 ue_idx=6 pid=34495
[2026-08-22T02:35:25+02:00] UE_SLOT_ASSIGN timestamp=2026-08-22T00:35:25+00:00 active_ues=25 slot=7 ue_idx=7 ue_if=uesimtun7 ue_ip=10.45.1.253 candidate_reused_global_suspect=0
[2026-08-22T02:35:25+02:00] UE_SLOT_START timestamp=2026-08-22T00:35:25+00:00 active_ues=25 slot=7 attempt=1 ue_idx=7 ue_if=uesimtun7 ue_ip=10.45.1.253 target=192.168.1.211:5208 bitrate=1M duration_s=80 planned_end_epoch=1787359005 timeout_s=90 hard_timeout_epoch=1787359020 start_rx_bytes=740894
[2026-08-22T02:35:25+02:00] UE_SLOT_PID timestamp=2026-08-22T00:35:25+00:00 active_ues=25 slot=7 attempt=1 ue_idx=7 pid=34520
[2026-08-22T02:35:25+02:00] UE_SLOT_ASSIGN timestamp=2026-08-22T00:35:25+00:00 active_ues=25 slot=8 ue_idx=8 ue_if=uesimtun8 ue_ip=10.45.1.254 candidate_reused_global_suspect=0
[2026-08-22T02:35:25+02:00] UE_SLOT_START timestamp=2026-08-22T00:35:25+00:00 active_ues=25 slot=8 attempt=1 ue_idx=8 ue_if=uesimtun8 ue_ip=10.45.1.254 target=192.168.1.211:5209 bitrate=1M duration_s=80 planned_end_epoch=1787359005 timeout_s=90 hard_timeout_epoch=1787359020 start_rx_bytes=745590
[2026-08-22T02:35:25+02:00] UE_SLOT_PID timestamp=2026-08-22T00:35:25+00:00 active_ues=25 slot=8 attempt=1 ue_idx=8 pid=34545
[2026-08-22T02:35:25+02:00] UE_SLOT_ASSIGN timestamp=2026-08-22T00:35:25+00:00 active_ues=25 slot=9 ue_idx=9 ue_if=uesimtun9 ue_ip=10.45.1.255 candidate_reused_global_suspect=0
[2026-08-22T02:35:25+02:00] UE_SLOT_START timestamp=2026-08-22T00:35:25+00:00 active_ues=25 slot=9 attempt=1 ue_idx=9 ue_if=uesimtun9 ue_ip=10.45.1.255 target=192.168.1.211:5210 bitrate=1M duration_s=80 planned_end_epoch=1787359005 timeout_s=90 hard_timeout_epoch=1787359020 start_rx_bytes=673288
[2026-08-22T02:35:25+02:00] UE_SLOT_PID timestamp=2026-08-22T00:35:25+00:00 active_ues=25 slot=9 attempt=1 ue_idx=9 pid=34570
[2026-08-22T02:35:25+02:00] UE_SLOT_ASSIGN timestamp=2026-08-22T00:35:25+00:00 active_ues=25 slot=10 ue_idx=10 ue_if=uesimtun10 ue_ip=10.45.2.2 candidate_reused_global_suspect=0
[2026-08-22T02:35:25+02:00] UE_SLOT_START timestamp=2026-08-22T00:35:25+00:00 active_ues=25 slot=10 attempt=1 ue_idx=10 ue_if=uesimtun10 ue_ip=10.45.2.2 target=192.168.1.211:5211 bitrate=1M duration_s=80 planned_end_epoch=1787359005 timeout_s=90 hard_timeout_epoch=1787359020 start_rx_bytes=650550
[2026-08-22T02:35:25+02:00] UE_SLOT_PID timestamp=2026-08-22T00:35:25+00:00 active_ues=25 slot=10 attempt=1 ue_idx=10 pid=34595
[2026-08-22T02:35:25+02:00] UE_SLOT_ASSIGN timestamp=2026-08-22T00:35:25+00:00 active_ues=25 slot=11 ue_idx=11 ue_if=uesimtun11 ue_ip=10.45.2.22 candidate_reused_global_suspect=0
[2026-08-22T02:35:26+02:00] UE_SLOT_START timestamp=2026-08-22T00:35:25+00:00 active_ues=25 slot=11 attempt=1 ue_idx=11 ue_if=uesimtun11 ue_ip=10.45.2.22 target=192.168.1.211:5212 bitrate=1M duration_s=80 planned_end_epoch=1787359005 timeout_s=90 hard_timeout_epoch=1787359020 start_rx_bytes=570433
[2026-08-22T02:35:26+02:00] UE_SLOT_PID timestamp=2026-08-22T00:35:25+00:00 active_ues=25 slot=11 attempt=1 ue_idx=11 pid=34620
[2026-08-22T02:35:26+02:00] UE_SLOT_ASSIGN timestamp=2026-08-22T00:35:26+00:00 active_ues=25 slot=12 ue_idx=12 ue_if=uesimtun12 ue_ip=10.45.2.5 candidate_reused_global_suspect=0
[2026-08-22T02:35:26+02:00] UE_SLOT_START timestamp=2026-08-22T00:35:26+00:00 active_ues=25 slot=12 attempt=1 ue_idx=12 ue_if=uesimtun12 ue_ip=10.45.2.5 target=192.168.1.211:5213 bitrate=1M duration_s=80 planned_end_epoch=1787359006 timeout_s=90 hard_timeout_epoch=1787359021 start_rx_bytes=554891
[2026-08-22T02:35:26+02:00] UE_SLOT_PID timestamp=2026-08-22T00:35:26+00:00 active_ues=25 slot=12 attempt=1 ue_idx=12 pid=34645
[2026-08-22T02:35:26+02:00] UE_SLOT_ASSIGN timestamp=2026-08-22T00:35:26+00:00 active_ues=25 slot=13 ue_idx=13 ue_if=uesimtun13 ue_ip=10.45.2.0 candidate_reused_global_suspect=0
[2026-08-22T02:35:26+02:00] UE_SLOT_START timestamp=2026-08-22T00:35:26+00:00 active_ues=25 slot=13 attempt=1 ue_idx=13 ue_if=uesimtun13 ue_ip=10.45.2.0 target=192.168.1.211:5214 bitrate=1M duration_s=80 planned_end_epoch=1787359006 timeout_s=90 hard_timeout_epoch=1787359021 start_rx_bytes=468143
[2026-08-22T02:35:26+02:00] UE_SLOT_PID timestamp=2026-08-22T00:35:26+00:00 active_ues=25 slot=13 attempt=1 ue_idx=13 pid=34670
[2026-08-22T02:35:26+02:00] UE_SLOT_ASSIGN timestamp=2026-08-22T00:35:26+00:00 active_ues=25 slot=14 ue_idx=14 ue_if=uesimtun14 ue_ip=10.45.2.8 candidate_reused_global_suspect=0
[2026-08-22T02:35:26+02:00] UE_SLOT_START timestamp=2026-08-22T00:35:26+00:00 active_ues=25 slot=14 attempt=1 ue_idx=14 ue_if=uesimtun14 ue_ip=10.45.2.8 target=192.168.1.211:5215 bitrate=1M duration_s=80 planned_end_epoch=1787359006 timeout_s=90 hard_timeout_epoch=1787359021 start_rx_bytes=481140
[2026-08-22T02:35:26+02:00] UE_SLOT_PID timestamp=2026-08-22T00:35:26+00:00 active_ues=25 slot=14 attempt=1 ue_idx=14 pid=34695
[2026-08-22T02:35:26+02:00] UE_SLOT_ASSIGN timestamp=2026-08-22T00:35:26+00:00 active_ues=25 slot=15 ue_idx=15 ue_if=uesimtun15 ue_ip=10.45.2.6 candidate_reused_global_suspect=0
[2026-08-22T02:35:26+02:00] UE_SLOT_START timestamp=2026-08-22T00:35:26+00:00 active_ues=25 slot=15 attempt=1 ue_idx=15 ue_if=uesimtun15 ue_ip=10.45.2.6 target=192.168.1.211:5216 bitrate=1M duration_s=80 planned_end_epoch=1787359006 timeout_s=90 hard_timeout_epoch=1787359021 start_rx_bytes=381523
[2026-08-22T02:35:26+02:00] UE_SLOT_PID timestamp=2026-08-22T00:35:26+00:00 active_ues=25 slot=15 attempt=1 ue_idx=15 pid=34720
[2026-08-22T02:35:26+02:00] UPF_CONTROL_SAMPLE timestamp=2026-08-22T02:35:23+02:00 scenario=ue_25 pod=open5gs-upf-5b9db6d44-nsbqz uid=7b5b8ef7-a2a2-4fe9-a3e1-74acd17bd88f restarts=6 usage_cpu=251m usage_mem=38Mi request_cpu=350m request_mem=250Mi limit_cpu=none limit_mem=none vpa_target_cpu=410m vpa_target_mem=250Mi vpa_uncapped_cpu=410m vpa_uncapped_mem=250Mi vpa_lower_cpu=192m vpa_lower_mem=250Mi vpa_upper_cpu=1500m vpa_upper_mem=512Mi
[2026-08-22T02:35:27+02:00] UE_SLOT_ASSIGN timestamp=2026-08-22T00:35:27+00:00 active_ues=25 slot=16 ue_idx=16 ue_if=uesimtun16 ue_ip=10.45.2.7 candidate_reused_global_suspect=0
[2026-08-22T02:35:27+02:00] UE_SLOT_START timestamp=2026-08-22T00:35:27+00:00 active_ues=25 slot=16 attempt=1 ue_idx=16 ue_if=uesimtun16 ue_ip=10.45.2.7 target=192.168.1.211:5217 bitrate=1M duration_s=80 planned_end_epoch=1787359007 timeout_s=90 hard_timeout_epoch=1787359022 start_rx_bytes=375760
[2026-08-22T02:35:27+02:00] UE_SLOT_PID timestamp=2026-08-22T00:35:27+00:00 active_ues=25 slot=16 attempt=1 ue_idx=16 pid=34745
[2026-08-22T02:35:27+02:00] UE_SLOT_ASSIGN timestamp=2026-08-22T00:35:27+00:00 active_ues=25 slot=17 ue_idx=17 ue_if=uesimtun17 ue_ip=10.45.2.3 candidate_reused_global_suspect=0
[2026-08-22T02:35:27+02:00] UE_SLOT_START timestamp=2026-08-22T00:35:27+00:00 active_ues=25 slot=17 attempt=1 ue_idx=17 ue_if=uesimtun17 ue_ip=10.45.2.3 target=192.168.1.211:5218 bitrate=1M duration_s=80 planned_end_epoch=1787359007 timeout_s=90 hard_timeout_epoch=1787359022 start_rx_bytes=281047
[2026-08-22T02:35:27+02:00] UE_SLOT_PID timestamp=2026-08-22T00:35:27+00:00 active_ues=25 slot=17 attempt=1 ue_idx=17 pid=34770
[2026-08-22T02:35:27+02:00] UE_SLOT_ASSIGN timestamp=2026-08-22T00:35:27+00:00 active_ues=25 slot=18 ue_idx=18 ue_if=uesimtun18 ue_ip=10.45.2.13 candidate_reused_global_suspect=0
[2026-08-22T02:35:27+02:00] UE_SLOT_START timestamp=2026-08-22T00:35:27+00:00 active_ues=25 slot=18 attempt=1 ue_idx=18 ue_if=uesimtun18 ue_ip=10.45.2.13 target=192.168.1.211:5219 bitrate=1M duration_s=80 planned_end_epoch=1787359007 timeout_s=90 hard_timeout_epoch=1787359022 start_rx_bytes=286875
[2026-08-22T02:35:27+02:00] UE_SLOT_PID timestamp=2026-08-22T00:35:27+00:00 active_ues=25 slot=18 attempt=1 ue_idx=18 pid=34795
[2026-08-22T02:35:27+02:00] UE_SLOT_ASSIGN timestamp=2026-08-22T00:35:27+00:00 active_ues=25 slot=19 ue_idx=19 ue_if=uesimtun19 ue_ip=10.45.2.12 candidate_reused_global_suspect=0
[2026-08-22T02:35:27+02:00] UE_SLOT_START timestamp=2026-08-22T00:35:27+00:00 active_ues=25 slot=19 attempt=1 ue_idx=19 ue_if=uesimtun19 ue_ip=10.45.2.12 target=192.168.1.211:5220 bitrate=1M duration_s=80 planned_end_epoch=1787359007 timeout_s=90 hard_timeout_epoch=1787359022 start_rx_bytes=198947
[2026-08-22T02:35:27+02:00] UE_SLOT_PID timestamp=2026-08-22T00:35:27+00:00 active_ues=25 slot=19 attempt=1 ue_idx=19 pid=34820
[2026-08-22T02:35:28+02:00] UE_SLOT_ASSIGN timestamp=2026-08-22T00:35:28+00:00 active_ues=25 slot=20 ue_idx=20 ue_if=uesimtun20 ue_ip=10.45.2.15 candidate_reused_global_suspect=0
[2026-08-22T02:35:28+02:00] UE_SLOT_START timestamp=2026-08-22T00:35:28+00:00 active_ues=25 slot=20 attempt=1 ue_idx=20 ue_if=uesimtun20 ue_ip=10.45.2.15 target=192.168.1.211:5221 bitrate=1M duration_s=80 planned_end_epoch=1787359008 timeout_s=90 hard_timeout_epoch=1787359023 start_rx_bytes=193112
[2026-08-22T02:35:28+02:00] UE_SLOT_PID timestamp=2026-08-22T00:35:28+00:00 active_ues=25 slot=20 attempt=1 ue_idx=20 pid=34845
[2026-08-22T02:35:28+02:00] UE_SLOT_ASSIGN timestamp=2026-08-22T00:35:28+00:00 active_ues=25 slot=21 ue_idx=21 ue_if=uesimtun21 ue_ip=10.45.2.17 candidate_reused_global_suspect=0
[2026-08-22T02:35:28+02:00] UE_SLOT_START timestamp=2026-08-22T00:35:28+00:00 active_ues=25 slot=21 attempt=1 ue_idx=21 ue_if=uesimtun21 ue_ip=10.45.2.17 target=192.168.1.211:5222 bitrate=1M duration_s=80 planned_end_epoch=1787359008 timeout_s=90 hard_timeout_epoch=1787359023 start_rx_bytes=98316
[2026-08-22T02:35:28+02:00] UE_SLOT_PID timestamp=2026-08-22T00:35:28+00:00 active_ues=25 slot=21 attempt=1 ue_idx=21 pid=34870
[2026-08-22T02:35:28+02:00] UE_SLOT_ASSIGN timestamp=2026-08-22T00:35:28+00:00 active_ues=25 slot=22 ue_idx=22 ue_if=uesimtun22 ue_ip=10.45.2.19 candidate_reused_global_suspect=0
[2026-08-22T02:35:28+02:00] UE_SLOT_START timestamp=2026-08-22T00:35:28+00:00 active_ues=25 slot=22 attempt=1 ue_idx=22 ue_if=uesimtun22 ue_ip=10.45.2.19 target=192.168.1.211:5223 bitrate=1M duration_s=80 planned_end_epoch=1787359008 timeout_s=90 hard_timeout_epoch=1787359023 start_rx_bytes=92288
[2026-08-22T02:35:28+02:00] UE_SLOT_PID timestamp=2026-08-22T00:35:28+00:00 active_ues=25 slot=22 attempt=1 ue_idx=22 pid=34895
[2026-08-22T02:35:28+02:00] UE_SLOT_ASSIGN timestamp=2026-08-22T00:35:28+00:00 active_ues=25 slot=23 ue_idx=23 ue_if=uesimtun23 ue_ip=10.45.2.21 candidate_reused_global_suspect=0
[2026-08-22T02:35:28+02:00] UE_SLOT_START timestamp=2026-08-22T00:35:28+00:00 active_ues=25 slot=23 attempt=1 ue_idx=23 ue_if=uesimtun23 ue_ip=10.45.2.21 target=192.168.1.211:5224 bitrate=1M duration_s=80 planned_end_epoch=1787359008 timeout_s=90 hard_timeout_epoch=1787359023 start_rx_bytes=0
[2026-08-22T02:35:28+02:00] UE_SLOT_PID timestamp=2026-08-22T00:35:28+00:00 active_ues=25 slot=23 attempt=1 ue_idx=23 pid=34920
[2026-08-22T02:35:29+02:00] UE_SLOT_ASSIGN timestamp=2026-08-22T00:35:29+00:00 active_ues=25 slot=24 ue_idx=24 ue_if=uesimtun24 ue_ip=10.45.2.23 candidate_reused_global_suspect=0
[2026-08-22T02:35:29+02:00] UE_SLOT_START timestamp=2026-08-22T00:35:29+00:00 active_ues=25 slot=24 attempt=1 ue_idx=24 ue_if=uesimtun24 ue_ip=10.45.2.23 target=192.168.1.211:5225 bitrate=1M duration_s=80 planned_end_epoch=1787359009 timeout_s=90 hard_timeout_epoch=1787359024 start_rx_bytes=0
[2026-08-22T02:35:29+02:00] UE_SLOT_PID timestamp=2026-08-22T00:35:29+00:00 active_ues=25 slot=24 attempt=1 ue_idx=24 pid=34945
[2026-08-22T02:35:29+02:00] IPERF_MAPPING_SUMMARY timestamp=2026-08-22T00:35:29+00:00 active_ues=25 registered_tunnels=50 initial_ports=5201-5225 replacement_ports=5251-5265 bitrate=1M start_delay=0.05 detection=no_rx_counter replacement_min_duration_s=5 adaptive_extension_max_s=1 iperf_exit_grace_s=3 server_busy_port_rebinds=1 late_replacement_after_end=disabled wait_for_iperf_exit=until_timeout global_suspect_policy=soft_reuse ramp_supervision=after_initial_start
[2026-08-22T02:35:31+02:00] UPF_REQUEST_CHANGE timestamp=2026-08-22T02:35:28+02:00 scenario=ue_25 pod=open5gs-upf-5b9db6d44-nsbqz uid=7b5b8ef7-a2a2-4fe9-a3e1-74acd17bd88f restarts=6 old='request_cpu=350m request_mem=250Mi limit_cpu=none limit_mem=none' new='request_cpu=410m request_mem=250Mi limit_cpu=none limit_mem=none' previous_5s_sample='timestamp=2026-08-22T02:35:23+02:00 scenario=ue_25 pod=open5gs-upf-5b9db6d44-nsbqz uid=7b5b8ef7-a2a2-4fe9-a3e1-74acd17bd88f restarts=6 usage_cpu=251m usage_mem=38Mi request_cpu=350m request_mem=250Mi limit_cpu=none limit_mem=none vpa_target_cpu=410m vpa_target_mem=250Mi vpa_uncapped_cpu=410m vpa_uncapped_mem=250Mi vpa_lower_cpu=192m vpa_lower_mem=250Mi vpa_upper_cpu=1500m vpa_upper_mem=512Mi' current_sample='timestamp=2026-08-22T02:35:28+02:00 scenario=ue_25 pod=open5gs-upf-5b9db6d44-nsbqz uid=7b5b8ef7-a2a2-4fe9-a3e1-74acd17bd88f restarts=6 usage_cpu=251m usage_mem=38Mi request_cpu=410m request_mem=250Mi limit_cpu=none limit_mem=none vpa_target_cpu=410m vpa_target_mem=250Mi vpa_uncapped_cpu=410m vpa_uncapped_mem=250Mi vpa_lower_cpu=192m vpa_lower_mem=250Mi vpa_upper_cpu=1500m vpa_upper_mem=512Mi'
[2026-08-22T02:35:31+02:00] UPF_CONTROL_SAMPLE timestamp=2026-08-22T02:35:28+02:00 scenario=ue_25 pod=open5gs-upf-5b9db6d44-nsbqz uid=7b5b8ef7-a2a2-4fe9-a3e1-74acd17bd88f restarts=6 usage_cpu=251m usage_mem=38Mi request_cpu=410m request_mem=250Mi limit_cpu=none limit_mem=none vpa_target_cpu=410m vpa_target_mem=250Mi vpa_uncapped_cpu=410m vpa_uncapped_mem=250Mi vpa_lower_cpu=192m vpa_lower_mem=250Mi vpa_upper_cpu=1500m vpa_upper_mem=512Mi
[2026-08-22T02:35:35+02:00] UPF_CONTROL_SAMPLE timestamp=2026-08-22T02:35:32+02:00 scenario=ue_25 pod=open5gs-upf-5b9db6d44-nsbqz uid=7b5b8ef7-a2a2-4fe9-a3e1-74acd17bd88f restarts=6 usage_cpu=251m usage_mem=38Mi request_cpu=410m request_mem=250Mi limit_cpu=none limit_mem=none vpa_target_cpu=410m vpa_target_mem=250Mi vpa_uncapped_cpu=410m vpa_uncapped_mem=250Mi vpa_lower_cpu=192m vpa_lower_mem=250Mi vpa_upper_cpu=1500m vpa_upper_mem=512Mi
[2026-08-22T02:35:40+02:00] UPF_CONTROL_SAMPLE timestamp=2026-08-22T02:35:37+02:00 scenario=ue_25 pod=open5gs-upf-5b9db6d44-nsbqz uid=7b5b8ef7-a2a2-4fe9-a3e1-74acd17bd88f restarts=6 usage_cpu=251m usage_mem=38Mi request_cpu=410m request_mem=250Mi limit_cpu=none limit_mem=none vpa_target_cpu=410m vpa_target_mem=250Mi vpa_uncapped_cpu=410m vpa_uncapped_mem=250Mi vpa_lower_cpu=192m vpa_lower_mem=250Mi vpa_upper_cpu=1500m vpa_upper_mem=512Mi
[2026-08-22T02:35:43+02:00] FAILED_CLIENT_LOG_BEGIN slot=22 logfile=/tmp/upf_iperf_adaptive_20260822_021535_ue_25/slot_22_attempt_1_ue_22_port_5223.log
[2026-08-22T02:35:43+02:00] FAILED_CLIENT_LOG_END slot=22 logfile=/tmp/upf_iperf_adaptive_20260822_021535_ue_25/slot_22_attempt_1_ue_22_port_5223.log
[2026-08-22T02:35:43+02:00] UE_SLOT_PROBLEM_DETECTED timestamp=2026-08-22T00:35:43+00:00 active_ues=25 slot=22 attempt=1 ue_idx=22 ue_if=uesimtun22 ue_ip=10.45.2.19 port=5223 reason=rx_stall_5s remaining_s=65
[2026-08-22T02:35:43+02:00] UE_MARKED_PROBLEMATIC timestamp=2026-08-22T00:35:43+00:00 active_ues=25 ue_idx=22 reason=rx_stall_5s scope=scenario_and_global_suspect
[2026-08-22T02:35:43+02:00] UE_SLOT_REPLACE timestamp=2026-08-22T00:35:43+00:00 active_ues=25 slot=22 reason=rx_stall_5s old_attempt=1 old_ue_idx=22 old_ue_if=uesimtun22 old_ue_ip=10.45.2.19 old_port=5223 new_attempt=2 new_ue_idx=25 new_ue_if=uesimtun25 new_ue_ip=10.45.2.27 new_port=5251 remaining_s=65 extension_used_s=0 extension_limit_s=1 candidate_reused_global_suspect=0 replacements_total=1
[2026-08-22T02:35:43+02:00] UE_SLOT_START timestamp=2026-08-22T00:35:43+00:00 active_ues=25 slot=22 attempt=2 ue_idx=25 ue_if=uesimtun25 ue_ip=10.45.2.27 target=192.168.1.211:5251 bitrate=1M duration_s=65 planned_end_epoch=1787359008 timeout_s=75 hard_timeout_epoch=1787359023 start_rx_bytes=0
[2026-08-22T02:35:43+02:00] UE_SLOT_PID timestamp=2026-08-22T00:35:43+00:00 active_ues=25 slot=22 attempt=2 ue_idx=25 pid=35641
[2026-08-22T02:35:45+02:00] UPF_CONTROL_SAMPLE timestamp=2026-08-22T02:35:41+02:00 scenario=ue_25 pod=open5gs-upf-5b9db6d44-nsbqz uid=7b5b8ef7-a2a2-4fe9-a3e1-74acd17bd88f restarts=6 usage_cpu=151m usage_mem=39Mi request_cpu=410m request_mem=250Mi limit_cpu=none limit_mem=none vpa_target_cpu=410m vpa_target_mem=250Mi vpa_uncapped_cpu=410m vpa_uncapped_mem=250Mi vpa_lower_cpu=192m vpa_lower_mem=250Mi vpa_upper_cpu=1500m vpa_upper_mem=512Mi
[2026-08-22T02:35:50+02:00] VPA_RECOMMENDATION_CHANGE timestamp=2026-08-22T02:35:46+02:00 scenario=ue_25 old='vpa_target_cpu=410m vpa_target_mem=250Mi vpa_uncapped_cpu=410m vpa_uncapped_mem=250Mi vpa_lower_cpu=192m vpa_lower_mem=250Mi vpa_upper_cpu=1500m vpa_upper_mem=512Mi' new='vpa_target_cpu=410m vpa_target_mem=250Mi vpa_uncapped_cpu=410m vpa_uncapped_mem=250Mi vpa_lower_cpu=193m vpa_lower_mem=250Mi vpa_upper_cpu=1500m vpa_upper_mem=512Mi' previous_5s_sample='timestamp=2026-08-22T02:35:41+02:00 scenario=ue_25 pod=open5gs-upf-5b9db6d44-nsbqz uid=7b5b8ef7-a2a2-4fe9-a3e1-74acd17bd88f restarts=6 usage_cpu=151m usage_mem=39Mi request_cpu=410m request_mem=250Mi limit_cpu=none limit_mem=none vpa_target_cpu=410m vpa_target_mem=250Mi vpa_uncapped_cpu=410m vpa_uncapped_mem=250Mi vpa_lower_cpu=192m vpa_lower_mem=250Mi vpa_upper_cpu=1500m vpa_upper_mem=512Mi' current_sample='timestamp=2026-08-22T02:35:46+02:00 scenario=ue_25 pod=open5gs-upf-5b9db6d44-nsbqz uid=7b5b8ef7-a2a2-4fe9-a3e1-74acd17bd88f restarts=6 usage_cpu=151m usage_mem=39Mi request_cpu=410m request_mem=250Mi limit_cpu=none limit_mem=none vpa_target_cpu=410m vpa_target_mem=250Mi vpa_uncapped_cpu=410m vpa_uncapped_mem=250Mi vpa_lower_cpu=193m vpa_lower_mem=250Mi vpa_upper_cpu=1500m vpa_upper_mem=512Mi'
[2026-08-22T02:35:50+02:00] UPF_CONTROL_SAMPLE timestamp=2026-08-22T02:35:46+02:00 scenario=ue_25 pod=open5gs-upf-5b9db6d44-nsbqz uid=7b5b8ef7-a2a2-4fe9-a3e1-74acd17bd88f restarts=6 usage_cpu=151m usage_mem=39Mi request_cpu=410m request_mem=250Mi limit_cpu=none limit_mem=none vpa_target_cpu=410m vpa_target_mem=250Mi vpa_uncapped_cpu=410m vpa_uncapped_mem=250Mi vpa_lower_cpu=193m vpa_lower_mem=250Mi vpa_upper_cpu=1500m vpa_upper_mem=512Mi
[2026-08-22T02:35:55+02:00] UPF_CONTROL_SAMPLE timestamp=2026-08-22T02:35:51+02:00 scenario=ue_25 pod=open5gs-upf-5b9db6d44-nsbqz uid=7b5b8ef7-a2a2-4fe9-a3e1-74acd17bd88f restarts=6 usage_cpu=151m usage_mem=39Mi request_cpu=410m request_mem=250Mi limit_cpu=none limit_mem=none vpa_target_cpu=410m vpa_target_mem=250Mi vpa_uncapped_cpu=410m vpa_uncapped_mem=250Mi vpa_lower_cpu=193m vpa_lower_mem=250Mi vpa_upper_cpu=1500m vpa_upper_mem=512Mi
[2026-08-22T02:36:00+02:00] UPF_CONTROL_SAMPLE timestamp=2026-08-22T02:35:56+02:00 scenario=ue_25 pod=open5gs-upf-5b9db6d44-nsbqz uid=7b5b8ef7-a2a2-4fe9-a3e1-74acd17bd88f restarts=6 usage_cpu=377m usage_mem=38Mi request_cpu=410m request_mem=250Mi limit_cpu=none limit_mem=none vpa_target_cpu=410m vpa_target_mem=250Mi vpa_uncapped_cpu=410m vpa_uncapped_mem=250Mi vpa_lower_cpu=193m vpa_lower_mem=250Mi vpa_upper_cpu=1500m vpa_upper_mem=512Mi
[2026-08-22T02:36:05+02:00] UPF_CONTROL_SAMPLE timestamp=2026-08-22T02:36:01+02:00 scenario=ue_25 pod=open5gs-upf-5b9db6d44-nsbqz uid=7b5b8ef7-a2a2-4fe9-a3e1-74acd17bd88f restarts=6 usage_cpu=377m usage_mem=38Mi request_cpu=410m request_mem=250Mi limit_cpu=none limit_mem=none vpa_target_cpu=410m vpa_target_mem=250Mi vpa_uncapped_cpu=410m vpa_uncapped_mem=250Mi vpa_lower_cpu=193m vpa_lower_mem=250Mi vpa_upper_cpu=1500m vpa_upper_mem=512Mi
[2026-08-22T02:36:09+02:00] UPF_CONTROL_SAMPLE timestamp=2026-08-22T02:36:06+02:00 scenario=ue_25 pod=open5gs-upf-5b9db6d44-nsbqz uid=7b5b8ef7-a2a2-4fe9-a3e1-74acd17bd88f restarts=6 usage_cpu=377m usage_mem=38Mi request_cpu=410m request_mem=250Mi limit_cpu=none limit_mem=none vpa_target_cpu=410m vpa_target_mem=250Mi vpa_uncapped_cpu=410m vpa_uncapped_mem=250Mi vpa_lower_cpu=193m vpa_lower_mem=250Mi vpa_upper_cpu=1500m vpa_upper_mem=512Mi
[2026-08-22T02:36:14+02:00] UPF_CONTROL_SAMPLE timestamp=2026-08-22T02:36:10+02:00 scenario=ue_25 pod=open5gs-upf-5b9db6d44-nsbqz uid=7b5b8ef7-a2a2-4fe9-a3e1-74acd17bd88f restarts=6 usage_cpu=390m usage_mem=39Mi request_cpu=410m request_mem=250Mi limit_cpu=none limit_mem=none vpa_target_cpu=410m vpa_target_mem=250Mi vpa_uncapped_cpu=410m vpa_uncapped_mem=250Mi vpa_lower_cpu=193m vpa_lower_mem=250Mi vpa_upper_cpu=1500m vpa_upper_mem=512Mi
[2026-08-22T02:36:18+02:00] UPF_CONTROL_SAMPLE timestamp=2026-08-22T02:36:15+02:00 scenario=ue_25 pod=open5gs-upf-5b9db6d44-nsbqz uid=7b5b8ef7-a2a2-4fe9-a3e1-74acd17bd88f restarts=6 usage_cpu=390m usage_mem=39Mi request_cpu=410m request_mem=250Mi limit_cpu=none limit_mem=none vpa_target_cpu=410m vpa_target_mem=250Mi vpa_uncapped_cpu=410m vpa_uncapped_mem=250Mi vpa_lower_cpu=193m vpa_lower_mem=250Mi vpa_upper_cpu=1500m vpa_upper_mem=512Mi
[2026-08-22T02:36:23+02:00] UPF_CONTROL_SAMPLE timestamp=2026-08-22T02:36:20+02:00 scenario=ue_25 pod=open5gs-upf-5b9db6d44-nsbqz uid=7b5b8ef7-a2a2-4fe9-a3e1-74acd17bd88f restarts=6 usage_cpu=390m usage_mem=39Mi request_cpu=410m request_mem=250Mi limit_cpu=none limit_mem=none vpa_target_cpu=410m vpa_target_mem=250Mi vpa_uncapped_cpu=410m vpa_uncapped_mem=250Mi vpa_lower_cpu=193m vpa_lower_mem=250Mi vpa_upper_cpu=1500m vpa_upper_mem=512Mi
[2026-08-22T02:36:28+02:00] UPF_CONTROL_SAMPLE timestamp=2026-08-22T02:36:24+02:00 scenario=ue_25 pod=open5gs-upf-5b9db6d44-nsbqz uid=7b5b8ef7-a2a2-4fe9-a3e1-74acd17bd88f restarts=6 usage_cpu=399m usage_mem=39Mi request_cpu=410m request_mem=250Mi limit_cpu=none limit_mem=none vpa_target_cpu=410m vpa_target_mem=250Mi vpa_uncapped_cpu=410m vpa_uncapped_mem=250Mi vpa_lower_cpu=193m vpa_lower_mem=250Mi vpa_upper_cpu=1500m vpa_upper_mem=512Mi
[2026-08-22T02:36:33+02:00] UPF_CONTROL_SAMPLE timestamp=2026-08-22T02:36:29+02:00 scenario=ue_25 pod=open5gs-upf-5b9db6d44-nsbqz uid=7b5b8ef7-a2a2-4fe9-a3e1-74acd17bd88f restarts=6 usage_cpu=399m usage_mem=39Mi request_cpu=410m request_mem=250Mi limit_cpu=none limit_mem=none vpa_target_cpu=410m vpa_target_mem=250Mi vpa_uncapped_cpu=410m vpa_uncapped_mem=250Mi vpa_lower_cpu=193m vpa_lower_mem=250Mi vpa_upper_cpu=1500m vpa_upper_mem=512Mi
[2026-08-22T02:36:37+02:00] UPF_CONTROL_SAMPLE timestamp=2026-08-22T02:36:34+02:00 scenario=ue_25 pod=open5gs-upf-5b9db6d44-nsbqz uid=7b5b8ef7-a2a2-4fe9-a3e1-74acd17bd88f restarts=6 usage_cpu=399m usage_mem=39Mi request_cpu=410m request_mem=250Mi limit_cpu=none limit_mem=none vpa_target_cpu=410m vpa_target_mem=250Mi vpa_uncapped_cpu=410m vpa_uncapped_mem=250Mi vpa_lower_cpu=193m vpa_lower_mem=250Mi vpa_upper_cpu=1500m vpa_upper_mem=512Mi
[2026-08-22T02:36:41+02:00] UPF_CONTROL_SAMPLE timestamp=2026-08-22T02:36:38+02:00 scenario=ue_25 pod=open5gs-upf-5b9db6d44-nsbqz uid=7b5b8ef7-a2a2-4fe9-a3e1-74acd17bd88f restarts=6 usage_cpu=375m usage_mem=38Mi request_cpu=410m request_mem=250Mi limit_cpu=none limit_mem=none vpa_target_cpu=410m vpa_target_mem=250Mi vpa_uncapped_cpu=410m vpa_uncapped_mem=250Mi vpa_lower_cpu=193m vpa_lower_mem=250Mi vpa_upper_cpu=1500m vpa_upper_mem=512Mi
[2026-08-22T02:36:44+02:00] UE_SLOT_DONE timestamp=2026-08-22T00:36:44+00:00 active_ues=25 slot=0 attempt=1 ue_idx=0 ue_if=uesimtun0 ue_ip=10.45.1.246 port=5201 rc=0 replacements_for_slot=0 server_busy_retries_for_slot=0
[2026-08-22T02:36:44+02:00] UE_SLOT_DONE timestamp=2026-08-22T00:36:44+00:00 active_ues=25 slot=1 attempt=1 ue_idx=1 ue_if=uesimtun1 ue_ip=10.45.1.247 port=5202 rc=0 replacements_for_slot=0 server_busy_retries_for_slot=0
[2026-08-22T02:36:44+02:00] UE_SLOT_DONE timestamp=2026-08-22T00:36:44+00:00 active_ues=25 slot=2 attempt=1 ue_idx=2 ue_if=uesimtun2 ue_ip=10.45.1.248 port=5203 rc=0 replacements_for_slot=0 server_busy_retries_for_slot=0
[2026-08-22T02:36:44+02:00] UE_SLOT_DONE timestamp=2026-08-22T00:36:44+00:00 active_ues=25 slot=3 attempt=1 ue_idx=3 ue_if=uesimtun3 ue_ip=10.45.1.249 port=5204 rc=0 replacements_for_slot=0 server_busy_retries_for_slot=0
[2026-08-22T02:36:44+02:00] UE_SLOT_DONE timestamp=2026-08-22T00:36:44+00:00 active_ues=25 slot=4 attempt=1 ue_idx=4 ue_if=uesimtun4 ue_ip=10.45.1.250 port=5205 rc=0 replacements_for_slot=0 server_busy_retries_for_slot=0
[2026-08-22T02:36:46+02:00] UE_SLOT_DONE timestamp=2026-08-22T00:36:46+00:00 active_ues=25 slot=5 attempt=1 ue_idx=5 ue_if=uesimtun5 ue_ip=10.45.1.251 port=5206 rc=0 replacements_for_slot=0 server_busy_retries_for_slot=0
[2026-08-22T02:36:46+02:00] UE_SLOT_DONE timestamp=2026-08-22T00:36:46+00:00 active_ues=25 slot=6 attempt=1 ue_idx=6 ue_if=uesimtun6 ue_ip=10.45.1.252 port=5207 rc=0 replacements_for_slot=0 server_busy_retries_for_slot=0
[2026-08-22T02:36:46+02:00] UE_SLOT_DONE timestamp=2026-08-22T00:36:46+00:00 active_ues=25 slot=7 attempt=1 ue_idx=7 ue_if=uesimtun7 ue_ip=10.45.1.253 port=5208 rc=0 replacements_for_slot=0 server_busy_retries_for_slot=0
[2026-08-22T02:36:46+02:00] UE_SLOT_DONE timestamp=2026-08-22T00:36:46+00:00 active_ues=25 slot=8 attempt=1 ue_idx=8 ue_if=uesimtun8 ue_ip=10.45.1.254 port=5209 rc=0 replacements_for_slot=0 server_busy_retries_for_slot=0
[2026-08-22T02:36:46+02:00] UE_SLOT_DONE timestamp=2026-08-22T00:36:46+00:00 active_ues=25 slot=9 attempt=1 ue_idx=9 ue_if=uesimtun9 ue_ip=10.45.1.255 port=5210 rc=0 replacements_for_slot=0 server_busy_retries_for_slot=0
[2026-08-22T02:36:46+02:00] UE_SLOT_DONE timestamp=2026-08-22T00:36:46+00:00 active_ues=25 slot=10 attempt=1 ue_idx=10 ue_if=uesimtun10 ue_ip=10.45.2.2 port=5211 rc=0 replacements_for_slot=0 server_busy_retries_for_slot=0
[2026-08-22T02:36:46+02:00] UPF_CONTROL_SAMPLE timestamp=2026-08-22T02:36:42+02:00 scenario=ue_25 pod=open5gs-upf-5b9db6d44-nsbqz uid=7b5b8ef7-a2a2-4fe9-a3e1-74acd17bd88f restarts=6 usage_cpu=375m usage_mem=38Mi request_cpu=410m request_mem=250Mi limit_cpu=none limit_mem=none vpa_target_cpu=410m vpa_target_mem=250Mi vpa_uncapped_cpu=410m vpa_uncapped_mem=250Mi vpa_lower_cpu=193m vpa_lower_mem=250Mi vpa_upper_cpu=1500m vpa_upper_mem=512Mi
[2026-08-22T02:36:46+02:00] UE_SLOT_DONE timestamp=2026-08-22T00:36:46+00:00 active_ues=25 slot=11 attempt=1 ue_idx=11 ue_if=uesimtun11 ue_ip=10.45.2.22 port=5212 rc=0 replacements_for_slot=0 server_busy_retries_for_slot=0
[2026-08-22T02:36:46+02:00] UE_SLOT_DONE timestamp=2026-08-22T00:36:46+00:00 active_ues=25 slot=12 attempt=1 ue_idx=12 ue_if=uesimtun12 ue_ip=10.45.2.5 port=5213 rc=0 replacements_for_slot=0 server_busy_retries_for_slot=0
[2026-08-22T02:36:46+02:00] UE_SLOT_DONE timestamp=2026-08-22T00:36:46+00:00 active_ues=25 slot=13 attempt=1 ue_idx=13 ue_if=uesimtun13 ue_ip=10.45.2.0 port=5214 rc=0 replacements_for_slot=0 server_busy_retries_for_slot=0
[2026-08-22T02:36:48+02:00] UE_SLOT_DONE timestamp=2026-08-22T00:36:48+00:00 active_ues=25 slot=14 attempt=1 ue_idx=14 ue_if=uesimtun14 ue_ip=10.45.2.8 port=5215 rc=0 replacements_for_slot=0 server_busy_retries_for_slot=0
[2026-08-22T02:36:48+02:00] UE_SLOT_DONE timestamp=2026-08-22T00:36:48+00:00 active_ues=25 slot=15 attempt=1 ue_idx=15 ue_if=uesimtun15 ue_ip=10.45.2.6 port=5216 rc=0 replacements_for_slot=0 server_busy_retries_for_slot=0
[2026-08-22T02:36:48+02:00] UE_SLOT_DONE timestamp=2026-08-22T00:36:48+00:00 active_ues=25 slot=16 attempt=1 ue_idx=16 ue_if=uesimtun16 ue_ip=10.45.2.7 port=5217 rc=0 replacements_for_slot=0 server_busy_retries_for_slot=0
[2026-08-22T02:36:48+02:00] UE_SLOT_DONE timestamp=2026-08-22T00:36:48+00:00 active_ues=25 slot=17 attempt=1 ue_idx=17 ue_if=uesimtun17 ue_ip=10.45.2.3 port=5218 rc=0 replacements_for_slot=0 server_busy_retries_for_slot=0
[2026-08-22T02:36:48+02:00] UE_SLOT_DONE timestamp=2026-08-22T00:36:48+00:00 active_ues=25 slot=18 attempt=1 ue_idx=18 ue_if=uesimtun18 ue_ip=10.45.2.13 port=5219 rc=0 replacements_for_slot=0 server_busy_retries_for_slot=0
[2026-08-22T02:36:48+02:00] UE_SLOT_DONE timestamp=2026-08-22T00:36:48+00:00 active_ues=25 slot=19 attempt=1 ue_idx=19 ue_if=uesimtun19 ue_ip=10.45.2.12 port=5220 rc=0 replacements_for_slot=0 server_busy_retries_for_slot=0
[2026-08-22T02:36:48+02:00] UE_SLOT_DONE timestamp=2026-08-22T00:36:48+00:00 active_ues=25 slot=20 attempt=1 ue_idx=20 ue_if=uesimtun20 ue_ip=10.45.2.15 port=5221 rc=0 replacements_for_slot=0 server_busy_retries_for_slot=0
[2026-08-22T02:36:49+02:00] UE_SLOT_DONE timestamp=2026-08-22T00:36:49+00:00 active_ues=25 slot=21 attempt=1 ue_idx=21 ue_if=uesimtun21 ue_ip=10.45.2.17 port=5222 rc=0 replacements_for_slot=0 server_busy_retries_for_slot=0
[2026-08-22T02:36:49+02:00] UE_SLOT_DONE timestamp=2026-08-22T00:36:49+00:00 active_ues=25 slot=22 attempt=2 ue_idx=25 ue_if=uesimtun25 ue_ip=10.45.2.27 port=5251 rc=0 replacements_for_slot=1 server_busy_retries_for_slot=0
[2026-08-22T02:36:49+02:00] UE_SLOT_DONE timestamp=2026-08-22T00:36:49+00:00 active_ues=25 slot=23 attempt=1 ue_idx=23 ue_if=uesimtun23 ue_ip=10.45.2.21 port=5224 rc=0 replacements_for_slot=0 server_busy_retries_for_slot=0
[2026-08-22T02:36:49+02:00] UE_SLOT_DONE timestamp=2026-08-22T00:36:49+00:00 active_ues=25 slot=24 attempt=1 ue_idx=24 ue_if=uesimtun24 ue_ip=10.45.2.23 port=5225 rc=0 replacements_for_slot=0 server_busy_retries_for_slot=0
[2026-08-22T02:36:50+02:00] TRAFFIC_SUMMARY timestamp=2026-08-22T00:36:50+00:00 registered_tunnels=50 active_ues=25 target_slots=25 completed_slots=25 final_failed_slots=0 replacements=1 problematic_ues=1 zombie_ues=1 connect_timeouts=0 stalls=1 deferred_stalls=0 process_failures=0 server_busy_retries=0 server_busy_failures=0 late_timeouts_accepted=0 scenario_bad_ues=1 global_suspect_ues=1 used_ues=26 target_host=192.168.1.211 initial_ports=5201-5225 replacement_ports=5251-5265 bitrate=1M start_delay=0.05 detection=no_rx_counter replacement_min_duration_s=5 adaptive_extension_max_s=1 iperf_exit_grace_s=3 server_busy_retries_limit=1 server_busy_retry_delay_s=2 late_replacement_after_end=disabled wait_for_iperf_exit=until_timeout global_suspect_policy=soft_reuse ramp_supervision=after_initial_start
[2026-08-22T02:36:51+02:00] UE_POOL_SCENARIO_BAD_CURRENT timestamp=2026-08-22T00:36:50+00:00 active_ues=25 indexes=22
[2026-08-22T02:36:51+02:00] UE_POOL_GLOBAL_SUSPECT_CURRENT timestamp=2026-08-22T00:36:50+00:00 active_ues=25 indexes=22
[2026-08-22T02:36:51+02:00] REMOTE_IPERF_PER_UE_END timestamp=2026-08-22T00:36:51+00:00 active_ues=25 tag=ue_25 final_rc=0 completed_slots=25 replacements=1 problematic_ues=1 server_busy_retries=0 deferred_stalls=0 late_timeouts_accepted=0
[2026-08-22T02:36:51+02:00] SCENARIO TRAFFIC COMMAND END timestamp=2026-08-22T02:36:51+02:00 active_ue=25 rc=0
[2026-08-22T02:36:51+02:00] VPA_RECOMMENDATION_CHANGE timestamp=2026-08-22T02:36:47+02:00 scenario=ue_25 old='vpa_target_cpu=410m vpa_target_mem=250Mi vpa_uncapped_cpu=410m vpa_uncapped_mem=250Mi vpa_lower_cpu=193m vpa_lower_mem=250Mi vpa_upper_cpu=1500m vpa_upper_mem=512Mi' new='vpa_target_cpu=410m vpa_target_mem=250Mi vpa_uncapped_cpu=410m vpa_uncapped_mem=250Mi vpa_lower_cpu=194m vpa_lower_mem=250Mi vpa_upper_cpu=1500m vpa_upper_mem=512Mi' previous_5s_sample='timestamp=2026-08-22T02:36:42+02:00 scenario=ue_25 pod=open5gs-upf-5b9db6d44-nsbqz uid=7b5b8ef7-a2a2-4fe9-a3e1-74acd17bd88f restarts=6 usage_cpu=375m usage_mem=38Mi request_cpu=410m request_mem=250Mi limit_cpu=none limit_mem=none vpa_target_cpu=410m vpa_target_mem=250Mi vpa_uncapped_cpu=410m vpa_uncapped_mem=250Mi vpa_lower_cpu=193m vpa_lower_mem=250Mi vpa_upper_cpu=1500m vpa_upper_mem=512Mi' current_sample='timestamp=2026-08-22T02:36:47+02:00 scenario=ue_25 pod=open5gs-upf-5b9db6d44-nsbqz uid=7b5b8ef7-a2a2-4fe9-a3e1-74acd17bd88f restarts=6 usage_cpu=375m usage_mem=38Mi request_cpu=410m request_mem=250Mi limit_cpu=none limit_mem=none vpa_target_cpu=410m vpa_target_mem=250Mi vpa_uncapped_cpu=410m vpa_uncapped_mem=250Mi vpa_lower_cpu=194m vpa_lower_mem=250Mi vpa_upper_cpu=1500m vpa_upper_mem=512Mi'
[2026-08-22T02:36:51+02:00] UPF_CONTROL_SAMPLE timestamp=2026-08-22T02:36:47+02:00 scenario=ue_25 pod=open5gs-upf-5b9db6d44-nsbqz uid=7b5b8ef7-a2a2-4fe9-a3e1-74acd17bd88f restarts=6 usage_cpu=375m usage_mem=38Mi request_cpu=410m request_mem=250Mi limit_cpu=none limit_mem=none vpa_target_cpu=410m vpa_target_mem=250Mi vpa_uncapped_cpu=410m vpa_uncapped_mem=250Mi vpa_lower_cpu=194m vpa_lower_mem=250Mi vpa_upper_cpu=1500m vpa_upper_mem=512Mi
[2026-08-22T02:36:53+02:00] SCENARIO UPF AFTER timestamp=2026-08-22T02:36:53+02:00 active_ue=25 pod=open5gs-upf-5b9db6d44-nsbqz uid=7b5b8ef7-a2a2-4fe9-a3e1-74acd17bd88f restarts=6
[2026-08-22T02:36:53+02:00] SCENARIO END timestamp=2026-08-22T02:36:53+02:00 active_ue=25 rc=0
[2026-08-22T02:36:53+02:00] ================================================================
[2026-08-22T02:36:53+02:00] SCENARIO START timestamp=2026-08-22T02:36:53+02:00 active_ue=27 registered_ue_pool=50 target_host=192.168.1.211 ports=5201-5227 replacement_ports=5251-5265 bitrate_per_ue=1M start_delay=0.05 replacement_min_duration=5 adaptive_extension_max=1
[2026-08-22T02:36:53+02:00] ================================================================
[2026-08-22T02:36:54+02:00] SCENARIO TUNNEL CHECK timestamp=2026-08-22T02:36:54+02:00 active_ue=27 current_tunnels=50 required=50
[2026-08-22T02:36:55+02:00] SCENARIO UPF BEFORE timestamp=2026-08-22T02:36:55+02:00 active_ue=27 pod=open5gs-upf-5b9db6d44-nsbqz uid=7b5b8ef7-a2a2-4fe9-a3e1-74acd17bd88f restarts=6
[2026-08-22T02:36:56+02:00] UPF_CONTROL_SAMPLE timestamp=2026-08-22T02:36:52+02:00 scenario=ue_25 pod=open5gs-upf-5b9db6d44-nsbqz uid=7b5b8ef7-a2a2-4fe9-a3e1-74acd17bd88f restarts=6 usage_cpu=373m usage_mem=39Mi request_cpu=410m request_mem=250Mi limit_cpu=none limit_mem=none vpa_target_cpu=410m vpa_target_mem=250Mi vpa_uncapped_cpu=410m vpa_uncapped_mem=250Mi vpa_lower_cpu=194m vpa_lower_mem=250Mi vpa_upper_cpu=1500m vpa_upper_mem=512Mi
[2026-08-22T02:36:56+02:00] REMOTE_IPERF_PER_UE_START timestamp=2026-08-22T00:36:56+00:00 active_ues=27 tag=ue_27 iperf_host=192.168.1.211 base_port=5201 replacement_base_port=5251 duration=80 bitrate=1M start_delay=0.05 detection=no_rx_counter connect_timeout_s=4 stall_seconds=5 replacement_limit=15 replacement_min_duration_s=5 adaptive_extension_max_s=1 iperf_exit_grace_s=3 server_busy_port_rebinds=1 late_replacement_after_end=disabled wait_for_iperf_exit=until_timeout global_suspect_policy=soft_reuse ramp_supervision=after_initial_start
[2026-08-22T02:36:56+02:00] UE_POOL_STATUS timestamp=2026-08-22T00:36:56+00:00 active_ues=27 registered_tunnels=50 existing_global_suspect_ues=1 used_ues=0 policy=soft_reuse_global_suspects
[2026-08-22T02:36:56+02:00] UE_SLOT_ASSIGN timestamp=2026-08-22T00:36:56+00:00 active_ues=27 slot=0 ue_idx=0 ue_if=uesimtun0 ue_ip=10.45.1.246 candidate_reused_global_suspect=0
[2026-08-22T02:36:56+02:00] UE_SLOT_START timestamp=2026-08-22T00:36:56+00:00 active_ues=27 slot=0 attempt=1 ue_idx=0 ue_if=uesimtun0 ue_ip=10.45.1.246 target=192.168.1.211:5201 bitrate=1M duration_s=80 planned_end_epoch=1787359096 timeout_s=90 hard_timeout_epoch=1787359111 start_rx_bytes=1228691
[2026-08-22T02:36:57+02:00] UE_SLOT_PID timestamp=2026-08-22T00:36:56+00:00 active_ues=27 slot=0 attempt=1 ue_idx=0 pid=38567
[2026-08-22T02:36:57+02:00] UE_SLOT_ASSIGN timestamp=2026-08-22T00:36:57+00:00 active_ues=27 slot=1 ue_idx=1 ue_if=uesimtun1 ue_ip=10.45.1.247 candidate_reused_global_suspect=0
[2026-08-22T02:36:57+02:00] UE_SLOT_START timestamp=2026-08-22T00:36:57+00:00 active_ues=27 slot=1 attempt=1 ue_idx=1 ue_if=uesimtun1 ue_ip=10.45.1.247 target=192.168.1.211:5202 bitrate=1M duration_s=80 planned_end_epoch=1787359097 timeout_s=90 hard_timeout_epoch=1787359112 start_rx_bytes=1132484
[2026-08-22T02:36:57+02:00] UE_SLOT_PID timestamp=2026-08-22T00:36:57+00:00 active_ues=27 slot=1 attempt=1 ue_idx=1 pid=38592
[2026-08-22T02:36:57+02:00] UE_SLOT_ASSIGN timestamp=2026-08-22T00:36:57+00:00 active_ues=27 slot=2 ue_idx=2 ue_if=uesimtun2 ue_ip=10.45.1.248 candidate_reused_global_suspect=0
[2026-08-22T02:36:57+02:00] UE_SLOT_START timestamp=2026-08-22T00:36:57+00:00 active_ues=27 slot=2 attempt=1 ue_idx=2 ue_if=uesimtun2 ue_ip=10.45.1.248 target=192.168.1.211:5203 bitrate=1M duration_s=80 planned_end_epoch=1787359097 timeout_s=90 hard_timeout_epoch=1787359112 start_rx_bytes=1139326
[2026-08-22T02:36:57+02:00] UE_SLOT_PID timestamp=2026-08-22T00:36:57+00:00 active_ues=27 slot=2 attempt=1 ue_idx=2 pid=38617
[2026-08-22T02:36:57+02:00] UE_SLOT_ASSIGN timestamp=2026-08-22T00:36:57+00:00 active_ues=27 slot=3 ue_idx=3 ue_if=uesimtun3 ue_ip=10.45.1.249 candidate_reused_global_suspect=0
[2026-08-22T02:36:57+02:00] UE_SLOT_START timestamp=2026-08-22T00:36:57+00:00 active_ues=27 slot=3 attempt=1 ue_idx=3 ue_if=uesimtun3 ue_ip=10.45.1.249 target=192.168.1.211:5204 bitrate=1M duration_s=80 planned_end_epoch=1787359097 timeout_s=90 hard_timeout_epoch=1787359112 start_rx_bytes=1025075
[2026-08-22T02:36:57+02:00] UE_SLOT_PID timestamp=2026-08-22T00:36:57+00:00 active_ues=27 slot=3 attempt=1 ue_idx=3 pid=38642
[2026-08-22T02:36:57+02:00] UE_SLOT_ASSIGN timestamp=2026-08-22T00:36:57+00:00 active_ues=27 slot=4 ue_idx=4 ue_if=uesimtun4 ue_ip=10.45.1.250 candidate_reused_global_suspect=0
[2026-08-22T02:36:57+02:00] UE_SLOT_START timestamp=2026-08-22T00:36:57+00:00 active_ues=27 slot=4 attempt=1 ue_idx=4 ue_if=uesimtun4 ue_ip=10.45.1.250 target=192.168.1.211:5205 bitrate=1M duration_s=80 planned_end_epoch=1787359097 timeout_s=90 hard_timeout_epoch=1787359112 start_rx_bytes=1027620
[2026-08-22T02:36:57+02:00] UE_SLOT_PID timestamp=2026-08-22T00:36:57+00:00 active_ues=27 slot=4 attempt=1 ue_idx=4 pid=38667
[2026-08-22T02:36:58+02:00] UE_SLOT_ASSIGN timestamp=2026-08-22T00:36:57+00:00 active_ues=27 slot=5 ue_idx=5 ue_if=uesimtun5 ue_ip=10.45.1.251 candidate_reused_global_suspect=0
[2026-08-22T02:36:58+02:00] UE_SLOT_START timestamp=2026-08-22T00:36:57+00:00 active_ues=27 slot=5 attempt=1 ue_idx=5 ue_if=uesimtun5 ue_ip=10.45.1.251 target=192.168.1.211:5206 bitrate=1M duration_s=80 planned_end_epoch=1787359097 timeout_s=90 hard_timeout_epoch=1787359112 start_rx_bytes=936549
[2026-08-22T02:36:58+02:00] UE_SLOT_PID timestamp=2026-08-22T00:36:58+00:00 active_ues=27 slot=5 attempt=1 ue_idx=5 pid=38692
[2026-08-22T02:36:58+02:00] UE_SLOT_ASSIGN timestamp=2026-08-22T00:36:58+00:00 active_ues=27 slot=6 ue_idx=6 ue_if=uesimtun6 ue_ip=10.45.1.252 candidate_reused_global_suspect=0
[2026-08-22T02:36:58+02:00] UE_SLOT_START timestamp=2026-08-22T00:36:58+00:00 active_ues=27 slot=6 attempt=1 ue_idx=6 ue_if=uesimtun6 ue_ip=10.45.1.252 target=192.168.1.211:5207 bitrate=1M duration_s=80 planned_end_epoch=1787359098 timeout_s=90 hard_timeout_epoch=1787359113 start_rx_bytes=944395
[2026-08-22T02:36:58+02:00] UE_SLOT_PID timestamp=2026-08-22T00:36:58+00:00 active_ues=27 slot=6 attempt=1 ue_idx=6 pid=38717
[2026-08-22T02:36:58+02:00] UE_SLOT_ASSIGN timestamp=2026-08-22T00:36:58+00:00 active_ues=27 slot=7 ue_idx=7 ue_if=uesimtun7 ue_ip=10.45.1.253 candidate_reused_global_suspect=0
[2026-08-22T02:36:58+02:00] UE_SLOT_START timestamp=2026-08-22T00:36:58+00:00 active_ues=27 slot=7 attempt=1 ue_idx=7 ue_if=uesimtun7 ue_ip=10.45.1.253 target=192.168.1.211:5208 bitrate=1M duration_s=80 planned_end_epoch=1787359098 timeout_s=90 hard_timeout_epoch=1787359113 start_rx_bytes=839531
[2026-08-22T02:36:58+02:00] UE_SLOT_PID timestamp=2026-08-22T00:36:58+00:00 active_ues=27 slot=7 attempt=1 ue_idx=7 pid=38742
[2026-08-22T02:36:58+02:00] UE_SLOT_ASSIGN timestamp=2026-08-22T00:36:58+00:00 active_ues=27 slot=8 ue_idx=8 ue_if=uesimtun8 ue_ip=10.45.1.254 candidate_reused_global_suspect=0
[2026-08-22T02:36:58+02:00] UE_SLOT_START timestamp=2026-08-22T00:36:58+00:00 active_ues=27 slot=8 attempt=1 ue_idx=8 ue_if=uesimtun8 ue_ip=10.45.1.254 target=192.168.1.211:5209 bitrate=1M duration_s=80 planned_end_epoch=1787359098 timeout_s=90 hard_timeout_epoch=1787359113 start_rx_bytes=843999
[2026-08-22T02:36:58+02:00] UE_SLOT_PID timestamp=2026-08-22T00:36:58+00:00 active_ues=27 slot=8 attempt=1 ue_idx=8 pid=38767
[2026-08-22T02:36:58+02:00] UE_SLOT_ASSIGN timestamp=2026-08-22T00:36:58+00:00 active_ues=27 slot=9 ue_idx=9 ue_if=uesimtun9 ue_ip=10.45.1.255 candidate_reused_global_suspect=0
[2026-08-22T02:36:58+02:00] UE_SLOT_START timestamp=2026-08-22T00:36:58+00:00 active_ues=27 slot=9 attempt=1 ue_idx=9 ue_if=uesimtun9 ue_ip=10.45.1.255 target=192.168.1.211:5210 bitrate=1M duration_s=80 planned_end_epoch=1787359098 timeout_s=90 hard_timeout_epoch=1787359113 start_rx_bytes=771291
[2026-08-22T02:36:58+02:00] UE_SLOT_PID timestamp=2026-08-22T00:36:58+00:00 active_ues=27 slot=9 attempt=1 ue_idx=9 pid=38792
[2026-08-22T02:36:59+02:00] UE_SLOT_ASSIGN timestamp=2026-08-22T00:36:59+00:00 active_ues=27 slot=10 ue_idx=10 ue_if=uesimtun10 ue_ip=10.45.2.2 candidate_reused_global_suspect=0
[2026-08-22T02:36:59+02:00] UE_SLOT_START timestamp=2026-08-22T00:36:59+00:00 active_ues=27 slot=10 attempt=1 ue_idx=10 ue_if=uesimtun10 ue_ip=10.45.2.2 target=192.168.1.211:5211 bitrate=1M duration_s=80 planned_end_epoch=1787359099 timeout_s=90 hard_timeout_epoch=1787359114 start_rx_bytes=763347
[2026-08-22T02:36:59+02:00] UE_SLOT_PID timestamp=2026-08-22T00:36:59+00:00 active_ues=27 slot=10 attempt=1 ue_idx=10 pid=38817
[2026-08-22T02:36:59+02:00] UE_SLOT_ASSIGN timestamp=2026-08-22T00:36:59+00:00 active_ues=27 slot=11 ue_idx=11 ue_if=uesimtun11 ue_ip=10.45.2.22 candidate_reused_global_suspect=0
[2026-08-22T02:36:59+02:00] UE_SLOT_START timestamp=2026-08-22T00:36:59+00:00 active_ues=27 slot=11 attempt=1 ue_idx=11 ue_if=uesimtun11 ue_ip=10.45.2.22 target=192.168.1.211:5212 bitrate=1M duration_s=80 planned_end_epoch=1787359099 timeout_s=90 hard_timeout_epoch=1787359114 start_rx_bytes=668849
[2026-08-22T02:36:59+02:00] UE_SLOT_PID timestamp=2026-08-22T00:36:59+00:00 active_ues=27 slot=11 attempt=1 ue_idx=11 pid=38842
[2026-08-22T02:36:59+02:00] UE_SLOT_ASSIGN timestamp=2026-08-22T00:36:59+00:00 active_ues=27 slot=12 ue_idx=12 ue_if=uesimtun12 ue_ip=10.45.2.5 candidate_reused_global_suspect=0
[2026-08-22T02:36:59+02:00] UE_SLOT_START timestamp=2026-08-22T00:36:59+00:00 active_ues=27 slot=12 attempt=1 ue_idx=12 ue_if=uesimtun12 ue_ip=10.45.2.5 target=192.168.1.211:5213 bitrate=1M duration_s=80 planned_end_epoch=1787359099 timeout_s=90 hard_timeout_epoch=1787359114 start_rx_bytes=652419
[2026-08-22T02:36:59+02:00] UE_SLOT_PID timestamp=2026-08-22T00:36:59+00:00 active_ues=27 slot=12 attempt=1 ue_idx=12 pid=38867
[2026-08-22T02:36:59+02:00] UE_SLOT_ASSIGN timestamp=2026-08-22T00:36:59+00:00 active_ues=27 slot=13 ue_idx=13 ue_if=uesimtun13 ue_ip=10.45.2.0 candidate_reused_global_suspect=0
[2026-08-22T02:36:59+02:00] UE_SLOT_START timestamp=2026-08-22T00:36:59+00:00 active_ues=27 slot=13 attempt=1 ue_idx=13 ue_if=uesimtun13 ue_ip=10.45.2.0 target=192.168.1.211:5214 bitrate=1M duration_s=80 planned_end_epoch=1787359099 timeout_s=90 hard_timeout_epoch=1787359114 start_rx_bytes=566658
[2026-08-22T02:36:59+02:00] UE_SLOT_PID timestamp=2026-08-22T00:36:59+00:00 active_ues=27 slot=13 attempt=1 ue_idx=13 pid=38892
[2026-08-22T02:36:59+02:00] UE_SLOT_ASSIGN timestamp=2026-08-22T00:36:59+00:00 active_ues=27 slot=14 ue_idx=14 ue_if=uesimtun14 ue_ip=10.45.2.8 candidate_reused_global_suspect=0
[2026-08-22T02:37:00+02:00] UE_SLOT_START timestamp=2026-08-22T00:37:00+00:00 active_ues=27 slot=14 attempt=1 ue_idx=14 ue_if=uesimtun14 ue_ip=10.45.2.8 target=192.168.1.211:5215 bitrate=1M duration_s=80 planned_end_epoch=1787359099 timeout_s=90 hard_timeout_epoch=1787359114 start_rx_bytes=596384
[2026-08-22T02:37:00+02:00] UE_SLOT_PID timestamp=2026-08-22T00:37:00+00:00 active_ues=27 slot=14 attempt=1 ue_idx=14 pid=38917
[2026-08-22T02:37:00+02:00] UE_SLOT_ASSIGN timestamp=2026-08-22T00:37:00+00:00 active_ues=27 slot=15 ue_idx=15 ue_if=uesimtun15 ue_ip=10.45.2.6 candidate_reused_global_suspect=0
[2026-08-22T02:37:00+02:00] UE_SLOT_START timestamp=2026-08-22T00:37:00+00:00 active_ues=27 slot=15 attempt=1 ue_idx=15 ue_if=uesimtun15 ue_ip=10.45.2.6 target=192.168.1.211:5216 bitrate=1M duration_s=80 planned_end_epoch=1787359100 timeout_s=90 hard_timeout_epoch=1787359115 start_rx_bytes=493883
[2026-08-22T02:37:00+02:00] UE_SLOT_PID timestamp=2026-08-22T00:37:00+00:00 active_ues=27 slot=15 attempt=1 ue_idx=15 pid=38942
[2026-08-22T02:37:00+02:00] UE_SLOT_ASSIGN timestamp=2026-08-22T00:37:00+00:00 active_ues=27 slot=16 ue_idx=16 ue_if=uesimtun16 ue_ip=10.45.2.7 candidate_reused_global_suspect=0
[2026-08-22T02:37:00+02:00] UE_SLOT_START timestamp=2026-08-22T00:37:00+00:00 active_ues=27 slot=16 attempt=1 ue_idx=16 ue_if=uesimtun16 ue_ip=10.45.2.7 target=192.168.1.211:5217 bitrate=1M duration_s=80 planned_end_epoch=1787359100 timeout_s=90 hard_timeout_epoch=1787359115 start_rx_bytes=476145
[2026-08-22T02:37:00+02:00] UE_SLOT_PID timestamp=2026-08-22T00:37:00+00:00 active_ues=27 slot=16 attempt=1 ue_idx=16 pid=38967
[2026-08-22T02:37:00+02:00] UE_SLOT_ASSIGN timestamp=2026-08-22T00:37:00+00:00 active_ues=27 slot=17 ue_idx=17 ue_if=uesimtun17 ue_ip=10.45.2.3 candidate_reused_global_suspect=0
[2026-08-22T02:37:00+02:00] UE_SLOT_START timestamp=2026-08-22T00:37:00+00:00 active_ues=27 slot=17 attempt=1 ue_idx=17 ue_if=uesimtun17 ue_ip=10.45.2.3 target=192.168.1.211:5218 bitrate=1M duration_s=80 planned_end_epoch=1787359100 timeout_s=90 hard_timeout_epoch=1787359115 start_rx_bytes=382503
[2026-08-22T02:37:00+02:00] UE_SLOT_PID timestamp=2026-08-22T00:37:00+00:00 active_ues=27 slot=17 attempt=1 ue_idx=17 pid=38992
[2026-08-22T02:37:00+02:00] UPF_CONTROL_SAMPLE timestamp=2026-08-22T02:36:57+02:00 scenario=ue_27 pod=open5gs-upf-5b9db6d44-nsbqz uid=7b5b8ef7-a2a2-4fe9-a3e1-74acd17bd88f restarts=6 usage_cpu=373m usage_mem=39Mi request_cpu=410m request_mem=250Mi limit_cpu=none limit_mem=none vpa_target_cpu=410m vpa_target_mem=250Mi vpa_uncapped_cpu=410m vpa_uncapped_mem=250Mi vpa_lower_cpu=194m vpa_lower_mem=250Mi vpa_upper_cpu=1500m vpa_upper_mem=512Mi
[2026-08-22T02:37:00+02:00] UE_SLOT_ASSIGN timestamp=2026-08-22T00:37:00+00:00 active_ues=27 slot=18 ue_idx=18 ue_if=uesimtun18 ue_ip=10.45.2.13 candidate_reused_global_suspect=0
[2026-08-22T02:37:01+02:00] UE_SLOT_START timestamp=2026-08-22T00:37:00+00:00 active_ues=27 slot=18 attempt=1 ue_idx=18 ue_if=uesimtun18 ue_ip=10.45.2.13 target=192.168.1.211:5219 bitrate=1M duration_s=80 planned_end_epoch=1787359100 timeout_s=90 hard_timeout_epoch=1787359115 start_rx_bytes=389617
[2026-08-22T02:37:01+02:00] UE_SLOT_PID timestamp=2026-08-22T00:37:00+00:00 active_ues=27 slot=18 attempt=1 ue_idx=18 pid=39017
[2026-08-22T02:37:01+02:00] UE_SLOT_ASSIGN timestamp=2026-08-22T00:37:01+00:00 active_ues=27 slot=19 ue_idx=19 ue_if=uesimtun19 ue_ip=10.45.2.12 candidate_reused_global_suspect=0
[2026-08-22T02:37:01+02:00] UE_SLOT_START timestamp=2026-08-22T00:37:01+00:00 active_ues=27 slot=19 attempt=1 ue_idx=19 ue_if=uesimtun19 ue_ip=10.45.2.12 target=192.168.1.211:5220 bitrate=1M duration_s=80 planned_end_epoch=1787359101 timeout_s=90 hard_timeout_epoch=1787359116 start_rx_bytes=302535
[2026-08-22T02:37:01+02:00] UE_SLOT_PID timestamp=2026-08-22T00:37:01+00:00 active_ues=27 slot=19 attempt=1 ue_idx=19 pid=39042
[2026-08-22T02:37:01+02:00] UE_SLOT_ASSIGN timestamp=2026-08-22T00:37:01+00:00 active_ues=27 slot=20 ue_idx=20 ue_if=uesimtun20 ue_ip=10.45.2.15 candidate_reused_global_suspect=0
[2026-08-22T02:37:01+02:00] UE_SLOT_START timestamp=2026-08-22T00:37:01+00:00 active_ues=27 slot=20 attempt=1 ue_idx=20 ue_if=uesimtun20 ue_ip=10.45.2.15 target=192.168.1.211:5221 bitrate=1M duration_s=80 planned_end_epoch=1787359101 timeout_s=90 hard_timeout_epoch=1787359116 start_rx_bytes=291363
[2026-08-22T02:37:01+02:00] UE_SLOT_PID timestamp=2026-08-22T00:37:01+00:00 active_ues=27 slot=20 attempt=1 ue_idx=20 pid=39067
[2026-08-22T02:37:01+02:00] UE_SLOT_ASSIGN timestamp=2026-08-22T00:37:01+00:00 active_ues=27 slot=21 ue_idx=21 ue_if=uesimtun21 ue_ip=10.45.2.17 candidate_reused_global_suspect=0
[2026-08-22T02:37:01+02:00] UE_SLOT_START timestamp=2026-08-22T00:37:01+00:00 active_ues=27 slot=21 attempt=1 ue_idx=21 ue_if=uesimtun21 ue_ip=10.45.2.17 target=192.168.1.211:5222 bitrate=1M duration_s=80 planned_end_epoch=1787359101 timeout_s=90 hard_timeout_epoch=1787359116 start_rx_bytes=199392
[2026-08-22T02:37:01+02:00] UE_SLOT_PID timestamp=2026-08-22T00:37:01+00:00 active_ues=27 slot=21 attempt=1 ue_idx=21 pid=39092
[2026-08-22T02:37:01+02:00] UE_SLOT_ASSIGN timestamp=2026-08-22T00:37:01+00:00 active_ues=27 slot=22 ue_idx=23 ue_if=uesimtun23 ue_ip=10.45.2.21 candidate_reused_global_suspect=0
[2026-08-22T02:37:01+02:00] UE_SLOT_START timestamp=2026-08-22T00:37:01+00:00 active_ues=27 slot=22 attempt=1 ue_idx=23 ue_if=uesimtun23 ue_ip=10.45.2.21 target=192.168.1.211:5223 bitrate=1M duration_s=80 planned_end_epoch=1787359101 timeout_s=90 hard_timeout_epoch=1787359116 start_rx_bytes=111879
[2026-08-22T02:37:01+02:00] UE_SLOT_PID timestamp=2026-08-22T00:37:01+00:00 active_ues=27 slot=22 attempt=1 ue_idx=23 pid=39117
[2026-08-22T02:37:02+02:00] UE_SLOT_ASSIGN timestamp=2026-08-22T00:37:02+00:00 active_ues=27 slot=23 ue_idx=24 ue_if=uesimtun24 ue_ip=10.45.2.23 candidate_reused_global_suspect=0
[2026-08-22T02:37:02+02:00] UE_SLOT_START timestamp=2026-08-22T00:37:02+00:00 active_ues=27 slot=23 attempt=1 ue_idx=24 ue_if=uesimtun24 ue_ip=10.45.2.23 target=192.168.1.211:5224 bitrate=1M duration_s=80 planned_end_epoch=1787359102 timeout_s=90 hard_timeout_epoch=1787359117 start_rx_bytes=104376
[2026-08-22T02:37:02+02:00] UE_SLOT_PID timestamp=2026-08-22T00:37:02+00:00 active_ues=27 slot=23 attempt=1 ue_idx=24 pid=39142
[2026-08-22T02:37:02+02:00] UE_SLOT_ASSIGN timestamp=2026-08-22T00:37:02+00:00 active_ues=27 slot=24 ue_idx=25 ue_if=uesimtun25 ue_ip=10.45.2.27 candidate_reused_global_suspect=0
[2026-08-22T02:37:02+02:00] UE_SLOT_START timestamp=2026-08-22T00:37:02+00:00 active_ues=27 slot=24 attempt=1 ue_idx=25 ue_if=uesimtun25 ue_ip=10.45.2.27 target=192.168.1.211:5225 bitrate=1M duration_s=80 planned_end_epoch=1787359102 timeout_s=90 hard_timeout_epoch=1787359117 start_rx_bytes=91823
[2026-08-22T02:37:02+02:00] UE_SLOT_PID timestamp=2026-08-22T00:37:02+00:00 active_ues=27 slot=24 attempt=1 ue_idx=25 pid=39167
[2026-08-22T02:37:02+02:00] UE_SLOT_ASSIGN timestamp=2026-08-22T00:37:02+00:00 active_ues=27 slot=25 ue_idx=26 ue_if=uesimtun26 ue_ip=10.45.2.24 candidate_reused_global_suspect=0
[2026-08-22T02:37:02+02:00] UE_SLOT_START timestamp=2026-08-22T00:37:02+00:00 active_ues=27 slot=25 attempt=1 ue_idx=26 ue_if=uesimtun26 ue_ip=10.45.2.24 target=192.168.1.211:5226 bitrate=1M duration_s=80 planned_end_epoch=1787359102 timeout_s=90 hard_timeout_epoch=1787359117 start_rx_bytes=0
[2026-08-22T02:37:02+02:00] UE_SLOT_PID timestamp=2026-08-22T00:37:02+00:00 active_ues=27 slot=25 attempt=1 ue_idx=26 pid=39192
[2026-08-22T02:37:03+02:00] UE_SLOT_ASSIGN timestamp=2026-08-22T00:37:02+00:00 active_ues=27 slot=26 ue_idx=27 ue_if=uesimtun27 ue_ip=10.45.2.29 candidate_reused_global_suspect=0
[2026-08-22T02:37:03+02:00] UE_SLOT_START timestamp=2026-08-22T00:37:03+00:00 active_ues=27 slot=26 attempt=1 ue_idx=27 ue_if=uesimtun27 ue_ip=10.45.2.29 target=192.168.1.211:5227 bitrate=1M duration_s=80 planned_end_epoch=1787359102 timeout_s=90 hard_timeout_epoch=1787359118 start_rx_bytes=0
[2026-08-22T02:37:03+02:00] UE_SLOT_PID timestamp=2026-08-22T00:37:03+00:00 active_ues=27 slot=26 attempt=1 ue_idx=27 pid=39217
[2026-08-22T02:37:03+02:00] IPERF_MAPPING_SUMMARY timestamp=2026-08-22T00:37:03+00:00 active_ues=27 registered_tunnels=50 initial_ports=5201-5227 replacement_ports=5251-5265 bitrate=1M start_delay=0.05 detection=no_rx_counter replacement_min_duration_s=5 adaptive_extension_max_s=1 iperf_exit_grace_s=3 server_busy_port_rebinds=1 late_replacement_after_end=disabled wait_for_iperf_exit=until_timeout global_suspect_policy=soft_reuse ramp_supervision=after_initial_start
[2026-08-22T02:37:04+02:00] UE_SLOT_PROCESS_FAILURE timestamp=2026-08-22T00:37:04+00:00 active_ues=27 slot=22 attempt=1 ue_idx=23 ue_if=uesimtun23 ue_ip=10.45.2.21 port=5223 rc=1 elapsed_s=3 end_overrun_s=-77
[2026-08-22T02:37:04+02:00] FAILED_CLIENT_LOG_BEGIN slot=22 logfile=/tmp/upf_iperf_adaptive_20260822_021535_ue_27/slot_22_attempt_1_ue_23_port_5223.log
[2026-08-22T02:37:04+02:00] iperf3: error - the server is busy running a test. try again later
[2026-08-22T02:37:04+02:00] FAILED_CLIENT_LOG_END slot=22 logfile=/tmp/upf_iperf_adaptive_20260822_021535_ue_27/slot_22_attempt_1_ue_23_port_5223.log
[2026-08-22T02:37:04+02:00] UE_SLOT_SERVER_BUSY_PORT_REBIND timestamp=2026-08-22T00:37:04+00:00 active_ues=27 slot=22 ue_idx=23 ue_if=uesimtun23 ue_ip=10.45.2.21 old_port=5223 new_port=5251 rebind=1 limit=1 remaining_s=77 note=same_ue_no_blacklist_no_ue_replacement
[2026-08-22T02:37:04+02:00] UE_SLOT_START timestamp=2026-08-22T00:37:04+00:00 active_ues=27 slot=22 attempt=2 ue_idx=23 ue_if=uesimtun23 ue_ip=10.45.2.21 target=192.168.1.211:5251 bitrate=1M duration_s=77 planned_end_epoch=1787359101 timeout_s=87 hard_timeout_epoch=1787359116 start_rx_bytes=112096
[2026-08-22T02:37:04+02:00] UE_SLOT_PID timestamp=2026-08-22T00:37:04+00:00 active_ues=27 slot=22 attempt=2 ue_idx=23 pid=39311
[2026-08-22T02:37:05+02:00] UPF_CONTROL_SAMPLE timestamp=2026-08-22T02:37:02+02:00 scenario=ue_27 pod=open5gs-upf-5b9db6d44-nsbqz uid=7b5b8ef7-a2a2-4fe9-a3e1-74acd17bd88f restarts=6 usage_cpu=373m usage_mem=39Mi request_cpu=410m request_mem=250Mi limit_cpu=none limit_mem=none vpa_target_cpu=410m vpa_target_mem=250Mi vpa_uncapped_cpu=410m vpa_uncapped_mem=250Mi vpa_lower_cpu=194m vpa_lower_mem=250Mi vpa_upper_cpu=1500m vpa_upper_mem=512Mi
[2026-08-22T02:37:09+02:00] UPF_CONTROL_SAMPLE timestamp=2026-08-22T02:37:06+02:00 scenario=ue_27 pod=open5gs-upf-5b9db6d44-nsbqz uid=7b5b8ef7-a2a2-4fe9-a3e1-74acd17bd88f restarts=6 usage_cpu=373m usage_mem=39Mi request_cpu=410m request_mem=250Mi limit_cpu=none limit_mem=none vpa_target_cpu=410m vpa_target_mem=250Mi vpa_uncapped_cpu=410m vpa_uncapped_mem=250Mi vpa_lower_cpu=194m vpa_lower_mem=250Mi vpa_upper_cpu=1500m vpa_upper_mem=512Mi
[2026-08-22T02:37:14+02:00] UPF_CONTROL_SAMPLE timestamp=2026-08-22T02:37:11+02:00 scenario=ue_27 pod=open5gs-upf-5b9db6d44-nsbqz uid=7b5b8ef7-a2a2-4fe9-a3e1-74acd17bd88f restarts=6 usage_cpu=129m usage_mem=39Mi request_cpu=410m request_mem=250Mi limit_cpu=none limit_mem=none vpa_target_cpu=410m vpa_target_mem=250Mi vpa_uncapped_cpu=410m vpa_uncapped_mem=250Mi vpa_lower_cpu=194m vpa_lower_mem=250Mi vpa_upper_cpu=1500m vpa_upper_mem=512Mi
[2026-08-22T02:37:18+02:00] UPF_CONTROL_SAMPLE timestamp=2026-08-22T02:37:15+02:00 scenario=ue_27 pod=open5gs-upf-5b9db6d44-nsbqz uid=7b5b8ef7-a2a2-4fe9-a3e1-74acd17bd88f restarts=6 usage_cpu=129m usage_mem=39Mi request_cpu=410m request_mem=250Mi limit_cpu=none limit_mem=none vpa_target_cpu=410m vpa_target_mem=250Mi vpa_uncapped_cpu=410m vpa_uncapped_mem=250Mi vpa_lower_cpu=194m vpa_lower_mem=250Mi vpa_upper_cpu=1500m vpa_upper_mem=512Mi
[2026-08-22T02:37:22+02:00] UPF_CONTROL_SAMPLE timestamp=2026-08-22T02:37:19+02:00 scenario=ue_27 pod=open5gs-upf-5b9db6d44-nsbqz uid=7b5b8ef7-a2a2-4fe9-a3e1-74acd17bd88f restarts=6 usage_cpu=129m usage_mem=39Mi request_cpu=410m request_mem=250Mi limit_cpu=none limit_mem=none vpa_target_cpu=410m vpa_target_mem=250Mi vpa_uncapped_cpu=410m vpa_uncapped_mem=250Mi vpa_lower_cpu=194m vpa_lower_mem=250Mi vpa_upper_cpu=1500m vpa_upper_mem=512Mi
[2026-08-22T02:37:27+02:00] UPF_CONTROL_SAMPLE timestamp=2026-08-22T02:37:24+02:00 scenario=ue_27 pod=open5gs-upf-5b9db6d44-nsbqz uid=7b5b8ef7-a2a2-4fe9-a3e1-74acd17bd88f restarts=6 usage_cpu=416m usage_mem=39Mi request_cpu=410m request_mem=250Mi limit_cpu=none limit_mem=none vpa_target_cpu=410m vpa_target_mem=250Mi vpa_uncapped_cpu=410m vpa_uncapped_mem=250Mi vpa_lower_cpu=194m vpa_lower_mem=250Mi vpa_upper_cpu=1500m vpa_upper_mem=512Mi
[2026-08-22T02:37:31+02:00] UPF_CONTROL_SAMPLE timestamp=2026-08-22T02:37:28+02:00 scenario=ue_27 pod=open5gs-upf-5b9db6d44-nsbqz uid=7b5b8ef7-a2a2-4fe9-a3e1-74acd17bd88f restarts=6 usage_cpu=416m usage_mem=39Mi request_cpu=410m request_mem=250Mi limit_cpu=none limit_mem=none vpa_target_cpu=410m vpa_target_mem=250Mi vpa_uncapped_cpu=410m vpa_uncapped_mem=250Mi vpa_lower_cpu=194m vpa_lower_mem=250Mi vpa_upper_cpu=1500m vpa_upper_mem=512Mi
[2026-08-22T02:37:36+02:00] UPF_CONTROL_SAMPLE timestamp=2026-08-22T02:37:32+02:00 scenario=ue_27 pod=open5gs-upf-5b9db6d44-nsbqz uid=7b5b8ef7-a2a2-4fe9-a3e1-74acd17bd88f restarts=6 usage_cpu=416m usage_mem=39Mi request_cpu=410m request_mem=250Mi limit_cpu=none limit_mem=none vpa_target_cpu=410m vpa_target_mem=250Mi vpa_uncapped_cpu=410m vpa_uncapped_mem=250Mi vpa_lower_cpu=194m vpa_lower_mem=250Mi vpa_upper_cpu=1500m vpa_upper_mem=512Mi
[2026-08-22T02:37:40+02:00] UPF_CONTROL_SAMPLE timestamp=2026-08-22T02:37:37+02:00 scenario=ue_27 pod=open5gs-upf-5b9db6d44-nsbqz uid=7b5b8ef7-a2a2-4fe9-a3e1-74acd17bd88f restarts=6 usage_cpu=416m usage_mem=39Mi request_cpu=410m request_mem=250Mi limit_cpu=none limit_mem=none vpa_target_cpu=410m vpa_target_mem=250Mi vpa_uncapped_cpu=410m vpa_uncapped_mem=250Mi vpa_lower_cpu=194m vpa_lower_mem=250Mi vpa_upper_cpu=1500m vpa_upper_mem=512Mi
[2026-08-22T02:37:45+02:00] UPF_CONTROL_SAMPLE timestamp=2026-08-22T02:37:41+02:00 scenario=ue_27 pod=open5gs-upf-5b9db6d44-nsbqz uid=7b5b8ef7-a2a2-4fe9-a3e1-74acd17bd88f restarts=6 usage_cpu=425m usage_mem=38Mi request_cpu=410m request_mem=250Mi limit_cpu=none limit_mem=none vpa_target_cpu=410m vpa_target_mem=250Mi vpa_uncapped_cpu=410m vpa_uncapped_mem=250Mi vpa_lower_cpu=194m vpa_lower_mem=250Mi vpa_upper_cpu=1500m vpa_upper_mem=512Mi
[2026-08-22T02:37:49+02:00] VPA_RECOMMENDATION_CHANGE timestamp=2026-08-22T02:37:46+02:00 scenario=ue_27 old='vpa_target_cpu=410m vpa_target_mem=250Mi vpa_uncapped_cpu=410m vpa_uncapped_mem=250Mi vpa_lower_cpu=194m vpa_lower_mem=250Mi vpa_upper_cpu=1500m vpa_upper_mem=512Mi' new='vpa_target_cpu=410m vpa_target_mem=250Mi vpa_uncapped_cpu=410m vpa_uncapped_mem=250Mi vpa_lower_cpu=216m vpa_lower_mem=250Mi vpa_upper_cpu=1500m vpa_upper_mem=512Mi' previous_5s_sample='timestamp=2026-08-22T02:37:41+02:00 scenario=ue_27 pod=open5gs-upf-5b9db6d44-nsbqz uid=7b5b8ef7-a2a2-4fe9-a3e1-74acd17bd88f restarts=6 usage_cpu=425m usage_mem=38Mi request_cpu=410m request_mem=250Mi limit_cpu=none limit_mem=none vpa_target_cpu=410m vpa_target_mem=250Mi vpa_uncapped_cpu=410m vpa_uncapped_mem=250Mi vpa_lower_cpu=194m vpa_lower_mem=250Mi vpa_upper_cpu=1500m vpa_upper_mem=512Mi' current_sample='timestamp=2026-08-22T02:37:46+02:00 scenario=ue_27 pod=open5gs-upf-5b9db6d44-nsbqz uid=7b5b8ef7-a2a2-4fe9-a3e1-74acd17bd88f restarts=6 usage_cpu=425m usage_mem=38Mi request_cpu=410m request_mem=250Mi limit_cpu=none limit_mem=none vpa_target_cpu=410m vpa_target_mem=250Mi vpa_uncapped_cpu=410m vpa_uncapped_mem=250Mi vpa_lower_cpu=216m vpa_lower_mem=250Mi vpa_upper_cpu=1500m vpa_upper_mem=512Mi'
[2026-08-22T02:37:49+02:00] UPF_CONTROL_SAMPLE timestamp=2026-08-22T02:37:46+02:00 scenario=ue_27 pod=open5gs-upf-5b9db6d44-nsbqz uid=7b5b8ef7-a2a2-4fe9-a3e1-74acd17bd88f restarts=6 usage_cpu=425m usage_mem=38Mi request_cpu=410m request_mem=250Mi limit_cpu=none limit_mem=none vpa_target_cpu=410m vpa_target_mem=250Mi vpa_uncapped_cpu=410m vpa_uncapped_mem=250Mi vpa_lower_cpu=216m vpa_lower_mem=250Mi vpa_upper_cpu=1500m vpa_upper_mem=512Mi
[2026-08-22T02:37:53+02:00] UPF_CONTROL_SAMPLE timestamp=2026-08-22T02:37:50+02:00 scenario=ue_27 pod=open5gs-upf-5b9db6d44-nsbqz uid=7b5b8ef7-a2a2-4fe9-a3e1-74acd17bd88f restarts=6 usage_cpu=425m usage_mem=38Mi request_cpu=410m request_mem=250Mi limit_cpu=none limit_mem=none vpa_target_cpu=410m vpa_target_mem=250Mi vpa_uncapped_cpu=410m vpa_uncapped_mem=250Mi vpa_lower_cpu=216m vpa_lower_mem=250Mi vpa_upper_cpu=1500m vpa_upper_mem=512Mi
[2026-08-22T02:37:58+02:00] UPF_CONTROL_SAMPLE timestamp=2026-08-22T02:37:54+02:00 scenario=ue_27 pod=open5gs-upf-5b9db6d44-nsbqz uid=7b5b8ef7-a2a2-4fe9-a3e1-74acd17bd88f restarts=6 usage_cpu=411m usage_mem=39Mi request_cpu=410m request_mem=250Mi limit_cpu=none limit_mem=none vpa_target_cpu=410m vpa_target_mem=250Mi vpa_uncapped_cpu=410m vpa_uncapped_mem=250Mi vpa_lower_cpu=216m vpa_lower_mem=250Mi vpa_upper_cpu=1500m vpa_upper_mem=512Mi
[2026-08-22T02:38:02+02:00] UPF_CONTROL_SAMPLE timestamp=2026-08-22T02:37:59+02:00 scenario=ue_27 pod=open5gs-upf-5b9db6d44-nsbqz uid=7b5b8ef7-a2a2-4fe9-a3e1-74acd17bd88f restarts=6 usage_cpu=411m usage_mem=39Mi request_cpu=410m request_mem=250Mi limit_cpu=none limit_mem=none vpa_target_cpu=410m vpa_target_mem=250Mi vpa_uncapped_cpu=410m vpa_uncapped_mem=250Mi vpa_lower_cpu=216m vpa_lower_mem=250Mi vpa_upper_cpu=1500m vpa_upper_mem=512Mi
[2026-08-22T02:38:07+02:00] UPF_CONTROL_SAMPLE timestamp=2026-08-22T02:38:03+02:00 scenario=ue_27 pod=open5gs-upf-5b9db6d44-nsbqz uid=7b5b8ef7-a2a2-4fe9-a3e1-74acd17bd88f restarts=6 usage_cpu=411m usage_mem=39Mi request_cpu=410m request_mem=250Mi limit_cpu=none limit_mem=none vpa_target_cpu=410m vpa_target_mem=250Mi vpa_uncapped_cpu=410m vpa_uncapped_mem=250Mi vpa_lower_cpu=216m vpa_lower_mem=250Mi vpa_upper_cpu=1500m vpa_upper_mem=512Mi
[2026-08-22T02:38:12+02:00] UPF_CONTROL_SAMPLE timestamp=2026-08-22T02:38:08+02:00 scenario=ue_27 pod=open5gs-upf-5b9db6d44-nsbqz uid=7b5b8ef7-a2a2-4fe9-a3e1-74acd17bd88f restarts=6 usage_cpu=423m usage_mem=39Mi request_cpu=410m request_mem=250Mi limit_cpu=none limit_mem=none vpa_target_cpu=410m vpa_target_mem=250Mi vpa_uncapped_cpu=410m vpa_uncapped_mem=250Mi vpa_lower_cpu=216m vpa_lower_mem=250Mi vpa_upper_cpu=1500m vpa_upper_mem=512Mi
[2026-08-22T02:38:14+02:00] UPF_CONTROL_SAMPLE timestamp=2026-08-22T02:38:13+02:00 scenario=ue_27 pod=open5gs-upf-5b9db6d44-nsbqz uid=7b5b8ef7-a2a2-4fe9-a3e1-74acd17bd88f restarts=6 usage_cpu=423m usage_mem=39Mi request_cpu=410m request_mem=250Mi limit_cpu=none limit_mem=none vpa_target_cpu=410m vpa_target_mem=250Mi vpa_uncapped_cpu=410m vpa_uncapped_mem=250Mi vpa_lower_cpu=216m vpa_lower_mem=250Mi vpa_upper_cpu=1500m vpa_upper_mem=512Mi
[2026-08-22T02:38:17+02:00] UPF_CONTROL_SAMPLE timestamp=2026-08-22T02:38:15+02:00 scenario=ue_27 pod=open5gs-upf-5b9db6d44-nsbqz uid=7b5b8ef7-a2a2-4fe9-a3e1-74acd17bd88f restarts=6 usage_cpu=423m usage_mem=39Mi request_cpu=410m request_mem=250Mi limit_cpu=none limit_mem=none vpa_target_cpu=410m vpa_target_mem=250Mi vpa_uncapped_cpu=410m vpa_uncapped_mem=250Mi vpa_lower_cpu=216m vpa_lower_mem=250Mi vpa_upper_cpu=1500m vpa_upper_mem=512Mi
[2026-08-22T02:38:19+02:00] UE_SLOT_DONE timestamp=2026-08-22T00:38:19+00:00 active_ues=27 slot=1 attempt=1 ue_idx=1 ue_if=uesimtun1 ue_ip=10.45.1.247 port=5202 rc=0 replacements_for_slot=0 server_busy_retries_for_slot=0
[2026-08-22T02:38:19+02:00] UE_SLOT_DONE timestamp=2026-08-22T00:38:19+00:00 active_ues=27 slot=2 attempt=1 ue_idx=2 ue_if=uesimtun2 ue_ip=10.45.1.248 port=5203 rc=0 replacements_for_slot=0 server_busy_retries_for_slot=0
[2026-08-22T02:38:19+02:00] UE_SLOT_DONE timestamp=2026-08-22T00:38:19+00:00 active_ues=27 slot=3 attempt=1 ue_idx=3 ue_if=uesimtun3 ue_ip=10.45.1.249 port=5204 rc=0 replacements_for_slot=0 server_busy_retries_for_slot=0
[2026-08-22T02:38:19+02:00] UE_SLOT_DONE timestamp=2026-08-22T00:38:19+00:00 active_ues=27 slot=4 attempt=1 ue_idx=4 ue_if=uesimtun4 ue_ip=10.45.1.250 port=5205 rc=0 replacements_for_slot=0 server_busy_retries_for_slot=0
[2026-08-22T02:38:19+02:00] UE_SLOT_DONE timestamp=2026-08-22T00:38:19+00:00 active_ues=27 slot=5 attempt=1 ue_idx=5 ue_if=uesimtun5 ue_ip=10.45.1.251 port=5206 rc=0 replacements_for_slot=0 server_busy_retries_for_slot=0
[2026-08-22T02:38:19+02:00] UE_SLOT_DONE timestamp=2026-08-22T00:38:19+00:00 active_ues=27 slot=7 attempt=1 ue_idx=7 ue_if=uesimtun7 ue_ip=10.45.1.253 port=5208 rc=0 replacements_for_slot=0 server_busy_retries_for_slot=0
[2026-08-22T02:38:19+02:00] UE_SLOT_DONE timestamp=2026-08-22T00:38:19+00:00 active_ues=27 slot=8 attempt=1 ue_idx=8 ue_if=uesimtun8 ue_ip=10.45.1.254 port=5209 rc=0 replacements_for_slot=0 server_busy_retries_for_slot=0
[2026-08-22T02:38:19+02:00] UE_SLOT_DONE timestamp=2026-08-22T00:38:19+00:00 active_ues=27 slot=9 attempt=1 ue_idx=9 ue_if=uesimtun9 ue_ip=10.45.1.255 port=5210 rc=0 replacements_for_slot=0 server_busy_retries_for_slot=0
[2026-08-22T02:38:19+02:00] UE_SLOT_DONE timestamp=2026-08-22T00:38:19+00:00 active_ues=27 slot=10 attempt=1 ue_idx=10 ue_if=uesimtun10 ue_ip=10.45.2.2 port=5211 rc=0 replacements_for_slot=0 server_busy_retries_for_slot=0
[2026-08-22T02:38:19+02:00] UE_SLOT_DONE timestamp=2026-08-22T00:38:19+00:00 active_ues=27 slot=11 attempt=1 ue_idx=11 ue_if=uesimtun11 ue_ip=10.45.2.22 port=5212 rc=0 replacements_for_slot=0 server_busy_retries_for_slot=0
[2026-08-22T02:38:19+02:00] UE_SLOT_DONE timestamp=2026-08-22T00:38:19+00:00 active_ues=27 slot=12 attempt=1 ue_idx=12 ue_if=uesimtun12 ue_ip=10.45.2.5 port=5213 rc=0 replacements_for_slot=0 server_busy_retries_for_slot=0
[2026-08-22T02:38:20+02:00] UPF_CONTROL_SAMPLE timestamp=2026-08-22T02:38:18+02:00 scenario=ue_27 pod=open5gs-upf-5b9db6d44-nsbqz uid=7b5b8ef7-a2a2-4fe9-a3e1-74acd17bd88f restarts=6 usage_cpu=423m usage_mem=39Mi request_cpu=410m request_mem=250Mi limit_cpu=none limit_mem=none vpa_target_cpu=410m vpa_target_mem=250Mi vpa_uncapped_cpu=410m vpa_uncapped_mem=250Mi vpa_lower_cpu=216m vpa_lower_mem=250Mi vpa_upper_cpu=1500m vpa_upper_mem=512Mi
[2026-08-22T02:38:21+02:00] UE_SLOT_DONE timestamp=2026-08-22T00:38:21+00:00 active_ues=27 slot=13 attempt=1 ue_idx=13 ue_if=uesimtun13 ue_ip=10.45.2.0 port=5214 rc=0 replacements_for_slot=0 server_busy_retries_for_slot=0
[2026-08-22T02:38:21+02:00] UE_SLOT_DONE timestamp=2026-08-22T00:38:21+00:00 active_ues=27 slot=14 attempt=1 ue_idx=14 ue_if=uesimtun14 ue_ip=10.45.2.8 port=5215 rc=0 replacements_for_slot=0 server_busy_retries_for_slot=0
[2026-08-22T02:38:21+02:00] UE_SLOT_DONE timestamp=2026-08-22T00:38:21+00:00 active_ues=27 slot=15 attempt=1 ue_idx=15 ue_if=uesimtun15 ue_ip=10.45.2.6 port=5216 rc=0 replacements_for_slot=0 server_busy_retries_for_slot=0
[2026-08-22T02:38:21+02:00] UE_SLOT_DONE timestamp=2026-08-22T00:38:21+00:00 active_ues=27 slot=16 attempt=1 ue_idx=16 ue_if=uesimtun16 ue_ip=10.45.2.7 port=5217 rc=0 replacements_for_slot=0 server_busy_retries_for_slot=0
[2026-08-22T02:38:21+02:00] UE_SLOT_DONE timestamp=2026-08-22T00:38:21+00:00 active_ues=27 slot=17 attempt=1 ue_idx=17 ue_if=uesimtun17 ue_ip=10.45.2.3 port=5218 rc=0 replacements_for_slot=0 server_busy_retries_for_slot=0
[2026-08-22T02:38:21+02:00] UE_SLOT_DONE timestamp=2026-08-22T00:38:21+00:00 active_ues=27 slot=18 attempt=1 ue_idx=18 ue_if=uesimtun18 ue_ip=10.45.2.13 port=5219 rc=0 replacements_for_slot=0 server_busy_retries_for_slot=0
[2026-08-22T02:38:21+02:00] UE_SLOT_DONE timestamp=2026-08-22T00:38:21+00:00 active_ues=27 slot=19 attempt=1 ue_idx=19 ue_if=uesimtun19 ue_ip=10.45.2.12 port=5220 rc=0 replacements_for_slot=0 server_busy_retries_for_slot=0
[2026-08-22T02:38:21+02:00] UE_SLOT_DONE timestamp=2026-08-22T00:38:21+00:00 active_ues=27 slot=20 attempt=1 ue_idx=20 ue_if=uesimtun20 ue_ip=10.45.2.15 port=5221 rc=0 replacements_for_slot=0 server_busy_retries_for_slot=0
[2026-08-22T02:38:21+02:00] UE_SLOT_DONE timestamp=2026-08-22T00:38:21+00:00 active_ues=27 slot=22 attempt=2 ue_idx=23 ue_if=uesimtun23 ue_ip=10.45.2.21 port=5251 rc=0 replacements_for_slot=0 server_busy_retries_for_slot=1
[2026-08-22T02:38:23+02:00] UE_SLOT_DONE timestamp=2026-08-22T00:38:23+00:00 active_ues=27 slot=21 attempt=1 ue_idx=21 ue_if=uesimtun21 ue_ip=10.45.2.17 port=5222 rc=0 replacements_for_slot=0 server_busy_retries_for_slot=0
[2026-08-22T02:38:23+02:00] UE_SLOT_DONE timestamp=2026-08-22T00:38:23+00:00 active_ues=27 slot=23 attempt=1 ue_idx=24 ue_if=uesimtun24 ue_ip=10.45.2.23 port=5224 rc=0 replacements_for_slot=0 server_busy_retries_for_slot=0
[2026-08-22T02:38:23+02:00] UE_SLOT_DONE timestamp=2026-08-22T00:38:23+00:00 active_ues=27 slot=24 attempt=1 ue_idx=25 ue_if=uesimtun25 ue_ip=10.45.2.27 port=5225 rc=0 replacements_for_slot=0 server_busy_retries_for_slot=0
[2026-08-22T02:38:23+02:00] UE_SLOT_DONE timestamp=2026-08-22T00:38:23+00:00 active_ues=27 slot=25 attempt=1 ue_idx=26 ue_if=uesimtun26 ue_ip=10.45.2.24 port=5226 rc=0 replacements_for_slot=0 server_busy_retries_for_slot=0
[2026-08-22T02:38:23+02:00] UE_SLOT_DONE timestamp=2026-08-22T00:38:23+00:00 active_ues=27 slot=26 attempt=1 ue_idx=27 ue_if=uesimtun27 ue_ip=10.45.2.29 port=5227 rc=0 replacements_for_slot=0 server_busy_retries_for_slot=0
[2026-08-22T02:38:24+02:00] UPF_CONTROL_SAMPLE timestamp=2026-08-22T02:38:21+02:00 scenario=ue_27 pod=open5gs-upf-5b9db6d44-nsbqz uid=7b5b8ef7-a2a2-4fe9-a3e1-74acd17bd88f restarts=6 usage_cpu=423m usage_mem=39Mi request_cpu=410m request_mem=250Mi limit_cpu=none limit_mem=none vpa_target_cpu=410m vpa_target_mem=250Mi vpa_uncapped_cpu=410m vpa_uncapped_mem=250Mi vpa_lower_cpu=216m vpa_lower_mem=250Mi vpa_upper_cpu=1500m vpa_upper_mem=512Mi
[2026-08-22T02:38:27+02:00] UE_SLOT_PROCESS_FAILURE timestamp=2026-08-22T00:38:27+00:00 active_ues=27 slot=0 attempt=1 ue_idx=0 ue_if=uesimtun0 ue_ip=10.45.1.246 port=5201 rc=124 elapsed_s=91 end_overrun_s=11
[2026-08-22T02:38:27+02:00] FAILED_CLIENT_LOG_BEGIN slot=0 logfile=/tmp/upf_iperf_adaptive_20260822_021535_ue_27/slot_0_attempt_1_ue_0_port_5201.log
[2026-08-22T02:38:27+02:00] Connecting to host 192.168.1.211, port 5201
[2026-08-22T02:38:27+02:00] [  5] local 10.45.1.246 port 47639 connected to 192.168.1.211 port 5201
[2026-08-22T02:38:27+02:00] [ ID] Interval           Transfer     Bitrate         Retr  Cwnd
[2026-08-22T02:38:28+02:00] [  5]   0.00-1.00   sec   235 KBytes  1.92 Mbits/sec    0    104 KBytes       
[2026-08-22T02:38:28+02:00] [  5]   1.00-2.00   sec   128 KBytes  1.05 Mbits/sec    0    104 KBytes       
[2026-08-22T02:38:28+02:00] [  5]   2.00-3.00   sec   128 KBytes  1.05 Mbits/sec    0   60.6 KBytes       
[2026-08-22T02:38:28+02:00] [  5]   3.00-4.00   sec  0.00 Bytes  0.00 bits/sec    0    105 KBytes       
[2026-08-22T02:38:28+02:00] [  5]   4.00-5.00   sec   128 KBytes  1.05 Mbits/sec    0    104 KBytes       
[2026-08-22T02:38:28+02:00] [  5]   5.00-6.00   sec   128 KBytes  1.05 Mbits/sec    0    105 KBytes       
[2026-08-22T02:38:28+02:00] [  5]   6.00-7.00   sec   128 KBytes  1.05 Mbits/sec    0    104 KBytes       
[2026-08-22T02:38:28+02:00] [  5]   7.00-8.00   sec   128 KBytes  1.05 Mbits/sec    0    104 KBytes       
[2026-08-22T02:38:28+02:00] [  5]   8.00-9.00   sec   128 KBytes  1.05 Mbits/sec    0    104 KBytes       
[2026-08-22T02:38:28+02:00] [  5]   9.00-10.00  sec   128 KBytes  1.05 Mbits/sec    0    104 KBytes       
[2026-08-22T02:38:28+02:00] [  5]  10.00-11.00  sec   128 KBytes  1.05 Mbits/sec    0    105 KBytes       
[2026-08-22T02:38:28+02:00] [  5]  11.00-12.00  sec   128 KBytes  1.05 Mbits/sec    0    104 KBytes       
[2026-08-22T02:38:28+02:00] [  5]  12.00-13.00  sec   128 KBytes  1.05 Mbits/sec    0    104 KBytes       
[2026-08-22T02:38:28+02:00] FAILED_CLIENT_LOG_END slot=0 logfile=/tmp/upf_iperf_adaptive_20260822_021535_ue_27/slot_0_attempt_1_ue_0_port_5201.log
[2026-08-22T02:38:28+02:00] UE_SLOT_LATE_TIMEOUT_ACCEPTED timestamp=2026-08-22T00:38:27+00:00 active_ues=27 slot=0 attempt=1 ue_idx=0 ue_if=uesimtun0 ue_ip=10.45.1.246 port=5201 rc=124 elapsed_s=91 end_overrun_s=11 seen_rx=1 reason=post_duration_timeout_with_valid_iperf_output action=count_slot_done note=timeout_killed_iperf_after_test_duration_not_traffic_failure
[2026-08-22T02:38:29+02:00] UE_SLOT_PROCESS_FAILURE timestamp=2026-08-22T00:38:29+00:00 active_ues=27 slot=6 attempt=1 ue_idx=6 ue_if=uesimtun6 ue_ip=10.45.1.252 port=5207 rc=124 elapsed_s=91 end_overrun_s=11
[2026-08-22T02:38:29+02:00] UPF_CONTROL_SAMPLE timestamp=2026-08-22T02:38:25+02:00 scenario=ue_27 pod=open5gs-upf-5b9db6d44-nsbqz uid=7b5b8ef7-a2a2-4fe9-a3e1-74acd17bd88f restarts=6 usage_cpu=334m usage_mem=38Mi request_cpu=410m request_mem=250Mi limit_cpu=none limit_mem=none vpa_target_cpu=410m vpa_target_mem=250Mi vpa_uncapped_cpu=410m vpa_uncapped_mem=250Mi vpa_lower_cpu=216m vpa_lower_mem=250Mi vpa_upper_cpu=1500m vpa_upper_mem=512Mi
[2026-08-22T02:38:29+02:00] FAILED_CLIENT_LOG_BEGIN slot=6 logfile=/tmp/upf_iperf_adaptive_20260822_021535_ue_27/slot_6_attempt_1_ue_6_port_5207.log
[2026-08-22T02:38:29+02:00] Connecting to host 192.168.1.211, port 5207
[2026-08-22T02:38:29+02:00] [  5] local 10.45.1.252 port 56217 connected to 192.168.1.211 port 5207
[2026-08-22T02:38:29+02:00] [ ID] Interval           Transfer     Bitrate         Retr  Cwnd
[2026-08-22T02:38:29+02:00] [  5]   0.00-1.00   sec   235 KBytes  1.92 Mbits/sec    0    133 KBytes       
[2026-08-22T02:38:29+02:00] [  5]   1.00-2.00   sec   128 KBytes  1.05 Mbits/sec    0    141 KBytes       
[2026-08-22T02:38:29+02:00] [  5]   2.00-3.00   sec   128 KBytes  1.05 Mbits/sec    0   52.7 KBytes       
[2026-08-22T02:38:29+02:00] [  5]   3.00-4.00   sec  0.00 Bytes  0.00 bits/sec    0   79.0 KBytes       
[2026-08-22T02:38:29+02:00] [  5]   4.00-5.00   sec   128 KBytes  1.05 Mbits/sec    0   79.0 KBytes       
[2026-08-22T02:38:29+02:00] [  5]   5.00-6.00   sec   128 KBytes  1.05 Mbits/sec    0   80.3 KBytes       
[2026-08-22T02:38:29+02:00] [  5]   6.00-7.00   sec   128 KBytes  1.05 Mbits/sec    0   79.0 KBytes       
[2026-08-22T02:38:29+02:00] [  5]   7.00-8.00   sec   128 KBytes  1.05 Mbits/sec    0   80.3 KBytes       
[2026-08-22T02:38:29+02:00] [  5]   8.00-9.00   sec   128 KBytes  1.05 Mbits/sec    0   79.0 KBytes       
[2026-08-22T02:38:29+02:00] [  5]   9.00-10.00  sec   128 KBytes  1.05 Mbits/sec    0   80.3 KBytes       
[2026-08-22T02:38:29+02:00] [  5]  10.00-11.00  sec   128 KBytes  1.05 Mbits/sec    0   79.0 KBytes       
[2026-08-22T02:38:29+02:00] [  5]  11.00-12.00  sec   128 KBytes  1.05 Mbits/sec    0   80.3 KBytes       
[2026-08-22T02:38:29+02:00] [  5]  12.00-13.00  sec   128 KBytes  1.05 Mbits/sec    0   80.3 KBytes       
[2026-08-22T02:38:29+02:00] FAILED_CLIENT_LOG_END slot=6 logfile=/tmp/upf_iperf_adaptive_20260822_021535_ue_27/slot_6_attempt_1_ue_6_port_5207.log
[2026-08-22T02:38:29+02:00] UE_SLOT_LATE_TIMEOUT_ACCEPTED timestamp=2026-08-22T00:38:29+00:00 active_ues=27 slot=6 attempt=1 ue_idx=6 ue_if=uesimtun6 ue_ip=10.45.1.252 port=5207 rc=124 elapsed_s=91 end_overrun_s=11 seen_rx=1 reason=post_duration_timeout_with_valid_iperf_output action=count_slot_done note=timeout_killed_iperf_after_test_duration_not_traffic_failure
[2026-08-22T02:38:30+02:00] TRAFFIC_SUMMARY timestamp=2026-08-22T00:38:30+00:00 registered_tunnels=50 active_ues=27 target_slots=27 completed_slots=27 final_failed_slots=0 replacements=0 problematic_ues=0 zombie_ues=0 connect_timeouts=0 stalls=0 deferred_stalls=0 process_failures=0 server_busy_retries=1 server_busy_failures=0 late_timeouts_accepted=2 scenario_bad_ues=0 global_suspect_ues=1 used_ues=27 target_host=192.168.1.211 initial_ports=5201-5227 replacement_ports=5251-5265 bitrate=1M start_delay=0.05 detection=no_rx_counter replacement_min_duration_s=5 adaptive_extension_max_s=1 iperf_exit_grace_s=3 server_busy_retries_limit=1 server_busy_retry_delay_s=2 late_replacement_after_end=disabled wait_for_iperf_exit=until_timeout global_suspect_policy=soft_reuse ramp_supervision=after_initial_start
[2026-08-22T02:38:30+02:00] UE_POOL_SCENARIO_BAD_CURRENT timestamp=2026-08-22T00:38:30+00:00 active_ues=27 indexes=
[2026-08-22T02:38:30+02:00] UE_POOL_GLOBAL_SUSPECT_CURRENT timestamp=2026-08-22T00:38:30+00:00 active_ues=27 indexes=22
[2026-08-22T02:38:30+02:00] REMOTE_IPERF_PER_UE_END timestamp=2026-08-22T00:38:30+00:00 active_ues=27 tag=ue_27 final_rc=0 completed_slots=27 replacements=0 problematic_ues=0 server_busy_retries=1 deferred_stalls=0 late_timeouts_accepted=2
[2026-08-22T02:38:30+02:00] SCENARIO TRAFFIC COMMAND END timestamp=2026-08-22T02:38:30+02:00 active_ue=27 rc=0
[2026-08-22T02:38:32+02:00] SCENARIO UPF AFTER timestamp=2026-08-22T02:38:32+02:00 active_ue=27 pod=open5gs-upf-5b9db6d44-nsbqz uid=7b5b8ef7-a2a2-4fe9-a3e1-74acd17bd88f restarts=6
[2026-08-22T02:38:32+02:00] SCENARIO END timestamp=2026-08-22T02:38:32+02:00 active_ue=27 rc=0
[2026-08-22T02:38:32+02:00] ================================================================
[2026-08-22T02:38:32+02:00] SCENARIO START timestamp=2026-08-22T02:38:32+02:00 active_ue=29 registered_ue_pool=50 target_host=192.168.1.211 ports=5201-5229 replacement_ports=5251-5265 bitrate_per_ue=1M start_delay=0.05 replacement_min_duration=5 adaptive_extension_max=1
[2026-08-22T02:38:32+02:00] ================================================================
[2026-08-22T02:38:33+02:00] SCENARIO TUNNEL CHECK timestamp=2026-08-22T02:38:33+02:00 active_ue=29 current_tunnels=50 required=50
[2026-08-22T02:38:34+02:00] UPF_CONTROL_SAMPLE timestamp=2026-08-22T02:38:30+02:00 scenario=ue_27 pod=open5gs-upf-5b9db6d44-nsbqz uid=7b5b8ef7-a2a2-4fe9-a3e1-74acd17bd88f restarts=6 usage_cpu=334m usage_mem=38Mi request_cpu=410m request_mem=250Mi limit_cpu=none limit_mem=none vpa_target_cpu=410m vpa_target_mem=250Mi vpa_uncapped_cpu=410m vpa_uncapped_mem=250Mi vpa_lower_cpu=216m vpa_lower_mem=250Mi vpa_upper_cpu=1500m vpa_upper_mem=512Mi
[2026-08-22T02:38:35+02:00] SCENARIO UPF BEFORE timestamp=2026-08-22T02:38:35+02:00 active_ue=29 pod=open5gs-upf-5b9db6d44-nsbqz uid=7b5b8ef7-a2a2-4fe9-a3e1-74acd17bd88f restarts=6
[2026-08-22T02:38:36+02:00] REMOTE_IPERF_PER_UE_START timestamp=2026-08-22T00:38:36+00:00 active_ues=29 tag=ue_29 iperf_host=192.168.1.211 base_port=5201 replacement_base_port=5251 duration=80 bitrate=1M start_delay=0.05 detection=no_rx_counter connect_timeout_s=4 stall_seconds=5 replacement_limit=15 replacement_min_duration_s=5 adaptive_extension_max_s=1 iperf_exit_grace_s=3 server_busy_port_rebinds=1 late_replacement_after_end=disabled wait_for_iperf_exit=until_timeout global_suspect_policy=soft_reuse ramp_supervision=after_initial_start
[2026-08-22T02:38:36+02:00] UE_POOL_STATUS timestamp=2026-08-22T00:38:36+00:00 active_ues=29 registered_tunnels=50 existing_global_suspect_ues=1 used_ues=0 policy=soft_reuse_global_suspects
[2026-08-22T02:38:36+02:00] UE_SLOT_ASSIGN timestamp=2026-08-22T00:38:36+00:00 active_ues=29 slot=0 ue_idx=0 ue_if=uesimtun0 ue_ip=10.45.1.246 candidate_reused_global_suspect=0
[2026-08-22T02:38:36+02:00] UE_SLOT_START timestamp=2026-08-22T00:38:36+00:00 active_ues=29 slot=0 attempt=1 ue_idx=0 ue_if=uesimtun0 ue_ip=10.45.1.246 target=192.168.1.211:5201 bitrate=1M duration_s=80 planned_end_epoch=1787359196 timeout_s=90 hard_timeout_epoch=1787359211 start_rx_bytes=1326391
[2026-08-22T02:38:36+02:00] UE_SLOT_PID timestamp=2026-08-22T00:38:36+00:00 active_ues=29 slot=0 attempt=1 ue_idx=0 pid=42712
[2026-08-22T02:38:36+02:00] UE_SLOT_ASSIGN timestamp=2026-08-22T00:38:36+00:00 active_ues=29 slot=1 ue_idx=1 ue_if=uesimtun1 ue_ip=10.45.1.247 candidate_reused_global_suspect=0
[2026-08-22T02:38:36+02:00] UE_SLOT_START timestamp=2026-08-22T00:38:36+00:00 active_ues=29 slot=1 attempt=1 ue_idx=1 ue_if=uesimtun1 ue_ip=10.45.1.247 target=192.168.1.211:5202 bitrate=1M duration_s=80 planned_end_epoch=1787359196 timeout_s=90 hard_timeout_epoch=1787359211 start_rx_bytes=1241715
[2026-08-22T02:38:36+02:00] UE_SLOT_PID timestamp=2026-08-22T00:38:36+00:00 active_ues=29 slot=1 attempt=1 ue_idx=1 pid=42737
[2026-08-22T02:38:36+02:00] UE_SLOT_ASSIGN timestamp=2026-08-22T00:38:36+00:00 active_ues=29 slot=2 ue_idx=2 ue_if=uesimtun2 ue_ip=10.45.1.248 candidate_reused_global_suspect=0
[2026-08-22T02:38:36+02:00] UE_SLOT_START timestamp=2026-08-22T00:38:36+00:00 active_ues=29 slot=2 attempt=1 ue_idx=2 ue_if=uesimtun2 ue_ip=10.45.1.248 target=192.168.1.211:5203 bitrate=1M duration_s=80 planned_end_epoch=1787359196 timeout_s=90 hard_timeout_epoch=1787359211 start_rx_bytes=1249450
[2026-08-22T02:38:36+02:00] UE_SLOT_PID timestamp=2026-08-22T00:38:36+00:00 active_ues=29 slot=2 attempt=1 ue_idx=2 pid=42762
[2026-08-22T02:38:36+02:00] UE_SLOT_ASSIGN timestamp=2026-08-22T00:38:36+00:00 active_ues=29 slot=3 ue_idx=3 ue_if=uesimtun3 ue_ip=10.45.1.249 candidate_reused_global_suspect=0
[2026-08-22T02:38:36+02:00] UE_SLOT_START timestamp=2026-08-22T00:38:36+00:00 active_ues=29 slot=3 attempt=1 ue_idx=3 ue_if=uesimtun3 ue_ip=10.45.1.249 target=192.168.1.211:5204 bitrate=1M duration_s=80 planned_end_epoch=1787359196 timeout_s=90 hard_timeout_epoch=1787359211 start_rx_bytes=1137023
[2026-08-22T02:38:37+02:00] UE_SLOT_PID timestamp=2026-08-22T00:38:36+00:00 active_ues=29 slot=3 attempt=1 ue_idx=3 pid=42787
[2026-08-22T02:38:37+02:00] UE_SLOT_ASSIGN timestamp=2026-08-22T00:38:37+00:00 active_ues=29 slot=4 ue_idx=4 ue_if=uesimtun4 ue_ip=10.45.1.250 candidate_reused_global_suspect=0
[2026-08-22T02:38:37+02:00] UE_SLOT_START timestamp=2026-08-22T00:38:37+00:00 active_ues=29 slot=4 attempt=1 ue_idx=4 ue_if=uesimtun4 ue_ip=10.45.1.250 target=192.168.1.211:5205 bitrate=1M duration_s=80 planned_end_epoch=1787359197 timeout_s=90 hard_timeout_epoch=1787359212 start_rx_bytes=1127867
[2026-08-22T02:38:37+02:00] UE_SLOT_PID timestamp=2026-08-22T00:38:37+00:00 active_ues=29 slot=4 attempt=1 ue_idx=4 pid=42812
[2026-08-22T02:38:37+02:00] UE_SLOT_ASSIGN timestamp=2026-08-22T00:38:37+00:00 active_ues=29 slot=5 ue_idx=5 ue_if=uesimtun5 ue_ip=10.45.1.251 candidate_reused_global_suspect=0
[2026-08-22T02:38:37+02:00] UE_SLOT_START timestamp=2026-08-22T00:38:37+00:00 active_ues=29 slot=5 attempt=1 ue_idx=5 ue_if=uesimtun5 ue_ip=10.45.1.251 target=192.168.1.211:5206 bitrate=1M duration_s=80 planned_end_epoch=1787359197 timeout_s=90 hard_timeout_epoch=1787359212 start_rx_bytes=1039482
[2026-08-22T02:38:37+02:00] UE_SLOT_PID timestamp=2026-08-22T00:38:37+00:00 active_ues=29 slot=5 attempt=1 ue_idx=5 pid=42837
[2026-08-22T02:38:37+02:00] UE_SLOT_ASSIGN timestamp=2026-08-22T00:38:37+00:00 active_ues=29 slot=6 ue_idx=6 ue_if=uesimtun6 ue_ip=10.45.1.252 candidate_reused_global_suspect=0
[2026-08-22T02:38:37+02:00] UE_SLOT_START timestamp=2026-08-22T00:38:37+00:00 active_ues=29 slot=6 attempt=1 ue_idx=6 ue_if=uesimtun6 ue_ip=10.45.1.252 target=192.168.1.211:5207 bitrate=1M duration_s=80 planned_end_epoch=1787359197 timeout_s=90 hard_timeout_epoch=1787359212 start_rx_bytes=1032063
[2026-08-22T02:38:37+02:00] UE_SLOT_PID timestamp=2026-08-22T00:38:37+00:00 active_ues=29 slot=6 attempt=1 ue_idx=6 pid=42862
[2026-08-22T02:38:37+02:00] UE_SLOT_ASSIGN timestamp=2026-08-22T00:38:37+00:00 active_ues=29 slot=7 ue_idx=7 ue_if=uesimtun7 ue_ip=10.45.1.253 candidate_reused_global_suspect=0
[2026-08-22T02:38:37+02:00] UE_SLOT_START timestamp=2026-08-22T00:38:37+00:00 active_ues=29 slot=7 attempt=1 ue_idx=7 ue_if=uesimtun7 ue_ip=10.45.1.253 target=192.168.1.211:5208 bitrate=1M duration_s=80 planned_end_epoch=1787359197 timeout_s=90 hard_timeout_epoch=1787359212 start_rx_bytes=943668
[2026-08-22T02:38:37+02:00] UE_SLOT_PID timestamp=2026-08-22T00:38:37+00:00 active_ues=29 slot=7 attempt=1 ue_idx=7 pid=42887
[2026-08-22T02:38:37+02:00] UE_SLOT_ASSIGN timestamp=2026-08-22T00:38:37+00:00 active_ues=29 slot=8 ue_idx=8 ue_if=uesimtun8 ue_ip=10.45.1.254 candidate_reused_global_suspect=0
[2026-08-22T02:38:38+02:00] UE_SLOT_START timestamp=2026-08-22T00:38:38+00:00 active_ues=29 slot=8 attempt=1 ue_idx=8 ue_if=uesimtun8 ue_ip=10.45.1.254 target=192.168.1.211:5209 bitrate=1M duration_s=80 planned_end_epoch=1787359197 timeout_s=90 hard_timeout_epoch=1787359212 start_rx_bytes=943927
[2026-08-22T02:38:38+02:00] UE_SLOT_PID timestamp=2026-08-22T00:38:38+00:00 active_ues=29 slot=8 attempt=1 ue_idx=8 pid=42912
[2026-08-22T02:38:38+02:00] UE_SLOT_ASSIGN timestamp=2026-08-22T00:38:38+00:00 active_ues=29 slot=9 ue_idx=9 ue_if=uesimtun9 ue_ip=10.45.1.255 candidate_reused_global_suspect=0
[2026-08-22T02:38:38+02:00] UE_SLOT_START timestamp=2026-08-22T00:38:38+00:00 active_ues=29 slot=9 attempt=1 ue_idx=9 ue_if=uesimtun9 ue_ip=10.45.1.255 target=192.168.1.211:5210 bitrate=1M duration_s=80 planned_end_epoch=1787359198 timeout_s=90 hard_timeout_epoch=1787359213 start_rx_bytes=870090
[2026-08-22T02:38:38+02:00] UE_SLOT_PID timestamp=2026-08-22T00:38:38+00:00 active_ues=29 slot=9 attempt=1 ue_idx=9 pid=42937
[2026-08-22T02:38:38+02:00] UE_SLOT_ASSIGN timestamp=2026-08-22T00:38:38+00:00 active_ues=29 slot=10 ue_idx=10 ue_if=uesimtun10 ue_ip=10.45.2.2 candidate_reused_global_suspect=0
[2026-08-22T02:38:38+02:00] UE_SLOT_START timestamp=2026-08-22T00:38:38+00:00 active_ues=29 slot=10 attempt=1 ue_idx=10 ue_if=uesimtun10 ue_ip=10.45.2.2 target=192.168.1.211:5211 bitrate=1M duration_s=80 planned_end_epoch=1787359198 timeout_s=90 hard_timeout_epoch=1787359213 start_rx_bytes=868379
[2026-08-22T02:38:38+02:00] UE_SLOT_PID timestamp=2026-08-22T00:38:38+00:00 active_ues=29 slot=10 attempt=1 ue_idx=10 pid=42962
[2026-08-22T02:38:38+02:00] UE_SLOT_ASSIGN timestamp=2026-08-22T00:38:38+00:00 active_ues=29 slot=11 ue_idx=11 ue_if=uesimtun11 ue_ip=10.45.2.22 candidate_reused_global_suspect=0
[2026-08-22T02:38:38+02:00] UE_SLOT_START timestamp=2026-08-22T00:38:38+00:00 active_ues=29 slot=11 attempt=1 ue_idx=11 ue_if=uesimtun11 ue_ip=10.45.2.22 target=192.168.1.211:5212 bitrate=1M duration_s=80 planned_end_epoch=1787359198 timeout_s=90 hard_timeout_epoch=1787359213 start_rx_bytes=776459
[2026-08-22T02:38:38+02:00] UE_SLOT_PID timestamp=2026-08-22T00:38:38+00:00 active_ues=29 slot=11 attempt=1 ue_idx=11 pid=42987
[2026-08-22T02:38:38+02:00] UE_SLOT_ASSIGN timestamp=2026-08-22T00:38:38+00:00 active_ues=29 slot=12 ue_idx=12 ue_if=uesimtun12 ue_ip=10.45.2.5 candidate_reused_global_suspect=0
[2026-08-22T02:38:38+02:00] UE_SLOT_START timestamp=2026-08-22T00:38:38+00:00 active_ues=29 slot=12 attempt=1 ue_idx=12 ue_if=uesimtun12 ue_ip=10.45.2.5 target=192.168.1.211:5213 bitrate=1M duration_s=80 planned_end_epoch=1787359198 timeout_s=90 hard_timeout_epoch=1787359213 start_rx_bytes=756865
[2026-08-22T02:38:38+02:00] UE_SLOT_PID timestamp=2026-08-22T00:38:38+00:00 active_ues=29 slot=12 attempt=1 ue_idx=12 pid=43012
[2026-08-22T02:38:39+02:00] UE_SLOT_ASSIGN timestamp=2026-08-22T00:38:39+00:00 active_ues=29 slot=13 ue_idx=13 ue_if=uesimtun13 ue_ip=10.45.2.0 candidate_reused_global_suspect=0
[2026-08-22T02:38:39+02:00] UE_SLOT_START timestamp=2026-08-22T00:38:39+00:00 active_ues=29 slot=13 attempt=1 ue_idx=13 ue_if=uesimtun13 ue_ip=10.45.2.0 target=192.168.1.211:5214 bitrate=1M duration_s=80 planned_end_epoch=1787359199 timeout_s=90 hard_timeout_epoch=1787359214 start_rx_bytes=668322
[2026-08-22T02:38:39+02:00] UPF_CONTROL_SAMPLE timestamp=2026-08-22T02:38:35+02:00 scenario=ue_29 pod=open5gs-upf-5b9db6d44-nsbqz uid=7b5b8ef7-a2a2-4fe9-a3e1-74acd17bd88f restarts=6 usage_cpu=334m usage_mem=38Mi request_cpu=410m request_mem=250Mi limit_cpu=none limit_mem=none vpa_target_cpu=410m vpa_target_mem=250Mi vpa_uncapped_cpu=410m vpa_uncapped_mem=250Mi vpa_lower_cpu=216m vpa_lower_mem=250Mi vpa_upper_cpu=1500m vpa_upper_mem=512Mi
[2026-08-22T02:38:39+02:00] UE_SLOT_PID timestamp=2026-08-22T00:38:39+00:00 active_ues=29 slot=13 attempt=1 ue_idx=13 pid=43037
[2026-08-22T02:38:39+02:00] UE_SLOT_ASSIGN timestamp=2026-08-22T00:38:39+00:00 active_ues=29 slot=14 ue_idx=14 ue_if=uesimtun14 ue_ip=10.45.2.8 candidate_reused_global_suspect=0
[2026-08-22T02:38:39+02:00] UE_SLOT_START timestamp=2026-08-22T00:38:39+00:00 active_ues=29 slot=14 attempt=1 ue_idx=14 ue_if=uesimtun14 ue_ip=10.45.2.8 target=192.168.1.211:5215 bitrate=1M duration_s=80 planned_end_epoch=1787359199 timeout_s=90 hard_timeout_epoch=1787359214 start_rx_bytes=716677
[2026-08-22T02:38:39+02:00] UE_SLOT_PID timestamp=2026-08-22T00:38:39+00:00 active_ues=29 slot=14 attempt=1 ue_idx=14 pid=43062
[2026-08-22T02:38:39+02:00] UE_SLOT_ASSIGN timestamp=2026-08-22T00:38:39+00:00 active_ues=29 slot=15 ue_idx=15 ue_if=uesimtun15 ue_ip=10.45.2.6 candidate_reused_global_suspect=0
[2026-08-22T02:38:39+02:00] UE_SLOT_START timestamp=2026-08-22T00:38:39+00:00 active_ues=29 slot=15 attempt=1 ue_idx=15 ue_if=uesimtun15 ue_ip=10.45.2.6 target=192.168.1.211:5216 bitrate=1M duration_s=80 planned_end_epoch=1787359199 timeout_s=90 hard_timeout_epoch=1787359214 start_rx_bytes=597247
[2026-08-22T02:38:39+02:00] UE_SLOT_PID timestamp=2026-08-22T00:38:39+00:00 active_ues=29 slot=15 attempt=1 ue_idx=15 pid=43087
[2026-08-22T02:38:39+02:00] UE_SLOT_ASSIGN timestamp=2026-08-22T00:38:39+00:00 active_ues=29 slot=16 ue_idx=16 ue_if=uesimtun16 ue_ip=10.45.2.7 candidate_reused_global_suspect=0
[2026-08-22T02:38:39+02:00] UE_SLOT_START timestamp=2026-08-22T00:38:39+00:00 active_ues=29 slot=16 attempt=1 ue_idx=16 ue_if=uesimtun16 ue_ip=10.45.2.7 target=192.168.1.211:5217 bitrate=1M duration_s=80 planned_end_epoch=1787359199 timeout_s=90 hard_timeout_epoch=1787359214 start_rx_bytes=585442
[2026-08-22T02:38:39+02:00] UE_SLOT_PID timestamp=2026-08-22T00:38:39+00:00 active_ues=29 slot=16 attempt=1 ue_idx=16 pid=43112
[2026-08-22T02:38:40+02:00] UE_SLOT_ASSIGN timestamp=2026-08-22T00:38:40+00:00 active_ues=29 slot=17 ue_idx=17 ue_if=uesimtun17 ue_ip=10.45.2.3 candidate_reused_global_suspect=0
[2026-08-22T02:38:40+02:00] UE_SLOT_START timestamp=2026-08-22T00:38:40+00:00 active_ues=29 slot=17 attempt=1 ue_idx=17 ue_if=uesimtun17 ue_ip=10.45.2.3 target=192.168.1.211:5218 bitrate=1M duration_s=80 planned_end_epoch=1787359199 timeout_s=90 hard_timeout_epoch=1787359215 start_rx_bytes=495510
[2026-08-22T02:38:40+02:00] UE_SLOT_PID timestamp=2026-08-22T00:38:40+00:00 active_ues=29 slot=17 attempt=1 ue_idx=17 pid=43137
[2026-08-22T02:38:40+02:00] UE_SLOT_ASSIGN timestamp=2026-08-22T00:38:40+00:00 active_ues=29 slot=18 ue_idx=18 ue_if=uesimtun18 ue_ip=10.45.2.13 candidate_reused_global_suspect=0
[2026-08-22T02:38:40+02:00] UE_SLOT_START timestamp=2026-08-22T00:38:40+00:00 active_ues=29 slot=18 attempt=1 ue_idx=18 ue_if=uesimtun18 ue_ip=10.45.2.13 target=192.168.1.211:5219 bitrate=1M duration_s=80 planned_end_epoch=1787359200 timeout_s=90 hard_timeout_epoch=1787359215 start_rx_bytes=495461
[2026-08-22T02:38:40+02:00] UE_SLOT_PID timestamp=2026-08-22T00:38:40+00:00 active_ues=29 slot=18 attempt=1 ue_idx=18 pid=43162
[2026-08-22T02:38:40+02:00] UE_SLOT_ASSIGN timestamp=2026-08-22T00:38:40+00:00 active_ues=29 slot=19 ue_idx=19 ue_if=uesimtun19 ue_ip=10.45.2.12 candidate_reused_global_suspect=0
[2026-08-22T02:38:40+02:00] UE_SLOT_START timestamp=2026-08-22T00:38:40+00:00 active_ues=29 slot=19 attempt=1 ue_idx=19 ue_if=uesimtun19 ue_ip=10.45.2.12 target=192.168.1.211:5220 bitrate=1M duration_s=80 planned_end_epoch=1787359200 timeout_s=90 hard_timeout_epoch=1787359215 start_rx_bytes=410651
[2026-08-22T02:38:40+02:00] UE_SLOT_PID timestamp=2026-08-22T00:38:40+00:00 active_ues=29 slot=19 attempt=1 ue_idx=19 pid=43187
[2026-08-22T02:38:40+02:00] UE_SLOT_ASSIGN timestamp=2026-08-22T00:38:40+00:00 active_ues=29 slot=20 ue_idx=20 ue_if=uesimtun20 ue_ip=10.45.2.15 candidate_reused_global_suspect=0
[2026-08-22T02:38:40+02:00] UE_SLOT_START timestamp=2026-08-22T00:38:40+00:00 active_ues=29 slot=20 attempt=1 ue_idx=20 ue_if=uesimtun20 ue_ip=10.45.2.15 target=192.168.1.211:5221 bitrate=1M duration_s=80 planned_end_epoch=1787359200 timeout_s=90 hard_timeout_epoch=1787359215 start_rx_bytes=396907
[2026-08-22T02:38:40+02:00] UE_SLOT_PID timestamp=2026-08-22T00:38:40+00:00 active_ues=29 slot=20 attempt=1 ue_idx=20 pid=43212
[2026-08-22T02:38:41+02:00] UE_SLOT_ASSIGN timestamp=2026-08-22T00:38:41+00:00 active_ues=29 slot=21 ue_idx=21 ue_if=uesimtun21 ue_ip=10.45.2.17 candidate_reused_global_suspect=0
[2026-08-22T02:38:41+02:00] UE_SLOT_START timestamp=2026-08-22T00:38:41+00:00 active_ues=29 slot=21 attempt=1 ue_idx=21 ue_if=uesimtun21 ue_ip=10.45.2.17 target=192.168.1.211:5222 bitrate=1M duration_s=80 planned_end_epoch=1787359201 timeout_s=90 hard_timeout_epoch=1787359216 start_rx_bytes=302270
[2026-08-22T02:38:41+02:00] UE_SLOT_PID timestamp=2026-08-22T00:38:41+00:00 active_ues=29 slot=21 attempt=1 ue_idx=21 pid=43237
[2026-08-22T02:38:41+02:00] UE_SLOT_ASSIGN timestamp=2026-08-22T00:38:41+00:00 active_ues=29 slot=22 ue_idx=23 ue_if=uesimtun23 ue_ip=10.45.2.21 candidate_reused_global_suspect=0
[2026-08-22T02:38:41+02:00] UE_SLOT_START timestamp=2026-08-22T00:38:41+00:00 active_ues=29 slot=22 attempt=1 ue_idx=23 ue_if=uesimtun23 ue_ip=10.45.2.21 target=192.168.1.211:5223 bitrate=1M duration_s=80 planned_end_epoch=1787359201 timeout_s=90 hard_timeout_epoch=1787359216 start_rx_bytes=225115
[2026-08-22T02:38:41+02:00] UE_SLOT_PID timestamp=2026-08-22T00:38:41+00:00 active_ues=29 slot=22 attempt=1 ue_idx=23 pid=43262
[2026-08-22T02:38:41+02:00] UE_SLOT_ASSIGN timestamp=2026-08-22T00:38:41+00:00 active_ues=29 slot=23 ue_idx=24 ue_if=uesimtun24 ue_ip=10.45.2.23 candidate_reused_global_suspect=0
[2026-08-22T02:38:41+02:00] UE_SLOT_START timestamp=2026-08-22T00:38:41+00:00 active_ues=29 slot=23 attempt=1 ue_idx=24 ue_if=uesimtun24 ue_ip=10.45.2.23 target=192.168.1.211:5224 bitrate=1M duration_s=80 planned_end_epoch=1787359201 timeout_s=90 hard_timeout_epoch=1787359216 start_rx_bytes=220212
[2026-08-22T02:38:41+02:00] UE_SLOT_PID timestamp=2026-08-22T00:38:41+00:00 active_ues=29 slot=23 attempt=1 ue_idx=24 pid=43287
[2026-08-22T02:38:41+02:00] UE_SLOT_ASSIGN timestamp=2026-08-22T00:38:41+00:00 active_ues=29 slot=24 ue_idx=25 ue_if=uesimtun25 ue_ip=10.45.2.27 candidate_reused_global_suspect=0
[2026-08-22T02:38:41+02:00] UE_SLOT_START timestamp=2026-08-22T00:38:41+00:00 active_ues=29 slot=24 attempt=1 ue_idx=25 ue_if=uesimtun25 ue_ip=10.45.2.27 target=192.168.1.211:5225 bitrate=1M duration_s=80 planned_end_epoch=1787359201 timeout_s=90 hard_timeout_epoch=1787359216 start_rx_bytes=200985
[2026-08-22T02:38:41+02:00] UE_SLOT_PID timestamp=2026-08-22T00:38:41+00:00 active_ues=29 slot=24 attempt=1 ue_idx=25 pid=43312
[2026-08-22T02:38:42+02:00] UE_SLOT_ASSIGN timestamp=2026-08-22T00:38:41+00:00 active_ues=29 slot=25 ue_idx=26 ue_if=uesimtun26 ue_ip=10.45.2.24 candidate_reused_global_suspect=0
[2026-08-22T02:38:42+02:00] UE_SLOT_START timestamp=2026-08-22T00:38:42+00:00 active_ues=29 slot=25 attempt=1 ue_idx=26 ue_if=uesimtun26 ue_ip=10.45.2.24 target=192.168.1.211:5226 bitrate=1M duration_s=80 planned_end_epoch=1787359201 timeout_s=90 hard_timeout_epoch=1787359217 start_rx_bytes=107178
[2026-08-22T02:38:42+02:00] UE_SLOT_PID timestamp=2026-08-22T00:38:42+00:00 active_ues=29 slot=25 attempt=1 ue_idx=26 pid=43337
[2026-08-22T02:38:42+02:00] UE_SLOT_ASSIGN timestamp=2026-08-22T00:38:42+00:00 active_ues=29 slot=26 ue_idx=27 ue_if=uesimtun27 ue_ip=10.45.2.29 candidate_reused_global_suspect=0
[2026-08-22T02:38:42+02:00] UE_SLOT_START timestamp=2026-08-22T00:38:42+00:00 active_ues=29 slot=26 attempt=1 ue_idx=27 ue_if=uesimtun27 ue_ip=10.45.2.29 target=192.168.1.211:5227 bitrate=1M duration_s=80 planned_end_epoch=1787359202 timeout_s=90 hard_timeout_epoch=1787359217 start_rx_bytes=102283
[2026-08-22T02:38:42+02:00] UE_SLOT_PID timestamp=2026-08-22T00:38:42+00:00 active_ues=29 slot=26 attempt=1 ue_idx=27 pid=43362
[2026-08-22T02:38:42+02:00] UE_SLOT_ASSIGN timestamp=2026-08-22T00:38:42+00:00 active_ues=29 slot=27 ue_idx=28 ue_if=uesimtun28 ue_ip=10.45.2.4 candidate_reused_global_suspect=0
[2026-08-22T02:38:42+02:00] UE_SLOT_START timestamp=2026-08-22T00:38:42+00:00 active_ues=29 slot=27 attempt=1 ue_idx=28 ue_if=uesimtun28 ue_ip=10.45.2.4 target=192.168.1.211:5228 bitrate=1M duration_s=80 planned_end_epoch=1787359202 timeout_s=90 hard_timeout_epoch=1787359217 start_rx_bytes=0
[2026-08-22T02:38:42+02:00] UE_SLOT_PID timestamp=2026-08-22T00:38:42+00:00 active_ues=29 slot=27 attempt=1 ue_idx=28 pid=43387
[2026-08-22T02:38:42+02:00] UE_SLOT_ASSIGN timestamp=2026-08-22T00:38:42+00:00 active_ues=29 slot=28 ue_idx=29 ue_if=uesimtun29 ue_ip=10.45.2.32 candidate_reused_global_suspect=0
[2026-08-22T02:38:42+02:00] UE_SLOT_START timestamp=2026-08-22T00:38:42+00:00 active_ues=29 slot=28 attempt=1 ue_idx=29 ue_if=uesimtun29 ue_ip=10.45.2.32 target=192.168.1.211:5229 bitrate=1M duration_s=80 planned_end_epoch=1787359202 timeout_s=90 hard_timeout_epoch=1787359217 start_rx_bytes=0
[2026-08-22T02:38:43+02:00] UE_SLOT_PID timestamp=2026-08-22T00:38:42+00:00 active_ues=29 slot=28 attempt=1 ue_idx=29 pid=43412
[2026-08-22T02:38:43+02:00] IPERF_MAPPING_SUMMARY timestamp=2026-08-22T00:38:43+00:00 active_ues=29 registered_tunnels=50 initial_ports=5201-5229 replacement_ports=5251-5265 bitrate=1M start_delay=0.05 detection=no_rx_counter replacement_min_duration_s=5 adaptive_extension_max_s=1 iperf_exit_grace_s=3 server_busy_port_rebinds=1 late_replacement_after_end=disabled wait_for_iperf_exit=until_timeout global_suspect_policy=soft_reuse ramp_supervision=after_initial_start
[2026-08-22T02:38:43+02:00] FAILED_CLIENT_LOG_BEGIN slot=0 logfile=/tmp/upf_iperf_adaptive_20260822_021535_ue_29/slot_0_attempt_1_ue_0_port_5201.log
[2026-08-22T02:38:43+02:00] FAILED_CLIENT_LOG_END slot=0 logfile=/tmp/upf_iperf_adaptive_20260822_021535_ue_29/slot_0_attempt_1_ue_0_port_5201.log
[2026-08-22T02:38:43+02:00] UE_SLOT_PROBLEM_DETECTED timestamp=2026-08-22T00:38:43+00:00 active_ues=29 slot=0 attempt=1 ue_idx=0 ue_if=uesimtun0 ue_ip=10.45.1.246 port=5201 reason=no_rx_after_connect_timeout_4s remaining_s=73
[2026-08-22T02:38:43+02:00] UE_MARKED_PROBLEMATIC timestamp=2026-08-22T00:38:43+00:00 active_ues=29 ue_idx=0 reason=no_rx_after_connect_timeout_4s scope=scenario_and_global_suspect
[2026-08-22T02:38:43+02:00] UE_SLOT_REPLACE timestamp=2026-08-22T00:38:43+00:00 active_ues=29 slot=0 reason=no_rx_after_connect_timeout_4s old_attempt=1 old_ue_idx=0 old_ue_if=uesimtun0 old_ue_ip=10.45.1.246 old_port=5201 new_attempt=2 new_ue_idx=30 new_ue_if=uesimtun30 new_ue_ip=10.45.2.34 new_port=5251 remaining_s=73 extension_used_s=0 extension_limit_s=1 candidate_reused_global_suspect=0 replacements_total=1
[2026-08-22T02:38:43+02:00] UE_SLOT_START timestamp=2026-08-22T00:38:43+00:00 active_ues=29 slot=0 attempt=2 ue_idx=30 ue_if=uesimtun30 ue_ip=10.45.2.34 target=192.168.1.211:5251 bitrate=1M duration_s=73 planned_end_epoch=1787359196 timeout_s=83 hard_timeout_epoch=1787359211 start_rx_bytes=0
[2026-08-22T02:38:43+02:00] UE_SLOT_PID timestamp=2026-08-22T00:38:43+00:00 active_ues=29 slot=0 attempt=2 ue_idx=30 pid=43454
[2026-08-22T02:38:43+02:00] FAILED_CLIENT_LOG_BEGIN slot=6 logfile=/tmp/upf_iperf_adaptive_20260822_021535_ue_29/slot_6_attempt_1_ue_6_port_5207.log
[2026-08-22T02:38:43+02:00] FAILED_CLIENT_LOG_END slot=6 logfile=/tmp/upf_iperf_adaptive_20260822_021535_ue_29/slot_6_attempt_1_ue_6_port_5207.log
[2026-08-22T02:38:43+02:00] UE_SLOT_PROBLEM_DETECTED timestamp=2026-08-22T00:38:43+00:00 active_ues=29 slot=6 attempt=1 ue_idx=6 ue_if=uesimtun6 ue_ip=10.45.1.252 port=5207 reason=no_rx_after_connect_timeout_4s remaining_s=74
[2026-08-22T02:38:43+02:00] UE_MARKED_PROBLEMATIC timestamp=2026-08-22T00:38:43+00:00 active_ues=29 ue_idx=6 reason=no_rx_after_connect_timeout_4s scope=scenario_and_global_suspect
[2026-08-22T02:38:43+02:00] UE_SLOT_REPLACE timestamp=2026-08-22T00:38:43+00:00 active_ues=29 slot=6 reason=no_rx_after_connect_timeout_4s old_attempt=1 old_ue_idx=6 old_ue_if=uesimtun6 old_ue_ip=10.45.1.252 old_port=5207 new_attempt=2 new_ue_idx=31 new_ue_if=uesimtun31 new_ue_ip=10.45.2.36 new_port=5252 remaining_s=74 extension_used_s=0 extension_limit_s=1 candidate_reused_global_suspect=0 replacements_total=2
[2026-08-22T02:38:43+02:00] UE_SLOT_START timestamp=2026-08-22T00:38:43+00:00 active_ues=29 slot=6 attempt=2 ue_idx=31 ue_if=uesimtun31 ue_ip=10.45.2.36 target=192.168.1.211:5252 bitrate=1M duration_s=74 planned_end_epoch=1787359197 timeout_s=84 hard_timeout_epoch=1787359212 start_rx_bytes=0
[2026-08-22T02:38:43+02:00] UPF_CONTROL_SAMPLE timestamp=2026-08-22T02:38:40+02:00 scenario=ue_29 pod=open5gs-upf-5b9db6d44-nsbqz uid=7b5b8ef7-a2a2-4fe9-a3e1-74acd17bd88f restarts=6 usage_cpu=8m usage_mem=38Mi request_cpu=410m request_mem=250Mi limit_cpu=none limit_mem=none vpa_target_cpu=410m vpa_target_mem=250Mi vpa_uncapped_cpu=410m vpa_uncapped_mem=250Mi vpa_lower_cpu=216m vpa_lower_mem=250Mi vpa_upper_cpu=1500m vpa_upper_mem=512Mi
[2026-08-22T02:38:44+02:00] UE_SLOT_PID timestamp=2026-08-22T00:38:43+00:00 active_ues=29 slot=6 attempt=2 ue_idx=31 pid=43500
[2026-08-22T02:38:48+02:00] VPA_RECOMMENDATION_CHANGE timestamp=2026-08-22T02:38:45+02:00 scenario=ue_29 old='vpa_target_cpu=410m vpa_target_mem=250Mi vpa_uncapped_cpu=410m vpa_uncapped_mem=250Mi vpa_lower_cpu=216m vpa_lower_mem=250Mi vpa_upper_cpu=1500m vpa_upper_mem=512Mi' new='vpa_target_cpu=410m vpa_target_mem=250Mi vpa_uncapped_cpu=410m vpa_uncapped_mem=250Mi vpa_lower_cpu=197m vpa_lower_mem=250Mi vpa_upper_cpu=1500m vpa_upper_mem=512Mi' previous_5s_sample='timestamp=2026-08-22T02:38:40+02:00 scenario=ue_29 pod=open5gs-upf-5b9db6d44-nsbqz uid=7b5b8ef7-a2a2-4fe9-a3e1-74acd17bd88f restarts=6 usage_cpu=8m usage_mem=38Mi request_cpu=410m request_mem=250Mi limit_cpu=none limit_mem=none vpa_target_cpu=410m vpa_target_mem=250Mi vpa_uncapped_cpu=410m vpa_uncapped_mem=250Mi vpa_lower_cpu=216m vpa_lower_mem=250Mi vpa_upper_cpu=1500m vpa_upper_mem=512Mi' current_sample='timestamp=2026-08-22T02:38:45+02:00 scenario=ue_29 pod=open5gs-upf-5b9db6d44-nsbqz uid=7b5b8ef7-a2a2-4fe9-a3e1-74acd17bd88f restarts=6 usage_cpu=8m usage_mem=38Mi request_cpu=410m request_mem=250Mi limit_cpu=none limit_mem=none vpa_target_cpu=410m vpa_target_mem=250Mi vpa_uncapped_cpu=410m vpa_uncapped_mem=250Mi vpa_lower_cpu=197m vpa_lower_mem=250Mi vpa_upper_cpu=1500m vpa_upper_mem=512Mi'
[2026-08-22T02:38:48+02:00] UPF_CONTROL_SAMPLE timestamp=2026-08-22T02:38:45+02:00 scenario=ue_29 pod=open5gs-upf-5b9db6d44-nsbqz uid=7b5b8ef7-a2a2-4fe9-a3e1-74acd17bd88f restarts=6 usage_cpu=8m usage_mem=38Mi request_cpu=410m request_mem=250Mi limit_cpu=none limit_mem=none vpa_target_cpu=410m vpa_target_mem=250Mi vpa_uncapped_cpu=410m vpa_uncapped_mem=250Mi vpa_lower_cpu=197m vpa_lower_mem=250Mi vpa_upper_cpu=1500m vpa_upper_mem=512Mi
[2026-08-22T02:38:53+02:00] UPF_CONTROL_SAMPLE timestamp=2026-08-22T02:38:49+02:00 scenario=ue_29 pod=open5gs-upf-5b9db6d44-nsbqz uid=7b5b8ef7-a2a2-4fe9-a3e1-74acd17bd88f restarts=6 usage_cpu=8m usage_mem=38Mi request_cpu=410m request_mem=250Mi limit_cpu=none limit_mem=none vpa_target_cpu=410m vpa_target_mem=250Mi vpa_uncapped_cpu=410m vpa_uncapped_mem=250Mi vpa_lower_cpu=197m vpa_lower_mem=250Mi vpa_upper_cpu=1500m vpa_upper_mem=512Mi
[2026-08-22T02:38:57+02:00] UPF_CONTROL_SAMPLE timestamp=2026-08-22T02:38:54+02:00 scenario=ue_29 pod=open5gs-upf-5b9db6d44-nsbqz uid=7b5b8ef7-a2a2-4fe9-a3e1-74acd17bd88f restarts=6 usage_cpu=350m usage_mem=39Mi request_cpu=410m request_mem=250Mi limit_cpu=none limit_mem=none vpa_target_cpu=410m vpa_target_mem=250Mi vpa_uncapped_cpu=410m vpa_uncapped_mem=250Mi vpa_lower_cpu=197m vpa_lower_mem=250Mi vpa_upper_cpu=1500m vpa_upper_mem=512Mi
[2026-08-22T02:39:02+02:00] UPF_CONTROL_SAMPLE timestamp=2026-08-22T02:38:58+02:00 scenario=ue_29 pod=open5gs-upf-5b9db6d44-nsbqz uid=7b5b8ef7-a2a2-4fe9-a3e1-74acd17bd88f restarts=6 usage_cpu=350m usage_mem=39Mi request_cpu=410m request_mem=250Mi limit_cpu=none limit_mem=none vpa_target_cpu=410m vpa_target_mem=250Mi vpa_uncapped_cpu=410m vpa_uncapped_mem=250Mi vpa_lower_cpu=197m vpa_lower_mem=250Mi vpa_upper_cpu=1500m vpa_upper_mem=512Mi
[2026-08-22T02:39:06+02:00] UPF_CONTROL_SAMPLE timestamp=2026-08-22T02:39:03+02:00 scenario=ue_29 pod=open5gs-upf-5b9db6d44-nsbqz uid=7b5b8ef7-a2a2-4fe9-a3e1-74acd17bd88f restarts=6 usage_cpu=350m usage_mem=39Mi request_cpu=410m request_mem=250Mi limit_cpu=none limit_mem=none vpa_target_cpu=410m vpa_target_mem=250Mi vpa_uncapped_cpu=410m vpa_uncapped_mem=250Mi vpa_lower_cpu=197m vpa_lower_mem=250Mi vpa_upper_cpu=1500m vpa_upper_mem=512Mi
[2026-08-22T02:39:11+02:00] UPF_CONTROL_SAMPLE timestamp=2026-08-22T02:39:07+02:00 scenario=ue_29 pod=open5gs-upf-5b9db6d44-nsbqz uid=7b5b8ef7-a2a2-4fe9-a3e1-74acd17bd88f restarts=6 usage_cpu=436m usage_mem=39Mi request_cpu=410m request_mem=250Mi limit_cpu=none limit_mem=none vpa_target_cpu=410m vpa_target_mem=250Mi vpa_uncapped_cpu=410m vpa_uncapped_mem=250Mi vpa_lower_cpu=197m vpa_lower_mem=250Mi vpa_upper_cpu=1500m vpa_upper_mem=512Mi
[2026-08-22T02:39:15+02:00] UPF_CONTROL_SAMPLE timestamp=2026-08-22T02:39:12+02:00 scenario=ue_29 pod=open5gs-upf-5b9db6d44-nsbqz uid=7b5b8ef7-a2a2-4fe9-a3e1-74acd17bd88f restarts=6 usage_cpu=436m usage_mem=39Mi request_cpu=410m request_mem=250Mi limit_cpu=none limit_mem=none vpa_target_cpu=410m vpa_target_mem=250Mi vpa_uncapped_cpu=410m vpa_uncapped_mem=250Mi vpa_lower_cpu=197m vpa_lower_mem=250Mi vpa_upper_cpu=1500m vpa_upper_mem=512Mi
[2026-08-22T02:39:20+02:00] UPF_CONTROL_SAMPLE timestamp=2026-08-22T02:39:16+02:00 scenario=ue_29 pod=open5gs-upf-5b9db6d44-nsbqz uid=7b5b8ef7-a2a2-4fe9-a3e1-74acd17bd88f restarts=6 usage_cpu=436m usage_mem=39Mi request_cpu=410m request_mem=250Mi limit_cpu=none limit_mem=none vpa_target_cpu=410m vpa_target_mem=250Mi vpa_uncapped_cpu=410m vpa_uncapped_mem=250Mi vpa_lower_cpu=197m vpa_lower_mem=250Mi vpa_upper_cpu=1500m vpa_upper_mem=512Mi
[2026-08-22T02:39:24+02:00] UPF_CONTROL_SAMPLE timestamp=2026-08-22T02:39:21+02:00 scenario=ue_29 pod=open5gs-upf-5b9db6d44-nsbqz uid=7b5b8ef7-a2a2-4fe9-a3e1-74acd17bd88f restarts=6 usage_cpu=436m usage_mem=39Mi request_cpu=410m request_mem=250Mi limit_cpu=none limit_mem=none vpa_target_cpu=410m vpa_target_mem=250Mi vpa_uncapped_cpu=410m vpa_uncapped_mem=250Mi vpa_lower_cpu=197m vpa_lower_mem=250Mi vpa_upper_cpu=1500m vpa_upper_mem=512Mi
[2026-08-22T02:39:29+02:00] UPF_CONTROL_SAMPLE timestamp=2026-08-22T02:39:25+02:00 scenario=ue_29 pod=open5gs-upf-5b9db6d44-nsbqz uid=7b5b8ef7-a2a2-4fe9-a3e1-74acd17bd88f restarts=6 usage_cpu=468m usage_mem=39Mi request_cpu=410m request_mem=250Mi limit_cpu=none limit_mem=none vpa_target_cpu=410m vpa_target_mem=250Mi vpa_uncapped_cpu=410m vpa_uncapped_mem=250Mi vpa_lower_cpu=197m vpa_lower_mem=250Mi vpa_upper_cpu=1500m vpa_upper_mem=512Mi
[2026-08-22T02:39:34+02:00] UPF_CONTROL_SAMPLE timestamp=2026-08-22T02:39:30+02:00 scenario=ue_29 pod=open5gs-upf-5b9db6d44-nsbqz uid=7b5b8ef7-a2a2-4fe9-a3e1-74acd17bd88f restarts=6 usage_cpu=468m usage_mem=39Mi request_cpu=410m request_mem=250Mi limit_cpu=none limit_mem=none vpa_target_cpu=410m vpa_target_mem=250Mi vpa_uncapped_cpu=410m vpa_uncapped_mem=250Mi vpa_lower_cpu=197m vpa_lower_mem=250Mi vpa_upper_cpu=1500m vpa_upper_mem=512Mi
[2026-08-22T02:39:38+02:00] UPF_CONTROL_SAMPLE timestamp=2026-08-22T02:39:35+02:00 scenario=ue_29 pod=open5gs-upf-5b9db6d44-nsbqz uid=7b5b8ef7-a2a2-4fe9-a3e1-74acd17bd88f restarts=6 usage_cpu=468m usage_mem=39Mi request_cpu=410m request_mem=250Mi limit_cpu=none limit_mem=none vpa_target_cpu=410m vpa_target_mem=250Mi vpa_uncapped_cpu=410m vpa_uncapped_mem=250Mi vpa_lower_cpu=197m vpa_lower_mem=250Mi vpa_upper_cpu=1500m vpa_upper_mem=512Mi
[2026-08-22T02:39:43+02:00] UPF_CONTROL_SAMPLE timestamp=2026-08-22T02:39:39+02:00 scenario=ue_29 pod=open5gs-upf-5b9db6d44-nsbqz uid=7b5b8ef7-a2a2-4fe9-a3e1-74acd17bd88f restarts=6 usage_cpu=457m usage_mem=39Mi request_cpu=410m request_mem=250Mi limit_cpu=none limit_mem=none vpa_target_cpu=410m vpa_target_mem=250Mi vpa_uncapped_cpu=410m vpa_uncapped_mem=250Mi vpa_lower_cpu=197m vpa_lower_mem=250Mi vpa_upper_cpu=1500m vpa_upper_mem=512Mi
[2026-08-22T02:39:47+02:00] UPF_CONTROL_SAMPLE timestamp=2026-08-22T02:39:44+02:00 scenario=ue_29 pod=open5gs-upf-5b9db6d44-nsbqz uid=7b5b8ef7-a2a2-4fe9-a3e1-74acd17bd88f restarts=6 usage_cpu=457m usage_mem=39Mi request_cpu=410m request_mem=250Mi limit_cpu=none limit_mem=none vpa_target_cpu=410m vpa_target_mem=250Mi vpa_uncapped_cpu=410m vpa_uncapped_mem=250Mi vpa_lower_cpu=197m vpa_lower_mem=250Mi vpa_upper_cpu=1500m vpa_upper_mem=512Mi
[2026-08-22T02:39:52+02:00] VPA_RECOMMENDATION_CHANGE timestamp=2026-08-22T02:39:48+02:00 scenario=ue_29 old='vpa_target_cpu=410m vpa_target_mem=250Mi vpa_uncapped_cpu=410m vpa_uncapped_mem=250Mi vpa_lower_cpu=197m vpa_lower_mem=250Mi vpa_upper_cpu=1500m vpa_upper_mem=512Mi' new='vpa_target_cpu=442m vpa_target_mem=250Mi vpa_uncapped_cpu=442m vpa_uncapped_mem=250Mi vpa_lower_cpu=218m vpa_lower_mem=250Mi vpa_upper_cpu=1500m vpa_upper_mem=512Mi' previous_5s_sample='timestamp=2026-08-22T02:39:39+02:00 scenario=ue_29 pod=open5gs-upf-5b9db6d44-nsbqz uid=7b5b8ef7-a2a2-4fe9-a3e1-74acd17bd88f restarts=6 usage_cpu=457m usage_mem=39Mi request_cpu=410m request_mem=250Mi limit_cpu=none limit_mem=none vpa_target_cpu=410m vpa_target_mem=250Mi vpa_uncapped_cpu=410m vpa_uncapped_mem=250Mi vpa_lower_cpu=197m vpa_lower_mem=250Mi vpa_upper_cpu=1500m vpa_upper_mem=512Mi' current_sample='timestamp=2026-08-22T02:39:48+02:00 scenario=ue_29 pod=open5gs-upf-5b9db6d44-nsbqz uid=7b5b8ef7-a2a2-4fe9-a3e1-74acd17bd88f restarts=6 usage_cpu=457m usage_mem=39Mi request_cpu=410m request_mem=250Mi limit_cpu=none limit_mem=none vpa_target_cpu=442m vpa_target_mem=250Mi vpa_uncapped_cpu=442m vpa_uncapped_mem=250Mi vpa_lower_cpu=218m vpa_lower_mem=250Mi vpa_upper_cpu=1500m vpa_upper_mem=512Mi'
[2026-08-22T02:39:52+02:00] UPF_CONTROL_SAMPLE timestamp=2026-08-22T02:39:48+02:00 scenario=ue_29 pod=open5gs-upf-5b9db6d44-nsbqz uid=7b5b8ef7-a2a2-4fe9-a3e1-74acd17bd88f restarts=6 usage_cpu=457m usage_mem=39Mi request_cpu=410m request_mem=250Mi limit_cpu=none limit_mem=none vpa_target_cpu=442m vpa_target_mem=250Mi vpa_uncapped_cpu=442m vpa_uncapped_mem=250Mi vpa_lower_cpu=218m vpa_lower_mem=250Mi vpa_upper_cpu=1500m vpa_upper_mem=512Mi
[2026-08-22T02:39:57+02:00] UPF_CONTROL_SAMPLE timestamp=2026-08-22T02:39:53+02:00 scenario=ue_29 pod=open5gs-upf-5b9db6d44-nsbqz uid=7b5b8ef7-a2a2-4fe9-a3e1-74acd17bd88f restarts=6 usage_cpu=444m usage_mem=39Mi request_cpu=410m request_mem=250Mi limit_cpu=none limit_mem=none vpa_target_cpu=442m vpa_target_mem=250Mi vpa_uncapped_cpu=442m vpa_uncapped_mem=250Mi vpa_lower_cpu=218m vpa_lower_mem=250Mi vpa_upper_cpu=1500m vpa_upper_mem=512Mi
[2026-08-22T02:39:58+02:00] UE_SLOT_DONE timestamp=2026-08-22T00:39:58+00:00 active_ues=29 slot=0 attempt=2 ue_idx=30 ue_if=uesimtun30 ue_ip=10.45.2.34 port=5251 rc=0 replacements_for_slot=1 server_busy_retries_for_slot=0
[2026-08-22T02:39:58+02:00] UE_SLOT_DONE timestamp=2026-08-22T00:39:58+00:00 active_ues=29 slot=1 attempt=1 ue_idx=1 ue_if=uesimtun1 ue_ip=10.45.1.247 port=5202 rc=0 replacements_for_slot=0 server_busy_retries_for_slot=0
[2026-08-22T02:39:58+02:00] UE_SLOT_DONE timestamp=2026-08-22T00:39:58+00:00 active_ues=29 slot=2 attempt=1 ue_idx=2 ue_if=uesimtun2 ue_ip=10.45.1.248 port=5203 rc=0 replacements_for_slot=0 server_busy_retries_for_slot=0
[2026-08-22T02:39:58+02:00] UE_SLOT_DONE timestamp=2026-08-22T00:39:58+00:00 active_ues=29 slot=3 attempt=1 ue_idx=3 ue_if=uesimtun3 ue_ip=10.45.1.249 port=5204 rc=0 replacements_for_slot=0 server_busy_retries_for_slot=0
[2026-08-22T02:39:58+02:00] UE_SLOT_DONE timestamp=2026-08-22T00:39:58+00:00 active_ues=29 slot=4 attempt=1 ue_idx=4 ue_if=uesimtun4 ue_ip=10.45.1.250 port=5205 rc=0 replacements_for_slot=0 server_busy_retries_for_slot=0
[2026-08-22T02:39:58+02:00] UE_SLOT_DONE timestamp=2026-08-22T00:39:58+00:00 active_ues=29 slot=5 attempt=1 ue_idx=5 ue_if=uesimtun5 ue_ip=10.45.1.251 port=5206 rc=0 replacements_for_slot=0 server_busy_retries_for_slot=0
[2026-08-22T02:39:58+02:00] UE_SLOT_DONE timestamp=2026-08-22T00:39:58+00:00 active_ues=29 slot=6 attempt=2 ue_idx=31 ue_if=uesimtun31 ue_ip=10.45.2.36 port=5252 rc=0 replacements_for_slot=1 server_busy_retries_for_slot=0
[2026-08-22T02:39:58+02:00] UE_SLOT_DONE timestamp=2026-08-22T00:39:58+00:00 active_ues=29 slot=7 attempt=1 ue_idx=7 ue_if=uesimtun7 ue_ip=10.45.1.253 port=5208 rc=0 replacements_for_slot=0 server_busy_retries_for_slot=0
[2026-08-22T02:39:58+02:00] UE_SLOT_DONE timestamp=2026-08-22T00:39:58+00:00 active_ues=29 slot=8 attempt=1 ue_idx=8 ue_if=uesimtun8 ue_ip=10.45.1.254 port=5209 rc=0 replacements_for_slot=0 server_busy_retries_for_slot=0
[2026-08-22T02:39:58+02:00] UE_SLOT_DONE timestamp=2026-08-22T00:39:58+00:00 active_ues=29 slot=9 attempt=1 ue_idx=9 ue_if=uesimtun9 ue_ip=10.45.1.255 port=5210 rc=0 replacements_for_slot=0 server_busy_retries_for_slot=0
[2026-08-22T02:40:00+02:00] UE_SLOT_DONE timestamp=2026-08-22T00:40:00+00:00 active_ues=29 slot=10 attempt=1 ue_idx=10 ue_if=uesimtun10 ue_ip=10.45.2.2 port=5211 rc=0 replacements_for_slot=0 server_busy_retries_for_slot=0
[2026-08-22T02:40:00+02:00] UE_SLOT_DONE timestamp=2026-08-22T00:40:00+00:00 active_ues=29 slot=11 attempt=1 ue_idx=11 ue_if=uesimtun11 ue_ip=10.45.2.22 port=5212 rc=0 replacements_for_slot=0 server_busy_retries_for_slot=0
[2026-08-22T02:40:00+02:00] UE_SLOT_DONE timestamp=2026-08-22T00:40:00+00:00 active_ues=29 slot=12 attempt=1 ue_idx=12 ue_if=uesimtun12 ue_ip=10.45.2.5 port=5213 rc=0 replacements_for_slot=0 server_busy_retries_for_slot=0
[2026-08-22T02:40:00+02:00] UE_SLOT_DONE timestamp=2026-08-22T00:40:00+00:00 active_ues=29 slot=13 attempt=1 ue_idx=13 ue_if=uesimtun13 ue_ip=10.45.2.0 port=5214 rc=0 replacements_for_slot=0 server_busy_retries_for_slot=0
[2026-08-22T02:40:00+02:00] UE_SLOT_DONE timestamp=2026-08-22T00:40:00+00:00 active_ues=29 slot=14 attempt=1 ue_idx=14 ue_if=uesimtun14 ue_ip=10.45.2.8 port=5215 rc=0 replacements_for_slot=0 server_busy_retries_for_slot=0
[2026-08-22T02:40:00+02:00] UE_SLOT_DONE timestamp=2026-08-22T00:40:00+00:00 active_ues=29 slot=15 attempt=1 ue_idx=15 ue_if=uesimtun15 ue_ip=10.45.2.6 port=5216 rc=0 replacements_for_slot=0 server_busy_retries_for_slot=0
[2026-08-22T02:40:00+02:00] UE_SLOT_DONE timestamp=2026-08-22T00:40:00+00:00 active_ues=29 slot=16 attempt=1 ue_idx=16 ue_if=uesimtun16 ue_ip=10.45.2.7 port=5217 rc=0 replacements_for_slot=0 server_busy_retries_for_slot=0
[2026-08-22T02:40:00+02:00] UE_SLOT_DONE timestamp=2026-08-22T00:40:00+00:00 active_ues=29 slot=17 attempt=1 ue_idx=17 ue_if=uesimtun17 ue_ip=10.45.2.3 port=5218 rc=0 replacements_for_slot=0 server_busy_retries_for_slot=0
[2026-08-22T02:40:00+02:00] UE_SLOT_DONE timestamp=2026-08-22T00:40:00+00:00 active_ues=29 slot=18 attempt=1 ue_idx=18 ue_if=uesimtun18 ue_ip=10.45.2.13 port=5219 rc=0 replacements_for_slot=0 server_busy_retries_for_slot=0
[2026-08-22T02:40:01+02:00] UPF_CONTROL_SAMPLE timestamp=2026-08-22T02:39:58+02:00 scenario=ue_29 pod=open5gs-upf-5b9db6d44-nsbqz uid=7b5b8ef7-a2a2-4fe9-a3e1-74acd17bd88f restarts=6 usage_cpu=444m usage_mem=39Mi request_cpu=410m request_mem=250Mi limit_cpu=none limit_mem=none vpa_target_cpu=442m vpa_target_mem=250Mi vpa_uncapped_cpu=442m vpa_uncapped_mem=250Mi vpa_lower_cpu=218m vpa_lower_mem=250Mi vpa_upper_cpu=1500m vpa_upper_mem=512Mi
[2026-08-22T02:40:02+02:00] UE_SLOT_DONE timestamp=2026-08-22T00:40:02+00:00 active_ues=29 slot=19 attempt=1 ue_idx=19 ue_if=uesimtun19 ue_ip=10.45.2.12 port=5220 rc=0 replacements_for_slot=0 server_busy_retries_for_slot=0
[2026-08-22T02:40:02+02:00] UE_SLOT_DONE timestamp=2026-08-22T00:40:02+00:00 active_ues=29 slot=20 attempt=1 ue_idx=20 ue_if=uesimtun20 ue_ip=10.45.2.15 port=5221 rc=0 replacements_for_slot=0 server_busy_retries_for_slot=0
[2026-08-22T02:40:02+02:00] UE_SLOT_DONE timestamp=2026-08-22T00:40:02+00:00 active_ues=29 slot=21 attempt=1 ue_idx=21 ue_if=uesimtun21 ue_ip=10.45.2.17 port=5222 rc=0 replacements_for_slot=0 server_busy_retries_for_slot=0
[2026-08-22T02:40:02+02:00] UE_SLOT_DONE timestamp=2026-08-22T00:40:02+00:00 active_ues=29 slot=22 attempt=1 ue_idx=23 ue_if=uesimtun23 ue_ip=10.45.2.21 port=5223 rc=0 replacements_for_slot=0 server_busy_retries_for_slot=0
[2026-08-22T02:40:02+02:00] UE_SLOT_DONE timestamp=2026-08-22T00:40:02+00:00 active_ues=29 slot=23 attempt=1 ue_idx=24 ue_if=uesimtun24 ue_ip=10.45.2.23 port=5224 rc=0 replacements_for_slot=0 server_busy_retries_for_slot=0
[2026-08-22T02:40:02+02:00] UE_SLOT_DONE timestamp=2026-08-22T00:40:02+00:00 active_ues=29 slot=24 attempt=1 ue_idx=25 ue_if=uesimtun25 ue_ip=10.45.2.27 port=5225 rc=0 replacements_for_slot=0 server_busy_retries_for_slot=0
[2026-08-22T02:40:02+02:00] UE_SLOT_DONE timestamp=2026-08-22T00:40:02+00:00 active_ues=29 slot=25 attempt=1 ue_idx=26 ue_if=uesimtun26 ue_ip=10.45.2.24 port=5226 rc=0 replacements_for_slot=0 server_busy_retries_for_slot=0
[2026-08-22T02:40:03+02:00] UE_SLOT_DONE timestamp=2026-08-22T00:40:03+00:00 active_ues=29 slot=26 attempt=1 ue_idx=27 ue_if=uesimtun27 ue_ip=10.45.2.29 port=5227 rc=0 replacements_for_slot=0 server_busy_retries_for_slot=0
[2026-08-22T02:40:03+02:00] UE_SLOT_DONE timestamp=2026-08-22T00:40:03+00:00 active_ues=29 slot=27 attempt=1 ue_idx=28 ue_if=uesimtun28 ue_ip=10.45.2.4 port=5228 rc=0 replacements_for_slot=0 server_busy_retries_for_slot=0
[2026-08-22T02:40:03+02:00] UE_SLOT_DONE timestamp=2026-08-22T00:40:03+00:00 active_ues=29 slot=28 attempt=1 ue_idx=29 ue_if=uesimtun29 ue_ip=10.45.2.32 port=5229 rc=0 replacements_for_slot=0 server_busy_retries_for_slot=0
[2026-08-22T02:40:04+02:00] TRAFFIC_SUMMARY timestamp=2026-08-22T00:40:04+00:00 registered_tunnels=50 active_ues=29 target_slots=29 completed_slots=29 final_failed_slots=0 replacements=2 problematic_ues=2 zombie_ues=2 connect_timeouts=2 stalls=0 deferred_stalls=0 process_failures=0 server_busy_retries=0 server_busy_failures=0 late_timeouts_accepted=0 scenario_bad_ues=2 global_suspect_ues=3 used_ues=31 target_host=192.168.1.211 initial_ports=5201-5229 replacement_ports=5251-5265 bitrate=1M start_delay=0.05 detection=no_rx_counter replacement_min_duration_s=5 adaptive_extension_max_s=1 iperf_exit_grace_s=3 server_busy_retries_limit=1 server_busy_retry_delay_s=2 late_replacement_after_end=disabled wait_for_iperf_exit=until_timeout global_suspect_policy=soft_reuse ramp_supervision=after_initial_start
[2026-08-22T02:40:04+02:00] UE_POOL_SCENARIO_BAD_CURRENT timestamp=2026-08-22T00:40:04+00:00 active_ues=29 indexes=0,6
[2026-08-22T02:40:04+02:00] UE_POOL_GLOBAL_SUSPECT_CURRENT timestamp=2026-08-22T00:40:04+00:00 active_ues=29 indexes=0,6,22
[2026-08-22T02:40:05+02:00] REMOTE_IPERF_PER_UE_END timestamp=2026-08-22T00:40:04+00:00 active_ues=29 tag=ue_29 final_rc=0 completed_slots=29 replacements=2 problematic_ues=2 server_busy_retries=0 deferred_stalls=0 late_timeouts_accepted=0
[2026-08-22T02:40:05+02:00] SCENARIO TRAFFIC COMMAND END timestamp=2026-08-22T02:40:05+02:00 active_ue=29 rc=0
[2026-08-22T02:40:06+02:00] UPF_CONTROL_SAMPLE timestamp=2026-08-22T02:40:03+02:00 scenario=ue_29 pod=open5gs-upf-5b9db6d44-nsbqz uid=7b5b8ef7-a2a2-4fe9-a3e1-74acd17bd88f restarts=6 usage_cpu=444m usage_mem=39Mi request_cpu=410m request_mem=250Mi limit_cpu=none limit_mem=none vpa_target_cpu=442m vpa_target_mem=250Mi vpa_uncapped_cpu=442m vpa_uncapped_mem=250Mi vpa_lower_cpu=218m vpa_lower_mem=250Mi vpa_upper_cpu=1500m vpa_upper_mem=512Mi
[2026-08-22T02:40:07+02:00] SCENARIO UPF AFTER timestamp=2026-08-22T02:40:07+02:00 active_ue=29 pod=open5gs-upf-5b9db6d44-nsbqz uid=7b5b8ef7-a2a2-4fe9-a3e1-74acd17bd88f restarts=6
[2026-08-22T02:40:07+02:00] SCENARIO END timestamp=2026-08-22T02:40:07+02:00 active_ue=29 rc=0
[2026-08-22T02:40:07+02:00] ================================================================
[2026-08-22T02:40:07+02:00] SCENARIO START timestamp=2026-08-22T02:40:07+02:00 active_ue=31 registered_ue_pool=50 target_host=192.168.1.211 ports=5201-5231 replacement_ports=5251-5265 bitrate_per_ue=1M start_delay=0.05 replacement_min_duration=5 adaptive_extension_max=1
[2026-08-22T02:40:07+02:00] ================================================================
[2026-08-22T02:40:08+02:00] SCENARIO TUNNEL CHECK timestamp=2026-08-22T02:40:08+02:00 active_ue=31 current_tunnels=50 required=50
[2026-08-22T02:40:10+02:00] SCENARIO UPF BEFORE timestamp=2026-08-22T02:40:10+02:00 active_ue=31 pod=open5gs-upf-5b9db6d44-nsbqz uid=7b5b8ef7-a2a2-4fe9-a3e1-74acd17bd88f restarts=6
[2026-08-22T02:40:11+02:00] REMOTE_IPERF_PER_UE_START timestamp=2026-08-22T00:40:11+00:00 active_ues=31 tag=ue_31 iperf_host=192.168.1.211 base_port=5201 replacement_base_port=5251 duration=80 bitrate=1M start_delay=0.05 detection=no_rx_counter connect_timeout_s=4 stall_seconds=5 replacement_limit=15 replacement_min_duration_s=5 adaptive_extension_max_s=1 iperf_exit_grace_s=3 server_busy_port_rebinds=1 late_replacement_after_end=disabled wait_for_iperf_exit=until_timeout global_suspect_policy=soft_reuse ramp_supervision=after_initial_start
[2026-08-22T02:40:11+02:00] UE_POOL_STATUS timestamp=2026-08-22T00:40:11+00:00 active_ues=31 registered_tunnels=50 existing_global_suspect_ues=3 used_ues=0 policy=soft_reuse_global_suspects
[2026-08-22T02:40:11+02:00] UE_SLOT_ASSIGN timestamp=2026-08-22T00:40:11+00:00 active_ues=31 slot=0 ue_idx=1 ue_if=uesimtun1 ue_ip=10.45.1.247 candidate_reused_global_suspect=0
[2026-08-22T02:40:11+02:00] UE_SLOT_START timestamp=2026-08-22T00:40:11+00:00 active_ues=31 slot=0 attempt=1 ue_idx=1 ue_if=uesimtun1 ue_ip=10.45.1.247 target=192.168.1.211:5201 bitrate=1M duration_s=80 planned_end_epoch=1787359291 timeout_s=90 hard_timeout_epoch=1787359306 start_rx_bytes=1354371
[2026-08-22T02:40:11+02:00] UE_SLOT_PID timestamp=2026-08-22T00:40:11+00:00 active_ues=31 slot=0 attempt=1 ue_idx=1 pid=47047
[2026-08-22T02:40:11+02:00] UE_SLOT_ASSIGN timestamp=2026-08-22T00:40:11+00:00 active_ues=31 slot=1 ue_idx=2 ue_if=uesimtun2 ue_ip=10.45.1.248 candidate_reused_global_suspect=0
[2026-08-22T02:40:11+02:00] UPF_CONTROL_SAMPLE timestamp=2026-08-22T02:40:07+02:00 scenario=ue_31 pod=open5gs-upf-5b9db6d44-nsbqz uid=7b5b8ef7-a2a2-4fe9-a3e1-74acd17bd88f restarts=6 usage_cpu=403m usage_mem=38Mi request_cpu=410m request_mem=250Mi limit_cpu=none limit_mem=none vpa_target_cpu=442m vpa_target_mem=250Mi vpa_uncapped_cpu=442m vpa_uncapped_mem=250Mi vpa_lower_cpu=218m vpa_lower_mem=250Mi vpa_upper_cpu=1500m vpa_upper_mem=512Mi
[2026-08-22T02:40:11+02:00] UE_SLOT_START timestamp=2026-08-22T00:40:11+00:00 active_ues=31 slot=1 attempt=1 ue_idx=2 ue_if=uesimtun2 ue_ip=10.45.1.248 target=192.168.1.211:5202 bitrate=1M duration_s=80 planned_end_epoch=1787359291 timeout_s=90 hard_timeout_epoch=1787359306 start_rx_bytes=1365665
[2026-08-22T02:40:11+02:00] UE_SLOT_PID timestamp=2026-08-22T00:40:11+00:00 active_ues=31 slot=1 attempt=1 ue_idx=2 pid=47072
[2026-08-22T02:40:11+02:00] UE_SLOT_ASSIGN timestamp=2026-08-22T00:40:11+00:00 active_ues=31 slot=2 ue_idx=3 ue_if=uesimtun3 ue_ip=10.45.1.249 candidate_reused_global_suspect=0
[2026-08-22T02:40:11+02:00] UE_SLOT_START timestamp=2026-08-22T00:40:11+00:00 active_ues=31 slot=2 attempt=1 ue_idx=3 ue_if=uesimtun3 ue_ip=10.45.1.249 target=192.168.1.211:5203 bitrate=1M duration_s=80 planned_end_epoch=1787359291 timeout_s=90 hard_timeout_epoch=1787359306 start_rx_bytes=1246960
[2026-08-22T02:40:11+02:00] UE_SLOT_PID timestamp=2026-08-22T00:40:11+00:00 active_ues=31 slot=2 attempt=1 ue_idx=3 pid=47097
[2026-08-22T02:40:11+02:00] UE_SLOT_ASSIGN timestamp=2026-08-22T00:40:11+00:00 active_ues=31 slot=3 ue_idx=4 ue_if=uesimtun4 ue_ip=10.45.1.250 candidate_reused_global_suspect=0
[2026-08-22T02:40:12+02:00] UE_SLOT_START timestamp=2026-08-22T00:40:12+00:00 active_ues=31 slot=3 attempt=1 ue_idx=4 ue_if=uesimtun4 ue_ip=10.45.1.250 target=192.168.1.211:5204 bitrate=1M duration_s=80 planned_end_epoch=1787359291 timeout_s=90 hard_timeout_epoch=1787359306 start_rx_bytes=1233461
[2026-08-22T02:40:12+02:00] UE_SLOT_PID timestamp=2026-08-22T00:40:12+00:00 active_ues=31 slot=3 attempt=1 ue_idx=4 pid=47122
[2026-08-22T02:40:12+02:00] UE_SLOT_ASSIGN timestamp=2026-08-22T00:40:12+00:00 active_ues=31 slot=4 ue_idx=5 ue_if=uesimtun5 ue_ip=10.45.1.251 candidate_reused_global_suspect=0
[2026-08-22T02:40:12+02:00] UE_SLOT_START timestamp=2026-08-22T00:40:12+00:00 active_ues=31 slot=4 attempt=1 ue_idx=5 ue_if=uesimtun5 ue_ip=10.45.1.251 target=192.168.1.211:5205 bitrate=1M duration_s=80 planned_end_epoch=1787359292 timeout_s=90 hard_timeout_epoch=1787359307 start_rx_bytes=1144979
[2026-08-22T02:40:12+02:00] UE_SLOT_PID timestamp=2026-08-22T00:40:12+00:00 active_ues=31 slot=4 attempt=1 ue_idx=5 pid=47147
[2026-08-22T02:40:12+02:00] UE_SLOT_ASSIGN timestamp=2026-08-22T00:40:12+00:00 active_ues=31 slot=5 ue_idx=7 ue_if=uesimtun7 ue_ip=10.45.1.253 candidate_reused_global_suspect=0
[2026-08-22T02:40:12+02:00] UE_SLOT_START timestamp=2026-08-22T00:40:12+00:00 active_ues=31 slot=5 attempt=1 ue_idx=7 ue_if=uesimtun7 ue_ip=10.45.1.253 target=192.168.1.211:5206 bitrate=1M duration_s=80 planned_end_epoch=1787359292 timeout_s=90 hard_timeout_epoch=1787359307 start_rx_bytes=1046665
[2026-08-22T02:40:12+02:00] UE_SLOT_PID timestamp=2026-08-22T00:40:12+00:00 active_ues=31 slot=5 attempt=1 ue_idx=7 pid=47172
[2026-08-22T02:40:12+02:00] UE_SLOT_ASSIGN timestamp=2026-08-22T00:40:12+00:00 active_ues=31 slot=6 ue_idx=8 ue_if=uesimtun8 ue_ip=10.45.1.254 candidate_reused_global_suspect=0
[2026-08-22T02:40:12+02:00] UE_SLOT_START timestamp=2026-08-22T00:40:12+00:00 active_ues=31 slot=6 attempt=1 ue_idx=8 ue_if=uesimtun8 ue_ip=10.45.1.254 target=192.168.1.211:5207 bitrate=1M duration_s=80 planned_end_epoch=1787359292 timeout_s=90 hard_timeout_epoch=1787359307 start_rx_bytes=1050920
[2026-08-22T02:40:12+02:00] UE_SLOT_PID timestamp=2026-08-22T00:40:12+00:00 active_ues=31 slot=6 attempt=1 ue_idx=8 pid=47197
[2026-08-22T02:40:12+02:00] UE_SLOT_ASSIGN timestamp=2026-08-22T00:40:12+00:00 active_ues=31 slot=7 ue_idx=9 ue_if=uesimtun9 ue_ip=10.45.1.255 candidate_reused_global_suspect=0
[2026-08-22T02:40:13+02:00] UE_SLOT_START timestamp=2026-08-22T00:40:12+00:00 active_ues=31 slot=7 attempt=1 ue_idx=9 ue_if=uesimtun9 ue_ip=10.45.1.255 target=192.168.1.211:5208 bitrate=1M duration_s=80 planned_end_epoch=1787359292 timeout_s=90 hard_timeout_epoch=1787359307 start_rx_bytes=976192
[2026-08-22T02:40:13+02:00] UE_SLOT_PID timestamp=2026-08-22T00:40:12+00:00 active_ues=31 slot=7 attempt=1 ue_idx=9 pid=47222
[2026-08-22T02:40:13+02:00] UE_SLOT_ASSIGN timestamp=2026-08-22T00:40:13+00:00 active_ues=31 slot=8 ue_idx=10 ue_if=uesimtun10 ue_ip=10.45.2.2 candidate_reused_global_suspect=0
[2026-08-22T02:40:13+02:00] UE_SLOT_START timestamp=2026-08-22T00:40:13+00:00 active_ues=31 slot=8 attempt=1 ue_idx=10 ue_if=uesimtun10 ue_ip=10.45.2.2 target=192.168.1.211:5209 bitrate=1M duration_s=80 planned_end_epoch=1787359293 timeout_s=90 hard_timeout_epoch=1787359308 start_rx_bytes=980387
[2026-08-22T02:40:13+02:00] UE_SLOT_PID timestamp=2026-08-22T00:40:13+00:00 active_ues=31 slot=8 attempt=1 ue_idx=10 pid=47247
[2026-08-22T02:40:13+02:00] UE_SLOT_ASSIGN timestamp=2026-08-22T00:40:13+00:00 active_ues=31 slot=9 ue_idx=11 ue_if=uesimtun11 ue_ip=10.45.2.22 candidate_reused_global_suspect=0
[2026-08-22T02:40:13+02:00] UE_SLOT_START timestamp=2026-08-22T00:40:13+00:00 active_ues=31 slot=9 attempt=1 ue_idx=11 ue_if=uesimtun11 ue_ip=10.45.2.22 target=192.168.1.211:5210 bitrate=1M duration_s=80 planned_end_epoch=1787359293 timeout_s=90 hard_timeout_epoch=1787359308 start_rx_bytes=881129
[2026-08-22T02:40:13+02:00] UE_SLOT_PID timestamp=2026-08-22T00:40:13+00:00 active_ues=31 slot=9 attempt=1 ue_idx=11 pid=47272
[2026-08-22T02:40:13+02:00] UE_SLOT_ASSIGN timestamp=2026-08-22T00:40:13+00:00 active_ues=31 slot=10 ue_idx=12 ue_if=uesimtun12 ue_ip=10.45.2.5 candidate_reused_global_suspect=0
[2026-08-22T02:40:13+02:00] UE_SLOT_START timestamp=2026-08-22T00:40:13+00:00 active_ues=31 slot=10 attempt=1 ue_idx=12 ue_if=uesimtun12 ue_ip=10.45.2.5 target=192.168.1.211:5211 bitrate=1M duration_s=80 planned_end_epoch=1787359293 timeout_s=90 hard_timeout_epoch=1787359308 start_rx_bytes=865981
[2026-08-22T02:40:13+02:00] UE_SLOT_PID timestamp=2026-08-22T00:40:13+00:00 active_ues=31 slot=10 attempt=1 ue_idx=12 pid=47297
[2026-08-22T02:40:13+02:00] UE_SLOT_ASSIGN timestamp=2026-08-22T00:40:13+00:00 active_ues=31 slot=11 ue_idx=13 ue_if=uesimtun13 ue_ip=10.45.2.0 candidate_reused_global_suspect=0
[2026-08-22T02:40:13+02:00] UE_SLOT_START timestamp=2026-08-22T00:40:13+00:00 active_ues=31 slot=11 attempt=1 ue_idx=13 ue_if=uesimtun13 ue_ip=10.45.2.0 target=192.168.1.211:5212 bitrate=1M duration_s=80 planned_end_epoch=1787359293 timeout_s=90 hard_timeout_epoch=1787359308 start_rx_bytes=775609
[2026-08-22T02:40:13+02:00] UE_SLOT_PID timestamp=2026-08-22T00:40:13+00:00 active_ues=31 slot=11 attempt=1 ue_idx=13 pid=47322
[2026-08-22T02:40:14+02:00] UE_SLOT_ASSIGN timestamp=2026-08-22T00:40:14+00:00 active_ues=31 slot=12 ue_idx=14 ue_if=uesimtun14 ue_ip=10.45.2.8 candidate_reused_global_suspect=0
[2026-08-22T02:40:14+02:00] UE_SLOT_START timestamp=2026-08-22T00:40:14+00:00 active_ues=31 slot=12 attempt=1 ue_idx=14 ue_if=uesimtun14 ue_ip=10.45.2.8 target=192.168.1.211:5213 bitrate=1M duration_s=80 planned_end_epoch=1787359293 timeout_s=90 hard_timeout_epoch=1787359309 start_rx_bytes=819241
[2026-08-22T02:40:14+02:00] UE_SLOT_PID timestamp=2026-08-22T00:40:14+00:00 active_ues=31 slot=12 attempt=1 ue_idx=14 pid=47347
[2026-08-22T02:40:14+02:00] UE_SLOT_ASSIGN timestamp=2026-08-22T00:40:14+00:00 active_ues=31 slot=13 ue_idx=15 ue_if=uesimtun15 ue_ip=10.45.2.6 candidate_reused_global_suspect=0
[2026-08-22T02:40:14+02:00] UE_SLOT_START timestamp=2026-08-22T00:40:14+00:00 active_ues=31 slot=13 attempt=1 ue_idx=15 ue_if=uesimtun15 ue_ip=10.45.2.6 target=192.168.1.211:5214 bitrate=1M duration_s=80 planned_end_epoch=1787359294 timeout_s=90 hard_timeout_epoch=1787359309 start_rx_bytes=709175
[2026-08-22T02:40:14+02:00] UE_SLOT_PID timestamp=2026-08-22T00:40:14+00:00 active_ues=31 slot=13 attempt=1 ue_idx=15 pid=47372
[2026-08-22T02:40:14+02:00] UE_SLOT_ASSIGN timestamp=2026-08-22T00:40:14+00:00 active_ues=31 slot=14 ue_idx=16 ue_if=uesimtun16 ue_ip=10.45.2.7 candidate_reused_global_suspect=0
[2026-08-22T02:40:14+02:00] UE_SLOT_START timestamp=2026-08-22T00:40:14+00:00 active_ues=31 slot=14 attempt=1 ue_idx=16 ue_if=uesimtun16 ue_ip=10.45.2.7 target=192.168.1.211:5215 bitrate=1M duration_s=80 planned_end_epoch=1787359294 timeout_s=90 hard_timeout_epoch=1787359309 start_rx_bytes=697963
[2026-08-22T02:40:14+02:00] UE_SLOT_PID timestamp=2026-08-22T00:40:14+00:00 active_ues=31 slot=14 attempt=1 ue_idx=16 pid=47397
[2026-08-22T02:40:14+02:00] UE_SLOT_ASSIGN timestamp=2026-08-22T00:40:14+00:00 active_ues=31 slot=15 ue_idx=17 ue_if=uesimtun17 ue_ip=10.45.2.3 candidate_reused_global_suspect=0
[2026-08-22T02:40:14+02:00] UE_SLOT_START timestamp=2026-08-22T00:40:14+00:00 active_ues=31 slot=15 attempt=1 ue_idx=17 ue_if=uesimtun17 ue_ip=10.45.2.3 target=192.168.1.211:5216 bitrate=1M duration_s=80 planned_end_epoch=1787359294 timeout_s=90 hard_timeout_epoch=1787359309 start_rx_bytes=601653
[2026-08-22T02:40:14+02:00] UE_SLOT_PID timestamp=2026-08-22T00:40:14+00:00 active_ues=31 slot=15 attempt=1 ue_idx=17 pid=47422
[2026-08-22T02:40:14+02:00] UE_SLOT_ASSIGN timestamp=2026-08-22T00:40:14+00:00 active_ues=31 slot=16 ue_idx=18 ue_if=uesimtun18 ue_ip=10.45.2.13 candidate_reused_global_suspect=0
[2026-08-22T02:40:15+02:00] UE_SLOT_START timestamp=2026-08-22T00:40:14+00:00 active_ues=31 slot=16 attempt=1 ue_idx=18 ue_if=uesimtun18 ue_ip=10.45.2.13 target=192.168.1.211:5217 bitrate=1M duration_s=80 planned_end_epoch=1787359294 timeout_s=90 hard_timeout_epoch=1787359309 start_rx_bytes=602723
[2026-08-22T02:40:15+02:00] UE_SLOT_PID timestamp=2026-08-22T00:40:15+00:00 active_ues=31 slot=16 attempt=1 ue_idx=18 pid=47447
[2026-08-22T02:40:15+02:00] UE_SLOT_ASSIGN timestamp=2026-08-22T00:40:15+00:00 active_ues=31 slot=17 ue_idx=19 ue_if=uesimtun19 ue_ip=10.45.2.12 candidate_reused_global_suspect=0
[2026-08-22T02:40:15+02:00] UE_SLOT_START timestamp=2026-08-22T00:40:15+00:00 active_ues=31 slot=17 attempt=1 ue_idx=19 ue_if=uesimtun19 ue_ip=10.45.2.12 target=192.168.1.211:5218 bitrate=1M duration_s=80 planned_end_epoch=1787359295 timeout_s=90 hard_timeout_epoch=1787359310 start_rx_bytes=516739
[2026-08-22T02:40:15+02:00] UE_SLOT_PID timestamp=2026-08-22T00:40:15+00:00 active_ues=31 slot=17 attempt=1 ue_idx=19 pid=47472
[2026-08-22T02:40:15+02:00] UE_SLOT_ASSIGN timestamp=2026-08-22T00:40:15+00:00 active_ues=31 slot=18 ue_idx=20 ue_if=uesimtun20 ue_ip=10.45.2.15 candidate_reused_global_suspect=0
[2026-08-22T02:40:15+02:00] UE_SLOT_START timestamp=2026-08-22T00:40:15+00:00 active_ues=31 slot=18 attempt=1 ue_idx=20 ue_if=uesimtun20 ue_ip=10.45.2.15 target=192.168.1.211:5219 bitrate=1M duration_s=80 planned_end_epoch=1787359295 timeout_s=90 hard_timeout_epoch=1787359310 start_rx_bytes=510095
[2026-08-22T02:40:15+02:00] UE_SLOT_PID timestamp=2026-08-22T00:40:15+00:00 active_ues=31 slot=18 attempt=1 ue_idx=20 pid=47497
[2026-08-22T02:40:15+02:00] UE_SLOT_ASSIGN timestamp=2026-08-22T00:40:15+00:00 active_ues=31 slot=19 ue_idx=21 ue_if=uesimtun21 ue_ip=10.45.2.17 candidate_reused_global_suspect=0
[2026-08-22T02:40:15+02:00] UE_SLOT_START timestamp=2026-08-22T00:40:15+00:00 active_ues=31 slot=19 attempt=1 ue_idx=21 ue_if=uesimtun21 ue_ip=10.45.2.17 target=192.168.1.211:5220 bitrate=1M duration_s=80 planned_end_epoch=1787359295 timeout_s=90 hard_timeout_epoch=1787359310 start_rx_bytes=415189
[2026-08-22T02:40:15+02:00] UE_SLOT_PID timestamp=2026-08-22T00:40:15+00:00 active_ues=31 slot=19 attempt=1 ue_idx=21 pid=47522
[2026-08-22T02:40:15+02:00] UE_SLOT_ASSIGN timestamp=2026-08-22T00:40:15+00:00 active_ues=31 slot=20 ue_idx=23 ue_if=uesimtun23 ue_ip=10.45.2.21 candidate_reused_global_suspect=0
[2026-08-22T02:40:16+02:00] UE_SLOT_START timestamp=2026-08-22T00:40:15+00:00 active_ues=31 slot=20 attempt=1 ue_idx=23 ue_if=uesimtun23 ue_ip=10.45.2.21 target=192.168.1.211:5221 bitrate=1M duration_s=80 planned_end_epoch=1787359295 timeout_s=90 hard_timeout_epoch=1787359310 start_rx_bytes=323791
[2026-08-22T02:40:16+02:00] UE_SLOT_PID timestamp=2026-08-22T00:40:15+00:00 active_ues=31 slot=20 attempt=1 ue_idx=23 pid=47547
[2026-08-22T02:40:16+02:00] UE_SLOT_ASSIGN timestamp=2026-08-22T00:40:16+00:00 active_ues=31 slot=21 ue_idx=24 ue_if=uesimtun24 ue_ip=10.45.2.23 candidate_reused_global_suspect=0
[2026-08-22T02:40:16+02:00] UE_SLOT_START timestamp=2026-08-22T00:40:16+00:00 active_ues=31 slot=21 attempt=1 ue_idx=24 ue_if=uesimtun24 ue_ip=10.45.2.23 target=192.168.1.211:5222 bitrate=1M duration_s=80 planned_end_epoch=1787359296 timeout_s=90 hard_timeout_epoch=1787359311 start_rx_bytes=319274
[2026-08-22T02:40:16+02:00] UE_SLOT_PID timestamp=2026-08-22T00:40:16+00:00 active_ues=31 slot=21 attempt=1 ue_idx=24 pid=47572
[2026-08-22T02:40:16+02:00] UPF_CONTROL_SAMPLE timestamp=2026-08-22T02:40:12+02:00 scenario=ue_31 pod=open5gs-upf-5b9db6d44-nsbqz uid=7b5b8ef7-a2a2-4fe9-a3e1-74acd17bd88f restarts=6 usage_cpu=403m usage_mem=38Mi request_cpu=410m request_mem=250Mi limit_cpu=none limit_mem=none vpa_target_cpu=442m vpa_target_mem=250Mi vpa_uncapped_cpu=442m vpa_uncapped_mem=250Mi vpa_lower_cpu=218m vpa_lower_mem=250Mi vpa_upper_cpu=1500m vpa_upper_mem=512Mi
[2026-08-22T02:40:16+02:00] UE_SLOT_ASSIGN timestamp=2026-08-22T00:40:16+00:00 active_ues=31 slot=22 ue_idx=25 ue_if=uesimtun25 ue_ip=10.45.2.27 candidate_reused_global_suspect=0
[2026-08-22T02:40:16+02:00] UE_SLOT_START timestamp=2026-08-22T00:40:16+00:00 active_ues=31 slot=22 attempt=1 ue_idx=25 ue_if=uesimtun25 ue_ip=10.45.2.27 target=192.168.1.211:5223 bitrate=1M duration_s=80 planned_end_epoch=1787359296 timeout_s=90 hard_timeout_epoch=1787359311 start_rx_bytes=307965
[2026-08-22T02:40:16+02:00] UE_SLOT_PID timestamp=2026-08-22T00:40:16+00:00 active_ues=31 slot=22 attempt=1 ue_idx=25 pid=47597
[2026-08-22T02:40:16+02:00] UE_SLOT_ASSIGN timestamp=2026-08-22T00:40:16+00:00 active_ues=31 slot=23 ue_idx=26 ue_if=uesimtun26 ue_ip=10.45.2.24 candidate_reused_global_suspect=0
[2026-08-22T02:40:16+02:00] UE_SLOT_START timestamp=2026-08-22T00:40:16+00:00 active_ues=31 slot=23 attempt=1 ue_idx=26 ue_if=uesimtun26 ue_ip=10.45.2.24 target=192.168.1.211:5224 bitrate=1M duration_s=80 planned_end_epoch=1787359296 timeout_s=90 hard_timeout_epoch=1787359311 start_rx_bytes=215983
[2026-08-22T02:40:16+02:00] UE_SLOT_PID timestamp=2026-08-22T00:40:16+00:00 active_ues=31 slot=23 attempt=1 ue_idx=26 pid=47622
[2026-08-22T02:40:16+02:00] UE_SLOT_ASSIGN timestamp=2026-08-22T00:40:16+00:00 active_ues=31 slot=24 ue_idx=27 ue_if=uesimtun27 ue_ip=10.45.2.29 candidate_reused_global_suspect=0
[2026-08-22T02:40:16+02:00] UE_SLOT_START timestamp=2026-08-22T00:40:16+00:00 active_ues=31 slot=24 attempt=1 ue_idx=27 ue_if=uesimtun27 ue_ip=10.45.2.29 target=192.168.1.211:5225 bitrate=1M duration_s=80 planned_end_epoch=1787359296 timeout_s=90 hard_timeout_epoch=1787359311 start_rx_bytes=211367
[2026-08-22T02:40:16+02:00] UE_SLOT_PID timestamp=2026-08-22T00:40:16+00:00 active_ues=31 slot=24 attempt=1 ue_idx=27 pid=47647
[2026-08-22T02:40:17+02:00] UE_SLOT_ASSIGN timestamp=2026-08-22T00:40:17+00:00 active_ues=31 slot=25 ue_idx=28 ue_if=uesimtun28 ue_ip=10.45.2.4 candidate_reused_global_suspect=0
[2026-08-22T02:40:17+02:00] UE_SLOT_START timestamp=2026-08-22T00:40:17+00:00 active_ues=31 slot=25 attempt=1 ue_idx=28 ue_if=uesimtun28 ue_ip=10.45.2.4 target=192.168.1.211:5226 bitrate=1M duration_s=80 planned_end_epoch=1787359297 timeout_s=90 hard_timeout_epoch=1787359312 start_rx_bytes=110500
[2026-08-22T02:40:17+02:00] UE_SLOT_PID timestamp=2026-08-22T00:40:17+00:00 active_ues=31 slot=25 attempt=1 ue_idx=28 pid=47672
[2026-08-22T02:40:17+02:00] UE_SLOT_ASSIGN timestamp=2026-08-22T00:40:17+00:00 active_ues=31 slot=26 ue_idx=29 ue_if=uesimtun29 ue_ip=10.45.2.32 candidate_reused_global_suspect=0
[2026-08-22T02:40:17+02:00] UE_SLOT_START timestamp=2026-08-22T00:40:17+00:00 active_ues=31 slot=26 attempt=1 ue_idx=29 ue_if=uesimtun29 ue_ip=10.45.2.32 target=192.168.1.211:5227 bitrate=1M duration_s=80 planned_end_epoch=1787359297 timeout_s=90 hard_timeout_epoch=1787359312 start_rx_bytes=125084
[2026-08-22T02:40:17+02:00] UE_SLOT_PID timestamp=2026-08-22T00:40:17+00:00 active_ues=31 slot=26 attempt=1 ue_idx=29 pid=47697
[2026-08-22T02:40:17+02:00] UE_SLOT_ASSIGN timestamp=2026-08-22T00:40:17+00:00 active_ues=31 slot=27 ue_idx=30 ue_if=uesimtun30 ue_ip=10.45.2.34 candidate_reused_global_suspect=0
[2026-08-22T02:40:17+02:00] UE_SLOT_START timestamp=2026-08-22T00:40:17+00:00 active_ues=31 slot=27 attempt=1 ue_idx=30 ue_if=uesimtun30 ue_ip=10.45.2.34 target=192.168.1.211:5228 bitrate=1M duration_s=80 planned_end_epoch=1787359297 timeout_s=90 hard_timeout_epoch=1787359312 start_rx_bytes=94893
[2026-08-22T02:40:17+02:00] UE_SLOT_PID timestamp=2026-08-22T00:40:17+00:00 active_ues=31 slot=27 attempt=1 ue_idx=30 pid=47722
[2026-08-22T02:40:17+02:00] UE_SLOT_ASSIGN timestamp=2026-08-22T00:40:17+00:00 active_ues=31 slot=28 ue_idx=31 ue_if=uesimtun31 ue_ip=10.45.2.36 candidate_reused_global_suspect=0
[2026-08-22T02:40:18+02:00] UE_SLOT_START timestamp=2026-08-22T00:40:18+00:00 active_ues=31 slot=28 attempt=1 ue_idx=31 ue_if=uesimtun31 ue_ip=10.45.2.36 target=192.168.1.211:5229 bitrate=1M duration_s=80 planned_end_epoch=1787359297 timeout_s=90 hard_timeout_epoch=1787359312 start_rx_bytes=110811
[2026-08-22T02:40:18+02:00] UE_SLOT_PID timestamp=2026-08-22T00:40:18+00:00 active_ues=31 slot=28 attempt=1 ue_idx=31 pid=47747
[2026-08-22T02:40:18+02:00] UE_SLOT_ASSIGN timestamp=2026-08-22T00:40:18+00:00 active_ues=31 slot=29 ue_idx=32 ue_if=uesimtun32 ue_ip=10.45.2.9 candidate_reused_global_suspect=0
[2026-08-22T02:40:18+02:00] UE_SLOT_START timestamp=2026-08-22T00:40:18+00:00 active_ues=31 slot=29 attempt=1 ue_idx=32 ue_if=uesimtun32 ue_ip=10.45.2.9 target=192.168.1.211:5230 bitrate=1M duration_s=80 planned_end_epoch=1787359298 timeout_s=90 hard_timeout_epoch=1787359313 start_rx_bytes=0
[2026-08-22T02:40:18+02:00] UE_SLOT_PID timestamp=2026-08-22T00:40:18+00:00 active_ues=31 slot=29 attempt=1 ue_idx=32 pid=47772
[2026-08-22T02:40:18+02:00] UE_SLOT_ASSIGN timestamp=2026-08-22T00:40:18+00:00 active_ues=31 slot=30 ue_idx=33 ue_if=uesimtun33 ue_ip=10.45.2.11 candidate_reused_global_suspect=0
[2026-08-22T02:40:18+02:00] UE_SLOT_START timestamp=2026-08-22T00:40:18+00:00 active_ues=31 slot=30 attempt=1 ue_idx=33 ue_if=uesimtun33 ue_ip=10.45.2.11 target=192.168.1.211:5231 bitrate=1M duration_s=80 planned_end_epoch=1787359298 timeout_s=90 hard_timeout_epoch=1787359313 start_rx_bytes=0
[2026-08-22T02:40:18+02:00] UE_SLOT_PID timestamp=2026-08-22T00:40:18+00:00 active_ues=31 slot=30 attempt=1 ue_idx=33 pid=47797
[2026-08-22T02:40:18+02:00] IPERF_MAPPING_SUMMARY timestamp=2026-08-22T00:40:18+00:00 active_ues=31 registered_tunnels=50 initial_ports=5201-5231 replacement_ports=5251-5265 bitrate=1M start_delay=0.05 detection=no_rx_counter replacement_min_duration_s=5 adaptive_extension_max_s=1 iperf_exit_grace_s=3 server_busy_port_rebinds=1 late_replacement_after_end=disabled wait_for_iperf_exit=until_timeout global_suspect_policy=soft_reuse ramp_supervision=after_initial_start
[2026-08-22T02:40:21+02:00] UPF_CONTROL_SAMPLE timestamp=2026-08-22T02:40:17+02:00 scenario=ue_31 pod=open5gs-upf-5b9db6d44-nsbqz uid=7b5b8ef7-a2a2-4fe9-a3e1-74acd17bd88f restarts=6 usage_cpu=403m usage_mem=38Mi request_cpu=410m request_mem=250Mi limit_cpu=none limit_mem=none vpa_target_cpu=442m vpa_target_mem=250Mi vpa_uncapped_cpu=442m vpa_uncapped_mem=250Mi vpa_lower_cpu=218m vpa_lower_mem=250Mi vpa_upper_cpu=1500m vpa_upper_mem=512Mi
[2026-08-22T02:40:25+02:00] UPF_CONTROL_SAMPLE timestamp=2026-08-22T02:40:22+02:00 scenario=ue_31 pod=open5gs-upf-5b9db6d44-nsbqz uid=7b5b8ef7-a2a2-4fe9-a3e1-74acd17bd88f restarts=6 usage_cpu=403m usage_mem=38Mi request_cpu=410m request_mem=250Mi limit_cpu=none limit_mem=none vpa_target_cpu=442m vpa_target_mem=250Mi vpa_uncapped_cpu=442m vpa_uncapped_mem=250Mi vpa_lower_cpu=218m vpa_lower_mem=250Mi vpa_upper_cpu=1500m vpa_upper_mem=512Mi
[2026-08-22T02:40:29+02:00] UPF_CONTROL_SAMPLE timestamp=2026-08-22T02:40:26+02:00 scenario=ue_31 pod=open5gs-upf-5b9db6d44-nsbqz uid=7b5b8ef7-a2a2-4fe9-a3e1-74acd17bd88f restarts=6 usage_cpu=24m usage_mem=39Mi request_cpu=410m request_mem=250Mi limit_cpu=none limit_mem=none vpa_target_cpu=442m vpa_target_mem=250Mi vpa_uncapped_cpu=442m vpa_uncapped_mem=250Mi vpa_lower_cpu=218m vpa_lower_mem=250Mi vpa_upper_cpu=1500m vpa_upper_mem=512Mi
[2026-08-22T02:40:34+02:00] UPF_CONTROL_SAMPLE timestamp=2026-08-22T02:40:31+02:00 scenario=ue_31 pod=open5gs-upf-5b9db6d44-nsbqz uid=7b5b8ef7-a2a2-4fe9-a3e1-74acd17bd88f restarts=6 usage_cpu=24m usage_mem=39Mi request_cpu=410m request_mem=250Mi limit_cpu=none limit_mem=none vpa_target_cpu=442m vpa_target_mem=250Mi vpa_uncapped_cpu=442m vpa_uncapped_mem=250Mi vpa_lower_cpu=218m vpa_lower_mem=250Mi vpa_upper_cpu=1500m vpa_upper_mem=512Mi
[2026-08-22T02:40:38+02:00] UPF_CONTROL_SAMPLE timestamp=2026-08-22T02:40:35+02:00 scenario=ue_31 pod=open5gs-upf-5b9db6d44-nsbqz uid=7b5b8ef7-a2a2-4fe9-a3e1-74acd17bd88f restarts=6 usage_cpu=24m usage_mem=39Mi request_cpu=410m request_mem=250Mi limit_cpu=none limit_mem=none vpa_target_cpu=442m vpa_target_mem=250Mi vpa_uncapped_cpu=442m vpa_uncapped_mem=250Mi vpa_lower_cpu=218m vpa_lower_mem=250Mi vpa_upper_cpu=1500m vpa_upper_mem=512Mi
[2026-08-22T02:40:43+02:00] UPF_CONTROL_SAMPLE timestamp=2026-08-22T02:40:39+02:00 scenario=ue_31 pod=open5gs-upf-5b9db6d44-nsbqz uid=7b5b8ef7-a2a2-4fe9-a3e1-74acd17bd88f restarts=6 usage_cpu=414m usage_mem=39Mi request_cpu=410m request_mem=250Mi limit_cpu=none limit_mem=none vpa_target_cpu=442m vpa_target_mem=250Mi vpa_uncapped_cpu=442m vpa_uncapped_mem=250Mi vpa_lower_cpu=218m vpa_lower_mem=250Mi vpa_upper_cpu=1500m vpa_upper_mem=512Mi
[2026-08-22T02:40:48+02:00] VPA_RECOMMENDATION_CHANGE timestamp=2026-08-22T02:40:44+02:00 scenario=ue_31 old='vpa_target_cpu=442m vpa_target_mem=250Mi vpa_uncapped_cpu=442m vpa_uncapped_mem=250Mi vpa_lower_cpu=218m vpa_lower_mem=250Mi vpa_upper_cpu=1500m vpa_upper_mem=512Mi' new='vpa_target_cpu=476m vpa_target_mem=250Mi vpa_uncapped_cpu=476m vpa_uncapped_mem=250Mi vpa_lower_cpu=219m vpa_lower_mem=250Mi vpa_upper_cpu=1500m vpa_upper_mem=512Mi' previous_5s_sample='timestamp=2026-08-22T02:40:39+02:00 scenario=ue_31 pod=open5gs-upf-5b9db6d44-nsbqz uid=7b5b8ef7-a2a2-4fe9-a3e1-74acd17bd88f restarts=6 usage_cpu=414m usage_mem=39Mi request_cpu=410m request_mem=250Mi limit_cpu=none limit_mem=none vpa_target_cpu=442m vpa_target_mem=250Mi vpa_uncapped_cpu=442m vpa_uncapped_mem=250Mi vpa_lower_cpu=218m vpa_lower_mem=250Mi vpa_upper_cpu=1500m vpa_upper_mem=512Mi' current_sample='timestamp=2026-08-22T02:40:44+02:00 scenario=ue_31 pod=open5gs-upf-5b9db6d44-nsbqz uid=7b5b8ef7-a2a2-4fe9-a3e1-74acd17bd88f restarts=6 usage_cpu=414m usage_mem=39Mi request_cpu=410m request_mem=250Mi limit_cpu=none limit_mem=none vpa_target_cpu=476m vpa_target_mem=250Mi vpa_uncapped_cpu=476m vpa_uncapped_mem=250Mi vpa_lower_cpu=219m vpa_lower_mem=250Mi vpa_upper_cpu=1500m vpa_upper_mem=512Mi'
[2026-08-22T02:40:48+02:00] UPF_CONTROL_SAMPLE timestamp=2026-08-22T02:40:44+02:00 scenario=ue_31 pod=open5gs-upf-5b9db6d44-nsbqz uid=7b5b8ef7-a2a2-4fe9-a3e1-74acd17bd88f restarts=6 usage_cpu=414m usage_mem=39Mi request_cpu=410m request_mem=250Mi limit_cpu=none limit_mem=none vpa_target_cpu=476m vpa_target_mem=250Mi vpa_uncapped_cpu=476m vpa_uncapped_mem=250Mi vpa_lower_cpu=219m vpa_lower_mem=250Mi vpa_upper_cpu=1500m vpa_upper_mem=512Mi
[2026-08-22T02:40:52+02:00] UPF_CONTROL_SAMPLE timestamp=2026-08-22T02:40:49+02:00 scenario=ue_31 pod=open5gs-upf-5b9db6d44-nsbqz uid=7b5b8ef7-a2a2-4fe9-a3e1-74acd17bd88f restarts=6 usage_cpu=414m usage_mem=39Mi request_cpu=410m request_mem=250Mi limit_cpu=none limit_mem=none vpa_target_cpu=476m vpa_target_mem=250Mi vpa_uncapped_cpu=476m vpa_uncapped_mem=250Mi vpa_lower_cpu=219m vpa_lower_mem=250Mi vpa_upper_cpu=1500m vpa_upper_mem=512Mi
[2026-08-22T02:40:56+02:00] UPF_CONTROL_SAMPLE timestamp=2026-08-22T02:40:53+02:00 scenario=ue_31 pod=open5gs-upf-5b9db6d44-nsbqz uid=7b5b8ef7-a2a2-4fe9-a3e1-74acd17bd88f restarts=6 usage_cpu=510m usage_mem=39Mi request_cpu=410m request_mem=250Mi limit_cpu=none limit_mem=none vpa_target_cpu=476m vpa_target_mem=250Mi vpa_uncapped_cpu=476m vpa_uncapped_mem=250Mi vpa_lower_cpu=219m vpa_lower_mem=250Mi vpa_upper_cpu=1500m vpa_upper_mem=512Mi
[2026-08-22T02:41:01+02:00] UPF_CONTROL_SAMPLE timestamp=2026-08-22T02:40:57+02:00 scenario=ue_31 pod=open5gs-upf-5b9db6d44-nsbqz uid=7b5b8ef7-a2a2-4fe9-a3e1-74acd17bd88f restarts=6 usage_cpu=510m usage_mem=39Mi request_cpu=410m request_mem=250Mi limit_cpu=none limit_mem=none vpa_target_cpu=476m vpa_target_mem=250Mi vpa_uncapped_cpu=476m vpa_uncapped_mem=250Mi vpa_lower_cpu=219m vpa_lower_mem=250Mi vpa_upper_cpu=1500m vpa_upper_mem=512Mi
[2026-08-22T02:41:06+02:00] UPF_CONTROL_SAMPLE timestamp=2026-08-22T02:41:02+02:00 scenario=ue_31 pod=open5gs-upf-5b9db6d44-nsbqz uid=7b5b8ef7-a2a2-4fe9-a3e1-74acd17bd88f restarts=6 usage_cpu=510m usage_mem=39Mi request_cpu=410m request_mem=250Mi limit_cpu=none limit_mem=none vpa_target_cpu=476m vpa_target_mem=250Mi vpa_uncapped_cpu=476m vpa_uncapped_mem=250Mi vpa_lower_cpu=219m vpa_lower_mem=250Mi vpa_upper_cpu=1500m vpa_upper_mem=512Mi
[2026-08-22T02:41:10+02:00] UPF_CONTROL_SAMPLE timestamp=2026-08-22T02:41:07+02:00 scenario=ue_31 pod=open5gs-upf-5b9db6d44-nsbqz uid=7b5b8ef7-a2a2-4fe9-a3e1-74acd17bd88f restarts=6 usage_cpu=510m usage_mem=39Mi request_cpu=410m request_mem=250Mi limit_cpu=none limit_mem=none vpa_target_cpu=476m vpa_target_mem=250Mi vpa_uncapped_cpu=476m vpa_uncapped_mem=250Mi vpa_lower_cpu=219m vpa_lower_mem=250Mi vpa_upper_cpu=1500m vpa_upper_mem=512Mi
[2026-08-22T02:41:15+02:00] UPF_CONTROL_SAMPLE timestamp=2026-08-22T02:41:11+02:00 scenario=ue_31 pod=open5gs-upf-5b9db6d44-nsbqz uid=7b5b8ef7-a2a2-4fe9-a3e1-74acd17bd88f restarts=6 usage_cpu=483m usage_mem=39Mi request_cpu=410m request_mem=250Mi limit_cpu=none limit_mem=none vpa_target_cpu=476m vpa_target_mem=250Mi vpa_uncapped_cpu=476m vpa_uncapped_mem=250Mi vpa_lower_cpu=219m vpa_lower_mem=250Mi vpa_upper_cpu=1500m vpa_upper_mem=512Mi
[2026-08-22T02:41:19+02:00] UPF_CONTROL_SAMPLE timestamp=2026-08-22T02:41:16+02:00 scenario=ue_31 pod=open5gs-upf-5b9db6d44-nsbqz uid=7b5b8ef7-a2a2-4fe9-a3e1-74acd17bd88f restarts=6 usage_cpu=483m usage_mem=39Mi request_cpu=410m request_mem=250Mi limit_cpu=none limit_mem=none vpa_target_cpu=476m vpa_target_mem=250Mi vpa_uncapped_cpu=476m vpa_uncapped_mem=250Mi vpa_lower_cpu=219m vpa_lower_mem=250Mi vpa_upper_cpu=1500m vpa_upper_mem=512Mi
[2026-08-22T02:41:24+02:00] UPF_CONTROL_SAMPLE timestamp=2026-08-22T02:41:20+02:00 scenario=ue_31 pod=open5gs-upf-5b9db6d44-nsbqz uid=7b5b8ef7-a2a2-4fe9-a3e1-74acd17bd88f restarts=6 usage_cpu=483m usage_mem=39Mi request_cpu=410m request_mem=250Mi limit_cpu=none limit_mem=none vpa_target_cpu=476m vpa_target_mem=250Mi vpa_uncapped_cpu=476m vpa_uncapped_mem=250Mi vpa_lower_cpu=219m vpa_lower_mem=250Mi vpa_upper_cpu=1500m vpa_upper_mem=512Mi
[2026-08-22T02:41:29+02:00] UPF_REQUEST_CHANGE timestamp=2026-08-22T02:41:25+02:00 scenario=ue_31 pod=open5gs-upf-5b9db6d44-nsbqz uid=7b5b8ef7-a2a2-4fe9-a3e1-74acd17bd88f restarts=6 old='request_cpu=410m request_mem=250Mi limit_cpu=none limit_mem=none' new='request_cpu=476m request_mem=250Mi limit_cpu=none limit_mem=none' previous_5s_sample='timestamp=2026-08-22T02:41:20+02:00 scenario=ue_31 pod=open5gs-upf-5b9db6d44-nsbqz uid=7b5b8ef7-a2a2-4fe9-a3e1-74acd17bd88f restarts=6 usage_cpu=483m usage_mem=39Mi request_cpu=410m request_mem=250Mi limit_cpu=none limit_mem=none vpa_target_cpu=476m vpa_target_mem=250Mi vpa_uncapped_cpu=476m vpa_uncapped_mem=250Mi vpa_lower_cpu=219m vpa_lower_mem=250Mi vpa_upper_cpu=1500m vpa_upper_mem=512Mi' current_sample='timestamp=2026-08-22T02:41:25+02:00 scenario=ue_31 pod=open5gs-upf-5b9db6d44-nsbqz uid=7b5b8ef7-a2a2-4fe9-a3e1-74acd17bd88f restarts=6 usage_cpu=488m usage_mem=39Mi request_cpu=476m request_mem=250Mi limit_cpu=none limit_mem=none vpa_target_cpu=476m vpa_target_mem=250Mi vpa_uncapped_cpu=476m vpa_uncapped_mem=250Mi vpa_lower_cpu=219m vpa_lower_mem=250Mi vpa_upper_cpu=1500m vpa_upper_mem=512Mi'
[2026-08-22T02:41:29+02:00] UPF_CONTROL_SAMPLE timestamp=2026-08-22T02:41:25+02:00 scenario=ue_31 pod=open5gs-upf-5b9db6d44-nsbqz uid=7b5b8ef7-a2a2-4fe9-a3e1-74acd17bd88f restarts=6 usage_cpu=488m usage_mem=39Mi request_cpu=476m request_mem=250Mi limit_cpu=none limit_mem=none vpa_target_cpu=476m vpa_target_mem=250Mi vpa_uncapped_cpu=476m vpa_uncapped_mem=250Mi vpa_lower_cpu=219m vpa_lower_mem=250Mi vpa_upper_cpu=1500m vpa_upper_mem=512Mi
[2026-08-22T02:41:32+02:00] UE_SLOT_DONE timestamp=2026-08-22T00:41:32+00:00 active_ues=31 slot=0 attempt=1 ue_idx=1 ue_if=uesimtun1 ue_ip=10.45.1.247 port=5201 rc=0 replacements_for_slot=0 server_busy_retries_for_slot=0
[2026-08-22T02:41:32+02:00] UE_SLOT_DONE timestamp=2026-08-22T00:41:32+00:00 active_ues=31 slot=1 attempt=1 ue_idx=2 ue_if=uesimtun2 ue_ip=10.45.1.248 port=5202 rc=0 replacements_for_slot=0 server_busy_retries_for_slot=0
[2026-08-22T02:41:32+02:00] UE_SLOT_DONE timestamp=2026-08-22T00:41:32+00:00 active_ues=31 slot=2 attempt=1 ue_idx=3 ue_if=uesimtun3 ue_ip=10.45.1.249 port=5203 rc=0 replacements_for_slot=0 server_busy_retries_for_slot=0
[2026-08-22T02:41:32+02:00] UE_SLOT_DONE timestamp=2026-08-22T00:41:32+00:00 active_ues=31 slot=3 attempt=1 ue_idx=4 ue_if=uesimtun4 ue_ip=10.45.1.250 port=5204 rc=0 replacements_for_slot=0 server_busy_retries_for_slot=0
[2026-08-22T02:41:32+02:00] UE_SLOT_DONE timestamp=2026-08-22T00:41:32+00:00 active_ues=31 slot=4 attempt=1 ue_idx=5 ue_if=uesimtun5 ue_ip=10.45.1.251 port=5205 rc=0 replacements_for_slot=0 server_busy_retries_for_slot=0
[2026-08-22T02:41:33+02:00] UPF_CONTROL_SAMPLE timestamp=2026-08-22T02:41:30+02:00 scenario=ue_31 pod=open5gs-upf-5b9db6d44-nsbqz uid=7b5b8ef7-a2a2-4fe9-a3e1-74acd17bd88f restarts=6 usage_cpu=488m usage_mem=39Mi request_cpu=476m request_mem=250Mi limit_cpu=none limit_mem=none vpa_target_cpu=476m vpa_target_mem=250Mi vpa_uncapped_cpu=476m vpa_uncapped_mem=250Mi vpa_lower_cpu=219m vpa_lower_mem=250Mi vpa_upper_cpu=1500m vpa_upper_mem=512Mi
[2026-08-22T02:41:34+02:00] UE_SLOT_DONE timestamp=2026-08-22T00:41:34+00:00 active_ues=31 slot=5 attempt=1 ue_idx=7 ue_if=uesimtun7 ue_ip=10.45.1.253 port=5206 rc=0 replacements_for_slot=0 server_busy_retries_for_slot=0
[2026-08-22T02:41:34+02:00] UE_SLOT_DONE timestamp=2026-08-22T00:41:34+00:00 active_ues=31 slot=6 attempt=1 ue_idx=8 ue_if=uesimtun8 ue_ip=10.45.1.254 port=5207 rc=0 replacements_for_slot=0 server_busy_retries_for_slot=0
[2026-08-22T02:41:34+02:00] UE_SLOT_DONE timestamp=2026-08-22T00:41:34+00:00 active_ues=31 slot=7 attempt=1 ue_idx=9 ue_if=uesimtun9 ue_ip=10.45.1.255 port=5208 rc=0 replacements_for_slot=0 server_busy_retries_for_slot=0
[2026-08-22T02:41:34+02:00] UE_SLOT_DONE timestamp=2026-08-22T00:41:34+00:00 active_ues=31 slot=8 attempt=1 ue_idx=10 ue_if=uesimtun10 ue_ip=10.45.2.2 port=5209 rc=0 replacements_for_slot=0 server_busy_retries_for_slot=0
[2026-08-22T02:41:34+02:00] UE_SLOT_DONE timestamp=2026-08-22T00:41:34+00:00 active_ues=31 slot=9 attempt=1 ue_idx=11 ue_if=uesimtun11 ue_ip=10.45.2.22 port=5210 rc=0 replacements_for_slot=0 server_busy_retries_for_slot=0
[2026-08-22T02:41:34+02:00] UE_SLOT_DONE timestamp=2026-08-22T00:41:34+00:00 active_ues=31 slot=10 attempt=1 ue_idx=12 ue_if=uesimtun12 ue_ip=10.45.2.5 port=5211 rc=0 replacements_for_slot=0 server_busy_retries_for_slot=0
[2026-08-22T02:41:34+02:00] UE_SLOT_DONE timestamp=2026-08-22T00:41:34+00:00 active_ues=31 slot=11 attempt=1 ue_idx=13 ue_if=uesimtun13 ue_ip=10.45.2.0 port=5212 rc=0 replacements_for_slot=0 server_busy_retries_for_slot=0
[2026-08-22T02:41:34+02:00] UE_SLOT_DONE timestamp=2026-08-22T00:41:34+00:00 active_ues=31 slot=12 attempt=1 ue_idx=14 ue_if=uesimtun14 ue_ip=10.45.2.8 port=5213 rc=0 replacements_for_slot=0 server_busy_retries_for_slot=0
[2026-08-22T02:41:35+02:00] UE_SLOT_DONE timestamp=2026-08-22T00:41:35+00:00 active_ues=31 slot=13 attempt=1 ue_idx=15 ue_if=uesimtun15 ue_ip=10.45.2.6 port=5214 rc=0 replacements_for_slot=0 server_busy_retries_for_slot=0
[2026-08-22T02:41:35+02:00] UE_SLOT_DONE timestamp=2026-08-22T00:41:35+00:00 active_ues=31 slot=14 attempt=1 ue_idx=16 ue_if=uesimtun16 ue_ip=10.45.2.7 port=5215 rc=0 replacements_for_slot=0 server_busy_retries_for_slot=0
[2026-08-22T02:41:35+02:00] UE_SLOT_DONE timestamp=2026-08-22T00:41:35+00:00 active_ues=31 slot=15 attempt=1 ue_idx=17 ue_if=uesimtun17 ue_ip=10.45.2.3 port=5216 rc=0 replacements_for_slot=0 server_busy_retries_for_slot=0
[2026-08-22T02:41:36+02:00] UE_SLOT_DONE timestamp=2026-08-22T00:41:36+00:00 active_ues=31 slot=16 attempt=1 ue_idx=18 ue_if=uesimtun18 ue_ip=10.45.2.13 port=5217 rc=0 replacements_for_slot=0 server_busy_retries_for_slot=0
[2026-08-22T02:41:36+02:00] UE_SLOT_DONE timestamp=2026-08-22T00:41:36+00:00 active_ues=31 slot=17 attempt=1 ue_idx=19 ue_if=uesimtun19 ue_ip=10.45.2.12 port=5218 rc=0 replacements_for_slot=0 server_busy_retries_for_slot=0
[2026-08-22T02:41:36+02:00] UE_SLOT_DONE timestamp=2026-08-22T00:41:36+00:00 active_ues=31 slot=18 attempt=1 ue_idx=20 ue_if=uesimtun20 ue_ip=10.45.2.15 port=5219 rc=0 replacements_for_slot=0 server_busy_retries_for_slot=0
[2026-08-22T02:41:36+02:00] UE_SLOT_DONE timestamp=2026-08-22T00:41:36+00:00 active_ues=31 slot=19 attempt=1 ue_idx=21 ue_if=uesimtun21 ue_ip=10.45.2.17 port=5220 rc=0 replacements_for_slot=0 server_busy_retries_for_slot=0
[2026-08-22T02:41:36+02:00] UE_SLOT_DONE timestamp=2026-08-22T00:41:36+00:00 active_ues=31 slot=20 attempt=1 ue_idx=23 ue_if=uesimtun23 ue_ip=10.45.2.21 port=5221 rc=0 replacements_for_slot=0 server_busy_retries_for_slot=0
[2026-08-22T02:41:36+02:00] UE_SLOT_DONE timestamp=2026-08-22T00:41:36+00:00 active_ues=31 slot=21 attempt=1 ue_idx=24 ue_if=uesimtun24 ue_ip=10.45.2.23 port=5222 rc=0 replacements_for_slot=0 server_busy_retries_for_slot=0
[2026-08-22T02:41:36+02:00] UE_SLOT_DONE timestamp=2026-08-22T00:41:36+00:00 active_ues=31 slot=22 attempt=1 ue_idx=25 ue_if=uesimtun25 ue_ip=10.45.2.27 port=5223 rc=0 replacements_for_slot=0 server_busy_retries_for_slot=0
[2026-08-22T02:41:36+02:00] UE_SLOT_DONE timestamp=2026-08-22T00:41:36+00:00 active_ues=31 slot=23 attempt=1 ue_idx=26 ue_if=uesimtun26 ue_ip=10.45.2.24 port=5224 rc=0 replacements_for_slot=0 server_busy_retries_for_slot=0
[2026-08-22T02:41:38+02:00] UE_SLOT_DONE timestamp=2026-08-22T00:41:38+00:00 active_ues=31 slot=24 attempt=1 ue_idx=27 ue_if=uesimtun27 ue_ip=10.45.2.29 port=5225 rc=0 replacements_for_slot=0 server_busy_retries_for_slot=0
[2026-08-22T02:41:38+02:00] UE_SLOT_DONE timestamp=2026-08-22T00:41:38+00:00 active_ues=31 slot=25 attempt=1 ue_idx=28 ue_if=uesimtun28 ue_ip=10.45.2.4 port=5226 rc=0 replacements_for_slot=0 server_busy_retries_for_slot=0
[2026-08-22T02:41:38+02:00] UE_SLOT_DONE timestamp=2026-08-22T00:41:38+00:00 active_ues=31 slot=26 attempt=1 ue_idx=29 ue_if=uesimtun29 ue_ip=10.45.2.32 port=5227 rc=0 replacements_for_slot=0 server_busy_retries_for_slot=0
[2026-08-22T02:41:38+02:00] UE_SLOT_DONE timestamp=2026-08-22T00:41:38+00:00 active_ues=31 slot=27 attempt=1 ue_idx=30 ue_if=uesimtun30 ue_ip=10.45.2.34 port=5228 rc=0 replacements_for_slot=0 server_busy_retries_for_slot=0
[2026-08-22T02:41:38+02:00] UE_SLOT_DONE timestamp=2026-08-22T00:41:38+00:00 active_ues=31 slot=28 attempt=1 ue_idx=31 ue_if=uesimtun31 ue_ip=10.45.2.36 port=5229 rc=0 replacements_for_slot=0 server_busy_retries_for_slot=0
[2026-08-22T02:41:38+02:00] UPF_CONTROL_SAMPLE timestamp=2026-08-22T02:41:34+02:00 scenario=ue_31 pod=open5gs-upf-5b9db6d44-nsbqz uid=7b5b8ef7-a2a2-4fe9-a3e1-74acd17bd88f restarts=6 usage_cpu=488m usage_mem=39Mi request_cpu=476m request_mem=250Mi limit_cpu=none limit_mem=none vpa_target_cpu=476m vpa_target_mem=250Mi vpa_uncapped_cpu=476m vpa_uncapped_mem=250Mi vpa_lower_cpu=219m vpa_lower_mem=250Mi vpa_upper_cpu=1500m vpa_upper_mem=512Mi
[2026-08-22T02:41:39+02:00] UE_SLOT_DONE timestamp=2026-08-22T00:41:39+00:00 active_ues=31 slot=29 attempt=1 ue_idx=32 ue_if=uesimtun32 ue_ip=10.45.2.9 port=5230 rc=0 replacements_for_slot=0 server_busy_retries_for_slot=0
[2026-08-22T02:41:39+02:00] UE_SLOT_DONE timestamp=2026-08-22T00:41:39+00:00 active_ues=31 slot=30 attempt=1 ue_idx=33 ue_if=uesimtun33 ue_ip=10.45.2.11 port=5231 rc=0 replacements_for_slot=0 server_busy_retries_for_slot=0
[2026-08-22T02:41:40+02:00] TRAFFIC_SUMMARY timestamp=2026-08-22T00:41:40+00:00 registered_tunnels=50 active_ues=31 target_slots=31 completed_slots=31 final_failed_slots=0 replacements=0 problematic_ues=0 zombie_ues=0 connect_timeouts=0 stalls=0 deferred_stalls=0 process_failures=0 server_busy_retries=0 server_busy_failures=0 late_timeouts_accepted=0 scenario_bad_ues=0 global_suspect_ues=3 used_ues=31 target_host=192.168.1.211 initial_ports=5201-5231 replacement_ports=5251-5265 bitrate=1M start_delay=0.05 detection=no_rx_counter replacement_min_duration_s=5 adaptive_extension_max_s=1 iperf_exit_grace_s=3 server_busy_retries_limit=1 server_busy_retry_delay_s=2 late_replacement_after_end=disabled wait_for_iperf_exit=until_timeout global_suspect_policy=soft_reuse ramp_supervision=after_initial_start
[2026-08-22T02:41:41+02:00] UE_POOL_SCENARIO_BAD_CURRENT timestamp=2026-08-22T00:41:40+00:00 active_ues=31 indexes=
[2026-08-22T02:41:41+02:00] UE_POOL_GLOBAL_SUSPECT_CURRENT timestamp=2026-08-22T00:41:40+00:00 active_ues=31 indexes=0,6,22
[2026-08-22T02:41:41+02:00] REMOTE_IPERF_PER_UE_END timestamp=2026-08-22T00:41:41+00:00 active_ues=31 tag=ue_31 final_rc=0 completed_slots=31 replacements=0 problematic_ues=0 server_busy_retries=0 deferred_stalls=0 late_timeouts_accepted=0
[2026-08-22T02:41:41+02:00] SCENARIO TRAFFIC COMMAND END timestamp=2026-08-22T02:41:41+02:00 active_ue=31 rc=0
[2026-08-22T02:41:43+02:00] SCENARIO UPF AFTER timestamp=2026-08-22T02:41:43+02:00 active_ue=31 pod=open5gs-upf-5b9db6d44-nsbqz uid=7b5b8ef7-a2a2-4fe9-a3e1-74acd17bd88f restarts=6
[2026-08-22T02:41:43+02:00] SCENARIO END timestamp=2026-08-22T02:41:43+02:00 active_ue=31 rc=0
[2026-08-22T02:41:43+02:00] ================================================================
[2026-08-22T02:41:43+02:00] SCENARIO START timestamp=2026-08-22T02:41:43+02:00 active_ue=33 registered_ue_pool=50 target_host=192.168.1.211 ports=5201-5233 replacement_ports=5251-5265 bitrate_per_ue=1M start_delay=0.05 replacement_min_duration=5 adaptive_extension_max=1
[2026-08-22T02:41:43+02:00] ================================================================
[2026-08-22T02:41:43+02:00] UPF_CONTROL_SAMPLE timestamp=2026-08-22T02:41:39+02:00 scenario=ue_31 pod=open5gs-upf-5b9db6d44-nsbqz uid=7b5b8ef7-a2a2-4fe9-a3e1-74acd17bd88f restarts=6 usage_cpu=434m usage_mem=38Mi request_cpu=476m request_mem=250Mi limit_cpu=none limit_mem=none vpa_target_cpu=476m vpa_target_mem=250Mi vpa_uncapped_cpu=476m vpa_uncapped_mem=250Mi vpa_lower_cpu=219m vpa_lower_mem=250Mi vpa_upper_cpu=1500m vpa_upper_mem=512Mi
[2026-08-22T02:41:44+02:00] SCENARIO TUNNEL CHECK timestamp=2026-08-22T02:41:44+02:00 active_ue=33 current_tunnels=50 required=50
[2026-08-22T02:41:46+02:00] SCENARIO UPF BEFORE timestamp=2026-08-22T02:41:46+02:00 active_ue=33 pod=open5gs-upf-5b9db6d44-nsbqz uid=7b5b8ef7-a2a2-4fe9-a3e1-74acd17bd88f restarts=6
[2026-08-22T02:41:47+02:00] REMOTE_IPERF_PER_UE_START timestamp=2026-08-22T00:41:46+00:00 active_ues=33 tag=ue_33 iperf_host=192.168.1.211 base_port=5201 replacement_base_port=5251 duration=80 bitrate=1M start_delay=0.05 detection=no_rx_counter connect_timeout_s=4 stall_seconds=5 replacement_limit=15 replacement_min_duration_s=5 adaptive_extension_max_s=1 iperf_exit_grace_s=3 server_busy_port_rebinds=1 late_replacement_after_end=disabled wait_for_iperf_exit=until_timeout global_suspect_policy=soft_reuse ramp_supervision=after_initial_start
[2026-08-22T02:41:47+02:00] UE_POOL_STATUS timestamp=2026-08-22T00:41:47+00:00 active_ues=33 registered_tunnels=50 existing_global_suspect_ues=3 used_ues=0 policy=soft_reuse_global_suspects
[2026-08-22T02:41:47+02:00] UE_SLOT_ASSIGN timestamp=2026-08-22T00:41:47+00:00 active_ues=33 slot=0 ue_idx=1 ue_if=uesimtun1 ue_ip=10.45.1.247 candidate_reused_global_suspect=0
[2026-08-22T02:41:47+02:00] UE_SLOT_START timestamp=2026-08-22T00:41:47+00:00 active_ues=33 slot=0 attempt=1 ue_idx=1 ue_if=uesimtun1 ue_ip=10.45.1.247 target=192.168.1.211:5201 bitrate=1M duration_s=80 planned_end_epoch=1787359387 timeout_s=90 hard_timeout_epoch=1787359402 start_rx_bytes=1456898
[2026-08-22T02:41:47+02:00] UE_SLOT_PID timestamp=2026-08-22T00:41:47+00:00 active_ues=33 slot=0 attempt=1 ue_idx=1 pid=51545
[2026-08-22T02:41:47+02:00] UE_SLOT_ASSIGN timestamp=2026-08-22T00:41:47+00:00 active_ues=33 slot=1 ue_idx=2 ue_if=uesimtun2 ue_ip=10.45.1.248 candidate_reused_global_suspect=0
[2026-08-22T02:41:47+02:00] UE_SLOT_START timestamp=2026-08-22T00:41:47+00:00 active_ues=33 slot=1 attempt=1 ue_idx=2 ue_if=uesimtun2 ue_ip=10.45.1.248 target=192.168.1.211:5202 bitrate=1M duration_s=80 planned_end_epoch=1787359387 timeout_s=90 hard_timeout_epoch=1787359402 start_rx_bytes=1470635
[2026-08-22T02:41:47+02:00] UE_SLOT_PID timestamp=2026-08-22T00:41:47+00:00 active_ues=33 slot=1 attempt=1 ue_idx=2 pid=51570
[2026-08-22T02:41:47+02:00] UE_SLOT_ASSIGN timestamp=2026-08-22T00:41:47+00:00 active_ues=33 slot=2 ue_idx=3 ue_if=uesimtun3 ue_ip=10.45.1.249 candidate_reused_global_suspect=0
[2026-08-22T02:41:47+02:00] UE_SLOT_START timestamp=2026-08-22T00:41:47+00:00 active_ues=33 slot=2 attempt=1 ue_idx=3 ue_if=uesimtun3 ue_ip=10.45.1.249 target=192.168.1.211:5203 bitrate=1M duration_s=80 planned_end_epoch=1787359387 timeout_s=90 hard_timeout_epoch=1787359402 start_rx_bytes=1357970
[2026-08-22T02:41:47+02:00] UE_SLOT_PID timestamp=2026-08-22T00:41:47+00:00 active_ues=33 slot=2 attempt=1 ue_idx=3 pid=51595
[2026-08-22T02:41:47+02:00] UE_SLOT_ASSIGN timestamp=2026-08-22T00:41:47+00:00 active_ues=33 slot=3 ue_idx=4 ue_if=uesimtun4 ue_ip=10.45.1.250 candidate_reused_global_suspect=0
[2026-08-22T02:41:47+02:00] UE_SLOT_START timestamp=2026-08-22T00:41:47+00:00 active_ues=33 slot=3 attempt=1 ue_idx=4 ue_if=uesimtun4 ue_ip=10.45.1.250 target=192.168.1.211:5204 bitrate=1M duration_s=80 planned_end_epoch=1787359387 timeout_s=90 hard_timeout_epoch=1787359402 start_rx_bytes=1342966
[2026-08-22T02:41:47+02:00] UE_SLOT_PID timestamp=2026-08-22T00:41:47+00:00 active_ues=33 slot=3 attempt=1 ue_idx=4 pid=51620
[2026-08-22T02:41:48+02:00] UE_SLOT_ASSIGN timestamp=2026-08-22T00:41:48+00:00 active_ues=33 slot=4 ue_idx=5 ue_if=uesimtun5 ue_ip=10.45.1.251 candidate_reused_global_suspect=0
[2026-08-22T02:41:48+02:00] UE_SLOT_START timestamp=2026-08-22T00:41:48+00:00 active_ues=33 slot=4 attempt=1 ue_idx=5 ue_if=uesimtun5 ue_ip=10.45.1.251 target=192.168.1.211:5205 bitrate=1M duration_s=80 planned_end_epoch=1787359388 timeout_s=90 hard_timeout_epoch=1787359403 start_rx_bytes=1255191
[2026-08-22T02:41:48+02:00] UE_SLOT_PID timestamp=2026-08-22T00:41:48+00:00 active_ues=33 slot=4 attempt=1 ue_idx=5 pid=51645
[2026-08-22T02:41:48+02:00] UE_SLOT_ASSIGN timestamp=2026-08-22T00:41:48+00:00 active_ues=33 slot=5 ue_idx=7 ue_if=uesimtun7 ue_ip=10.45.1.253 candidate_reused_global_suspect=0
[2026-08-22T02:41:48+02:00] UE_SLOT_START timestamp=2026-08-22T00:41:48+00:00 active_ues=33 slot=5 attempt=1 ue_idx=7 ue_if=uesimtun7 ue_ip=10.45.1.253 target=192.168.1.211:5206 bitrate=1M duration_s=80 planned_end_epoch=1787359388 timeout_s=90 hard_timeout_epoch=1787359403 start_rx_bytes=1154931
[2026-08-22T02:41:48+02:00] VPA_RECOMMENDATION_CHANGE timestamp=2026-08-22T02:41:44+02:00 scenario=ue_33 old='vpa_target_cpu=476m vpa_target_mem=250Mi vpa_uncapped_cpu=476m vpa_uncapped_mem=250Mi vpa_lower_cpu=219m vpa_lower_mem=250Mi vpa_upper_cpu=1500m vpa_upper_mem=512Mi' new='vpa_target_cpu=511m vpa_target_mem=250Mi vpa_uncapped_cpu=511m vpa_uncapped_mem=250Mi vpa_lower_cpu=242m vpa_lower_mem=250Mi vpa_upper_cpu=1500m vpa_upper_mem=512Mi' previous_5s_sample='timestamp=2026-08-22T02:41:39+02:00 scenario=ue_31 pod=open5gs-upf-5b9db6d44-nsbqz uid=7b5b8ef7-a2a2-4fe9-a3e1-74acd17bd88f restarts=6 usage_cpu=434m usage_mem=38Mi request_cpu=476m request_mem=250Mi limit_cpu=none limit_mem=none vpa_target_cpu=476m vpa_target_mem=250Mi vpa_uncapped_cpu=476m vpa_uncapped_mem=250Mi vpa_lower_cpu=219m vpa_lower_mem=250Mi vpa_upper_cpu=1500m vpa_upper_mem=512Mi' current_sample='timestamp=2026-08-22T02:41:44+02:00 scenario=ue_33 pod=open5gs-upf-5b9db6d44-nsbqz uid=7b5b8ef7-a2a2-4fe9-a3e1-74acd17bd88f restarts=6 usage_cpu=434m usage_mem=38Mi request_cpu=476m request_mem=250Mi limit_cpu=none limit_mem=none vpa_target_cpu=511m vpa_target_mem=250Mi vpa_uncapped_cpu=511m vpa_uncapped_mem=250Mi vpa_lower_cpu=242m vpa_lower_mem=250Mi vpa_upper_cpu=1500m vpa_upper_mem=512Mi'
[2026-08-22T02:41:48+02:00] UE_SLOT_PID timestamp=2026-08-22T00:41:48+00:00 active_ues=33 slot=5 attempt=1 ue_idx=7 pid=51670
[2026-08-22T02:41:48+02:00] UPF_CONTROL_SAMPLE timestamp=2026-08-22T02:41:44+02:00 scenario=ue_33 pod=open5gs-upf-5b9db6d44-nsbqz uid=7b5b8ef7-a2a2-4fe9-a3e1-74acd17bd88f restarts=6 usage_cpu=434m usage_mem=38Mi request_cpu=476m request_mem=250Mi limit_cpu=none limit_mem=none vpa_target_cpu=511m vpa_target_mem=250Mi vpa_uncapped_cpu=511m vpa_uncapped_mem=250Mi vpa_lower_cpu=242m vpa_lower_mem=250Mi vpa_upper_cpu=1500m vpa_upper_mem=512Mi
[2026-08-22T02:41:48+02:00] UE_SLOT_ASSIGN timestamp=2026-08-22T00:41:48+00:00 active_ues=33 slot=6 ue_idx=8 ue_if=uesimtun8 ue_ip=10.45.1.254 candidate_reused_global_suspect=0
[2026-08-22T02:41:48+02:00] UE_SLOT_START timestamp=2026-08-22T00:41:48+00:00 active_ues=33 slot=6 attempt=1 ue_idx=8 ue_if=uesimtun8 ue_ip=10.45.1.254 target=192.168.1.211:5207 bitrate=1M duration_s=80 planned_end_epoch=1787359388 timeout_s=90 hard_timeout_epoch=1787359403 start_rx_bytes=1157637
[2026-08-22T02:41:48+02:00] UE_SLOT_PID timestamp=2026-08-22T00:41:48+00:00 active_ues=33 slot=6 attempt=1 ue_idx=8 pid=51695
[2026-08-22T02:41:48+02:00] UE_SLOT_ASSIGN timestamp=2026-08-22T00:41:48+00:00 active_ues=33 slot=7 ue_idx=9 ue_if=uesimtun9 ue_ip=10.45.1.255 candidate_reused_global_suspect=0
[2026-08-22T02:41:48+02:00] UE_SLOT_START timestamp=2026-08-22T00:41:48+00:00 active_ues=33 slot=7 attempt=1 ue_idx=9 ue_if=uesimtun9 ue_ip=10.45.1.255 target=192.168.1.211:5208 bitrate=1M duration_s=80 planned_end_epoch=1787359388 timeout_s=90 hard_timeout_epoch=1787359403 start_rx_bytes=1088027
[2026-08-22T02:41:48+02:00] UE_SLOT_PID timestamp=2026-08-22T00:41:48+00:00 active_ues=33 slot=7 attempt=1 ue_idx=9 pid=51720
[2026-08-22T02:41:48+02:00] UE_SLOT_ASSIGN timestamp=2026-08-22T00:41:48+00:00 active_ues=33 slot=8 ue_idx=10 ue_if=uesimtun10 ue_ip=10.45.2.2 candidate_reused_global_suspect=0
[2026-08-22T02:41:49+02:00] UE_SLOT_START timestamp=2026-08-22T00:41:48+00:00 active_ues=33 slot=8 attempt=1 ue_idx=10 ue_if=uesimtun10 ue_ip=10.45.2.2 target=192.168.1.211:5209 bitrate=1M duration_s=80 planned_end_epoch=1787359388 timeout_s=90 hard_timeout_epoch=1787359403 start_rx_bytes=1085288
[2026-08-22T02:41:49+02:00] UE_SLOT_PID timestamp=2026-08-22T00:41:48+00:00 active_ues=33 slot=8 attempt=1 ue_idx=10 pid=51745
[2026-08-22T02:41:49+02:00] UE_SLOT_ASSIGN timestamp=2026-08-22T00:41:49+00:00 active_ues=33 slot=9 ue_idx=11 ue_if=uesimtun11 ue_ip=10.45.2.22 candidate_reused_global_suspect=0
[2026-08-22T02:41:49+02:00] UE_SLOT_START timestamp=2026-08-22T00:41:49+00:00 active_ues=33 slot=9 attempt=1 ue_idx=11 ue_if=uesimtun11 ue_ip=10.45.2.22 target=192.168.1.211:5210 bitrate=1M duration_s=80 planned_end_epoch=1787359389 timeout_s=90 hard_timeout_epoch=1787359404 start_rx_bytes=986266
[2026-08-22T02:41:49+02:00] UE_SLOT_PID timestamp=2026-08-22T00:41:49+00:00 active_ues=33 slot=9 attempt=1 ue_idx=11 pid=51770
[2026-08-22T02:41:49+02:00] UE_SLOT_ASSIGN timestamp=2026-08-22T00:41:49+00:00 active_ues=33 slot=10 ue_idx=12 ue_if=uesimtun12 ue_ip=10.45.2.5 candidate_reused_global_suspect=0
[2026-08-22T02:41:49+02:00] UE_SLOT_START timestamp=2026-08-22T00:41:49+00:00 active_ues=33 slot=10 attempt=1 ue_idx=12 ue_if=uesimtun12 ue_ip=10.45.2.5 target=192.168.1.211:5211 bitrate=1M duration_s=80 planned_end_epoch=1787359389 timeout_s=90 hard_timeout_epoch=1787359404 start_rx_bytes=973651
[2026-08-22T02:41:49+02:00] UE_SLOT_PID timestamp=2026-08-22T00:41:49+00:00 active_ues=33 slot=10 attempt=1 ue_idx=12 pid=51795
[2026-08-22T02:41:49+02:00] UE_SLOT_ASSIGN timestamp=2026-08-22T00:41:49+00:00 active_ues=33 slot=11 ue_idx=13 ue_if=uesimtun13 ue_ip=10.45.2.0 candidate_reused_global_suspect=0
[2026-08-22T02:41:49+02:00] UE_SLOT_START timestamp=2026-08-22T00:41:49+00:00 active_ues=33 slot=11 attempt=1 ue_idx=13 ue_if=uesimtun13 ue_ip=10.45.2.0 target=192.168.1.211:5212 bitrate=1M duration_s=80 planned_end_epoch=1787359389 timeout_s=90 hard_timeout_epoch=1787359404 start_rx_bytes=885765
[2026-08-22T02:41:49+02:00] UE_SLOT_PID timestamp=2026-08-22T00:41:49+00:00 active_ues=33 slot=11 attempt=1 ue_idx=13 pid=51820
[2026-08-22T02:41:49+02:00] UE_SLOT_ASSIGN timestamp=2026-08-22T00:41:49+00:00 active_ues=33 slot=12 ue_idx=14 ue_if=uesimtun14 ue_ip=10.45.2.8 candidate_reused_global_suspect=0
[2026-08-22T02:41:49+02:00] UE_SLOT_START timestamp=2026-08-22T00:41:49+00:00 active_ues=33 slot=12 attempt=1 ue_idx=14 ue_if=uesimtun14 ue_ip=10.45.2.8 target=192.168.1.211:5213 bitrate=1M duration_s=80 planned_end_epoch=1787359389 timeout_s=90 hard_timeout_epoch=1787359404 start_rx_bytes=926192
[2026-08-22T02:41:49+02:00] UE_SLOT_PID timestamp=2026-08-22T00:41:49+00:00 active_ues=33 slot=12 attempt=1 ue_idx=14 pid=51845
[2026-08-22T02:41:50+02:00] UE_SLOT_ASSIGN timestamp=2026-08-22T00:41:50+00:00 active_ues=33 slot=13 ue_idx=15 ue_if=uesimtun15 ue_ip=10.45.2.6 candidate_reused_global_suspect=0
[2026-08-22T02:41:50+02:00] UE_SLOT_START timestamp=2026-08-22T00:41:50+00:00 active_ues=33 slot=13 attempt=1 ue_idx=15 ue_if=uesimtun15 ue_ip=10.45.2.6 target=192.168.1.211:5214 bitrate=1M duration_s=80 planned_end_epoch=1787359390 timeout_s=90 hard_timeout_epoch=1787359405 start_rx_bytes=817859
[2026-08-22T02:41:50+02:00] UE_SLOT_PID timestamp=2026-08-22T00:41:50+00:00 active_ues=33 slot=13 attempt=1 ue_idx=15 pid=51870
[2026-08-22T02:41:50+02:00] UE_SLOT_ASSIGN timestamp=2026-08-22T00:41:50+00:00 active_ues=33 slot=14 ue_idx=16 ue_if=uesimtun16 ue_ip=10.45.2.7 candidate_reused_global_suspect=0
[2026-08-22T02:41:50+02:00] UE_SLOT_START timestamp=2026-08-22T00:41:50+00:00 active_ues=33 slot=14 attempt=1 ue_idx=16 ue_if=uesimtun16 ue_ip=10.45.2.7 target=192.168.1.211:5215 bitrate=1M duration_s=80 planned_end_epoch=1787359390 timeout_s=90 hard_timeout_epoch=1787359405 start_rx_bytes=799411
[2026-08-22T02:41:50+02:00] UE_SLOT_PID timestamp=2026-08-22T00:41:50+00:00 active_ues=33 slot=14 attempt=1 ue_idx=16 pid=51895
[2026-08-22T02:41:50+02:00] UE_SLOT_ASSIGN timestamp=2026-08-22T00:41:50+00:00 active_ues=33 slot=15 ue_idx=17 ue_if=uesimtun17 ue_ip=10.45.2.3 candidate_reused_global_suspect=0
[2026-08-22T02:41:50+02:00] UE_SLOT_START timestamp=2026-08-22T00:41:50+00:00 active_ues=33 slot=15 attempt=1 ue_idx=17 ue_if=uesimtun17 ue_ip=10.45.2.3 target=192.168.1.211:5216 bitrate=1M duration_s=80 planned_end_epoch=1787359390 timeout_s=90 hard_timeout_epoch=1787359405 start_rx_bytes=707651
[2026-08-22T02:41:50+02:00] UE_SLOT_PID timestamp=2026-08-22T00:41:50+00:00 active_ues=33 slot=15 attempt=1 ue_idx=17 pid=51920
[2026-08-22T02:41:50+02:00] UE_SLOT_ASSIGN timestamp=2026-08-22T00:41:50+00:00 active_ues=33 slot=16 ue_idx=18 ue_if=uesimtun18 ue_ip=10.45.2.13 candidate_reused_global_suspect=0
[2026-08-22T02:41:50+02:00] UE_SLOT_START timestamp=2026-08-22T00:41:50+00:00 active_ues=33 slot=16 attempt=1 ue_idx=18 ue_if=uesimtun18 ue_ip=10.45.2.13 target=192.168.1.211:5217 bitrate=1M duration_s=80 planned_end_epoch=1787359390 timeout_s=90 hard_timeout_epoch=1787359405 start_rx_bytes=715332
[2026-08-22T02:41:50+02:00] UE_SLOT_PID timestamp=2026-08-22T00:41:50+00:00 active_ues=33 slot=16 attempt=1 ue_idx=18 pid=51945
[2026-08-22T02:41:51+02:00] UE_SLOT_ASSIGN timestamp=2026-08-22T00:41:51+00:00 active_ues=33 slot=17 ue_idx=19 ue_if=uesimtun19 ue_ip=10.45.2.12 candidate_reused_global_suspect=0
[2026-08-22T02:41:51+02:00] UE_SLOT_START timestamp=2026-08-22T00:41:51+00:00 active_ues=33 slot=17 attempt=1 ue_idx=19 ue_if=uesimtun19 ue_ip=10.45.2.12 target=192.168.1.211:5218 bitrate=1M duration_s=80 planned_end_epoch=1787359391 timeout_s=90 hard_timeout_epoch=1787359406 start_rx_bytes=621167
[2026-08-22T02:41:51+02:00] UE_SLOT_PID timestamp=2026-08-22T00:41:51+00:00 active_ues=33 slot=17 attempt=1 ue_idx=19 pid=51970
[2026-08-22T02:41:51+02:00] UE_SLOT_ASSIGN timestamp=2026-08-22T00:41:51+00:00 active_ues=33 slot=18 ue_idx=20 ue_if=uesimtun20 ue_ip=10.45.2.15 candidate_reused_global_suspect=0
[2026-08-22T02:41:51+02:00] UE_SLOT_START timestamp=2026-08-22T00:41:51+00:00 active_ues=33 slot=18 attempt=1 ue_idx=20 ue_if=uesimtun20 ue_ip=10.45.2.15 target=192.168.1.211:5219 bitrate=1M duration_s=80 planned_end_epoch=1787359391 timeout_s=90 hard_timeout_epoch=1787359406 start_rx_bytes=621127
[2026-08-22T02:41:51+02:00] UE_SLOT_PID timestamp=2026-08-22T00:41:51+00:00 active_ues=33 slot=18 attempt=1 ue_idx=20 pid=51995
[2026-08-22T02:41:51+02:00] UE_SLOT_ASSIGN timestamp=2026-08-22T00:41:51+00:00 active_ues=33 slot=19 ue_idx=21 ue_if=uesimtun21 ue_ip=10.45.2.17 candidate_reused_global_suspect=0
[2026-08-22T02:41:51+02:00] UE_SLOT_START timestamp=2026-08-22T00:41:51+00:00 active_ues=33 slot=19 attempt=1 ue_idx=21 ue_if=uesimtun21 ue_ip=10.45.2.17 target=192.168.1.211:5220 bitrate=1M duration_s=80 planned_end_epoch=1787359391 timeout_s=90 hard_timeout_epoch=1787359406 start_rx_bytes=520400
[2026-08-22T02:41:51+02:00] UE_SLOT_PID timestamp=2026-08-22T00:41:51+00:00 active_ues=33 slot=19 attempt=1 ue_idx=21 pid=52020
[2026-08-22T02:41:51+02:00] UE_SLOT_ASSIGN timestamp=2026-08-22T00:41:51+00:00 active_ues=33 slot=20 ue_idx=23 ue_if=uesimtun23 ue_ip=10.45.2.21 candidate_reused_global_suspect=0
[2026-08-22T02:41:51+02:00] UE_SLOT_START timestamp=2026-08-22T00:41:51+00:00 active_ues=33 slot=20 attempt=1 ue_idx=23 ue_if=uesimtun23 ue_ip=10.45.2.21 target=192.168.1.211:5221 bitrate=1M duration_s=80 planned_end_epoch=1787359391 timeout_s=90 hard_timeout_epoch=1787359406 start_rx_bytes=436023
[2026-08-22T02:41:51+02:00] UE_SLOT_PID timestamp=2026-08-22T00:41:51+00:00 active_ues=33 slot=20 attempt=1 ue_idx=23 pid=52045
[2026-08-22T02:41:52+02:00] UE_SLOT_ASSIGN timestamp=2026-08-22T00:41:51+00:00 active_ues=33 slot=21 ue_idx=24 ue_if=uesimtun24 ue_ip=10.45.2.23 candidate_reused_global_suspect=0
[2026-08-22T02:41:52+02:00] UE_SLOT_START timestamp=2026-08-22T00:41:52+00:00 active_ues=33 slot=21 attempt=1 ue_idx=24 ue_if=uesimtun24 ue_ip=10.45.2.23 target=192.168.1.211:5222 bitrate=1M duration_s=80 planned_end_epoch=1787359391 timeout_s=90 hard_timeout_epoch=1787359406 start_rx_bytes=426482
[2026-08-22T02:41:52+02:00] UE_SLOT_PID timestamp=2026-08-22T00:41:52+00:00 active_ues=33 slot=21 attempt=1 ue_idx=24 pid=52070
[2026-08-22T02:41:52+02:00] UE_SLOT_ASSIGN timestamp=2026-08-22T00:41:52+00:00 active_ues=33 slot=22 ue_idx=25 ue_if=uesimtun25 ue_ip=10.45.2.27 candidate_reused_global_suspect=0
[2026-08-22T02:41:52+02:00] UE_SLOT_START timestamp=2026-08-22T00:41:52+00:00 active_ues=33 slot=22 attempt=1 ue_idx=25 ue_if=uesimtun25 ue_ip=10.45.2.27 target=192.168.1.211:5223 bitrate=1M duration_s=80 planned_end_epoch=1787359392 timeout_s=90 hard_timeout_epoch=1787359407 start_rx_bytes=418779
[2026-08-22T02:41:52+02:00] UE_SLOT_PID timestamp=2026-08-22T00:41:52+00:00 active_ues=33 slot=22 attempt=1 ue_idx=25 pid=52095
[2026-08-22T02:41:52+02:00] UE_SLOT_ASSIGN timestamp=2026-08-22T00:41:52+00:00 active_ues=33 slot=23 ue_idx=26 ue_if=uesimtun26 ue_ip=10.45.2.24 candidate_reused_global_suspect=0
[2026-08-22T02:41:52+02:00] UE_SLOT_START timestamp=2026-08-22T00:41:52+00:00 active_ues=33 slot=23 attempt=1 ue_idx=26 ue_if=uesimtun26 ue_ip=10.45.2.24 target=192.168.1.211:5224 bitrate=1M duration_s=80 planned_end_epoch=1787359392 timeout_s=90 hard_timeout_epoch=1787359407 start_rx_bytes=325503
[2026-08-22T02:41:52+02:00] UE_SLOT_PID timestamp=2026-08-22T00:41:52+00:00 active_ues=33 slot=23 attempt=1 ue_idx=26 pid=52120
[2026-08-22T02:41:52+02:00] UE_SLOT_ASSIGN timestamp=2026-08-22T00:41:52+00:00 active_ues=33 slot=24 ue_idx=27 ue_if=uesimtun27 ue_ip=10.45.2.29 candidate_reused_global_suspect=0
[2026-08-22T02:41:52+02:00] UE_SLOT_START timestamp=2026-08-22T00:41:52+00:00 active_ues=33 slot=24 attempt=1 ue_idx=27 ue_if=uesimtun27 ue_ip=10.45.2.29 target=192.168.1.211:5225 bitrate=1M duration_s=80 planned_end_epoch=1787359392 timeout_s=90 hard_timeout_epoch=1787359407 start_rx_bytes=310963
[2026-08-22T02:41:52+02:00] UE_SLOT_PID timestamp=2026-08-22T00:41:52+00:00 active_ues=33 slot=24 attempt=1 ue_idx=27 pid=52145
[2026-08-22T02:41:53+02:00] UE_SLOT_ASSIGN timestamp=2026-08-22T00:41:53+00:00 active_ues=33 slot=25 ue_idx=28 ue_if=uesimtun28 ue_ip=10.45.2.4 candidate_reused_global_suspect=0
[2026-08-22T02:41:53+02:00] UE_SLOT_START timestamp=2026-08-22T00:41:53+00:00 active_ues=33 slot=25 attempt=1 ue_idx=28 ue_if=uesimtun28 ue_ip=10.45.2.4 target=192.168.1.211:5226 bitrate=1M duration_s=80 planned_end_epoch=1787359393 timeout_s=90 hard_timeout_epoch=1787359408 start_rx_bytes=214668
[2026-08-22T02:41:53+02:00] UE_SLOT_PID timestamp=2026-08-22T00:41:53+00:00 active_ues=33 slot=25 attempt=1 ue_idx=28 pid=52170
[2026-08-22T02:41:53+02:00] UPF_CONTROL_SAMPLE timestamp=2026-08-22T02:41:49+02:00 scenario=ue_33 pod=open5gs-upf-5b9db6d44-nsbqz uid=7b5b8ef7-a2a2-4fe9-a3e1-74acd17bd88f restarts=6 usage_cpu=434m usage_mem=38Mi request_cpu=476m request_mem=250Mi limit_cpu=none limit_mem=none vpa_target_cpu=511m vpa_target_mem=250Mi vpa_uncapped_cpu=511m vpa_uncapped_mem=250Mi vpa_lower_cpu=242m vpa_lower_mem=250Mi vpa_upper_cpu=1500m vpa_upper_mem=512Mi
[2026-08-22T02:41:53+02:00] UE_SLOT_ASSIGN timestamp=2026-08-22T00:41:53+00:00 active_ues=33 slot=26 ue_idx=29 ue_if=uesimtun29 ue_ip=10.45.2.32 candidate_reused_global_suspect=0
[2026-08-22T02:41:53+02:00] UE_SLOT_START timestamp=2026-08-22T00:41:53+00:00 active_ues=33 slot=26 attempt=1 ue_idx=29 ue_if=uesimtun29 ue_ip=10.45.2.32 target=192.168.1.211:5227 bitrate=1M duration_s=80 planned_end_epoch=1787359393 timeout_s=90 hard_timeout_epoch=1787359408 start_rx_bytes=241382
[2026-08-22T02:41:53+02:00] UE_SLOT_PID timestamp=2026-08-22T00:41:53+00:00 active_ues=33 slot=26 attempt=1 ue_idx=29 pid=52195
[2026-08-22T02:41:53+02:00] UE_SLOT_ASSIGN timestamp=2026-08-22T00:41:53+00:00 active_ues=33 slot=27 ue_idx=30 ue_if=uesimtun30 ue_ip=10.45.2.34 candidate_reused_global_suspect=0
[2026-08-22T02:41:53+02:00] UE_SLOT_START timestamp=2026-08-22T00:41:53+00:00 active_ues=33 slot=27 attempt=1 ue_idx=30 ue_if=uesimtun30 ue_ip=10.45.2.34 target=192.168.1.211:5228 bitrate=1M duration_s=80 planned_end_epoch=1787359393 timeout_s=90 hard_timeout_epoch=1787359408 start_rx_bytes=194314
[2026-08-22T02:41:53+02:00] UE_SLOT_PID timestamp=2026-08-22T00:41:53+00:00 active_ues=33 slot=27 attempt=1 ue_idx=30 pid=52220
[2026-08-22T02:41:53+02:00] UE_SLOT_ASSIGN timestamp=2026-08-22T00:41:53+00:00 active_ues=33 slot=28 ue_idx=31 ue_if=uesimtun31 ue_ip=10.45.2.36 candidate_reused_global_suspect=0
[2026-08-22T02:41:53+02:00] UE_SLOT_START timestamp=2026-08-22T00:41:53+00:00 active_ues=33 slot=28 attempt=1 ue_idx=31 ue_if=uesimtun31 ue_ip=10.45.2.36 target=192.168.1.211:5229 bitrate=1M duration_s=80 planned_end_epoch=1787359393 timeout_s=90 hard_timeout_epoch=1787359408 start_rx_bytes=225840
[2026-08-22T02:41:53+02:00] UE_SLOT_PID timestamp=2026-08-22T00:41:53+00:00 active_ues=33 slot=28 attempt=1 ue_idx=31 pid=52245
[2026-08-22T02:41:54+02:00] UE_SLOT_ASSIGN timestamp=2026-08-22T00:41:54+00:00 active_ues=33 slot=29 ue_idx=32 ue_if=uesimtun32 ue_ip=10.45.2.9 candidate_reused_global_suspect=0
[2026-08-22T02:41:54+02:00] UE_SLOT_START timestamp=2026-08-22T00:41:54+00:00 active_ues=33 slot=29 attempt=1 ue_idx=32 ue_if=uesimtun32 ue_ip=10.45.2.9 target=192.168.1.211:5230 bitrate=1M duration_s=80 planned_end_epoch=1787359394 timeout_s=90 hard_timeout_epoch=1787359409 start_rx_bytes=103010
[2026-08-22T02:41:54+02:00] UE_SLOT_PID timestamp=2026-08-22T00:41:54+00:00 active_ues=33 slot=29 attempt=1 ue_idx=32 pid=52270
[2026-08-22T02:41:54+02:00] UE_SLOT_ASSIGN timestamp=2026-08-22T00:41:54+00:00 active_ues=33 slot=30 ue_idx=33 ue_if=uesimtun33 ue_ip=10.45.2.11 candidate_reused_global_suspect=0
[2026-08-22T02:41:54+02:00] UE_SLOT_START timestamp=2026-08-22T00:41:54+00:00 active_ues=33 slot=30 attempt=1 ue_idx=33 ue_if=uesimtun33 ue_ip=10.45.2.11 target=192.168.1.211:5231 bitrate=1M duration_s=80 planned_end_epoch=1787359394 timeout_s=90 hard_timeout_epoch=1787359409 start_rx_bytes=107589
[2026-08-22T02:41:54+02:00] UE_SLOT_PID timestamp=2026-08-22T00:41:54+00:00 active_ues=33 slot=30 attempt=1 ue_idx=33 pid=52295
[2026-08-22T02:41:54+02:00] UE_SLOT_ASSIGN timestamp=2026-08-22T00:41:54+00:00 active_ues=33 slot=31 ue_idx=34 ue_if=uesimtun34 ue_ip=10.45.2.14 candidate_reused_global_suspect=0
[2026-08-22T02:41:54+02:00] UE_SLOT_START timestamp=2026-08-22T00:41:54+00:00 active_ues=33 slot=31 attempt=1 ue_idx=34 ue_if=uesimtun34 ue_ip=10.45.2.14 target=192.168.1.211:5232 bitrate=1M duration_s=80 planned_end_epoch=1787359394 timeout_s=90 hard_timeout_epoch=1787359409 start_rx_bytes=0
[2026-08-22T02:41:54+02:00] UE_SLOT_PID timestamp=2026-08-22T00:41:54+00:00 active_ues=33 slot=31 attempt=1 ue_idx=34 pid=52320
[2026-08-22T02:41:55+02:00] UE_SLOT_ASSIGN timestamp=2026-08-22T00:41:55+00:00 active_ues=33 slot=32 ue_idx=35 ue_if=uesimtun35 ue_ip=10.45.2.16 candidate_reused_global_suspect=0
[2026-08-22T02:41:55+02:00] UE_SLOT_START timestamp=2026-08-22T00:41:55+00:00 active_ues=33 slot=32 attempt=1 ue_idx=35 ue_if=uesimtun35 ue_ip=10.45.2.16 target=192.168.1.211:5233 bitrate=1M duration_s=80 planned_end_epoch=1787359395 timeout_s=90 hard_timeout_epoch=1787359410 start_rx_bytes=0
[2026-08-22T02:41:55+02:00] UE_SLOT_PID timestamp=2026-08-22T00:41:55+00:00 active_ues=33 slot=32 attempt=1 ue_idx=35 pid=52345
[2026-08-22T02:41:55+02:00] IPERF_MAPPING_SUMMARY timestamp=2026-08-22T00:41:55+00:00 active_ues=33 registered_tunnels=50 initial_ports=5201-5233 replacement_ports=5251-5265 bitrate=1M start_delay=0.05 detection=no_rx_counter replacement_min_duration_s=5 adaptive_extension_max_s=1 iperf_exit_grace_s=3 server_busy_port_rebinds=1 late_replacement_after_end=disabled wait_for_iperf_exit=until_timeout global_suspect_policy=soft_reuse ramp_supervision=after_initial_start
[2026-08-22T02:41:57+02:00] UPF_CONTROL_SAMPLE timestamp=2026-08-22T02:41:54+02:00 scenario=ue_33 pod=open5gs-upf-5b9db6d44-nsbqz uid=7b5b8ef7-a2a2-4fe9-a3e1-74acd17bd88f restarts=6 usage_cpu=89m usage_mem=39Mi request_cpu=476m request_mem=250Mi limit_cpu=none limit_mem=none vpa_target_cpu=511m vpa_target_mem=250Mi vpa_uncapped_cpu=511m vpa_uncapped_mem=250Mi vpa_lower_cpu=242m vpa_lower_mem=250Mi vpa_upper_cpu=1500m vpa_upper_mem=512Mi
[2026-08-22T02:42:01+02:00] UPF_CONTROL_SAMPLE timestamp=2026-08-22T02:41:58+02:00 scenario=ue_33 pod=open5gs-upf-5b9db6d44-nsbqz uid=7b5b8ef7-a2a2-4fe9-a3e1-74acd17bd88f restarts=6 usage_cpu=89m usage_mem=39Mi request_cpu=476m request_mem=250Mi limit_cpu=none limit_mem=none vpa_target_cpu=511m vpa_target_mem=250Mi vpa_uncapped_cpu=511m vpa_uncapped_mem=250Mi vpa_lower_cpu=242m vpa_lower_mem=250Mi vpa_upper_cpu=1500m vpa_upper_mem=512Mi
[2026-08-22T02:42:06+02:00] UPF_CONTROL_SAMPLE timestamp=2026-08-22T02:42:03+02:00 scenario=ue_33 pod=open5gs-upf-5b9db6d44-nsbqz uid=7b5b8ef7-a2a2-4fe9-a3e1-74acd17bd88f restarts=6 usage_cpu=89m usage_mem=39Mi request_cpu=476m request_mem=250Mi limit_cpu=none limit_mem=none vpa_target_cpu=511m vpa_target_mem=250Mi vpa_uncapped_cpu=511m vpa_uncapped_mem=250Mi vpa_lower_cpu=242m vpa_lower_mem=250Mi vpa_upper_cpu=1500m vpa_upper_mem=512Mi
[2026-08-22T02:42:11+02:00] UPF_CONTROL_SAMPLE timestamp=2026-08-22T02:42:07+02:00 scenario=ue_33 pod=open5gs-upf-5b9db6d44-nsbqz uid=7b5b8ef7-a2a2-4fe9-a3e1-74acd17bd88f restarts=6 usage_cpu=507m usage_mem=39Mi request_cpu=476m request_mem=250Mi limit_cpu=none limit_mem=none vpa_target_cpu=511m vpa_target_mem=250Mi vpa_uncapped_cpu=511m vpa_uncapped_mem=250Mi vpa_lower_cpu=242m vpa_lower_mem=250Mi vpa_upper_cpu=1500m vpa_upper_mem=512Mi
[2026-08-22T02:42:16+02:00] UPF_CONTROL_SAMPLE timestamp=2026-08-22T02:42:12+02:00 scenario=ue_33 pod=open5gs-upf-5b9db6d44-nsbqz uid=7b5b8ef7-a2a2-4fe9-a3e1-74acd17bd88f restarts=6 usage_cpu=507m usage_mem=39Mi request_cpu=476m request_mem=250Mi limit_cpu=none limit_mem=none vpa_target_cpu=511m vpa_target_mem=250Mi vpa_uncapped_cpu=511m vpa_uncapped_mem=250Mi vpa_lower_cpu=242m vpa_lower_mem=250Mi vpa_upper_cpu=1500m vpa_upper_mem=512Mi
[2026-08-22T02:42:21+02:00] UPF_CONTROL_SAMPLE timestamp=2026-08-22T02:42:17+02:00 scenario=ue_33 pod=open5gs-upf-5b9db6d44-nsbqz uid=7b5b8ef7-a2a2-4fe9-a3e1-74acd17bd88f restarts=6 usage_cpu=507m usage_mem=39Mi request_cpu=476m request_mem=250Mi limit_cpu=none limit_mem=none vpa_target_cpu=511m vpa_target_mem=250Mi vpa_uncapped_cpu=511m vpa_uncapped_mem=250Mi vpa_lower_cpu=242m vpa_lower_mem=250Mi vpa_upper_cpu=1500m vpa_upper_mem=512Mi
[2026-08-22T02:42:25+02:00] UPF_CONTROL_SAMPLE timestamp=2026-08-22T02:42:22+02:00 scenario=ue_33 pod=open5gs-upf-5b9db6d44-nsbqz uid=7b5b8ef7-a2a2-4fe9-a3e1-74acd17bd88f restarts=6 usage_cpu=507m usage_mem=39Mi request_cpu=476m request_mem=250Mi limit_cpu=none limit_mem=none vpa_target_cpu=511m vpa_target_mem=250Mi vpa_uncapped_cpu=511m vpa_uncapped_mem=250Mi vpa_lower_cpu=242m vpa_lower_mem=250Mi vpa_upper_cpu=1500m vpa_upper_mem=512Mi
[2026-08-22T02:42:31+02:00] UPF_CONTROL_SAMPLE timestamp=2026-08-22T02:42:26+02:00 scenario=ue_33 pod=open5gs-upf-5b9db6d44-nsbqz uid=7b5b8ef7-a2a2-4fe9-a3e1-74acd17bd88f restarts=6 usage_cpu=532m usage_mem=39Mi request_cpu=476m request_mem=250Mi limit_cpu=none limit_mem=none vpa_target_cpu=511m vpa_target_mem=250Mi vpa_uncapped_cpu=511m vpa_uncapped_mem=250Mi vpa_lower_cpu=242m vpa_lower_mem=250Mi vpa_upper_cpu=1500m vpa_upper_mem=512Mi
[2026-08-22T02:42:35+02:00] UPF_CONTROL_SAMPLE timestamp=2026-08-22T02:42:32+02:00 scenario=ue_33 pod=open5gs-upf-5b9db6d44-nsbqz uid=7b5b8ef7-a2a2-4fe9-a3e1-74acd17bd88f restarts=6 usage_cpu=532m usage_mem=39Mi request_cpu=476m request_mem=250Mi limit_cpu=none limit_mem=none vpa_target_cpu=511m vpa_target_mem=250Mi vpa_uncapped_cpu=511m vpa_uncapped_mem=250Mi vpa_lower_cpu=242m vpa_lower_mem=250Mi vpa_upper_cpu=1500m vpa_upper_mem=512Mi
[2026-08-22T02:42:39+02:00] UPF_CONTROL_SAMPLE timestamp=2026-08-22T02:42:36+02:00 scenario=ue_33 pod=open5gs-upf-5b9db6d44-nsbqz uid=7b5b8ef7-a2a2-4fe9-a3e1-74acd17bd88f restarts=6 usage_cpu=532m usage_mem=39Mi request_cpu=476m request_mem=250Mi limit_cpu=none limit_mem=none vpa_target_cpu=511m vpa_target_mem=250Mi vpa_uncapped_cpu=511m vpa_uncapped_mem=250Mi vpa_lower_cpu=242m vpa_lower_mem=250Mi vpa_upper_cpu=1500m vpa_upper_mem=512Mi
[2026-08-22T02:42:44+02:00] UPF_CONTROL_SAMPLE timestamp=2026-08-22T02:42:41+02:00 scenario=ue_33 pod=open5gs-upf-5b9db6d44-nsbqz uid=7b5b8ef7-a2a2-4fe9-a3e1-74acd17bd88f restarts=6 usage_cpu=510m usage_mem=39Mi request_cpu=476m request_mem=250Mi limit_cpu=none limit_mem=none vpa_target_cpu=511m vpa_target_mem=250Mi vpa_uncapped_cpu=511m vpa_uncapped_mem=250Mi vpa_lower_cpu=242m vpa_lower_mem=250Mi vpa_upper_cpu=1500m vpa_upper_mem=512Mi
[2026-08-22T02:42:48+02:00] VPA_RECOMMENDATION_CHANGE timestamp=2026-08-22T02:42:45+02:00 scenario=ue_33 old='vpa_target_cpu=511m vpa_target_mem=250Mi vpa_uncapped_cpu=511m vpa_uncapped_mem=250Mi vpa_lower_cpu=242m vpa_lower_mem=250Mi vpa_upper_cpu=1500m vpa_upper_mem=512Mi' new='vpa_target_cpu=511m vpa_target_mem=250Mi vpa_uncapped_cpu=511m vpa_uncapped_mem=250Mi vpa_lower_cpu=243m vpa_lower_mem=250Mi vpa_upper_cpu=1500m vpa_upper_mem=512Mi' previous_5s_sample='timestamp=2026-08-22T02:42:36+02:00 scenario=ue_33 pod=open5gs-upf-5b9db6d44-nsbqz uid=7b5b8ef7-a2a2-4fe9-a3e1-74acd17bd88f restarts=6 usage_cpu=532m usage_mem=39Mi request_cpu=476m request_mem=250Mi limit_cpu=none limit_mem=none vpa_target_cpu=511m vpa_target_mem=250Mi vpa_uncapped_cpu=511m vpa_uncapped_mem=250Mi vpa_lower_cpu=242m vpa_lower_mem=250Mi vpa_upper_cpu=1500m vpa_upper_mem=512Mi' current_sample='timestamp=2026-08-22T02:42:45+02:00 scenario=ue_33 pod=open5gs-upf-5b9db6d44-nsbqz uid=7b5b8ef7-a2a2-4fe9-a3e1-74acd17bd88f restarts=6 usage_cpu=510m usage_mem=39Mi request_cpu=476m request_mem=250Mi limit_cpu=none limit_mem=none vpa_target_cpu=511m vpa_target_mem=250Mi vpa_uncapped_cpu=511m vpa_uncapped_mem=250Mi vpa_lower_cpu=243m vpa_lower_mem=250Mi vpa_upper_cpu=1500m vpa_upper_mem=512Mi'
[2026-08-22T02:42:48+02:00] UPF_CONTROL_SAMPLE timestamp=2026-08-22T02:42:45+02:00 scenario=ue_33 pod=open5gs-upf-5b9db6d44-nsbqz uid=7b5b8ef7-a2a2-4fe9-a3e1-74acd17bd88f restarts=6 usage_cpu=510m usage_mem=39Mi request_cpu=476m request_mem=250Mi limit_cpu=none limit_mem=none vpa_target_cpu=511m vpa_target_mem=250Mi vpa_uncapped_cpu=511m vpa_uncapped_mem=250Mi vpa_lower_cpu=243m vpa_lower_mem=250Mi vpa_upper_cpu=1500m vpa_upper_mem=512Mi
[2026-08-22T02:42:52+02:00] UPF_CONTROL_SAMPLE timestamp=2026-08-22T02:42:49+02:00 scenario=ue_33 pod=open5gs-upf-5b9db6d44-nsbqz uid=7b5b8ef7-a2a2-4fe9-a3e1-74acd17bd88f restarts=6 usage_cpu=510m usage_mem=39Mi request_cpu=476m request_mem=250Mi limit_cpu=none limit_mem=none vpa_target_cpu=511m vpa_target_mem=250Mi vpa_uncapped_cpu=511m vpa_uncapped_mem=250Mi vpa_lower_cpu=243m vpa_lower_mem=250Mi vpa_upper_cpu=1500m vpa_upper_mem=512Mi
[2026-08-22T02:42:57+02:00] UPF_CONTROL_SAMPLE timestamp=2026-08-22T02:42:53+02:00 scenario=ue_33 pod=open5gs-upf-5b9db6d44-nsbqz uid=7b5b8ef7-a2a2-4fe9-a3e1-74acd17bd88f restarts=6 usage_cpu=524m usage_mem=39Mi request_cpu=476m request_mem=250Mi limit_cpu=none limit_mem=none vpa_target_cpu=511m vpa_target_mem=250Mi vpa_uncapped_cpu=511m vpa_uncapped_mem=250Mi vpa_lower_cpu=243m vpa_lower_mem=250Mi vpa_upper_cpu=1500m vpa_upper_mem=512Mi
[2026-08-22T02:43:00+02:00] FAILED_CLIENT_LOG_BEGIN slot=5 logfile=/tmp/upf_iperf_adaptive_20260822_021535_ue_33/slot_5_attempt_1_ue_7_port_5206.log
[2026-08-22T02:43:00+02:00] Connecting to host 192.168.1.211, port 5206
[2026-08-22T02:43:00+02:00] [  5] local 10.45.1.253 port 55183 connected to 192.168.1.211 port 5206
[2026-08-22T02:43:00+02:00] [ ID] Interval           Transfer     Bitrate         Retr  Cwnd
[2026-08-22T02:43:00+02:00] [  5]   0.00-1.00   sec   235 KBytes  1.92 Mbits/sec    0   69.8 KBytes       
[2026-08-22T02:43:00+02:00] [  5]   1.00-2.00   sec   128 KBytes  1.05 Mbits/sec    0   71.1 KBytes       
[2026-08-22T02:43:00+02:00] [  5]   2.00-3.00   sec   128 KBytes  1.05 Mbits/sec    0   65.8 KBytes       
[2026-08-22T02:43:00+02:00] [  5]   3.00-4.00   sec  0.00 Bytes  0.00 bits/sec    0   71.1 KBytes       
[2026-08-22T02:43:00+02:00] [  5]   4.00-5.00   sec   128 KBytes  1.05 Mbits/sec    0   71.1 KBytes       
[2026-08-22T02:43:00+02:00] [  5]   5.00-6.00   sec   128 KBytes  1.05 Mbits/sec    0   71.1 KBytes       
[2026-08-22T02:43:00+02:00] [  5]   6.00-7.00   sec   128 KBytes  1.05 Mbits/sec    0   71.1 KBytes       
[2026-08-22T02:43:00+02:00] [  5]   7.00-8.00   sec   128 KBytes  1.05 Mbits/sec    0   71.1 KBytes       
[2026-08-22T02:43:00+02:00] [  5]   8.00-9.00   sec   128 KBytes  1.05 Mbits/sec    0   71.1 KBytes       
[2026-08-22T02:43:01+02:00] [  5]   9.00-10.00  sec   128 KBytes  1.05 Mbits/sec    0   72.4 KBytes       
[2026-08-22T02:43:01+02:00] [  5]  10.00-11.00  sec   128 KBytes  1.05 Mbits/sec    0   72.4 KBytes       
[2026-08-22T02:43:01+02:00] [  5]  11.00-12.00  sec   128 KBytes  1.05 Mbits/sec    0   72.4 KBytes       
[2026-08-22T02:43:01+02:00] [  5]  12.00-13.00  sec   128 KBytes  1.05 Mbits/sec    0   73.7 KBytes       
[2026-08-22T02:43:01+02:00] FAILED_CLIENT_LOG_END slot=5 logfile=/tmp/upf_iperf_adaptive_20260822_021535_ue_33/slot_5_attempt_1_ue_7_port_5206.log
[2026-08-22T02:43:01+02:00] UE_SLOT_PROBLEM_DETECTED timestamp=2026-08-22T00:43:00+00:00 active_ues=33 slot=5 attempt=1 ue_idx=7 ue_if=uesimtun7 ue_ip=10.45.1.253 port=5206 reason=rx_stall_5s remaining_s=8
[2026-08-22T02:43:01+02:00] UE_MARKED_PROBLEMATIC timestamp=2026-08-22T00:43:00+00:00 active_ues=33 ue_idx=7 reason=rx_stall_5s scope=scenario_and_global_suspect
[2026-08-22T02:43:01+02:00] UE_SLOT_REPLACE timestamp=2026-08-22T00:43:00+00:00 active_ues=33 slot=5 reason=rx_stall_5s old_attempt=1 old_ue_idx=7 old_ue_if=uesimtun7 old_ue_ip=10.45.1.253 old_port=5206 new_attempt=2 new_ue_idx=36 new_ue_if=uesimtun36 new_ue_ip=10.45.2.20 new_port=5251 remaining_s=8 extension_used_s=0 extension_limit_s=1 candidate_reused_global_suspect=0 replacements_total=1
[2026-08-22T02:43:01+02:00] UE_SLOT_START timestamp=2026-08-22T00:43:00+00:00 active_ues=33 slot=5 attempt=2 ue_idx=36 ue_if=uesimtun36 ue_ip=10.45.2.20 target=192.168.1.211:5251 bitrate=1M duration_s=8 planned_end_epoch=1787359388 timeout_s=18 hard_timeout_epoch=1787359403 start_rx_bytes=0
[2026-08-22T02:43:01+02:00] UE_SLOT_PID timestamp=2026-08-22T00:43:00+00:00 active_ues=33 slot=5 attempt=2 ue_idx=36 pid=55210
[2026-08-22T02:43:02+02:00] UPF_CONTROL_SAMPLE timestamp=2026-08-22T02:42:58+02:00 scenario=ue_33 pod=open5gs-upf-5b9db6d44-nsbqz uid=7b5b8ef7-a2a2-4fe9-a3e1-74acd17bd88f restarts=6 usage_cpu=524m usage_mem=39Mi request_cpu=476m request_mem=250Mi limit_cpu=none limit_mem=none vpa_target_cpu=511m vpa_target_mem=250Mi vpa_uncapped_cpu=511m vpa_uncapped_mem=250Mi vpa_lower_cpu=243m vpa_lower_mem=250Mi vpa_upper_cpu=1500m vpa_upper_mem=512Mi
[2026-08-22T02:43:06+02:00] UPF_CONTROL_SAMPLE timestamp=2026-08-22T02:43:03+02:00 scenario=ue_33 pod=open5gs-upf-5b9db6d44-nsbqz uid=7b5b8ef7-a2a2-4fe9-a3e1-74acd17bd88f restarts=6 usage_cpu=524m usage_mem=39Mi request_cpu=476m request_mem=250Mi limit_cpu=none limit_mem=none vpa_target_cpu=511m vpa_target_mem=250Mi vpa_uncapped_cpu=511m vpa_uncapped_mem=250Mi vpa_lower_cpu=243m vpa_lower_mem=250Mi vpa_upper_cpu=1500m vpa_upper_mem=512Mi
[2026-08-22T02:43:08+02:00] UE_SLOT_DONE timestamp=2026-08-22T00:43:08+00:00 active_ues=33 slot=0 attempt=1 ue_idx=1 ue_if=uesimtun1 ue_ip=10.45.1.247 port=5201 rc=0 replacements_for_slot=0 server_busy_retries_for_slot=0
[2026-08-22T02:43:08+02:00] UE_SLOT_DONE timestamp=2026-08-22T00:43:08+00:00 active_ues=33 slot=1 attempt=1 ue_idx=2 ue_if=uesimtun2 ue_ip=10.45.1.248 port=5202 rc=0 replacements_for_slot=0 server_busy_retries_for_slot=0
[2026-08-22T02:43:08+02:00] UE_SLOT_DONE timestamp=2026-08-22T00:43:08+00:00 active_ues=33 slot=2 attempt=1 ue_idx=3 ue_if=uesimtun3 ue_ip=10.45.1.249 port=5203 rc=0 replacements_for_slot=0 server_busy_retries_for_slot=0
[2026-08-22T02:43:08+02:00] UE_SLOT_DONE timestamp=2026-08-22T00:43:08+00:00 active_ues=33 slot=3 attempt=1 ue_idx=4 ue_if=uesimtun4 ue_ip=10.45.1.250 port=5204 rc=0 replacements_for_slot=0 server_busy_retries_for_slot=0
[2026-08-22T02:43:08+02:00] UE_SLOT_DONE timestamp=2026-08-22T00:43:08+00:00 active_ues=33 slot=4 attempt=1 ue_idx=5 ue_if=uesimtun5 ue_ip=10.45.1.251 port=5205 rc=0 replacements_for_slot=0 server_busy_retries_for_slot=0
[2026-08-22T02:43:10+02:00] UE_SLOT_DONE timestamp=2026-08-22T00:43:10+00:00 active_ues=33 slot=5 attempt=2 ue_idx=36 ue_if=uesimtun36 ue_ip=10.45.2.20 port=5251 rc=0 replacements_for_slot=1 server_busy_retries_for_slot=0
[2026-08-22T02:43:10+02:00] UE_SLOT_DONE timestamp=2026-08-22T00:43:10+00:00 active_ues=33 slot=6 attempt=1 ue_idx=8 ue_if=uesimtun8 ue_ip=10.45.1.254 port=5207 rc=0 replacements_for_slot=0 server_busy_retries_for_slot=0
[2026-08-22T02:43:10+02:00] UE_SLOT_DONE timestamp=2026-08-22T00:43:10+00:00 active_ues=33 slot=7 attempt=1 ue_idx=9 ue_if=uesimtun9 ue_ip=10.45.1.255 port=5208 rc=0 replacements_for_slot=0 server_busy_retries_for_slot=0
[2026-08-22T02:43:10+02:00] UE_SLOT_DONE timestamp=2026-08-22T00:43:10+00:00 active_ues=33 slot=8 attempt=1 ue_idx=10 ue_if=uesimtun10 ue_ip=10.45.2.2 port=5209 rc=0 replacements_for_slot=0 server_busy_retries_for_slot=0
[2026-08-22T02:43:10+02:00] UE_SLOT_DONE timestamp=2026-08-22T00:43:10+00:00 active_ues=33 slot=9 attempt=1 ue_idx=11 ue_if=uesimtun11 ue_ip=10.45.2.22 port=5210 rc=0 replacements_for_slot=0 server_busy_retries_for_slot=0
[2026-08-22T02:43:11+02:00] UE_SLOT_DONE timestamp=2026-08-22T00:43:10+00:00 active_ues=33 slot=10 attempt=1 ue_idx=12 ue_if=uesimtun12 ue_ip=10.45.2.5 port=5211 rc=0 replacements_for_slot=0 server_busy_retries_for_slot=0
[2026-08-22T02:43:11+02:00] UPF_CONTROL_SAMPLE timestamp=2026-08-22T02:43:07+02:00 scenario=ue_33 pod=open5gs-upf-5b9db6d44-nsbqz uid=7b5b8ef7-a2a2-4fe9-a3e1-74acd17bd88f restarts=6 usage_cpu=524m usage_mem=39Mi request_cpu=476m request_mem=250Mi limit_cpu=none limit_mem=none vpa_target_cpu=511m vpa_target_mem=250Mi vpa_uncapped_cpu=511m vpa_uncapped_mem=250Mi vpa_lower_cpu=243m vpa_lower_mem=250Mi vpa_upper_cpu=1500m vpa_upper_mem=512Mi
[2026-08-22T02:43:11+02:00] UE_SLOT_DONE timestamp=2026-08-22T00:43:11+00:00 active_ues=33 slot=11 attempt=1 ue_idx=13 ue_if=uesimtun13 ue_ip=10.45.2.0 port=5212 rc=0 replacements_for_slot=0 server_busy_retries_for_slot=0
[2026-08-22T02:43:11+02:00] UE_SLOT_DONE timestamp=2026-08-22T00:43:11+00:00 active_ues=33 slot=12 attempt=1 ue_idx=14 ue_if=uesimtun14 ue_ip=10.45.2.8 port=5213 rc=0 replacements_for_slot=0 server_busy_retries_for_slot=0
[2026-08-22T02:43:11+02:00] UE_SLOT_DONE timestamp=2026-08-22T00:43:11+00:00 active_ues=33 slot=13 attempt=1 ue_idx=15 ue_if=uesimtun15 ue_ip=10.45.2.6 port=5214 rc=0 replacements_for_slot=0 server_busy_retries_for_slot=0
[2026-08-22T02:43:11+02:00] UE_SLOT_DONE timestamp=2026-08-22T00:43:11+00:00 active_ues=33 slot=14 attempt=1 ue_idx=16 ue_if=uesimtun16 ue_ip=10.45.2.7 port=5215 rc=0 replacements_for_slot=0 server_busy_retries_for_slot=0
[2026-08-22T02:43:11+02:00] UE_SLOT_DONE timestamp=2026-08-22T00:43:11+00:00 active_ues=33 slot=15 attempt=1 ue_idx=17 ue_if=uesimtun17 ue_ip=10.45.2.3 port=5216 rc=0 replacements_for_slot=0 server_busy_retries_for_slot=0
[2026-08-22T02:43:11+02:00] UE_SLOT_DONE timestamp=2026-08-22T00:43:11+00:00 active_ues=33 slot=16 attempt=1 ue_idx=18 ue_if=uesimtun18 ue_ip=10.45.2.13 port=5217 rc=0 replacements_for_slot=0 server_busy_retries_for_slot=0
[2026-08-22T02:43:11+02:00] UE_SLOT_DONE timestamp=2026-08-22T00:43:11+00:00 active_ues=33 slot=17 attempt=1 ue_idx=19 ue_if=uesimtun19 ue_ip=10.45.2.12 port=5218 rc=0 replacements_for_slot=0 server_busy_retries_for_slot=0
[2026-08-22T02:43:12+02:00] UE_SLOT_DONE timestamp=2026-08-22T00:43:12+00:00 active_ues=33 slot=18 attempt=1 ue_idx=20 ue_if=uesimtun20 ue_ip=10.45.2.15 port=5219 rc=0 replacements_for_slot=0 server_busy_retries_for_slot=0
[2026-08-22T02:43:12+02:00] UE_SLOT_DONE timestamp=2026-08-22T00:43:12+00:00 active_ues=33 slot=19 attempt=1 ue_idx=21 ue_if=uesimtun21 ue_ip=10.45.2.17 port=5220 rc=0 replacements_for_slot=0 server_busy_retries_for_slot=0
[2026-08-22T02:43:13+02:00] UE_SLOT_DONE timestamp=2026-08-22T00:43:12+00:00 active_ues=33 slot=20 attempt=1 ue_idx=23 ue_if=uesimtun23 ue_ip=10.45.2.21 port=5221 rc=0 replacements_for_slot=0 server_busy_retries_for_slot=0
[2026-08-22T02:43:13+02:00] UE_SLOT_DONE timestamp=2026-08-22T00:43:12+00:00 active_ues=33 slot=21 attempt=1 ue_idx=24 ue_if=uesimtun24 ue_ip=10.45.2.23 port=5222 rc=0 replacements_for_slot=0 server_busy_retries_for_slot=0
[2026-08-22T02:43:13+02:00] UE_SLOT_DONE timestamp=2026-08-22T00:43:13+00:00 active_ues=33 slot=22 attempt=1 ue_idx=25 ue_if=uesimtun25 ue_ip=10.45.2.27 port=5223 rc=0 replacements_for_slot=0 server_busy_retries_for_slot=0
[2026-08-22T02:43:13+02:00] UE_SLOT_DONE timestamp=2026-08-22T00:43:13+00:00 active_ues=33 slot=23 attempt=1 ue_idx=26 ue_if=uesimtun26 ue_ip=10.45.2.24 port=5224 rc=0 replacements_for_slot=0 server_busy_retries_for_slot=0
[2026-08-22T02:43:13+02:00] UE_SLOT_DONE timestamp=2026-08-22T00:43:13+00:00 active_ues=33 slot=24 attempt=1 ue_idx=27 ue_if=uesimtun27 ue_ip=10.45.2.29 port=5225 rc=0 replacements_for_slot=0 server_busy_retries_for_slot=0
[2026-08-22T02:43:14+02:00] UE_SLOT_DONE timestamp=2026-08-22T00:43:14+00:00 active_ues=33 slot=25 attempt=1 ue_idx=28 ue_if=uesimtun28 ue_ip=10.45.2.4 port=5226 rc=0 replacements_for_slot=0 server_busy_retries_for_slot=0
[2026-08-22T02:43:14+02:00] UE_SLOT_DONE timestamp=2026-08-22T00:43:14+00:00 active_ues=33 slot=26 attempt=1 ue_idx=29 ue_if=uesimtun29 ue_ip=10.45.2.32 port=5227 rc=0 replacements_for_slot=0 server_busy_retries_for_slot=0
[2026-08-22T02:43:14+02:00] UE_SLOT_DONE timestamp=2026-08-22T00:43:14+00:00 active_ues=33 slot=27 attempt=1 ue_idx=30 ue_if=uesimtun30 ue_ip=10.45.2.34 port=5228 rc=0 replacements_for_slot=0 server_busy_retries_for_slot=0
[2026-08-22T02:43:14+02:00] UE_SLOT_DONE timestamp=2026-08-22T00:43:14+00:00 active_ues=33 slot=28 attempt=1 ue_idx=31 ue_if=uesimtun31 ue_ip=10.45.2.36 port=5229 rc=0 replacements_for_slot=0 server_busy_retries_for_slot=0
[2026-08-22T02:43:14+02:00] UE_SLOT_DONE timestamp=2026-08-22T00:43:14+00:00 active_ues=33 slot=29 attempt=1 ue_idx=32 ue_if=uesimtun32 ue_ip=10.45.2.9 port=5230 rc=0 replacements_for_slot=0 server_busy_retries_for_slot=0
[2026-08-22T02:43:15+02:00] UE_SLOT_DONE timestamp=2026-08-22T00:43:15+00:00 active_ues=33 slot=30 attempt=1 ue_idx=33 ue_if=uesimtun33 ue_ip=10.45.2.11 port=5231 rc=0 replacements_for_slot=0 server_busy_retries_for_slot=0
[2026-08-22T02:43:15+02:00] UPF_CONTROL_SAMPLE timestamp=2026-08-22T02:43:12+02:00 scenario=ue_33 pod=open5gs-upf-5b9db6d44-nsbqz uid=7b5b8ef7-a2a2-4fe9-a3e1-74acd17bd88f restarts=6 usage_cpu=530m usage_mem=39Mi request_cpu=476m request_mem=250Mi limit_cpu=none limit_mem=none vpa_target_cpu=511m vpa_target_mem=250Mi vpa_uncapped_cpu=511m vpa_uncapped_mem=250Mi vpa_lower_cpu=243m vpa_lower_mem=250Mi vpa_upper_cpu=1500m vpa_upper_mem=512Mi
[2026-08-22T02:43:15+02:00] UE_SLOT_DONE timestamp=2026-08-22T00:43:15+00:00 active_ues=33 slot=31 attempt=1 ue_idx=34 ue_if=uesimtun34 ue_ip=10.45.2.14 port=5232 rc=0 replacements_for_slot=0 server_busy_retries_for_slot=0
[2026-08-22T02:43:15+02:00] UE_SLOT_DONE timestamp=2026-08-22T00:43:15+00:00 active_ues=33 slot=32 attempt=1 ue_idx=35 ue_if=uesimtun35 ue_ip=10.45.2.16 port=5233 rc=0 replacements_for_slot=0 server_busy_retries_for_slot=0
[2026-08-22T02:43:17+02:00] TRAFFIC_SUMMARY timestamp=2026-08-22T00:43:17+00:00 registered_tunnels=50 active_ues=33 target_slots=33 completed_slots=33 final_failed_slots=0 replacements=1 problematic_ues=1 zombie_ues=1 connect_timeouts=0 stalls=1 deferred_stalls=0 process_failures=0 server_busy_retries=0 server_busy_failures=0 late_timeouts_accepted=0 scenario_bad_ues=1 global_suspect_ues=4 used_ues=34 target_host=192.168.1.211 initial_ports=5201-5233 replacement_ports=5251-5265 bitrate=1M start_delay=0.05 detection=no_rx_counter replacement_min_duration_s=5 adaptive_extension_max_s=1 iperf_exit_grace_s=3 server_busy_retries_limit=1 server_busy_retry_delay_s=2 late_replacement_after_end=disabled wait_for_iperf_exit=until_timeout global_suspect_policy=soft_reuse ramp_supervision=after_initial_start
[2026-08-22T02:43:17+02:00] UE_POOL_SCENARIO_BAD_CURRENT timestamp=2026-08-22T00:43:17+00:00 active_ues=33 indexes=7
[2026-08-22T02:43:17+02:00] UE_POOL_GLOBAL_SUSPECT_CURRENT timestamp=2026-08-22T00:43:17+00:00 active_ues=33 indexes=0,6,7,22
[2026-08-22T02:43:17+02:00] REMOTE_IPERF_PER_UE_END timestamp=2026-08-22T00:43:17+00:00 active_ues=33 tag=ue_33 final_rc=0 completed_slots=33 replacements=1 problematic_ues=1 server_busy_retries=0 deferred_stalls=0 late_timeouts_accepted=0
[2026-08-22T02:43:17+02:00] SCENARIO TRAFFIC COMMAND END timestamp=2026-08-22T02:43:17+02:00 active_ue=33 rc=0
[2026-08-22T02:43:19+02:00] SCENARIO UPF AFTER timestamp=2026-08-22T02:43:19+02:00 active_ue=33 pod=open5gs-upf-5b9db6d44-nsbqz uid=7b5b8ef7-a2a2-4fe9-a3e1-74acd17bd88f restarts=6
[2026-08-22T02:43:19+02:00] SCENARIO END timestamp=2026-08-22T02:43:19+02:00 active_ue=33 rc=0
[2026-08-22T02:43:19+02:00] ================================================================
[2026-08-22T02:43:19+02:00] SCENARIO START timestamp=2026-08-22T02:43:19+02:00 active_ue=35 registered_ue_pool=50 target_host=192.168.1.211 ports=5201-5235 replacement_ports=5251-5265 bitrate_per_ue=1M start_delay=0.05 replacement_min_duration=5 adaptive_extension_max=1
[2026-08-22T02:43:19+02:00] ================================================================
[2026-08-22T02:43:20+02:00] SCENARIO TUNNEL CHECK timestamp=2026-08-22T02:43:20+02:00 active_ue=35 current_tunnels=50 required=50
[2026-08-22T02:43:20+02:00] UPF_CONTROL_SAMPLE timestamp=2026-08-22T02:43:16+02:00 scenario=ue_33 pod=open5gs-upf-5b9db6d44-nsbqz uid=7b5b8ef7-a2a2-4fe9-a3e1-74acd17bd88f restarts=6 usage_cpu=530m usage_mem=39Mi request_cpu=476m request_mem=250Mi limit_cpu=none limit_mem=none vpa_target_cpu=511m vpa_target_mem=250Mi vpa_uncapped_cpu=511m vpa_uncapped_mem=250Mi vpa_lower_cpu=243m vpa_lower_mem=250Mi vpa_upper_cpu=1500m vpa_upper_mem=512Mi
[2026-08-22T02:43:21+02:00] SCENARIO UPF BEFORE timestamp=2026-08-22T02:43:21+02:00 active_ue=35 pod=open5gs-upf-5b9db6d44-nsbqz uid=7b5b8ef7-a2a2-4fe9-a3e1-74acd17bd88f restarts=6
[2026-08-22T02:43:22+02:00] REMOTE_IPERF_PER_UE_START timestamp=2026-08-22T00:43:22+00:00 active_ues=35 tag=ue_35 iperf_host=192.168.1.211 base_port=5201 replacement_base_port=5251 duration=80 bitrate=1M start_delay=0.05 detection=no_rx_counter connect_timeout_s=4 stall_seconds=5 replacement_limit=15 replacement_min_duration_s=5 adaptive_extension_max_s=1 iperf_exit_grace_s=3 server_busy_port_rebinds=1 late_replacement_after_end=disabled wait_for_iperf_exit=until_timeout global_suspect_policy=soft_reuse ramp_supervision=after_initial_start
[2026-08-22T02:43:22+02:00] UE_POOL_STATUS timestamp=2026-08-22T00:43:22+00:00 active_ues=35 registered_tunnels=50 existing_global_suspect_ues=4 used_ues=0 policy=soft_reuse_global_suspects
[2026-08-22T02:43:22+02:00] UE_SLOT_ASSIGN timestamp=2026-08-22T00:43:22+00:00 active_ues=35 slot=0 ue_idx=1 ue_if=uesimtun1 ue_ip=10.45.1.247 candidate_reused_global_suspect=0
[2026-08-22T02:43:23+02:00] UE_SLOT_START timestamp=2026-08-22T00:43:22+00:00 active_ues=35 slot=0 attempt=1 ue_idx=1 ue_if=uesimtun1 ue_ip=10.45.1.247 target=192.168.1.211:5201 bitrate=1M duration_s=80 planned_end_epoch=1787359482 timeout_s=90 hard_timeout_epoch=1787359497 start_rx_bytes=1565198
[2026-08-22T02:43:23+02:00] UE_SLOT_PID timestamp=2026-08-22T00:43:22+00:00 active_ues=35 slot=0 attempt=1 ue_idx=1 pid=55907
[2026-08-22T02:43:23+02:00] UE_SLOT_ASSIGN timestamp=2026-08-22T00:43:23+00:00 active_ues=35 slot=1 ue_idx=2 ue_if=uesimtun2 ue_ip=10.45.1.248 candidate_reused_global_suspect=0
[2026-08-22T02:43:23+02:00] UE_SLOT_START timestamp=2026-08-22T00:43:23+00:00 active_ues=35 slot=1 attempt=1 ue_idx=2 ue_if=uesimtun2 ue_ip=10.45.1.248 target=192.168.1.211:5202 bitrate=1M duration_s=80 planned_end_epoch=1787359483 timeout_s=90 hard_timeout_epoch=1787359498 start_rx_bytes=1585960
[2026-08-22T02:43:23+02:00] UE_SLOT_PID timestamp=2026-08-22T00:43:23+00:00 active_ues=35 slot=1 attempt=1 ue_idx=2 pid=55932
[2026-08-22T02:43:23+02:00] UE_SLOT_ASSIGN timestamp=2026-08-22T00:43:23+00:00 active_ues=35 slot=2 ue_idx=3 ue_if=uesimtun3 ue_ip=10.45.1.249 candidate_reused_global_suspect=0
[2026-08-22T02:43:23+02:00] UE_SLOT_START timestamp=2026-08-22T00:43:23+00:00 active_ues=35 slot=2 attempt=1 ue_idx=3 ue_if=uesimtun3 ue_ip=10.45.1.249 target=192.168.1.211:5203 bitrate=1M duration_s=80 planned_end_epoch=1787359483 timeout_s=90 hard_timeout_epoch=1787359498 start_rx_bytes=1476909
[2026-08-22T02:43:23+02:00] UE_SLOT_PID timestamp=2026-08-22T00:43:23+00:00 active_ues=35 slot=2 attempt=1 ue_idx=3 pid=55957
[2026-08-22T02:43:23+02:00] UE_SLOT_ASSIGN timestamp=2026-08-22T00:43:23+00:00 active_ues=35 slot=3 ue_idx=4 ue_if=uesimtun4 ue_ip=10.45.1.250 candidate_reused_global_suspect=0
[2026-08-22T02:43:23+02:00] UE_SLOT_START timestamp=2026-08-22T00:43:23+00:00 active_ues=35 slot=3 attempt=1 ue_idx=4 ue_if=uesimtun4 ue_ip=10.45.1.250 target=192.168.1.211:5204 bitrate=1M duration_s=80 planned_end_epoch=1787359483 timeout_s=90 hard_timeout_epoch=1787359498 start_rx_bytes=1460708
[2026-08-22T02:43:23+02:00] UE_SLOT_PID timestamp=2026-08-22T00:43:23+00:00 active_ues=35 slot=3 attempt=1 ue_idx=4 pid=55982
[2026-08-22T02:43:23+02:00] UE_SLOT_ASSIGN timestamp=2026-08-22T00:43:23+00:00 active_ues=35 slot=4 ue_idx=5 ue_if=uesimtun5 ue_ip=10.45.1.251 candidate_reused_global_suspect=0
[2026-08-22T02:43:23+02:00] UE_SLOT_START timestamp=2026-08-22T00:43:23+00:00 active_ues=35 slot=4 attempt=1 ue_idx=5 ue_if=uesimtun5 ue_ip=10.45.1.251 target=192.168.1.211:5205 bitrate=1M duration_s=80 planned_end_epoch=1787359483 timeout_s=90 hard_timeout_epoch=1787359498 start_rx_bytes=1368239
[2026-08-22T02:43:24+02:00] UE_SLOT_PID timestamp=2026-08-22T00:43:23+00:00 active_ues=35 slot=4 attempt=1 ue_idx=5 pid=56007
[2026-08-22T02:43:24+02:00] UE_SLOT_ASSIGN timestamp=2026-08-22T00:43:24+00:00 active_ues=35 slot=5 ue_idx=8 ue_if=uesimtun8 ue_ip=10.45.1.254 candidate_reused_global_suspect=0
[2026-08-22T02:43:24+02:00] UE_SLOT_START timestamp=2026-08-22T00:43:24+00:00 active_ues=35 slot=5 attempt=1 ue_idx=8 ue_if=uesimtun8 ue_ip=10.45.1.254 target=192.168.1.211:5206 bitrate=1M duration_s=80 planned_end_epoch=1787359484 timeout_s=90 hard_timeout_epoch=1787359499 start_rx_bytes=1264401
[2026-08-22T02:43:24+02:00] UE_SLOT_PID timestamp=2026-08-22T00:43:24+00:00 active_ues=35 slot=5 attempt=1 ue_idx=8 pid=56032
[2026-08-22T02:43:24+02:00] UE_SLOT_ASSIGN timestamp=2026-08-22T00:43:24+00:00 active_ues=35 slot=6 ue_idx=9 ue_if=uesimtun9 ue_ip=10.45.1.255 candidate_reused_global_suspect=0
[2026-08-22T02:43:24+02:00] UE_SLOT_START timestamp=2026-08-22T00:43:24+00:00 active_ues=35 slot=6 attempt=1 ue_idx=9 ue_if=uesimtun9 ue_ip=10.45.1.255 target=192.168.1.211:5207 bitrate=1M duration_s=80 planned_end_epoch=1787359484 timeout_s=90 hard_timeout_epoch=1787359499 start_rx_bytes=1202065
[2026-08-22T02:43:24+02:00] UE_SLOT_PID timestamp=2026-08-22T00:43:24+00:00 active_ues=35 slot=6 attempt=1 ue_idx=9 pid=56057
[2026-08-22T02:43:24+02:00] UE_SLOT_ASSIGN timestamp=2026-08-22T00:43:24+00:00 active_ues=35 slot=7 ue_idx=10 ue_if=uesimtun10 ue_ip=10.45.2.2 candidate_reused_global_suspect=0
[2026-08-22T02:43:24+02:00] UE_SLOT_START timestamp=2026-08-22T00:43:24+00:00 active_ues=35 slot=7 attempt=1 ue_idx=10 ue_if=uesimtun10 ue_ip=10.45.2.2 target=192.168.1.211:5208 bitrate=1M duration_s=80 planned_end_epoch=1787359484 timeout_s=90 hard_timeout_epoch=1787359499 start_rx_bytes=1209824
[2026-08-22T02:43:24+02:00] UE_SLOT_PID timestamp=2026-08-22T00:43:24+00:00 active_ues=35 slot=7 attempt=1 ue_idx=10 pid=56082
[2026-08-22T02:43:24+02:00] UE_SLOT_ASSIGN timestamp=2026-08-22T00:43:24+00:00 active_ues=35 slot=8 ue_idx=11 ue_if=uesimtun11 ue_ip=10.45.2.22 candidate_reused_global_suspect=0
[2026-08-22T02:43:24+02:00] UE_SLOT_START timestamp=2026-08-22T00:43:24+00:00 active_ues=35 slot=8 attempt=1 ue_idx=11 ue_if=uesimtun11 ue_ip=10.45.2.22 target=192.168.1.211:5209 bitrate=1M duration_s=80 planned_end_epoch=1787359484 timeout_s=90 hard_timeout_epoch=1787359499 start_rx_bytes=1098611
[2026-08-22T02:43:24+02:00] UE_SLOT_PID timestamp=2026-08-22T00:43:24+00:00 active_ues=35 slot=8 attempt=1 ue_idx=11 pid=56107
[2026-08-22T02:43:25+02:00] UE_SLOT_ASSIGN timestamp=2026-08-22T00:43:24+00:00 active_ues=35 slot=9 ue_idx=12 ue_if=uesimtun12 ue_ip=10.45.2.5 candidate_reused_global_suspect=0
[2026-08-22T02:43:25+02:00] UE_SLOT_START timestamp=2026-08-22T00:43:25+00:00 active_ues=35 slot=9 attempt=1 ue_idx=12 ue_if=uesimtun12 ue_ip=10.45.2.5 target=192.168.1.211:5210 bitrate=1M duration_s=80 planned_end_epoch=1787359484 timeout_s=90 hard_timeout_epoch=1787359499 start_rx_bytes=1088968
[2026-08-22T02:43:25+02:00] UE_SLOT_PID timestamp=2026-08-22T00:43:25+00:00 active_ues=35 slot=9 attempt=1 ue_idx=12 pid=56132
[2026-08-22T02:43:25+02:00] UE_SLOT_ASSIGN timestamp=2026-08-22T00:43:25+00:00 active_ues=35 slot=10 ue_idx=13 ue_if=uesimtun13 ue_ip=10.45.2.0 candidate_reused_global_suspect=0
[2026-08-22T02:43:25+02:00] UE_SLOT_START timestamp=2026-08-22T00:43:25+00:00 active_ues=35 slot=10 attempt=1 ue_idx=13 ue_if=uesimtun13 ue_ip=10.45.2.0 target=192.168.1.211:5211 bitrate=1M duration_s=80 planned_end_epoch=1787359485 timeout_s=90 hard_timeout_epoch=1787359500 start_rx_bytes=993945
[2026-08-22T02:43:25+02:00] UE_SLOT_PID timestamp=2026-08-22T00:43:25+00:00 active_ues=35 slot=10 attempt=1 ue_idx=13 pid=56157
[2026-08-22T02:43:25+02:00] UE_SLOT_ASSIGN timestamp=2026-08-22T00:43:25+00:00 active_ues=35 slot=11 ue_idx=14 ue_if=uesimtun14 ue_ip=10.45.2.8 candidate_reused_global_suspect=0
[2026-08-22T02:43:25+02:00] UPF_CONTROL_SAMPLE timestamp=2026-08-22T02:43:21+02:00 scenario=ue_35 pod=open5gs-upf-5b9db6d44-nsbqz uid=7b5b8ef7-a2a2-4fe9-a3e1-74acd17bd88f restarts=6 usage_cpu=530m usage_mem=39Mi request_cpu=476m request_mem=250Mi limit_cpu=none limit_mem=none vpa_target_cpu=511m vpa_target_mem=250Mi vpa_uncapped_cpu=511m vpa_uncapped_mem=250Mi vpa_lower_cpu=243m vpa_lower_mem=250Mi vpa_upper_cpu=1500m vpa_upper_mem=512Mi
[2026-08-22T02:43:25+02:00] UE_SLOT_START timestamp=2026-08-22T00:43:25+00:00 active_ues=35 slot=11 attempt=1 ue_idx=14 ue_if=uesimtun14 ue_ip=10.45.2.8 target=192.168.1.211:5212 bitrate=1M duration_s=80 planned_end_epoch=1787359485 timeout_s=90 hard_timeout_epoch=1787359500 start_rx_bytes=1034814
[2026-08-22T02:43:25+02:00] UE_SLOT_PID timestamp=2026-08-22T00:43:25+00:00 active_ues=35 slot=11 attempt=1 ue_idx=14 pid=56182
[2026-08-22T02:43:25+02:00] UE_SLOT_ASSIGN timestamp=2026-08-22T00:43:25+00:00 active_ues=35 slot=12 ue_idx=15 ue_if=uesimtun15 ue_ip=10.45.2.6 candidate_reused_global_suspect=0
[2026-08-22T02:43:25+02:00] UE_SLOT_START timestamp=2026-08-22T00:43:25+00:00 active_ues=35 slot=12 attempt=1 ue_idx=15 ue_if=uesimtun15 ue_ip=10.45.2.6 target=192.168.1.211:5213 bitrate=1M duration_s=80 planned_end_epoch=1787359485 timeout_s=90 hard_timeout_epoch=1787359500 start_rx_bytes=920953
[2026-08-22T02:43:25+02:00] UE_SLOT_PID timestamp=2026-08-22T00:43:25+00:00 active_ues=35 slot=12 attempt=1 ue_idx=15 pid=56207
[2026-08-22T02:43:26+02:00] UE_SLOT_ASSIGN timestamp=2026-08-22T00:43:25+00:00 active_ues=35 slot=13 ue_idx=16 ue_if=uesimtun16 ue_ip=10.45.2.7 candidate_reused_global_suspect=0
[2026-08-22T02:43:26+02:00] UE_SLOT_START timestamp=2026-08-22T00:43:26+00:00 active_ues=35 slot=13 attempt=1 ue_idx=16 ue_if=uesimtun16 ue_ip=10.45.2.7 target=192.168.1.211:5214 bitrate=1M duration_s=80 planned_end_epoch=1787359485 timeout_s=90 hard_timeout_epoch=1787359500 start_rx_bytes=909799
[2026-08-22T02:43:26+02:00] UE_SLOT_PID timestamp=2026-08-22T00:43:26+00:00 active_ues=35 slot=13 attempt=1 ue_idx=16 pid=56232
[2026-08-22T02:43:26+02:00] UE_SLOT_ASSIGN timestamp=2026-08-22T00:43:26+00:00 active_ues=35 slot=14 ue_idx=17 ue_if=uesimtun17 ue_ip=10.45.2.3 candidate_reused_global_suspect=0
[2026-08-22T02:43:26+02:00] UE_SLOT_START timestamp=2026-08-22T00:43:26+00:00 active_ues=35 slot=14 attempt=1 ue_idx=17 ue_if=uesimtun17 ue_ip=10.45.2.3 target=192.168.1.211:5215 bitrate=1M duration_s=80 planned_end_epoch=1787359486 timeout_s=90 hard_timeout_epoch=1787359501 start_rx_bytes=827454
[2026-08-22T02:43:26+02:00] UE_SLOT_PID timestamp=2026-08-22T00:43:26+00:00 active_ues=35 slot=14 attempt=1 ue_idx=17 pid=56257
[2026-08-22T02:43:26+02:00] UE_SLOT_ASSIGN timestamp=2026-08-22T00:43:26+00:00 active_ues=35 slot=15 ue_idx=18 ue_if=uesimtun18 ue_ip=10.45.2.13 candidate_reused_global_suspect=0
[2026-08-22T02:43:26+02:00] UE_SLOT_START timestamp=2026-08-22T00:43:26+00:00 active_ues=35 slot=15 attempt=1 ue_idx=18 ue_if=uesimtun18 ue_ip=10.45.2.13 target=192.168.1.211:5216 bitrate=1M duration_s=80 planned_end_epoch=1787359486 timeout_s=90 hard_timeout_epoch=1787359501 start_rx_bytes=824555
[2026-08-22T02:43:26+02:00] UE_SLOT_PID timestamp=2026-08-22T00:43:26+00:00 active_ues=35 slot=15 attempt=1 ue_idx=18 pid=56282
[2026-08-22T02:43:26+02:00] UE_SLOT_ASSIGN timestamp=2026-08-22T00:43:26+00:00 active_ues=35 slot=16 ue_idx=19 ue_if=uesimtun19 ue_ip=10.45.2.12 candidate_reused_global_suspect=0
[2026-08-22T02:43:26+02:00] UE_SLOT_START timestamp=2026-08-22T00:43:26+00:00 active_ues=35 slot=16 attempt=1 ue_idx=19 ue_if=uesimtun19 ue_ip=10.45.2.12 target=192.168.1.211:5217 bitrate=1M duration_s=80 planned_end_epoch=1787359486 timeout_s=90 hard_timeout_epoch=1787359501 start_rx_bytes=734787
[2026-08-22T02:43:26+02:00] UE_SLOT_PID timestamp=2026-08-22T00:43:26+00:00 active_ues=35 slot=16 attempt=1 ue_idx=19 pid=56307
[2026-08-22T02:43:27+02:00] UE_SLOT_ASSIGN timestamp=2026-08-22T00:43:26+00:00 active_ues=35 slot=17 ue_idx=20 ue_if=uesimtun20 ue_ip=10.45.2.15 candidate_reused_global_suspect=0
[2026-08-22T02:43:27+02:00] UE_SLOT_START timestamp=2026-08-22T00:43:27+00:00 active_ues=35 slot=17 attempt=1 ue_idx=20 ue_if=uesimtun20 ue_ip=10.45.2.15 target=192.168.1.211:5218 bitrate=1M duration_s=80 planned_end_epoch=1787359486 timeout_s=90 hard_timeout_epoch=1787359501 start_rx_bytes=739982
[2026-08-22T02:43:27+02:00] UE_SLOT_PID timestamp=2026-08-22T00:43:27+00:00 active_ues=35 slot=17 attempt=1 ue_idx=20 pid=56332
[2026-08-22T02:43:27+02:00] UE_SLOT_ASSIGN timestamp=2026-08-22T00:43:27+00:00 active_ues=35 slot=18 ue_idx=21 ue_if=uesimtun21 ue_ip=10.45.2.17 candidate_reused_global_suspect=0
[2026-08-22T02:43:27+02:00] UE_SLOT_START timestamp=2026-08-22T00:43:27+00:00 active_ues=35 slot=18 attempt=1 ue_idx=21 ue_if=uesimtun21 ue_ip=10.45.2.17 target=192.168.1.211:5219 bitrate=1M duration_s=80 planned_end_epoch=1787359487 timeout_s=90 hard_timeout_epoch=1787359502 start_rx_bytes=643336
[2026-08-22T02:43:27+02:00] UE_SLOT_PID timestamp=2026-08-22T00:43:27+00:00 active_ues=35 slot=18 attempt=1 ue_idx=21 pid=56357
[2026-08-22T02:43:27+02:00] UE_SLOT_ASSIGN timestamp=2026-08-22T00:43:27+00:00 active_ues=35 slot=19 ue_idx=23 ue_if=uesimtun23 ue_ip=10.45.2.21 candidate_reused_global_suspect=0
[2026-08-22T02:43:27+02:00] UE_SLOT_START timestamp=2026-08-22T00:43:27+00:00 active_ues=35 slot=19 attempt=1 ue_idx=23 ue_if=uesimtun23 ue_ip=10.45.2.21 target=192.168.1.211:5220 bitrate=1M duration_s=80 planned_end_epoch=1787359487 timeout_s=90 hard_timeout_epoch=1787359502 start_rx_bytes=555338
[2026-08-22T02:43:27+02:00] UE_SLOT_PID timestamp=2026-08-22T00:43:27+00:00 active_ues=35 slot=19 attempt=1 ue_idx=23 pid=56382
[2026-08-22T02:43:27+02:00] UE_SLOT_ASSIGN timestamp=2026-08-22T00:43:27+00:00 active_ues=35 slot=20 ue_idx=24 ue_if=uesimtun24 ue_ip=10.45.2.23 candidate_reused_global_suspect=0
[2026-08-22T02:43:27+02:00] UE_SLOT_START timestamp=2026-08-22T00:43:27+00:00 active_ues=35 slot=20 attempt=1 ue_idx=24 ue_if=uesimtun24 ue_ip=10.45.2.23 target=192.168.1.211:5221 bitrate=1M duration_s=80 planned_end_epoch=1787359487 timeout_s=90 hard_timeout_epoch=1787359502 start_rx_bytes=549106
[2026-08-22T02:43:27+02:00] UE_SLOT_PID timestamp=2026-08-22T00:43:27+00:00 active_ues=35 slot=20 attempt=1 ue_idx=24 pid=56407
[2026-08-22T02:43:28+02:00] UE_SLOT_ASSIGN timestamp=2026-08-22T00:43:28+00:00 active_ues=35 slot=21 ue_idx=25 ue_if=uesimtun25 ue_ip=10.45.2.27 candidate_reused_global_suspect=0
[2026-08-22T02:43:28+02:00] UE_SLOT_START timestamp=2026-08-22T00:43:28+00:00 active_ues=35 slot=21 attempt=1 ue_idx=25 ue_if=uesimtun25 ue_ip=10.45.2.27 target=192.168.1.211:5222 bitrate=1M duration_s=80 planned_end_epoch=1787359487 timeout_s=90 hard_timeout_epoch=1787359503 start_rx_bytes=533593
[2026-08-22T02:43:28+02:00] UE_SLOT_PID timestamp=2026-08-22T00:43:28+00:00 active_ues=35 slot=21 attempt=1 ue_idx=25 pid=56432
[2026-08-22T02:43:28+02:00] UE_SLOT_ASSIGN timestamp=2026-08-22T00:43:28+00:00 active_ues=35 slot=22 ue_idx=26 ue_if=uesimtun26 ue_ip=10.45.2.24 candidate_reused_global_suspect=0
[2026-08-22T02:43:28+02:00] UE_SLOT_START timestamp=2026-08-22T00:43:28+00:00 active_ues=35 slot=22 attempt=1 ue_idx=26 ue_if=uesimtun26 ue_ip=10.45.2.24 target=192.168.1.211:5223 bitrate=1M duration_s=80 planned_end_epoch=1787359488 timeout_s=90 hard_timeout_epoch=1787359503 start_rx_bytes=433246
[2026-08-22T02:43:28+02:00] UE_SLOT_PID timestamp=2026-08-22T00:43:28+00:00 active_ues=35 slot=22 attempt=1 ue_idx=26 pid=56457
[2026-08-22T02:43:28+02:00] UPF_CONTROL_SAMPLE timestamp=2026-08-22T02:43:26+02:00 scenario=ue_35 pod=open5gs-upf-5b9db6d44-nsbqz uid=7b5b8ef7-a2a2-4fe9-a3e1-74acd17bd88f restarts=6 usage_cpu=119m usage_mem=38Mi request_cpu=476m request_mem=250Mi limit_cpu=none limit_mem=none vpa_target_cpu=511m vpa_target_mem=250Mi vpa_uncapped_cpu=511m vpa_uncapped_mem=250Mi vpa_lower_cpu=243m vpa_lower_mem=250Mi vpa_upper_cpu=1500m vpa_upper_mem=512Mi
[2026-08-22T02:43:28+02:00] UE_SLOT_ASSIGN timestamp=2026-08-22T00:43:28+00:00 active_ues=35 slot=23 ue_idx=27 ue_if=uesimtun27 ue_ip=10.45.2.29 candidate_reused_global_suspect=0
[2026-08-22T02:43:28+02:00] UE_SLOT_START timestamp=2026-08-22T00:43:28+00:00 active_ues=35 slot=23 attempt=1 ue_idx=27 ue_if=uesimtun27 ue_ip=10.45.2.29 target=192.168.1.211:5224 bitrate=1M duration_s=80 planned_end_epoch=1787359488 timeout_s=90 hard_timeout_epoch=1787359503 start_rx_bytes=428526
[2026-08-22T02:43:28+02:00] UE_SLOT_PID timestamp=2026-08-22T00:43:28+00:00 active_ues=35 slot=23 attempt=1 ue_idx=27 pid=56482
[2026-08-22T02:43:28+02:00] UE_SLOT_ASSIGN timestamp=2026-08-22T00:43:28+00:00 active_ues=35 slot=24 ue_idx=28 ue_if=uesimtun28 ue_ip=10.45.2.4 candidate_reused_global_suspect=0
[2026-08-22T02:43:28+02:00] UE_SLOT_START timestamp=2026-08-22T00:43:28+00:00 active_ues=35 slot=24 attempt=1 ue_idx=28 ue_if=uesimtun28 ue_ip=10.45.2.4 target=192.168.1.211:5225 bitrate=1M duration_s=80 planned_end_epoch=1787359488 timeout_s=90 hard_timeout_epoch=1787359503 start_rx_bytes=330962
[2026-08-22T02:43:28+02:00] UE_SLOT_PID timestamp=2026-08-22T00:43:28+00:00 active_ues=35 slot=24 attempt=1 ue_idx=28 pid=56507
[2026-08-22T02:43:29+02:00] UE_SLOT_ASSIGN timestamp=2026-08-22T00:43:29+00:00 active_ues=35 slot=25 ue_idx=29 ue_if=uesimtun29 ue_ip=10.45.2.32 candidate_reused_global_suspect=0
[2026-08-22T02:43:29+02:00] UE_SLOT_START timestamp=2026-08-22T00:43:29+00:00 active_ues=35 slot=25 attempt=1 ue_idx=29 ue_if=uesimtun29 ue_ip=10.45.2.32 target=192.168.1.211:5226 bitrate=1M duration_s=80 planned_end_epoch=1787359489 timeout_s=90 hard_timeout_epoch=1787359504 start_rx_bytes=356820
[2026-08-22T02:43:29+02:00] UE_SLOT_PID timestamp=2026-08-22T00:43:29+00:00 active_ues=35 slot=25 attempt=1 ue_idx=29 pid=56532
[2026-08-22T02:43:29+02:00] UE_SLOT_ASSIGN timestamp=2026-08-22T00:43:29+00:00 active_ues=35 slot=26 ue_idx=30 ue_if=uesimtun30 ue_ip=10.45.2.34 candidate_reused_global_suspect=0
[2026-08-22T02:43:29+02:00] UE_SLOT_START timestamp=2026-08-22T00:43:29+00:00 active_ues=35 slot=26 attempt=1 ue_idx=30 ue_if=uesimtun30 ue_ip=10.45.2.34 target=192.168.1.211:5227 bitrate=1M duration_s=80 planned_end_epoch=1787359489 timeout_s=90 hard_timeout_epoch=1787359504 start_rx_bytes=308638
[2026-08-22T02:43:29+02:00] UE_SLOT_PID timestamp=2026-08-22T00:43:29+00:00 active_ues=35 slot=26 attempt=1 ue_idx=30 pid=56557
[2026-08-22T02:43:29+02:00] UE_SLOT_ASSIGN timestamp=2026-08-22T00:43:29+00:00 active_ues=35 slot=27 ue_idx=31 ue_if=uesimtun31 ue_ip=10.45.2.36 candidate_reused_global_suspect=0
[2026-08-22T02:43:29+02:00] UE_SLOT_START timestamp=2026-08-22T00:43:29+00:00 active_ues=35 slot=27 attempt=1 ue_idx=31 ue_if=uesimtun31 ue_ip=10.45.2.36 target=192.168.1.211:5228 bitrate=1M duration_s=80 planned_end_epoch=1787359489 timeout_s=90 hard_timeout_epoch=1787359504 start_rx_bytes=346624
[2026-08-22T02:43:29+02:00] UE_SLOT_PID timestamp=2026-08-22T00:43:29+00:00 active_ues=35 slot=27 attempt=1 ue_idx=31 pid=56582
[2026-08-22T02:43:29+02:00] UE_SLOT_ASSIGN timestamp=2026-08-22T00:43:29+00:00 active_ues=35 slot=28 ue_idx=32 ue_if=uesimtun32 ue_ip=10.45.2.9 candidate_reused_global_suspect=0
[2026-08-22T02:43:30+02:00] UE_SLOT_START timestamp=2026-08-22T00:43:30+00:00 active_ues=35 slot=28 attempt=1 ue_idx=32 ue_if=uesimtun32 ue_ip=10.45.2.9 target=192.168.1.211:5229 bitrate=1M duration_s=80 planned_end_epoch=1787359489 timeout_s=90 hard_timeout_epoch=1787359504 start_rx_bytes=225346
[2026-08-22T02:43:30+02:00] UE_SLOT_PID timestamp=2026-08-22T00:43:30+00:00 active_ues=35 slot=28 attempt=1 ue_idx=32 pid=56607
[2026-08-22T02:43:30+02:00] UE_SLOT_ASSIGN timestamp=2026-08-22T00:43:30+00:00 active_ues=35 slot=29 ue_idx=33 ue_if=uesimtun33 ue_ip=10.45.2.11 candidate_reused_global_suspect=0
[2026-08-22T02:43:30+02:00] UE_SLOT_START timestamp=2026-08-22T00:43:30+00:00 active_ues=35 slot=29 attempt=1 ue_idx=33 ue_if=uesimtun33 ue_ip=10.45.2.11 target=192.168.1.211:5230 bitrate=1M duration_s=80 planned_end_epoch=1787359490 timeout_s=90 hard_timeout_epoch=1787359505 start_rx_bytes=227756
[2026-08-22T02:43:30+02:00] UE_SLOT_PID timestamp=2026-08-22T00:43:30+00:00 active_ues=35 slot=29 attempt=1 ue_idx=33 pid=56632
[2026-08-22T02:43:30+02:00] UE_SLOT_ASSIGN timestamp=2026-08-22T00:43:30+00:00 active_ues=35 slot=30 ue_idx=34 ue_if=uesimtun34 ue_ip=10.45.2.14 candidate_reused_global_suspect=0
[2026-08-22T02:43:30+02:00] UE_SLOT_START timestamp=2026-08-22T00:43:30+00:00 active_ues=35 slot=30 attempt=1 ue_idx=34 ue_if=uesimtun34 ue_ip=10.45.2.14 target=192.168.1.211:5231 bitrate=1M duration_s=80 planned_end_epoch=1787359490 timeout_s=90 hard_timeout_epoch=1787359505 start_rx_bytes=114982
[2026-08-22T02:43:30+02:00] UE_SLOT_PID timestamp=2026-08-22T00:43:30+00:00 active_ues=35 slot=30 attempt=1 ue_idx=34 pid=56657
[2026-08-22T02:43:30+02:00] UPF_CONTROL_SAMPLE timestamp=2026-08-22T02:43:29+02:00 scenario=ue_35 pod=open5gs-upf-5b9db6d44-nsbqz uid=7b5b8ef7-a2a2-4fe9-a3e1-74acd17bd88f restarts=6 usage_cpu=119m usage_mem=38Mi request_cpu=476m request_mem=250Mi limit_cpu=none limit_mem=none vpa_target_cpu=511m vpa_target_mem=250Mi vpa_uncapped_cpu=511m vpa_uncapped_mem=250Mi vpa_lower_cpu=243m vpa_lower_mem=250Mi vpa_upper_cpu=1500m vpa_upper_mem=512Mi
[2026-08-22T02:43:30+02:00] UE_SLOT_ASSIGN timestamp=2026-08-22T00:43:30+00:00 active_ues=35 slot=31 ue_idx=35 ue_if=uesimtun35 ue_ip=10.45.2.16 candidate_reused_global_suspect=0
[2026-08-22T02:43:31+02:00] UE_SLOT_START timestamp=2026-08-22T00:43:31+00:00 active_ues=35 slot=31 attempt=1 ue_idx=35 ue_if=uesimtun35 ue_ip=10.45.2.16 target=192.168.1.211:5232 bitrate=1M duration_s=80 planned_end_epoch=1787359490 timeout_s=90 hard_timeout_epoch=1787359505 start_rx_bytes=126160
[2026-08-22T02:43:31+02:00] UE_SLOT_PID timestamp=2026-08-22T00:43:31+00:00 active_ues=35 slot=31 attempt=1 ue_idx=35 pid=56682
[2026-08-22T02:43:31+02:00] UE_SLOT_ASSIGN timestamp=2026-08-22T00:43:31+00:00 active_ues=35 slot=32 ue_idx=36 ue_if=uesimtun36 ue_ip=10.45.2.20 candidate_reused_global_suspect=0
[2026-08-22T02:43:31+02:00] UE_SLOT_START timestamp=2026-08-22T00:43:31+00:00 active_ues=35 slot=32 attempt=1 ue_idx=36 ue_if=uesimtun36 ue_ip=10.45.2.20 target=192.168.1.211:5233 bitrate=1M duration_s=80 planned_end_epoch=1787359491 timeout_s=90 hard_timeout_epoch=1787359506 start_rx_bytes=12348
[2026-08-22T02:43:31+02:00] UE_SLOT_PID timestamp=2026-08-22T00:43:31+00:00 active_ues=35 slot=32 attempt=1 ue_idx=36 pid=56707
[2026-08-22T02:43:31+02:00] UE_SLOT_ASSIGN timestamp=2026-08-22T00:43:31+00:00 active_ues=35 slot=33 ue_idx=37 ue_if=uesimtun37 ue_ip=10.45.2.25 candidate_reused_global_suspect=0
[2026-08-22T02:43:31+02:00] UE_SLOT_START timestamp=2026-08-22T00:43:31+00:00 active_ues=35 slot=33 attempt=1 ue_idx=37 ue_if=uesimtun37 ue_ip=10.45.2.25 target=192.168.1.211:5234 bitrate=1M duration_s=80 planned_end_epoch=1787359491 timeout_s=90 hard_timeout_epoch=1787359506 start_rx_bytes=0
[2026-08-22T02:43:31+02:00] UE_SLOT_PID timestamp=2026-08-22T00:43:31+00:00 active_ues=35 slot=33 attempt=1 ue_idx=37 pid=56732
[2026-08-22T02:43:31+02:00] UE_SLOT_ASSIGN timestamp=2026-08-22T00:43:31+00:00 active_ues=35 slot=34 ue_idx=38 ue_if=uesimtun38 ue_ip=10.45.2.28 candidate_reused_global_suspect=0
[2026-08-22T02:43:32+02:00] UE_SLOT_START timestamp=2026-08-22T00:43:32+00:00 active_ues=35 slot=34 attempt=1 ue_idx=38 ue_if=uesimtun38 ue_ip=10.45.2.28 target=192.168.1.211:5235 bitrate=1M duration_s=80 planned_end_epoch=1787359491 timeout_s=90 hard_timeout_epoch=1787359506 start_rx_bytes=0
[2026-08-22T02:43:32+02:00] UE_SLOT_PID timestamp=2026-08-22T00:43:32+00:00 active_ues=35 slot=34 attempt=1 ue_idx=38 pid=56757
[2026-08-22T02:43:32+02:00] IPERF_MAPPING_SUMMARY timestamp=2026-08-22T00:43:32+00:00 active_ues=35 registered_tunnels=50 initial_ports=5201-5235 replacement_ports=5251-5265 bitrate=1M start_delay=0.05 detection=no_rx_counter replacement_min_duration_s=5 adaptive_extension_max_s=1 iperf_exit_grace_s=3 server_busy_port_rebinds=1 late_replacement_after_end=disabled wait_for_iperf_exit=until_timeout global_suspect_policy=soft_reuse ramp_supervision=after_initial_start
[2026-08-22T02:43:32+02:00] UE_SLOT_PROCESS_FAILURE timestamp=2026-08-22T00:43:32+00:00 active_ues=35 slot=5 attempt=1 ue_idx=8 ue_if=uesimtun8 ue_ip=10.45.1.254 port=5206 rc=1 elapsed_s=8 end_overrun_s=-72
[2026-08-22T02:43:32+02:00] FAILED_CLIENT_LOG_BEGIN slot=5 logfile=/tmp/upf_iperf_adaptive_20260822_021535_ue_35/slot_5_attempt_1_ue_8_port_5206.log
[2026-08-22T02:43:32+02:00] iperf3: error - the server is busy running a test. try again later
[2026-08-22T02:43:32+02:00] FAILED_CLIENT_LOG_END slot=5 logfile=/tmp/upf_iperf_adaptive_20260822_021535_ue_35/slot_5_attempt_1_ue_8_port_5206.log
[2026-08-22T02:43:32+02:00] UE_SLOT_SERVER_BUSY_PORT_REBIND timestamp=2026-08-22T00:43:32+00:00 active_ues=35 slot=5 ue_idx=8 ue_if=uesimtun8 ue_ip=10.45.1.254 old_port=5206 new_port=5251 rebind=1 limit=1 remaining_s=72 note=same_ue_no_blacklist_no_ue_replacement
[2026-08-22T02:43:32+02:00] UPF_CONTROL_SAMPLE timestamp=2026-08-22T02:43:31+02:00 scenario=ue_35 pod=open5gs-upf-5b9db6d44-nsbqz uid=7b5b8ef7-a2a2-4fe9-a3e1-74acd17bd88f restarts=6 usage_cpu=119m usage_mem=38Mi request_cpu=476m request_mem=250Mi limit_cpu=none limit_mem=none vpa_target_cpu=511m vpa_target_mem=250Mi vpa_uncapped_cpu=511m vpa_uncapped_mem=250Mi vpa_lower_cpu=243m vpa_lower_mem=250Mi vpa_upper_cpu=1500m vpa_upper_mem=512Mi
[2026-08-22T02:43:33+02:00] UE_SLOT_START timestamp=2026-08-22T00:43:32+00:00 active_ues=35 slot=5 attempt=2 ue_idx=8 ue_if=uesimtun8 ue_ip=10.45.1.254 target=192.168.1.211:5251 bitrate=1M duration_s=72 planned_end_epoch=1787359484 timeout_s=82 hard_timeout_epoch=1787359499 start_rx_bytes=1264618
[2026-08-22T02:43:33+02:00] UE_SLOT_PID timestamp=2026-08-22T00:43:33+00:00 active_ues=35 slot=5 attempt=2 ue_idx=8 pid=56800
[2026-08-22T02:43:35+02:00] UPF_CONTROL_SAMPLE timestamp=2026-08-22T02:43:34+02:00 scenario=ue_35 pod=open5gs-upf-5b9db6d44-nsbqz uid=7b5b8ef7-a2a2-4fe9-a3e1-74acd17bd88f restarts=6 usage_cpu=119m usage_mem=38Mi request_cpu=476m request_mem=250Mi limit_cpu=none limit_mem=none vpa_target_cpu=511m vpa_target_mem=250Mi vpa_uncapped_cpu=511m vpa_uncapped_mem=250Mi vpa_lower_cpu=243m vpa_lower_mem=250Mi vpa_upper_cpu=1500m vpa_upper_mem=512Mi
[2026-08-22T02:43:38+02:00] UPF_CONTROL_SAMPLE timestamp=2026-08-22T02:43:36+02:00 scenario=ue_35 pod=open5gs-upf-5b9db6d44-nsbqz uid=7b5b8ef7-a2a2-4fe9-a3e1-74acd17bd88f restarts=6 usage_cpu=119m usage_mem=38Mi request_cpu=476m request_mem=250Mi limit_cpu=none limit_mem=none vpa_target_cpu=511m vpa_target_mem=250Mi vpa_uncapped_cpu=511m vpa_uncapped_mem=250Mi vpa_lower_cpu=243m vpa_lower_mem=250Mi vpa_upper_cpu=1500m vpa_upper_mem=512Mi
[2026-08-22T02:43:42+02:00] UPF_CONTROL_SAMPLE timestamp=2026-08-22T02:43:39+02:00 scenario=ue_35 pod=open5gs-upf-5b9db6d44-nsbqz uid=7b5b8ef7-a2a2-4fe9-a3e1-74acd17bd88f restarts=6 usage_cpu=394m usage_mem=39Mi request_cpu=476m request_mem=250Mi limit_cpu=none limit_mem=none vpa_target_cpu=511m vpa_target_mem=250Mi vpa_uncapped_cpu=511m vpa_uncapped_mem=250Mi vpa_lower_cpu=243m vpa_lower_mem=250Mi vpa_upper_cpu=1500m vpa_upper_mem=512Mi
[2026-08-22T02:43:46+02:00] UPF_CONTROL_SAMPLE timestamp=2026-08-22T02:43:43+02:00 scenario=ue_35 pod=open5gs-upf-5b9db6d44-nsbqz uid=7b5b8ef7-a2a2-4fe9-a3e1-74acd17bd88f restarts=6 usage_cpu=394m usage_mem=39Mi request_cpu=476m request_mem=250Mi limit_cpu=none limit_mem=none vpa_target_cpu=511m vpa_target_mem=250Mi vpa_uncapped_cpu=511m vpa_uncapped_mem=250Mi vpa_lower_cpu=243m vpa_lower_mem=250Mi vpa_upper_cpu=1500m vpa_upper_mem=512Mi
[2026-08-22T02:43:51+02:00] VPA_RECOMMENDATION_CHANGE timestamp=2026-08-22T02:43:47+02:00 scenario=ue_35 old='vpa_target_cpu=511m vpa_target_mem=250Mi vpa_uncapped_cpu=511m vpa_uncapped_mem=250Mi vpa_lower_cpu=243m vpa_lower_mem=250Mi vpa_upper_cpu=1500m vpa_upper_mem=512Mi' new='vpa_target_cpu=511m vpa_target_mem=250Mi vpa_uncapped_cpu=511m vpa_uncapped_mem=250Mi vpa_lower_cpu=266m vpa_lower_mem=250Mi vpa_upper_cpu=1500m vpa_upper_mem=512Mi' previous_5s_sample='timestamp=2026-08-22T02:43:39+02:00 scenario=ue_35 pod=open5gs-upf-5b9db6d44-nsbqz uid=7b5b8ef7-a2a2-4fe9-a3e1-74acd17bd88f restarts=6 usage_cpu=394m usage_mem=39Mi request_cpu=476m request_mem=250Mi limit_cpu=none limit_mem=none vpa_target_cpu=511m vpa_target_mem=250Mi vpa_uncapped_cpu=511m vpa_uncapped_mem=250Mi vpa_lower_cpu=243m vpa_lower_mem=250Mi vpa_upper_cpu=1500m vpa_upper_mem=512Mi' current_sample='timestamp=2026-08-22T02:43:47+02:00 scenario=ue_35 pod=open5gs-upf-5b9db6d44-nsbqz uid=7b5b8ef7-a2a2-4fe9-a3e1-74acd17bd88f restarts=6 usage_cpu=394m usage_mem=39Mi request_cpu=476m request_mem=250Mi limit_cpu=none limit_mem=none vpa_target_cpu=511m vpa_target_mem=250Mi vpa_uncapped_cpu=511m vpa_uncapped_mem=250Mi vpa_lower_cpu=266m vpa_lower_mem=250Mi vpa_upper_cpu=1500m vpa_upper_mem=512Mi'
[2026-08-22T02:43:51+02:00] UPF_CONTROL_SAMPLE timestamp=2026-08-22T02:43:47+02:00 scenario=ue_35 pod=open5gs-upf-5b9db6d44-nsbqz uid=7b5b8ef7-a2a2-4fe9-a3e1-74acd17bd88f restarts=6 usage_cpu=394m usage_mem=39Mi request_cpu=476m request_mem=250Mi limit_cpu=none limit_mem=none vpa_target_cpu=511m vpa_target_mem=250Mi vpa_uncapped_cpu=511m vpa_uncapped_mem=250Mi vpa_lower_cpu=266m vpa_lower_mem=250Mi vpa_upper_cpu=1500m vpa_upper_mem=512Mi
[2026-08-22T02:43:56+02:00] UPF_CONTROL_SAMPLE timestamp=2026-08-22T02:43:52+02:00 scenario=ue_35 pod=open5gs-upf-5b9db6d44-nsbqz uid=7b5b8ef7-a2a2-4fe9-a3e1-74acd17bd88f restarts=6 usage_cpu=544m usage_mem=39Mi request_cpu=476m request_mem=250Mi limit_cpu=none limit_mem=none vpa_target_cpu=511m vpa_target_mem=250Mi vpa_uncapped_cpu=511m vpa_uncapped_mem=250Mi vpa_lower_cpu=266m vpa_lower_mem=250Mi vpa_upper_cpu=1500m vpa_upper_mem=512Mi
[2026-08-22T02:44:00+02:00] UPF_CONTROL_SAMPLE timestamp=2026-08-22T02:43:57+02:00 scenario=ue_35 pod=open5gs-upf-5b9db6d44-nsbqz uid=7b5b8ef7-a2a2-4fe9-a3e1-74acd17bd88f restarts=6 usage_cpu=544m usage_mem=39Mi request_cpu=476m request_mem=250Mi limit_cpu=none limit_mem=none vpa_target_cpu=511m vpa_target_mem=250Mi vpa_uncapped_cpu=511m vpa_uncapped_mem=250Mi vpa_lower_cpu=266m vpa_lower_mem=250Mi vpa_upper_cpu=1500m vpa_upper_mem=512Mi
[2026-08-22T02:44:05+02:00] UPF_CONTROL_SAMPLE timestamp=2026-08-22T02:44:02+02:00 scenario=ue_35 pod=open5gs-upf-5b9db6d44-nsbqz uid=7b5b8ef7-a2a2-4fe9-a3e1-74acd17bd88f restarts=6 usage_cpu=544m usage_mem=39Mi request_cpu=476m request_mem=250Mi limit_cpu=none limit_mem=none vpa_target_cpu=511m vpa_target_mem=250Mi vpa_uncapped_cpu=511m vpa_uncapped_mem=250Mi vpa_lower_cpu=266m vpa_lower_mem=250Mi vpa_upper_cpu=1500m vpa_upper_mem=512Mi
[2026-08-22T02:44:10+02:00] UPF_CONTROL_SAMPLE timestamp=2026-08-22T02:44:07+02:00 scenario=ue_35 pod=open5gs-upf-5b9db6d44-nsbqz uid=7b5b8ef7-a2a2-4fe9-a3e1-74acd17bd88f restarts=6 usage_cpu=544m usage_mem=39Mi request_cpu=476m request_mem=250Mi limit_cpu=none limit_mem=none vpa_target_cpu=511m vpa_target_mem=250Mi vpa_uncapped_cpu=511m vpa_uncapped_mem=250Mi vpa_lower_cpu=266m vpa_lower_mem=250Mi vpa_upper_cpu=1500m vpa_upper_mem=512Mi
[2026-08-22T02:44:15+02:00] UPF_CONTROL_SAMPLE timestamp=2026-08-22T02:44:11+02:00 scenario=ue_35 pod=open5gs-upf-5b9db6d44-nsbqz uid=7b5b8ef7-a2a2-4fe9-a3e1-74acd17bd88f restarts=6 usage_cpu=544m usage_mem=39Mi request_cpu=476m request_mem=250Mi limit_cpu=none limit_mem=none vpa_target_cpu=511m vpa_target_mem=250Mi vpa_uncapped_cpu=511m vpa_uncapped_mem=250Mi vpa_lower_cpu=266m vpa_lower_mem=250Mi vpa_upper_cpu=1500m vpa_upper_mem=512Mi
[2026-08-22T02:44:19+02:00] UPF_CONTROL_SAMPLE timestamp=2026-08-22T02:44:16+02:00 scenario=ue_35 pod=open5gs-upf-5b9db6d44-nsbqz uid=7b5b8ef7-a2a2-4fe9-a3e1-74acd17bd88f restarts=6 usage_cpu=544m usage_mem=39Mi request_cpu=476m request_mem=250Mi limit_cpu=none limit_mem=none vpa_target_cpu=511m vpa_target_mem=250Mi vpa_uncapped_cpu=511m vpa_uncapped_mem=250Mi vpa_lower_cpu=266m vpa_lower_mem=250Mi vpa_upper_cpu=1500m vpa_upper_mem=512Mi
[2026-08-22T02:44:24+02:00] UPF_CONTROL_SAMPLE timestamp=2026-08-22T02:44:21+02:00 scenario=ue_35 pod=open5gs-upf-5b9db6d44-nsbqz uid=7b5b8ef7-a2a2-4fe9-a3e1-74acd17bd88f restarts=6 usage_cpu=544m usage_mem=39Mi request_cpu=476m request_mem=250Mi limit_cpu=none limit_mem=none vpa_target_cpu=511m vpa_target_mem=250Mi vpa_uncapped_cpu=511m vpa_uncapped_mem=250Mi vpa_lower_cpu=266m vpa_lower_mem=250Mi vpa_upper_cpu=1500m vpa_upper_mem=512Mi
[2026-08-22T02:44:28+02:00] UPF_CONTROL_SAMPLE timestamp=2026-08-22T02:44:25+02:00 scenario=ue_35 pod=open5gs-upf-5b9db6d44-nsbqz uid=7b5b8ef7-a2a2-4fe9-a3e1-74acd17bd88f restarts=6 usage_cpu=556m usage_mem=38Mi request_cpu=476m request_mem=250Mi limit_cpu=none limit_mem=none vpa_target_cpu=511m vpa_target_mem=250Mi vpa_uncapped_cpu=511m vpa_uncapped_mem=250Mi vpa_lower_cpu=266m vpa_lower_mem=250Mi vpa_upper_cpu=1500m vpa_upper_mem=512Mi
[2026-08-22T02:44:33+02:00] UPF_CONTROL_SAMPLE timestamp=2026-08-22T02:44:29+02:00 scenario=ue_35 pod=open5gs-upf-5b9db6d44-nsbqz uid=7b5b8ef7-a2a2-4fe9-a3e1-74acd17bd88f restarts=6 usage_cpu=556m usage_mem=38Mi request_cpu=476m request_mem=250Mi limit_cpu=none limit_mem=none vpa_target_cpu=511m vpa_target_mem=250Mi vpa_uncapped_cpu=511m vpa_uncapped_mem=250Mi vpa_lower_cpu=266m vpa_lower_mem=250Mi vpa_upper_cpu=1500m vpa_upper_mem=512Mi
[2026-08-22T02:44:38+02:00] UPF_CONTROL_SAMPLE timestamp=2026-08-22T02:44:34+02:00 scenario=ue_35 pod=open5gs-upf-5b9db6d44-nsbqz uid=7b5b8ef7-a2a2-4fe9-a3e1-74acd17bd88f restarts=6 usage_cpu=556m usage_mem=38Mi request_cpu=476m request_mem=250Mi limit_cpu=none limit_mem=none vpa_target_cpu=511m vpa_target_mem=250Mi vpa_uncapped_cpu=511m vpa_uncapped_mem=250Mi vpa_lower_cpu=266m vpa_lower_mem=250Mi vpa_upper_cpu=1500m vpa_upper_mem=512Mi
[2026-08-22T02:44:42+02:00] UPF_CONTROL_SAMPLE timestamp=2026-08-22T02:44:39+02:00 scenario=ue_35 pod=open5gs-upf-5b9db6d44-nsbqz uid=7b5b8ef7-a2a2-4fe9-a3e1-74acd17bd88f restarts=6 usage_cpu=536m usage_mem=39Mi request_cpu=476m request_mem=250Mi limit_cpu=none limit_mem=none vpa_target_cpu=511m vpa_target_mem=250Mi vpa_uncapped_cpu=511m vpa_uncapped_mem=250Mi vpa_lower_cpu=266m vpa_lower_mem=250Mi vpa_upper_cpu=1500m vpa_upper_mem=512Mi
[2026-08-22T02:44:45+02:00] UE_SLOT_DONE timestamp=2026-08-22T00:44:45+00:00 active_ues=35 slot=0 attempt=1 ue_idx=1 ue_if=uesimtun1 ue_ip=10.45.1.247 port=5201 rc=0 replacements_for_slot=0 server_busy_retries_for_slot=0
[2026-08-22T02:44:45+02:00] UE_SLOT_DONE timestamp=2026-08-22T00:44:45+00:00 active_ues=35 slot=1 attempt=1 ue_idx=2 ue_if=uesimtun2 ue_ip=10.45.1.248 port=5202 rc=0 replacements_for_slot=0 server_busy_retries_for_slot=0
[2026-08-22T02:44:45+02:00] UE_SLOT_DONE timestamp=2026-08-22T00:44:45+00:00 active_ues=35 slot=2 attempt=1 ue_idx=3 ue_if=uesimtun3 ue_ip=10.45.1.249 port=5203 rc=0 replacements_for_slot=0 server_busy_retries_for_slot=0
[2026-08-22T02:44:45+02:00] UE_SLOT_DONE timestamp=2026-08-22T00:44:45+00:00 active_ues=35 slot=3 attempt=1 ue_idx=4 ue_if=uesimtun4 ue_ip=10.45.1.250 port=5204 rc=0 replacements_for_slot=0 server_busy_retries_for_slot=0
[2026-08-22T02:44:45+02:00] UE_SLOT_DONE timestamp=2026-08-22T00:44:45+00:00 active_ues=35 slot=4 attempt=1 ue_idx=5 ue_if=uesimtun5 ue_ip=10.45.1.251 port=5205 rc=0 replacements_for_slot=0 server_busy_retries_for_slot=0
[2026-08-22T02:44:46+02:00] UE_SLOT_DONE timestamp=2026-08-22T00:44:45+00:00 active_ues=35 slot=5 attempt=2 ue_idx=8 ue_if=uesimtun8 ue_ip=10.45.1.254 port=5251 rc=0 replacements_for_slot=0 server_busy_retries_for_slot=1
[2026-08-22T02:44:46+02:00] UE_SLOT_DONE timestamp=2026-08-22T00:44:46+00:00 active_ues=35 slot=6 attempt=1 ue_idx=9 ue_if=uesimtun9 ue_ip=10.45.1.255 port=5207 rc=0 replacements_for_slot=0 server_busy_retries_for_slot=0
[2026-08-22T02:44:46+02:00] UE_SLOT_DONE timestamp=2026-08-22T00:44:46+00:00 active_ues=35 slot=7 attempt=1 ue_idx=10 ue_if=uesimtun10 ue_ip=10.45.2.2 port=5208 rc=0 replacements_for_slot=0 server_busy_retries_for_slot=0
[2026-08-22T02:44:46+02:00] UE_SLOT_DONE timestamp=2026-08-22T00:44:46+00:00 active_ues=35 slot=8 attempt=1 ue_idx=11 ue_if=uesimtun11 ue_ip=10.45.2.22 port=5209 rc=0 replacements_for_slot=0 server_busy_retries_for_slot=0
[2026-08-22T02:44:46+02:00] UE_SLOT_DONE timestamp=2026-08-22T00:44:46+00:00 active_ues=35 slot=9 attempt=1 ue_idx=12 ue_if=uesimtun12 ue_ip=10.45.2.5 port=5210 rc=0 replacements_for_slot=0 server_busy_retries_for_slot=0
[2026-08-22T02:44:46+02:00] UE_SLOT_DONE timestamp=2026-08-22T00:44:46+00:00 active_ues=35 slot=10 attempt=1 ue_idx=13 ue_if=uesimtun13 ue_ip=10.45.2.0 port=5211 rc=0 replacements_for_slot=0 server_busy_retries_for_slot=0
[2026-08-22T02:44:46+02:00] UE_SLOT_DONE timestamp=2026-08-22T00:44:46+00:00 active_ues=35 slot=11 attempt=1 ue_idx=14 ue_if=uesimtun14 ue_ip=10.45.2.8 port=5212 rc=0 replacements_for_slot=0 server_busy_retries_for_slot=0
[2026-08-22T02:44:46+02:00] UE_SLOT_DONE timestamp=2026-08-22T00:44:46+00:00 active_ues=35 slot=12 attempt=1 ue_idx=15 ue_if=uesimtun15 ue_ip=10.45.2.6 port=5213 rc=0 replacements_for_slot=0 server_busy_retries_for_slot=0
[2026-08-22T02:44:46+02:00] UE_SLOT_DONE timestamp=2026-08-22T00:44:46+00:00 active_ues=35 slot=13 attempt=1 ue_idx=16 ue_if=uesimtun16 ue_ip=10.45.2.7 port=5214 rc=0 replacements_for_slot=0 server_busy_retries_for_slot=0
[2026-08-22T02:44:47+02:00] UPF_CONTROL_SAMPLE timestamp=2026-08-22T02:44:43+02:00 scenario=ue_35 pod=open5gs-upf-5b9db6d44-nsbqz uid=7b5b8ef7-a2a2-4fe9-a3e1-74acd17bd88f restarts=6 usage_cpu=536m usage_mem=39Mi request_cpu=476m request_mem=250Mi limit_cpu=none limit_mem=none vpa_target_cpu=511m vpa_target_mem=250Mi vpa_uncapped_cpu=511m vpa_uncapped_mem=250Mi vpa_lower_cpu=266m vpa_lower_mem=250Mi vpa_upper_cpu=1500m vpa_upper_mem=512Mi
[2026-08-22T02:44:48+02:00] UE_SLOT_DONE timestamp=2026-08-22T00:44:48+00:00 active_ues=35 slot=14 attempt=1 ue_idx=17 ue_if=uesimtun17 ue_ip=10.45.2.3 port=5215 rc=0 replacements_for_slot=0 server_busy_retries_for_slot=0
[2026-08-22T02:44:48+02:00] UE_SLOT_DONE timestamp=2026-08-22T00:44:48+00:00 active_ues=35 slot=15 attempt=1 ue_idx=18 ue_if=uesimtun18 ue_ip=10.45.2.13 port=5216 rc=0 replacements_for_slot=0 server_busy_retries_for_slot=0
[2026-08-22T02:44:48+02:00] UE_SLOT_DONE timestamp=2026-08-22T00:44:48+00:00 active_ues=35 slot=16 attempt=1 ue_idx=19 ue_if=uesimtun19 ue_ip=10.45.2.12 port=5217 rc=0 replacements_for_slot=0 server_busy_retries_for_slot=0
[2026-08-22T02:44:48+02:00] UE_SLOT_DONE timestamp=2026-08-22T00:44:48+00:00 active_ues=35 slot=17 attempt=1 ue_idx=20 ue_if=uesimtun20 ue_ip=10.45.2.15 port=5218 rc=0 replacements_for_slot=0 server_busy_retries_for_slot=0
[2026-08-22T02:44:48+02:00] UE_SLOT_DONE timestamp=2026-08-22T00:44:48+00:00 active_ues=35 slot=18 attempt=1 ue_idx=21 ue_if=uesimtun21 ue_ip=10.45.2.17 port=5219 rc=0 replacements_for_slot=0 server_busy_retries_for_slot=0
[2026-08-22T02:44:48+02:00] UE_SLOT_DONE timestamp=2026-08-22T00:44:48+00:00 active_ues=35 slot=19 attempt=1 ue_idx=23 ue_if=uesimtun23 ue_ip=10.45.2.21 port=5220 rc=0 replacements_for_slot=0 server_busy_retries_for_slot=0
[2026-08-22T02:44:48+02:00] UE_SLOT_DONE timestamp=2026-08-22T00:44:48+00:00 active_ues=35 slot=20 attempt=1 ue_idx=24 ue_if=uesimtun24 ue_ip=10.45.2.23 port=5221 rc=0 replacements_for_slot=0 server_busy_retries_for_slot=0
[2026-08-22T02:44:48+02:00] UE_SLOT_DONE timestamp=2026-08-22T00:44:48+00:00 active_ues=35 slot=21 attempt=1 ue_idx=25 ue_if=uesimtun25 ue_ip=10.45.2.27 port=5222 rc=0 replacements_for_slot=0 server_busy_retries_for_slot=0
[2026-08-22T02:44:50+02:00] UE_SLOT_DONE timestamp=2026-08-22T00:44:50+00:00 active_ues=35 slot=22 attempt=1 ue_idx=26 ue_if=uesimtun26 ue_ip=10.45.2.24 port=5223 rc=0 replacements_for_slot=0 server_busy_retries_for_slot=0
[2026-08-22T02:44:50+02:00] UE_SLOT_DONE timestamp=2026-08-22T00:44:50+00:00 active_ues=35 slot=23 attempt=1 ue_idx=27 ue_if=uesimtun27 ue_ip=10.45.2.29 port=5224 rc=0 replacements_for_slot=0 server_busy_retries_for_slot=0
[2026-08-22T02:44:50+02:00] UE_SLOT_DONE timestamp=2026-08-22T00:44:50+00:00 active_ues=35 slot=24 attempt=1 ue_idx=28 ue_if=uesimtun28 ue_ip=10.45.2.4 port=5225 rc=0 replacements_for_slot=0 server_busy_retries_for_slot=0
[2026-08-22T02:44:50+02:00] UE_SLOT_DONE timestamp=2026-08-22T00:44:50+00:00 active_ues=35 slot=26 attempt=1 ue_idx=30 ue_if=uesimtun30 ue_ip=10.45.2.34 port=5227 rc=0 replacements_for_slot=0 server_busy_retries_for_slot=0
[2026-08-22T02:44:50+02:00] UE_SLOT_DONE timestamp=2026-08-22T00:44:50+00:00 active_ues=35 slot=27 attempt=1 ue_idx=31 ue_if=uesimtun31 ue_ip=10.45.2.36 port=5228 rc=0 replacements_for_slot=0 server_busy_retries_for_slot=0
[2026-08-22T02:44:50+02:00] UE_SLOT_DONE timestamp=2026-08-22T00:44:50+00:00 active_ues=35 slot=28 attempt=1 ue_idx=32 ue_if=uesimtun32 ue_ip=10.45.2.9 port=5229 rc=0 replacements_for_slot=0 server_busy_retries_for_slot=0
[2026-08-22T02:44:51+02:00] UE_SLOT_DONE timestamp=2026-08-22T00:44:51+00:00 active_ues=35 slot=25 attempt=1 ue_idx=29 ue_if=uesimtun29 ue_ip=10.45.2.32 port=5226 rc=0 replacements_for_slot=0 server_busy_retries_for_slot=0
[2026-08-22T02:44:51+02:00] UE_SLOT_DONE timestamp=2026-08-22T00:44:51+00:00 active_ues=35 slot=29 attempt=1 ue_idx=33 ue_if=uesimtun33 ue_ip=10.45.2.11 port=5230 rc=0 replacements_for_slot=0 server_busy_retries_for_slot=0
[2026-08-22T02:44:51+02:00] UE_SLOT_DONE timestamp=2026-08-22T00:44:51+00:00 active_ues=35 slot=30 attempt=1 ue_idx=34 ue_if=uesimtun34 ue_ip=10.45.2.14 port=5231 rc=0 replacements_for_slot=0 server_busy_retries_for_slot=0
[2026-08-22T02:44:51+02:00] UE_SLOT_DONE timestamp=2026-08-22T00:44:51+00:00 active_ues=35 slot=31 attempt=1 ue_idx=35 ue_if=uesimtun35 ue_ip=10.45.2.16 port=5232 rc=0 replacements_for_slot=0 server_busy_retries_for_slot=0
[2026-08-22T02:44:51+02:00] UE_SLOT_DONE timestamp=2026-08-22T00:44:51+00:00 active_ues=35 slot=32 attempt=1 ue_idx=36 ue_if=uesimtun36 ue_ip=10.45.2.20 port=5233 rc=0 replacements_for_slot=0 server_busy_retries_for_slot=0
[2026-08-22T02:44:52+02:00] VPA_RECOMMENDATION_CHANGE timestamp=2026-08-22T02:44:48+02:00 scenario=ue_35 old='vpa_target_cpu=511m vpa_target_mem=250Mi vpa_uncapped_cpu=511m vpa_uncapped_mem=250Mi vpa_lower_cpu=266m vpa_lower_mem=250Mi vpa_upper_cpu=1500m vpa_upper_mem=512Mi' new='vpa_target_cpu=548m vpa_target_mem=250Mi vpa_uncapped_cpu=548m vpa_uncapped_mem=250Mi vpa_lower_cpu=267m vpa_lower_mem=250Mi vpa_upper_cpu=1500m vpa_upper_mem=512Mi' previous_5s_sample='timestamp=2026-08-22T02:44:43+02:00 scenario=ue_35 pod=open5gs-upf-5b9db6d44-nsbqz uid=7b5b8ef7-a2a2-4fe9-a3e1-74acd17bd88f restarts=6 usage_cpu=536m usage_mem=39Mi request_cpu=476m request_mem=250Mi limit_cpu=none limit_mem=none vpa_target_cpu=511m vpa_target_mem=250Mi vpa_uncapped_cpu=511m vpa_uncapped_mem=250Mi vpa_lower_cpu=266m vpa_lower_mem=250Mi vpa_upper_cpu=1500m vpa_upper_mem=512Mi' current_sample='timestamp=2026-08-22T02:44:48+02:00 scenario=ue_35 pod=open5gs-upf-5b9db6d44-nsbqz uid=7b5b8ef7-a2a2-4fe9-a3e1-74acd17bd88f restarts=6 usage_cpu=536m usage_mem=39Mi request_cpu=476m request_mem=250Mi limit_cpu=none limit_mem=none vpa_target_cpu=548m vpa_target_mem=250Mi vpa_uncapped_cpu=548m vpa_uncapped_mem=250Mi vpa_lower_cpu=267m vpa_lower_mem=250Mi vpa_upper_cpu=1500m vpa_upper_mem=512Mi'
[2026-08-22T02:44:52+02:00] UPF_CONTROL_SAMPLE timestamp=2026-08-22T02:44:48+02:00 scenario=ue_35 pod=open5gs-upf-5b9db6d44-nsbqz uid=7b5b8ef7-a2a2-4fe9-a3e1-74acd17bd88f restarts=6 usage_cpu=536m usage_mem=39Mi request_cpu=476m request_mem=250Mi limit_cpu=none limit_mem=none vpa_target_cpu=548m vpa_target_mem=250Mi vpa_uncapped_cpu=548m vpa_uncapped_mem=250Mi vpa_lower_cpu=267m vpa_lower_mem=250Mi vpa_upper_cpu=1500m vpa_upper_mem=512Mi
[2026-08-22T02:44:52+02:00] UE_SLOT_DONE timestamp=2026-08-22T00:44:52+00:00 active_ues=35 slot=33 attempt=1 ue_idx=37 ue_if=uesimtun37 ue_ip=10.45.2.25 port=5234 rc=0 replacements_for_slot=0 server_busy_retries_for_slot=0
[2026-08-22T02:44:53+02:00] UE_SLOT_DONE timestamp=2026-08-22T00:44:53+00:00 active_ues=35 slot=34 attempt=1 ue_idx=38 ue_if=uesimtun38 ue_ip=10.45.2.28 port=5235 rc=0 replacements_for_slot=0 server_busy_retries_for_slot=0
[2026-08-22T02:44:54+02:00] TRAFFIC_SUMMARY timestamp=2026-08-22T00:44:54+00:00 registered_tunnels=50 active_ues=35 target_slots=35 completed_slots=35 final_failed_slots=0 replacements=0 problematic_ues=0 zombie_ues=0 connect_timeouts=0 stalls=0 deferred_stalls=0 process_failures=0 server_busy_retries=1 server_busy_failures=0 late_timeouts_accepted=0 scenario_bad_ues=0 global_suspect_ues=4 used_ues=35 target_host=192.168.1.211 initial_ports=5201-5235 replacement_ports=5251-5265 bitrate=1M start_delay=0.05 detection=no_rx_counter replacement_min_duration_s=5 adaptive_extension_max_s=1 iperf_exit_grace_s=3 server_busy_retries_limit=1 server_busy_retry_delay_s=2 late_replacement_after_end=disabled wait_for_iperf_exit=until_timeout global_suspect_policy=soft_reuse ramp_supervision=after_initial_start
[2026-08-22T02:44:54+02:00] UE_POOL_SCENARIO_BAD_CURRENT timestamp=2026-08-22T00:44:54+00:00 active_ues=35 indexes=
[2026-08-22T02:44:54+02:00] UE_POOL_GLOBAL_SUSPECT_CURRENT timestamp=2026-08-22T00:44:54+00:00 active_ues=35 indexes=0,6,7,22
[2026-08-22T02:44:54+02:00] REMOTE_IPERF_PER_UE_END timestamp=2026-08-22T00:44:54+00:00 active_ues=35 tag=ue_35 final_rc=0 completed_slots=35 replacements=0 problematic_ues=0 server_busy_retries=1 deferred_stalls=0 late_timeouts_accepted=0
[2026-08-22T02:44:54+02:00] SCENARIO TRAFFIC COMMAND END timestamp=2026-08-22T02:44:54+02:00 active_ue=35 rc=0
[2026-08-22T02:44:56+02:00] SCENARIO UPF AFTER timestamp=2026-08-22T02:44:56+02:00 active_ue=35 pod=open5gs-upf-5b9db6d44-nsbqz uid=7b5b8ef7-a2a2-4fe9-a3e1-74acd17bd88f restarts=6
[2026-08-22T02:44:56+02:00] SCENARIO END timestamp=2026-08-22T02:44:56+02:00 active_ue=35 rc=0
[2026-08-22T02:44:57+02:00] UPF_CONTROL_SAMPLE timestamp=2026-08-22T02:44:53+02:00 scenario=ue_35 pod=open5gs-upf-5b9db6d44-nsbqz uid=7b5b8ef7-a2a2-4fe9-a3e1-74acd17bd88f restarts=6 usage_cpu=483m usage_mem=38Mi request_cpu=476m request_mem=250Mi limit_cpu=none limit_mem=none vpa_target_cpu=548m vpa_target_mem=250Mi vpa_uncapped_cpu=548m vpa_uncapped_mem=250Mi vpa_lower_cpu=267m vpa_lower_mem=250Mi vpa_upper_cpu=1500m vpa_upper_mem=512Mi
[2026-08-22T02:44:58+02:00] UPF_CONTROL_MONITOR_END timestamp=2026-08-22T02:44:58+02:00 pid=635505
[2026-08-22T02:45:00+02:00] ================================================================
[2026-08-22T02:45:00+02:00] TEST END timestamp=2026-08-22T02:45:00+02:00 run_id=20260822_021535 upf_pod_before=open5gs-upf-5b9db6d44-nsbqz uid_before=7b5b8ef7-a2a2-4fe9-a3e1-74acd17bd88f restarts_before=6 upf_pod_after=open5gs-upf-5b9db6d44-nsbqz uid_after=7b5b8ef7-a2a2-4fe9-a3e1-74acd17bd88f restarts_after=6
[2026-08-22T02:45:00+02:00] PROGRESS_LOG=/home/ansible/manifests/5g-taskforce-upf-scaling-spiw/open5gs_226/upf_iperf_per_ue_20260822_021535.log
[2026-08-22T02:45:00+02:00] ================================================================
