[2026-08-22T01:13:59+02:00] ================================================================
[2026-08-22T01:13:59+02:00] TEST START run_id=20260822_011359 timestamp=2026-08-22T01:13:59+02:00
[2026-08-22T01:13:59+02:00] ================================================================
[2026-08-22T01:13:59+02:00] Pre-checks START timestamp=2026-08-22T01:13:59+02:00
[2026-08-22T01:13:59+02:00] Using existing UE pod timestamp=2026-08-22T01:13:59+02:00 pod=ueransim-gnb-ues-69bc49bf9c-5tx9s
[2026-08-22T01:14:00+02:00] Required registered UE pool ready timestamp=2026-08-22T01:14:00+02:00 count=50 required=50
[2026-08-22T01:14:00+02:00] Scenario validation timestamp=2026-08-22T01:14:00+02:00 active_ue=1 requires_iperf_ports=5201-5201 replacement_ports=5251-5265
[2026-08-22T01:14:00+02:00] Scenario validation timestamp=2026-08-22T01:14:00+02:00 active_ue=3 requires_iperf_ports=5201-5203 replacement_ports=5251-5265
[2026-08-22T01:14:00+02:00] Scenario validation timestamp=2026-08-22T01:14:00+02:00 active_ue=5 requires_iperf_ports=5201-5205 replacement_ports=5251-5265
[2026-08-22T01:14:00+02:00] Scenario validation timestamp=2026-08-22T01:14:00+02:00 active_ue=7 requires_iperf_ports=5201-5207 replacement_ports=5251-5265
[2026-08-22T01:14:00+02:00] Scenario validation timestamp=2026-08-22T01:14:00+02:00 active_ue=9 requires_iperf_ports=5201-5209 replacement_ports=5251-5265
[2026-08-22T01:14:00+02:00] Scenario validation timestamp=2026-08-22T01:14:00+02:00 active_ue=11 requires_iperf_ports=5201-5211 replacement_ports=5251-5265
[2026-08-22T01:14:00+02:00] Scenario validation timestamp=2026-08-22T01:14:00+02:00 active_ue=13 requires_iperf_ports=5201-5213 replacement_ports=5251-5265
[2026-08-22T01:14:00+02:00] Scenario validation timestamp=2026-08-22T01:14:00+02:00 active_ue=15 requires_iperf_ports=5201-5215 replacement_ports=5251-5265
[2026-08-22T01:14:00+02:00] Scenario validation timestamp=2026-08-22T01:14:00+02:00 active_ue=17 requires_iperf_ports=5201-5217 replacement_ports=5251-5265
[2026-08-22T01:14:00+02:00] Scenario validation timestamp=2026-08-22T01:14:00+02:00 active_ue=19 requires_iperf_ports=5201-5219 replacement_ports=5251-5265
[2026-08-22T01:14:00+02:00] Scenario validation timestamp=2026-08-22T01:14:00+02:00 active_ue=21 requires_iperf_ports=5201-5221 replacement_ports=5251-5265
[2026-08-22T01:14:00+02:00] Scenario validation timestamp=2026-08-22T01:14:00+02:00 active_ue=23 requires_iperf_ports=5201-5223 replacement_ports=5251-5265
[2026-08-22T01:14:00+02:00] Scenario validation timestamp=2026-08-22T01:14:00+02:00 active_ue=25 requires_iperf_ports=5201-5225 replacement_ports=5251-5265
[2026-08-22T01:14:00+02:00] Scenario validation timestamp=2026-08-22T01:14:00+02:00 active_ue=27 requires_iperf_ports=5201-5227 replacement_ports=5251-5265
[2026-08-22T01:14:00+02:00] Scenario validation timestamp=2026-08-22T01:14:00+02:00 active_ue=29 requires_iperf_ports=5201-5229 replacement_ports=5251-5265
[2026-08-22T01:14:00+02:00] Scenario validation timestamp=2026-08-22T01:14:00+02:00 active_ue=31 requires_iperf_ports=5201-5231 replacement_ports=5251-5265
[2026-08-22T01:14:00+02:00] Scenario validation timestamp=2026-08-22T01:14:00+02:00 active_ue=33 requires_iperf_ports=5201-5233 replacement_ports=5251-5265
[2026-08-22T01:14:00+02:00] Scenario validation timestamp=2026-08-22T01:14:00+02:00 active_ue=35 requires_iperf_ports=5201-5235 replacement_ports=5251-5265
[2026-08-22T01:14:00+02:00] IPERF ports precheck START timestamp=2026-08-22T01:14:00+02:00 host=192.168.1.211 ports=5201-5201 bitrate=1M
[2026-08-22T01:14:04+02:00] IPERF ports precheck END timestamp=2026-08-22T01:14:04+02:00 rc=0
[2026-08-22T01:14:05+02:00] UPF pod timestamp=2026-08-22T01:14:05+02:00 pod=open5gs-upf-5b9db6d44-nsbqz uid=7b5b8ef7-a2a2-4fe9-a3e1-74acd17bd88f restarts=6
[2026-08-22T01:14:05+02:00] IMPORTANT: this script does not register or unregister UE during scenarios
[2026-08-22T01:14:05+02:00] IMPORTANT: existing registered UE pool is reused for all scenarios
[2026-08-22T01:14:05+02:00] IMPORTANT: no ping is used
[2026-08-22T01:14:05+02:00] IMPORTANT: every active slot runs its own iperf3 client
[2026-08-22T01:14:05+02:00] IMPORTANT: zombie UE are replaced in-flight, without repeating the scenario
[2026-08-22T01:14:05+02:00] IMPORTANT: zombie detection uses uesimtun RX counters, not buffered iperf stdout
[2026-08-22T01:14:05+02:00] IMPORTANT: each zombie/replacement is logged as diagnostic event
[2026-08-22T01:14:05+02:00] IMPORTANT: target_host=192.168.1.211 base_port=5201 replacement_base_port=5251 tcp_bitrate_per_ue=1M
[2026-08-22T01:14:05+02:00] IMPORTANT: iperf client start delay is 0.05 seconds
[2026-08-22T01:14:05+02:00] IMPORTANT: connect timeout is 4 seconds; stall detection is 5 seconds without RX progress
[2026-08-22T01:14:05+02:00] IMPORTANT: replacement minimum duration is 5 seconds; adaptive extension limit is 1 seconds per slot
[2026-08-22T01:14:05+02:00] IMPORTANT: after planned slot end, late replacement is disabled and script waits for real iperf exit until process timeout
[2026-08-22T01:14:05+02:00] IMPORTANT: post-duration iperf timeout rc=124 is accepted only when the client had RX and valid iperf output, and is logged as UE_SLOT_LATE_TIMEOUT_ACCEPTED
[2026-08-22T01:14:05+02:00] IMPORTANT: iperf server-busy port rebind is enabled rebinds=1; server-busy does not blacklist UE
[2026-08-22T01:14:05+02:00] IMPORTANT: global UE suspect list is soft; suspected UE are avoided first, but reused if the pool would otherwise be exhausted
[2026-08-22T01:14:05+02:00] IMPORTANT: initial ramp-up starts all slots first; supervisor/replacement starts after initial slots are launched
[2026-08-22T01:14:05+02:00] IMPORTANT: VPA hard reset is executed once before all scenarios
[2026-08-22T01:14:05+02:00] IMPORTANT: after VPA restart there is no fixed sleep; script waits until UPF request_cpu equals idle value 25m before traffic
[2026-08-22T01:14:05+02:00] IMPORTANT: UPF/VPA control monitor logs request changes, VPA recommendation changes, current usage and previous 5s sample every 1s
[2026-08-22T01:14:05+02:00] IMPORTANT: Metrics are still collected externally by Prometheus and Grafana
[2026-08-22T01:14:05+02:00] Pre-checks END timestamp=2026-08-22T01:14:05+02:00
[2026-08-22T01:14:05+02:00] ================================================================
[2026-08-22T01:14:05+02:00] VPA HARD RESET START label=before_test_run timestamp=2026-08-22T01:14:05+02:00
[2026-08-22T01:14:05+02:00] ================================================================
[2026-08-22T01:14:05+02:00] UPF_REQUEST_BASELINE_BEFORE_VPA_RESET timestamp=2026-08-22T01:14:05+02:00 pod=open5gs-upf-5b9db6d44-nsbqz request_cpu=410m request_mem=250Mi limit_cpu=none limit_mem=none
[2026-08-22T01:14:05+02:00] Scaling vpa-recommender to 0 timestamp=2026-08-22T01:14:05+02:00
[2026-08-22T01:14:06+02:00] Waiting until vpa-recommender pod is fully removed timestamp=2026-08-22T01:14:06+02:00
[2026-08-22T01:14:06+02:00] Waiting for vpa-recommender pod deletion timestamp=2026-08-22T01:14:06+02:00
[2026-08-22T01:14:08+02:00] Deleting all VPA checkpoints in namespace=default timestamp=2026-08-22T01:14:08+02:00
[2026-08-22T01:14:09+02:00] Current VPA checkpoints after delete timestamp=2026-08-22T01:14:09+02:00:
[2026-08-22T01:14:09+02:00] No resources found in default namespace.
[2026-08-22T01:14:09+02:00] Scaling vpa-recommender back to 1 timestamp=2026-08-22T01:14:09+02:00
[2026-08-22T01:14:11+02:00] Fixed post-reset sleep skipped timestamp=2026-08-22T01:14:11+02:00; request-change wait will run before scenarios
[2026-08-22T01:14:11+02:00] VPA status immediately after recommender restart timestamp=2026-08-22T01:14:11+02:00:
[2026-08-22T01:14:11+02:00] Recommendation:
[2026-08-22T01:14:11+02:00] Container Recommendations:
[2026-08-22T01:14:11+02:00] Container Name:  open5gs-upf
[2026-08-22T01:14:11+02:00] Lower Bound:
[2026-08-22T01:14:11+02:00] Cpu:     201m
[2026-08-22T01:14:11+02:00] Memory:  250Mi
[2026-08-22T01:14:11+02:00] Target:
[2026-08-22T01:14:11+02:00] Cpu:     442m
[2026-08-22T01:14:11+02:00] Memory:  250Mi
[2026-08-22T01:14:11+02:00] Uncapped Target:
[2026-08-22T01:14:11+02:00] Cpu:     442m
[2026-08-22T01:14:11+02:00] Memory:  250Mi
[2026-08-22T01:14:11+02:00] Upper Bound:
[2026-08-22T01:14:11+02:00] Cpu:     1500m
[2026-08-22T01:14:11+02:00] Memory:  512Mi
[2026-08-22T01:14:11+02:00] Events:          <none>
[2026-08-22T01:14:11+02:00] VPA checkpoints after recommender restart timestamp=2026-08-22T01:14:11+02:00:
[2026-08-22T01:14:12+02:00] No resources found in default namespace.
[2026-08-22T01:14:12+02:00] ================================================================
[2026-08-22T01:14:12+02:00] VPA HARD RESET END label=before_test_run timestamp=2026-08-22T01:14:12+02:00
[2026-08-22T01:14:12+02:00] ================================================================
[2026-08-22T01:14:12+02:00] UPF_CONTROL_MONITOR_START timestamp=2026-08-22T01:14:12+02:00 pid=508586 interval_s=1
[2026-08-22T01:14:12+02:00] UPF_IDLE_REQUEST_WAIT_START timestamp=2026-08-22T01:14:12+02:00 baseline='request_cpu=410m request_mem=250Mi limit_cpu=none limit_mem=none' expected_request_cpu=25m timeout_s=180 interval_s=1
[2026-08-22T01:14:13+02:00] UPF_REQUEST_OBSERVED timestamp=2026-08-22T01:14:12+02:00 scenario=prechecks pod=open5gs-upf-5b9db6d44-nsbqz uid=7b5b8ef7-a2a2-4fe9-a3e1-74acd17bd88f restarts=6 request_cpu=410m request_mem=250Mi limit_cpu=none limit_mem=none current_sample='timestamp=2026-08-22T01:14:12+02:00 scenario=prechecks pod=open5gs-upf-5b9db6d44-nsbqz uid=7b5b8ef7-a2a2-4fe9-a3e1-74acd17bd88f restarts=6 usage_cpu=6m usage_mem=37Mi request_cpu=410m request_mem=250Mi limit_cpu=none limit_mem=none vpa_target_cpu=442m vpa_target_mem=250Mi vpa_uncapped_cpu=442m vpa_uncapped_mem=250Mi vpa_lower_cpu=201m vpa_lower_mem=250Mi vpa_upper_cpu=1500m vpa_upper_mem=512Mi'
[2026-08-22T01:14:13+02:00] VPA_RECOMMENDATION_OBSERVED timestamp=2026-08-22T01:14:12+02:00 scenario=prechecks vpa_target_cpu=442m vpa_target_mem=250Mi vpa_uncapped_cpu=442m vpa_uncapped_mem=250Mi vpa_lower_cpu=201m vpa_lower_mem=250Mi vpa_upper_cpu=1500m vpa_upper_mem=512Mi current_sample='timestamp=2026-08-22T01:14:12+02:00 scenario=prechecks pod=open5gs-upf-5b9db6d44-nsbqz uid=7b5b8ef7-a2a2-4fe9-a3e1-74acd17bd88f restarts=6 usage_cpu=6m usage_mem=37Mi request_cpu=410m request_mem=250Mi limit_cpu=none limit_mem=none vpa_target_cpu=442m vpa_target_mem=250Mi vpa_uncapped_cpu=442m vpa_uncapped_mem=250Mi vpa_lower_cpu=201m vpa_lower_mem=250Mi vpa_upper_cpu=1500m vpa_upper_mem=512Mi'
[2026-08-22T01:14:13+02:00] UPF_CONTROL_SAMPLE timestamp=2026-08-22T01:14:12+02:00 scenario=prechecks pod=open5gs-upf-5b9db6d44-nsbqz uid=7b5b8ef7-a2a2-4fe9-a3e1-74acd17bd88f restarts=6 usage_cpu=6m usage_mem=37Mi request_cpu=410m request_mem=250Mi limit_cpu=none limit_mem=none vpa_target_cpu=442m vpa_target_mem=250Mi vpa_uncapped_cpu=442m vpa_uncapped_mem=250Mi vpa_lower_cpu=201m vpa_lower_mem=250Mi vpa_upper_cpu=1500m vpa_upper_mem=512Mi
[2026-08-22T01:14:16+02:00] UPF_CONTROL_SAMPLE timestamp=2026-08-22T01:14:14+02:00 scenario=vpa_idle_request_wait pod=open5gs-upf-5b9db6d44-nsbqz uid=7b5b8ef7-a2a2-4fe9-a3e1-74acd17bd88f restarts=6 usage_cpu=6m usage_mem=37Mi request_cpu=410m request_mem=250Mi limit_cpu=none limit_mem=none vpa_target_cpu=442m vpa_target_mem=250Mi vpa_uncapped_cpu=442m vpa_uncapped_mem=250Mi vpa_lower_cpu=201m vpa_lower_mem=250Mi vpa_upper_cpu=1500m vpa_upper_mem=512Mi
[2026-08-22T01:14:18+02:00] UPF_CONTROL_SAMPLE timestamp=2026-08-22T01:14:17+02:00 scenario=vpa_idle_request_wait pod=open5gs-upf-5b9db6d44-nsbqz uid=7b5b8ef7-a2a2-4fe9-a3e1-74acd17bd88f restarts=6 usage_cpu=6m usage_mem=37Mi request_cpu=410m request_mem=250Mi limit_cpu=none limit_mem=none vpa_target_cpu=442m vpa_target_mem=250Mi vpa_uncapped_cpu=442m vpa_uncapped_mem=250Mi vpa_lower_cpu=201m vpa_lower_mem=250Mi vpa_upper_cpu=1500m vpa_upper_mem=512Mi
[2026-08-22T01:14:20+02:00] UPF_CONTROL_SAMPLE timestamp=2026-08-22T01:14:19+02:00 scenario=vpa_idle_request_wait pod=open5gs-upf-5b9db6d44-nsbqz uid=7b5b8ef7-a2a2-4fe9-a3e1-74acd17bd88f restarts=6 usage_cpu=6m usage_mem=37Mi request_cpu=410m request_mem=250Mi limit_cpu=none limit_mem=none vpa_target_cpu=442m vpa_target_mem=250Mi vpa_uncapped_cpu=442m vpa_uncapped_mem=250Mi vpa_lower_cpu=201m vpa_lower_mem=250Mi vpa_upper_cpu=1500m vpa_upper_mem=512Mi
[2026-08-22T01:14:23+02:00] UPF_CONTROL_SAMPLE timestamp=2026-08-22T01:14:21+02:00 scenario=vpa_idle_request_wait pod=open5gs-upf-5b9db6d44-nsbqz uid=7b5b8ef7-a2a2-4fe9-a3e1-74acd17bd88f restarts=6 usage_cpu=6m usage_mem=37Mi request_cpu=410m request_mem=250Mi limit_cpu=none limit_mem=none vpa_target_cpu=442m vpa_target_mem=250Mi vpa_uncapped_cpu=442m vpa_uncapped_mem=250Mi vpa_lower_cpu=201m vpa_lower_mem=250Mi vpa_upper_cpu=1500m vpa_upper_mem=512Mi
[2026-08-22T01:14:25+02:00] UPF_CONTROL_SAMPLE timestamp=2026-08-22T01:14:24+02:00 scenario=vpa_idle_request_wait pod=open5gs-upf-5b9db6d44-nsbqz uid=7b5b8ef7-a2a2-4fe9-a3e1-74acd17bd88f restarts=6 usage_cpu=6m usage_mem=37Mi request_cpu=410m request_mem=250Mi limit_cpu=none limit_mem=none vpa_target_cpu=442m vpa_target_mem=250Mi vpa_uncapped_cpu=442m vpa_uncapped_mem=250Mi vpa_lower_cpu=201m vpa_lower_mem=250Mi vpa_upper_cpu=1500m vpa_upper_mem=512Mi
[2026-08-22T01:14:28+02:00] UPF_CONTROL_SAMPLE timestamp=2026-08-22T01:14:26+02:00 scenario=vpa_idle_request_wait pod=open5gs-upf-5b9db6d44-nsbqz uid=7b5b8ef7-a2a2-4fe9-a3e1-74acd17bd88f restarts=6 usage_cpu=6m usage_mem=37Mi request_cpu=410m request_mem=250Mi limit_cpu=none limit_mem=none vpa_target_cpu=442m vpa_target_mem=250Mi vpa_uncapped_cpu=442m vpa_uncapped_mem=250Mi vpa_lower_cpu=201m vpa_lower_mem=250Mi vpa_upper_cpu=1500m vpa_upper_mem=512Mi
[2026-08-22T01:14:31+02:00] UPF_CONTROL_SAMPLE timestamp=2026-08-22T01:14:29+02:00 scenario=vpa_idle_request_wait pod=open5gs-upf-5b9db6d44-nsbqz uid=7b5b8ef7-a2a2-4fe9-a3e1-74acd17bd88f restarts=6 usage_cpu=6m usage_mem=37Mi request_cpu=410m request_mem=250Mi limit_cpu=none limit_mem=none vpa_target_cpu=442m vpa_target_mem=250Mi vpa_uncapped_cpu=442m vpa_uncapped_mem=250Mi vpa_lower_cpu=201m vpa_lower_mem=250Mi vpa_upper_cpu=1500m vpa_upper_mem=512Mi
[2026-08-22T01:14:33+02:00] UPF_CONTROL_SAMPLE timestamp=2026-08-22T01:14:32+02:00 scenario=vpa_idle_request_wait pod=open5gs-upf-5b9db6d44-nsbqz uid=7b5b8ef7-a2a2-4fe9-a3e1-74acd17bd88f restarts=6 usage_cpu=6m usage_mem=37Mi request_cpu=410m request_mem=250Mi limit_cpu=none limit_mem=none vpa_target_cpu=442m vpa_target_mem=250Mi vpa_uncapped_cpu=442m vpa_uncapped_mem=250Mi vpa_lower_cpu=201m vpa_lower_mem=250Mi vpa_upper_cpu=1500m vpa_upper_mem=512Mi
[2026-08-22T01:14:36+02:00] UPF_CONTROL_SAMPLE timestamp=2026-08-22T01:14:34+02:00 scenario=vpa_idle_request_wait pod=open5gs-upf-5b9db6d44-nsbqz uid=7b5b8ef7-a2a2-4fe9-a3e1-74acd17bd88f restarts=6 usage_cpu=6m usage_mem=37Mi request_cpu=410m request_mem=250Mi limit_cpu=none limit_mem=none vpa_target_cpu=442m vpa_target_mem=250Mi vpa_uncapped_cpu=442m vpa_uncapped_mem=250Mi vpa_lower_cpu=201m vpa_lower_mem=250Mi vpa_upper_cpu=1500m vpa_upper_mem=512Mi
[2026-08-22T01:14:38+02:00] UPF_CONTROL_SAMPLE timestamp=2026-08-22T01:14:37+02:00 scenario=vpa_idle_request_wait pod=open5gs-upf-5b9db6d44-nsbqz uid=7b5b8ef7-a2a2-4fe9-a3e1-74acd17bd88f restarts=6 usage_cpu=6m usage_mem=37Mi request_cpu=410m request_mem=250Mi limit_cpu=none limit_mem=none vpa_target_cpu=442m vpa_target_mem=250Mi vpa_uncapped_cpu=442m vpa_uncapped_mem=250Mi vpa_lower_cpu=201m vpa_lower_mem=250Mi vpa_upper_cpu=1500m vpa_upper_mem=512Mi
[2026-08-22T01:14:41+02:00] UPF_CONTROL_SAMPLE timestamp=2026-08-22T01:14:39+02:00 scenario=vpa_idle_request_wait pod=open5gs-upf-5b9db6d44-nsbqz uid=7b5b8ef7-a2a2-4fe9-a3e1-74acd17bd88f restarts=6 usage_cpu=1m usage_mem=37Mi request_cpu=410m request_mem=250Mi limit_cpu=none limit_mem=none vpa_target_cpu=442m vpa_target_mem=250Mi vpa_uncapped_cpu=442m vpa_uncapped_mem=250Mi vpa_lower_cpu=201m vpa_lower_mem=250Mi vpa_upper_cpu=1500m vpa_upper_mem=512Mi
[2026-08-22T01:14:43+02:00] UPF_CONTROL_SAMPLE timestamp=2026-08-22T01:14:42+02:00 scenario=vpa_idle_request_wait pod=open5gs-upf-5b9db6d44-nsbqz uid=7b5b8ef7-a2a2-4fe9-a3e1-74acd17bd88f restarts=6 usage_cpu=1m usage_mem=37Mi request_cpu=410m request_mem=250Mi limit_cpu=none limit_mem=none vpa_target_cpu=442m vpa_target_mem=250Mi vpa_uncapped_cpu=442m vpa_uncapped_mem=250Mi vpa_lower_cpu=201m vpa_lower_mem=250Mi vpa_upper_cpu=1500m vpa_upper_mem=512Mi
[2026-08-22T01:14:45+02:00] UPF_CONTROL_SAMPLE timestamp=2026-08-22T01:14:44+02:00 scenario=vpa_idle_request_wait pod=open5gs-upf-5b9db6d44-nsbqz uid=7b5b8ef7-a2a2-4fe9-a3e1-74acd17bd88f restarts=6 usage_cpu=1m usage_mem=37Mi request_cpu=410m request_mem=250Mi limit_cpu=none limit_mem=none vpa_target_cpu=442m vpa_target_mem=250Mi vpa_uncapped_cpu=442m vpa_uncapped_mem=250Mi vpa_lower_cpu=201m vpa_lower_mem=250Mi vpa_upper_cpu=1500m vpa_upper_mem=512Mi
[2026-08-22T01:14:48+02:00] UPF_CONTROL_SAMPLE timestamp=2026-08-22T01:14:46+02:00 scenario=vpa_idle_request_wait pod=open5gs-upf-5b9db6d44-nsbqz uid=7b5b8ef7-a2a2-4fe9-a3e1-74acd17bd88f restarts=6 usage_cpu=1m usage_mem=37Mi request_cpu=410m request_mem=250Mi limit_cpu=none limit_mem=none vpa_target_cpu=442m vpa_target_mem=250Mi vpa_uncapped_cpu=442m vpa_uncapped_mem=250Mi vpa_lower_cpu=201m vpa_lower_mem=250Mi vpa_upper_cpu=1500m vpa_upper_mem=512Mi
[2026-08-22T01:14:50+02:00] UPF_CONTROL_SAMPLE timestamp=2026-08-22T01:14:49+02:00 scenario=vpa_idle_request_wait pod=open5gs-upf-5b9db6d44-nsbqz uid=7b5b8ef7-a2a2-4fe9-a3e1-74acd17bd88f restarts=6 usage_cpu=1m usage_mem=37Mi request_cpu=410m request_mem=250Mi limit_cpu=none limit_mem=none vpa_target_cpu=442m vpa_target_mem=250Mi vpa_uncapped_cpu=442m vpa_uncapped_mem=250Mi vpa_lower_cpu=201m vpa_lower_mem=250Mi vpa_upper_cpu=1500m vpa_upper_mem=512Mi
[2026-08-22T01:14:52+02:00] UPF_IDLE_REQUEST_WAIT_PROGRESS timestamp=2026-08-22T01:14:52+02:00 elapsed_s=40 expected_request_cpu=25m baseline='request_cpu=410m request_mem=250Mi limit_cpu=none limit_mem=none' current='request_cpu=410m request_mem=250Mi limit_cpu=none limit_mem=none' request_cpu=410m pod=open5gs-upf-5b9db6d44-nsbqz usage_cpu=1m usage_mem=37Mi vpa_target_cpu=442m vpa_target_mem=250Mi vpa_uncapped_cpu=442m vpa_uncapped_mem=250Mi vpa_lower_cpu=201m vpa_lower_mem=250Mi vpa_upper_cpu=1500m vpa_upper_mem=512Mi
[2026-08-22T01:14:53+02:00] UPF_CONTROL_SAMPLE timestamp=2026-08-22T01:14:51+02:00 scenario=vpa_idle_request_wait pod=open5gs-upf-5b9db6d44-nsbqz uid=7b5b8ef7-a2a2-4fe9-a3e1-74acd17bd88f restarts=6 usage_cpu=1m usage_mem=37Mi request_cpu=410m request_mem=250Mi limit_cpu=none limit_mem=none vpa_target_cpu=442m vpa_target_mem=250Mi vpa_uncapped_cpu=442m vpa_uncapped_mem=250Mi vpa_lower_cpu=201m vpa_lower_mem=250Mi vpa_upper_cpu=1500m vpa_upper_mem=512Mi
[2026-08-22T01:14:55+02:00] UPF_CONTROL_SAMPLE timestamp=2026-08-22T01:14:54+02:00 scenario=vpa_idle_request_wait pod=open5gs-upf-5b9db6d44-nsbqz uid=7b5b8ef7-a2a2-4fe9-a3e1-74acd17bd88f restarts=6 usage_cpu=1m usage_mem=37Mi request_cpu=410m request_mem=250Mi limit_cpu=none limit_mem=none vpa_target_cpu=442m vpa_target_mem=250Mi vpa_uncapped_cpu=442m vpa_uncapped_mem=250Mi vpa_lower_cpu=201m vpa_lower_mem=250Mi vpa_upper_cpu=1500m vpa_upper_mem=512Mi
[2026-08-22T01:14:58+02:00] UPF_CONTROL_SAMPLE timestamp=2026-08-22T01:14:56+02:00 scenario=vpa_idle_request_wait pod=open5gs-upf-5b9db6d44-nsbqz uid=7b5b8ef7-a2a2-4fe9-a3e1-74acd17bd88f restarts=6 usage_cpu=1m usage_mem=37Mi request_cpu=410m request_mem=250Mi limit_cpu=none limit_mem=none vpa_target_cpu=442m vpa_target_mem=250Mi vpa_uncapped_cpu=442m vpa_uncapped_mem=250Mi vpa_lower_cpu=201m vpa_lower_mem=250Mi vpa_upper_cpu=1500m vpa_upper_mem=512Mi
[2026-08-22T01:15:00+02:00] UPF_CONTROL_SAMPLE timestamp=2026-08-22T01:14:59+02:00 scenario=vpa_idle_request_wait pod=open5gs-upf-5b9db6d44-nsbqz uid=7b5b8ef7-a2a2-4fe9-a3e1-74acd17bd88f restarts=6 usage_cpu=1m usage_mem=37Mi request_cpu=410m request_mem=250Mi limit_cpu=none limit_mem=none vpa_target_cpu=442m vpa_target_mem=250Mi vpa_uncapped_cpu=442m vpa_uncapped_mem=250Mi vpa_lower_cpu=201m vpa_lower_mem=250Mi vpa_upper_cpu=1500m vpa_upper_mem=512Mi
[2026-08-22T01:15:02+02:00] UPF_IDLE_REQUEST_WAIT_PROGRESS timestamp=2026-08-22T01:15:02+02:00 elapsed_s=50 expected_request_cpu=25m baseline='request_cpu=410m request_mem=250Mi limit_cpu=none limit_mem=none' current='request_cpu=410m request_mem=250Mi limit_cpu=none limit_mem=none' request_cpu=410m pod=open5gs-upf-5b9db6d44-nsbqz usage_cpu=1m usage_mem=37Mi vpa_target_cpu=442m vpa_target_mem=250Mi vpa_uncapped_cpu=442m vpa_uncapped_mem=250Mi vpa_lower_cpu=201m vpa_lower_mem=250Mi vpa_upper_cpu=1500m vpa_upper_mem=512Mi
[2026-08-22T01:15:03+02:00] UPF_CONTROL_SAMPLE timestamp=2026-08-22T01:15:01+02:00 scenario=vpa_idle_request_wait pod=open5gs-upf-5b9db6d44-nsbqz uid=7b5b8ef7-a2a2-4fe9-a3e1-74acd17bd88f restarts=6 usage_cpu=1m usage_mem=37Mi request_cpu=410m request_mem=250Mi limit_cpu=none limit_mem=none vpa_target_cpu=442m vpa_target_mem=250Mi vpa_uncapped_cpu=442m vpa_uncapped_mem=250Mi vpa_lower_cpu=201m vpa_lower_mem=250Mi vpa_upper_cpu=1500m vpa_upper_mem=512Mi
[2026-08-22T01:15:05+02:00] UPF_CONTROL_SAMPLE timestamp=2026-08-22T01:15:04+02:00 scenario=vpa_idle_request_wait pod=open5gs-upf-5b9db6d44-nsbqz uid=7b5b8ef7-a2a2-4fe9-a3e1-74acd17bd88f restarts=6 usage_cpu=1m usage_mem=37Mi request_cpu=410m request_mem=250Mi limit_cpu=none limit_mem=none vpa_target_cpu=442m vpa_target_mem=250Mi vpa_uncapped_cpu=442m vpa_uncapped_mem=250Mi vpa_lower_cpu=201m vpa_lower_mem=250Mi vpa_upper_cpu=1500m vpa_upper_mem=512Mi
[2026-08-22T01:15:08+02:00] UPF_CONTROL_SAMPLE timestamp=2026-08-22T01:15:06+02:00 scenario=vpa_idle_request_wait pod=open5gs-upf-5b9db6d44-nsbqz uid=7b5b8ef7-a2a2-4fe9-a3e1-74acd17bd88f restarts=6 usage_cpu=1m usage_mem=37Mi request_cpu=410m request_mem=250Mi limit_cpu=none limit_mem=none vpa_target_cpu=442m vpa_target_mem=250Mi vpa_uncapped_cpu=442m vpa_uncapped_mem=250Mi vpa_lower_cpu=201m vpa_lower_mem=250Mi vpa_upper_cpu=1500m vpa_upper_mem=512Mi
[2026-08-22T01:15:10+02:00] UPF_CONTROL_SAMPLE timestamp=2026-08-22T01:15:09+02:00 scenario=vpa_idle_request_wait pod=open5gs-upf-5b9db6d44-nsbqz uid=7b5b8ef7-a2a2-4fe9-a3e1-74acd17bd88f restarts=6 usage_cpu=1m usage_mem=37Mi request_cpu=410m request_mem=250Mi limit_cpu=none limit_mem=none vpa_target_cpu=442m vpa_target_mem=250Mi vpa_uncapped_cpu=442m vpa_uncapped_mem=250Mi vpa_lower_cpu=201m vpa_lower_mem=250Mi vpa_upper_cpu=1500m vpa_upper_mem=512Mi
[2026-08-22T01:15:12+02:00] UPF_IDLE_REQUEST_WAIT_PROGRESS timestamp=2026-08-22T01:15:12+02:00 elapsed_s=60 expected_request_cpu=25m baseline='request_cpu=410m request_mem=250Mi limit_cpu=none limit_mem=none' current='request_cpu=410m request_mem=250Mi limit_cpu=none limit_mem=none' request_cpu=410m pod=open5gs-upf-5b9db6d44-nsbqz usage_cpu=1m usage_mem=37Mi vpa_target_cpu=25m vpa_target_mem=250Mi vpa_uncapped_cpu=25m vpa_uncapped_mem=250Mi vpa_lower_cpu=25m vpa_lower_mem=250Mi vpa_upper_cpu=1500m vpa_upper_mem=512Mi
[2026-08-22T01:15:13+02:00] VPA_RECOMMENDATION_CHANGE timestamp=2026-08-22T01:15:11+02:00 scenario=vpa_idle_request_wait old='vpa_target_cpu=442m vpa_target_mem=250Mi vpa_uncapped_cpu=442m vpa_uncapped_mem=250Mi vpa_lower_cpu=201m vpa_lower_mem=250Mi vpa_upper_cpu=1500m vpa_upper_mem=512Mi' new='vpa_target_cpu=25m vpa_target_mem=250Mi vpa_uncapped_cpu=25m vpa_uncapped_mem=250Mi vpa_lower_cpu=25m vpa_lower_mem=250Mi vpa_upper_cpu=1500m vpa_upper_mem=512Mi' previous_5s_sample='timestamp=2026-08-22T01:15:06+02:00 scenario=vpa_idle_request_wait pod=open5gs-upf-5b9db6d44-nsbqz uid=7b5b8ef7-a2a2-4fe9-a3e1-74acd17bd88f restarts=6 usage_cpu=1m usage_mem=37Mi request_cpu=410m request_mem=250Mi limit_cpu=none limit_mem=none vpa_target_cpu=442m vpa_target_mem=250Mi vpa_uncapped_cpu=442m vpa_uncapped_mem=250Mi vpa_lower_cpu=201m vpa_lower_mem=250Mi vpa_upper_cpu=1500m vpa_upper_mem=512Mi' current_sample='timestamp=2026-08-22T01:15:11+02:00 scenario=vpa_idle_request_wait pod=open5gs-upf-5b9db6d44-nsbqz uid=7b5b8ef7-a2a2-4fe9-a3e1-74acd17bd88f restarts=6 usage_cpu=1m usage_mem=37Mi request_cpu=410m request_mem=250Mi limit_cpu=none limit_mem=none vpa_target_cpu=25m vpa_target_mem=250Mi vpa_uncapped_cpu=25m vpa_uncapped_mem=250Mi vpa_lower_cpu=25m vpa_lower_mem=250Mi vpa_upper_cpu=1500m vpa_upper_mem=512Mi'
[2026-08-22T01:15:13+02:00] UPF_CONTROL_SAMPLE timestamp=2026-08-22T01:15:11+02:00 scenario=vpa_idle_request_wait pod=open5gs-upf-5b9db6d44-nsbqz uid=7b5b8ef7-a2a2-4fe9-a3e1-74acd17bd88f restarts=6 usage_cpu=1m usage_mem=37Mi request_cpu=410m request_mem=250Mi limit_cpu=none limit_mem=none vpa_target_cpu=25m vpa_target_mem=250Mi vpa_uncapped_cpu=25m vpa_uncapped_mem=250Mi vpa_lower_cpu=25m vpa_lower_mem=250Mi vpa_upper_cpu=1500m vpa_upper_mem=512Mi
[2026-08-22T01:15:16+02:00] UPF_CONTROL_SAMPLE timestamp=2026-08-22T01:15:14+02:00 scenario=vpa_idle_request_wait pod=open5gs-upf-5b9db6d44-nsbqz uid=7b5b8ef7-a2a2-4fe9-a3e1-74acd17bd88f restarts=6 usage_cpu=1m usage_mem=37Mi request_cpu=410m request_mem=250Mi limit_cpu=none limit_mem=none vpa_target_cpu=25m vpa_target_mem=250Mi vpa_uncapped_cpu=25m vpa_uncapped_mem=250Mi vpa_lower_cpu=25m vpa_lower_mem=250Mi vpa_upper_cpu=1500m vpa_upper_mem=512Mi
[2026-08-22T01:15:18+02:00] UPF_CONTROL_SAMPLE timestamp=2026-08-22T01:15:17+02:00 scenario=vpa_idle_request_wait pod=open5gs-upf-5b9db6d44-nsbqz uid=7b5b8ef7-a2a2-4fe9-a3e1-74acd17bd88f restarts=6 usage_cpu=1m usage_mem=37Mi request_cpu=410m request_mem=250Mi limit_cpu=none limit_mem=none vpa_target_cpu=25m vpa_target_mem=250Mi vpa_uncapped_cpu=25m vpa_uncapped_mem=250Mi vpa_lower_cpu=25m vpa_lower_mem=250Mi vpa_upper_cpu=1500m vpa_upper_mem=512Mi
[2026-08-22T01:15:21+02:00] UPF_CONTROL_SAMPLE timestamp=2026-08-22T01:15:19+02:00 scenario=vpa_idle_request_wait pod=open5gs-upf-5b9db6d44-nsbqz uid=7b5b8ef7-a2a2-4fe9-a3e1-74acd17bd88f restarts=6 usage_cpu=1m usage_mem=37Mi request_cpu=410m request_mem=250Mi limit_cpu=none limit_mem=none vpa_target_cpu=25m vpa_target_mem=250Mi vpa_uncapped_cpu=25m vpa_uncapped_mem=250Mi vpa_lower_cpu=25m vpa_lower_mem=250Mi vpa_upper_cpu=1500m vpa_upper_mem=512Mi
[2026-08-22T01:15:23+02:00] UPF_CONTROL_SAMPLE timestamp=2026-08-22T01:15:22+02:00 scenario=vpa_idle_request_wait pod=open5gs-upf-5b9db6d44-nsbqz uid=7b5b8ef7-a2a2-4fe9-a3e1-74acd17bd88f restarts=6 usage_cpu=1m usage_mem=37Mi request_cpu=410m request_mem=250Mi limit_cpu=none limit_mem=none vpa_target_cpu=25m vpa_target_mem=250Mi vpa_uncapped_cpu=25m vpa_uncapped_mem=250Mi vpa_lower_cpu=25m vpa_lower_mem=250Mi vpa_upper_cpu=1500m vpa_upper_mem=512Mi
[2026-08-22T01:15:26+02:00] UPF_CONTROL_SAMPLE timestamp=2026-08-22T01:15:24+02:00 scenario=vpa_idle_request_wait pod=open5gs-upf-5b9db6d44-nsbqz uid=7b5b8ef7-a2a2-4fe9-a3e1-74acd17bd88f restarts=6 usage_cpu=1m usage_mem=37Mi request_cpu=410m request_mem=250Mi limit_cpu=none limit_mem=none vpa_target_cpu=25m vpa_target_mem=250Mi vpa_uncapped_cpu=25m vpa_uncapped_mem=250Mi vpa_lower_cpu=25m vpa_lower_mem=250Mi vpa_upper_cpu=1500m vpa_upper_mem=512Mi
[2026-08-22T01:15:27+02:00] UPF_IDLE_REQUEST_WAIT_END timestamp=2026-08-22T01:15:27+02:00 result=idle_request_ready elapsed_s=75 pod=open5gs-upf-5b9db6d44-nsbqz expected_request_cpu=25m baseline='request_cpu=410m request_mem=250Mi limit_cpu=none limit_mem=none' current='request_cpu=25m request_mem=250Mi limit_cpu=none limit_mem=none' usage_cpu=1m usage_mem=37Mi vpa_target_cpu=25m vpa_target_mem=250Mi vpa_uncapped_cpu=25m vpa_uncapped_mem=250Mi vpa_lower_cpu=25m vpa_lower_mem=250Mi vpa_upper_cpu=1500m vpa_upper_mem=512Mi
[2026-08-22T01:15:27+02:00] SCENARIO LOOP START timestamp=2026-08-22T01:15:27+02:00 scenarios="1 3 5 7 9 11 13 15 17 19 21 23 25 27 29 31 33 35"
[2026-08-22T01:15:27+02:00] ================================================================
[2026-08-22T01:15:27+02:00] SCENARIO START timestamp=2026-08-22T01:15:27+02:00 active_ue=1 registered_ue_pool=50 target_host=192.168.1.211 ports=5201-5201 replacement_ports=5251-5265 bitrate_per_ue=1M start_delay=0.05 replacement_min_duration=5 adaptive_extension_max=1
[2026-08-22T01:15:27+02:00] ================================================================
[2026-08-22T01:15:27+02:00] SCENARIO TUNNEL CHECK timestamp=2026-08-22T01:15:27+02:00 active_ue=1 current_tunnels=50 required=50
[2026-08-22T01:15:28+02:00] SCENARIO UPF BEFORE timestamp=2026-08-22T01:15:28+02:00 active_ue=1 pod=open5gs-upf-5b9db6d44-nsbqz uid=7b5b8ef7-a2a2-4fe9-a3e1-74acd17bd88f restarts=6
[2026-08-22T01:15:28+02:00] UPF_REQUEST_CHANGE timestamp=2026-08-22T01:15:27+02:00 scenario=ue_1 pod=open5gs-upf-5b9db6d44-nsbqz uid=7b5b8ef7-a2a2-4fe9-a3e1-74acd17bd88f restarts=6 old='request_cpu=410m request_mem=250Mi limit_cpu=none limit_mem=none' new='request_cpu=25m request_mem=250Mi limit_cpu=none limit_mem=none' previous_5s_sample='timestamp=2026-08-22T01:15:22+02:00 scenario=vpa_idle_request_wait pod=open5gs-upf-5b9db6d44-nsbqz uid=7b5b8ef7-a2a2-4fe9-a3e1-74acd17bd88f restarts=6 usage_cpu=1m usage_mem=37Mi request_cpu=410m request_mem=250Mi limit_cpu=none limit_mem=none vpa_target_cpu=25m vpa_target_mem=250Mi vpa_uncapped_cpu=25m vpa_uncapped_mem=250Mi vpa_lower_cpu=25m vpa_lower_mem=250Mi vpa_upper_cpu=1500m vpa_upper_mem=512Mi' current_sample='timestamp=2026-08-22T01:15:27+02:00 scenario=ue_1 pod=open5gs-upf-5b9db6d44-nsbqz uid=7b5b8ef7-a2a2-4fe9-a3e1-74acd17bd88f restarts=6 usage_cpu=1m usage_mem=37Mi request_cpu=25m request_mem=250Mi limit_cpu=none limit_mem=none vpa_target_cpu=25m vpa_target_mem=250Mi vpa_uncapped_cpu=25m vpa_uncapped_mem=250Mi vpa_lower_cpu=25m vpa_lower_mem=250Mi vpa_upper_cpu=1500m vpa_upper_mem=512Mi'
[2026-08-22T01:15:28+02:00] UPF_CONTROL_SAMPLE timestamp=2026-08-22T01:15:27+02:00 scenario=ue_1 pod=open5gs-upf-5b9db6d44-nsbqz uid=7b5b8ef7-a2a2-4fe9-a3e1-74acd17bd88f restarts=6 usage_cpu=1m usage_mem=37Mi request_cpu=25m request_mem=250Mi limit_cpu=none limit_mem=none vpa_target_cpu=25m vpa_target_mem=250Mi vpa_uncapped_cpu=25m vpa_uncapped_mem=250Mi vpa_lower_cpu=25m vpa_lower_mem=250Mi vpa_upper_cpu=1500m vpa_upper_mem=512Mi
[2026-08-22T01:15:29+02:00] REMOTE_IPERF_PER_UE_START timestamp=2026-08-21T23:15:29+00:00 active_ues=1 tag=ue_1 iperf_host=192.168.1.211 base_port=5201 replacement_base_port=5251 duration=80 bitrate=1M start_delay=0.05 detection=no_rx_counter connect_timeout_s=4 stall_seconds=5 replacement_limit=15 replacement_min_duration_s=5 adaptive_extension_max_s=1 iperf_exit_grace_s=3 server_busy_port_rebinds=1 late_replacement_after_end=disabled wait_for_iperf_exit=until_timeout global_suspect_policy=soft_reuse ramp_supervision=after_initial_start
[2026-08-22T01:15:29+02:00] UE_POOL_STATUS timestamp=2026-08-21T23:15:29+00:00 active_ues=1 registered_tunnels=50 existing_global_suspect_ues=0 used_ues=0 policy=soft_reuse_global_suspects
[2026-08-22T01:15:29+02:00] UE_SLOT_ASSIGN timestamp=2026-08-21T23:15:29+00:00 active_ues=1 slot=0 ue_idx=0 ue_if=uesimtun0 ue_ip=10.45.1.146 candidate_reused_global_suspect=0
[2026-08-22T01:15:29+02:00] UE_SLOT_START timestamp=2026-08-21T23:15:29+00:00 active_ues=1 slot=0 attempt=1 ue_idx=0 ue_if=uesimtun0 ue_ip=10.45.1.146 target=192.168.1.211:5201 bitrate=1M duration_s=80 planned_end_epoch=1787354209 timeout_s=90 hard_timeout_epoch=1787354224 start_rx_bytes=5348
[2026-08-22T01:15:29+02:00] UE_SLOT_PID timestamp=2026-08-21T23:15:29+00:00 active_ues=1 slot=0 attempt=1 ue_idx=0 pid=924
[2026-08-22T01:15:29+02:00] IPERF_MAPPING_SUMMARY timestamp=2026-08-21T23:15:29+00:00 active_ues=1 registered_tunnels=50 initial_ports=5201-5201 replacement_ports=5251-5265 bitrate=1M start_delay=0.05 detection=no_rx_counter replacement_min_duration_s=5 adaptive_extension_max_s=1 iperf_exit_grace_s=3 server_busy_port_rebinds=1 late_replacement_after_end=disabled wait_for_iperf_exit=until_timeout global_suspect_policy=soft_reuse ramp_supervision=after_initial_start
[2026-08-22T01:15:31+02:00] UPF_CONTROL_SAMPLE timestamp=2026-08-22T01:15:30+02:00 scenario=ue_1 pod=open5gs-upf-5b9db6d44-nsbqz uid=7b5b8ef7-a2a2-4fe9-a3e1-74acd17bd88f restarts=6 usage_cpu=1m usage_mem=37Mi request_cpu=25m request_mem=250Mi limit_cpu=none limit_mem=none vpa_target_cpu=25m vpa_target_mem=250Mi vpa_uncapped_cpu=25m vpa_uncapped_mem=250Mi vpa_lower_cpu=25m vpa_lower_mem=250Mi vpa_upper_cpu=1500m vpa_upper_mem=512Mi
[2026-08-22T01:15:33+02:00] UPF_CONTROL_SAMPLE timestamp=2026-08-22T01:15:32+02:00 scenario=ue_1 pod=open5gs-upf-5b9db6d44-nsbqz uid=7b5b8ef7-a2a2-4fe9-a3e1-74acd17bd88f restarts=6 usage_cpu=1m usage_mem=37Mi request_cpu=25m request_mem=250Mi limit_cpu=none limit_mem=none vpa_target_cpu=25m vpa_target_mem=250Mi vpa_uncapped_cpu=25m vpa_uncapped_mem=250Mi vpa_lower_cpu=25m vpa_lower_mem=250Mi vpa_upper_cpu=1500m vpa_upper_mem=512Mi
[2026-08-22T01:15:35+02:00] UPF_CONTROL_SAMPLE timestamp=2026-08-22T01:15:34+02:00 scenario=ue_1 pod=open5gs-upf-5b9db6d44-nsbqz uid=7b5b8ef7-a2a2-4fe9-a3e1-74acd17bd88f restarts=6 usage_cpu=1m usage_mem=37Mi request_cpu=25m request_mem=250Mi limit_cpu=none limit_mem=none vpa_target_cpu=25m vpa_target_mem=250Mi vpa_uncapped_cpu=25m vpa_uncapped_mem=250Mi vpa_lower_cpu=25m vpa_lower_mem=250Mi vpa_upper_cpu=1500m vpa_upper_mem=512Mi
[2026-08-22T01:15:38+02:00] UPF_CONTROL_SAMPLE timestamp=2026-08-22T01:15:36+02:00 scenario=ue_1 pod=open5gs-upf-5b9db6d44-nsbqz uid=7b5b8ef7-a2a2-4fe9-a3e1-74acd17bd88f restarts=6 usage_cpu=1m usage_mem=37Mi request_cpu=25m request_mem=250Mi limit_cpu=none limit_mem=none vpa_target_cpu=25m vpa_target_mem=250Mi vpa_uncapped_cpu=25m vpa_uncapped_mem=250Mi vpa_lower_cpu=25m vpa_lower_mem=250Mi vpa_upper_cpu=1500m vpa_upper_mem=512Mi
[2026-08-22T01:15:40+02:00] UPF_CONTROL_SAMPLE timestamp=2026-08-22T01:15:39+02:00 scenario=ue_1 pod=open5gs-upf-5b9db6d44-nsbqz uid=7b5b8ef7-a2a2-4fe9-a3e1-74acd17bd88f restarts=6 usage_cpu=1m usage_mem=37Mi request_cpu=25m request_mem=250Mi limit_cpu=none limit_mem=none vpa_target_cpu=25m vpa_target_mem=250Mi vpa_uncapped_cpu=25m vpa_uncapped_mem=250Mi vpa_lower_cpu=25m vpa_lower_mem=250Mi vpa_upper_cpu=1500m vpa_upper_mem=512Mi
[2026-08-22T01:15:42+02:00] UPF_CONTROL_SAMPLE timestamp=2026-08-22T01:15:41+02:00 scenario=ue_1 pod=open5gs-upf-5b9db6d44-nsbqz uid=7b5b8ef7-a2a2-4fe9-a3e1-74acd17bd88f restarts=6 usage_cpu=10m usage_mem=37Mi request_cpu=25m request_mem=250Mi limit_cpu=none limit_mem=none vpa_target_cpu=25m vpa_target_mem=250Mi vpa_uncapped_cpu=25m vpa_uncapped_mem=250Mi vpa_lower_cpu=25m vpa_lower_mem=250Mi vpa_upper_cpu=1500m vpa_upper_mem=512Mi
[2026-08-22T01:15:45+02:00] UPF_CONTROL_SAMPLE timestamp=2026-08-22T01:15:43+02:00 scenario=ue_1 pod=open5gs-upf-5b9db6d44-nsbqz uid=7b5b8ef7-a2a2-4fe9-a3e1-74acd17bd88f restarts=6 usage_cpu=10m usage_mem=37Mi request_cpu=25m request_mem=250Mi limit_cpu=none limit_mem=none vpa_target_cpu=25m vpa_target_mem=250Mi vpa_uncapped_cpu=25m vpa_uncapped_mem=250Mi vpa_lower_cpu=25m vpa_lower_mem=250Mi vpa_upper_cpu=1500m vpa_upper_mem=512Mi
[2026-08-22T01:15:47+02:00] UPF_CONTROL_SAMPLE timestamp=2026-08-22T01:15:46+02:00 scenario=ue_1 pod=open5gs-upf-5b9db6d44-nsbqz uid=7b5b8ef7-a2a2-4fe9-a3e1-74acd17bd88f restarts=6 usage_cpu=10m usage_mem=37Mi request_cpu=25m request_mem=250Mi limit_cpu=none limit_mem=none vpa_target_cpu=25m vpa_target_mem=250Mi vpa_uncapped_cpu=25m vpa_uncapped_mem=250Mi vpa_lower_cpu=25m vpa_lower_mem=250Mi vpa_upper_cpu=1500m vpa_upper_mem=512Mi
[2026-08-22T01:15:49+02:00] UPF_CONTROL_SAMPLE timestamp=2026-08-22T01:15:48+02:00 scenario=ue_1 pod=open5gs-upf-5b9db6d44-nsbqz uid=7b5b8ef7-a2a2-4fe9-a3e1-74acd17bd88f restarts=6 usage_cpu=10m usage_mem=37Mi request_cpu=25m request_mem=250Mi limit_cpu=none limit_mem=none vpa_target_cpu=25m vpa_target_mem=250Mi vpa_uncapped_cpu=25m vpa_uncapped_mem=250Mi vpa_lower_cpu=25m vpa_lower_mem=250Mi vpa_upper_cpu=1500m vpa_upper_mem=512Mi
[2026-08-22T01:15:51+02:00] UPF_CONTROL_SAMPLE timestamp=2026-08-22T01:15:50+02:00 scenario=ue_1 pod=open5gs-upf-5b9db6d44-nsbqz uid=7b5b8ef7-a2a2-4fe9-a3e1-74acd17bd88f restarts=6 usage_cpu=10m usage_mem=37Mi request_cpu=25m request_mem=250Mi limit_cpu=none limit_mem=none vpa_target_cpu=25m vpa_target_mem=250Mi vpa_uncapped_cpu=25m vpa_uncapped_mem=250Mi vpa_lower_cpu=25m vpa_lower_mem=250Mi vpa_upper_cpu=1500m vpa_upper_mem=512Mi
[2026-08-22T01:15:54+02:00] UPF_CONTROL_SAMPLE timestamp=2026-08-22T01:15:52+02:00 scenario=ue_1 pod=open5gs-upf-5b9db6d44-nsbqz uid=7b5b8ef7-a2a2-4fe9-a3e1-74acd17bd88f restarts=6 usage_cpu=10m usage_mem=37Mi request_cpu=25m request_mem=250Mi limit_cpu=none limit_mem=none vpa_target_cpu=25m vpa_target_mem=250Mi vpa_uncapped_cpu=25m vpa_uncapped_mem=250Mi vpa_lower_cpu=25m vpa_lower_mem=250Mi vpa_upper_cpu=1500m vpa_upper_mem=512Mi
[2026-08-22T01:15:56+02:00] UPF_CONTROL_SAMPLE timestamp=2026-08-22T01:15:55+02:00 scenario=ue_1 pod=open5gs-upf-5b9db6d44-nsbqz uid=7b5b8ef7-a2a2-4fe9-a3e1-74acd17bd88f restarts=6 usage_cpu=15m usage_mem=37Mi request_cpu=25m request_mem=250Mi limit_cpu=none limit_mem=none vpa_target_cpu=25m vpa_target_mem=250Mi vpa_uncapped_cpu=25m vpa_uncapped_mem=250Mi vpa_lower_cpu=25m vpa_lower_mem=250Mi vpa_upper_cpu=1500m vpa_upper_mem=512Mi
[2026-08-22T01:15:58+02:00] UPF_CONTROL_SAMPLE timestamp=2026-08-22T01:15:57+02:00 scenario=ue_1 pod=open5gs-upf-5b9db6d44-nsbqz uid=7b5b8ef7-a2a2-4fe9-a3e1-74acd17bd88f restarts=6 usage_cpu=15m usage_mem=37Mi request_cpu=25m request_mem=250Mi limit_cpu=none limit_mem=none vpa_target_cpu=25m vpa_target_mem=250Mi vpa_uncapped_cpu=25m vpa_uncapped_mem=250Mi vpa_lower_cpu=25m vpa_lower_mem=250Mi vpa_upper_cpu=1500m vpa_upper_mem=512Mi
[2026-08-22T01:16:01+02:00] UPF_CONTROL_SAMPLE timestamp=2026-08-22T01:15:59+02:00 scenario=ue_1 pod=open5gs-upf-5b9db6d44-nsbqz uid=7b5b8ef7-a2a2-4fe9-a3e1-74acd17bd88f restarts=6 usage_cpu=15m usage_mem=37Mi request_cpu=25m request_mem=250Mi limit_cpu=none limit_mem=none vpa_target_cpu=25m vpa_target_mem=250Mi vpa_uncapped_cpu=25m vpa_uncapped_mem=250Mi vpa_lower_cpu=25m vpa_lower_mem=250Mi vpa_upper_cpu=1500m vpa_upper_mem=512Mi
[2026-08-22T01:16:03+02:00] UPF_CONTROL_SAMPLE timestamp=2026-08-22T01:16:02+02:00 scenario=ue_1 pod=open5gs-upf-5b9db6d44-nsbqz uid=7b5b8ef7-a2a2-4fe9-a3e1-74acd17bd88f restarts=6 usage_cpu=15m usage_mem=37Mi request_cpu=25m request_mem=250Mi limit_cpu=none limit_mem=none vpa_target_cpu=25m vpa_target_mem=250Mi vpa_uncapped_cpu=25m vpa_uncapped_mem=250Mi vpa_lower_cpu=25m vpa_lower_mem=250Mi vpa_upper_cpu=1500m vpa_upper_mem=512Mi
[2026-08-22T01:16:05+02:00] UPF_CONTROL_SAMPLE timestamp=2026-08-22T01:16:04+02:00 scenario=ue_1 pod=open5gs-upf-5b9db6d44-nsbqz uid=7b5b8ef7-a2a2-4fe9-a3e1-74acd17bd88f restarts=6 usage_cpu=15m usage_mem=37Mi request_cpu=25m request_mem=250Mi limit_cpu=none limit_mem=none vpa_target_cpu=25m vpa_target_mem=250Mi vpa_uncapped_cpu=25m vpa_uncapped_mem=250Mi vpa_lower_cpu=25m vpa_lower_mem=250Mi vpa_upper_cpu=1500m vpa_upper_mem=512Mi
[2026-08-22T01:16:08+02:00] UPF_CONTROL_SAMPLE timestamp=2026-08-22T01:16:06+02:00 scenario=ue_1 pod=open5gs-upf-5b9db6d44-nsbqz uid=7b5b8ef7-a2a2-4fe9-a3e1-74acd17bd88f restarts=6 usage_cpu=15m usage_mem=37Mi request_cpu=25m request_mem=250Mi limit_cpu=none limit_mem=none vpa_target_cpu=25m vpa_target_mem=250Mi vpa_uncapped_cpu=25m vpa_uncapped_mem=250Mi vpa_lower_cpu=25m vpa_lower_mem=250Mi vpa_upper_cpu=1500m vpa_upper_mem=512Mi
[2026-08-22T01:16:11+02:00] UPF_CONTROL_SAMPLE timestamp=2026-08-22T01:16:10+02:00 scenario=ue_1 pod=open5gs-upf-5b9db6d44-nsbqz uid=7b5b8ef7-a2a2-4fe9-a3e1-74acd17bd88f restarts=6 usage_cpu=18m usage_mem=37Mi request_cpu=25m request_mem=250Mi limit_cpu=none limit_mem=none vpa_target_cpu=25m vpa_target_mem=250Mi vpa_uncapped_cpu=25m vpa_uncapped_mem=250Mi vpa_lower_cpu=25m vpa_lower_mem=250Mi vpa_upper_cpu=1500m vpa_upper_mem=512Mi
[2026-08-22T01:16:13+02:00] UPF_CONTROL_SAMPLE timestamp=2026-08-22T01:16:12+02:00 scenario=ue_1 pod=open5gs-upf-5b9db6d44-nsbqz uid=7b5b8ef7-a2a2-4fe9-a3e1-74acd17bd88f restarts=6 usage_cpu=18m usage_mem=37Mi request_cpu=25m request_mem=250Mi limit_cpu=none limit_mem=none vpa_target_cpu=25m vpa_target_mem=250Mi vpa_uncapped_cpu=25m vpa_uncapped_mem=250Mi vpa_lower_cpu=25m vpa_lower_mem=250Mi vpa_upper_cpu=1500m vpa_upper_mem=512Mi
[2026-08-22T01:16:15+02:00] UPF_CONTROL_SAMPLE timestamp=2026-08-22T01:16:14+02:00 scenario=ue_1 pod=open5gs-upf-5b9db6d44-nsbqz uid=7b5b8ef7-a2a2-4fe9-a3e1-74acd17bd88f restarts=6 usage_cpu=18m usage_mem=37Mi request_cpu=25m request_mem=250Mi limit_cpu=none limit_mem=none vpa_target_cpu=25m vpa_target_mem=250Mi vpa_uncapped_cpu=25m vpa_uncapped_mem=250Mi vpa_lower_cpu=25m vpa_lower_mem=250Mi vpa_upper_cpu=1500m vpa_upper_mem=512Mi
[2026-08-22T01:16:18+02:00] UPF_CONTROL_SAMPLE timestamp=2026-08-22T01:16:16+02:00 scenario=ue_1 pod=open5gs-upf-5b9db6d44-nsbqz uid=7b5b8ef7-a2a2-4fe9-a3e1-74acd17bd88f restarts=6 usage_cpu=18m usage_mem=37Mi request_cpu=25m request_mem=250Mi limit_cpu=none limit_mem=none vpa_target_cpu=25m vpa_target_mem=250Mi vpa_uncapped_cpu=25m vpa_uncapped_mem=250Mi vpa_lower_cpu=25m vpa_lower_mem=250Mi vpa_upper_cpu=1500m vpa_upper_mem=512Mi
[2026-08-22T01:16:20+02:00] UPF_CONTROL_SAMPLE timestamp=2026-08-22T01:16:19+02:00 scenario=ue_1 pod=open5gs-upf-5b9db6d44-nsbqz uid=7b5b8ef7-a2a2-4fe9-a3e1-74acd17bd88f restarts=6 usage_cpu=18m usage_mem=37Mi request_cpu=25m request_mem=250Mi limit_cpu=none limit_mem=none vpa_target_cpu=25m vpa_target_mem=250Mi vpa_uncapped_cpu=25m vpa_uncapped_mem=250Mi vpa_lower_cpu=25m vpa_lower_mem=250Mi vpa_upper_cpu=1500m vpa_upper_mem=512Mi
[2026-08-22T01:16:22+02:00] UPF_CONTROL_SAMPLE timestamp=2026-08-22T01:16:21+02:00 scenario=ue_1 pod=open5gs-upf-5b9db6d44-nsbqz uid=7b5b8ef7-a2a2-4fe9-a3e1-74acd17bd88f restarts=6 usage_cpu=18m usage_mem=37Mi request_cpu=25m request_mem=250Mi limit_cpu=none limit_mem=none vpa_target_cpu=25m vpa_target_mem=250Mi vpa_uncapped_cpu=25m vpa_uncapped_mem=250Mi vpa_lower_cpu=25m vpa_lower_mem=250Mi vpa_upper_cpu=1500m vpa_upper_mem=512Mi
[2026-08-22T01:16:24+02:00] UPF_CONTROL_SAMPLE timestamp=2026-08-22T01:16:23+02:00 scenario=ue_1 pod=open5gs-upf-5b9db6d44-nsbqz uid=7b5b8ef7-a2a2-4fe9-a3e1-74acd17bd88f restarts=6 usage_cpu=18m usage_mem=37Mi request_cpu=25m request_mem=250Mi limit_cpu=none limit_mem=none vpa_target_cpu=25m vpa_target_mem=250Mi vpa_uncapped_cpu=25m vpa_uncapped_mem=250Mi vpa_lower_cpu=25m vpa_lower_mem=250Mi vpa_upper_cpu=1500m vpa_upper_mem=512Mi
[2026-08-22T01:16:27+02:00] UPF_CONTROL_SAMPLE timestamp=2026-08-22T01:16:25+02:00 scenario=ue_1 pod=open5gs-upf-5b9db6d44-nsbqz uid=7b5b8ef7-a2a2-4fe9-a3e1-74acd17bd88f restarts=6 usage_cpu=20m usage_mem=37Mi request_cpu=25m request_mem=250Mi limit_cpu=none limit_mem=none vpa_target_cpu=25m vpa_target_mem=250Mi vpa_uncapped_cpu=25m vpa_uncapped_mem=250Mi vpa_lower_cpu=25m vpa_lower_mem=250Mi vpa_upper_cpu=1500m vpa_upper_mem=512Mi
[2026-08-22T01:16:29+02:00] UPF_CONTROL_SAMPLE timestamp=2026-08-22T01:16:28+02:00 scenario=ue_1 pod=open5gs-upf-5b9db6d44-nsbqz uid=7b5b8ef7-a2a2-4fe9-a3e1-74acd17bd88f restarts=6 usage_cpu=20m usage_mem=37Mi request_cpu=25m request_mem=250Mi limit_cpu=none limit_mem=none vpa_target_cpu=25m vpa_target_mem=250Mi vpa_uncapped_cpu=25m vpa_uncapped_mem=250Mi vpa_lower_cpu=25m vpa_lower_mem=250Mi vpa_upper_cpu=1500m vpa_upper_mem=512Mi
[2026-08-22T01:16:31+02:00] UPF_CONTROL_SAMPLE timestamp=2026-08-22T01:16:30+02:00 scenario=ue_1 pod=open5gs-upf-5b9db6d44-nsbqz uid=7b5b8ef7-a2a2-4fe9-a3e1-74acd17bd88f restarts=6 usage_cpu=20m usage_mem=37Mi request_cpu=25m request_mem=250Mi limit_cpu=none limit_mem=none vpa_target_cpu=25m vpa_target_mem=250Mi vpa_uncapped_cpu=25m vpa_uncapped_mem=250Mi vpa_lower_cpu=25m vpa_lower_mem=250Mi vpa_upper_cpu=1500m vpa_upper_mem=512Mi
[2026-08-22T01:16:34+02:00] UPF_CONTROL_SAMPLE timestamp=2026-08-22T01:16:32+02:00 scenario=ue_1 pod=open5gs-upf-5b9db6d44-nsbqz uid=7b5b8ef7-a2a2-4fe9-a3e1-74acd17bd88f restarts=6 usage_cpu=20m usage_mem=37Mi request_cpu=25m request_mem=250Mi limit_cpu=none limit_mem=none vpa_target_cpu=25m vpa_target_mem=250Mi vpa_uncapped_cpu=25m vpa_uncapped_mem=250Mi vpa_lower_cpu=25m vpa_lower_mem=250Mi vpa_upper_cpu=1500m vpa_upper_mem=512Mi
[2026-08-22T01:16:36+02:00] UPF_CONTROL_SAMPLE timestamp=2026-08-22T01:16:35+02:00 scenario=ue_1 pod=open5gs-upf-5b9db6d44-nsbqz uid=7b5b8ef7-a2a2-4fe9-a3e1-74acd17bd88f restarts=6 usage_cpu=20m usage_mem=37Mi request_cpu=25m request_mem=250Mi limit_cpu=none limit_mem=none vpa_target_cpu=25m vpa_target_mem=250Mi vpa_uncapped_cpu=25m vpa_uncapped_mem=250Mi vpa_lower_cpu=25m vpa_lower_mem=250Mi vpa_upper_cpu=1500m vpa_upper_mem=512Mi
[2026-08-22T01:16:38+02:00] UPF_CONTROL_SAMPLE timestamp=2026-08-22T01:16:37+02:00 scenario=ue_1 pod=open5gs-upf-5b9db6d44-nsbqz uid=7b5b8ef7-a2a2-4fe9-a3e1-74acd17bd88f restarts=6 usage_cpu=20m usage_mem=37Mi request_cpu=25m request_mem=250Mi limit_cpu=none limit_mem=none vpa_target_cpu=25m vpa_target_mem=250Mi vpa_uncapped_cpu=25m vpa_uncapped_mem=250Mi vpa_lower_cpu=25m vpa_lower_mem=250Mi vpa_upper_cpu=1500m vpa_upper_mem=512Mi
[2026-08-22T01:16:41+02:00] UPF_CONTROL_SAMPLE timestamp=2026-08-22T01:16:39+02:00 scenario=ue_1 pod=open5gs-upf-5b9db6d44-nsbqz uid=7b5b8ef7-a2a2-4fe9-a3e1-74acd17bd88f restarts=6 usage_cpu=16m usage_mem=37Mi request_cpu=25m request_mem=250Mi limit_cpu=none limit_mem=none vpa_target_cpu=25m vpa_target_mem=250Mi vpa_uncapped_cpu=25m vpa_uncapped_mem=250Mi vpa_lower_cpu=25m vpa_lower_mem=250Mi vpa_upper_cpu=1500m vpa_upper_mem=512Mi
[2026-08-22T01:16:43+02:00] UPF_CONTROL_SAMPLE timestamp=2026-08-22T01:16:42+02:00 scenario=ue_1 pod=open5gs-upf-5b9db6d44-nsbqz uid=7b5b8ef7-a2a2-4fe9-a3e1-74acd17bd88f restarts=6 usage_cpu=16m usage_mem=37Mi request_cpu=25m request_mem=250Mi limit_cpu=none limit_mem=none vpa_target_cpu=25m vpa_target_mem=250Mi vpa_uncapped_cpu=25m vpa_uncapped_mem=250Mi vpa_lower_cpu=25m vpa_lower_mem=250Mi vpa_upper_cpu=1500m vpa_upper_mem=512Mi
[2026-08-22T01:16:45+02:00] UPF_CONTROL_SAMPLE timestamp=2026-08-22T01:16:44+02:00 scenario=ue_1 pod=open5gs-upf-5b9db6d44-nsbqz uid=7b5b8ef7-a2a2-4fe9-a3e1-74acd17bd88f restarts=6 usage_cpu=16m usage_mem=37Mi request_cpu=25m request_mem=250Mi limit_cpu=none limit_mem=none vpa_target_cpu=25m vpa_target_mem=250Mi vpa_uncapped_cpu=25m vpa_uncapped_mem=250Mi vpa_lower_cpu=25m vpa_lower_mem=250Mi vpa_upper_cpu=1500m vpa_upper_mem=512Mi
[2026-08-22T01:16:47+02:00] UPF_CONTROL_SAMPLE timestamp=2026-08-22T01:16:46+02:00 scenario=ue_1 pod=open5gs-upf-5b9db6d44-nsbqz uid=7b5b8ef7-a2a2-4fe9-a3e1-74acd17bd88f restarts=6 usage_cpu=16m usage_mem=37Mi request_cpu=25m request_mem=250Mi limit_cpu=none limit_mem=none vpa_target_cpu=25m vpa_target_mem=250Mi vpa_uncapped_cpu=25m vpa_uncapped_mem=250Mi vpa_lower_cpu=25m vpa_lower_mem=250Mi vpa_upper_cpu=1500m vpa_upper_mem=512Mi
[2026-08-22T01:16:49+02:00] UE_SLOT_DONE timestamp=2026-08-21T23:16:49+00:00 active_ues=1 slot=0 attempt=1 ue_idx=0 ue_if=uesimtun0 ue_ip=10.45.1.146 port=5201 rc=0 replacements_for_slot=0 server_busy_retries_for_slot=0
[2026-08-22T01:16:50+02:00] UPF_CONTROL_SAMPLE timestamp=2026-08-22T01:16:48+02:00 scenario=ue_1 pod=open5gs-upf-5b9db6d44-nsbqz uid=7b5b8ef7-a2a2-4fe9-a3e1-74acd17bd88f restarts=6 usage_cpu=16m usage_mem=37Mi request_cpu=25m request_mem=250Mi limit_cpu=none limit_mem=none vpa_target_cpu=25m vpa_target_mem=250Mi vpa_uncapped_cpu=25m vpa_uncapped_mem=250Mi vpa_lower_cpu=25m vpa_lower_mem=250Mi vpa_upper_cpu=1500m vpa_upper_mem=512Mi
[2026-08-22T01:16:50+02:00] TRAFFIC_SUMMARY timestamp=2026-08-21T23:16:50+00:00 registered_tunnels=50 active_ues=1 target_slots=1 completed_slots=1 final_failed_slots=0 replacements=0 problematic_ues=0 zombie_ues=0 connect_timeouts=0 stalls=0 deferred_stalls=0 process_failures=0 server_busy_retries=0 server_busy_failures=0 late_timeouts_accepted=0 scenario_bad_ues=0 global_suspect_ues=0 used_ues=1 target_host=192.168.1.211 initial_ports=5201-5201 replacement_ports=5251-5265 bitrate=1M start_delay=0.05 detection=no_rx_counter replacement_min_duration_s=5 adaptive_extension_max_s=1 iperf_exit_grace_s=3 server_busy_retries_limit=1 server_busy_retry_delay_s=2 late_replacement_after_end=disabled wait_for_iperf_exit=until_timeout global_suspect_policy=soft_reuse ramp_supervision=after_initial_start
[2026-08-22T01:16:50+02:00] UE_POOL_SCENARIO_BAD_CURRENT timestamp=2026-08-21T23:16:50+00:00 active_ues=1 indexes=
[2026-08-22T01:16:50+02:00] UE_POOL_GLOBAL_SUSPECT_CURRENT timestamp=2026-08-21T23:16:50+00:00 active_ues=1 indexes=
[2026-08-22T01:16:50+02:00] REMOTE_IPERF_PER_UE_END timestamp=2026-08-21T23:16:50+00:00 active_ues=1 tag=ue_1 final_rc=0 completed_slots=1 replacements=0 problematic_ues=0 server_busy_retries=0 deferred_stalls=0 late_timeouts_accepted=0
[2026-08-22T01:16:50+02:00] SCENARIO TRAFFIC COMMAND END timestamp=2026-08-22T01:16:50+02:00 active_ue=1 rc=0
[2026-08-22T01:16:51+02:00] SCENARIO UPF AFTER timestamp=2026-08-22T01:16:51+02:00 active_ue=1 pod=open5gs-upf-5b9db6d44-nsbqz uid=7b5b8ef7-a2a2-4fe9-a3e1-74acd17bd88f restarts=6
[2026-08-22T01:16:51+02:00] SCENARIO END timestamp=2026-08-22T01:16:51+02:00 active_ue=1 rc=0
[2026-08-22T01:16:51+02:00] ================================================================
[2026-08-22T01:16:51+02:00] SCENARIO START timestamp=2026-08-22T01:16:51+02:00 active_ue=3 registered_ue_pool=50 target_host=192.168.1.211 ports=5201-5203 replacement_ports=5251-5265 bitrate_per_ue=1M start_delay=0.05 replacement_min_duration=5 adaptive_extension_max=1
[2026-08-22T01:16:51+02:00] ================================================================
[2026-08-22T01:16:52+02:00] SCENARIO TUNNEL CHECK timestamp=2026-08-22T01:16:52+02:00 active_ue=3 current_tunnels=50 required=50
[2026-08-22T01:16:52+02:00] UPF_CONTROL_SAMPLE timestamp=2026-08-22T01:16:51+02:00 scenario=ue_1 pod=open5gs-upf-5b9db6d44-nsbqz uid=7b5b8ef7-a2a2-4fe9-a3e1-74acd17bd88f restarts=6 usage_cpu=16m usage_mem=37Mi request_cpu=25m request_mem=250Mi limit_cpu=none limit_mem=none vpa_target_cpu=25m vpa_target_mem=250Mi vpa_uncapped_cpu=25m vpa_uncapped_mem=250Mi vpa_lower_cpu=25m vpa_lower_mem=250Mi vpa_upper_cpu=1500m vpa_upper_mem=512Mi
[2026-08-22T01:16:53+02:00] SCENARIO UPF BEFORE timestamp=2026-08-22T01:16:53+02:00 active_ue=3 pod=open5gs-upf-5b9db6d44-nsbqz uid=7b5b8ef7-a2a2-4fe9-a3e1-74acd17bd88f restarts=6
[2026-08-22T01:16:53+02:00] REMOTE_IPERF_PER_UE_START timestamp=2026-08-21T23:16:53+00:00 active_ues=3 tag=ue_3 iperf_host=192.168.1.211 base_port=5201 replacement_base_port=5251 duration=80 bitrate=1M start_delay=0.05 detection=no_rx_counter connect_timeout_s=4 stall_seconds=5 replacement_limit=15 replacement_min_duration_s=5 adaptive_extension_max_s=1 iperf_exit_grace_s=3 server_busy_port_rebinds=1 late_replacement_after_end=disabled wait_for_iperf_exit=until_timeout global_suspect_policy=soft_reuse ramp_supervision=after_initial_start
[2026-08-22T01:16:53+02:00] UE_POOL_STATUS timestamp=2026-08-21T23:16:53+00:00 active_ues=3 registered_tunnels=50 existing_global_suspect_ues=0 used_ues=0 policy=soft_reuse_global_suspects
[2026-08-22T01:16:53+02:00] UE_SLOT_ASSIGN timestamp=2026-08-21T23:16:53+00:00 active_ues=3 slot=0 ue_idx=0 ue_if=uesimtun0 ue_ip=10.45.1.146 candidate_reused_global_suspect=0
[2026-08-22T01:16:53+02:00] UE_SLOT_START timestamp=2026-08-21T23:16:53+00:00 active_ues=3 slot=0 attempt=1 ue_idx=0 ue_if=uesimtun0 ue_ip=10.45.1.146 target=192.168.1.211:5201 bitrate=1M duration_s=80 planned_end_epoch=1787354293 timeout_s=90 hard_timeout_epoch=1787354308 start_rx_bytes=91314
[2026-08-22T01:16:53+02:00] UE_SLOT_PID timestamp=2026-08-21T23:16:53+00:00 active_ues=3 slot=0 attempt=1 ue_idx=0 pid=1891
[2026-08-22T01:16:53+02:00] UE_SLOT_ASSIGN timestamp=2026-08-21T23:16:53+00:00 active_ues=3 slot=1 ue_idx=1 ue_if=uesimtun1 ue_ip=10.45.1.147 candidate_reused_global_suspect=0
[2026-08-22T01:16:54+02:00] UE_SLOT_START timestamp=2026-08-21T23:16:54+00:00 active_ues=3 slot=1 attempt=1 ue_idx=1 ue_if=uesimtun1 ue_ip=10.45.1.147 target=192.168.1.211:5202 bitrate=1M duration_s=80 planned_end_epoch=1787354293 timeout_s=90 hard_timeout_epoch=1787354308 start_rx_bytes=0
[2026-08-22T01:16:54+02:00] UE_SLOT_PID timestamp=2026-08-21T23:16:54+00:00 active_ues=3 slot=1 attempt=1 ue_idx=1 pid=1916
[2026-08-22T01:16:54+02:00] UE_SLOT_ASSIGN timestamp=2026-08-21T23:16:54+00:00 active_ues=3 slot=2 ue_idx=2 ue_if=uesimtun2 ue_ip=10.45.1.148 candidate_reused_global_suspect=0
[2026-08-22T01:16:54+02:00] UE_SLOT_START timestamp=2026-08-21T23:16:54+00:00 active_ues=3 slot=2 attempt=1 ue_idx=2 ue_if=uesimtun2 ue_ip=10.45.1.148 target=192.168.1.211:5203 bitrate=1M duration_s=80 planned_end_epoch=1787354294 timeout_s=90 hard_timeout_epoch=1787354309 start_rx_bytes=0
[2026-08-22T01:16:54+02:00] UE_SLOT_PID timestamp=2026-08-21T23:16:54+00:00 active_ues=3 slot=2 attempt=1 ue_idx=2 pid=1941
[2026-08-22T01:16:54+02:00] IPERF_MAPPING_SUMMARY timestamp=2026-08-21T23:16:54+00:00 active_ues=3 registered_tunnels=50 initial_ports=5201-5203 replacement_ports=5251-5265 bitrate=1M start_delay=0.05 detection=no_rx_counter replacement_min_duration_s=5 adaptive_extension_max_s=1 iperf_exit_grace_s=3 server_busy_port_rebinds=1 late_replacement_after_end=disabled wait_for_iperf_exit=until_timeout global_suspect_policy=soft_reuse ramp_supervision=after_initial_start
[2026-08-22T01:16:55+02:00] UPF_CONTROL_SAMPLE timestamp=2026-08-22T01:16:53+02:00 scenario=ue_3 pod=open5gs-upf-5b9db6d44-nsbqz uid=7b5b8ef7-a2a2-4fe9-a3e1-74acd17bd88f restarts=6 usage_cpu=16m usage_mem=37Mi request_cpu=25m request_mem=250Mi limit_cpu=none limit_mem=none vpa_target_cpu=25m vpa_target_mem=250Mi vpa_uncapped_cpu=25m vpa_uncapped_mem=250Mi vpa_lower_cpu=25m vpa_lower_mem=250Mi vpa_upper_cpu=1500m vpa_upper_mem=512Mi
[2026-08-22T01:16:57+02:00] UPF_CONTROL_SAMPLE timestamp=2026-08-22T01:16:56+02:00 scenario=ue_3 pod=open5gs-upf-5b9db6d44-nsbqz uid=7b5b8ef7-a2a2-4fe9-a3e1-74acd17bd88f restarts=6 usage_cpu=16m usage_mem=37Mi request_cpu=25m request_mem=250Mi limit_cpu=none limit_mem=none vpa_target_cpu=25m vpa_target_mem=250Mi vpa_uncapped_cpu=25m vpa_uncapped_mem=250Mi vpa_lower_cpu=25m vpa_lower_mem=250Mi vpa_upper_cpu=1500m vpa_upper_mem=512Mi
[2026-08-22T01:16:59+02:00] UPF_CONTROL_SAMPLE timestamp=2026-08-22T01:16:58+02:00 scenario=ue_3 pod=open5gs-upf-5b9db6d44-nsbqz uid=7b5b8ef7-a2a2-4fe9-a3e1-74acd17bd88f restarts=6 usage_cpu=16m usage_mem=37Mi request_cpu=25m request_mem=250Mi limit_cpu=none limit_mem=none vpa_target_cpu=25m vpa_target_mem=250Mi vpa_uncapped_cpu=25m vpa_uncapped_mem=250Mi vpa_lower_cpu=25m vpa_lower_mem=250Mi vpa_upper_cpu=1500m vpa_upper_mem=512Mi
[2026-08-22T01:17:01+02:00] UPF_CONTROL_SAMPLE timestamp=2026-08-22T01:17:00+02:00 scenario=ue_3 pod=open5gs-upf-5b9db6d44-nsbqz uid=7b5b8ef7-a2a2-4fe9-a3e1-74acd17bd88f restarts=6 usage_cpu=16m usage_mem=37Mi request_cpu=25m request_mem=250Mi limit_cpu=none limit_mem=none vpa_target_cpu=25m vpa_target_mem=250Mi vpa_uncapped_cpu=25m vpa_uncapped_mem=250Mi vpa_lower_cpu=25m vpa_lower_mem=250Mi vpa_upper_cpu=1500m vpa_upper_mem=512Mi
[2026-08-22T01:17:04+02:00] UPF_CONTROL_SAMPLE timestamp=2026-08-22T01:17:02+02:00 scenario=ue_3 pod=open5gs-upf-5b9db6d44-nsbqz uid=7b5b8ef7-a2a2-4fe9-a3e1-74acd17bd88f restarts=6 usage_cpu=16m usage_mem=37Mi request_cpu=25m request_mem=250Mi limit_cpu=none limit_mem=none vpa_target_cpu=25m vpa_target_mem=250Mi vpa_uncapped_cpu=25m vpa_uncapped_mem=250Mi vpa_lower_cpu=25m vpa_lower_mem=250Mi vpa_upper_cpu=1500m vpa_upper_mem=512Mi
[2026-08-22T01:17:06+02:00] UPF_CONTROL_SAMPLE timestamp=2026-08-22T01:17:05+02:00 scenario=ue_3 pod=open5gs-upf-5b9db6d44-nsbqz uid=7b5b8ef7-a2a2-4fe9-a3e1-74acd17bd88f restarts=6 usage_cpu=16m usage_mem=37Mi request_cpu=25m request_mem=250Mi limit_cpu=none limit_mem=none vpa_target_cpu=25m vpa_target_mem=250Mi vpa_uncapped_cpu=25m vpa_uncapped_mem=250Mi vpa_lower_cpu=25m vpa_lower_mem=250Mi vpa_upper_cpu=1500m vpa_upper_mem=512Mi
[2026-08-22T01:17:08+02:00] UPF_CONTROL_SAMPLE timestamp=2026-08-22T01:17:07+02:00 scenario=ue_3 pod=open5gs-upf-5b9db6d44-nsbqz uid=7b5b8ef7-a2a2-4fe9-a3e1-74acd17bd88f restarts=6 usage_cpu=16m usage_mem=37Mi request_cpu=25m request_mem=250Mi limit_cpu=none limit_mem=none vpa_target_cpu=25m vpa_target_mem=250Mi vpa_uncapped_cpu=25m vpa_uncapped_mem=250Mi vpa_lower_cpu=25m vpa_lower_mem=250Mi vpa_upper_cpu=1500m vpa_upper_mem=512Mi
[2026-08-22T01:17:10+02:00] UPF_CONTROL_SAMPLE timestamp=2026-08-22T01:17:09+02:00 scenario=ue_3 pod=open5gs-upf-5b9db6d44-nsbqz uid=7b5b8ef7-a2a2-4fe9-a3e1-74acd17bd88f restarts=6 usage_cpu=30m usage_mem=37Mi request_cpu=25m request_mem=250Mi limit_cpu=none limit_mem=none vpa_target_cpu=25m vpa_target_mem=250Mi vpa_uncapped_cpu=25m vpa_uncapped_mem=250Mi vpa_lower_cpu=25m vpa_lower_mem=250Mi vpa_upper_cpu=1500m vpa_upper_mem=512Mi
[2026-08-22T01:17:13+02:00] VPA_RECOMMENDATION_CHANGE timestamp=2026-08-22T01:17:11+02:00 scenario=ue_3 old='vpa_target_cpu=25m vpa_target_mem=250Mi vpa_uncapped_cpu=25m vpa_uncapped_mem=250Mi vpa_lower_cpu=25m vpa_lower_mem=250Mi vpa_upper_cpu=1500m vpa_upper_mem=512Mi' new='vpa_target_cpu=35m vpa_target_mem=250Mi vpa_uncapped_cpu=35m vpa_uncapped_mem=250Mi vpa_lower_cpu=25m vpa_lower_mem=250Mi vpa_upper_cpu=1500m vpa_upper_mem=512Mi' previous_5s_sample='timestamp=2026-08-22T01:17:05+02:00 scenario=ue_3 pod=open5gs-upf-5b9db6d44-nsbqz uid=7b5b8ef7-a2a2-4fe9-a3e1-74acd17bd88f restarts=6 usage_cpu=16m usage_mem=37Mi request_cpu=25m request_mem=250Mi limit_cpu=none limit_mem=none vpa_target_cpu=25m vpa_target_mem=250Mi vpa_uncapped_cpu=25m vpa_uncapped_mem=250Mi vpa_lower_cpu=25m vpa_lower_mem=250Mi vpa_upper_cpu=1500m vpa_upper_mem=512Mi' current_sample='timestamp=2026-08-22T01:17:11+02:00 scenario=ue_3 pod=open5gs-upf-5b9db6d44-nsbqz uid=7b5b8ef7-a2a2-4fe9-a3e1-74acd17bd88f restarts=6 usage_cpu=30m usage_mem=37Mi request_cpu=25m request_mem=250Mi limit_cpu=none limit_mem=none vpa_target_cpu=35m vpa_target_mem=250Mi vpa_uncapped_cpu=35m vpa_uncapped_mem=250Mi vpa_lower_cpu=25m vpa_lower_mem=250Mi vpa_upper_cpu=1500m vpa_upper_mem=512Mi'
[2026-08-22T01:17:13+02:00] UPF_CONTROL_SAMPLE timestamp=2026-08-22T01:17:11+02:00 scenario=ue_3 pod=open5gs-upf-5b9db6d44-nsbqz uid=7b5b8ef7-a2a2-4fe9-a3e1-74acd17bd88f restarts=6 usage_cpu=30m usage_mem=37Mi request_cpu=25m request_mem=250Mi limit_cpu=none limit_mem=none vpa_target_cpu=35m vpa_target_mem=250Mi vpa_uncapped_cpu=35m vpa_uncapped_mem=250Mi vpa_lower_cpu=25m vpa_lower_mem=250Mi vpa_upper_cpu=1500m vpa_upper_mem=512Mi
[2026-08-22T01:17:15+02:00] UPF_CONTROL_SAMPLE timestamp=2026-08-22T01:17:14+02:00 scenario=ue_3 pod=open5gs-upf-5b9db6d44-nsbqz uid=7b5b8ef7-a2a2-4fe9-a3e1-74acd17bd88f restarts=6 usage_cpu=30m usage_mem=37Mi request_cpu=25m request_mem=250Mi limit_cpu=none limit_mem=none vpa_target_cpu=35m vpa_target_mem=250Mi vpa_uncapped_cpu=35m vpa_uncapped_mem=250Mi vpa_lower_cpu=25m vpa_lower_mem=250Mi vpa_upper_cpu=1500m vpa_upper_mem=512Mi
[2026-08-22T01:17:17+02:00] UPF_CONTROL_SAMPLE timestamp=2026-08-22T01:17:16+02:00 scenario=ue_3 pod=open5gs-upf-5b9db6d44-nsbqz uid=7b5b8ef7-a2a2-4fe9-a3e1-74acd17bd88f restarts=6 usage_cpu=30m usage_mem=37Mi request_cpu=25m request_mem=250Mi limit_cpu=none limit_mem=none vpa_target_cpu=35m vpa_target_mem=250Mi vpa_uncapped_cpu=35m vpa_uncapped_mem=250Mi vpa_lower_cpu=25m vpa_lower_mem=250Mi vpa_upper_cpu=1500m vpa_upper_mem=512Mi
[2026-08-22T01:17:20+02:00] UPF_CONTROL_SAMPLE timestamp=2026-08-22T01:17:18+02:00 scenario=ue_3 pod=open5gs-upf-5b9db6d44-nsbqz uid=7b5b8ef7-a2a2-4fe9-a3e1-74acd17bd88f restarts=6 usage_cpu=30m usage_mem=37Mi request_cpu=25m request_mem=250Mi limit_cpu=none limit_mem=none vpa_target_cpu=35m vpa_target_mem=250Mi vpa_uncapped_cpu=35m vpa_uncapped_mem=250Mi vpa_lower_cpu=25m vpa_lower_mem=250Mi vpa_upper_cpu=1500m vpa_upper_mem=512Mi
[2026-08-22T01:17:22+02:00] UPF_CONTROL_SAMPLE timestamp=2026-08-22T01:17:21+02:00 scenario=ue_3 pod=open5gs-upf-5b9db6d44-nsbqz uid=7b5b8ef7-a2a2-4fe9-a3e1-74acd17bd88f restarts=6 usage_cpu=30m usage_mem=37Mi request_cpu=25m request_mem=250Mi limit_cpu=none limit_mem=none vpa_target_cpu=35m vpa_target_mem=250Mi vpa_uncapped_cpu=35m vpa_uncapped_mem=250Mi vpa_lower_cpu=25m vpa_lower_mem=250Mi vpa_upper_cpu=1500m vpa_upper_mem=512Mi
[2026-08-22T01:17:24+02:00] UPF_CONTROL_SAMPLE timestamp=2026-08-22T01:17:23+02:00 scenario=ue_3 pod=open5gs-upf-5b9db6d44-nsbqz uid=7b5b8ef7-a2a2-4fe9-a3e1-74acd17bd88f restarts=6 usage_cpu=30m usage_mem=37Mi request_cpu=25m request_mem=250Mi limit_cpu=none limit_mem=none vpa_target_cpu=35m vpa_target_mem=250Mi vpa_uncapped_cpu=35m vpa_uncapped_mem=250Mi vpa_lower_cpu=25m vpa_lower_mem=250Mi vpa_upper_cpu=1500m vpa_upper_mem=512Mi
[2026-08-22T01:17:27+02:00] UPF_REQUEST_CHANGE timestamp=2026-08-22T01:17:25+02:00 scenario=ue_3 pod=open5gs-upf-5b9db6d44-nsbqz uid=7b5b8ef7-a2a2-4fe9-a3e1-74acd17bd88f restarts=6 old='request_cpu=25m request_mem=250Mi limit_cpu=none limit_mem=none' new='request_cpu=35m request_mem=250Mi limit_cpu=none limit_mem=none' previous_5s_sample='timestamp=2026-08-22T01:17:18+02:00 scenario=ue_3 pod=open5gs-upf-5b9db6d44-nsbqz uid=7b5b8ef7-a2a2-4fe9-a3e1-74acd17bd88f restarts=6 usage_cpu=30m usage_mem=37Mi request_cpu=25m request_mem=250Mi limit_cpu=none limit_mem=none vpa_target_cpu=35m vpa_target_mem=250Mi vpa_uncapped_cpu=35m vpa_uncapped_mem=250Mi vpa_lower_cpu=25m vpa_lower_mem=250Mi vpa_upper_cpu=1500m vpa_upper_mem=512Mi' current_sample='timestamp=2026-08-22T01:17:25+02:00 scenario=ue_3 pod=open5gs-upf-5b9db6d44-nsbqz uid=7b5b8ef7-a2a2-4fe9-a3e1-74acd17bd88f restarts=6 usage_cpu=53m usage_mem=37Mi request_cpu=35m request_mem=250Mi limit_cpu=none limit_mem=none vpa_target_cpu=35m vpa_target_mem=250Mi vpa_uncapped_cpu=35m vpa_uncapped_mem=250Mi vpa_lower_cpu=25m vpa_lower_mem=250Mi vpa_upper_cpu=1500m vpa_upper_mem=512Mi'
[2026-08-22T01:17:27+02:00] UPF_CONTROL_SAMPLE timestamp=2026-08-22T01:17:25+02:00 scenario=ue_3 pod=open5gs-upf-5b9db6d44-nsbqz uid=7b5b8ef7-a2a2-4fe9-a3e1-74acd17bd88f restarts=6 usage_cpu=53m usage_mem=37Mi request_cpu=35m request_mem=250Mi limit_cpu=none limit_mem=none vpa_target_cpu=35m vpa_target_mem=250Mi vpa_uncapped_cpu=35m vpa_uncapped_mem=250Mi vpa_lower_cpu=25m vpa_lower_mem=250Mi vpa_upper_cpu=1500m vpa_upper_mem=512Mi
[2026-08-22T01:17:30+02:00] UPF_CONTROL_SAMPLE timestamp=2026-08-22T01:17:28+02:00 scenario=ue_3 pod=open5gs-upf-5b9db6d44-nsbqz uid=7b5b8ef7-a2a2-4fe9-a3e1-74acd17bd88f restarts=6 usage_cpu=53m usage_mem=37Mi request_cpu=35m request_mem=250Mi limit_cpu=none limit_mem=none vpa_target_cpu=35m vpa_target_mem=250Mi vpa_uncapped_cpu=35m vpa_uncapped_mem=250Mi vpa_lower_cpu=25m vpa_lower_mem=250Mi vpa_upper_cpu=1500m vpa_upper_mem=512Mi
[2026-08-22T01:17:32+02:00] UPF_CONTROL_SAMPLE timestamp=2026-08-22T01:17:31+02:00 scenario=ue_3 pod=open5gs-upf-5b9db6d44-nsbqz uid=7b5b8ef7-a2a2-4fe9-a3e1-74acd17bd88f restarts=6 usage_cpu=53m usage_mem=37Mi request_cpu=35m request_mem=250Mi limit_cpu=none limit_mem=none vpa_target_cpu=35m vpa_target_mem=250Mi vpa_uncapped_cpu=35m vpa_uncapped_mem=250Mi vpa_lower_cpu=25m vpa_lower_mem=250Mi vpa_upper_cpu=1500m vpa_upper_mem=512Mi
[2026-08-22T01:17:34+02:00] UPF_CONTROL_SAMPLE timestamp=2026-08-22T01:17:33+02:00 scenario=ue_3 pod=open5gs-upf-5b9db6d44-nsbqz uid=7b5b8ef7-a2a2-4fe9-a3e1-74acd17bd88f restarts=6 usage_cpu=53m usage_mem=37Mi request_cpu=35m request_mem=250Mi limit_cpu=none limit_mem=none vpa_target_cpu=35m vpa_target_mem=250Mi vpa_uncapped_cpu=35m vpa_uncapped_mem=250Mi vpa_lower_cpu=25m vpa_lower_mem=250Mi vpa_upper_cpu=1500m vpa_upper_mem=512Mi
[2026-08-22T01:17:36+02:00] UPF_CONTROL_SAMPLE timestamp=2026-08-22T01:17:35+02:00 scenario=ue_3 pod=open5gs-upf-5b9db6d44-nsbqz uid=7b5b8ef7-a2a2-4fe9-a3e1-74acd17bd88f restarts=6 usage_cpu=53m usage_mem=37Mi request_cpu=35m request_mem=250Mi limit_cpu=none limit_mem=none vpa_target_cpu=35m vpa_target_mem=250Mi vpa_uncapped_cpu=35m vpa_uncapped_mem=250Mi vpa_lower_cpu=25m vpa_lower_mem=250Mi vpa_upper_cpu=1500m vpa_upper_mem=512Mi
[2026-08-22T01:17:39+02:00] UPF_CONTROL_SAMPLE timestamp=2026-08-22T01:17:37+02:00 scenario=ue_3 pod=open5gs-upf-5b9db6d44-nsbqz uid=7b5b8ef7-a2a2-4fe9-a3e1-74acd17bd88f restarts=6 usage_cpu=53m usage_mem=37Mi request_cpu=35m request_mem=250Mi limit_cpu=none limit_mem=none vpa_target_cpu=35m vpa_target_mem=250Mi vpa_uncapped_cpu=35m vpa_uncapped_mem=250Mi vpa_lower_cpu=25m vpa_lower_mem=250Mi vpa_upper_cpu=1500m vpa_upper_mem=512Mi
[2026-08-22T01:17:41+02:00] UPF_CONTROL_SAMPLE timestamp=2026-08-22T01:17:40+02:00 scenario=ue_3 pod=open5gs-upf-5b9db6d44-nsbqz uid=7b5b8ef7-a2a2-4fe9-a3e1-74acd17bd88f restarts=6 usage_cpu=46m usage_mem=37Mi request_cpu=35m request_mem=250Mi limit_cpu=none limit_mem=none vpa_target_cpu=35m vpa_target_mem=250Mi vpa_uncapped_cpu=35m vpa_uncapped_mem=250Mi vpa_lower_cpu=25m vpa_lower_mem=250Mi vpa_upper_cpu=1500m vpa_upper_mem=512Mi
[2026-08-22T01:17:43+02:00] UPF_CONTROL_SAMPLE timestamp=2026-08-22T01:17:42+02:00 scenario=ue_3 pod=open5gs-upf-5b9db6d44-nsbqz uid=7b5b8ef7-a2a2-4fe9-a3e1-74acd17bd88f restarts=6 usage_cpu=46m usage_mem=37Mi request_cpu=35m request_mem=250Mi limit_cpu=none limit_mem=none vpa_target_cpu=35m vpa_target_mem=250Mi vpa_uncapped_cpu=35m vpa_uncapped_mem=250Mi vpa_lower_cpu=25m vpa_lower_mem=250Mi vpa_upper_cpu=1500m vpa_upper_mem=512Mi
[2026-08-22T01:17:46+02:00] UPF_CONTROL_SAMPLE timestamp=2026-08-22T01:17:44+02:00 scenario=ue_3 pod=open5gs-upf-5b9db6d44-nsbqz uid=7b5b8ef7-a2a2-4fe9-a3e1-74acd17bd88f restarts=6 usage_cpu=46m usage_mem=37Mi request_cpu=35m request_mem=250Mi limit_cpu=none limit_mem=none vpa_target_cpu=35m vpa_target_mem=250Mi vpa_uncapped_cpu=35m vpa_uncapped_mem=250Mi vpa_lower_cpu=25m vpa_lower_mem=250Mi vpa_upper_cpu=1500m vpa_upper_mem=512Mi
[2026-08-22T01:17:48+02:00] UPF_CONTROL_SAMPLE timestamp=2026-08-22T01:17:47+02:00 scenario=ue_3 pod=open5gs-upf-5b9db6d44-nsbqz uid=7b5b8ef7-a2a2-4fe9-a3e1-74acd17bd88f restarts=6 usage_cpu=46m usage_mem=37Mi request_cpu=35m request_mem=250Mi limit_cpu=none limit_mem=none vpa_target_cpu=35m vpa_target_mem=250Mi vpa_uncapped_cpu=35m vpa_uncapped_mem=250Mi vpa_lower_cpu=25m vpa_lower_mem=250Mi vpa_upper_cpu=1500m vpa_upper_mem=512Mi
[2026-08-22T01:17:50+02:00] UPF_CONTROL_SAMPLE timestamp=2026-08-22T01:17:49+02:00 scenario=ue_3 pod=open5gs-upf-5b9db6d44-nsbqz uid=7b5b8ef7-a2a2-4fe9-a3e1-74acd17bd88f restarts=6 usage_cpu=46m usage_mem=37Mi request_cpu=35m request_mem=250Mi limit_cpu=none limit_mem=none vpa_target_cpu=35m vpa_target_mem=250Mi vpa_uncapped_cpu=35m vpa_uncapped_mem=250Mi vpa_lower_cpu=25m vpa_lower_mem=250Mi vpa_upper_cpu=1500m vpa_upper_mem=512Mi
[2026-08-22T01:17:52+02:00] UPF_CONTROL_SAMPLE timestamp=2026-08-22T01:17:51+02:00 scenario=ue_3 pod=open5gs-upf-5b9db6d44-nsbqz uid=7b5b8ef7-a2a2-4fe9-a3e1-74acd17bd88f restarts=6 usage_cpu=46m usage_mem=37Mi request_cpu=35m request_mem=250Mi limit_cpu=none limit_mem=none vpa_target_cpu=35m vpa_target_mem=250Mi vpa_uncapped_cpu=35m vpa_uncapped_mem=250Mi vpa_lower_cpu=25m vpa_lower_mem=250Mi vpa_upper_cpu=1500m vpa_upper_mem=512Mi
[2026-08-22T01:17:54+02:00] UPF_CONTROL_SAMPLE timestamp=2026-08-22T01:17:53+02:00 scenario=ue_3 pod=open5gs-upf-5b9db6d44-nsbqz uid=7b5b8ef7-a2a2-4fe9-a3e1-74acd17bd88f restarts=6 usage_cpu=46m usage_mem=37Mi request_cpu=35m request_mem=250Mi limit_cpu=none limit_mem=none vpa_target_cpu=35m vpa_target_mem=250Mi vpa_uncapped_cpu=35m vpa_uncapped_mem=250Mi vpa_lower_cpu=25m vpa_lower_mem=250Mi vpa_upper_cpu=1500m vpa_upper_mem=512Mi
[2026-08-22T01:17:57+02:00] UPF_CONTROL_SAMPLE timestamp=2026-08-22T01:17:55+02:00 scenario=ue_3 pod=open5gs-upf-5b9db6d44-nsbqz uid=7b5b8ef7-a2a2-4fe9-a3e1-74acd17bd88f restarts=6 usage_cpu=46m usage_mem=37Mi request_cpu=35m request_mem=250Mi limit_cpu=none limit_mem=none vpa_target_cpu=35m vpa_target_mem=250Mi vpa_uncapped_cpu=35m vpa_uncapped_mem=250Mi vpa_lower_cpu=25m vpa_lower_mem=250Mi vpa_upper_cpu=1500m vpa_upper_mem=512Mi
[2026-08-22T01:17:59+02:00] UPF_CONTROL_SAMPLE timestamp=2026-08-22T01:17:58+02:00 scenario=ue_3 pod=open5gs-upf-5b9db6d44-nsbqz uid=7b5b8ef7-a2a2-4fe9-a3e1-74acd17bd88f restarts=6 usage_cpu=46m usage_mem=37Mi request_cpu=35m request_mem=250Mi limit_cpu=none limit_mem=none vpa_target_cpu=35m vpa_target_mem=250Mi vpa_uncapped_cpu=35m vpa_uncapped_mem=250Mi vpa_lower_cpu=25m vpa_lower_mem=250Mi vpa_upper_cpu=1500m vpa_upper_mem=512Mi
[2026-08-22T01:18:01+02:00] UPF_CONTROL_SAMPLE timestamp=2026-08-22T01:18:00+02:00 scenario=ue_3 pod=open5gs-upf-5b9db6d44-nsbqz uid=7b5b8ef7-a2a2-4fe9-a3e1-74acd17bd88f restarts=6 usage_cpu=46m usage_mem=37Mi request_cpu=35m request_mem=250Mi limit_cpu=none limit_mem=none vpa_target_cpu=35m vpa_target_mem=250Mi vpa_uncapped_cpu=35m vpa_uncapped_mem=250Mi vpa_lower_cpu=25m vpa_lower_mem=250Mi vpa_upper_cpu=1500m vpa_upper_mem=512Mi
[2026-08-22T01:18:04+02:00] UPF_CONTROL_SAMPLE timestamp=2026-08-22T01:18:02+02:00 scenario=ue_3 pod=open5gs-upf-5b9db6d44-nsbqz uid=7b5b8ef7-a2a2-4fe9-a3e1-74acd17bd88f restarts=6 usage_cpu=46m usage_mem=37Mi request_cpu=35m request_mem=250Mi limit_cpu=none limit_mem=none vpa_target_cpu=35m vpa_target_mem=250Mi vpa_uncapped_cpu=35m vpa_uncapped_mem=250Mi vpa_lower_cpu=25m vpa_lower_mem=250Mi vpa_upper_cpu=1500m vpa_upper_mem=512Mi
[2026-08-22T01:18:06+02:00] UPF_CONTROL_SAMPLE timestamp=2026-08-22T01:18:05+02:00 scenario=ue_3 pod=open5gs-upf-5b9db6d44-nsbqz uid=7b5b8ef7-a2a2-4fe9-a3e1-74acd17bd88f restarts=6 usage_cpu=46m usage_mem=37Mi request_cpu=35m request_mem=250Mi limit_cpu=none limit_mem=none vpa_target_cpu=35m vpa_target_mem=250Mi vpa_uncapped_cpu=35m vpa_uncapped_mem=250Mi vpa_lower_cpu=25m vpa_lower_mem=250Mi vpa_upper_cpu=1500m vpa_upper_mem=512Mi
[2026-08-22T01:18:08+02:00] UPF_CONTROL_SAMPLE timestamp=2026-08-22T01:18:07+02:00 scenario=ue_3 pod=open5gs-upf-5b9db6d44-nsbqz uid=7b5b8ef7-a2a2-4fe9-a3e1-74acd17bd88f restarts=6 usage_cpu=46m usage_mem=37Mi request_cpu=35m request_mem=250Mi limit_cpu=none limit_mem=none vpa_target_cpu=35m vpa_target_mem=250Mi vpa_uncapped_cpu=35m vpa_uncapped_mem=250Mi vpa_lower_cpu=25m vpa_lower_mem=250Mi vpa_upper_cpu=1500m vpa_upper_mem=512Mi
[2026-08-22T01:18:10+02:00] UPF_CONTROL_SAMPLE timestamp=2026-08-22T01:18:09+02:00 scenario=ue_3 pod=open5gs-upf-5b9db6d44-nsbqz uid=7b5b8ef7-a2a2-4fe9-a3e1-74acd17bd88f restarts=6 usage_cpu=49m usage_mem=37Mi request_cpu=35m request_mem=250Mi limit_cpu=none limit_mem=none vpa_target_cpu=35m vpa_target_mem=250Mi vpa_uncapped_cpu=35m vpa_uncapped_mem=250Mi vpa_lower_cpu=25m vpa_lower_mem=250Mi vpa_upper_cpu=1500m vpa_upper_mem=512Mi
[2026-08-22T01:18:13+02:00] VPA_RECOMMENDATION_CHANGE timestamp=2026-08-22T01:18:11+02:00 scenario=ue_3 old='vpa_target_cpu=35m vpa_target_mem=250Mi vpa_uncapped_cpu=35m vpa_uncapped_mem=250Mi vpa_lower_cpu=25m vpa_lower_mem=250Mi vpa_upper_cpu=1500m vpa_upper_mem=512Mi' new='vpa_target_cpu=63m vpa_target_mem=250Mi vpa_uncapped_cpu=63m vpa_uncapped_mem=250Mi vpa_lower_cpu=25m vpa_lower_mem=250Mi vpa_upper_cpu=1500m vpa_upper_mem=512Mi' previous_5s_sample='timestamp=2026-08-22T01:18:05+02:00 scenario=ue_3 pod=open5gs-upf-5b9db6d44-nsbqz uid=7b5b8ef7-a2a2-4fe9-a3e1-74acd17bd88f restarts=6 usage_cpu=46m usage_mem=37Mi request_cpu=35m request_mem=250Mi limit_cpu=none limit_mem=none vpa_target_cpu=35m vpa_target_mem=250Mi vpa_uncapped_cpu=35m vpa_uncapped_mem=250Mi vpa_lower_cpu=25m vpa_lower_mem=250Mi vpa_upper_cpu=1500m vpa_upper_mem=512Mi' current_sample='timestamp=2026-08-22T01:18:11+02:00 scenario=ue_3 pod=open5gs-upf-5b9db6d44-nsbqz uid=7b5b8ef7-a2a2-4fe9-a3e1-74acd17bd88f restarts=6 usage_cpu=49m usage_mem=37Mi request_cpu=35m request_mem=250Mi limit_cpu=none limit_mem=none vpa_target_cpu=63m vpa_target_mem=250Mi vpa_uncapped_cpu=63m vpa_uncapped_mem=250Mi vpa_lower_cpu=25m vpa_lower_mem=250Mi vpa_upper_cpu=1500m vpa_upper_mem=512Mi'
[2026-08-22T01:18:13+02:00] UPF_CONTROL_SAMPLE timestamp=2026-08-22T01:18:11+02:00 scenario=ue_3 pod=open5gs-upf-5b9db6d44-nsbqz uid=7b5b8ef7-a2a2-4fe9-a3e1-74acd17bd88f restarts=6 usage_cpu=49m usage_mem=37Mi request_cpu=35m request_mem=250Mi limit_cpu=none limit_mem=none vpa_target_cpu=63m vpa_target_mem=250Mi vpa_uncapped_cpu=63m vpa_uncapped_mem=250Mi vpa_lower_cpu=25m vpa_lower_mem=250Mi vpa_upper_cpu=1500m vpa_upper_mem=512Mi
[2026-08-22T01:18:14+02:00] UE_SLOT_DONE timestamp=2026-08-21T23:18:14+00:00 active_ues=3 slot=0 attempt=1 ue_idx=0 ue_if=uesimtun0 ue_ip=10.45.1.146 port=5201 rc=0 replacements_for_slot=0 server_busy_retries_for_slot=0
[2026-08-22T01:18:14+02:00] UE_SLOT_DONE timestamp=2026-08-21T23:18:14+00:00 active_ues=3 slot=1 attempt=1 ue_idx=1 ue_if=uesimtun1 ue_ip=10.45.1.147 port=5202 rc=0 replacements_for_slot=0 server_busy_retries_for_slot=0
[2026-08-22T01:18:15+02:00] UE_SLOT_DONE timestamp=2026-08-21T23:18:15+00:00 active_ues=3 slot=2 attempt=1 ue_idx=2 ue_if=uesimtun2 ue_ip=10.45.1.148 port=5203 rc=0 replacements_for_slot=0 server_busy_retries_for_slot=0
[2026-08-22T01:18:15+02:00] UPF_CONTROL_SAMPLE timestamp=2026-08-22T01:18:14+02:00 scenario=ue_3 pod=open5gs-upf-5b9db6d44-nsbqz uid=7b5b8ef7-a2a2-4fe9-a3e1-74acd17bd88f restarts=6 usage_cpu=49m usage_mem=37Mi request_cpu=35m request_mem=250Mi limit_cpu=none limit_mem=none vpa_target_cpu=63m vpa_target_mem=250Mi vpa_uncapped_cpu=63m vpa_uncapped_mem=250Mi vpa_lower_cpu=25m vpa_lower_mem=250Mi vpa_upper_cpu=1500m vpa_upper_mem=512Mi
[2026-08-22T01:18:16+02:00] TRAFFIC_SUMMARY timestamp=2026-08-21T23:18:16+00:00 registered_tunnels=50 active_ues=3 target_slots=3 completed_slots=3 final_failed_slots=0 replacements=0 problematic_ues=0 zombie_ues=0 connect_timeouts=0 stalls=0 deferred_stalls=0 process_failures=0 server_busy_retries=0 server_busy_failures=0 late_timeouts_accepted=0 scenario_bad_ues=0 global_suspect_ues=0 used_ues=3 target_host=192.168.1.211 initial_ports=5201-5203 replacement_ports=5251-5265 bitrate=1M start_delay=0.05 detection=no_rx_counter replacement_min_duration_s=5 adaptive_extension_max_s=1 iperf_exit_grace_s=3 server_busy_retries_limit=1 server_busy_retry_delay_s=2 late_replacement_after_end=disabled wait_for_iperf_exit=until_timeout global_suspect_policy=soft_reuse ramp_supervision=after_initial_start
[2026-08-22T01:18:16+02:00] UE_POOL_SCENARIO_BAD_CURRENT timestamp=2026-08-21T23:18:16+00:00 active_ues=3 indexes=
[2026-08-22T01:18:16+02:00] UE_POOL_GLOBAL_SUSPECT_CURRENT timestamp=2026-08-21T23:18:16+00:00 active_ues=3 indexes=
[2026-08-22T01:18:16+02:00] REMOTE_IPERF_PER_UE_END timestamp=2026-08-21T23:18:16+00:00 active_ues=3 tag=ue_3 final_rc=0 completed_slots=3 replacements=0 problematic_ues=0 server_busy_retries=0 deferred_stalls=0 late_timeouts_accepted=0
[2026-08-22T01:18:16+02:00] SCENARIO TRAFFIC COMMAND END timestamp=2026-08-22T01:18:16+02:00 active_ue=3 rc=0
[2026-08-22T01:18:17+02:00] SCENARIO UPF AFTER timestamp=2026-08-22T01:18:17+02:00 active_ue=3 pod=open5gs-upf-5b9db6d44-nsbqz uid=7b5b8ef7-a2a2-4fe9-a3e1-74acd17bd88f restarts=6
[2026-08-22T01:18:17+02:00] SCENARIO END timestamp=2026-08-22T01:18:17+02:00 active_ue=3 rc=0
[2026-08-22T01:18:17+02:00] ================================================================
[2026-08-22T01:18:17+02:00] SCENARIO START timestamp=2026-08-22T01:18:17+02:00 active_ue=5 registered_ue_pool=50 target_host=192.168.1.211 ports=5201-5205 replacement_ports=5251-5265 bitrate_per_ue=1M start_delay=0.05 replacement_min_duration=5 adaptive_extension_max=1
[2026-08-22T01:18:17+02:00] ================================================================
[2026-08-22T01:18:17+02:00] SCENARIO TUNNEL CHECK timestamp=2026-08-22T01:18:17+02:00 active_ue=5 current_tunnels=50 required=50
[2026-08-22T01:18:18+02:00] UPF_CONTROL_SAMPLE timestamp=2026-08-22T01:18:16+02:00 scenario=ue_3 pod=open5gs-upf-5b9db6d44-nsbqz uid=7b5b8ef7-a2a2-4fe9-a3e1-74acd17bd88f restarts=6 usage_cpu=49m usage_mem=37Mi request_cpu=35m request_mem=250Mi limit_cpu=none limit_mem=none vpa_target_cpu=63m vpa_target_mem=250Mi vpa_uncapped_cpu=63m vpa_uncapped_mem=250Mi vpa_lower_cpu=25m vpa_lower_mem=250Mi vpa_upper_cpu=1500m vpa_upper_mem=512Mi
[2026-08-22T01:18:18+02:00] SCENARIO UPF BEFORE timestamp=2026-08-22T01:18:18+02:00 active_ue=5 pod=open5gs-upf-5b9db6d44-nsbqz uid=7b5b8ef7-a2a2-4fe9-a3e1-74acd17bd88f restarts=6
[2026-08-22T01:18:19+02:00] REMOTE_IPERF_PER_UE_START timestamp=2026-08-21T23:18:18+00:00 active_ues=5 tag=ue_5 iperf_host=192.168.1.211 base_port=5201 replacement_base_port=5251 duration=80 bitrate=1M start_delay=0.05 detection=no_rx_counter connect_timeout_s=4 stall_seconds=5 replacement_limit=15 replacement_min_duration_s=5 adaptive_extension_max_s=1 iperf_exit_grace_s=3 server_busy_port_rebinds=1 late_replacement_after_end=disabled wait_for_iperf_exit=until_timeout global_suspect_policy=soft_reuse ramp_supervision=after_initial_start
[2026-08-22T01:18:19+02:00] UE_POOL_STATUS timestamp=2026-08-21T23:18:19+00:00 active_ues=5 registered_tunnels=50 existing_global_suspect_ues=0 used_ues=0 policy=soft_reuse_global_suspects
[2026-08-22T01:18:19+02:00] UE_SLOT_ASSIGN timestamp=2026-08-21T23:18:19+00:00 active_ues=5 slot=0 ue_idx=0 ue_if=uesimtun0 ue_ip=10.45.1.146 candidate_reused_global_suspect=0
[2026-08-22T01:18:19+02:00] UE_SLOT_START timestamp=2026-08-21T23:18:19+00:00 active_ues=5 slot=0 attempt=1 ue_idx=0 ue_if=uesimtun0 ue_ip=10.45.1.146 target=192.168.1.211:5201 bitrate=1M duration_s=80 planned_end_epoch=1787354379 timeout_s=90 hard_timeout_epoch=1787354394 start_rx_bytes=171713
[2026-08-22T01:18:19+02:00] UE_SLOT_PID timestamp=2026-08-21T23:18:19+00:00 active_ues=5 slot=0 attempt=1 ue_idx=0 pid=3291
[2026-08-22T01:18:19+02:00] UE_SLOT_ASSIGN timestamp=2026-08-21T23:18:19+00:00 active_ues=5 slot=1 ue_idx=1 ue_if=uesimtun1 ue_ip=10.45.1.147 candidate_reused_global_suspect=0
[2026-08-22T01:18:19+02:00] UE_SLOT_START timestamp=2026-08-21T23:18:19+00:00 active_ues=5 slot=1 attempt=1 ue_idx=1 ue_if=uesimtun1 ue_ip=10.45.1.147 target=192.168.1.211:5202 bitrate=1M duration_s=80 planned_end_epoch=1787354379 timeout_s=90 hard_timeout_epoch=1787354394 start_rx_bytes=82849
[2026-08-22T01:18:19+02:00] UE_SLOT_PID timestamp=2026-08-21T23:18:19+00:00 active_ues=5 slot=1 attempt=1 ue_idx=1 pid=3316
[2026-08-22T01:18:19+02:00] UE_SLOT_ASSIGN timestamp=2026-08-21T23:18:19+00:00 active_ues=5 slot=2 ue_idx=2 ue_if=uesimtun2 ue_ip=10.45.1.148 candidate_reused_global_suspect=0
[2026-08-22T01:18:19+02:00] UE_SLOT_START timestamp=2026-08-21T23:18:19+00:00 active_ues=5 slot=2 attempt=1 ue_idx=2 ue_if=uesimtun2 ue_ip=10.45.1.148 target=192.168.1.211:5203 bitrate=1M duration_s=80 planned_end_epoch=1787354379 timeout_s=90 hard_timeout_epoch=1787354394 start_rx_bytes=81096
[2026-08-22T01:18:19+02:00] UE_SLOT_PID timestamp=2026-08-21T23:18:19+00:00 active_ues=5 slot=2 attempt=1 ue_idx=2 pid=3341
[2026-08-22T01:18:19+02:00] UE_SLOT_ASSIGN timestamp=2026-08-21T23:18:19+00:00 active_ues=5 slot=3 ue_idx=3 ue_if=uesimtun3 ue_ip=10.45.1.149 candidate_reused_global_suspect=0
[2026-08-22T01:18:19+02:00] UE_SLOT_START timestamp=2026-08-21T23:18:19+00:00 active_ues=5 slot=3 attempt=1 ue_idx=3 ue_if=uesimtun3 ue_ip=10.45.1.149 target=192.168.1.211:5204 bitrate=1M duration_s=80 planned_end_epoch=1787354379 timeout_s=90 hard_timeout_epoch=1787354394 start_rx_bytes=0
[2026-08-22T01:18:19+02:00] UE_SLOT_PID timestamp=2026-08-21T23:18:19+00:00 active_ues=5 slot=3 attempt=1 ue_idx=3 pid=3366
[2026-08-22T01:18:20+02:00] UE_SLOT_ASSIGN timestamp=2026-08-21T23:18:20+00:00 active_ues=5 slot=4 ue_idx=4 ue_if=uesimtun4 ue_ip=10.45.1.151 candidate_reused_global_suspect=0
[2026-08-22T01:18:20+02:00] UE_SLOT_START timestamp=2026-08-21T23:18:20+00:00 active_ues=5 slot=4 attempt=1 ue_idx=4 ue_if=uesimtun4 ue_ip=10.45.1.151 target=192.168.1.211:5205 bitrate=1M duration_s=80 planned_end_epoch=1787354380 timeout_s=90 hard_timeout_epoch=1787354395 start_rx_bytes=0
[2026-08-22T01:18:20+02:00] UE_SLOT_PID timestamp=2026-08-21T23:18:20+00:00 active_ues=5 slot=4 attempt=1 ue_idx=4 pid=3391
[2026-08-22T01:18:20+02:00] IPERF_MAPPING_SUMMARY timestamp=2026-08-21T23:18:20+00:00 active_ues=5 registered_tunnels=50 initial_ports=5201-5205 replacement_ports=5251-5265 bitrate=1M start_delay=0.05 detection=no_rx_counter replacement_min_duration_s=5 adaptive_extension_max_s=1 iperf_exit_grace_s=3 server_busy_port_rebinds=1 late_replacement_after_end=disabled wait_for_iperf_exit=until_timeout global_suspect_policy=soft_reuse ramp_supervision=after_initial_start
[2026-08-22T01:18:20+02:00] UPF_CONTROL_SAMPLE timestamp=2026-08-22T01:18:19+02:00 scenario=ue_5 pod=open5gs-upf-5b9db6d44-nsbqz uid=7b5b8ef7-a2a2-4fe9-a3e1-74acd17bd88f restarts=6 usage_cpu=49m usage_mem=37Mi request_cpu=35m request_mem=250Mi limit_cpu=none limit_mem=none vpa_target_cpu=63m vpa_target_mem=250Mi vpa_uncapped_cpu=63m vpa_uncapped_mem=250Mi vpa_lower_cpu=25m vpa_lower_mem=250Mi vpa_upper_cpu=1500m vpa_upper_mem=512Mi
[2026-08-22T01:18:22+02:00] UPF_CONTROL_SAMPLE timestamp=2026-08-22T01:18:21+02:00 scenario=ue_5 pod=open5gs-upf-5b9db6d44-nsbqz uid=7b5b8ef7-a2a2-4fe9-a3e1-74acd17bd88f restarts=6 usage_cpu=49m usage_mem=37Mi request_cpu=35m request_mem=250Mi limit_cpu=none limit_mem=none vpa_target_cpu=63m vpa_target_mem=250Mi vpa_uncapped_cpu=63m vpa_uncapped_mem=250Mi vpa_lower_cpu=25m vpa_lower_mem=250Mi vpa_upper_cpu=1500m vpa_upper_mem=512Mi
[2026-08-22T01:18:24+02:00] UPF_CONTROL_SAMPLE timestamp=2026-08-22T01:18:23+02:00 scenario=ue_5 pod=open5gs-upf-5b9db6d44-nsbqz uid=7b5b8ef7-a2a2-4fe9-a3e1-74acd17bd88f restarts=6 usage_cpu=49m usage_mem=37Mi request_cpu=35m request_mem=250Mi limit_cpu=none limit_mem=none vpa_target_cpu=63m vpa_target_mem=250Mi vpa_uncapped_cpu=63m vpa_uncapped_mem=250Mi vpa_lower_cpu=25m vpa_lower_mem=250Mi vpa_upper_cpu=1500m vpa_upper_mem=512Mi
[2026-08-22T01:18:27+02:00] UPF_REQUEST_CHANGE timestamp=2026-08-22T01:18:25+02:00 scenario=ue_5 pod=open5gs-upf-5b9db6d44-nsbqz uid=7b5b8ef7-a2a2-4fe9-a3e1-74acd17bd88f restarts=6 old='request_cpu=35m request_mem=250Mi limit_cpu=none limit_mem=none' new='request_cpu=63m request_mem=250Mi limit_cpu=none limit_mem=none' previous_5s_sample='timestamp=2026-08-22T01:18:19+02:00 scenario=ue_5 pod=open5gs-upf-5b9db6d44-nsbqz uid=7b5b8ef7-a2a2-4fe9-a3e1-74acd17bd88f restarts=6 usage_cpu=49m usage_mem=37Mi request_cpu=35m request_mem=250Mi limit_cpu=none limit_mem=none vpa_target_cpu=63m vpa_target_mem=250Mi vpa_uncapped_cpu=63m vpa_uncapped_mem=250Mi vpa_lower_cpu=25m vpa_lower_mem=250Mi vpa_upper_cpu=1500m vpa_upper_mem=512Mi' current_sample='timestamp=2026-08-22T01:18:25+02:00 scenario=ue_5 pod=open5gs-upf-5b9db6d44-nsbqz uid=7b5b8ef7-a2a2-4fe9-a3e1-74acd17bd88f restarts=6 usage_cpu=32m usage_mem=37Mi request_cpu=63m request_mem=250Mi limit_cpu=none limit_mem=none vpa_target_cpu=63m vpa_target_mem=250Mi vpa_uncapped_cpu=63m vpa_uncapped_mem=250Mi vpa_lower_cpu=25m vpa_lower_mem=250Mi vpa_upper_cpu=1500m vpa_upper_mem=512Mi'
[2026-08-22T01:18:27+02:00] UPF_CONTROL_SAMPLE timestamp=2026-08-22T01:18:25+02:00 scenario=ue_5 pod=open5gs-upf-5b9db6d44-nsbqz uid=7b5b8ef7-a2a2-4fe9-a3e1-74acd17bd88f restarts=6 usage_cpu=32m usage_mem=37Mi request_cpu=63m request_mem=250Mi limit_cpu=none limit_mem=none vpa_target_cpu=63m vpa_target_mem=250Mi vpa_uncapped_cpu=63m vpa_uncapped_mem=250Mi vpa_lower_cpu=25m vpa_lower_mem=250Mi vpa_upper_cpu=1500m vpa_upper_mem=512Mi
[2026-08-22T01:18:29+02:00] UPF_CONTROL_SAMPLE timestamp=2026-08-22T01:18:28+02:00 scenario=ue_5 pod=open5gs-upf-5b9db6d44-nsbqz uid=7b5b8ef7-a2a2-4fe9-a3e1-74acd17bd88f restarts=6 usage_cpu=32m usage_mem=37Mi request_cpu=63m request_mem=250Mi limit_cpu=none limit_mem=none vpa_target_cpu=63m vpa_target_mem=250Mi vpa_uncapped_cpu=63m vpa_uncapped_mem=250Mi vpa_lower_cpu=25m vpa_lower_mem=250Mi vpa_upper_cpu=1500m vpa_upper_mem=512Mi
[2026-08-22T01:18:31+02:00] UPF_CONTROL_SAMPLE timestamp=2026-08-22T01:18:30+02:00 scenario=ue_5 pod=open5gs-upf-5b9db6d44-nsbqz uid=7b5b8ef7-a2a2-4fe9-a3e1-74acd17bd88f restarts=6 usage_cpu=32m usage_mem=37Mi request_cpu=63m request_mem=250Mi limit_cpu=none limit_mem=none vpa_target_cpu=63m vpa_target_mem=250Mi vpa_uncapped_cpu=63m vpa_uncapped_mem=250Mi vpa_lower_cpu=25m vpa_lower_mem=250Mi vpa_upper_cpu=1500m vpa_upper_mem=512Mi
[2026-08-22T01:18:34+02:00] UPF_CONTROL_SAMPLE timestamp=2026-08-22T01:18:32+02:00 scenario=ue_5 pod=open5gs-upf-5b9db6d44-nsbqz uid=7b5b8ef7-a2a2-4fe9-a3e1-74acd17bd88f restarts=6 usage_cpu=32m usage_mem=37Mi request_cpu=63m request_mem=250Mi limit_cpu=none limit_mem=none vpa_target_cpu=63m vpa_target_mem=250Mi vpa_uncapped_cpu=63m vpa_uncapped_mem=250Mi vpa_lower_cpu=25m vpa_lower_mem=250Mi vpa_upper_cpu=1500m vpa_upper_mem=512Mi
[2026-08-22T01:18:36+02:00] UPF_CONTROL_SAMPLE timestamp=2026-08-22T01:18:35+02:00 scenario=ue_5 pod=open5gs-upf-5b9db6d44-nsbqz uid=7b5b8ef7-a2a2-4fe9-a3e1-74acd17bd88f restarts=6 usage_cpu=32m usage_mem=37Mi request_cpu=63m request_mem=250Mi limit_cpu=none limit_mem=none vpa_target_cpu=63m vpa_target_mem=250Mi vpa_uncapped_cpu=63m vpa_uncapped_mem=250Mi vpa_lower_cpu=25m vpa_lower_mem=250Mi vpa_upper_cpu=1500m vpa_upper_mem=512Mi
[2026-08-22T01:18:38+02:00] UPF_CONTROL_SAMPLE timestamp=2026-08-22T01:18:37+02:00 scenario=ue_5 pod=open5gs-upf-5b9db6d44-nsbqz uid=7b5b8ef7-a2a2-4fe9-a3e1-74acd17bd88f restarts=6 usage_cpu=32m usage_mem=37Mi request_cpu=63m request_mem=250Mi limit_cpu=none limit_mem=none vpa_target_cpu=63m vpa_target_mem=250Mi vpa_uncapped_cpu=63m vpa_uncapped_mem=250Mi vpa_lower_cpu=25m vpa_lower_mem=250Mi vpa_upper_cpu=1500m vpa_upper_mem=512Mi
[2026-08-22T01:18:41+02:00] UPF_CONTROL_SAMPLE timestamp=2026-08-22T01:18:39+02:00 scenario=ue_5 pod=open5gs-upf-5b9db6d44-nsbqz uid=7b5b8ef7-a2a2-4fe9-a3e1-74acd17bd88f restarts=6 usage_cpu=77m usage_mem=37Mi request_cpu=63m request_mem=250Mi limit_cpu=none limit_mem=none vpa_target_cpu=63m vpa_target_mem=250Mi vpa_uncapped_cpu=63m vpa_uncapped_mem=250Mi vpa_lower_cpu=25m vpa_lower_mem=250Mi vpa_upper_cpu=1500m vpa_upper_mem=512Mi
[2026-08-22T01:18:43+02:00] UPF_CONTROL_SAMPLE timestamp=2026-08-22T01:18:42+02:00 scenario=ue_5 pod=open5gs-upf-5b9db6d44-nsbqz uid=7b5b8ef7-a2a2-4fe9-a3e1-74acd17bd88f restarts=6 usage_cpu=77m usage_mem=37Mi request_cpu=63m request_mem=250Mi limit_cpu=none limit_mem=none vpa_target_cpu=63m vpa_target_mem=250Mi vpa_uncapped_cpu=63m vpa_uncapped_mem=250Mi vpa_lower_cpu=25m vpa_lower_mem=250Mi vpa_upper_cpu=1500m vpa_upper_mem=512Mi
[2026-08-22T01:18:45+02:00] UPF_CONTROL_SAMPLE timestamp=2026-08-22T01:18:44+02:00 scenario=ue_5 pod=open5gs-upf-5b9db6d44-nsbqz uid=7b5b8ef7-a2a2-4fe9-a3e1-74acd17bd88f restarts=6 usage_cpu=77m usage_mem=37Mi request_cpu=63m request_mem=250Mi limit_cpu=none limit_mem=none vpa_target_cpu=63m vpa_target_mem=250Mi vpa_uncapped_cpu=63m vpa_uncapped_mem=250Mi vpa_lower_cpu=25m vpa_lower_mem=250Mi vpa_upper_cpu=1500m vpa_upper_mem=512Mi
[2026-08-22T01:18:48+02:00] UPF_CONTROL_SAMPLE timestamp=2026-08-22T01:18:46+02:00 scenario=ue_5 pod=open5gs-upf-5b9db6d44-nsbqz uid=7b5b8ef7-a2a2-4fe9-a3e1-74acd17bd88f restarts=6 usage_cpu=77m usage_mem=37Mi request_cpu=63m request_mem=250Mi limit_cpu=none limit_mem=none vpa_target_cpu=63m vpa_target_mem=250Mi vpa_uncapped_cpu=63m vpa_uncapped_mem=250Mi vpa_lower_cpu=25m vpa_lower_mem=250Mi vpa_upper_cpu=1500m vpa_upper_mem=512Mi
[2026-08-22T01:18:50+02:00] UPF_CONTROL_SAMPLE timestamp=2026-08-22T01:18:49+02:00 scenario=ue_5 pod=open5gs-upf-5b9db6d44-nsbqz uid=7b5b8ef7-a2a2-4fe9-a3e1-74acd17bd88f restarts=6 usage_cpu=77m usage_mem=37Mi request_cpu=63m request_mem=250Mi limit_cpu=none limit_mem=none vpa_target_cpu=63m vpa_target_mem=250Mi vpa_uncapped_cpu=63m vpa_uncapped_mem=250Mi vpa_lower_cpu=25m vpa_lower_mem=250Mi vpa_upper_cpu=1500m vpa_upper_mem=512Mi
[2026-08-22T01:18:52+02:00] UPF_CONTROL_SAMPLE timestamp=2026-08-22T01:18:51+02:00 scenario=ue_5 pod=open5gs-upf-5b9db6d44-nsbqz uid=7b5b8ef7-a2a2-4fe9-a3e1-74acd17bd88f restarts=6 usage_cpu=77m usage_mem=37Mi request_cpu=63m request_mem=250Mi limit_cpu=none limit_mem=none vpa_target_cpu=63m vpa_target_mem=250Mi vpa_uncapped_cpu=63m vpa_uncapped_mem=250Mi vpa_lower_cpu=25m vpa_lower_mem=250Mi vpa_upper_cpu=1500m vpa_upper_mem=512Mi
[2026-08-22T01:18:54+02:00] UPF_CONTROL_SAMPLE timestamp=2026-08-22T01:18:53+02:00 scenario=ue_5 pod=open5gs-upf-5b9db6d44-nsbqz uid=7b5b8ef7-a2a2-4fe9-a3e1-74acd17bd88f restarts=6 usage_cpu=77m usage_mem=37Mi request_cpu=63m request_mem=250Mi limit_cpu=none limit_mem=none vpa_target_cpu=63m vpa_target_mem=250Mi vpa_uncapped_cpu=63m vpa_uncapped_mem=250Mi vpa_lower_cpu=25m vpa_lower_mem=250Mi vpa_upper_cpu=1500m vpa_upper_mem=512Mi
[2026-08-22T01:18:57+02:00] UPF_CONTROL_SAMPLE timestamp=2026-08-22T01:18:55+02:00 scenario=ue_5 pod=open5gs-upf-5b9db6d44-nsbqz uid=7b5b8ef7-a2a2-4fe9-a3e1-74acd17bd88f restarts=6 usage_cpu=84m usage_mem=37Mi request_cpu=63m request_mem=250Mi limit_cpu=none limit_mem=none vpa_target_cpu=63m vpa_target_mem=250Mi vpa_uncapped_cpu=63m vpa_uncapped_mem=250Mi vpa_lower_cpu=25m vpa_lower_mem=250Mi vpa_upper_cpu=1500m vpa_upper_mem=512Mi
[2026-08-22T01:18:59+02:00] UPF_CONTROL_SAMPLE timestamp=2026-08-22T01:18:58+02:00 scenario=ue_5 pod=open5gs-upf-5b9db6d44-nsbqz uid=7b5b8ef7-a2a2-4fe9-a3e1-74acd17bd88f restarts=6 usage_cpu=84m usage_mem=37Mi request_cpu=63m request_mem=250Mi limit_cpu=none limit_mem=none vpa_target_cpu=63m vpa_target_mem=250Mi vpa_uncapped_cpu=63m vpa_uncapped_mem=250Mi vpa_lower_cpu=25m vpa_lower_mem=250Mi vpa_upper_cpu=1500m vpa_upper_mem=512Mi
[2026-08-22T01:19:01+02:00] UPF_CONTROL_SAMPLE timestamp=2026-08-22T01:19:00+02:00 scenario=ue_5 pod=open5gs-upf-5b9db6d44-nsbqz uid=7b5b8ef7-a2a2-4fe9-a3e1-74acd17bd88f restarts=6 usage_cpu=84m usage_mem=37Mi request_cpu=63m request_mem=250Mi limit_cpu=none limit_mem=none vpa_target_cpu=63m vpa_target_mem=250Mi vpa_uncapped_cpu=63m vpa_uncapped_mem=250Mi vpa_lower_cpu=25m vpa_lower_mem=250Mi vpa_upper_cpu=1500m vpa_upper_mem=512Mi
[2026-08-22T01:19:03+02:00] UPF_CONTROL_SAMPLE timestamp=2026-08-22T01:19:02+02:00 scenario=ue_5 pod=open5gs-upf-5b9db6d44-nsbqz uid=7b5b8ef7-a2a2-4fe9-a3e1-74acd17bd88f restarts=6 usage_cpu=84m usage_mem=37Mi request_cpu=63m request_mem=250Mi limit_cpu=none limit_mem=none vpa_target_cpu=63m vpa_target_mem=250Mi vpa_uncapped_cpu=63m vpa_uncapped_mem=250Mi vpa_lower_cpu=25m vpa_lower_mem=250Mi vpa_upper_cpu=1500m vpa_upper_mem=512Mi
[2026-08-22T01:19:05+02:00] UPF_CONTROL_SAMPLE timestamp=2026-08-22T01:19:04+02:00 scenario=ue_5 pod=open5gs-upf-5b9db6d44-nsbqz uid=7b5b8ef7-a2a2-4fe9-a3e1-74acd17bd88f restarts=6 usage_cpu=84m usage_mem=37Mi request_cpu=63m request_mem=250Mi limit_cpu=none limit_mem=none vpa_target_cpu=63m vpa_target_mem=250Mi vpa_uncapped_cpu=63m vpa_uncapped_mem=250Mi vpa_lower_cpu=25m vpa_lower_mem=250Mi vpa_upper_cpu=1500m vpa_upper_mem=512Mi
[2026-08-22T01:19:07+02:00] UPF_CONTROL_SAMPLE timestamp=2026-08-22T01:19:06+02:00 scenario=ue_5 pod=open5gs-upf-5b9db6d44-nsbqz uid=7b5b8ef7-a2a2-4fe9-a3e1-74acd17bd88f restarts=6 usage_cpu=84m usage_mem=37Mi request_cpu=63m request_mem=250Mi limit_cpu=none limit_mem=none vpa_target_cpu=63m vpa_target_mem=250Mi vpa_uncapped_cpu=63m vpa_uncapped_mem=250Mi vpa_lower_cpu=25m vpa_lower_mem=250Mi vpa_upper_cpu=1500m vpa_upper_mem=512Mi
[2026-08-22T01:19:09+02:00] UPF_CONTROL_SAMPLE timestamp=2026-08-22T01:19:08+02:00 scenario=ue_5 pod=open5gs-upf-5b9db6d44-nsbqz uid=7b5b8ef7-a2a2-4fe9-a3e1-74acd17bd88f restarts=6 usage_cpu=84m usage_mem=37Mi request_cpu=63m request_mem=250Mi limit_cpu=none limit_mem=none vpa_target_cpu=63m vpa_target_mem=250Mi vpa_uncapped_cpu=63m vpa_uncapped_mem=250Mi vpa_lower_cpu=25m vpa_lower_mem=250Mi vpa_upper_cpu=1500m vpa_upper_mem=512Mi
[2026-08-22T01:19:11+02:00] UPF_CONTROL_SAMPLE timestamp=2026-08-22T01:19:10+02:00 scenario=ue_5 pod=open5gs-upf-5b9db6d44-nsbqz uid=7b5b8ef7-a2a2-4fe9-a3e1-74acd17bd88f restarts=6 usage_cpu=79m usage_mem=37Mi request_cpu=63m request_mem=250Mi limit_cpu=none limit_mem=none vpa_target_cpu=63m vpa_target_mem=250Mi vpa_uncapped_cpu=63m vpa_uncapped_mem=250Mi vpa_lower_cpu=25m vpa_lower_mem=250Mi vpa_upper_cpu=1500m vpa_upper_mem=512Mi
[2026-08-22T01:19:13+02:00] VPA_RECOMMENDATION_CHANGE timestamp=2026-08-22T01:19:12+02:00 scenario=ue_5 old='vpa_target_cpu=63m vpa_target_mem=250Mi vpa_uncapped_cpu=63m vpa_uncapped_mem=250Mi vpa_lower_cpu=25m vpa_lower_mem=250Mi vpa_upper_cpu=1500m vpa_upper_mem=512Mi' new='vpa_target_cpu=93m vpa_target_mem=250Mi vpa_uncapped_cpu=93m vpa_uncapped_mem=250Mi vpa_lower_cpu=25m vpa_lower_mem=250Mi vpa_upper_cpu=1500m vpa_upper_mem=512Mi' previous_5s_sample='timestamp=2026-08-22T01:19:06+02:00 scenario=ue_5 pod=open5gs-upf-5b9db6d44-nsbqz uid=7b5b8ef7-a2a2-4fe9-a3e1-74acd17bd88f restarts=6 usage_cpu=84m usage_mem=37Mi request_cpu=63m request_mem=250Mi limit_cpu=none limit_mem=none vpa_target_cpu=63m vpa_target_mem=250Mi vpa_uncapped_cpu=63m vpa_uncapped_mem=250Mi vpa_lower_cpu=25m vpa_lower_mem=250Mi vpa_upper_cpu=1500m vpa_upper_mem=512Mi' current_sample='timestamp=2026-08-22T01:19:12+02:00 scenario=ue_5 pod=open5gs-upf-5b9db6d44-nsbqz uid=7b5b8ef7-a2a2-4fe9-a3e1-74acd17bd88f restarts=6 usage_cpu=79m usage_mem=37Mi request_cpu=63m request_mem=250Mi limit_cpu=none limit_mem=none vpa_target_cpu=93m vpa_target_mem=250Mi vpa_uncapped_cpu=93m vpa_uncapped_mem=250Mi vpa_lower_cpu=25m vpa_lower_mem=250Mi vpa_upper_cpu=1500m vpa_upper_mem=512Mi'
[2026-08-22T01:19:13+02:00] UPF_CONTROL_SAMPLE timestamp=2026-08-22T01:19:12+02:00 scenario=ue_5 pod=open5gs-upf-5b9db6d44-nsbqz uid=7b5b8ef7-a2a2-4fe9-a3e1-74acd17bd88f restarts=6 usage_cpu=79m usage_mem=37Mi request_cpu=63m request_mem=250Mi limit_cpu=none limit_mem=none vpa_target_cpu=93m vpa_target_mem=250Mi vpa_uncapped_cpu=93m vpa_uncapped_mem=250Mi vpa_lower_cpu=25m vpa_lower_mem=250Mi vpa_upper_cpu=1500m vpa_upper_mem=512Mi
[2026-08-22T01:19:15+02:00] UPF_CONTROL_SAMPLE timestamp=2026-08-22T01:19:14+02:00 scenario=ue_5 pod=open5gs-upf-5b9db6d44-nsbqz uid=7b5b8ef7-a2a2-4fe9-a3e1-74acd17bd88f restarts=6 usage_cpu=79m usage_mem=37Mi request_cpu=63m request_mem=250Mi limit_cpu=none limit_mem=none vpa_target_cpu=93m vpa_target_mem=250Mi vpa_uncapped_cpu=93m vpa_uncapped_mem=250Mi vpa_lower_cpu=25m vpa_lower_mem=250Mi vpa_upper_cpu=1500m vpa_upper_mem=512Mi
[2026-08-22T01:19:17+02:00] UPF_CONTROL_SAMPLE timestamp=2026-08-22T01:19:16+02:00 scenario=ue_5 pod=open5gs-upf-5b9db6d44-nsbqz uid=7b5b8ef7-a2a2-4fe9-a3e1-74acd17bd88f restarts=6 usage_cpu=79m usage_mem=37Mi request_cpu=63m request_mem=250Mi limit_cpu=none limit_mem=none vpa_target_cpu=93m vpa_target_mem=250Mi vpa_uncapped_cpu=93m vpa_uncapped_mem=250Mi vpa_lower_cpu=25m vpa_lower_mem=250Mi vpa_upper_cpu=1500m vpa_upper_mem=512Mi
[2026-08-22T01:19:19+02:00] UPF_CONTROL_SAMPLE timestamp=2026-08-22T01:19:18+02:00 scenario=ue_5 pod=open5gs-upf-5b9db6d44-nsbqz uid=7b5b8ef7-a2a2-4fe9-a3e1-74acd17bd88f restarts=6 usage_cpu=79m usage_mem=37Mi request_cpu=63m request_mem=250Mi limit_cpu=none limit_mem=none vpa_target_cpu=93m vpa_target_mem=250Mi vpa_uncapped_cpu=93m vpa_uncapped_mem=250Mi vpa_lower_cpu=25m vpa_lower_mem=250Mi vpa_upper_cpu=1500m vpa_upper_mem=512Mi
[2026-08-22T01:19:21+02:00] UPF_CONTROL_SAMPLE timestamp=2026-08-22T01:19:20+02:00 scenario=ue_5 pod=open5gs-upf-5b9db6d44-nsbqz uid=7b5b8ef7-a2a2-4fe9-a3e1-74acd17bd88f restarts=6 usage_cpu=79m usage_mem=37Mi request_cpu=63m request_mem=250Mi limit_cpu=none limit_mem=none vpa_target_cpu=93m vpa_target_mem=250Mi vpa_uncapped_cpu=93m vpa_uncapped_mem=250Mi vpa_lower_cpu=25m vpa_lower_mem=250Mi vpa_upper_cpu=1500m vpa_upper_mem=512Mi
[2026-08-22T01:19:23+02:00] UPF_CONTROL_SAMPLE timestamp=2026-08-22T01:19:22+02:00 scenario=ue_5 pod=open5gs-upf-5b9db6d44-nsbqz uid=7b5b8ef7-a2a2-4fe9-a3e1-74acd17bd88f restarts=6 usage_cpu=79m usage_mem=37Mi request_cpu=63m request_mem=250Mi limit_cpu=none limit_mem=none vpa_target_cpu=93m vpa_target_mem=250Mi vpa_uncapped_cpu=93m vpa_uncapped_mem=250Mi vpa_lower_cpu=25m vpa_lower_mem=250Mi vpa_upper_cpu=1500m vpa_upper_mem=512Mi
[2026-08-22T01:19:24+02:00] UPF_CONTROL_SAMPLE timestamp=2026-08-22T01:19:24+02:00 scenario=ue_5 pod=open5gs-upf-5b9db6d44-nsbqz uid=7b5b8ef7-a2a2-4fe9-a3e1-74acd17bd88f restarts=6 usage_cpu=79m usage_mem=37Mi request_cpu=63m request_mem=250Mi limit_cpu=none limit_mem=none vpa_target_cpu=93m vpa_target_mem=250Mi vpa_uncapped_cpu=93m vpa_uncapped_mem=250Mi vpa_lower_cpu=25m vpa_lower_mem=250Mi vpa_upper_cpu=1500m vpa_upper_mem=512Mi
[2026-08-22T01:19:26+02:00] UPF_REQUEST_CHANGE timestamp=2026-08-22T01:19:25+02:00 scenario=ue_5 pod=open5gs-upf-5b9db6d44-nsbqz uid=7b5b8ef7-a2a2-4fe9-a3e1-74acd17bd88f restarts=6 old='request_cpu=63m request_mem=250Mi limit_cpu=none limit_mem=none' new='request_cpu=93m request_mem=250Mi limit_cpu=none limit_mem=none' previous_5s_sample='timestamp=2026-08-22T01:19:20+02:00 scenario=ue_5 pod=open5gs-upf-5b9db6d44-nsbqz uid=7b5b8ef7-a2a2-4fe9-a3e1-74acd17bd88f restarts=6 usage_cpu=79m usage_mem=37Mi request_cpu=63m request_mem=250Mi limit_cpu=none limit_mem=none vpa_target_cpu=93m vpa_target_mem=250Mi vpa_uncapped_cpu=93m vpa_uncapped_mem=250Mi vpa_lower_cpu=25m vpa_lower_mem=250Mi vpa_upper_cpu=1500m vpa_upper_mem=512Mi' current_sample='timestamp=2026-08-22T01:19:25+02:00 scenario=ue_5 pod=open5gs-upf-5b9db6d44-nsbqz uid=7b5b8ef7-a2a2-4fe9-a3e1-74acd17bd88f restarts=6 usage_cpu=82m usage_mem=37Mi request_cpu=93m request_mem=250Mi limit_cpu=none limit_mem=none vpa_target_cpu=93m vpa_target_mem=250Mi vpa_uncapped_cpu=93m vpa_uncapped_mem=250Mi vpa_lower_cpu=25m vpa_lower_mem=250Mi vpa_upper_cpu=1500m vpa_upper_mem=512Mi'
[2026-08-22T01:19:26+02:00] UPF_CONTROL_SAMPLE timestamp=2026-08-22T01:19:25+02:00 scenario=ue_5 pod=open5gs-upf-5b9db6d44-nsbqz uid=7b5b8ef7-a2a2-4fe9-a3e1-74acd17bd88f restarts=6 usage_cpu=82m usage_mem=37Mi request_cpu=93m request_mem=250Mi limit_cpu=none limit_mem=none vpa_target_cpu=93m vpa_target_mem=250Mi vpa_uncapped_cpu=93m vpa_uncapped_mem=250Mi vpa_lower_cpu=25m vpa_lower_mem=250Mi vpa_upper_cpu=1500m vpa_upper_mem=512Mi
[2026-08-22T01:19:28+02:00] UPF_CONTROL_SAMPLE timestamp=2026-08-22T01:19:27+02:00 scenario=ue_5 pod=open5gs-upf-5b9db6d44-nsbqz uid=7b5b8ef7-a2a2-4fe9-a3e1-74acd17bd88f restarts=6 usage_cpu=82m usage_mem=37Mi request_cpu=93m request_mem=250Mi limit_cpu=none limit_mem=none vpa_target_cpu=93m vpa_target_mem=250Mi vpa_uncapped_cpu=93m vpa_uncapped_mem=250Mi vpa_lower_cpu=25m vpa_lower_mem=250Mi vpa_upper_cpu=1500m vpa_upper_mem=512Mi
[2026-08-22T01:19:30+02:00] UPF_CONTROL_SAMPLE timestamp=2026-08-22T01:19:29+02:00 scenario=ue_5 pod=open5gs-upf-5b9db6d44-nsbqz uid=7b5b8ef7-a2a2-4fe9-a3e1-74acd17bd88f restarts=6 usage_cpu=82m usage_mem=37Mi request_cpu=93m request_mem=250Mi limit_cpu=none limit_mem=none vpa_target_cpu=93m vpa_target_mem=250Mi vpa_uncapped_cpu=93m vpa_uncapped_mem=250Mi vpa_lower_cpu=25m vpa_lower_mem=250Mi vpa_upper_cpu=1500m vpa_upper_mem=512Mi
[2026-08-22T01:19:32+02:00] UPF_CONTROL_SAMPLE timestamp=2026-08-22T01:19:31+02:00 scenario=ue_5 pod=open5gs-upf-5b9db6d44-nsbqz uid=7b5b8ef7-a2a2-4fe9-a3e1-74acd17bd88f restarts=6 usage_cpu=82m usage_mem=37Mi request_cpu=93m request_mem=250Mi limit_cpu=none limit_mem=none vpa_target_cpu=93m vpa_target_mem=250Mi vpa_uncapped_cpu=93m vpa_uncapped_mem=250Mi vpa_lower_cpu=25m vpa_lower_mem=250Mi vpa_upper_cpu=1500m vpa_upper_mem=512Mi
[2026-08-22T01:19:35+02:00] UPF_CONTROL_SAMPLE timestamp=2026-08-22T01:19:33+02:00 scenario=ue_5 pod=open5gs-upf-5b9db6d44-nsbqz uid=7b5b8ef7-a2a2-4fe9-a3e1-74acd17bd88f restarts=6 usage_cpu=82m usage_mem=37Mi request_cpu=93m request_mem=250Mi limit_cpu=none limit_mem=none vpa_target_cpu=93m vpa_target_mem=250Mi vpa_uncapped_cpu=93m vpa_uncapped_mem=250Mi vpa_lower_cpu=25m vpa_lower_mem=250Mi vpa_upper_cpu=1500m vpa_upper_mem=512Mi
[2026-08-22T01:19:37+02:00] UPF_CONTROL_SAMPLE timestamp=2026-08-22T01:19:36+02:00 scenario=ue_5 pod=open5gs-upf-5b9db6d44-nsbqz uid=7b5b8ef7-a2a2-4fe9-a3e1-74acd17bd88f restarts=6 usage_cpu=82m usage_mem=37Mi request_cpu=93m request_mem=250Mi limit_cpu=none limit_mem=none vpa_target_cpu=93m vpa_target_mem=250Mi vpa_uncapped_cpu=93m vpa_uncapped_mem=250Mi vpa_lower_cpu=25m vpa_lower_mem=250Mi vpa_upper_cpu=1500m vpa_upper_mem=512Mi
[2026-08-22T01:19:39+02:00] UPF_CONTROL_SAMPLE timestamp=2026-08-22T01:19:38+02:00 scenario=ue_5 pod=open5gs-upf-5b9db6d44-nsbqz uid=7b5b8ef7-a2a2-4fe9-a3e1-74acd17bd88f restarts=6 usage_cpu=82m usage_mem=37Mi request_cpu=93m request_mem=250Mi limit_cpu=none limit_mem=none vpa_target_cpu=93m vpa_target_mem=250Mi vpa_uncapped_cpu=93m vpa_uncapped_mem=250Mi vpa_lower_cpu=25m vpa_lower_mem=250Mi vpa_upper_cpu=1500m vpa_upper_mem=512Mi
[2026-08-22T01:19:39+02:00] UE_SLOT_DONE timestamp=2026-08-21T23:19:39+00:00 active_ues=5 slot=0 attempt=1 ue_idx=0 ue_if=uesimtun0 ue_ip=10.45.1.146 port=5201 rc=0 replacements_for_slot=0 server_busy_retries_for_slot=0
[2026-08-22T01:19:39+02:00] UE_SLOT_DONE timestamp=2026-08-21T23:19:39+00:00 active_ues=5 slot=1 attempt=1 ue_idx=1 ue_if=uesimtun1 ue_ip=10.45.1.147 port=5202 rc=0 replacements_for_slot=0 server_busy_retries_for_slot=0
[2026-08-22T01:19:39+02:00] UE_SLOT_DONE timestamp=2026-08-21T23:19:39+00:00 active_ues=5 slot=2 attempt=1 ue_idx=2 ue_if=uesimtun2 ue_ip=10.45.1.148 port=5203 rc=0 replacements_for_slot=0 server_busy_retries_for_slot=0
[2026-08-22T01:19:41+02:00] UE_SLOT_DONE timestamp=2026-08-21T23:19:41+00:00 active_ues=5 slot=3 attempt=1 ue_idx=3 ue_if=uesimtun3 ue_ip=10.45.1.149 port=5204 rc=0 replacements_for_slot=0 server_busy_retries_for_slot=0
[2026-08-22T01:19:41+02:00] UE_SLOT_DONE timestamp=2026-08-21T23:19:41+00:00 active_ues=5 slot=4 attempt=1 ue_idx=4 ue_if=uesimtun4 ue_ip=10.45.1.151 port=5205 rc=0 replacements_for_slot=0 server_busy_retries_for_slot=0
[2026-08-22T01:19:41+02:00] UPF_CONTROL_SAMPLE timestamp=2026-08-22T01:19:40+02:00 scenario=ue_5 pod=open5gs-upf-5b9db6d44-nsbqz uid=7b5b8ef7-a2a2-4fe9-a3e1-74acd17bd88f restarts=6 usage_cpu=81m usage_mem=37Mi request_cpu=93m request_mem=250Mi limit_cpu=none limit_mem=none vpa_target_cpu=93m vpa_target_mem=250Mi vpa_uncapped_cpu=93m vpa_uncapped_mem=250Mi vpa_lower_cpu=25m vpa_lower_mem=250Mi vpa_upper_cpu=1500m vpa_upper_mem=512Mi
[2026-08-22T01:19:42+02:00] TRAFFIC_SUMMARY timestamp=2026-08-21T23:19:42+00:00 registered_tunnels=50 active_ues=5 target_slots=5 completed_slots=5 final_failed_slots=0 replacements=0 problematic_ues=0 zombie_ues=0 connect_timeouts=0 stalls=0 deferred_stalls=0 process_failures=0 server_busy_retries=0 server_busy_failures=0 late_timeouts_accepted=0 scenario_bad_ues=0 global_suspect_ues=0 used_ues=5 target_host=192.168.1.211 initial_ports=5201-5205 replacement_ports=5251-5265 bitrate=1M start_delay=0.05 detection=no_rx_counter replacement_min_duration_s=5 adaptive_extension_max_s=1 iperf_exit_grace_s=3 server_busy_retries_limit=1 server_busy_retry_delay_s=2 late_replacement_after_end=disabled wait_for_iperf_exit=until_timeout global_suspect_policy=soft_reuse ramp_supervision=after_initial_start
[2026-08-22T01:19:42+02:00] UE_POOL_SCENARIO_BAD_CURRENT timestamp=2026-08-21T23:19:42+00:00 active_ues=5 indexes=
[2026-08-22T01:19:42+02:00] UE_POOL_GLOBAL_SUSPECT_CURRENT timestamp=2026-08-21T23:19:42+00:00 active_ues=5 indexes=
[2026-08-22T01:19:42+02:00] REMOTE_IPERF_PER_UE_END timestamp=2026-08-21T23:19:42+00:00 active_ues=5 tag=ue_5 final_rc=0 completed_slots=5 replacements=0 problematic_ues=0 server_busy_retries=0 deferred_stalls=0 late_timeouts_accepted=0
[2026-08-22T01:19:42+02:00] SCENARIO TRAFFIC COMMAND END timestamp=2026-08-22T01:19:42+02:00 active_ue=5 rc=0
[2026-08-22T01:19:43+02:00] SCENARIO UPF AFTER timestamp=2026-08-22T01:19:43+02:00 active_ue=5 pod=open5gs-upf-5b9db6d44-nsbqz uid=7b5b8ef7-a2a2-4fe9-a3e1-74acd17bd88f restarts=6
[2026-08-22T01:19:43+02:00] SCENARIO END timestamp=2026-08-22T01:19:43+02:00 active_ue=5 rc=0
[2026-08-22T01:19:43+02:00] ================================================================
[2026-08-22T01:19:43+02:00] SCENARIO START timestamp=2026-08-22T01:19:43+02:00 active_ue=7 registered_ue_pool=50 target_host=192.168.1.211 ports=5201-5207 replacement_ports=5251-5265 bitrate_per_ue=1M start_delay=0.05 replacement_min_duration=5 adaptive_extension_max=1
[2026-08-22T01:19:43+02:00] ================================================================
[2026-08-22T01:19:43+02:00] SCENARIO TUNNEL CHECK timestamp=2026-08-22T01:19:43+02:00 active_ue=7 current_tunnels=50 required=50
[2026-08-22T01:19:43+02:00] UPF_CONTROL_SAMPLE timestamp=2026-08-22T01:19:42+02:00 scenario=ue_5 pod=open5gs-upf-5b9db6d44-nsbqz uid=7b5b8ef7-a2a2-4fe9-a3e1-74acd17bd88f restarts=6 usage_cpu=81m usage_mem=37Mi request_cpu=93m request_mem=250Mi limit_cpu=none limit_mem=none vpa_target_cpu=93m vpa_target_mem=250Mi vpa_uncapped_cpu=93m vpa_uncapped_mem=250Mi vpa_lower_cpu=25m vpa_lower_mem=250Mi vpa_upper_cpu=1500m vpa_upper_mem=512Mi
[2026-08-22T01:19:44+02:00] SCENARIO UPF BEFORE timestamp=2026-08-22T01:19:44+02:00 active_ue=7 pod=open5gs-upf-5b9db6d44-nsbqz uid=7b5b8ef7-a2a2-4fe9-a3e1-74acd17bd88f restarts=6
[2026-08-22T01:19:44+02:00] REMOTE_IPERF_PER_UE_START timestamp=2026-08-21T23:19:44+00:00 active_ues=7 tag=ue_7 iperf_host=192.168.1.211 base_port=5201 replacement_base_port=5251 duration=80 bitrate=1M start_delay=0.05 detection=no_rx_counter connect_timeout_s=4 stall_seconds=5 replacement_limit=15 replacement_min_duration_s=5 adaptive_extension_max_s=1 iperf_exit_grace_s=3 server_busy_port_rebinds=1 late_replacement_after_end=disabled wait_for_iperf_exit=until_timeout global_suspect_policy=soft_reuse ramp_supervision=after_initial_start
[2026-08-22T01:19:44+02:00] UE_POOL_STATUS timestamp=2026-08-21T23:19:44+00:00 active_ues=7 registered_tunnels=50 existing_global_suspect_ues=0 used_ues=0 policy=soft_reuse_global_suspects
[2026-08-22T01:19:44+02:00] UE_SLOT_ASSIGN timestamp=2026-08-21T23:19:44+00:00 active_ues=7 slot=0 ue_idx=0 ue_if=uesimtun0 ue_ip=10.45.1.146 candidate_reused_global_suspect=0
[2026-08-22T01:19:44+02:00] UE_SLOT_START timestamp=2026-08-21T23:19:44+00:00 active_ues=7 slot=0 attempt=1 ue_idx=0 ue_if=uesimtun0 ue_ip=10.45.1.146 target=192.168.1.211:5201 bitrate=1M duration_s=80 planned_end_epoch=1787354464 timeout_s=90 hard_timeout_epoch=1787354479 start_rx_bytes=249609
[2026-08-22T01:19:44+02:00] UE_SLOT_PID timestamp=2026-08-21T23:19:44+00:00 active_ues=7 slot=0 attempt=1 ue_idx=0 pid=5084
[2026-08-22T01:19:45+02:00] UE_SLOT_ASSIGN timestamp=2026-08-21T23:19:45+00:00 active_ues=7 slot=1 ue_idx=1 ue_if=uesimtun1 ue_ip=10.45.1.147 candidate_reused_global_suspect=0
[2026-08-22T01:19:45+02:00] UE_SLOT_START timestamp=2026-08-21T23:19:45+00:00 active_ues=7 slot=1 attempt=1 ue_idx=1 ue_if=uesimtun1 ue_ip=10.45.1.147 target=192.168.1.211:5202 bitrate=1M duration_s=80 planned_end_epoch=1787354465 timeout_s=90 hard_timeout_epoch=1787354480 start_rx_bytes=162881
[2026-08-22T01:19:45+02:00] UE_SLOT_PID timestamp=2026-08-21T23:19:45+00:00 active_ues=7 slot=1 attempt=1 ue_idx=1 pid=5109
[2026-08-22T01:19:45+02:00] UE_SLOT_ASSIGN timestamp=2026-08-21T23:19:45+00:00 active_ues=7 slot=2 ue_idx=2 ue_if=uesimtun2 ue_ip=10.45.1.148 candidate_reused_global_suspect=0
[2026-08-22T01:19:45+02:00] UE_SLOT_START timestamp=2026-08-21T23:19:45+00:00 active_ues=7 slot=2 attempt=1 ue_idx=2 ue_if=uesimtun2 ue_ip=10.45.1.148 target=192.168.1.211:5203 bitrate=1M duration_s=80 planned_end_epoch=1787354465 timeout_s=90 hard_timeout_epoch=1787354480 start_rx_bytes=159885
[2026-08-22T01:19:45+02:00] UE_SLOT_PID timestamp=2026-08-21T23:19:45+00:00 active_ues=7 slot=2 attempt=1 ue_idx=2 pid=5134
[2026-08-22T01:19:45+02:00] UE_SLOT_ASSIGN timestamp=2026-08-21T23:19:45+00:00 active_ues=7 slot=3 ue_idx=3 ue_if=uesimtun3 ue_ip=10.45.1.149 candidate_reused_global_suspect=0
[2026-08-22T01:19:45+02:00] UE_SLOT_START timestamp=2026-08-21T23:19:45+00:00 active_ues=7 slot=3 attempt=1 ue_idx=3 ue_if=uesimtun3 ue_ip=10.45.1.149 target=192.168.1.211:5204 bitrate=1M duration_s=80 planned_end_epoch=1787354465 timeout_s=90 hard_timeout_epoch=1787354480 start_rx_bytes=81663
[2026-08-22T01:19:45+02:00] UE_SLOT_PID timestamp=2026-08-21T23:19:45+00:00 active_ues=7 slot=3 attempt=1 ue_idx=3 pid=5159
[2026-08-22T01:19:45+02:00] UPF_CONTROL_SAMPLE timestamp=2026-08-22T01:19:44+02:00 scenario=ue_7 pod=open5gs-upf-5b9db6d44-nsbqz uid=7b5b8ef7-a2a2-4fe9-a3e1-74acd17bd88f restarts=6 usage_cpu=81m usage_mem=37Mi request_cpu=93m request_mem=250Mi limit_cpu=none limit_mem=none vpa_target_cpu=93m vpa_target_mem=250Mi vpa_uncapped_cpu=93m vpa_uncapped_mem=250Mi vpa_lower_cpu=25m vpa_lower_mem=250Mi vpa_upper_cpu=1500m vpa_upper_mem=512Mi
[2026-08-22T01:19:45+02:00] UE_SLOT_ASSIGN timestamp=2026-08-21T23:19:45+00:00 active_ues=7 slot=4 ue_idx=4 ue_if=uesimtun4 ue_ip=10.45.1.151 candidate_reused_global_suspect=0
[2026-08-22T01:19:45+02:00] UE_SLOT_START timestamp=2026-08-21T23:19:45+00:00 active_ues=7 slot=4 attempt=1 ue_idx=4 ue_if=uesimtun4 ue_ip=10.45.1.151 target=192.168.1.211:5205 bitrate=1M duration_s=80 planned_end_epoch=1787354465 timeout_s=90 hard_timeout_epoch=1787354480 start_rx_bytes=82236
[2026-08-22T01:19:45+02:00] UE_SLOT_PID timestamp=2026-08-21T23:19:45+00:00 active_ues=7 slot=4 attempt=1 ue_idx=4 pid=5184
[2026-08-22T01:19:45+02:00] UE_SLOT_ASSIGN timestamp=2026-08-21T23:19:45+00:00 active_ues=7 slot=5 ue_idx=5 ue_if=uesimtun5 ue_ip=10.45.1.150 candidate_reused_global_suspect=0
[2026-08-22T01:19:46+02:00] UE_SLOT_START timestamp=2026-08-21T23:19:45+00:00 active_ues=7 slot=5 attempt=1 ue_idx=5 ue_if=uesimtun5 ue_ip=10.45.1.150 target=192.168.1.211:5206 bitrate=1M duration_s=80 planned_end_epoch=1787354465 timeout_s=90 hard_timeout_epoch=1787354480 start_rx_bytes=0
[2026-08-22T01:19:46+02:00] UE_SLOT_PID timestamp=2026-08-21T23:19:46+00:00 active_ues=7 slot=5 attempt=1 ue_idx=5 pid=5209
[2026-08-22T01:19:46+02:00] UE_SLOT_ASSIGN timestamp=2026-08-21T23:19:46+00:00 active_ues=7 slot=6 ue_idx=6 ue_if=uesimtun6 ue_ip=10.45.1.152 candidate_reused_global_suspect=0
[2026-08-22T01:19:46+02:00] UE_SLOT_START timestamp=2026-08-21T23:19:46+00:00 active_ues=7 slot=6 attempt=1 ue_idx=6 ue_if=uesimtun6 ue_ip=10.45.1.152 target=192.168.1.211:5207 bitrate=1M duration_s=80 planned_end_epoch=1787354466 timeout_s=90 hard_timeout_epoch=1787354481 start_rx_bytes=0
[2026-08-22T01:19:46+02:00] UE_SLOT_PID timestamp=2026-08-21T23:19:46+00:00 active_ues=7 slot=6 attempt=1 ue_idx=6 pid=5234
[2026-08-22T01:19:46+02:00] IPERF_MAPPING_SUMMARY timestamp=2026-08-21T23:19:46+00:00 active_ues=7 registered_tunnels=50 initial_ports=5201-5207 replacement_ports=5251-5265 bitrate=1M start_delay=0.05 detection=no_rx_counter replacement_min_duration_s=5 adaptive_extension_max_s=1 iperf_exit_grace_s=3 server_busy_port_rebinds=1 late_replacement_after_end=disabled wait_for_iperf_exit=until_timeout global_suspect_policy=soft_reuse ramp_supervision=after_initial_start
[2026-08-22T01:19:47+02:00] UPF_CONTROL_SAMPLE timestamp=2026-08-22T01:19:46+02:00 scenario=ue_7 pod=open5gs-upf-5b9db6d44-nsbqz uid=7b5b8ef7-a2a2-4fe9-a3e1-74acd17bd88f restarts=6 usage_cpu=81m usage_mem=37Mi request_cpu=93m request_mem=250Mi limit_cpu=none limit_mem=none vpa_target_cpu=93m vpa_target_mem=250Mi vpa_uncapped_cpu=93m vpa_uncapped_mem=250Mi vpa_lower_cpu=25m vpa_lower_mem=250Mi vpa_upper_cpu=1500m vpa_upper_mem=512Mi
[2026-08-22T01:19:49+02:00] UPF_CONTROL_SAMPLE timestamp=2026-08-22T01:19:48+02:00 scenario=ue_7 pod=open5gs-upf-5b9db6d44-nsbqz uid=7b5b8ef7-a2a2-4fe9-a3e1-74acd17bd88f restarts=6 usage_cpu=81m usage_mem=37Mi request_cpu=93m request_mem=250Mi limit_cpu=none limit_mem=none vpa_target_cpu=93m vpa_target_mem=250Mi vpa_uncapped_cpu=93m vpa_uncapped_mem=250Mi vpa_lower_cpu=25m vpa_lower_mem=250Mi vpa_upper_cpu=1500m vpa_upper_mem=512Mi
[2026-08-22T01:19:51+02:00] UPF_CONTROL_SAMPLE timestamp=2026-08-22T01:19:50+02:00 scenario=ue_7 pod=open5gs-upf-5b9db6d44-nsbqz uid=7b5b8ef7-a2a2-4fe9-a3e1-74acd17bd88f restarts=6 usage_cpu=81m usage_mem=37Mi request_cpu=93m request_mem=250Mi limit_cpu=none limit_mem=none vpa_target_cpu=93m vpa_target_mem=250Mi vpa_uncapped_cpu=93m vpa_uncapped_mem=250Mi vpa_lower_cpu=25m vpa_lower_mem=250Mi vpa_upper_cpu=1500m vpa_upper_mem=512Mi
[2026-08-22T01:19:53+02:00] UPF_CONTROL_SAMPLE timestamp=2026-08-22T01:19:52+02:00 scenario=ue_7 pod=open5gs-upf-5b9db6d44-nsbqz uid=7b5b8ef7-a2a2-4fe9-a3e1-74acd17bd88f restarts=6 usage_cpu=81m usage_mem=37Mi request_cpu=93m request_mem=250Mi limit_cpu=none limit_mem=none vpa_target_cpu=93m vpa_target_mem=250Mi vpa_uncapped_cpu=93m vpa_uncapped_mem=250Mi vpa_lower_cpu=25m vpa_lower_mem=250Mi vpa_upper_cpu=1500m vpa_upper_mem=512Mi
[2026-08-22T01:19:55+02:00] UPF_CONTROL_SAMPLE timestamp=2026-08-22T01:19:54+02:00 scenario=ue_7 pod=open5gs-upf-5b9db6d44-nsbqz uid=7b5b8ef7-a2a2-4fe9-a3e1-74acd17bd88f restarts=6 usage_cpu=81m usage_mem=37Mi request_cpu=93m request_mem=250Mi limit_cpu=none limit_mem=none vpa_target_cpu=93m vpa_target_mem=250Mi vpa_uncapped_cpu=93m vpa_uncapped_mem=250Mi vpa_lower_cpu=25m vpa_lower_mem=250Mi vpa_upper_cpu=1500m vpa_upper_mem=512Mi
[2026-08-22T01:19:57+02:00] UPF_CONTROL_SAMPLE timestamp=2026-08-22T01:19:56+02:00 scenario=ue_7 pod=open5gs-upf-5b9db6d44-nsbqz uid=7b5b8ef7-a2a2-4fe9-a3e1-74acd17bd88f restarts=6 usage_cpu=60m usage_mem=37Mi request_cpu=93m request_mem=250Mi limit_cpu=none limit_mem=none vpa_target_cpu=93m vpa_target_mem=250Mi vpa_uncapped_cpu=93m vpa_uncapped_mem=250Mi vpa_lower_cpu=25m vpa_lower_mem=250Mi vpa_upper_cpu=1500m vpa_upper_mem=512Mi
[2026-08-22T01:19:59+02:00] UPF_CONTROL_SAMPLE timestamp=2026-08-22T01:19:58+02:00 scenario=ue_7 pod=open5gs-upf-5b9db6d44-nsbqz uid=7b5b8ef7-a2a2-4fe9-a3e1-74acd17bd88f restarts=6 usage_cpu=60m usage_mem=37Mi request_cpu=93m request_mem=250Mi limit_cpu=none limit_mem=none vpa_target_cpu=93m vpa_target_mem=250Mi vpa_uncapped_cpu=93m vpa_uncapped_mem=250Mi vpa_lower_cpu=25m vpa_lower_mem=250Mi vpa_upper_cpu=1500m vpa_upper_mem=512Mi
[2026-08-22T01:20:01+02:00] UPF_CONTROL_SAMPLE timestamp=2026-08-22T01:20:00+02:00 scenario=ue_7 pod=open5gs-upf-5b9db6d44-nsbqz uid=7b5b8ef7-a2a2-4fe9-a3e1-74acd17bd88f restarts=6 usage_cpu=60m usage_mem=37Mi request_cpu=93m request_mem=250Mi limit_cpu=none limit_mem=none vpa_target_cpu=93m vpa_target_mem=250Mi vpa_uncapped_cpu=93m vpa_uncapped_mem=250Mi vpa_lower_cpu=25m vpa_lower_mem=250Mi vpa_upper_cpu=1500m vpa_upper_mem=512Mi
[2026-08-22T01:20:03+02:00] UPF_CONTROL_SAMPLE timestamp=2026-08-22T01:20:02+02:00 scenario=ue_7 pod=open5gs-upf-5b9db6d44-nsbqz uid=7b5b8ef7-a2a2-4fe9-a3e1-74acd17bd88f restarts=6 usage_cpu=60m usage_mem=37Mi request_cpu=93m request_mem=250Mi limit_cpu=none limit_mem=none vpa_target_cpu=93m vpa_target_mem=250Mi vpa_uncapped_cpu=93m vpa_uncapped_mem=250Mi vpa_lower_cpu=25m vpa_lower_mem=250Mi vpa_upper_cpu=1500m vpa_upper_mem=512Mi
[2026-08-22T01:20:05+02:00] UPF_CONTROL_SAMPLE timestamp=2026-08-22T01:20:04+02:00 scenario=ue_7 pod=open5gs-upf-5b9db6d44-nsbqz uid=7b5b8ef7-a2a2-4fe9-a3e1-74acd17bd88f restarts=6 usage_cpu=60m usage_mem=37Mi request_cpu=93m request_mem=250Mi limit_cpu=none limit_mem=none vpa_target_cpu=93m vpa_target_mem=250Mi vpa_uncapped_cpu=93m vpa_uncapped_mem=250Mi vpa_lower_cpu=25m vpa_lower_mem=250Mi vpa_upper_cpu=1500m vpa_upper_mem=512Mi
[2026-08-22T01:20:07+02:00] UPF_CONTROL_SAMPLE timestamp=2026-08-22T01:20:06+02:00 scenario=ue_7 pod=open5gs-upf-5b9db6d44-nsbqz uid=7b5b8ef7-a2a2-4fe9-a3e1-74acd17bd88f restarts=6 usage_cpu=60m usage_mem=37Mi request_cpu=93m request_mem=250Mi limit_cpu=none limit_mem=none vpa_target_cpu=93m vpa_target_mem=250Mi vpa_uncapped_cpu=93m vpa_uncapped_mem=250Mi vpa_lower_cpu=25m vpa_lower_mem=250Mi vpa_upper_cpu=1500m vpa_upper_mem=512Mi
[2026-08-22T01:20:09+02:00] UPF_CONTROL_SAMPLE timestamp=2026-08-22T01:20:08+02:00 scenario=ue_7 pod=open5gs-upf-5b9db6d44-nsbqz uid=7b5b8ef7-a2a2-4fe9-a3e1-74acd17bd88f restarts=6 usage_cpu=60m usage_mem=37Mi request_cpu=93m request_mem=250Mi limit_cpu=none limit_mem=none vpa_target_cpu=93m vpa_target_mem=250Mi vpa_uncapped_cpu=93m vpa_uncapped_mem=250Mi vpa_lower_cpu=25m vpa_lower_mem=250Mi vpa_upper_cpu=1500m vpa_upper_mem=512Mi
[2026-08-22T01:20:11+02:00] UPF_CONTROL_SAMPLE timestamp=2026-08-22T01:20:10+02:00 scenario=ue_7 pod=open5gs-upf-5b9db6d44-nsbqz uid=7b5b8ef7-a2a2-4fe9-a3e1-74acd17bd88f restarts=6 usage_cpu=118m usage_mem=37Mi request_cpu=93m request_mem=250Mi limit_cpu=none limit_mem=none vpa_target_cpu=93m vpa_target_mem=250Mi vpa_uncapped_cpu=93m vpa_uncapped_mem=250Mi vpa_lower_cpu=25m vpa_lower_mem=250Mi vpa_upper_cpu=1500m vpa_upper_mem=512Mi
[2026-08-22T01:20:13+02:00] VPA_RECOMMENDATION_CHANGE timestamp=2026-08-22T01:20:12+02:00 scenario=ue_7 old='vpa_target_cpu=93m vpa_target_mem=250Mi vpa_uncapped_cpu=93m vpa_uncapped_mem=250Mi vpa_lower_cpu=25m vpa_lower_mem=250Mi vpa_upper_cpu=1500m vpa_upper_mem=512Mi' new='vpa_target_cpu=143m vpa_target_mem=250Mi vpa_uncapped_cpu=143m vpa_uncapped_mem=250Mi vpa_lower_cpu=37m vpa_lower_mem=250Mi vpa_upper_cpu=1500m vpa_upper_mem=512Mi' previous_5s_sample='timestamp=2026-08-22T01:20:06+02:00 scenario=ue_7 pod=open5gs-upf-5b9db6d44-nsbqz uid=7b5b8ef7-a2a2-4fe9-a3e1-74acd17bd88f restarts=6 usage_cpu=60m usage_mem=37Mi request_cpu=93m request_mem=250Mi limit_cpu=none limit_mem=none vpa_target_cpu=93m vpa_target_mem=250Mi vpa_uncapped_cpu=93m vpa_uncapped_mem=250Mi vpa_lower_cpu=25m vpa_lower_mem=250Mi vpa_upper_cpu=1500m vpa_upper_mem=512Mi' current_sample='timestamp=2026-08-22T01:20:12+02:00 scenario=ue_7 pod=open5gs-upf-5b9db6d44-nsbqz uid=7b5b8ef7-a2a2-4fe9-a3e1-74acd17bd88f restarts=6 usage_cpu=118m usage_mem=37Mi request_cpu=93m request_mem=250Mi limit_cpu=none limit_mem=none vpa_target_cpu=143m vpa_target_mem=250Mi vpa_uncapped_cpu=143m vpa_uncapped_mem=250Mi vpa_lower_cpu=37m vpa_lower_mem=250Mi vpa_upper_cpu=1500m vpa_upper_mem=512Mi'
[2026-08-22T01:20:13+02:00] UPF_CONTROL_SAMPLE timestamp=2026-08-22T01:20:12+02:00 scenario=ue_7 pod=open5gs-upf-5b9db6d44-nsbqz uid=7b5b8ef7-a2a2-4fe9-a3e1-74acd17bd88f restarts=6 usage_cpu=118m usage_mem=37Mi request_cpu=93m request_mem=250Mi limit_cpu=none limit_mem=none vpa_target_cpu=143m vpa_target_mem=250Mi vpa_uncapped_cpu=143m vpa_uncapped_mem=250Mi vpa_lower_cpu=37m vpa_lower_mem=250Mi vpa_upper_cpu=1500m vpa_upper_mem=512Mi
[2026-08-22T01:20:16+02:00] UPF_CONTROL_SAMPLE timestamp=2026-08-22T01:20:14+02:00 scenario=ue_7 pod=open5gs-upf-5b9db6d44-nsbqz uid=7b5b8ef7-a2a2-4fe9-a3e1-74acd17bd88f restarts=6 usage_cpu=118m usage_mem=37Mi request_cpu=93m request_mem=250Mi limit_cpu=none limit_mem=none vpa_target_cpu=143m vpa_target_mem=250Mi vpa_uncapped_cpu=143m vpa_uncapped_mem=250Mi vpa_lower_cpu=37m vpa_lower_mem=250Mi vpa_upper_cpu=1500m vpa_upper_mem=512Mi
[2026-08-22T01:20:18+02:00] UPF_CONTROL_SAMPLE timestamp=2026-08-22T01:20:17+02:00 scenario=ue_7 pod=open5gs-upf-5b9db6d44-nsbqz uid=7b5b8ef7-a2a2-4fe9-a3e1-74acd17bd88f restarts=6 usage_cpu=118m usage_mem=37Mi request_cpu=93m request_mem=250Mi limit_cpu=none limit_mem=none vpa_target_cpu=143m vpa_target_mem=250Mi vpa_uncapped_cpu=143m vpa_uncapped_mem=250Mi vpa_lower_cpu=37m vpa_lower_mem=250Mi vpa_upper_cpu=1500m vpa_upper_mem=512Mi
[2026-08-22T01:20:20+02:00] UPF_CONTROL_SAMPLE timestamp=2026-08-22T01:20:19+02:00 scenario=ue_7 pod=open5gs-upf-5b9db6d44-nsbqz uid=7b5b8ef7-a2a2-4fe9-a3e1-74acd17bd88f restarts=6 usage_cpu=118m usage_mem=37Mi request_cpu=93m request_mem=250Mi limit_cpu=none limit_mem=none vpa_target_cpu=143m vpa_target_mem=250Mi vpa_uncapped_cpu=143m vpa_uncapped_mem=250Mi vpa_lower_cpu=37m vpa_lower_mem=250Mi vpa_upper_cpu=1500m vpa_upper_mem=512Mi
[2026-08-22T01:20:22+02:00] UPF_CONTROL_SAMPLE timestamp=2026-08-22T01:20:21+02:00 scenario=ue_7 pod=open5gs-upf-5b9db6d44-nsbqz uid=7b5b8ef7-a2a2-4fe9-a3e1-74acd17bd88f restarts=6 usage_cpu=118m usage_mem=37Mi request_cpu=93m request_mem=250Mi limit_cpu=none limit_mem=none vpa_target_cpu=143m vpa_target_mem=250Mi vpa_uncapped_cpu=143m vpa_uncapped_mem=250Mi vpa_lower_cpu=37m vpa_lower_mem=250Mi vpa_upper_cpu=1500m vpa_upper_mem=512Mi
[2026-08-22T01:20:24+02:00] UPF_CONTROL_SAMPLE timestamp=2026-08-22T01:20:23+02:00 scenario=ue_7 pod=open5gs-upf-5b9db6d44-nsbqz uid=7b5b8ef7-a2a2-4fe9-a3e1-74acd17bd88f restarts=6 usage_cpu=118m usage_mem=37Mi request_cpu=93m request_mem=250Mi limit_cpu=none limit_mem=none vpa_target_cpu=143m vpa_target_mem=250Mi vpa_uncapped_cpu=143m vpa_uncapped_mem=250Mi vpa_lower_cpu=37m vpa_lower_mem=250Mi vpa_upper_cpu=1500m vpa_upper_mem=512Mi
[2026-08-22T01:20:26+02:00] UPF_CONTROL_SAMPLE timestamp=2026-08-22T01:20:25+02:00 scenario=ue_7 pod=open5gs-upf-5b9db6d44-nsbqz uid=7b5b8ef7-a2a2-4fe9-a3e1-74acd17bd88f restarts=6 usage_cpu=116m usage_mem=37Mi request_cpu=93m request_mem=250Mi limit_cpu=none limit_mem=none vpa_target_cpu=143m vpa_target_mem=250Mi vpa_uncapped_cpu=143m vpa_uncapped_mem=250Mi vpa_lower_cpu=37m vpa_lower_mem=250Mi vpa_upper_cpu=1500m vpa_upper_mem=512Mi
[2026-08-22T01:20:28+02:00] UPF_REQUEST_CHANGE timestamp=2026-08-22T01:20:27+02:00 scenario=ue_7 pod=open5gs-upf-5b9db6d44-nsbqz uid=7b5b8ef7-a2a2-4fe9-a3e1-74acd17bd88f restarts=6 old='request_cpu=93m request_mem=250Mi limit_cpu=none limit_mem=none' new='request_cpu=143m request_mem=250Mi limit_cpu=none limit_mem=none' previous_5s_sample='timestamp=2026-08-22T01:20:21+02:00 scenario=ue_7 pod=open5gs-upf-5b9db6d44-nsbqz uid=7b5b8ef7-a2a2-4fe9-a3e1-74acd17bd88f restarts=6 usage_cpu=118m usage_mem=37Mi request_cpu=93m request_mem=250Mi limit_cpu=none limit_mem=none vpa_target_cpu=143m vpa_target_mem=250Mi vpa_uncapped_cpu=143m vpa_uncapped_mem=250Mi vpa_lower_cpu=37m vpa_lower_mem=250Mi vpa_upper_cpu=1500m vpa_upper_mem=512Mi' current_sample='timestamp=2026-08-22T01:20:27+02:00 scenario=ue_7 pod=open5gs-upf-5b9db6d44-nsbqz uid=7b5b8ef7-a2a2-4fe9-a3e1-74acd17bd88f restarts=6 usage_cpu=116m usage_mem=37Mi request_cpu=143m request_mem=250Mi limit_cpu=none limit_mem=none vpa_target_cpu=143m vpa_target_mem=250Mi vpa_uncapped_cpu=143m vpa_uncapped_mem=250Mi vpa_lower_cpu=37m vpa_lower_mem=250Mi vpa_upper_cpu=1500m vpa_upper_mem=512Mi'
[2026-08-22T01:20:28+02:00] UPF_CONTROL_SAMPLE timestamp=2026-08-22T01:20:27+02:00 scenario=ue_7 pod=open5gs-upf-5b9db6d44-nsbqz uid=7b5b8ef7-a2a2-4fe9-a3e1-74acd17bd88f restarts=6 usage_cpu=116m usage_mem=37Mi request_cpu=143m request_mem=250Mi limit_cpu=none limit_mem=none vpa_target_cpu=143m vpa_target_mem=250Mi vpa_uncapped_cpu=143m vpa_uncapped_mem=250Mi vpa_lower_cpu=37m vpa_lower_mem=250Mi vpa_upper_cpu=1500m vpa_upper_mem=512Mi
[2026-08-22T01:20:30+02:00] UPF_CONTROL_SAMPLE timestamp=2026-08-22T01:20:29+02:00 scenario=ue_7 pod=open5gs-upf-5b9db6d44-nsbqz uid=7b5b8ef7-a2a2-4fe9-a3e1-74acd17bd88f restarts=6 usage_cpu=116m usage_mem=37Mi request_cpu=143m request_mem=250Mi limit_cpu=none limit_mem=none vpa_target_cpu=143m vpa_target_mem=250Mi vpa_uncapped_cpu=143m vpa_uncapped_mem=250Mi vpa_lower_cpu=37m vpa_lower_mem=250Mi vpa_upper_cpu=1500m vpa_upper_mem=512Mi
[2026-08-22T01:20:32+02:00] UPF_CONTROL_SAMPLE timestamp=2026-08-22T01:20:31+02:00 scenario=ue_7 pod=open5gs-upf-5b9db6d44-nsbqz uid=7b5b8ef7-a2a2-4fe9-a3e1-74acd17bd88f restarts=6 usage_cpu=116m usage_mem=37Mi request_cpu=143m request_mem=250Mi limit_cpu=none limit_mem=none vpa_target_cpu=143m vpa_target_mem=250Mi vpa_uncapped_cpu=143m vpa_uncapped_mem=250Mi vpa_lower_cpu=37m vpa_lower_mem=250Mi vpa_upper_cpu=1500m vpa_upper_mem=512Mi
[2026-08-22T01:20:34+02:00] UPF_CONTROL_SAMPLE timestamp=2026-08-22T01:20:33+02:00 scenario=ue_7 pod=open5gs-upf-5b9db6d44-nsbqz uid=7b5b8ef7-a2a2-4fe9-a3e1-74acd17bd88f restarts=6 usage_cpu=116m usage_mem=37Mi request_cpu=143m request_mem=250Mi limit_cpu=none limit_mem=none vpa_target_cpu=143m vpa_target_mem=250Mi vpa_uncapped_cpu=143m vpa_uncapped_mem=250Mi vpa_lower_cpu=37m vpa_lower_mem=250Mi vpa_upper_cpu=1500m vpa_upper_mem=512Mi
[2026-08-22T01:20:36+02:00] UPF_CONTROL_SAMPLE timestamp=2026-08-22T01:20:35+02:00 scenario=ue_7 pod=open5gs-upf-5b9db6d44-nsbqz uid=7b5b8ef7-a2a2-4fe9-a3e1-74acd17bd88f restarts=6 usage_cpu=116m usage_mem=37Mi request_cpu=143m request_mem=250Mi limit_cpu=none limit_mem=none vpa_target_cpu=143m vpa_target_mem=250Mi vpa_uncapped_cpu=143m vpa_uncapped_mem=250Mi vpa_lower_cpu=37m vpa_lower_mem=250Mi vpa_upper_cpu=1500m vpa_upper_mem=512Mi
[2026-08-22T01:20:38+02:00] UPF_CONTROL_SAMPLE timestamp=2026-08-22T01:20:37+02:00 scenario=ue_7 pod=open5gs-upf-5b9db6d44-nsbqz uid=7b5b8ef7-a2a2-4fe9-a3e1-74acd17bd88f restarts=6 usage_cpu=116m usage_mem=37Mi request_cpu=143m request_mem=250Mi limit_cpu=none limit_mem=none vpa_target_cpu=143m vpa_target_mem=250Mi vpa_uncapped_cpu=143m vpa_uncapped_mem=250Mi vpa_lower_cpu=37m vpa_lower_mem=250Mi vpa_upper_cpu=1500m vpa_upper_mem=512Mi
[2026-08-22T01:20:40+02:00] UPF_CONTROL_SAMPLE timestamp=2026-08-22T01:20:39+02:00 scenario=ue_7 pod=open5gs-upf-5b9db6d44-nsbqz uid=7b5b8ef7-a2a2-4fe9-a3e1-74acd17bd88f restarts=6 usage_cpu=116m usage_mem=37Mi request_cpu=143m request_mem=250Mi limit_cpu=none limit_mem=none vpa_target_cpu=143m vpa_target_mem=250Mi vpa_uncapped_cpu=143m vpa_uncapped_mem=250Mi vpa_lower_cpu=37m vpa_lower_mem=250Mi vpa_upper_cpu=1500m vpa_upper_mem=512Mi
[2026-08-22T01:20:42+02:00] UPF_CONTROL_SAMPLE timestamp=2026-08-22T01:20:41+02:00 scenario=ue_7 pod=open5gs-upf-5b9db6d44-nsbqz uid=7b5b8ef7-a2a2-4fe9-a3e1-74acd17bd88f restarts=6 usage_cpu=114m usage_mem=37Mi request_cpu=143m request_mem=250Mi limit_cpu=none limit_mem=none vpa_target_cpu=143m vpa_target_mem=250Mi vpa_uncapped_cpu=143m vpa_uncapped_mem=250Mi vpa_lower_cpu=37m vpa_lower_mem=250Mi vpa_upper_cpu=1500m vpa_upper_mem=512Mi
[2026-08-22T01:20:43+02:00] UPF_CONTROL_SAMPLE timestamp=2026-08-22T01:20:43+02:00 scenario=ue_7 pod=open5gs-upf-5b9db6d44-nsbqz uid=7b5b8ef7-a2a2-4fe9-a3e1-74acd17bd88f restarts=6 usage_cpu=114m usage_mem=37Mi request_cpu=143m request_mem=250Mi limit_cpu=none limit_mem=none vpa_target_cpu=143m vpa_target_mem=250Mi vpa_uncapped_cpu=143m vpa_uncapped_mem=250Mi vpa_lower_cpu=37m vpa_lower_mem=250Mi vpa_upper_cpu=1500m vpa_upper_mem=512Mi
[2026-08-22T01:20:45+02:00] UPF_CONTROL_SAMPLE timestamp=2026-08-22T01:20:45+02:00 scenario=ue_7 pod=open5gs-upf-5b9db6d44-nsbqz uid=7b5b8ef7-a2a2-4fe9-a3e1-74acd17bd88f restarts=6 usage_cpu=114m usage_mem=37Mi request_cpu=143m request_mem=250Mi limit_cpu=none limit_mem=none vpa_target_cpu=143m vpa_target_mem=250Mi vpa_uncapped_cpu=143m vpa_uncapped_mem=250Mi vpa_lower_cpu=37m vpa_lower_mem=250Mi vpa_upper_cpu=1500m vpa_upper_mem=512Mi
[2026-08-22T01:20:48+02:00] UPF_CONTROL_SAMPLE timestamp=2026-08-22T01:20:46+02:00 scenario=ue_7 pod=open5gs-upf-5b9db6d44-nsbqz uid=7b5b8ef7-a2a2-4fe9-a3e1-74acd17bd88f restarts=6 usage_cpu=114m usage_mem=37Mi request_cpu=143m request_mem=250Mi limit_cpu=none limit_mem=none vpa_target_cpu=143m vpa_target_mem=250Mi vpa_uncapped_cpu=143m vpa_uncapped_mem=250Mi vpa_lower_cpu=37m vpa_lower_mem=250Mi vpa_upper_cpu=1500m vpa_upper_mem=512Mi
[2026-08-22T01:20:50+02:00] UPF_CONTROL_SAMPLE timestamp=2026-08-22T01:20:49+02:00 scenario=ue_7 pod=open5gs-upf-5b9db6d44-nsbqz uid=7b5b8ef7-a2a2-4fe9-a3e1-74acd17bd88f restarts=6 usage_cpu=114m usage_mem=37Mi request_cpu=143m request_mem=250Mi limit_cpu=none limit_mem=none vpa_target_cpu=143m vpa_target_mem=250Mi vpa_uncapped_cpu=143m vpa_uncapped_mem=250Mi vpa_lower_cpu=37m vpa_lower_mem=250Mi vpa_upper_cpu=1500m vpa_upper_mem=512Mi
[2026-08-22T01:20:52+02:00] UPF_CONTROL_SAMPLE timestamp=2026-08-22T01:20:51+02:00 scenario=ue_7 pod=open5gs-upf-5b9db6d44-nsbqz uid=7b5b8ef7-a2a2-4fe9-a3e1-74acd17bd88f restarts=6 usage_cpu=114m usage_mem=37Mi request_cpu=143m request_mem=250Mi limit_cpu=none limit_mem=none vpa_target_cpu=143m vpa_target_mem=250Mi vpa_uncapped_cpu=143m vpa_uncapped_mem=250Mi vpa_lower_cpu=37m vpa_lower_mem=250Mi vpa_upper_cpu=1500m vpa_upper_mem=512Mi
[2026-08-22T01:20:54+02:00] UPF_CONTROL_SAMPLE timestamp=2026-08-22T01:20:53+02:00 scenario=ue_7 pod=open5gs-upf-5b9db6d44-nsbqz uid=7b5b8ef7-a2a2-4fe9-a3e1-74acd17bd88f restarts=6 usage_cpu=114m usage_mem=37Mi request_cpu=143m request_mem=250Mi limit_cpu=none limit_mem=none vpa_target_cpu=143m vpa_target_mem=250Mi vpa_uncapped_cpu=143m vpa_uncapped_mem=250Mi vpa_lower_cpu=37m vpa_lower_mem=250Mi vpa_upper_cpu=1500m vpa_upper_mem=512Mi
[2026-08-22T01:20:56+02:00] UPF_CONTROL_SAMPLE timestamp=2026-08-22T01:20:55+02:00 scenario=ue_7 pod=open5gs-upf-5b9db6d44-nsbqz uid=7b5b8ef7-a2a2-4fe9-a3e1-74acd17bd88f restarts=6 usage_cpu=114m usage_mem=37Mi request_cpu=143m request_mem=250Mi limit_cpu=none limit_mem=none vpa_target_cpu=143m vpa_target_mem=250Mi vpa_uncapped_cpu=143m vpa_uncapped_mem=250Mi vpa_lower_cpu=37m vpa_lower_mem=250Mi vpa_upper_cpu=1500m vpa_upper_mem=512Mi
[2026-08-22T01:20:57+02:00] UPF_CONTROL_SAMPLE timestamp=2026-08-22T01:20:57+02:00 scenario=ue_7 pod=open5gs-upf-5b9db6d44-nsbqz uid=7b5b8ef7-a2a2-4fe9-a3e1-74acd17bd88f restarts=6 usage_cpu=114m usage_mem=37Mi request_cpu=143m request_mem=250Mi limit_cpu=none limit_mem=none vpa_target_cpu=143m vpa_target_mem=250Mi vpa_uncapped_cpu=143m vpa_uncapped_mem=250Mi vpa_lower_cpu=37m vpa_lower_mem=250Mi vpa_upper_cpu=1500m vpa_upper_mem=512Mi
[2026-08-22T01:20:59+02:00] UPF_CONTROL_SAMPLE timestamp=2026-08-22T01:20:59+02:00 scenario=ue_7 pod=open5gs-upf-5b9db6d44-nsbqz uid=7b5b8ef7-a2a2-4fe9-a3e1-74acd17bd88f restarts=6 usage_cpu=114m usage_mem=37Mi request_cpu=143m request_mem=250Mi limit_cpu=none limit_mem=none vpa_target_cpu=143m vpa_target_mem=250Mi vpa_uncapped_cpu=143m vpa_uncapped_mem=250Mi vpa_lower_cpu=37m vpa_lower_mem=250Mi vpa_upper_cpu=1500m vpa_upper_mem=512Mi
[2026-08-22T01:21:01+02:00] UPF_CONTROL_SAMPLE timestamp=2026-08-22T01:21:00+02:00 scenario=ue_7 pod=open5gs-upf-5b9db6d44-nsbqz uid=7b5b8ef7-a2a2-4fe9-a3e1-74acd17bd88f restarts=6 usage_cpu=114m usage_mem=37Mi request_cpu=143m request_mem=250Mi limit_cpu=none limit_mem=none vpa_target_cpu=143m vpa_target_mem=250Mi vpa_uncapped_cpu=143m vpa_uncapped_mem=250Mi vpa_lower_cpu=37m vpa_lower_mem=250Mi vpa_upper_cpu=1500m vpa_upper_mem=512Mi
[2026-08-22T01:21:03+02:00] UPF_CONTROL_SAMPLE timestamp=2026-08-22T01:21:02+02:00 scenario=ue_7 pod=open5gs-upf-5b9db6d44-nsbqz uid=7b5b8ef7-a2a2-4fe9-a3e1-74acd17bd88f restarts=6 usage_cpu=114m usage_mem=37Mi request_cpu=143m request_mem=250Mi limit_cpu=none limit_mem=none vpa_target_cpu=143m vpa_target_mem=250Mi vpa_uncapped_cpu=143m vpa_uncapped_mem=250Mi vpa_lower_cpu=37m vpa_lower_mem=250Mi vpa_upper_cpu=1500m vpa_upper_mem=512Mi
[2026-08-22T01:21:05+02:00] UE_SLOT_DONE timestamp=2026-08-21T23:21:05+00:00 active_ues=7 slot=0 attempt=1 ue_idx=0 ue_if=uesimtun0 ue_ip=10.45.1.146 port=5201 rc=0 replacements_for_slot=0 server_busy_retries_for_slot=0
[2026-08-22T01:21:05+02:00] UE_SLOT_DONE timestamp=2026-08-21T23:21:05+00:00 active_ues=7 slot=1 attempt=1 ue_idx=1 ue_if=uesimtun1 ue_ip=10.45.1.147 port=5202 rc=0 replacements_for_slot=0 server_busy_retries_for_slot=0
[2026-08-22T01:21:05+02:00] UPF_CONTROL_SAMPLE timestamp=2026-08-22T01:21:04+02:00 scenario=ue_7 pod=open5gs-upf-5b9db6d44-nsbqz uid=7b5b8ef7-a2a2-4fe9-a3e1-74acd17bd88f restarts=6 usage_cpu=114m usage_mem=37Mi request_cpu=143m request_mem=250Mi limit_cpu=none limit_mem=none vpa_target_cpu=143m vpa_target_mem=250Mi vpa_uncapped_cpu=143m vpa_uncapped_mem=250Mi vpa_lower_cpu=37m vpa_lower_mem=250Mi vpa_upper_cpu=1500m vpa_upper_mem=512Mi
[2026-08-22T01:21:05+02:00] UE_SLOT_DONE timestamp=2026-08-21T23:21:05+00:00 active_ues=7 slot=2 attempt=1 ue_idx=2 ue_if=uesimtun2 ue_ip=10.45.1.148 port=5203 rc=0 replacements_for_slot=0 server_busy_retries_for_slot=0
[2026-08-22T01:21:05+02:00] UE_SLOT_DONE timestamp=2026-08-21T23:21:05+00:00 active_ues=7 slot=3 attempt=1 ue_idx=3 ue_if=uesimtun3 ue_ip=10.45.1.149 port=5204 rc=0 replacements_for_slot=0 server_busy_retries_for_slot=0
[2026-08-22T01:21:07+02:00] UE_SLOT_DONE timestamp=2026-08-21T23:21:07+00:00 active_ues=7 slot=4 attempt=1 ue_idx=4 ue_if=uesimtun4 ue_ip=10.45.1.151 port=5205 rc=0 replacements_for_slot=0 server_busy_retries_for_slot=0
[2026-08-22T01:21:07+02:00] UE_SLOT_DONE timestamp=2026-08-21T23:21:07+00:00 active_ues=7 slot=5 attempt=1 ue_idx=5 ue_if=uesimtun5 ue_ip=10.45.1.150 port=5206 rc=0 replacements_for_slot=0 server_busy_retries_for_slot=0
[2026-08-22T01:21:07+02:00] UE_SLOT_DONE timestamp=2026-08-21T23:21:07+00:00 active_ues=7 slot=6 attempt=1 ue_idx=6 ue_if=uesimtun6 ue_ip=10.45.1.152 port=5207 rc=0 replacements_for_slot=0 server_busy_retries_for_slot=0
[2026-08-22T01:21:07+02:00] UPF_CONTROL_SAMPLE timestamp=2026-08-22T01:21:06+02:00 scenario=ue_7 pod=open5gs-upf-5b9db6d44-nsbqz uid=7b5b8ef7-a2a2-4fe9-a3e1-74acd17bd88f restarts=6 usage_cpu=114m usage_mem=37Mi request_cpu=143m request_mem=250Mi limit_cpu=none limit_mem=none vpa_target_cpu=143m vpa_target_mem=250Mi vpa_uncapped_cpu=143m vpa_uncapped_mem=250Mi vpa_lower_cpu=37m vpa_lower_mem=250Mi vpa_upper_cpu=1500m vpa_upper_mem=512Mi
[2026-08-22T01:21:08+02:00] TRAFFIC_SUMMARY timestamp=2026-08-21T23:21:08+00:00 registered_tunnels=50 active_ues=7 target_slots=7 completed_slots=7 final_failed_slots=0 replacements=0 problematic_ues=0 zombie_ues=0 connect_timeouts=0 stalls=0 deferred_stalls=0 process_failures=0 server_busy_retries=0 server_busy_failures=0 late_timeouts_accepted=0 scenario_bad_ues=0 global_suspect_ues=0 used_ues=7 target_host=192.168.1.211 initial_ports=5201-5207 replacement_ports=5251-5265 bitrate=1M start_delay=0.05 detection=no_rx_counter replacement_min_duration_s=5 adaptive_extension_max_s=1 iperf_exit_grace_s=3 server_busy_retries_limit=1 server_busy_retry_delay_s=2 late_replacement_after_end=disabled wait_for_iperf_exit=until_timeout global_suspect_policy=soft_reuse ramp_supervision=after_initial_start
[2026-08-22T01:21:08+02:00] UE_POOL_SCENARIO_BAD_CURRENT timestamp=2026-08-21T23:21:08+00:00 active_ues=7 indexes=
[2026-08-22T01:21:08+02:00] UE_POOL_GLOBAL_SUSPECT_CURRENT timestamp=2026-08-21T23:21:08+00:00 active_ues=7 indexes=
[2026-08-22T01:21:08+02:00] REMOTE_IPERF_PER_UE_END timestamp=2026-08-21T23:21:08+00:00 active_ues=7 tag=ue_7 final_rc=0 completed_slots=7 replacements=0 problematic_ues=0 server_busy_retries=0 deferred_stalls=0 late_timeouts_accepted=0
[2026-08-22T01:21:08+02:00] SCENARIO TRAFFIC COMMAND END timestamp=2026-08-22T01:21:08+02:00 active_ue=7 rc=0
[2026-08-22T01:21:09+02:00] SCENARIO UPF AFTER timestamp=2026-08-22T01:21:09+02:00 active_ue=7 pod=open5gs-upf-5b9db6d44-nsbqz uid=7b5b8ef7-a2a2-4fe9-a3e1-74acd17bd88f restarts=6
[2026-08-22T01:21:09+02:00] SCENARIO END timestamp=2026-08-22T01:21:09+02:00 active_ue=7 rc=0
[2026-08-22T01:21:09+02:00] ================================================================
[2026-08-22T01:21:09+02:00] SCENARIO START timestamp=2026-08-22T01:21:09+02:00 active_ue=9 registered_ue_pool=50 target_host=192.168.1.211 ports=5201-5209 replacement_ports=5251-5265 bitrate_per_ue=1M start_delay=0.05 replacement_min_duration=5 adaptive_extension_max=1
[2026-08-22T01:21:09+02:00] ================================================================
[2026-08-22T01:21:09+02:00] SCENARIO TUNNEL CHECK timestamp=2026-08-22T01:21:09+02:00 active_ue=9 current_tunnels=50 required=50
[2026-08-22T01:21:09+02:00] UPF_CONTROL_SAMPLE timestamp=2026-08-22T01:21:08+02:00 scenario=ue_7 pod=open5gs-upf-5b9db6d44-nsbqz uid=7b5b8ef7-a2a2-4fe9-a3e1-74acd17bd88f restarts=6 usage_cpu=114m usage_mem=37Mi request_cpu=143m request_mem=250Mi limit_cpu=none limit_mem=none vpa_target_cpu=143m vpa_target_mem=250Mi vpa_uncapped_cpu=143m vpa_uncapped_mem=250Mi vpa_lower_cpu=37m vpa_lower_mem=250Mi vpa_upper_cpu=1500m vpa_upper_mem=512Mi
[2026-08-22T01:21:09+02:00] SCENARIO UPF BEFORE timestamp=2026-08-22T01:21:09+02:00 active_ue=9 pod=open5gs-upf-5b9db6d44-nsbqz uid=7b5b8ef7-a2a2-4fe9-a3e1-74acd17bd88f restarts=6
[2026-08-22T01:21:10+02:00] REMOTE_IPERF_PER_UE_START timestamp=2026-08-21T23:21:10+00:00 active_ues=9 tag=ue_9 iperf_host=192.168.1.211 base_port=5201 replacement_base_port=5251 duration=80 bitrate=1M start_delay=0.05 detection=no_rx_counter connect_timeout_s=4 stall_seconds=5 replacement_limit=15 replacement_min_duration_s=5 adaptive_extension_max_s=1 iperf_exit_grace_s=3 server_busy_port_rebinds=1 late_replacement_after_end=disabled wait_for_iperf_exit=until_timeout global_suspect_policy=soft_reuse ramp_supervision=after_initial_start
[2026-08-22T01:21:10+02:00] UE_POOL_STATUS timestamp=2026-08-21T23:21:10+00:00 active_ues=9 registered_tunnels=50 existing_global_suspect_ues=0 used_ues=0 policy=soft_reuse_global_suspects
[2026-08-22T01:21:10+02:00] UE_SLOT_ASSIGN timestamp=2026-08-21T23:21:10+00:00 active_ues=9 slot=0 ue_idx=0 ue_if=uesimtun0 ue_ip=10.45.1.146 candidate_reused_global_suspect=0
[2026-08-22T01:21:10+02:00] UE_SLOT_START timestamp=2026-08-21T23:21:10+00:00 active_ues=9 slot=0 attempt=1 ue_idx=0 ue_if=uesimtun0 ue_ip=10.45.1.146 target=192.168.1.211:5201 bitrate=1M duration_s=80 planned_end_epoch=1787354550 timeout_s=90 hard_timeout_epoch=1787354565 start_rx_bytes=341693
[2026-08-22T01:21:10+02:00] UE_SLOT_PID timestamp=2026-08-21T23:21:10+00:00 active_ues=9 slot=0 attempt=1 ue_idx=0 pid=7236
[2026-08-22T01:21:10+02:00] UE_SLOT_ASSIGN timestamp=2026-08-21T23:21:10+00:00 active_ues=9 slot=1 ue_idx=1 ue_if=uesimtun1 ue_ip=10.45.1.147 candidate_reused_global_suspect=0
[2026-08-22T01:21:10+02:00] UE_SLOT_START timestamp=2026-08-21T23:21:10+00:00 active_ues=9 slot=1 attempt=1 ue_idx=1 ue_if=uesimtun1 ue_ip=10.45.1.147 target=192.168.1.211:5202 bitrate=1M duration_s=80 planned_end_epoch=1787354550 timeout_s=90 hard_timeout_epoch=1787354565 start_rx_bytes=253037
[2026-08-22T01:21:10+02:00] UE_SLOT_PID timestamp=2026-08-21T23:21:10+00:00 active_ues=9 slot=1 attempt=1 ue_idx=1 pid=7261
[2026-08-22T01:21:11+02:00] UE_SLOT_ASSIGN timestamp=2026-08-21T23:21:11+00:00 active_ues=9 slot=2 ue_idx=2 ue_if=uesimtun2 ue_ip=10.45.1.148 candidate_reused_global_suspect=0
[2026-08-22T01:21:11+02:00] UE_SLOT_START timestamp=2026-08-21T23:21:11+00:00 active_ues=9 slot=2 attempt=1 ue_idx=2 ue_if=uesimtun2 ue_ip=10.45.1.148 target=192.168.1.211:5203 bitrate=1M duration_s=80 planned_end_epoch=1787354551 timeout_s=90 hard_timeout_epoch=1787354566 start_rx_bytes=250187
[2026-08-22T01:21:11+02:00] UE_SLOT_PID timestamp=2026-08-21T23:21:11+00:00 active_ues=9 slot=2 attempt=1 ue_idx=2 pid=7286
[2026-08-22T01:21:11+02:00] UE_SLOT_ASSIGN timestamp=2026-08-21T23:21:11+00:00 active_ues=9 slot=3 ue_idx=3 ue_if=uesimtun3 ue_ip=10.45.1.149 candidate_reused_global_suspect=0
[2026-08-22T01:21:11+02:00] UE_SLOT_START timestamp=2026-08-21T23:21:11+00:00 active_ues=9 slot=3 attempt=1 ue_idx=3 ue_if=uesimtun3 ue_ip=10.45.1.149 target=192.168.1.211:5204 bitrate=1M duration_s=80 planned_end_epoch=1787354551 timeout_s=90 hard_timeout_epoch=1787354566 start_rx_bytes=170689
[2026-08-22T01:21:11+02:00] UE_SLOT_PID timestamp=2026-08-21T23:21:11+00:00 active_ues=9 slot=3 attempt=1 ue_idx=3 pid=7311
[2026-08-22T01:21:11+02:00] UE_SLOT_ASSIGN timestamp=2026-08-21T23:21:11+00:00 active_ues=9 slot=4 ue_idx=4 ue_if=uesimtun4 ue_ip=10.45.1.151 candidate_reused_global_suspect=0
[2026-08-22T01:21:11+02:00] UE_SLOT_START timestamp=2026-08-21T23:21:11+00:00 active_ues=9 slot=4 attempt=1 ue_idx=4 ue_if=uesimtun4 ue_ip=10.45.1.151 target=192.168.1.211:5205 bitrate=1M duration_s=80 planned_end_epoch=1787354551 timeout_s=90 hard_timeout_epoch=1787354566 start_rx_bytes=174748
[2026-08-22T01:21:11+02:00] UE_SLOT_PID timestamp=2026-08-21T23:21:11+00:00 active_ues=9 slot=4 attempt=1 ue_idx=4 pid=7336
[2026-08-22T01:21:11+02:00] UE_SLOT_ASSIGN timestamp=2026-08-21T23:21:11+00:00 active_ues=9 slot=5 ue_idx=5 ue_if=uesimtun5 ue_ip=10.45.1.150 candidate_reused_global_suspect=0
[2026-08-22T01:21:11+02:00] VPA_RECOMMENDATION_CHANGE timestamp=2026-08-22T01:21:10+02:00 scenario=ue_9 old='vpa_target_cpu=143m vpa_target_mem=250Mi vpa_uncapped_cpu=143m vpa_uncapped_mem=250Mi vpa_lower_cpu=37m vpa_lower_mem=250Mi vpa_upper_cpu=1500m vpa_upper_mem=512Mi' new='vpa_target_cpu=143m vpa_target_mem=250Mi vpa_uncapped_cpu=143m vpa_uncapped_mem=250Mi vpa_lower_cpu=41m vpa_lower_mem=250Mi vpa_upper_cpu=1500m vpa_upper_mem=512Mi' previous_5s_sample='timestamp=2026-08-22T01:21:04+02:00 scenario=ue_7 pod=open5gs-upf-5b9db6d44-nsbqz uid=7b5b8ef7-a2a2-4fe9-a3e1-74acd17bd88f restarts=6 usage_cpu=114m usage_mem=37Mi request_cpu=143m request_mem=250Mi limit_cpu=none limit_mem=none vpa_target_cpu=143m vpa_target_mem=250Mi vpa_uncapped_cpu=143m vpa_uncapped_mem=250Mi vpa_lower_cpu=37m vpa_lower_mem=250Mi vpa_upper_cpu=1500m vpa_upper_mem=512Mi' current_sample='timestamp=2026-08-22T01:21:10+02:00 scenario=ue_9 pod=open5gs-upf-5b9db6d44-nsbqz uid=7b5b8ef7-a2a2-4fe9-a3e1-74acd17bd88f restarts=6 usage_cpu=103m usage_mem=37Mi request_cpu=143m request_mem=250Mi limit_cpu=none limit_mem=none vpa_target_cpu=143m vpa_target_mem=250Mi vpa_uncapped_cpu=143m vpa_uncapped_mem=250Mi vpa_lower_cpu=41m vpa_lower_mem=250Mi vpa_upper_cpu=1500m vpa_upper_mem=512Mi'
[2026-08-22T01:21:11+02:00] UE_SLOT_START timestamp=2026-08-21T23:21:11+00:00 active_ues=9 slot=5 attempt=1 ue_idx=5 ue_if=uesimtun5 ue_ip=10.45.1.150 target=192.168.1.211:5206 bitrate=1M duration_s=80 planned_end_epoch=1787354551 timeout_s=90 hard_timeout_epoch=1787354566 start_rx_bytes=91418
[2026-08-22T01:21:11+02:00] UPF_CONTROL_SAMPLE timestamp=2026-08-22T01:21:10+02:00 scenario=ue_9 pod=open5gs-upf-5b9db6d44-nsbqz uid=7b5b8ef7-a2a2-4fe9-a3e1-74acd17bd88f restarts=6 usage_cpu=103m usage_mem=37Mi request_cpu=143m request_mem=250Mi limit_cpu=none limit_mem=none vpa_target_cpu=143m vpa_target_mem=250Mi vpa_uncapped_cpu=143m vpa_uncapped_mem=250Mi vpa_lower_cpu=41m vpa_lower_mem=250Mi vpa_upper_cpu=1500m vpa_upper_mem=512Mi
[2026-08-22T01:21:11+02:00] UE_SLOT_PID timestamp=2026-08-21T23:21:11+00:00 active_ues=9 slot=5 attempt=1 ue_idx=5 pid=7361
[2026-08-22T01:21:11+02:00] UE_SLOT_ASSIGN timestamp=2026-08-21T23:21:11+00:00 active_ues=9 slot=6 ue_idx=6 ue_if=uesimtun6 ue_ip=10.45.1.152 candidate_reused_global_suspect=0
[2026-08-22T01:21:12+02:00] UE_SLOT_START timestamp=2026-08-21T23:21:12+00:00 active_ues=9 slot=6 attempt=1 ue_idx=6 ue_if=uesimtun6 ue_ip=10.45.1.152 target=192.168.1.211:5207 bitrate=1M duration_s=80 planned_end_epoch=1787354551 timeout_s=90 hard_timeout_epoch=1787354566 start_rx_bytes=90356
[2026-08-22T01:21:12+02:00] UE_SLOT_PID timestamp=2026-08-21T23:21:12+00:00 active_ues=9 slot=6 attempt=1 ue_idx=6 pid=7386
[2026-08-22T01:21:12+02:00] UE_SLOT_ASSIGN timestamp=2026-08-21T23:21:12+00:00 active_ues=9 slot=7 ue_idx=7 ue_if=uesimtun7 ue_ip=10.45.1.154 candidate_reused_global_suspect=0
[2026-08-22T01:21:12+02:00] UE_SLOT_START timestamp=2026-08-21T23:21:12+00:00 active_ues=9 slot=7 attempt=1 ue_idx=7 ue_if=uesimtun7 ue_ip=10.45.1.154 target=192.168.1.211:5208 bitrate=1M duration_s=80 planned_end_epoch=1787354552 timeout_s=90 hard_timeout_epoch=1787354567 start_rx_bytes=0
[2026-08-22T01:21:12+02:00] UE_SLOT_PID timestamp=2026-08-21T23:21:12+00:00 active_ues=9 slot=7 attempt=1 ue_idx=7 pid=7411
[2026-08-22T01:21:12+02:00] UE_SLOT_ASSIGN timestamp=2026-08-21T23:21:12+00:00 active_ues=9 slot=8 ue_idx=8 ue_if=uesimtun8 ue_ip=10.45.1.156 candidate_reused_global_suspect=0
[2026-08-22T01:21:12+02:00] UE_SLOT_START timestamp=2026-08-21T23:21:12+00:00 active_ues=9 slot=8 attempt=1 ue_idx=8 ue_if=uesimtun8 ue_ip=10.45.1.156 target=192.168.1.211:5209 bitrate=1M duration_s=80 planned_end_epoch=1787354552 timeout_s=90 hard_timeout_epoch=1787354567 start_rx_bytes=0
[2026-08-22T01:21:12+02:00] UE_SLOT_PID timestamp=2026-08-21T23:21:12+00:00 active_ues=9 slot=8 attempt=1 ue_idx=8 pid=7436
[2026-08-22T01:21:12+02:00] IPERF_MAPPING_SUMMARY timestamp=2026-08-21T23:21:12+00:00 active_ues=9 registered_tunnels=50 initial_ports=5201-5209 replacement_ports=5251-5265 bitrate=1M start_delay=0.05 detection=no_rx_counter replacement_min_duration_s=5 adaptive_extension_max_s=1 iperf_exit_grace_s=3 server_busy_port_rebinds=1 late_replacement_after_end=disabled wait_for_iperf_exit=until_timeout global_suspect_policy=soft_reuse ramp_supervision=after_initial_start
[2026-08-22T01:21:13+02:00] UPF_CONTROL_SAMPLE timestamp=2026-08-22T01:21:12+02:00 scenario=ue_9 pod=open5gs-upf-5b9db6d44-nsbqz uid=7b5b8ef7-a2a2-4fe9-a3e1-74acd17bd88f restarts=6 usage_cpu=103m usage_mem=37Mi request_cpu=143m request_mem=250Mi limit_cpu=none limit_mem=none vpa_target_cpu=143m vpa_target_mem=250Mi vpa_uncapped_cpu=143m vpa_uncapped_mem=250Mi vpa_lower_cpu=41m vpa_lower_mem=250Mi vpa_upper_cpu=1500m vpa_upper_mem=512Mi
[2026-08-22T01:21:15+02:00] UPF_CONTROL_SAMPLE timestamp=2026-08-22T01:21:14+02:00 scenario=ue_9 pod=open5gs-upf-5b9db6d44-nsbqz uid=7b5b8ef7-a2a2-4fe9-a3e1-74acd17bd88f restarts=6 usage_cpu=103m usage_mem=37Mi request_cpu=143m request_mem=250Mi limit_cpu=none limit_mem=none vpa_target_cpu=143m vpa_target_mem=250Mi vpa_uncapped_cpu=143m vpa_uncapped_mem=250Mi vpa_lower_cpu=41m vpa_lower_mem=250Mi vpa_upper_cpu=1500m vpa_upper_mem=512Mi
[2026-08-22T01:21:17+02:00] UPF_CONTROL_SAMPLE timestamp=2026-08-22T01:21:16+02:00 scenario=ue_9 pod=open5gs-upf-5b9db6d44-nsbqz uid=7b5b8ef7-a2a2-4fe9-a3e1-74acd17bd88f restarts=6 usage_cpu=103m usage_mem=37Mi request_cpu=143m request_mem=250Mi limit_cpu=none limit_mem=none vpa_target_cpu=143m vpa_target_mem=250Mi vpa_uncapped_cpu=143m vpa_uncapped_mem=250Mi vpa_lower_cpu=41m vpa_lower_mem=250Mi vpa_upper_cpu=1500m vpa_upper_mem=512Mi
[2026-08-22T01:21:19+02:00] UPF_CONTROL_SAMPLE timestamp=2026-08-22T01:21:18+02:00 scenario=ue_9 pod=open5gs-upf-5b9db6d44-nsbqz uid=7b5b8ef7-a2a2-4fe9-a3e1-74acd17bd88f restarts=6 usage_cpu=103m usage_mem=37Mi request_cpu=143m request_mem=250Mi limit_cpu=none limit_mem=none vpa_target_cpu=143m vpa_target_mem=250Mi vpa_uncapped_cpu=143m vpa_uncapped_mem=250Mi vpa_lower_cpu=41m vpa_lower_mem=250Mi vpa_upper_cpu=1500m vpa_upper_mem=512Mi
[2026-08-22T01:21:21+02:00] UPF_CONTROL_SAMPLE timestamp=2026-08-22T01:21:20+02:00 scenario=ue_9 pod=open5gs-upf-5b9db6d44-nsbqz uid=7b5b8ef7-a2a2-4fe9-a3e1-74acd17bd88f restarts=6 usage_cpu=103m usage_mem=37Mi request_cpu=143m request_mem=250Mi limit_cpu=none limit_mem=none vpa_target_cpu=143m vpa_target_mem=250Mi vpa_uncapped_cpu=143m vpa_uncapped_mem=250Mi vpa_lower_cpu=41m vpa_lower_mem=250Mi vpa_upper_cpu=1500m vpa_upper_mem=512Mi
[2026-08-22T01:21:23+02:00] UPF_CONTROL_SAMPLE timestamp=2026-08-22T01:21:22+02:00 scenario=ue_9 pod=open5gs-upf-5b9db6d44-nsbqz uid=7b5b8ef7-a2a2-4fe9-a3e1-74acd17bd88f restarts=6 usage_cpu=103m usage_mem=37Mi request_cpu=143m request_mem=250Mi limit_cpu=none limit_mem=none vpa_target_cpu=143m vpa_target_mem=250Mi vpa_uncapped_cpu=143m vpa_uncapped_mem=250Mi vpa_lower_cpu=41m vpa_lower_mem=250Mi vpa_upper_cpu=1500m vpa_upper_mem=512Mi
[2026-08-22T01:21:25+02:00] UPF_CONTROL_SAMPLE timestamp=2026-08-22T01:21:24+02:00 scenario=ue_9 pod=open5gs-upf-5b9db6d44-nsbqz uid=7b5b8ef7-a2a2-4fe9-a3e1-74acd17bd88f restarts=6 usage_cpu=103m usage_mem=37Mi request_cpu=143m request_mem=250Mi limit_cpu=none limit_mem=none vpa_target_cpu=143m vpa_target_mem=250Mi vpa_uncapped_cpu=143m vpa_uncapped_mem=250Mi vpa_lower_cpu=41m vpa_lower_mem=250Mi vpa_upper_cpu=1500m vpa_upper_mem=512Mi
[2026-08-22T01:21:27+02:00] UPF_CONTROL_SAMPLE timestamp=2026-08-22T01:21:26+02:00 scenario=ue_9 pod=open5gs-upf-5b9db6d44-nsbqz uid=7b5b8ef7-a2a2-4fe9-a3e1-74acd17bd88f restarts=6 usage_cpu=103m usage_mem=37Mi request_cpu=143m request_mem=250Mi limit_cpu=none limit_mem=none vpa_target_cpu=143m vpa_target_mem=250Mi vpa_uncapped_cpu=143m vpa_uncapped_mem=250Mi vpa_lower_cpu=41m vpa_lower_mem=250Mi vpa_upper_cpu=1500m vpa_upper_mem=512Mi
[2026-08-22T01:21:29+02:00] UPF_CONTROL_SAMPLE timestamp=2026-08-22T01:21:28+02:00 scenario=ue_9 pod=open5gs-upf-5b9db6d44-nsbqz uid=7b5b8ef7-a2a2-4fe9-a3e1-74acd17bd88f restarts=6 usage_cpu=103m usage_mem=37Mi request_cpu=143m request_mem=250Mi limit_cpu=none limit_mem=none vpa_target_cpu=143m vpa_target_mem=250Mi vpa_uncapped_cpu=143m vpa_uncapped_mem=250Mi vpa_lower_cpu=41m vpa_lower_mem=250Mi vpa_upper_cpu=1500m vpa_upper_mem=512Mi
[2026-08-22T01:21:31+02:00] UPF_CONTROL_SAMPLE timestamp=2026-08-22T01:21:30+02:00 scenario=ue_9 pod=open5gs-upf-5b9db6d44-nsbqz uid=7b5b8ef7-a2a2-4fe9-a3e1-74acd17bd88f restarts=6 usage_cpu=103m usage_mem=37Mi request_cpu=143m request_mem=250Mi limit_cpu=none limit_mem=none vpa_target_cpu=143m vpa_target_mem=250Mi vpa_uncapped_cpu=143m vpa_uncapped_mem=250Mi vpa_lower_cpu=41m vpa_lower_mem=250Mi vpa_upper_cpu=1500m vpa_upper_mem=512Mi
[2026-08-22T01:21:33+02:00] UPF_CONTROL_SAMPLE timestamp=2026-08-22T01:21:32+02:00 scenario=ue_9 pod=open5gs-upf-5b9db6d44-nsbqz uid=7b5b8ef7-a2a2-4fe9-a3e1-74acd17bd88f restarts=6 usage_cpu=103m usage_mem=37Mi request_cpu=143m request_mem=250Mi limit_cpu=none limit_mem=none vpa_target_cpu=143m vpa_target_mem=250Mi vpa_uncapped_cpu=143m vpa_uncapped_mem=250Mi vpa_lower_cpu=41m vpa_lower_mem=250Mi vpa_upper_cpu=1500m vpa_upper_mem=512Mi
[2026-08-22T01:21:35+02:00] UPF_CONTROL_SAMPLE timestamp=2026-08-22T01:21:34+02:00 scenario=ue_9 pod=open5gs-upf-5b9db6d44-nsbqz uid=7b5b8ef7-a2a2-4fe9-a3e1-74acd17bd88f restarts=6 usage_cpu=103m usage_mem=37Mi request_cpu=143m request_mem=250Mi limit_cpu=none limit_mem=none vpa_target_cpu=143m vpa_target_mem=250Mi vpa_uncapped_cpu=143m vpa_uncapped_mem=250Mi vpa_lower_cpu=41m vpa_lower_mem=250Mi vpa_upper_cpu=1500m vpa_upper_mem=512Mi
[2026-08-22T01:21:37+02:00] UPF_CONTROL_SAMPLE timestamp=2026-08-22T01:21:36+02:00 scenario=ue_9 pod=open5gs-upf-5b9db6d44-nsbqz uid=7b5b8ef7-a2a2-4fe9-a3e1-74acd17bd88f restarts=6 usage_cpu=103m usage_mem=37Mi request_cpu=143m request_mem=250Mi limit_cpu=none limit_mem=none vpa_target_cpu=143m vpa_target_mem=250Mi vpa_uncapped_cpu=143m vpa_uncapped_mem=250Mi vpa_lower_cpu=41m vpa_lower_mem=250Mi vpa_upper_cpu=1500m vpa_upper_mem=512Mi
[2026-08-22T01:21:39+02:00] UPF_CONTROL_SAMPLE timestamp=2026-08-22T01:21:38+02:00 scenario=ue_9 pod=open5gs-upf-5b9db6d44-nsbqz uid=7b5b8ef7-a2a2-4fe9-a3e1-74acd17bd88f restarts=6 usage_cpu=103m usage_mem=37Mi request_cpu=143m request_mem=250Mi limit_cpu=none limit_mem=none vpa_target_cpu=143m vpa_target_mem=250Mi vpa_uncapped_cpu=143m vpa_uncapped_mem=250Mi vpa_lower_cpu=41m vpa_lower_mem=250Mi vpa_upper_cpu=1500m vpa_upper_mem=512Mi
[2026-08-22T01:21:41+02:00] UPF_CONTROL_SAMPLE timestamp=2026-08-22T01:21:40+02:00 scenario=ue_9 pod=open5gs-upf-5b9db6d44-nsbqz uid=7b5b8ef7-a2a2-4fe9-a3e1-74acd17bd88f restarts=6 usage_cpu=145m usage_mem=37Mi request_cpu=143m request_mem=250Mi limit_cpu=none limit_mem=none vpa_target_cpu=143m vpa_target_mem=250Mi vpa_uncapped_cpu=143m vpa_uncapped_mem=250Mi vpa_lower_cpu=41m vpa_lower_mem=250Mi vpa_upper_cpu=1500m vpa_upper_mem=512Mi
[2026-08-22T01:21:43+02:00] UPF_CONTROL_SAMPLE timestamp=2026-08-22T01:21:42+02:00 scenario=ue_9 pod=open5gs-upf-5b9db6d44-nsbqz uid=7b5b8ef7-a2a2-4fe9-a3e1-74acd17bd88f restarts=6 usage_cpu=145m usage_mem=37Mi request_cpu=143m request_mem=250Mi limit_cpu=none limit_mem=none vpa_target_cpu=143m vpa_target_mem=250Mi vpa_uncapped_cpu=143m vpa_uncapped_mem=250Mi vpa_lower_cpu=41m vpa_lower_mem=250Mi vpa_upper_cpu=1500m vpa_upper_mem=512Mi
[2026-08-22T01:21:45+02:00] UPF_CONTROL_SAMPLE timestamp=2026-08-22T01:21:44+02:00 scenario=ue_9 pod=open5gs-upf-5b9db6d44-nsbqz uid=7b5b8ef7-a2a2-4fe9-a3e1-74acd17bd88f restarts=6 usage_cpu=145m usage_mem=37Mi request_cpu=143m request_mem=250Mi limit_cpu=none limit_mem=none vpa_target_cpu=143m vpa_target_mem=250Mi vpa_uncapped_cpu=143m vpa_uncapped_mem=250Mi vpa_lower_cpu=41m vpa_lower_mem=250Mi vpa_upper_cpu=1500m vpa_upper_mem=512Mi
[2026-08-22T01:21:46+02:00] UPF_CONTROL_SAMPLE timestamp=2026-08-22T01:21:46+02:00 scenario=ue_9 pod=open5gs-upf-5b9db6d44-nsbqz uid=7b5b8ef7-a2a2-4fe9-a3e1-74acd17bd88f restarts=6 usage_cpu=145m usage_mem=37Mi request_cpu=143m request_mem=250Mi limit_cpu=none limit_mem=none vpa_target_cpu=143m vpa_target_mem=250Mi vpa_uncapped_cpu=143m vpa_uncapped_mem=250Mi vpa_lower_cpu=41m vpa_lower_mem=250Mi vpa_upper_cpu=1500m vpa_upper_mem=512Mi
[2026-08-22T01:21:48+02:00] UPF_CONTROL_SAMPLE timestamp=2026-08-22T01:21:47+02:00 scenario=ue_9 pod=open5gs-upf-5b9db6d44-nsbqz uid=7b5b8ef7-a2a2-4fe9-a3e1-74acd17bd88f restarts=6 usage_cpu=145m usage_mem=37Mi request_cpu=143m request_mem=250Mi limit_cpu=none limit_mem=none vpa_target_cpu=143m vpa_target_mem=250Mi vpa_uncapped_cpu=143m vpa_uncapped_mem=250Mi vpa_lower_cpu=41m vpa_lower_mem=250Mi vpa_upper_cpu=1500m vpa_upper_mem=512Mi
[2026-08-22T01:21:50+02:00] UPF_CONTROL_SAMPLE timestamp=2026-08-22T01:21:49+02:00 scenario=ue_9 pod=open5gs-upf-5b9db6d44-nsbqz uid=7b5b8ef7-a2a2-4fe9-a3e1-74acd17bd88f restarts=6 usage_cpu=145m usage_mem=37Mi request_cpu=143m request_mem=250Mi limit_cpu=none limit_mem=none vpa_target_cpu=143m vpa_target_mem=250Mi vpa_uncapped_cpu=143m vpa_uncapped_mem=250Mi vpa_lower_cpu=41m vpa_lower_mem=250Mi vpa_upper_cpu=1500m vpa_upper_mem=512Mi
[2026-08-22T01:21:52+02:00] UPF_CONTROL_SAMPLE timestamp=2026-08-22T01:21:51+02:00 scenario=ue_9 pod=open5gs-upf-5b9db6d44-nsbqz uid=7b5b8ef7-a2a2-4fe9-a3e1-74acd17bd88f restarts=6 usage_cpu=145m usage_mem=37Mi request_cpu=143m request_mem=250Mi limit_cpu=none limit_mem=none vpa_target_cpu=143m vpa_target_mem=250Mi vpa_uncapped_cpu=143m vpa_uncapped_mem=250Mi vpa_lower_cpu=41m vpa_lower_mem=250Mi vpa_upper_cpu=1500m vpa_upper_mem=512Mi
[2026-08-22T01:21:54+02:00] UPF_CONTROL_SAMPLE timestamp=2026-08-22T01:21:53+02:00 scenario=ue_9 pod=open5gs-upf-5b9db6d44-nsbqz uid=7b5b8ef7-a2a2-4fe9-a3e1-74acd17bd88f restarts=6 usage_cpu=145m usage_mem=37Mi request_cpu=143m request_mem=250Mi limit_cpu=none limit_mem=none vpa_target_cpu=143m vpa_target_mem=250Mi vpa_uncapped_cpu=143m vpa_uncapped_mem=250Mi vpa_lower_cpu=41m vpa_lower_mem=250Mi vpa_upper_cpu=1500m vpa_upper_mem=512Mi
[2026-08-22T01:21:56+02:00] UPF_CONTROL_SAMPLE timestamp=2026-08-22T01:21:55+02:00 scenario=ue_9 pod=open5gs-upf-5b9db6d44-nsbqz uid=7b5b8ef7-a2a2-4fe9-a3e1-74acd17bd88f restarts=6 usage_cpu=145m usage_mem=37Mi request_cpu=143m request_mem=250Mi limit_cpu=none limit_mem=none vpa_target_cpu=143m vpa_target_mem=250Mi vpa_uncapped_cpu=143m vpa_uncapped_mem=250Mi vpa_lower_cpu=41m vpa_lower_mem=250Mi vpa_upper_cpu=1500m vpa_upper_mem=512Mi
[2026-08-22T01:21:59+02:00] UPF_CONTROL_SAMPLE timestamp=2026-08-22T01:21:57+02:00 scenario=ue_9 pod=open5gs-upf-5b9db6d44-nsbqz uid=7b5b8ef7-a2a2-4fe9-a3e1-74acd17bd88f restarts=6 usage_cpu=145m usage_mem=37Mi request_cpu=143m request_mem=250Mi limit_cpu=none limit_mem=none vpa_target_cpu=143m vpa_target_mem=250Mi vpa_uncapped_cpu=143m vpa_uncapped_mem=250Mi vpa_lower_cpu=41m vpa_lower_mem=250Mi vpa_upper_cpu=1500m vpa_upper_mem=512Mi
[2026-08-22T01:22:01+02:00] UPF_CONTROL_SAMPLE timestamp=2026-08-22T01:22:00+02:00 scenario=ue_9 pod=open5gs-upf-5b9db6d44-nsbqz uid=7b5b8ef7-a2a2-4fe9-a3e1-74acd17bd88f restarts=6 usage_cpu=145m usage_mem=37Mi request_cpu=143m request_mem=250Mi limit_cpu=none limit_mem=none vpa_target_cpu=143m vpa_target_mem=250Mi vpa_uncapped_cpu=143m vpa_uncapped_mem=250Mi vpa_lower_cpu=41m vpa_lower_mem=250Mi vpa_upper_cpu=1500m vpa_upper_mem=512Mi
[2026-08-22T01:22:03+02:00] UPF_CONTROL_SAMPLE timestamp=2026-08-22T01:22:02+02:00 scenario=ue_9 pod=open5gs-upf-5b9db6d44-nsbqz uid=7b5b8ef7-a2a2-4fe9-a3e1-74acd17bd88f restarts=6 usage_cpu=145m usage_mem=37Mi request_cpu=143m request_mem=250Mi limit_cpu=none limit_mem=none vpa_target_cpu=143m vpa_target_mem=250Mi vpa_uncapped_cpu=143m vpa_uncapped_mem=250Mi vpa_lower_cpu=41m vpa_lower_mem=250Mi vpa_upper_cpu=1500m vpa_upper_mem=512Mi
[2026-08-22T01:22:05+02:00] UPF_CONTROL_SAMPLE timestamp=2026-08-22T01:22:04+02:00 scenario=ue_9 pod=open5gs-upf-5b9db6d44-nsbqz uid=7b5b8ef7-a2a2-4fe9-a3e1-74acd17bd88f restarts=6 usage_cpu=145m usage_mem=37Mi request_cpu=143m request_mem=250Mi limit_cpu=none limit_mem=none vpa_target_cpu=143m vpa_target_mem=250Mi vpa_uncapped_cpu=143m vpa_uncapped_mem=250Mi vpa_lower_cpu=41m vpa_lower_mem=250Mi vpa_upper_cpu=1500m vpa_upper_mem=512Mi
[2026-08-22T01:22:07+02:00] UPF_CONTROL_SAMPLE timestamp=2026-08-22T01:22:06+02:00 scenario=ue_9 pod=open5gs-upf-5b9db6d44-nsbqz uid=7b5b8ef7-a2a2-4fe9-a3e1-74acd17bd88f restarts=6 usage_cpu=145m usage_mem=37Mi request_cpu=143m request_mem=250Mi limit_cpu=none limit_mem=none vpa_target_cpu=143m vpa_target_mem=250Mi vpa_uncapped_cpu=143m vpa_uncapped_mem=250Mi vpa_lower_cpu=41m vpa_lower_mem=250Mi vpa_upper_cpu=1500m vpa_upper_mem=512Mi
[2026-08-22T01:22:09+02:00] UPF_CONTROL_SAMPLE timestamp=2026-08-22T01:22:08+02:00 scenario=ue_9 pod=open5gs-upf-5b9db6d44-nsbqz uid=7b5b8ef7-a2a2-4fe9-a3e1-74acd17bd88f restarts=6 usage_cpu=145m usage_mem=37Mi request_cpu=143m request_mem=250Mi limit_cpu=none limit_mem=none vpa_target_cpu=143m vpa_target_mem=250Mi vpa_uncapped_cpu=143m vpa_uncapped_mem=250Mi vpa_lower_cpu=41m vpa_lower_mem=250Mi vpa_upper_cpu=1500m vpa_upper_mem=512Mi
[2026-08-22T01:22:11+02:00] UPF_CONTROL_SAMPLE timestamp=2026-08-22T01:22:10+02:00 scenario=ue_9 pod=open5gs-upf-5b9db6d44-nsbqz uid=7b5b8ef7-a2a2-4fe9-a3e1-74acd17bd88f restarts=6 usage_cpu=149m usage_mem=37Mi request_cpu=143m request_mem=250Mi limit_cpu=none limit_mem=none vpa_target_cpu=143m vpa_target_mem=250Mi vpa_uncapped_cpu=143m vpa_uncapped_mem=250Mi vpa_lower_cpu=41m vpa_lower_mem=250Mi vpa_upper_cpu=1500m vpa_upper_mem=512Mi
[2026-08-22T01:22:13+02:00] VPA_RECOMMENDATION_CHANGE timestamp=2026-08-22T01:22:12+02:00 scenario=ue_9 old='vpa_target_cpu=143m vpa_target_mem=250Mi vpa_uncapped_cpu=143m vpa_uncapped_mem=250Mi vpa_lower_cpu=41m vpa_lower_mem=250Mi vpa_upper_cpu=1500m vpa_upper_mem=512Mi' new='vpa_target_cpu=182m vpa_target_mem=250Mi vpa_uncapped_cpu=182m vpa_uncapped_mem=250Mi vpa_lower_cpu=63m vpa_lower_mem=250Mi vpa_upper_cpu=1500m vpa_upper_mem=512Mi' previous_5s_sample='timestamp=2026-08-22T01:22:06+02:00 scenario=ue_9 pod=open5gs-upf-5b9db6d44-nsbqz uid=7b5b8ef7-a2a2-4fe9-a3e1-74acd17bd88f restarts=6 usage_cpu=145m usage_mem=37Mi request_cpu=143m request_mem=250Mi limit_cpu=none limit_mem=none vpa_target_cpu=143m vpa_target_mem=250Mi vpa_uncapped_cpu=143m vpa_uncapped_mem=250Mi vpa_lower_cpu=41m vpa_lower_mem=250Mi vpa_upper_cpu=1500m vpa_upper_mem=512Mi' current_sample='timestamp=2026-08-22T01:22:12+02:00 scenario=ue_9 pod=open5gs-upf-5b9db6d44-nsbqz uid=7b5b8ef7-a2a2-4fe9-a3e1-74acd17bd88f restarts=6 usage_cpu=149m usage_mem=37Mi request_cpu=143m request_mem=250Mi limit_cpu=none limit_mem=none vpa_target_cpu=182m vpa_target_mem=250Mi vpa_uncapped_cpu=182m vpa_uncapped_mem=250Mi vpa_lower_cpu=63m vpa_lower_mem=250Mi vpa_upper_cpu=1500m vpa_upper_mem=512Mi'
[2026-08-22T01:22:13+02:00] UPF_CONTROL_SAMPLE timestamp=2026-08-22T01:22:12+02:00 scenario=ue_9 pod=open5gs-upf-5b9db6d44-nsbqz uid=7b5b8ef7-a2a2-4fe9-a3e1-74acd17bd88f restarts=6 usage_cpu=149m usage_mem=37Mi request_cpu=143m request_mem=250Mi limit_cpu=none limit_mem=none vpa_target_cpu=182m vpa_target_mem=250Mi vpa_uncapped_cpu=182m vpa_uncapped_mem=250Mi vpa_lower_cpu=63m vpa_lower_mem=250Mi vpa_upper_cpu=1500m vpa_upper_mem=512Mi
[2026-08-22T01:22:15+02:00] UPF_CONTROL_SAMPLE timestamp=2026-08-22T01:22:14+02:00 scenario=ue_9 pod=open5gs-upf-5b9db6d44-nsbqz uid=7b5b8ef7-a2a2-4fe9-a3e1-74acd17bd88f restarts=6 usage_cpu=149m usage_mem=37Mi request_cpu=143m request_mem=250Mi limit_cpu=none limit_mem=none vpa_target_cpu=182m vpa_target_mem=250Mi vpa_uncapped_cpu=182m vpa_uncapped_mem=250Mi vpa_lower_cpu=63m vpa_lower_mem=250Mi vpa_upper_cpu=1500m vpa_upper_mem=512Mi
[2026-08-22T01:22:17+02:00] UPF_CONTROL_SAMPLE timestamp=2026-08-22T01:22:16+02:00 scenario=ue_9 pod=open5gs-upf-5b9db6d44-nsbqz uid=7b5b8ef7-a2a2-4fe9-a3e1-74acd17bd88f restarts=6 usage_cpu=149m usage_mem=37Mi request_cpu=143m request_mem=250Mi limit_cpu=none limit_mem=none vpa_target_cpu=182m vpa_target_mem=250Mi vpa_uncapped_cpu=182m vpa_uncapped_mem=250Mi vpa_lower_cpu=63m vpa_lower_mem=250Mi vpa_upper_cpu=1500m vpa_upper_mem=512Mi
[2026-08-22T01:22:18+02:00] UPF_CONTROL_SAMPLE timestamp=2026-08-22T01:22:18+02:00 scenario=ue_9 pod=open5gs-upf-5b9db6d44-nsbqz uid=7b5b8ef7-a2a2-4fe9-a3e1-74acd17bd88f restarts=6 usage_cpu=149m usage_mem=37Mi request_cpu=143m request_mem=250Mi limit_cpu=none limit_mem=none vpa_target_cpu=182m vpa_target_mem=250Mi vpa_uncapped_cpu=182m vpa_uncapped_mem=250Mi vpa_lower_cpu=63m vpa_lower_mem=250Mi vpa_upper_cpu=1500m vpa_upper_mem=512Mi
[2026-08-22T01:22:20+02:00] UPF_CONTROL_SAMPLE timestamp=2026-08-22T01:22:19+02:00 scenario=ue_9 pod=open5gs-upf-5b9db6d44-nsbqz uid=7b5b8ef7-a2a2-4fe9-a3e1-74acd17bd88f restarts=6 usage_cpu=149m usage_mem=37Mi request_cpu=143m request_mem=250Mi limit_cpu=none limit_mem=none vpa_target_cpu=182m vpa_target_mem=250Mi vpa_uncapped_cpu=182m vpa_uncapped_mem=250Mi vpa_lower_cpu=63m vpa_lower_mem=250Mi vpa_upper_cpu=1500m vpa_upper_mem=512Mi
[2026-08-22T01:22:22+02:00] UPF_CONTROL_SAMPLE timestamp=2026-08-22T01:22:21+02:00 scenario=ue_9 pod=open5gs-upf-5b9db6d44-nsbqz uid=7b5b8ef7-a2a2-4fe9-a3e1-74acd17bd88f restarts=6 usage_cpu=149m usage_mem=37Mi request_cpu=143m request_mem=250Mi limit_cpu=none limit_mem=none vpa_target_cpu=182m vpa_target_mem=250Mi vpa_uncapped_cpu=182m vpa_uncapped_mem=250Mi vpa_lower_cpu=63m vpa_lower_mem=250Mi vpa_upper_cpu=1500m vpa_upper_mem=512Mi
[2026-08-22T01:22:24+02:00] UPF_CONTROL_SAMPLE timestamp=2026-08-22T01:22:23+02:00 scenario=ue_9 pod=open5gs-upf-5b9db6d44-nsbqz uid=7b5b8ef7-a2a2-4fe9-a3e1-74acd17bd88f restarts=6 usage_cpu=149m usage_mem=37Mi request_cpu=143m request_mem=250Mi limit_cpu=none limit_mem=none vpa_target_cpu=182m vpa_target_mem=250Mi vpa_uncapped_cpu=182m vpa_uncapped_mem=250Mi vpa_lower_cpu=63m vpa_lower_mem=250Mi vpa_upper_cpu=1500m vpa_upper_mem=512Mi
[2026-08-22T01:22:26+02:00] UPF_REQUEST_CHANGE timestamp=2026-08-22T01:22:25+02:00 scenario=ue_9 pod=open5gs-upf-5b9db6d44-nsbqz uid=7b5b8ef7-a2a2-4fe9-a3e1-74acd17bd88f restarts=6 old='request_cpu=143m request_mem=250Mi limit_cpu=none limit_mem=none' new='request_cpu=182m request_mem=250Mi limit_cpu=none limit_mem=none' previous_5s_sample='timestamp=2026-08-22T01:22:19+02:00 scenario=ue_9 pod=open5gs-upf-5b9db6d44-nsbqz uid=7b5b8ef7-a2a2-4fe9-a3e1-74acd17bd88f restarts=6 usage_cpu=149m usage_mem=37Mi request_cpu=143m request_mem=250Mi limit_cpu=none limit_mem=none vpa_target_cpu=182m vpa_target_mem=250Mi vpa_uncapped_cpu=182m vpa_uncapped_mem=250Mi vpa_lower_cpu=63m vpa_lower_mem=250Mi vpa_upper_cpu=1500m vpa_upper_mem=512Mi' current_sample='timestamp=2026-08-22T01:22:25+02:00 scenario=ue_9 pod=open5gs-upf-5b9db6d44-nsbqz uid=7b5b8ef7-a2a2-4fe9-a3e1-74acd17bd88f restarts=6 usage_cpu=151m usage_mem=37Mi request_cpu=182m request_mem=250Mi limit_cpu=none limit_mem=none vpa_target_cpu=182m vpa_target_mem=250Mi vpa_uncapped_cpu=182m vpa_uncapped_mem=250Mi vpa_lower_cpu=63m vpa_lower_mem=250Mi vpa_upper_cpu=1500m vpa_upper_mem=512Mi'
[2026-08-22T01:22:26+02:00] UPF_CONTROL_SAMPLE timestamp=2026-08-22T01:22:25+02:00 scenario=ue_9 pod=open5gs-upf-5b9db6d44-nsbqz uid=7b5b8ef7-a2a2-4fe9-a3e1-74acd17bd88f restarts=6 usage_cpu=151m usage_mem=37Mi request_cpu=182m request_mem=250Mi limit_cpu=none limit_mem=none vpa_target_cpu=182m vpa_target_mem=250Mi vpa_uncapped_cpu=182m vpa_uncapped_mem=250Mi vpa_lower_cpu=63m vpa_lower_mem=250Mi vpa_upper_cpu=1500m vpa_upper_mem=512Mi
[2026-08-22T01:22:28+02:00] UPF_CONTROL_SAMPLE timestamp=2026-08-22T01:22:27+02:00 scenario=ue_9 pod=open5gs-upf-5b9db6d44-nsbqz uid=7b5b8ef7-a2a2-4fe9-a3e1-74acd17bd88f restarts=6 usage_cpu=151m usage_mem=37Mi request_cpu=182m request_mem=250Mi limit_cpu=none limit_mem=none vpa_target_cpu=182m vpa_target_mem=250Mi vpa_uncapped_cpu=182m vpa_uncapped_mem=250Mi vpa_lower_cpu=63m vpa_lower_mem=250Mi vpa_upper_cpu=1500m vpa_upper_mem=512Mi
[2026-08-22T01:22:30+02:00] UPF_CONTROL_SAMPLE timestamp=2026-08-22T01:22:29+02:00 scenario=ue_9 pod=open5gs-upf-5b9db6d44-nsbqz uid=7b5b8ef7-a2a2-4fe9-a3e1-74acd17bd88f restarts=6 usage_cpu=151m usage_mem=37Mi request_cpu=182m request_mem=250Mi limit_cpu=none limit_mem=none vpa_target_cpu=182m vpa_target_mem=250Mi vpa_uncapped_cpu=182m vpa_uncapped_mem=250Mi vpa_lower_cpu=63m vpa_lower_mem=250Mi vpa_upper_cpu=1500m vpa_upper_mem=512Mi
[2026-08-22T01:22:31+02:00] UE_SLOT_DONE timestamp=2026-08-21T23:22:31+00:00 active_ues=9 slot=0 attempt=1 ue_idx=0 ue_if=uesimtun0 ue_ip=10.45.1.146 port=5201 rc=0 replacements_for_slot=0 server_busy_retries_for_slot=0
[2026-08-22T01:22:31+02:00] UE_SLOT_DONE timestamp=2026-08-21T23:22:31+00:00 active_ues=9 slot=1 attempt=1 ue_idx=1 ue_if=uesimtun1 ue_ip=10.45.1.147 port=5202 rc=0 replacements_for_slot=0 server_busy_retries_for_slot=0
[2026-08-22T01:22:31+02:00] UE_SLOT_DONE timestamp=2026-08-21T23:22:31+00:00 active_ues=9 slot=2 attempt=1 ue_idx=2 ue_if=uesimtun2 ue_ip=10.45.1.148 port=5203 rc=0 replacements_for_slot=0 server_busy_retries_for_slot=0
[2026-08-22T01:22:31+02:00] UE_SLOT_DONE timestamp=2026-08-21T23:22:31+00:00 active_ues=9 slot=3 attempt=1 ue_idx=3 ue_if=uesimtun3 ue_ip=10.45.1.149 port=5204 rc=0 replacements_for_slot=0 server_busy_retries_for_slot=0
[2026-08-22T01:22:32+02:00] UPF_CONTROL_SAMPLE timestamp=2026-08-22T01:22:31+02:00 scenario=ue_9 pod=open5gs-upf-5b9db6d44-nsbqz uid=7b5b8ef7-a2a2-4fe9-a3e1-74acd17bd88f restarts=6 usage_cpu=151m usage_mem=37Mi request_cpu=182m request_mem=250Mi limit_cpu=none limit_mem=none vpa_target_cpu=182m vpa_target_mem=250Mi vpa_uncapped_cpu=182m vpa_uncapped_mem=250Mi vpa_lower_cpu=63m vpa_lower_mem=250Mi vpa_upper_cpu=1500m vpa_upper_mem=512Mi
[2026-08-22T01:22:32+02:00] UE_SLOT_DONE timestamp=2026-08-21T23:22:32+00:00 active_ues=9 slot=4 attempt=1 ue_idx=4 ue_if=uesimtun4 ue_ip=10.45.1.151 port=5205 rc=0 replacements_for_slot=0 server_busy_retries_for_slot=0
[2026-08-22T01:22:32+02:00] UE_SLOT_DONE timestamp=2026-08-21T23:22:32+00:00 active_ues=9 slot=5 attempt=1 ue_idx=5 ue_if=uesimtun5 ue_ip=10.45.1.150 port=5206 rc=0 replacements_for_slot=0 server_busy_retries_for_slot=0
[2026-08-22T01:22:33+02:00] UE_SLOT_DONE timestamp=2026-08-21T23:22:32+00:00 active_ues=9 slot=6 attempt=1 ue_idx=6 ue_if=uesimtun6 ue_ip=10.45.1.152 port=5207 rc=0 replacements_for_slot=0 server_busy_retries_for_slot=0
[2026-08-22T01:22:33+02:00] UE_SLOT_DONE timestamp=2026-08-21T23:22:33+00:00 active_ues=9 slot=7 attempt=1 ue_idx=7 ue_if=uesimtun7 ue_ip=10.45.1.154 port=5208 rc=0 replacements_for_slot=0 server_busy_retries_for_slot=0
[2026-08-22T01:22:33+02:00] UE_SLOT_DONE timestamp=2026-08-21T23:22:33+00:00 active_ues=9 slot=8 attempt=1 ue_idx=8 ue_if=uesimtun8 ue_ip=10.45.1.156 port=5209 rc=0 replacements_for_slot=0 server_busy_retries_for_slot=0
[2026-08-22T01:22:34+02:00] TRAFFIC_SUMMARY timestamp=2026-08-21T23:22:34+00:00 registered_tunnels=50 active_ues=9 target_slots=9 completed_slots=9 final_failed_slots=0 replacements=0 problematic_ues=0 zombie_ues=0 connect_timeouts=0 stalls=0 deferred_stalls=0 process_failures=0 server_busy_retries=0 server_busy_failures=0 late_timeouts_accepted=0 scenario_bad_ues=0 global_suspect_ues=0 used_ues=9 target_host=192.168.1.211 initial_ports=5201-5209 replacement_ports=5251-5265 bitrate=1M start_delay=0.05 detection=no_rx_counter replacement_min_duration_s=5 adaptive_extension_max_s=1 iperf_exit_grace_s=3 server_busy_retries_limit=1 server_busy_retry_delay_s=2 late_replacement_after_end=disabled wait_for_iperf_exit=until_timeout global_suspect_policy=soft_reuse ramp_supervision=after_initial_start
[2026-08-22T01:22:34+02:00] UE_POOL_SCENARIO_BAD_CURRENT timestamp=2026-08-21T23:22:34+00:00 active_ues=9 indexes=
[2026-08-22T01:22:34+02:00] UE_POOL_GLOBAL_SUSPECT_CURRENT timestamp=2026-08-21T23:22:34+00:00 active_ues=9 indexes=
[2026-08-22T01:22:34+02:00] REMOTE_IPERF_PER_UE_END timestamp=2026-08-21T23:22:34+00:00 active_ues=9 tag=ue_9 final_rc=0 completed_slots=9 replacements=0 problematic_ues=0 server_busy_retries=0 deferred_stalls=0 late_timeouts_accepted=0
[2026-08-22T01:22:34+02:00] SCENARIO TRAFFIC COMMAND END timestamp=2026-08-22T01:22:34+02:00 active_ue=9 rc=0
[2026-08-22T01:22:34+02:00] UPF_CONTROL_SAMPLE timestamp=2026-08-22T01:22:33+02:00 scenario=ue_9 pod=open5gs-upf-5b9db6d44-nsbqz uid=7b5b8ef7-a2a2-4fe9-a3e1-74acd17bd88f restarts=6 usage_cpu=151m usage_mem=37Mi request_cpu=182m request_mem=250Mi limit_cpu=none limit_mem=none vpa_target_cpu=182m vpa_target_mem=250Mi vpa_uncapped_cpu=182m vpa_uncapped_mem=250Mi vpa_lower_cpu=63m vpa_lower_mem=250Mi vpa_upper_cpu=1500m vpa_upper_mem=512Mi
[2026-08-22T01:22:35+02:00] SCENARIO UPF AFTER timestamp=2026-08-22T01:22:35+02:00 active_ue=9 pod=open5gs-upf-5b9db6d44-nsbqz uid=7b5b8ef7-a2a2-4fe9-a3e1-74acd17bd88f restarts=6
[2026-08-22T01:22:35+02:00] SCENARIO END timestamp=2026-08-22T01:22:35+02:00 active_ue=9 rc=0
[2026-08-22T01:22:35+02:00] ================================================================
[2026-08-22T01:22:35+02:00] SCENARIO START timestamp=2026-08-22T01:22:35+02:00 active_ue=11 registered_ue_pool=50 target_host=192.168.1.211 ports=5201-5211 replacement_ports=5251-5265 bitrate_per_ue=1M start_delay=0.05 replacement_min_duration=5 adaptive_extension_max=1
[2026-08-22T01:22:35+02:00] ================================================================
[2026-08-22T01:22:35+02:00] SCENARIO TUNNEL CHECK timestamp=2026-08-22T01:22:35+02:00 active_ue=11 current_tunnels=50 required=50
[2026-08-22T01:22:35+02:00] SCENARIO UPF BEFORE timestamp=2026-08-22T01:22:35+02:00 active_ue=11 pod=open5gs-upf-5b9db6d44-nsbqz uid=7b5b8ef7-a2a2-4fe9-a3e1-74acd17bd88f restarts=6
[2026-08-22T01:22:36+02:00] REMOTE_IPERF_PER_UE_START timestamp=2026-08-21T23:22:36+00:00 active_ues=11 tag=ue_11 iperf_host=192.168.1.211 base_port=5201 replacement_base_port=5251 duration=80 bitrate=1M start_delay=0.05 detection=no_rx_counter connect_timeout_s=4 stall_seconds=5 replacement_limit=15 replacement_min_duration_s=5 adaptive_extension_max_s=1 iperf_exit_grace_s=3 server_busy_port_rebinds=1 late_replacement_after_end=disabled wait_for_iperf_exit=until_timeout global_suspect_policy=soft_reuse ramp_supervision=after_initial_start
[2026-08-22T01:22:36+02:00] UE_POOL_STATUS timestamp=2026-08-21T23:22:36+00:00 active_ues=11 registered_tunnels=50 existing_global_suspect_ues=0 used_ues=0 policy=soft_reuse_global_suspects
[2026-08-22T01:22:36+02:00] UE_SLOT_ASSIGN timestamp=2026-08-21T23:22:36+00:00 active_ues=11 slot=0 ue_idx=0 ue_if=uesimtun0 ue_ip=10.45.1.146 candidate_reused_global_suspect=0
[2026-08-22T01:22:36+02:00] UE_SLOT_START timestamp=2026-08-21T23:22:36+00:00 active_ues=11 slot=0 attempt=1 ue_idx=0 ue_if=uesimtun0 ue_ip=10.45.1.146 target=192.168.1.211:5201 bitrate=1M duration_s=80 planned_end_epoch=1787354636 timeout_s=90 hard_timeout_epoch=1787354651 start_rx_bytes=435565
[2026-08-22T01:22:36+02:00] UE_SLOT_PID timestamp=2026-08-21T23:22:36+00:00 active_ues=11 slot=0 attempt=1 ue_idx=0 pid=9710
[2026-08-22T01:22:36+02:00] UPF_CONTROL_SAMPLE timestamp=2026-08-22T01:22:35+02:00 scenario=ue_11 pod=open5gs-upf-5b9db6d44-nsbqz uid=7b5b8ef7-a2a2-4fe9-a3e1-74acd17bd88f restarts=6 usage_cpu=151m usage_mem=37Mi request_cpu=182m request_mem=250Mi limit_cpu=none limit_mem=none vpa_target_cpu=182m vpa_target_mem=250Mi vpa_uncapped_cpu=182m vpa_uncapped_mem=250Mi vpa_lower_cpu=63m vpa_lower_mem=250Mi vpa_upper_cpu=1500m vpa_upper_mem=512Mi
[2026-08-22T01:22:36+02:00] UE_SLOT_ASSIGN timestamp=2026-08-21T23:22:36+00:00 active_ues=11 slot=1 ue_idx=1 ue_if=uesimtun1 ue_ip=10.45.1.147 candidate_reused_global_suspect=0
[2026-08-22T01:22:36+02:00] UE_SLOT_START timestamp=2026-08-21T23:22:36+00:00 active_ues=11 slot=1 attempt=1 ue_idx=1 ue_if=uesimtun1 ue_ip=10.45.1.147 target=192.168.1.211:5202 bitrate=1M duration_s=80 planned_end_epoch=1787354636 timeout_s=90 hard_timeout_epoch=1787354651 start_rx_bytes=347082
[2026-08-22T01:22:36+02:00] UE_SLOT_PID timestamp=2026-08-21T23:22:36+00:00 active_ues=11 slot=1 attempt=1 ue_idx=1 pid=9735
[2026-08-22T01:22:37+02:00] UE_SLOT_ASSIGN timestamp=2026-08-21T23:22:37+00:00 active_ues=11 slot=2 ue_idx=2 ue_if=uesimtun2 ue_ip=10.45.1.148 candidate_reused_global_suspect=0
[2026-08-22T01:22:37+02:00] UE_SLOT_START timestamp=2026-08-21T23:22:37+00:00 active_ues=11 slot=2 attempt=1 ue_idx=2 ue_if=uesimtun2 ue_ip=10.45.1.148 target=192.168.1.211:5203 bitrate=1M duration_s=80 planned_end_epoch=1787354637 timeout_s=90 hard_timeout_epoch=1787354652 start_rx_bytes=345281
[2026-08-22T01:22:37+02:00] UE_SLOT_PID timestamp=2026-08-21T23:22:37+00:00 active_ues=11 slot=2 attempt=1 ue_idx=2 pid=9760
[2026-08-22T01:22:37+02:00] UE_SLOT_ASSIGN timestamp=2026-08-21T23:22:37+00:00 active_ues=11 slot=3 ue_idx=3 ue_if=uesimtun3 ue_ip=10.45.1.149 candidate_reused_global_suspect=0
[2026-08-22T01:22:37+02:00] UE_SLOT_START timestamp=2026-08-21T23:22:37+00:00 active_ues=11 slot=3 attempt=1 ue_idx=3 ue_if=uesimtun3 ue_ip=10.45.1.149 target=192.168.1.211:5204 bitrate=1M duration_s=80 planned_end_epoch=1787354637 timeout_s=90 hard_timeout_epoch=1787354652 start_rx_bytes=264671
[2026-08-22T01:22:37+02:00] UE_SLOT_PID timestamp=2026-08-21T23:22:37+00:00 active_ues=11 slot=3 attempt=1 ue_idx=3 pid=9785
[2026-08-22T01:22:37+02:00] UE_SLOT_ASSIGN timestamp=2026-08-21T23:22:37+00:00 active_ues=11 slot=4 ue_idx=4 ue_if=uesimtun4 ue_ip=10.45.1.151 candidate_reused_global_suspect=0
[2026-08-22T01:22:37+02:00] UE_SLOT_START timestamp=2026-08-21T23:22:37+00:00 active_ues=11 slot=4 attempt=1 ue_idx=4 ue_if=uesimtun4 ue_ip=10.45.1.151 target=192.168.1.211:5205 bitrate=1M duration_s=80 planned_end_epoch=1787354637 timeout_s=90 hard_timeout_epoch=1787354652 start_rx_bytes=267824
[2026-08-22T01:22:37+02:00] UE_SLOT_PID timestamp=2026-08-21T23:22:37+00:00 active_ues=11 slot=4 attempt=1 ue_idx=4 pid=9810
[2026-08-22T01:22:37+02:00] UE_SLOT_ASSIGN timestamp=2026-08-21T23:22:37+00:00 active_ues=11 slot=5 ue_idx=5 ue_if=uesimtun5 ue_ip=10.45.1.150 candidate_reused_global_suspect=0
[2026-08-22T01:22:37+02:00] UE_SLOT_START timestamp=2026-08-21T23:22:37+00:00 active_ues=11 slot=5 attempt=1 ue_idx=5 ue_if=uesimtun5 ue_ip=10.45.1.150 target=192.168.1.211:5206 bitrate=1M duration_s=80 planned_end_epoch=1787354637 timeout_s=90 hard_timeout_epoch=1787354652 start_rx_bytes=187543
[2026-08-22T01:22:37+02:00] UE_SLOT_PID timestamp=2026-08-21T23:22:37+00:00 active_ues=11 slot=5 attempt=1 ue_idx=5 pid=9835
[2026-08-22T01:22:37+02:00] UE_SLOT_ASSIGN timestamp=2026-08-21T23:22:37+00:00 active_ues=11 slot=6 ue_idx=6 ue_if=uesimtun6 ue_ip=10.45.1.152 candidate_reused_global_suspect=0
[2026-08-22T01:22:38+02:00] UE_SLOT_START timestamp=2026-08-21T23:22:37+00:00 active_ues=11 slot=6 attempt=1 ue_idx=6 ue_if=uesimtun6 ue_ip=10.45.1.152 target=192.168.1.211:5207 bitrate=1M duration_s=80 planned_end_epoch=1787354637 timeout_s=90 hard_timeout_epoch=1787354652 start_rx_bytes=182725
[2026-08-22T01:22:38+02:00] UE_SLOT_PID timestamp=2026-08-21T23:22:37+00:00 active_ues=11 slot=6 attempt=1 ue_idx=6 pid=9860
[2026-08-22T01:22:38+02:00] UE_SLOT_ASSIGN timestamp=2026-08-21T23:22:38+00:00 active_ues=11 slot=7 ue_idx=7 ue_if=uesimtun7 ue_ip=10.45.1.154 candidate_reused_global_suspect=0
[2026-08-22T01:22:38+02:00] UE_SLOT_START timestamp=2026-08-21T23:22:38+00:00 active_ues=11 slot=7 attempt=1 ue_idx=7 ue_if=uesimtun7 ue_ip=10.45.1.154 target=192.168.1.211:5208 bitrate=1M duration_s=80 planned_end_epoch=1787354638 timeout_s=90 hard_timeout_epoch=1787354653 start_rx_bytes=93668
[2026-08-22T01:22:38+02:00] UE_SLOT_PID timestamp=2026-08-21T23:22:38+00:00 active_ues=11 slot=7 attempt=1 ue_idx=7 pid=9885
[2026-08-22T01:22:38+02:00] UE_SLOT_ASSIGN timestamp=2026-08-21T23:22:38+00:00 active_ues=11 slot=8 ue_idx=8 ue_if=uesimtun8 ue_ip=10.45.1.156 candidate_reused_global_suspect=0
[2026-08-22T01:22:38+02:00] UE_SLOT_START timestamp=2026-08-21T23:22:38+00:00 active_ues=11 slot=8 attempt=1 ue_idx=8 ue_if=uesimtun8 ue_ip=10.45.1.156 target=192.168.1.211:5209 bitrate=1M duration_s=80 planned_end_epoch=1787354638 timeout_s=90 hard_timeout_epoch=1787354653 start_rx_bytes=92872
[2026-08-22T01:22:38+02:00] UE_SLOT_PID timestamp=2026-08-21T23:22:38+00:00 active_ues=11 slot=8 attempt=1 ue_idx=8 pid=9910
[2026-08-22T01:22:38+02:00] UE_SLOT_ASSIGN timestamp=2026-08-21T23:22:38+00:00 active_ues=11 slot=9 ue_idx=9 ue_if=uesimtun9 ue_ip=10.45.1.158 candidate_reused_global_suspect=0
[2026-08-22T01:22:38+02:00] UE_SLOT_START timestamp=2026-08-21T23:22:38+00:00 active_ues=11 slot=9 attempt=1 ue_idx=9 ue_if=uesimtun9 ue_ip=10.45.1.158 target=192.168.1.211:5210 bitrate=1M duration_s=80 planned_end_epoch=1787354638 timeout_s=90 hard_timeout_epoch=1787354653 start_rx_bytes=0
[2026-08-22T01:22:38+02:00] UE_SLOT_PID timestamp=2026-08-21T23:22:38+00:00 active_ues=11 slot=9 attempt=1 ue_idx=9 pid=9935
[2026-08-22T01:22:38+02:00] UPF_CONTROL_SAMPLE timestamp=2026-08-22T01:22:37+02:00 scenario=ue_11 pod=open5gs-upf-5b9db6d44-nsbqz uid=7b5b8ef7-a2a2-4fe9-a3e1-74acd17bd88f restarts=6 usage_cpu=151m usage_mem=37Mi request_cpu=182m request_mem=250Mi limit_cpu=none limit_mem=none vpa_target_cpu=182m vpa_target_mem=250Mi vpa_uncapped_cpu=182m vpa_uncapped_mem=250Mi vpa_lower_cpu=63m vpa_lower_mem=250Mi vpa_upper_cpu=1500m vpa_upper_mem=512Mi
[2026-08-22T01:22:38+02:00] UE_SLOT_ASSIGN timestamp=2026-08-21T23:22:38+00:00 active_ues=11 slot=10 ue_idx=10 ue_if=uesimtun10 ue_ip=10.45.1.159 candidate_reused_global_suspect=0
[2026-08-22T01:22:38+02:00] UE_SLOT_START timestamp=2026-08-21T23:22:38+00:00 active_ues=11 slot=10 attempt=1 ue_idx=10 ue_if=uesimtun10 ue_ip=10.45.1.159 target=192.168.1.211:5211 bitrate=1M duration_s=80 planned_end_epoch=1787354638 timeout_s=90 hard_timeout_epoch=1787354653 start_rx_bytes=0
[2026-08-22T01:22:38+02:00] UE_SLOT_PID timestamp=2026-08-21T23:22:38+00:00 active_ues=11 slot=10 attempt=1 ue_idx=10 pid=9960
[2026-08-22T01:22:38+02:00] IPERF_MAPPING_SUMMARY timestamp=2026-08-21T23:22:38+00:00 active_ues=11 registered_tunnels=50 initial_ports=5201-5211 replacement_ports=5251-5265 bitrate=1M start_delay=0.05 detection=no_rx_counter replacement_min_duration_s=5 adaptive_extension_max_s=1 iperf_exit_grace_s=3 server_busy_port_rebinds=1 late_replacement_after_end=disabled wait_for_iperf_exit=until_timeout global_suspect_policy=soft_reuse ramp_supervision=after_initial_start
[2026-08-22T01:22:40+02:00] UPF_CONTROL_SAMPLE timestamp=2026-08-22T01:22:39+02:00 scenario=ue_11 pod=open5gs-upf-5b9db6d44-nsbqz uid=7b5b8ef7-a2a2-4fe9-a3e1-74acd17bd88f restarts=6 usage_cpu=144m usage_mem=37Mi request_cpu=182m request_mem=250Mi limit_cpu=none limit_mem=none vpa_target_cpu=182m vpa_target_mem=250Mi vpa_uncapped_cpu=182m vpa_uncapped_mem=250Mi vpa_lower_cpu=63m vpa_lower_mem=250Mi vpa_upper_cpu=1500m vpa_upper_mem=512Mi
[2026-08-22T01:22:42+02:00] UPF_CONTROL_SAMPLE timestamp=2026-08-22T01:22:41+02:00 scenario=ue_11 pod=open5gs-upf-5b9db6d44-nsbqz uid=7b5b8ef7-a2a2-4fe9-a3e1-74acd17bd88f restarts=6 usage_cpu=144m usage_mem=37Mi request_cpu=182m request_mem=250Mi limit_cpu=none limit_mem=none vpa_target_cpu=182m vpa_target_mem=250Mi vpa_uncapped_cpu=182m vpa_uncapped_mem=250Mi vpa_lower_cpu=63m vpa_lower_mem=250Mi vpa_upper_cpu=1500m vpa_upper_mem=512Mi
[2026-08-22T01:22:44+02:00] UPF_CONTROL_SAMPLE timestamp=2026-08-22T01:22:43+02:00 scenario=ue_11 pod=open5gs-upf-5b9db6d44-nsbqz uid=7b5b8ef7-a2a2-4fe9-a3e1-74acd17bd88f restarts=6 usage_cpu=144m usage_mem=37Mi request_cpu=182m request_mem=250Mi limit_cpu=none limit_mem=none vpa_target_cpu=182m vpa_target_mem=250Mi vpa_uncapped_cpu=182m vpa_uncapped_mem=250Mi vpa_lower_cpu=63m vpa_lower_mem=250Mi vpa_upper_cpu=1500m vpa_upper_mem=512Mi
[2026-08-22T01:22:46+02:00] UPF_CONTROL_SAMPLE timestamp=2026-08-22T01:22:45+02:00 scenario=ue_11 pod=open5gs-upf-5b9db6d44-nsbqz uid=7b5b8ef7-a2a2-4fe9-a3e1-74acd17bd88f restarts=6 usage_cpu=144m usage_mem=37Mi request_cpu=182m request_mem=250Mi limit_cpu=none limit_mem=none vpa_target_cpu=182m vpa_target_mem=250Mi vpa_uncapped_cpu=182m vpa_uncapped_mem=250Mi vpa_lower_cpu=63m vpa_lower_mem=250Mi vpa_upper_cpu=1500m vpa_upper_mem=512Mi
[2026-08-22T01:22:48+02:00] UPF_CONTROL_SAMPLE timestamp=2026-08-22T01:22:47+02:00 scenario=ue_11 pod=open5gs-upf-5b9db6d44-nsbqz uid=7b5b8ef7-a2a2-4fe9-a3e1-74acd17bd88f restarts=6 usage_cpu=144m usage_mem=37Mi request_cpu=182m request_mem=250Mi limit_cpu=none limit_mem=none vpa_target_cpu=182m vpa_target_mem=250Mi vpa_uncapped_cpu=182m vpa_uncapped_mem=250Mi vpa_lower_cpu=63m vpa_lower_mem=250Mi vpa_upper_cpu=1500m vpa_upper_mem=512Mi
[2026-08-22T01:22:50+02:00] UPF_CONTROL_SAMPLE timestamp=2026-08-22T01:22:49+02:00 scenario=ue_11 pod=open5gs-upf-5b9db6d44-nsbqz uid=7b5b8ef7-a2a2-4fe9-a3e1-74acd17bd88f restarts=6 usage_cpu=144m usage_mem=37Mi request_cpu=182m request_mem=250Mi limit_cpu=none limit_mem=none vpa_target_cpu=182m vpa_target_mem=250Mi vpa_uncapped_cpu=182m vpa_uncapped_mem=250Mi vpa_lower_cpu=63m vpa_lower_mem=250Mi vpa_upper_cpu=1500m vpa_upper_mem=512Mi
[2026-08-22T01:22:52+02:00] UPF_CONTROL_SAMPLE timestamp=2026-08-22T01:22:51+02:00 scenario=ue_11 pod=open5gs-upf-5b9db6d44-nsbqz uid=7b5b8ef7-a2a2-4fe9-a3e1-74acd17bd88f restarts=6 usage_cpu=144m usage_mem=37Mi request_cpu=182m request_mem=250Mi limit_cpu=none limit_mem=none vpa_target_cpu=182m vpa_target_mem=250Mi vpa_uncapped_cpu=182m vpa_uncapped_mem=250Mi vpa_lower_cpu=63m vpa_lower_mem=250Mi vpa_upper_cpu=1500m vpa_upper_mem=512Mi
[2026-08-22T01:22:54+02:00] UPF_CONTROL_SAMPLE timestamp=2026-08-22T01:22:53+02:00 scenario=ue_11 pod=open5gs-upf-5b9db6d44-nsbqz uid=7b5b8ef7-a2a2-4fe9-a3e1-74acd17bd88f restarts=6 usage_cpu=144m usage_mem=37Mi request_cpu=182m request_mem=250Mi limit_cpu=none limit_mem=none vpa_target_cpu=182m vpa_target_mem=250Mi vpa_uncapped_cpu=182m vpa_uncapped_mem=250Mi vpa_lower_cpu=63m vpa_lower_mem=250Mi vpa_upper_cpu=1500m vpa_upper_mem=512Mi
[2026-08-22T01:22:56+02:00] UPF_CONTROL_SAMPLE timestamp=2026-08-22T01:22:55+02:00 scenario=ue_11 pod=open5gs-upf-5b9db6d44-nsbqz uid=7b5b8ef7-a2a2-4fe9-a3e1-74acd17bd88f restarts=6 usage_cpu=110m usage_mem=37Mi request_cpu=182m request_mem=250Mi limit_cpu=none limit_mem=none vpa_target_cpu=182m vpa_target_mem=250Mi vpa_uncapped_cpu=182m vpa_uncapped_mem=250Mi vpa_lower_cpu=63m vpa_lower_mem=250Mi vpa_upper_cpu=1500m vpa_upper_mem=512Mi
[2026-08-22T01:22:58+02:00] UPF_CONTROL_SAMPLE timestamp=2026-08-22T01:22:57+02:00 scenario=ue_11 pod=open5gs-upf-5b9db6d44-nsbqz uid=7b5b8ef7-a2a2-4fe9-a3e1-74acd17bd88f restarts=6 usage_cpu=110m usage_mem=37Mi request_cpu=182m request_mem=250Mi limit_cpu=none limit_mem=none vpa_target_cpu=182m vpa_target_mem=250Mi vpa_uncapped_cpu=182m vpa_uncapped_mem=250Mi vpa_lower_cpu=63m vpa_lower_mem=250Mi vpa_upper_cpu=1500m vpa_upper_mem=512Mi
[2026-08-22T01:23:00+02:00] UPF_CONTROL_SAMPLE timestamp=2026-08-22T01:22:59+02:00 scenario=ue_11 pod=open5gs-upf-5b9db6d44-nsbqz uid=7b5b8ef7-a2a2-4fe9-a3e1-74acd17bd88f restarts=6 usage_cpu=110m usage_mem=37Mi request_cpu=182m request_mem=250Mi limit_cpu=none limit_mem=none vpa_target_cpu=182m vpa_target_mem=250Mi vpa_uncapped_cpu=182m vpa_uncapped_mem=250Mi vpa_lower_cpu=63m vpa_lower_mem=250Mi vpa_upper_cpu=1500m vpa_upper_mem=512Mi
[2026-08-22T01:23:02+02:00] UPF_CONTROL_SAMPLE timestamp=2026-08-22T01:23:01+02:00 scenario=ue_11 pod=open5gs-upf-5b9db6d44-nsbqz uid=7b5b8ef7-a2a2-4fe9-a3e1-74acd17bd88f restarts=6 usage_cpu=110m usage_mem=37Mi request_cpu=182m request_mem=250Mi limit_cpu=none limit_mem=none vpa_target_cpu=182m vpa_target_mem=250Mi vpa_uncapped_cpu=182m vpa_uncapped_mem=250Mi vpa_lower_cpu=63m vpa_lower_mem=250Mi vpa_upper_cpu=1500m vpa_upper_mem=512Mi
[2026-08-22T01:23:04+02:00] UPF_CONTROL_SAMPLE timestamp=2026-08-22T01:23:03+02:00 scenario=ue_11 pod=open5gs-upf-5b9db6d44-nsbqz uid=7b5b8ef7-a2a2-4fe9-a3e1-74acd17bd88f restarts=6 usage_cpu=110m usage_mem=37Mi request_cpu=182m request_mem=250Mi limit_cpu=none limit_mem=none vpa_target_cpu=182m vpa_target_mem=250Mi vpa_uncapped_cpu=182m vpa_uncapped_mem=250Mi vpa_lower_cpu=63m vpa_lower_mem=250Mi vpa_upper_cpu=1500m vpa_upper_mem=512Mi
[2026-08-22T01:23:06+02:00] UPF_CONTROL_SAMPLE timestamp=2026-08-22T01:23:05+02:00 scenario=ue_11 pod=open5gs-upf-5b9db6d44-nsbqz uid=7b5b8ef7-a2a2-4fe9-a3e1-74acd17bd88f restarts=6 usage_cpu=110m usage_mem=37Mi request_cpu=182m request_mem=250Mi limit_cpu=none limit_mem=none vpa_target_cpu=182m vpa_target_mem=250Mi vpa_uncapped_cpu=182m vpa_uncapped_mem=250Mi vpa_lower_cpu=63m vpa_lower_mem=250Mi vpa_upper_cpu=1500m vpa_upper_mem=512Mi
[2026-08-22T01:23:08+02:00] UPF_CONTROL_SAMPLE timestamp=2026-08-22T01:23:07+02:00 scenario=ue_11 pod=open5gs-upf-5b9db6d44-nsbqz uid=7b5b8ef7-a2a2-4fe9-a3e1-74acd17bd88f restarts=6 usage_cpu=110m usage_mem=37Mi request_cpu=182m request_mem=250Mi limit_cpu=none limit_mem=none vpa_target_cpu=182m vpa_target_mem=250Mi vpa_uncapped_cpu=182m vpa_uncapped_mem=250Mi vpa_lower_cpu=63m vpa_lower_mem=250Mi vpa_upper_cpu=1500m vpa_upper_mem=512Mi
[2026-08-22T01:23:10+02:00] UPF_CONTROL_SAMPLE timestamp=2026-08-22T01:23:09+02:00 scenario=ue_11 pod=open5gs-upf-5b9db6d44-nsbqz uid=7b5b8ef7-a2a2-4fe9-a3e1-74acd17bd88f restarts=6 usage_cpu=110m usage_mem=37Mi request_cpu=182m request_mem=250Mi limit_cpu=none limit_mem=none vpa_target_cpu=182m vpa_target_mem=250Mi vpa_uncapped_cpu=182m vpa_uncapped_mem=250Mi vpa_lower_cpu=63m vpa_lower_mem=250Mi vpa_upper_cpu=1500m vpa_upper_mem=512Mi
[2026-08-22T01:23:11+02:00] VPA_RECOMMENDATION_CHANGE timestamp=2026-08-22T01:23:11+02:00 scenario=ue_11 old='vpa_target_cpu=182m vpa_target_mem=250Mi vpa_uncapped_cpu=182m vpa_uncapped_mem=250Mi vpa_lower_cpu=63m vpa_lower_mem=250Mi vpa_upper_cpu=1500m vpa_upper_mem=512Mi' new='vpa_target_cpu=224m vpa_target_mem=250Mi vpa_uncapped_cpu=224m vpa_uncapped_mem=250Mi vpa_lower_cpu=66m vpa_lower_mem=250Mi vpa_upper_cpu=1500m vpa_upper_mem=512Mi' previous_5s_sample='timestamp=2026-08-22T01:23:05+02:00 scenario=ue_11 pod=open5gs-upf-5b9db6d44-nsbqz uid=7b5b8ef7-a2a2-4fe9-a3e1-74acd17bd88f restarts=6 usage_cpu=110m usage_mem=37Mi request_cpu=182m request_mem=250Mi limit_cpu=none limit_mem=none vpa_target_cpu=182m vpa_target_mem=250Mi vpa_uncapped_cpu=182m vpa_uncapped_mem=250Mi vpa_lower_cpu=63m vpa_lower_mem=250Mi vpa_upper_cpu=1500m vpa_upper_mem=512Mi' current_sample='timestamp=2026-08-22T01:23:11+02:00 scenario=ue_11 pod=open5gs-upf-5b9db6d44-nsbqz uid=7b5b8ef7-a2a2-4fe9-a3e1-74acd17bd88f restarts=6 usage_cpu=194m usage_mem=37Mi request_cpu=182m request_mem=250Mi limit_cpu=none limit_mem=none vpa_target_cpu=224m vpa_target_mem=250Mi vpa_uncapped_cpu=224m vpa_uncapped_mem=250Mi vpa_lower_cpu=66m vpa_lower_mem=250Mi vpa_upper_cpu=1500m vpa_upper_mem=512Mi'
[2026-08-22T01:23:11+02:00] UPF_CONTROL_SAMPLE timestamp=2026-08-22T01:23:11+02:00 scenario=ue_11 pod=open5gs-upf-5b9db6d44-nsbqz uid=7b5b8ef7-a2a2-4fe9-a3e1-74acd17bd88f restarts=6 usage_cpu=194m usage_mem=37Mi request_cpu=182m request_mem=250Mi limit_cpu=none limit_mem=none vpa_target_cpu=224m vpa_target_mem=250Mi vpa_uncapped_cpu=224m vpa_uncapped_mem=250Mi vpa_lower_cpu=66m vpa_lower_mem=250Mi vpa_upper_cpu=1500m vpa_upper_mem=512Mi
[2026-08-22T01:23:13+02:00] UPF_CONTROL_SAMPLE timestamp=2026-08-22T01:23:13+02:00 scenario=ue_11 pod=open5gs-upf-5b9db6d44-nsbqz uid=7b5b8ef7-a2a2-4fe9-a3e1-74acd17bd88f restarts=6 usage_cpu=194m usage_mem=37Mi request_cpu=182m request_mem=250Mi limit_cpu=none limit_mem=none vpa_target_cpu=224m vpa_target_mem=250Mi vpa_uncapped_cpu=224m vpa_uncapped_mem=250Mi vpa_lower_cpu=66m vpa_lower_mem=250Mi vpa_upper_cpu=1500m vpa_upper_mem=512Mi
[2026-08-22T01:23:15+02:00] UPF_CONTROL_SAMPLE timestamp=2026-08-22T01:23:15+02:00 scenario=ue_11 pod=open5gs-upf-5b9db6d44-nsbqz uid=7b5b8ef7-a2a2-4fe9-a3e1-74acd17bd88f restarts=6 usage_cpu=194m usage_mem=37Mi request_cpu=182m request_mem=250Mi limit_cpu=none limit_mem=none vpa_target_cpu=224m vpa_target_mem=250Mi vpa_uncapped_cpu=224m vpa_uncapped_mem=250Mi vpa_lower_cpu=66m vpa_lower_mem=250Mi vpa_upper_cpu=1500m vpa_upper_mem=512Mi
[2026-08-22T01:23:17+02:00] UPF_CONTROL_SAMPLE timestamp=2026-08-22T01:23:16+02:00 scenario=ue_11 pod=open5gs-upf-5b9db6d44-nsbqz uid=7b5b8ef7-a2a2-4fe9-a3e1-74acd17bd88f restarts=6 usage_cpu=194m usage_mem=37Mi request_cpu=182m request_mem=250Mi limit_cpu=none limit_mem=none vpa_target_cpu=224m vpa_target_mem=250Mi vpa_uncapped_cpu=224m vpa_uncapped_mem=250Mi vpa_lower_cpu=66m vpa_lower_mem=250Mi vpa_upper_cpu=1500m vpa_upper_mem=512Mi
[2026-08-22T01:23:19+02:00] UPF_CONTROL_SAMPLE timestamp=2026-08-22T01:23:18+02:00 scenario=ue_11 pod=open5gs-upf-5b9db6d44-nsbqz uid=7b5b8ef7-a2a2-4fe9-a3e1-74acd17bd88f restarts=6 usage_cpu=194m usage_mem=37Mi request_cpu=182m request_mem=250Mi limit_cpu=none limit_mem=none vpa_target_cpu=224m vpa_target_mem=250Mi vpa_uncapped_cpu=224m vpa_uncapped_mem=250Mi vpa_lower_cpu=66m vpa_lower_mem=250Mi vpa_upper_cpu=1500m vpa_upper_mem=512Mi
[2026-08-22T01:23:21+02:00] UPF_CONTROL_SAMPLE timestamp=2026-08-22T01:23:20+02:00 scenario=ue_11 pod=open5gs-upf-5b9db6d44-nsbqz uid=7b5b8ef7-a2a2-4fe9-a3e1-74acd17bd88f restarts=6 usage_cpu=194m usage_mem=37Mi request_cpu=182m request_mem=250Mi limit_cpu=none limit_mem=none vpa_target_cpu=224m vpa_target_mem=250Mi vpa_uncapped_cpu=224m vpa_uncapped_mem=250Mi vpa_lower_cpu=66m vpa_lower_mem=250Mi vpa_upper_cpu=1500m vpa_upper_mem=512Mi
[2026-08-22T01:23:23+02:00] UPF_CONTROL_SAMPLE timestamp=2026-08-22T01:23:22+02:00 scenario=ue_11 pod=open5gs-upf-5b9db6d44-nsbqz uid=7b5b8ef7-a2a2-4fe9-a3e1-74acd17bd88f restarts=6 usage_cpu=194m usage_mem=37Mi request_cpu=182m request_mem=250Mi limit_cpu=none limit_mem=none vpa_target_cpu=224m vpa_target_mem=250Mi vpa_uncapped_cpu=224m vpa_uncapped_mem=250Mi vpa_lower_cpu=66m vpa_lower_mem=250Mi vpa_upper_cpu=1500m vpa_upper_mem=512Mi
[2026-08-22T01:23:25+02:00] UPF_CONTROL_SAMPLE timestamp=2026-08-22T01:23:24+02:00 scenario=ue_11 pod=open5gs-upf-5b9db6d44-nsbqz uid=7b5b8ef7-a2a2-4fe9-a3e1-74acd17bd88f restarts=6 usage_cpu=194m usage_mem=37Mi request_cpu=182m request_mem=250Mi limit_cpu=none limit_mem=none vpa_target_cpu=224m vpa_target_mem=250Mi vpa_uncapped_cpu=224m vpa_uncapped_mem=250Mi vpa_lower_cpu=66m vpa_lower_mem=250Mi vpa_upper_cpu=1500m vpa_upper_mem=512Mi
[2026-08-22T01:23:27+02:00] UPF_REQUEST_CHANGE timestamp=2026-08-22T01:23:26+02:00 scenario=ue_11 pod=open5gs-upf-5b9db6d44-nsbqz uid=7b5b8ef7-a2a2-4fe9-a3e1-74acd17bd88f restarts=6 old='request_cpu=182m request_mem=250Mi limit_cpu=none limit_mem=none' new='request_cpu=224m request_mem=250Mi limit_cpu=none limit_mem=none' previous_5s_sample='timestamp=2026-08-22T01:23:20+02:00 scenario=ue_11 pod=open5gs-upf-5b9db6d44-nsbqz uid=7b5b8ef7-a2a2-4fe9-a3e1-74acd17bd88f restarts=6 usage_cpu=194m usage_mem=37Mi request_cpu=182m request_mem=250Mi limit_cpu=none limit_mem=none vpa_target_cpu=224m vpa_target_mem=250Mi vpa_uncapped_cpu=224m vpa_uncapped_mem=250Mi vpa_lower_cpu=66m vpa_lower_mem=250Mi vpa_upper_cpu=1500m vpa_upper_mem=512Mi' current_sample='timestamp=2026-08-22T01:23:26+02:00 scenario=ue_11 pod=open5gs-upf-5b9db6d44-nsbqz uid=7b5b8ef7-a2a2-4fe9-a3e1-74acd17bd88f restarts=6 usage_cpu=182m usage_mem=37Mi request_cpu=224m request_mem=250Mi limit_cpu=none limit_mem=none vpa_target_cpu=224m vpa_target_mem=250Mi vpa_uncapped_cpu=224m vpa_uncapped_mem=250Mi vpa_lower_cpu=66m vpa_lower_mem=250Mi vpa_upper_cpu=1500m vpa_upper_mem=512Mi'
[2026-08-22T01:23:27+02:00] UPF_CONTROL_SAMPLE timestamp=2026-08-22T01:23:26+02:00 scenario=ue_11 pod=open5gs-upf-5b9db6d44-nsbqz uid=7b5b8ef7-a2a2-4fe9-a3e1-74acd17bd88f restarts=6 usage_cpu=182m usage_mem=37Mi request_cpu=224m request_mem=250Mi limit_cpu=none limit_mem=none vpa_target_cpu=224m vpa_target_mem=250Mi vpa_uncapped_cpu=224m vpa_uncapped_mem=250Mi vpa_lower_cpu=66m vpa_lower_mem=250Mi vpa_upper_cpu=1500m vpa_upper_mem=512Mi
[2026-08-22T01:23:29+02:00] UPF_CONTROL_SAMPLE timestamp=2026-08-22T01:23:28+02:00 scenario=ue_11 pod=open5gs-upf-5b9db6d44-nsbqz uid=7b5b8ef7-a2a2-4fe9-a3e1-74acd17bd88f restarts=6 usage_cpu=182m usage_mem=37Mi request_cpu=224m request_mem=250Mi limit_cpu=none limit_mem=none vpa_target_cpu=224m vpa_target_mem=250Mi vpa_uncapped_cpu=224m vpa_uncapped_mem=250Mi vpa_lower_cpu=66m vpa_lower_mem=250Mi vpa_upper_cpu=1500m vpa_upper_mem=512Mi
[2026-08-22T01:23:31+02:00] UPF_CONTROL_SAMPLE timestamp=2026-08-22T01:23:30+02:00 scenario=ue_11 pod=open5gs-upf-5b9db6d44-nsbqz uid=7b5b8ef7-a2a2-4fe9-a3e1-74acd17bd88f restarts=6 usage_cpu=182m usage_mem=37Mi request_cpu=224m request_mem=250Mi limit_cpu=none limit_mem=none vpa_target_cpu=224m vpa_target_mem=250Mi vpa_uncapped_cpu=224m vpa_uncapped_mem=250Mi vpa_lower_cpu=66m vpa_lower_mem=250Mi vpa_upper_cpu=1500m vpa_upper_mem=512Mi
[2026-08-22T01:23:33+02:00] UPF_CONTROL_SAMPLE timestamp=2026-08-22T01:23:32+02:00 scenario=ue_11 pod=open5gs-upf-5b9db6d44-nsbqz uid=7b5b8ef7-a2a2-4fe9-a3e1-74acd17bd88f restarts=6 usage_cpu=182m usage_mem=37Mi request_cpu=224m request_mem=250Mi limit_cpu=none limit_mem=none vpa_target_cpu=224m vpa_target_mem=250Mi vpa_uncapped_cpu=224m vpa_uncapped_mem=250Mi vpa_lower_cpu=66m vpa_lower_mem=250Mi vpa_upper_cpu=1500m vpa_upper_mem=512Mi
[2026-08-22T01:23:35+02:00] UPF_CONTROL_SAMPLE timestamp=2026-08-22T01:23:34+02:00 scenario=ue_11 pod=open5gs-upf-5b9db6d44-nsbqz uid=7b5b8ef7-a2a2-4fe9-a3e1-74acd17bd88f restarts=6 usage_cpu=182m usage_mem=37Mi request_cpu=224m request_mem=250Mi limit_cpu=none limit_mem=none vpa_target_cpu=224m vpa_target_mem=250Mi vpa_uncapped_cpu=224m vpa_uncapped_mem=250Mi vpa_lower_cpu=66m vpa_lower_mem=250Mi vpa_upper_cpu=1500m vpa_upper_mem=512Mi
[2026-08-22T01:23:37+02:00] UPF_CONTROL_SAMPLE timestamp=2026-08-22T01:23:36+02:00 scenario=ue_11 pod=open5gs-upf-5b9db6d44-nsbqz uid=7b5b8ef7-a2a2-4fe9-a3e1-74acd17bd88f restarts=6 usage_cpu=182m usage_mem=37Mi request_cpu=224m request_mem=250Mi limit_cpu=none limit_mem=none vpa_target_cpu=224m vpa_target_mem=250Mi vpa_uncapped_cpu=224m vpa_uncapped_mem=250Mi vpa_lower_cpu=66m vpa_lower_mem=250Mi vpa_upper_cpu=1500m vpa_upper_mem=512Mi
[2026-08-22T01:23:39+02:00] UPF_CONTROL_SAMPLE timestamp=2026-08-22T01:23:38+02:00 scenario=ue_11 pod=open5gs-upf-5b9db6d44-nsbqz uid=7b5b8ef7-a2a2-4fe9-a3e1-74acd17bd88f restarts=6 usage_cpu=182m usage_mem=37Mi request_cpu=224m request_mem=250Mi limit_cpu=none limit_mem=none vpa_target_cpu=224m vpa_target_mem=250Mi vpa_uncapped_cpu=224m vpa_uncapped_mem=250Mi vpa_lower_cpu=66m vpa_lower_mem=250Mi vpa_upper_cpu=1500m vpa_upper_mem=512Mi
[2026-08-22T01:23:42+02:00] UPF_CONTROL_SAMPLE timestamp=2026-08-22T01:23:40+02:00 scenario=ue_11 pod=open5gs-upf-5b9db6d44-nsbqz uid=7b5b8ef7-a2a2-4fe9-a3e1-74acd17bd88f restarts=6 usage_cpu=185m usage_mem=37Mi request_cpu=224m request_mem=250Mi limit_cpu=none limit_mem=none vpa_target_cpu=224m vpa_target_mem=250Mi vpa_uncapped_cpu=224m vpa_uncapped_mem=250Mi vpa_lower_cpu=66m vpa_lower_mem=250Mi vpa_upper_cpu=1500m vpa_upper_mem=512Mi
[2026-08-22T01:23:44+02:00] UPF_CONTROL_SAMPLE timestamp=2026-08-22T01:23:43+02:00 scenario=ue_11 pod=open5gs-upf-5b9db6d44-nsbqz uid=7b5b8ef7-a2a2-4fe9-a3e1-74acd17bd88f restarts=6 usage_cpu=185m usage_mem=37Mi request_cpu=224m request_mem=250Mi limit_cpu=none limit_mem=none vpa_target_cpu=224m vpa_target_mem=250Mi vpa_uncapped_cpu=224m vpa_uncapped_mem=250Mi vpa_lower_cpu=66m vpa_lower_mem=250Mi vpa_upper_cpu=1500m vpa_upper_mem=512Mi
[2026-08-22T01:23:46+02:00] UPF_CONTROL_SAMPLE timestamp=2026-08-22T01:23:45+02:00 scenario=ue_11 pod=open5gs-upf-5b9db6d44-nsbqz uid=7b5b8ef7-a2a2-4fe9-a3e1-74acd17bd88f restarts=6 usage_cpu=185m usage_mem=37Mi request_cpu=224m request_mem=250Mi limit_cpu=none limit_mem=none vpa_target_cpu=224m vpa_target_mem=250Mi vpa_uncapped_cpu=224m vpa_uncapped_mem=250Mi vpa_lower_cpu=66m vpa_lower_mem=250Mi vpa_upper_cpu=1500m vpa_upper_mem=512Mi
[2026-08-22T01:23:48+02:00] UPF_CONTROL_SAMPLE timestamp=2026-08-22T01:23:47+02:00 scenario=ue_11 pod=open5gs-upf-5b9db6d44-nsbqz uid=7b5b8ef7-a2a2-4fe9-a3e1-74acd17bd88f restarts=6 usage_cpu=185m usage_mem=37Mi request_cpu=224m request_mem=250Mi limit_cpu=none limit_mem=none vpa_target_cpu=224m vpa_target_mem=250Mi vpa_uncapped_cpu=224m vpa_uncapped_mem=250Mi vpa_lower_cpu=66m vpa_lower_mem=250Mi vpa_upper_cpu=1500m vpa_upper_mem=512Mi
[2026-08-22T01:23:50+02:00] UPF_CONTROL_SAMPLE timestamp=2026-08-22T01:23:49+02:00 scenario=ue_11 pod=open5gs-upf-5b9db6d44-nsbqz uid=7b5b8ef7-a2a2-4fe9-a3e1-74acd17bd88f restarts=6 usage_cpu=185m usage_mem=37Mi request_cpu=224m request_mem=250Mi limit_cpu=none limit_mem=none vpa_target_cpu=224m vpa_target_mem=250Mi vpa_uncapped_cpu=224m vpa_uncapped_mem=250Mi vpa_lower_cpu=66m vpa_lower_mem=250Mi vpa_upper_cpu=1500m vpa_upper_mem=512Mi
[2026-08-22T01:23:52+02:00] UPF_CONTROL_SAMPLE timestamp=2026-08-22T01:23:51+02:00 scenario=ue_11 pod=open5gs-upf-5b9db6d44-nsbqz uid=7b5b8ef7-a2a2-4fe9-a3e1-74acd17bd88f restarts=6 usage_cpu=185m usage_mem=37Mi request_cpu=224m request_mem=250Mi limit_cpu=none limit_mem=none vpa_target_cpu=224m vpa_target_mem=250Mi vpa_uncapped_cpu=224m vpa_uncapped_mem=250Mi vpa_lower_cpu=66m vpa_lower_mem=250Mi vpa_upper_cpu=1500m vpa_upper_mem=512Mi
[2026-08-22T01:23:54+02:00] UPF_CONTROL_SAMPLE timestamp=2026-08-22T01:23:53+02:00 scenario=ue_11 pod=open5gs-upf-5b9db6d44-nsbqz uid=7b5b8ef7-a2a2-4fe9-a3e1-74acd17bd88f restarts=6 usage_cpu=185m usage_mem=37Mi request_cpu=224m request_mem=250Mi limit_cpu=none limit_mem=none vpa_target_cpu=224m vpa_target_mem=250Mi vpa_uncapped_cpu=224m vpa_uncapped_mem=250Mi vpa_lower_cpu=66m vpa_lower_mem=250Mi vpa_upper_cpu=1500m vpa_upper_mem=512Mi
[2026-08-22T01:23:56+02:00] UPF_CONTROL_SAMPLE timestamp=2026-08-22T01:23:55+02:00 scenario=ue_11 pod=open5gs-upf-5b9db6d44-nsbqz uid=7b5b8ef7-a2a2-4fe9-a3e1-74acd17bd88f restarts=6 usage_cpu=181m usage_mem=37Mi request_cpu=224m request_mem=250Mi limit_cpu=none limit_mem=none vpa_target_cpu=224m vpa_target_mem=250Mi vpa_uncapped_cpu=224m vpa_uncapped_mem=250Mi vpa_lower_cpu=66m vpa_lower_mem=250Mi vpa_upper_cpu=1500m vpa_upper_mem=512Mi
[2026-08-22T01:23:57+02:00] UE_SLOT_DONE timestamp=2026-08-21T23:23:57+00:00 active_ues=11 slot=0 attempt=1 ue_idx=0 ue_if=uesimtun0 ue_ip=10.45.1.146 port=5201 rc=0 replacements_for_slot=0 server_busy_retries_for_slot=0
[2026-08-22T01:23:57+02:00] UE_SLOT_DONE timestamp=2026-08-21T23:23:57+00:00 active_ues=11 slot=1 attempt=1 ue_idx=1 ue_if=uesimtun1 ue_ip=10.45.1.147 port=5202 rc=0 replacements_for_slot=0 server_busy_retries_for_slot=0
[2026-08-22T01:23:58+02:00] UE_SLOT_DONE timestamp=2026-08-21T23:23:58+00:00 active_ues=11 slot=2 attempt=1 ue_idx=2 ue_if=uesimtun2 ue_ip=10.45.1.148 port=5203 rc=0 replacements_for_slot=0 server_busy_retries_for_slot=0
[2026-08-22T01:23:58+02:00] UE_SLOT_DONE timestamp=2026-08-21T23:23:58+00:00 active_ues=11 slot=3 attempt=1 ue_idx=3 ue_if=uesimtun3 ue_ip=10.45.1.149 port=5204 rc=0 replacements_for_slot=0 server_busy_retries_for_slot=0
[2026-08-22T01:23:58+02:00] UE_SLOT_DONE timestamp=2026-08-21T23:23:58+00:00 active_ues=11 slot=4 attempt=1 ue_idx=4 ue_if=uesimtun4 ue_ip=10.45.1.151 port=5205 rc=0 replacements_for_slot=0 server_busy_retries_for_slot=0
[2026-08-22T01:23:58+02:00] UE_SLOT_DONE timestamp=2026-08-21T23:23:58+00:00 active_ues=11 slot=5 attempt=1 ue_idx=5 ue_if=uesimtun5 ue_ip=10.45.1.150 port=5206 rc=0 replacements_for_slot=0 server_busy_retries_for_slot=0
[2026-08-22T01:23:58+02:00] UE_SLOT_DONE timestamp=2026-08-21T23:23:58+00:00 active_ues=11 slot=6 attempt=1 ue_idx=6 ue_if=uesimtun6 ue_ip=10.45.1.152 port=5207 rc=0 replacements_for_slot=0 server_busy_retries_for_slot=0
[2026-08-22T01:23:58+02:00] UE_SLOT_DONE timestamp=2026-08-21T23:23:58+00:00 active_ues=11 slot=7 attempt=1 ue_idx=7 ue_if=uesimtun7 ue_ip=10.45.1.154 port=5208 rc=0 replacements_for_slot=0 server_busy_retries_for_slot=0
[2026-08-22T01:23:58+02:00] UE_SLOT_DONE timestamp=2026-08-21T23:23:58+00:00 active_ues=11 slot=8 attempt=1 ue_idx=8 ue_if=uesimtun8 ue_ip=10.45.1.156 port=5209 rc=0 replacements_for_slot=0 server_busy_retries_for_slot=0
[2026-08-22T01:23:58+02:00] UPF_CONTROL_SAMPLE timestamp=2026-08-22T01:23:57+02:00 scenario=ue_11 pod=open5gs-upf-5b9db6d44-nsbqz uid=7b5b8ef7-a2a2-4fe9-a3e1-74acd17bd88f restarts=6 usage_cpu=181m usage_mem=37Mi request_cpu=224m request_mem=250Mi limit_cpu=none limit_mem=none vpa_target_cpu=224m vpa_target_mem=250Mi vpa_uncapped_cpu=224m vpa_uncapped_mem=250Mi vpa_lower_cpu=66m vpa_lower_mem=250Mi vpa_upper_cpu=1500m vpa_upper_mem=512Mi
[2026-08-22T01:23:59+02:00] UE_SLOT_DONE timestamp=2026-08-21T23:23:59+00:00 active_ues=11 slot=9 attempt=1 ue_idx=9 ue_if=uesimtun9 ue_ip=10.45.1.158 port=5210 rc=0 replacements_for_slot=0 server_busy_retries_for_slot=0
[2026-08-22T01:23:59+02:00] UE_SLOT_DONE timestamp=2026-08-21T23:23:59+00:00 active_ues=11 slot=10 attempt=1 ue_idx=10 ue_if=uesimtun10 ue_ip=10.45.1.159 port=5211 rc=0 replacements_for_slot=0 server_busy_retries_for_slot=0
[2026-08-22T01:24:00+02:00] UPF_CONTROL_SAMPLE timestamp=2026-08-22T01:23:59+02:00 scenario=ue_11 pod=open5gs-upf-5b9db6d44-nsbqz uid=7b5b8ef7-a2a2-4fe9-a3e1-74acd17bd88f restarts=6 usage_cpu=181m usage_mem=37Mi request_cpu=224m request_mem=250Mi limit_cpu=none limit_mem=none vpa_target_cpu=224m vpa_target_mem=250Mi vpa_uncapped_cpu=224m vpa_uncapped_mem=250Mi vpa_lower_cpu=66m vpa_lower_mem=250Mi vpa_upper_cpu=1500m vpa_upper_mem=512Mi
[2026-08-22T01:24:01+02:00] TRAFFIC_SUMMARY timestamp=2026-08-21T23:24:01+00:00 registered_tunnels=50 active_ues=11 target_slots=11 completed_slots=11 final_failed_slots=0 replacements=0 problematic_ues=0 zombie_ues=0 connect_timeouts=0 stalls=0 deferred_stalls=0 process_failures=0 server_busy_retries=0 server_busy_failures=0 late_timeouts_accepted=0 scenario_bad_ues=0 global_suspect_ues=0 used_ues=11 target_host=192.168.1.211 initial_ports=5201-5211 replacement_ports=5251-5265 bitrate=1M start_delay=0.05 detection=no_rx_counter replacement_min_duration_s=5 adaptive_extension_max_s=1 iperf_exit_grace_s=3 server_busy_retries_limit=1 server_busy_retry_delay_s=2 late_replacement_after_end=disabled wait_for_iperf_exit=until_timeout global_suspect_policy=soft_reuse ramp_supervision=after_initial_start
[2026-08-22T01:24:01+02:00] UE_POOL_SCENARIO_BAD_CURRENT timestamp=2026-08-21T23:24:01+00:00 active_ues=11 indexes=
[2026-08-22T01:24:01+02:00] UE_POOL_GLOBAL_SUSPECT_CURRENT timestamp=2026-08-21T23:24:01+00:00 active_ues=11 indexes=
[2026-08-22T01:24:01+02:00] REMOTE_IPERF_PER_UE_END timestamp=2026-08-21T23:24:01+00:00 active_ues=11 tag=ue_11 final_rc=0 completed_slots=11 replacements=0 problematic_ues=0 server_busy_retries=0 deferred_stalls=0 late_timeouts_accepted=0
[2026-08-22T01:24:01+02:00] SCENARIO TRAFFIC COMMAND END timestamp=2026-08-22T01:24:01+02:00 active_ue=11 rc=0
[2026-08-22T01:24:01+02:00] SCENARIO UPF AFTER timestamp=2026-08-22T01:24:01+02:00 active_ue=11 pod=open5gs-upf-5b9db6d44-nsbqz uid=7b5b8ef7-a2a2-4fe9-a3e1-74acd17bd88f restarts=6
[2026-08-22T01:24:01+02:00] SCENARIO END timestamp=2026-08-22T01:24:01+02:00 active_ue=11 rc=0
[2026-08-22T01:24:01+02:00] ================================================================
[2026-08-22T01:24:01+02:00] SCENARIO START timestamp=2026-08-22T01:24:01+02:00 active_ue=13 registered_ue_pool=50 target_host=192.168.1.211 ports=5201-5213 replacement_ports=5251-5265 bitrate_per_ue=1M start_delay=0.05 replacement_min_duration=5 adaptive_extension_max=1
[2026-08-22T01:24:01+02:00] ================================================================
[2026-08-22T01:24:02+02:00] SCENARIO TUNNEL CHECK timestamp=2026-08-22T01:24:02+02:00 active_ue=13 current_tunnels=50 required=50
[2026-08-22T01:24:02+02:00] SCENARIO UPF BEFORE timestamp=2026-08-22T01:24:02+02:00 active_ue=13 pod=open5gs-upf-5b9db6d44-nsbqz uid=7b5b8ef7-a2a2-4fe9-a3e1-74acd17bd88f restarts=6
[2026-08-22T01:24:02+02:00] UPF_CONTROL_SAMPLE timestamp=2026-08-22T01:24:01+02:00 scenario=ue_13 pod=open5gs-upf-5b9db6d44-nsbqz uid=7b5b8ef7-a2a2-4fe9-a3e1-74acd17bd88f restarts=6 usage_cpu=181m usage_mem=37Mi request_cpu=224m request_mem=250Mi limit_cpu=none limit_mem=none vpa_target_cpu=224m vpa_target_mem=250Mi vpa_uncapped_cpu=224m vpa_uncapped_mem=250Mi vpa_lower_cpu=66m vpa_lower_mem=250Mi vpa_upper_cpu=1500m vpa_upper_mem=512Mi
[2026-08-22T01:24:03+02:00] REMOTE_IPERF_PER_UE_START timestamp=2026-08-21T23:24:03+00:00 active_ues=13 tag=ue_13 iperf_host=192.168.1.211 base_port=5201 replacement_base_port=5251 duration=80 bitrate=1M start_delay=0.05 detection=no_rx_counter connect_timeout_s=4 stall_seconds=5 replacement_limit=15 replacement_min_duration_s=5 adaptive_extension_max_s=1 iperf_exit_grace_s=3 server_busy_port_rebinds=1 late_replacement_after_end=disabled wait_for_iperf_exit=until_timeout global_suspect_policy=soft_reuse ramp_supervision=after_initial_start
[2026-08-22T01:24:03+02:00] UE_POOL_STATUS timestamp=2026-08-21T23:24:03+00:00 active_ues=13 registered_tunnels=50 existing_global_suspect_ues=0 used_ues=0 policy=soft_reuse_global_suspects
[2026-08-22T01:24:03+02:00] UE_SLOT_ASSIGN timestamp=2026-08-21T23:24:03+00:00 active_ues=13 slot=0 ue_idx=0 ue_if=uesimtun0 ue_ip=10.45.1.146 candidate_reused_global_suspect=0
[2026-08-22T01:24:03+02:00] UE_SLOT_START timestamp=2026-08-21T23:24:03+00:00 active_ues=13 slot=0 attempt=1 ue_idx=0 ue_if=uesimtun0 ue_ip=10.45.1.146 target=192.168.1.211:5201 bitrate=1M duration_s=80 planned_end_epoch=1787354723 timeout_s=90 hard_timeout_epoch=1787354738 start_rx_bytes=526677
[2026-08-22T01:24:03+02:00] UE_SLOT_PID timestamp=2026-08-21T23:24:03+00:00 active_ues=13 slot=0 attempt=1 ue_idx=0 pid=12493
[2026-08-22T01:24:03+02:00] UE_SLOT_ASSIGN timestamp=2026-08-21T23:24:03+00:00 active_ues=13 slot=1 ue_idx=1 ue_if=uesimtun1 ue_ip=10.45.1.147 candidate_reused_global_suspect=0
[2026-08-22T01:24:03+02:00] UE_SLOT_START timestamp=2026-08-21T23:24:03+00:00 active_ues=13 slot=1 attempt=1 ue_idx=1 ue_if=uesimtun1 ue_ip=10.45.1.147 target=192.168.1.211:5202 bitrate=1M duration_s=80 planned_end_epoch=1787354723 timeout_s=90 hard_timeout_epoch=1787354738 start_rx_bytes=443338
[2026-08-22T01:24:03+02:00] UE_SLOT_PID timestamp=2026-08-21T23:24:03+00:00 active_ues=13 slot=1 attempt=1 ue_idx=1 pid=12518
[2026-08-22T01:24:03+02:00] UE_SLOT_ASSIGN timestamp=2026-08-21T23:24:03+00:00 active_ues=13 slot=2 ue_idx=2 ue_if=uesimtun2 ue_ip=10.45.1.148 candidate_reused_global_suspect=0
[2026-08-22T01:24:03+02:00] UE_SLOT_START timestamp=2026-08-21T23:24:03+00:00 active_ues=13 slot=2 attempt=1 ue_idx=2 ue_if=uesimtun2 ue_ip=10.45.1.148 target=192.168.1.211:5203 bitrate=1M duration_s=80 planned_end_epoch=1787354723 timeout_s=90 hard_timeout_epoch=1787354738 start_rx_bytes=438518
[2026-08-22T01:24:03+02:00] UE_SLOT_PID timestamp=2026-08-21T23:24:03+00:00 active_ues=13 slot=2 attempt=1 ue_idx=2 pid=12543
[2026-08-22T01:24:04+02:00] UE_SLOT_ASSIGN timestamp=2026-08-21T23:24:04+00:00 active_ues=13 slot=3 ue_idx=3 ue_if=uesimtun3 ue_ip=10.45.1.149 candidate_reused_global_suspect=0
[2026-08-22T01:24:04+02:00] UE_SLOT_START timestamp=2026-08-21T23:24:04+00:00 active_ues=13 slot=3 attempt=1 ue_idx=3 ue_if=uesimtun3 ue_ip=10.45.1.149 target=192.168.1.211:5204 bitrate=1M duration_s=80 planned_end_epoch=1787354724 timeout_s=90 hard_timeout_epoch=1787354739 start_rx_bytes=361279
[2026-08-22T01:24:04+02:00] UE_SLOT_PID timestamp=2026-08-21T23:24:04+00:00 active_ues=13 slot=3 attempt=1 ue_idx=3 pid=12568
[2026-08-22T01:24:04+02:00] UE_SLOT_ASSIGN timestamp=2026-08-21T23:24:04+00:00 active_ues=13 slot=4 ue_idx=4 ue_if=uesimtun4 ue_ip=10.45.1.151 candidate_reused_global_suspect=0
[2026-08-22T01:24:04+02:00] UE_SLOT_START timestamp=2026-08-21T23:24:04+00:00 active_ues=13 slot=4 attempt=1 ue_idx=4 ue_if=uesimtun4 ue_ip=10.45.1.151 target=192.168.1.211:5205 bitrate=1M duration_s=80 planned_end_epoch=1787354724 timeout_s=90 hard_timeout_epoch=1787354739 start_rx_bytes=362971
[2026-08-22T01:24:04+02:00] UE_SLOT_PID timestamp=2026-08-21T23:24:04+00:00 active_ues=13 slot=4 attempt=1 ue_idx=4 pid=12593
[2026-08-22T01:24:04+02:00] UE_SLOT_ASSIGN timestamp=2026-08-21T23:24:04+00:00 active_ues=13 slot=5 ue_idx=5 ue_if=uesimtun5 ue_ip=10.45.1.150 candidate_reused_global_suspect=0
[2026-08-22T01:24:04+02:00] UE_SLOT_START timestamp=2026-08-21T23:24:04+00:00 active_ues=13 slot=5 attempt=1 ue_idx=5 ue_if=uesimtun5 ue_ip=10.45.1.150 target=192.168.1.211:5206 bitrate=1M duration_s=80 planned_end_epoch=1787354724 timeout_s=90 hard_timeout_epoch=1787354739 start_rx_bytes=282160
[2026-08-22T01:24:04+02:00] UE_SLOT_PID timestamp=2026-08-21T23:24:04+00:00 active_ues=13 slot=5 attempt=1 ue_idx=5 pid=12618
[2026-08-22T01:24:04+02:00] UE_SLOT_ASSIGN timestamp=2026-08-21T23:24:04+00:00 active_ues=13 slot=6 ue_idx=6 ue_if=uesimtun6 ue_ip=10.45.1.152 candidate_reused_global_suspect=0
[2026-08-22T01:24:04+02:00] UE_SLOT_START timestamp=2026-08-21T23:24:04+00:00 active_ues=13 slot=6 attempt=1 ue_idx=6 ue_if=uesimtun6 ue_ip=10.45.1.152 target=192.168.1.211:5207 bitrate=1M duration_s=80 planned_end_epoch=1787354724 timeout_s=90 hard_timeout_epoch=1787354739 start_rx_bytes=279406
[2026-08-22T01:24:04+02:00] UE_SLOT_PID timestamp=2026-08-21T23:24:04+00:00 active_ues=13 slot=6 attempt=1 ue_idx=6 pid=12643
[2026-08-22T01:24:04+02:00] UE_SLOT_ASSIGN timestamp=2026-08-21T23:24:04+00:00 active_ues=13 slot=7 ue_idx=7 ue_if=uesimtun7 ue_ip=10.45.1.154 candidate_reused_global_suspect=0
[2026-08-22T01:24:05+02:00] UE_SLOT_START timestamp=2026-08-21T23:24:05+00:00 active_ues=13 slot=7 attempt=1 ue_idx=7 ue_if=uesimtun7 ue_ip=10.45.1.154 target=192.168.1.211:5208 bitrate=1M duration_s=80 planned_end_epoch=1787354724 timeout_s=90 hard_timeout_epoch=1787354739 start_rx_bytes=188663
[2026-08-22T01:24:05+02:00] UE_SLOT_PID timestamp=2026-08-21T23:24:05+00:00 active_ues=13 slot=7 attempt=1 ue_idx=7 pid=12668
[2026-08-22T01:24:05+02:00] UPF_CONTROL_SAMPLE timestamp=2026-08-22T01:24:04+02:00 scenario=ue_13 pod=open5gs-upf-5b9db6d44-nsbqz uid=7b5b8ef7-a2a2-4fe9-a3e1-74acd17bd88f restarts=6 usage_cpu=181m usage_mem=37Mi request_cpu=224m request_mem=250Mi limit_cpu=none limit_mem=none vpa_target_cpu=224m vpa_target_mem=250Mi vpa_uncapped_cpu=224m vpa_uncapped_mem=250Mi vpa_lower_cpu=66m vpa_lower_mem=250Mi vpa_upper_cpu=1500m vpa_upper_mem=512Mi
[2026-08-22T01:24:05+02:00] UE_SLOT_ASSIGN timestamp=2026-08-21T23:24:05+00:00 active_ues=13 slot=8 ue_idx=8 ue_if=uesimtun8 ue_ip=10.45.1.156 candidate_reused_global_suspect=0
[2026-08-22T01:24:05+02:00] UE_SLOT_START timestamp=2026-08-21T23:24:05+00:00 active_ues=13 slot=8 attempt=1 ue_idx=8 ue_if=uesimtun8 ue_ip=10.45.1.156 target=192.168.1.211:5209 bitrate=1M duration_s=80 planned_end_epoch=1787354725 timeout_s=90 hard_timeout_epoch=1787354740 start_rx_bytes=186056
[2026-08-22T01:24:05+02:00] UE_SLOT_PID timestamp=2026-08-21T23:24:05+00:00 active_ues=13 slot=8 attempt=1 ue_idx=8 pid=12693
[2026-08-22T01:24:05+02:00] UE_SLOT_ASSIGN timestamp=2026-08-21T23:24:05+00:00 active_ues=13 slot=9 ue_idx=9 ue_if=uesimtun9 ue_ip=10.45.1.158 candidate_reused_global_suspect=0
[2026-08-22T01:24:05+02:00] UE_SLOT_START timestamp=2026-08-21T23:24:05+00:00 active_ues=13 slot=9 attempt=1 ue_idx=9 ue_if=uesimtun9 ue_ip=10.45.1.158 target=192.168.1.211:5210 bitrate=1M duration_s=80 planned_end_epoch=1787354725 timeout_s=90 hard_timeout_epoch=1787354740 start_rx_bytes=94622
[2026-08-22T01:24:05+02:00] UE_SLOT_PID timestamp=2026-08-21T23:24:05+00:00 active_ues=13 slot=9 attempt=1 ue_idx=9 pid=12718
[2026-08-22T01:24:05+02:00] UE_SLOT_ASSIGN timestamp=2026-08-21T23:24:05+00:00 active_ues=13 slot=10 ue_idx=10 ue_if=uesimtun10 ue_ip=10.45.1.159 candidate_reused_global_suspect=0
[2026-08-22T01:24:05+02:00] UE_SLOT_START timestamp=2026-08-21T23:24:05+00:00 active_ues=13 slot=10 attempt=1 ue_idx=10 ue_if=uesimtun10 ue_ip=10.45.1.159 target=192.168.1.211:5211 bitrate=1M duration_s=80 planned_end_epoch=1787354725 timeout_s=90 hard_timeout_epoch=1787354740 start_rx_bytes=97036
[2026-08-22T01:24:05+02:00] UE_SLOT_PID timestamp=2026-08-21T23:24:05+00:00 active_ues=13 slot=10 attempt=1 ue_idx=10 pid=12743
[2026-08-22T01:24:05+02:00] UE_SLOT_ASSIGN timestamp=2026-08-21T23:24:05+00:00 active_ues=13 slot=11 ue_idx=11 ue_if=uesimtun11 ue_ip=10.45.1.155 candidate_reused_global_suspect=0
[2026-08-22T01:24:05+02:00] UE_SLOT_START timestamp=2026-08-21T23:24:05+00:00 active_ues=13 slot=11 attempt=1 ue_idx=11 ue_if=uesimtun11 ue_ip=10.45.1.155 target=192.168.1.211:5212 bitrate=1M duration_s=80 planned_end_epoch=1787354725 timeout_s=90 hard_timeout_epoch=1787354740 start_rx_bytes=0
[2026-08-22T01:24:05+02:00] UE_SLOT_PID timestamp=2026-08-21T23:24:05+00:00 active_ues=13 slot=11 attempt=1 ue_idx=11 pid=12768
[2026-08-22T01:24:06+02:00] UE_SLOT_ASSIGN timestamp=2026-08-21T23:24:06+00:00 active_ues=13 slot=12 ue_idx=12 ue_if=uesimtun12 ue_ip=10.45.1.164 candidate_reused_global_suspect=0
[2026-08-22T01:24:06+02:00] UE_SLOT_START timestamp=2026-08-21T23:24:06+00:00 active_ues=13 slot=12 attempt=1 ue_idx=12 ue_if=uesimtun12 ue_ip=10.45.1.164 target=192.168.1.211:5213 bitrate=1M duration_s=80 planned_end_epoch=1787354726 timeout_s=90 hard_timeout_epoch=1787354741 start_rx_bytes=0
[2026-08-22T01:24:06+02:00] UE_SLOT_PID timestamp=2026-08-21T23:24:06+00:00 active_ues=13 slot=12 attempt=1 ue_idx=12 pid=12793
[2026-08-22T01:24:06+02:00] IPERF_MAPPING_SUMMARY timestamp=2026-08-21T23:24:06+00:00 active_ues=13 registered_tunnels=50 initial_ports=5201-5213 replacement_ports=5251-5265 bitrate=1M start_delay=0.05 detection=no_rx_counter replacement_min_duration_s=5 adaptive_extension_max_s=1 iperf_exit_grace_s=3 server_busy_port_rebinds=1 late_replacement_after_end=disabled wait_for_iperf_exit=until_timeout global_suspect_policy=soft_reuse ramp_supervision=after_initial_start
[2026-08-22T01:24:07+02:00] UPF_CONTROL_SAMPLE timestamp=2026-08-22T01:24:06+02:00 scenario=ue_13 pod=open5gs-upf-5b9db6d44-nsbqz uid=7b5b8ef7-a2a2-4fe9-a3e1-74acd17bd88f restarts=6 usage_cpu=181m usage_mem=37Mi request_cpu=224m request_mem=250Mi limit_cpu=none limit_mem=none vpa_target_cpu=224m vpa_target_mem=250Mi vpa_uncapped_cpu=224m vpa_uncapped_mem=250Mi vpa_lower_cpu=66m vpa_lower_mem=250Mi vpa_upper_cpu=1500m vpa_upper_mem=512Mi
[2026-08-22T01:24:08+02:00] UPF_CONTROL_SAMPLE timestamp=2026-08-22T01:24:08+02:00 scenario=ue_13 pod=open5gs-upf-5b9db6d44-nsbqz uid=7b5b8ef7-a2a2-4fe9-a3e1-74acd17bd88f restarts=6 usage_cpu=181m usage_mem=37Mi request_cpu=224m request_mem=250Mi limit_cpu=none limit_mem=none vpa_target_cpu=224m vpa_target_mem=250Mi vpa_uncapped_cpu=224m vpa_uncapped_mem=250Mi vpa_lower_cpu=66m vpa_lower_mem=250Mi vpa_upper_cpu=1500m vpa_upper_mem=512Mi
[2026-08-22T01:24:10+02:00] UPF_CONTROL_SAMPLE timestamp=2026-08-22T01:24:09+02:00 scenario=ue_13 pod=open5gs-upf-5b9db6d44-nsbqz uid=7b5b8ef7-a2a2-4fe9-a3e1-74acd17bd88f restarts=6 usage_cpu=131m usage_mem=37Mi request_cpu=224m request_mem=250Mi limit_cpu=none limit_mem=none vpa_target_cpu=224m vpa_target_mem=250Mi vpa_uncapped_cpu=224m vpa_uncapped_mem=250Mi vpa_lower_cpu=66m vpa_lower_mem=250Mi vpa_upper_cpu=1500m vpa_upper_mem=512Mi
[2026-08-22T01:24:12+02:00] VPA_RECOMMENDATION_CHANGE timestamp=2026-08-22T01:24:11+02:00 scenario=ue_13 old='vpa_target_cpu=224m vpa_target_mem=250Mi vpa_uncapped_cpu=224m vpa_uncapped_mem=250Mi vpa_lower_cpu=66m vpa_lower_mem=250Mi vpa_upper_cpu=1500m vpa_upper_mem=512Mi' new='vpa_target_cpu=224m vpa_target_mem=250Mi vpa_uncapped_cpu=224m vpa_uncapped_mem=250Mi vpa_lower_cpu=93m vpa_lower_mem=250Mi vpa_upper_cpu=1500m vpa_upper_mem=512Mi' previous_5s_sample='timestamp=2026-08-22T01:24:06+02:00 scenario=ue_13 pod=open5gs-upf-5b9db6d44-nsbqz uid=7b5b8ef7-a2a2-4fe9-a3e1-74acd17bd88f restarts=6 usage_cpu=181m usage_mem=37Mi request_cpu=224m request_mem=250Mi limit_cpu=none limit_mem=none vpa_target_cpu=224m vpa_target_mem=250Mi vpa_uncapped_cpu=224m vpa_uncapped_mem=250Mi vpa_lower_cpu=66m vpa_lower_mem=250Mi vpa_upper_cpu=1500m vpa_upper_mem=512Mi' current_sample='timestamp=2026-08-22T01:24:11+02:00 scenario=ue_13 pod=open5gs-upf-5b9db6d44-nsbqz uid=7b5b8ef7-a2a2-4fe9-a3e1-74acd17bd88f restarts=6 usage_cpu=131m usage_mem=37Mi request_cpu=224m request_mem=250Mi limit_cpu=none limit_mem=none vpa_target_cpu=224m vpa_target_mem=250Mi vpa_uncapped_cpu=224m vpa_uncapped_mem=250Mi vpa_lower_cpu=93m vpa_lower_mem=250Mi vpa_upper_cpu=1500m vpa_upper_mem=512Mi'
[2026-08-22T01:24:12+02:00] UPF_CONTROL_SAMPLE timestamp=2026-08-22T01:24:11+02:00 scenario=ue_13 pod=open5gs-upf-5b9db6d44-nsbqz uid=7b5b8ef7-a2a2-4fe9-a3e1-74acd17bd88f restarts=6 usage_cpu=131m usage_mem=37Mi request_cpu=224m request_mem=250Mi limit_cpu=none limit_mem=none vpa_target_cpu=224m vpa_target_mem=250Mi vpa_uncapped_cpu=224m vpa_uncapped_mem=250Mi vpa_lower_cpu=93m vpa_lower_mem=250Mi vpa_upper_cpu=1500m vpa_upper_mem=512Mi
[2026-08-22T01:24:14+02:00] UPF_CONTROL_SAMPLE timestamp=2026-08-22T01:24:13+02:00 scenario=ue_13 pod=open5gs-upf-5b9db6d44-nsbqz uid=7b5b8ef7-a2a2-4fe9-a3e1-74acd17bd88f restarts=6 usage_cpu=131m usage_mem=37Mi request_cpu=224m request_mem=250Mi limit_cpu=none limit_mem=none vpa_target_cpu=224m vpa_target_mem=250Mi vpa_uncapped_cpu=224m vpa_uncapped_mem=250Mi vpa_lower_cpu=93m vpa_lower_mem=250Mi vpa_upper_cpu=1500m vpa_upper_mem=512Mi
[2026-08-22T01:24:16+02:00] UPF_CONTROL_SAMPLE timestamp=2026-08-22T01:24:15+02:00 scenario=ue_13 pod=open5gs-upf-5b9db6d44-nsbqz uid=7b5b8ef7-a2a2-4fe9-a3e1-74acd17bd88f restarts=6 usage_cpu=131m usage_mem=37Mi request_cpu=224m request_mem=250Mi limit_cpu=none limit_mem=none vpa_target_cpu=224m vpa_target_mem=250Mi vpa_uncapped_cpu=224m vpa_uncapped_mem=250Mi vpa_lower_cpu=93m vpa_lower_mem=250Mi vpa_upper_cpu=1500m vpa_upper_mem=512Mi
[2026-08-22T01:24:18+02:00] UPF_CONTROL_SAMPLE timestamp=2026-08-22T01:24:17+02:00 scenario=ue_13 pod=open5gs-upf-5b9db6d44-nsbqz uid=7b5b8ef7-a2a2-4fe9-a3e1-74acd17bd88f restarts=6 usage_cpu=131m usage_mem=37Mi request_cpu=224m request_mem=250Mi limit_cpu=none limit_mem=none vpa_target_cpu=224m vpa_target_mem=250Mi vpa_uncapped_cpu=224m vpa_uncapped_mem=250Mi vpa_lower_cpu=93m vpa_lower_mem=250Mi vpa_upper_cpu=1500m vpa_upper_mem=512Mi
[2026-08-22T01:24:20+02:00] UPF_CONTROL_SAMPLE timestamp=2026-08-22T01:24:19+02:00 scenario=ue_13 pod=open5gs-upf-5b9db6d44-nsbqz uid=7b5b8ef7-a2a2-4fe9-a3e1-74acd17bd88f restarts=6 usage_cpu=131m usage_mem=37Mi request_cpu=224m request_mem=250Mi limit_cpu=none limit_mem=none vpa_target_cpu=224m vpa_target_mem=250Mi vpa_uncapped_cpu=224m vpa_uncapped_mem=250Mi vpa_lower_cpu=93m vpa_lower_mem=250Mi vpa_upper_cpu=1500m vpa_upper_mem=512Mi
[2026-08-22T01:24:22+02:00] UPF_CONTROL_SAMPLE timestamp=2026-08-22T01:24:21+02:00 scenario=ue_13 pod=open5gs-upf-5b9db6d44-nsbqz uid=7b5b8ef7-a2a2-4fe9-a3e1-74acd17bd88f restarts=6 usage_cpu=131m usage_mem=37Mi request_cpu=224m request_mem=250Mi limit_cpu=none limit_mem=none vpa_target_cpu=224m vpa_target_mem=250Mi vpa_uncapped_cpu=224m vpa_uncapped_mem=250Mi vpa_lower_cpu=93m vpa_lower_mem=250Mi vpa_upper_cpu=1500m vpa_upper_mem=512Mi
[2026-08-22T01:24:24+02:00] UPF_CONTROL_SAMPLE timestamp=2026-08-22T01:24:23+02:00 scenario=ue_13 pod=open5gs-upf-5b9db6d44-nsbqz uid=7b5b8ef7-a2a2-4fe9-a3e1-74acd17bd88f restarts=6 usage_cpu=131m usage_mem=37Mi request_cpu=224m request_mem=250Mi limit_cpu=none limit_mem=none vpa_target_cpu=224m vpa_target_mem=250Mi vpa_uncapped_cpu=224m vpa_uncapped_mem=250Mi vpa_lower_cpu=93m vpa_lower_mem=250Mi vpa_upper_cpu=1500m vpa_upper_mem=512Mi
[2026-08-22T01:24:26+02:00] UPF_CONTROL_SAMPLE timestamp=2026-08-22T01:24:25+02:00 scenario=ue_13 pod=open5gs-upf-5b9db6d44-nsbqz uid=7b5b8ef7-a2a2-4fe9-a3e1-74acd17bd88f restarts=6 usage_cpu=221m usage_mem=37Mi request_cpu=224m request_mem=250Mi limit_cpu=none limit_mem=none vpa_target_cpu=224m vpa_target_mem=250Mi vpa_uncapped_cpu=224m vpa_uncapped_mem=250Mi vpa_lower_cpu=93m vpa_lower_mem=250Mi vpa_upper_cpu=1500m vpa_upper_mem=512Mi
[2026-08-22T01:24:28+02:00] UPF_CONTROL_SAMPLE timestamp=2026-08-22T01:24:27+02:00 scenario=ue_13 pod=open5gs-upf-5b9db6d44-nsbqz uid=7b5b8ef7-a2a2-4fe9-a3e1-74acd17bd88f restarts=6 usage_cpu=221m usage_mem=37Mi request_cpu=224m request_mem=250Mi limit_cpu=none limit_mem=none vpa_target_cpu=224m vpa_target_mem=250Mi vpa_uncapped_cpu=224m vpa_uncapped_mem=250Mi vpa_lower_cpu=93m vpa_lower_mem=250Mi vpa_upper_cpu=1500m vpa_upper_mem=512Mi
[2026-08-22T01:24:30+02:00] UPF_CONTROL_SAMPLE timestamp=2026-08-22T01:24:29+02:00 scenario=ue_13 pod=open5gs-upf-5b9db6d44-nsbqz uid=7b5b8ef7-a2a2-4fe9-a3e1-74acd17bd88f restarts=6 usage_cpu=221m usage_mem=37Mi request_cpu=224m request_mem=250Mi limit_cpu=none limit_mem=none vpa_target_cpu=224m vpa_target_mem=250Mi vpa_uncapped_cpu=224m vpa_uncapped_mem=250Mi vpa_lower_cpu=93m vpa_lower_mem=250Mi vpa_upper_cpu=1500m vpa_upper_mem=512Mi
[2026-08-22T01:24:32+02:00] UPF_CONTROL_SAMPLE timestamp=2026-08-22T01:24:31+02:00 scenario=ue_13 pod=open5gs-upf-5b9db6d44-nsbqz uid=7b5b8ef7-a2a2-4fe9-a3e1-74acd17bd88f restarts=6 usage_cpu=221m usage_mem=37Mi request_cpu=224m request_mem=250Mi limit_cpu=none limit_mem=none vpa_target_cpu=224m vpa_target_mem=250Mi vpa_uncapped_cpu=224m vpa_uncapped_mem=250Mi vpa_lower_cpu=93m vpa_lower_mem=250Mi vpa_upper_cpu=1500m vpa_upper_mem=512Mi
[2026-08-22T01:24:34+02:00] UPF_CONTROL_SAMPLE timestamp=2026-08-22T01:24:33+02:00 scenario=ue_13 pod=open5gs-upf-5b9db6d44-nsbqz uid=7b5b8ef7-a2a2-4fe9-a3e1-74acd17bd88f restarts=6 usage_cpu=221m usage_mem=37Mi request_cpu=224m request_mem=250Mi limit_cpu=none limit_mem=none vpa_target_cpu=224m vpa_target_mem=250Mi vpa_uncapped_cpu=224m vpa_uncapped_mem=250Mi vpa_lower_cpu=93m vpa_lower_mem=250Mi vpa_upper_cpu=1500m vpa_upper_mem=512Mi
[2026-08-22T01:24:36+02:00] UPF_CONTROL_SAMPLE timestamp=2026-08-22T01:24:35+02:00 scenario=ue_13 pod=open5gs-upf-5b9db6d44-nsbqz uid=7b5b8ef7-a2a2-4fe9-a3e1-74acd17bd88f restarts=6 usage_cpu=221m usage_mem=37Mi request_cpu=224m request_mem=250Mi limit_cpu=none limit_mem=none vpa_target_cpu=224m vpa_target_mem=250Mi vpa_uncapped_cpu=224m vpa_uncapped_mem=250Mi vpa_lower_cpu=93m vpa_lower_mem=250Mi vpa_upper_cpu=1500m vpa_upper_mem=512Mi
[2026-08-22T01:24:38+02:00] UPF_CONTROL_SAMPLE timestamp=2026-08-22T01:24:37+02:00 scenario=ue_13 pod=open5gs-upf-5b9db6d44-nsbqz uid=7b5b8ef7-a2a2-4fe9-a3e1-74acd17bd88f restarts=6 usage_cpu=221m usage_mem=37Mi request_cpu=224m request_mem=250Mi limit_cpu=none limit_mem=none vpa_target_cpu=224m vpa_target_mem=250Mi vpa_uncapped_cpu=224m vpa_uncapped_mem=250Mi vpa_lower_cpu=93m vpa_lower_mem=250Mi vpa_upper_cpu=1500m vpa_upper_mem=512Mi
[2026-08-22T01:24:40+02:00] UPF_CONTROL_SAMPLE timestamp=2026-08-22T01:24:39+02:00 scenario=ue_13 pod=open5gs-upf-5b9db6d44-nsbqz uid=7b5b8ef7-a2a2-4fe9-a3e1-74acd17bd88f restarts=6 usage_cpu=221m usage_mem=37Mi request_cpu=224m request_mem=250Mi limit_cpu=none limit_mem=none vpa_target_cpu=224m vpa_target_mem=250Mi vpa_uncapped_cpu=224m vpa_uncapped_mem=250Mi vpa_lower_cpu=93m vpa_lower_mem=250Mi vpa_upper_cpu=1500m vpa_upper_mem=512Mi
[2026-08-22T01:24:42+02:00] UPF_CONTROL_SAMPLE timestamp=2026-08-22T01:24:41+02:00 scenario=ue_13 pod=open5gs-upf-5b9db6d44-nsbqz uid=7b5b8ef7-a2a2-4fe9-a3e1-74acd17bd88f restarts=6 usage_cpu=221m usage_mem=37Mi request_cpu=224m request_mem=250Mi limit_cpu=none limit_mem=none vpa_target_cpu=224m vpa_target_mem=250Mi vpa_uncapped_cpu=224m vpa_uncapped_mem=250Mi vpa_lower_cpu=93m vpa_lower_mem=250Mi vpa_upper_cpu=1500m vpa_upper_mem=512Mi
[2026-08-22T01:24:44+02:00] UPF_CONTROL_SAMPLE timestamp=2026-08-22T01:24:43+02:00 scenario=ue_13 pod=open5gs-upf-5b9db6d44-nsbqz uid=7b5b8ef7-a2a2-4fe9-a3e1-74acd17bd88f restarts=6 usage_cpu=221m usage_mem=37Mi request_cpu=224m request_mem=250Mi limit_cpu=none limit_mem=none vpa_target_cpu=224m vpa_target_mem=250Mi vpa_uncapped_cpu=224m vpa_uncapped_mem=250Mi vpa_lower_cpu=93m vpa_lower_mem=250Mi vpa_upper_cpu=1500m vpa_upper_mem=512Mi
[2026-08-22T01:24:46+02:00] UPF_CONTROL_SAMPLE timestamp=2026-08-22T01:24:45+02:00 scenario=ue_13 pod=open5gs-upf-5b9db6d44-nsbqz uid=7b5b8ef7-a2a2-4fe9-a3e1-74acd17bd88f restarts=6 usage_cpu=221m usage_mem=37Mi request_cpu=224m request_mem=250Mi limit_cpu=none limit_mem=none vpa_target_cpu=224m vpa_target_mem=250Mi vpa_uncapped_cpu=224m vpa_uncapped_mem=250Mi vpa_lower_cpu=93m vpa_lower_mem=250Mi vpa_upper_cpu=1500m vpa_upper_mem=512Mi
[2026-08-22T01:24:48+02:00] UPF_CONTROL_SAMPLE timestamp=2026-08-22T01:24:47+02:00 scenario=ue_13 pod=open5gs-upf-5b9db6d44-nsbqz uid=7b5b8ef7-a2a2-4fe9-a3e1-74acd17bd88f restarts=6 usage_cpu=221m usage_mem=37Mi request_cpu=224m request_mem=250Mi limit_cpu=none limit_mem=none vpa_target_cpu=224m vpa_target_mem=250Mi vpa_uncapped_cpu=224m vpa_uncapped_mem=250Mi vpa_lower_cpu=93m vpa_lower_mem=250Mi vpa_upper_cpu=1500m vpa_upper_mem=512Mi
[2026-08-22T01:24:50+02:00] UPF_CONTROL_SAMPLE timestamp=2026-08-22T01:24:49+02:00 scenario=ue_13 pod=open5gs-upf-5b9db6d44-nsbqz uid=7b5b8ef7-a2a2-4fe9-a3e1-74acd17bd88f restarts=6 usage_cpu=221m usage_mem=37Mi request_cpu=224m request_mem=250Mi limit_cpu=none limit_mem=none vpa_target_cpu=224m vpa_target_mem=250Mi vpa_uncapped_cpu=224m vpa_uncapped_mem=250Mi vpa_lower_cpu=93m vpa_lower_mem=250Mi vpa_upper_cpu=1500m vpa_upper_mem=512Mi
[2026-08-22T01:24:52+02:00] UPF_CONTROL_SAMPLE timestamp=2026-08-22T01:24:51+02:00 scenario=ue_13 pod=open5gs-upf-5b9db6d44-nsbqz uid=7b5b8ef7-a2a2-4fe9-a3e1-74acd17bd88f restarts=6 usage_cpu=221m usage_mem=37Mi request_cpu=224m request_mem=250Mi limit_cpu=none limit_mem=none vpa_target_cpu=224m vpa_target_mem=250Mi vpa_uncapped_cpu=224m vpa_uncapped_mem=250Mi vpa_lower_cpu=93m vpa_lower_mem=250Mi vpa_upper_cpu=1500m vpa_upper_mem=512Mi
[2026-08-22T01:24:54+02:00] UPF_CONTROL_SAMPLE timestamp=2026-08-22T01:24:53+02:00 scenario=ue_13 pod=open5gs-upf-5b9db6d44-nsbqz uid=7b5b8ef7-a2a2-4fe9-a3e1-74acd17bd88f restarts=6 usage_cpu=221m usage_mem=37Mi request_cpu=224m request_mem=250Mi limit_cpu=none limit_mem=none vpa_target_cpu=224m vpa_target_mem=250Mi vpa_uncapped_cpu=224m vpa_uncapped_mem=250Mi vpa_lower_cpu=93m vpa_lower_mem=250Mi vpa_upper_cpu=1500m vpa_upper_mem=512Mi
[2026-08-22T01:24:56+02:00] UPF_CONTROL_SAMPLE timestamp=2026-08-22T01:24:55+02:00 scenario=ue_13 pod=open5gs-upf-5b9db6d44-nsbqz uid=7b5b8ef7-a2a2-4fe9-a3e1-74acd17bd88f restarts=6 usage_cpu=219m usage_mem=37Mi request_cpu=224m request_mem=250Mi limit_cpu=none limit_mem=none vpa_target_cpu=224m vpa_target_mem=250Mi vpa_uncapped_cpu=224m vpa_uncapped_mem=250Mi vpa_lower_cpu=93m vpa_lower_mem=250Mi vpa_upper_cpu=1500m vpa_upper_mem=512Mi
[2026-08-22T01:24:58+02:00] UPF_CONTROL_SAMPLE timestamp=2026-08-22T01:24:57+02:00 scenario=ue_13 pod=open5gs-upf-5b9db6d44-nsbqz uid=7b5b8ef7-a2a2-4fe9-a3e1-74acd17bd88f restarts=6 usage_cpu=219m usage_mem=37Mi request_cpu=224m request_mem=250Mi limit_cpu=none limit_mem=none vpa_target_cpu=224m vpa_target_mem=250Mi vpa_uncapped_cpu=224m vpa_uncapped_mem=250Mi vpa_lower_cpu=93m vpa_lower_mem=250Mi vpa_upper_cpu=1500m vpa_upper_mem=512Mi
[2026-08-22T01:25:00+02:00] UPF_CONTROL_SAMPLE timestamp=2026-08-22T01:24:59+02:00 scenario=ue_13 pod=open5gs-upf-5b9db6d44-nsbqz uid=7b5b8ef7-a2a2-4fe9-a3e1-74acd17bd88f restarts=6 usage_cpu=219m usage_mem=37Mi request_cpu=224m request_mem=250Mi limit_cpu=none limit_mem=none vpa_target_cpu=224m vpa_target_mem=250Mi vpa_uncapped_cpu=224m vpa_uncapped_mem=250Mi vpa_lower_cpu=93m vpa_lower_mem=250Mi vpa_upper_cpu=1500m vpa_upper_mem=512Mi
[2026-08-22T01:25:02+02:00] UPF_CONTROL_SAMPLE timestamp=2026-08-22T01:25:01+02:00 scenario=ue_13 pod=open5gs-upf-5b9db6d44-nsbqz uid=7b5b8ef7-a2a2-4fe9-a3e1-74acd17bd88f restarts=6 usage_cpu=219m usage_mem=37Mi request_cpu=224m request_mem=250Mi limit_cpu=none limit_mem=none vpa_target_cpu=224m vpa_target_mem=250Mi vpa_uncapped_cpu=224m vpa_uncapped_mem=250Mi vpa_lower_cpu=93m vpa_lower_mem=250Mi vpa_upper_cpu=1500m vpa_upper_mem=512Mi
[2026-08-22T01:25:04+02:00] UPF_CONTROL_SAMPLE timestamp=2026-08-22T01:25:03+02:00 scenario=ue_13 pod=open5gs-upf-5b9db6d44-nsbqz uid=7b5b8ef7-a2a2-4fe9-a3e1-74acd17bd88f restarts=6 usage_cpu=219m usage_mem=37Mi request_cpu=224m request_mem=250Mi limit_cpu=none limit_mem=none vpa_target_cpu=224m vpa_target_mem=250Mi vpa_uncapped_cpu=224m vpa_uncapped_mem=250Mi vpa_lower_cpu=93m vpa_lower_mem=250Mi vpa_upper_cpu=1500m vpa_upper_mem=512Mi
[2026-08-22T01:25:06+02:00] UPF_CONTROL_SAMPLE timestamp=2026-08-22T01:25:05+02:00 scenario=ue_13 pod=open5gs-upf-5b9db6d44-nsbqz uid=7b5b8ef7-a2a2-4fe9-a3e1-74acd17bd88f restarts=6 usage_cpu=219m usage_mem=37Mi request_cpu=224m request_mem=250Mi limit_cpu=none limit_mem=none vpa_target_cpu=224m vpa_target_mem=250Mi vpa_uncapped_cpu=224m vpa_uncapped_mem=250Mi vpa_lower_cpu=93m vpa_lower_mem=250Mi vpa_upper_cpu=1500m vpa_upper_mem=512Mi
[2026-08-22T01:25:08+02:00] UPF_CONTROL_SAMPLE timestamp=2026-08-22T01:25:07+02:00 scenario=ue_13 pod=open5gs-upf-5b9db6d44-nsbqz uid=7b5b8ef7-a2a2-4fe9-a3e1-74acd17bd88f restarts=6 usage_cpu=219m usage_mem=37Mi request_cpu=224m request_mem=250Mi limit_cpu=none limit_mem=none vpa_target_cpu=224m vpa_target_mem=250Mi vpa_uncapped_cpu=224m vpa_uncapped_mem=250Mi vpa_lower_cpu=93m vpa_lower_mem=250Mi vpa_upper_cpu=1500m vpa_upper_mem=512Mi
[2026-08-22T01:25:10+02:00] UPF_CONTROL_SAMPLE timestamp=2026-08-22T01:25:09+02:00 scenario=ue_13 pod=open5gs-upf-5b9db6d44-nsbqz uid=7b5b8ef7-a2a2-4fe9-a3e1-74acd17bd88f restarts=6 usage_cpu=219m usage_mem=37Mi request_cpu=224m request_mem=250Mi limit_cpu=none limit_mem=none vpa_target_cpu=224m vpa_target_mem=250Mi vpa_uncapped_cpu=224m vpa_uncapped_mem=250Mi vpa_lower_cpu=93m vpa_lower_mem=250Mi vpa_upper_cpu=1500m vpa_upper_mem=512Mi
[2026-08-22T01:25:12+02:00] VPA_RECOMMENDATION_CHANGE timestamp=2026-08-22T01:25:11+02:00 scenario=ue_13 old='vpa_target_cpu=224m vpa_target_mem=250Mi vpa_uncapped_cpu=224m vpa_uncapped_mem=250Mi vpa_lower_cpu=93m vpa_lower_mem=250Mi vpa_upper_cpu=1500m vpa_upper_mem=512Mi' new='vpa_target_cpu=224m vpa_target_mem=250Mi vpa_uncapped_cpu=224m vpa_uncapped_mem=250Mi vpa_lower_cpu=96m vpa_lower_mem=250Mi vpa_upper_cpu=1500m vpa_upper_mem=512Mi' previous_5s_sample='timestamp=2026-08-22T01:25:05+02:00 scenario=ue_13 pod=open5gs-upf-5b9db6d44-nsbqz uid=7b5b8ef7-a2a2-4fe9-a3e1-74acd17bd88f restarts=6 usage_cpu=219m usage_mem=37Mi request_cpu=224m request_mem=250Mi limit_cpu=none limit_mem=none vpa_target_cpu=224m vpa_target_mem=250Mi vpa_uncapped_cpu=224m vpa_uncapped_mem=250Mi vpa_lower_cpu=93m vpa_lower_mem=250Mi vpa_upper_cpu=1500m vpa_upper_mem=512Mi' current_sample='timestamp=2026-08-22T01:25:11+02:00 scenario=ue_13 pod=open5gs-upf-5b9db6d44-nsbqz uid=7b5b8ef7-a2a2-4fe9-a3e1-74acd17bd88f restarts=6 usage_cpu=216m usage_mem=37Mi request_cpu=224m request_mem=250Mi limit_cpu=none limit_mem=none vpa_target_cpu=224m vpa_target_mem=250Mi vpa_uncapped_cpu=224m vpa_uncapped_mem=250Mi vpa_lower_cpu=96m vpa_lower_mem=250Mi vpa_upper_cpu=1500m vpa_upper_mem=512Mi'
[2026-08-22T01:25:12+02:00] UPF_CONTROL_SAMPLE timestamp=2026-08-22T01:25:11+02:00 scenario=ue_13 pod=open5gs-upf-5b9db6d44-nsbqz uid=7b5b8ef7-a2a2-4fe9-a3e1-74acd17bd88f restarts=6 usage_cpu=216m usage_mem=37Mi request_cpu=224m request_mem=250Mi limit_cpu=none limit_mem=none vpa_target_cpu=224m vpa_target_mem=250Mi vpa_uncapped_cpu=224m vpa_uncapped_mem=250Mi vpa_lower_cpu=96m vpa_lower_mem=250Mi vpa_upper_cpu=1500m vpa_upper_mem=512Mi
[2026-08-22T01:25:14+02:00] UPF_CONTROL_SAMPLE timestamp=2026-08-22T01:25:13+02:00 scenario=ue_13 pod=open5gs-upf-5b9db6d44-nsbqz uid=7b5b8ef7-a2a2-4fe9-a3e1-74acd17bd88f restarts=6 usage_cpu=216m usage_mem=37Mi request_cpu=224m request_mem=250Mi limit_cpu=none limit_mem=none vpa_target_cpu=224m vpa_target_mem=250Mi vpa_uncapped_cpu=224m vpa_uncapped_mem=250Mi vpa_lower_cpu=96m vpa_lower_mem=250Mi vpa_upper_cpu=1500m vpa_upper_mem=512Mi
[2026-08-22T01:25:16+02:00] UPF_CONTROL_SAMPLE timestamp=2026-08-22T01:25:15+02:00 scenario=ue_13 pod=open5gs-upf-5b9db6d44-nsbqz uid=7b5b8ef7-a2a2-4fe9-a3e1-74acd17bd88f restarts=6 usage_cpu=216m usage_mem=37Mi request_cpu=224m request_mem=250Mi limit_cpu=none limit_mem=none vpa_target_cpu=224m vpa_target_mem=250Mi vpa_uncapped_cpu=224m vpa_uncapped_mem=250Mi vpa_lower_cpu=96m vpa_lower_mem=250Mi vpa_upper_cpu=1500m vpa_upper_mem=512Mi
[2026-08-22T01:25:18+02:00] UPF_CONTROL_SAMPLE timestamp=2026-08-22T01:25:17+02:00 scenario=ue_13 pod=open5gs-upf-5b9db6d44-nsbqz uid=7b5b8ef7-a2a2-4fe9-a3e1-74acd17bd88f restarts=6 usage_cpu=216m usage_mem=37Mi request_cpu=224m request_mem=250Mi limit_cpu=none limit_mem=none vpa_target_cpu=224m vpa_target_mem=250Mi vpa_uncapped_cpu=224m vpa_uncapped_mem=250Mi vpa_lower_cpu=96m vpa_lower_mem=250Mi vpa_upper_cpu=1500m vpa_upper_mem=512Mi
[2026-08-22T01:25:20+02:00] UPF_CONTROL_SAMPLE timestamp=2026-08-22T01:25:19+02:00 scenario=ue_13 pod=open5gs-upf-5b9db6d44-nsbqz uid=7b5b8ef7-a2a2-4fe9-a3e1-74acd17bd88f restarts=6 usage_cpu=216m usage_mem=37Mi request_cpu=224m request_mem=250Mi limit_cpu=none limit_mem=none vpa_target_cpu=224m vpa_target_mem=250Mi vpa_uncapped_cpu=224m vpa_uncapped_mem=250Mi vpa_lower_cpu=96m vpa_lower_mem=250Mi vpa_upper_cpu=1500m vpa_upper_mem=512Mi
[2026-08-22T01:25:23+02:00] UPF_CONTROL_SAMPLE timestamp=2026-08-22T01:25:21+02:00 scenario=ue_13 pod=open5gs-upf-5b9db6d44-nsbqz uid=7b5b8ef7-a2a2-4fe9-a3e1-74acd17bd88f restarts=6 usage_cpu=216m usage_mem=37Mi request_cpu=224m request_mem=250Mi limit_cpu=none limit_mem=none vpa_target_cpu=224m vpa_target_mem=250Mi vpa_uncapped_cpu=224m vpa_uncapped_mem=250Mi vpa_lower_cpu=96m vpa_lower_mem=250Mi vpa_upper_cpu=1500m vpa_upper_mem=512Mi
[2026-08-22T01:25:24+02:00] UE_SLOT_DONE timestamp=2026-08-21T23:25:24+00:00 active_ues=13 slot=0 attempt=1 ue_idx=0 ue_if=uesimtun0 ue_ip=10.45.1.146 port=5201 rc=0 replacements_for_slot=0 server_busy_retries_for_slot=0
[2026-08-22T01:25:24+02:00] UE_SLOT_DONE timestamp=2026-08-21T23:25:24+00:00 active_ues=13 slot=1 attempt=1 ue_idx=1 ue_if=uesimtun1 ue_ip=10.45.1.147 port=5202 rc=0 replacements_for_slot=0 server_busy_retries_for_slot=0
[2026-08-22T01:25:24+02:00] UE_SLOT_DONE timestamp=2026-08-21T23:25:24+00:00 active_ues=13 slot=2 attempt=1 ue_idx=2 ue_if=uesimtun2 ue_ip=10.45.1.148 port=5203 rc=0 replacements_for_slot=0 server_busy_retries_for_slot=0
[2026-08-22T01:25:24+02:00] UE_SLOT_DONE timestamp=2026-08-21T23:25:24+00:00 active_ues=13 slot=3 attempt=1 ue_idx=3 ue_if=uesimtun3 ue_ip=10.45.1.149 port=5204 rc=0 replacements_for_slot=0 server_busy_retries_for_slot=0
[2026-08-22T01:25:24+02:00] UE_SLOT_DONE timestamp=2026-08-21T23:25:24+00:00 active_ues=13 slot=4 attempt=1 ue_idx=4 ue_if=uesimtun4 ue_ip=10.45.1.151 port=5205 rc=0 replacements_for_slot=0 server_busy_retries_for_slot=0
[2026-08-22T01:25:24+02:00] UE_SLOT_DONE timestamp=2026-08-21T23:25:24+00:00 active_ues=13 slot=5 attempt=1 ue_idx=5 ue_if=uesimtun5 ue_ip=10.45.1.150 port=5206 rc=0 replacements_for_slot=0 server_busy_retries_for_slot=0
[2026-08-22T01:25:25+02:00] UPF_CONTROL_SAMPLE timestamp=2026-08-22T01:25:24+02:00 scenario=ue_13 pod=open5gs-upf-5b9db6d44-nsbqz uid=7b5b8ef7-a2a2-4fe9-a3e1-74acd17bd88f restarts=6 usage_cpu=216m usage_mem=37Mi request_cpu=224m request_mem=250Mi limit_cpu=none limit_mem=none vpa_target_cpu=224m vpa_target_mem=250Mi vpa_uncapped_cpu=224m vpa_uncapped_mem=250Mi vpa_lower_cpu=96m vpa_lower_mem=250Mi vpa_upper_cpu=1500m vpa_upper_mem=512Mi
[2026-08-22T01:25:26+02:00] UE_SLOT_DONE timestamp=2026-08-21T23:25:26+00:00 active_ues=13 slot=6 attempt=1 ue_idx=6 ue_if=uesimtun6 ue_ip=10.45.1.152 port=5207 rc=0 replacements_for_slot=0 server_busy_retries_for_slot=0
[2026-08-22T01:25:26+02:00] UE_SLOT_DONE timestamp=2026-08-21T23:25:26+00:00 active_ues=13 slot=7 attempt=1 ue_idx=7 ue_if=uesimtun7 ue_ip=10.45.1.154 port=5208 rc=0 replacements_for_slot=0 server_busy_retries_for_slot=0
[2026-08-22T01:25:26+02:00] UE_SLOT_DONE timestamp=2026-08-21T23:25:26+00:00 active_ues=13 slot=8 attempt=1 ue_idx=8 ue_if=uesimtun8 ue_ip=10.45.1.156 port=5209 rc=0 replacements_for_slot=0 server_busy_retries_for_slot=0
[2026-08-22T01:25:26+02:00] UE_SLOT_DONE timestamp=2026-08-21T23:25:26+00:00 active_ues=13 slot=9 attempt=1 ue_idx=9 ue_if=uesimtun9 ue_ip=10.45.1.158 port=5210 rc=0 replacements_for_slot=0 server_busy_retries_for_slot=0
[2026-08-22T01:25:26+02:00] UE_SLOT_DONE timestamp=2026-08-21T23:25:26+00:00 active_ues=13 slot=10 attempt=1 ue_idx=10 ue_if=uesimtun10 ue_ip=10.45.1.159 port=5211 rc=0 replacements_for_slot=0 server_busy_retries_for_slot=0
[2026-08-22T01:25:26+02:00] UE_SLOT_DONE timestamp=2026-08-21T23:25:26+00:00 active_ues=13 slot=11 attempt=1 ue_idx=11 ue_if=uesimtun11 ue_ip=10.45.1.155 port=5212 rc=0 replacements_for_slot=0 server_busy_retries_for_slot=0
[2026-08-22T01:25:26+02:00] UE_SLOT_DONE timestamp=2026-08-21T23:25:26+00:00 active_ues=13 slot=12 attempt=1 ue_idx=12 ue_if=uesimtun12 ue_ip=10.45.1.164 port=5213 rc=0 replacements_for_slot=0 server_busy_retries_for_slot=0
[2026-08-22T01:25:27+02:00] UPF_CONTROL_SAMPLE timestamp=2026-08-22T01:25:26+02:00 scenario=ue_13 pod=open5gs-upf-5b9db6d44-nsbqz uid=7b5b8ef7-a2a2-4fe9-a3e1-74acd17bd88f restarts=6 usage_cpu=221m usage_mem=37Mi request_cpu=224m request_mem=250Mi limit_cpu=none limit_mem=none vpa_target_cpu=224m vpa_target_mem=250Mi vpa_uncapped_cpu=224m vpa_uncapped_mem=250Mi vpa_lower_cpu=96m vpa_lower_mem=250Mi vpa_upper_cpu=1500m vpa_upper_mem=512Mi
[2026-08-22T01:25:27+02:00] TRAFFIC_SUMMARY timestamp=2026-08-21T23:25:27+00:00 registered_tunnels=50 active_ues=13 target_slots=13 completed_slots=13 final_failed_slots=0 replacements=0 problematic_ues=0 zombie_ues=0 connect_timeouts=0 stalls=0 deferred_stalls=0 process_failures=0 server_busy_retries=0 server_busy_failures=0 late_timeouts_accepted=0 scenario_bad_ues=0 global_suspect_ues=0 used_ues=13 target_host=192.168.1.211 initial_ports=5201-5213 replacement_ports=5251-5265 bitrate=1M start_delay=0.05 detection=no_rx_counter replacement_min_duration_s=5 adaptive_extension_max_s=1 iperf_exit_grace_s=3 server_busy_retries_limit=1 server_busy_retry_delay_s=2 late_replacement_after_end=disabled wait_for_iperf_exit=until_timeout global_suspect_policy=soft_reuse ramp_supervision=after_initial_start
[2026-08-22T01:25:27+02:00] UE_POOL_SCENARIO_BAD_CURRENT timestamp=2026-08-21T23:25:27+00:00 active_ues=13 indexes=
[2026-08-22T01:25:27+02:00] UE_POOL_GLOBAL_SUSPECT_CURRENT timestamp=2026-08-21T23:25:27+00:00 active_ues=13 indexes=
[2026-08-22T01:25:27+02:00] REMOTE_IPERF_PER_UE_END timestamp=2026-08-21T23:25:27+00:00 active_ues=13 tag=ue_13 final_rc=0 completed_slots=13 replacements=0 problematic_ues=0 server_busy_retries=0 deferred_stalls=0 late_timeouts_accepted=0
[2026-08-22T01:25:27+02:00] SCENARIO TRAFFIC COMMAND END timestamp=2026-08-22T01:25:27+02:00 active_ue=13 rc=0
[2026-08-22T01:25:28+02:00] SCENARIO UPF AFTER timestamp=2026-08-22T01:25:28+02:00 active_ue=13 pod=open5gs-upf-5b9db6d44-nsbqz uid=7b5b8ef7-a2a2-4fe9-a3e1-74acd17bd88f restarts=6
[2026-08-22T01:25:28+02:00] SCENARIO END timestamp=2026-08-22T01:25:28+02:00 active_ue=13 rc=0
[2026-08-22T01:25:28+02:00] ================================================================
[2026-08-22T01:25:28+02:00] SCENARIO START timestamp=2026-08-22T01:25:28+02:00 active_ue=15 registered_ue_pool=50 target_host=192.168.1.211 ports=5201-5215 replacement_ports=5251-5265 bitrate_per_ue=1M start_delay=0.05 replacement_min_duration=5 adaptive_extension_max=1
[2026-08-22T01:25:28+02:00] ================================================================
[2026-08-22T01:25:28+02:00] SCENARIO TUNNEL CHECK timestamp=2026-08-22T01:25:28+02:00 active_ue=15 current_tunnels=50 required=50
[2026-08-22T01:25:29+02:00] UPF_CONTROL_SAMPLE timestamp=2026-08-22T01:25:28+02:00 scenario=ue_13 pod=open5gs-upf-5b9db6d44-nsbqz uid=7b5b8ef7-a2a2-4fe9-a3e1-74acd17bd88f restarts=6 usage_cpu=221m usage_mem=37Mi request_cpu=224m request_mem=250Mi limit_cpu=none limit_mem=none vpa_target_cpu=224m vpa_target_mem=250Mi vpa_uncapped_cpu=224m vpa_uncapped_mem=250Mi vpa_lower_cpu=96m vpa_lower_mem=250Mi vpa_upper_cpu=1500m vpa_upper_mem=512Mi
[2026-08-22T01:25:29+02:00] SCENARIO UPF BEFORE timestamp=2026-08-22T01:25:29+02:00 active_ue=15 pod=open5gs-upf-5b9db6d44-nsbqz uid=7b5b8ef7-a2a2-4fe9-a3e1-74acd17bd88f restarts=6
[2026-08-22T01:25:29+02:00] REMOTE_IPERF_PER_UE_START timestamp=2026-08-21T23:25:29+00:00 active_ues=15 tag=ue_15 iperf_host=192.168.1.211 base_port=5201 replacement_base_port=5251 duration=80 bitrate=1M start_delay=0.05 detection=no_rx_counter connect_timeout_s=4 stall_seconds=5 replacement_limit=15 replacement_min_duration_s=5 adaptive_extension_max_s=1 iperf_exit_grace_s=3 server_busy_port_rebinds=1 late_replacement_after_end=disabled wait_for_iperf_exit=until_timeout global_suspect_policy=soft_reuse ramp_supervision=after_initial_start
[2026-08-22T01:25:29+02:00] UE_POOL_STATUS timestamp=2026-08-21T23:25:29+00:00 active_ues=15 registered_tunnels=50 existing_global_suspect_ues=0 used_ues=0 policy=soft_reuse_global_suspects
[2026-08-22T01:25:29+02:00] UE_SLOT_ASSIGN timestamp=2026-08-21T23:25:29+00:00 active_ues=15 slot=0 ue_idx=0 ue_if=uesimtun0 ue_ip=10.45.1.146 candidate_reused_global_suspect=0
[2026-08-22T01:25:30+02:00] UE_SLOT_START timestamp=2026-08-21T23:25:30+00:00 active_ues=15 slot=0 attempt=1 ue_idx=0 ue_if=uesimtun0 ue_ip=10.45.1.146 target=192.168.1.211:5201 bitrate=1M duration_s=80 planned_end_epoch=1787354809 timeout_s=90 hard_timeout_epoch=1787354824 start_rx_bytes=621201
[2026-08-22T01:25:30+02:00] UE_SLOT_PID timestamp=2026-08-21T23:25:30+00:00 active_ues=15 slot=0 attempt=1 ue_idx=0 pid=15555
[2026-08-22T01:25:30+02:00] UE_SLOT_ASSIGN timestamp=2026-08-21T23:25:30+00:00 active_ues=15 slot=1 ue_idx=1 ue_if=uesimtun1 ue_ip=10.45.1.147 candidate_reused_global_suspect=0
[2026-08-22T01:25:30+02:00] UE_SLOT_START timestamp=2026-08-21T23:25:30+00:00 active_ues=15 slot=1 attempt=1 ue_idx=1 ue_if=uesimtun1 ue_ip=10.45.1.147 target=192.168.1.211:5202 bitrate=1M duration_s=80 planned_end_epoch=1787354810 timeout_s=90 hard_timeout_epoch=1787354825 start_rx_bytes=538682
[2026-08-22T01:25:30+02:00] UE_SLOT_PID timestamp=2026-08-21T23:25:30+00:00 active_ues=15 slot=1 attempt=1 ue_idx=1 pid=15580
[2026-08-22T01:25:30+02:00] UE_SLOT_ASSIGN timestamp=2026-08-21T23:25:30+00:00 active_ues=15 slot=2 ue_idx=2 ue_if=uesimtun2 ue_ip=10.45.1.148 candidate_reused_global_suspect=0
[2026-08-22T01:25:30+02:00] UE_SLOT_START timestamp=2026-08-21T23:25:30+00:00 active_ues=15 slot=2 attempt=1 ue_idx=2 ue_if=uesimtun2 ue_ip=10.45.1.148 target=192.168.1.211:5203 bitrate=1M duration_s=80 planned_end_epoch=1787354810 timeout_s=90 hard_timeout_epoch=1787354825 start_rx_bytes=534266
[2026-08-22T01:25:30+02:00] UE_SLOT_PID timestamp=2026-08-21T23:25:30+00:00 active_ues=15 slot=2 attempt=1 ue_idx=2 pid=15605
[2026-08-22T01:25:30+02:00] UE_SLOT_ASSIGN timestamp=2026-08-21T23:25:30+00:00 active_ues=15 slot=3 ue_idx=3 ue_if=uesimtun3 ue_ip=10.45.1.149 candidate_reused_global_suspect=0
[2026-08-22T01:25:30+02:00] UE_SLOT_START timestamp=2026-08-21T23:25:30+00:00 active_ues=15 slot=3 attempt=1 ue_idx=3 ue_if=uesimtun3 ue_ip=10.45.1.149 target=192.168.1.211:5204 bitrate=1M duration_s=80 planned_end_epoch=1787354810 timeout_s=90 hard_timeout_epoch=1787354825 start_rx_bytes=459419
[2026-08-22T01:25:30+02:00] UE_SLOT_PID timestamp=2026-08-21T23:25:30+00:00 active_ues=15 slot=3 attempt=1 ue_idx=3 pid=15630
[2026-08-22T01:25:30+02:00] UE_SLOT_ASSIGN timestamp=2026-08-21T23:25:30+00:00 active_ues=15 slot=4 ue_idx=4 ue_if=uesimtun4 ue_ip=10.45.1.151 candidate_reused_global_suspect=0
[2026-08-22T01:25:30+02:00] UE_SLOT_START timestamp=2026-08-21T23:25:30+00:00 active_ues=15 slot=4 attempt=1 ue_idx=4 ue_if=uesimtun4 ue_ip=10.45.1.151 target=192.168.1.211:5205 bitrate=1M duration_s=80 planned_end_epoch=1787354810 timeout_s=90 hard_timeout_epoch=1787354825 start_rx_bytes=458139
[2026-08-22T01:25:30+02:00] UE_SLOT_PID timestamp=2026-08-21T23:25:30+00:00 active_ues=15 slot=4 attempt=1 ue_idx=4 pid=15655
[2026-08-22T01:25:31+02:00] UE_SLOT_ASSIGN timestamp=2026-08-21T23:25:31+00:00 active_ues=15 slot=5 ue_idx=5 ue_if=uesimtun5 ue_ip=10.45.1.150 candidate_reused_global_suspect=0
[2026-08-22T01:25:31+02:00] UE_SLOT_START timestamp=2026-08-21T23:25:31+00:00 active_ues=15 slot=5 attempt=1 ue_idx=5 ue_if=uesimtun5 ue_ip=10.45.1.150 target=192.168.1.211:5206 bitrate=1M duration_s=80 planned_end_epoch=1787354811 timeout_s=90 hard_timeout_epoch=1787354826 start_rx_bytes=372593
[2026-08-22T01:25:31+02:00] UE_SLOT_PID timestamp=2026-08-21T23:25:31+00:00 active_ues=15 slot=5 attempt=1 ue_idx=5 pid=15680
[2026-08-22T01:25:31+02:00] UPF_CONTROL_SAMPLE timestamp=2026-08-22T01:25:30+02:00 scenario=ue_15 pod=open5gs-upf-5b9db6d44-nsbqz uid=7b5b8ef7-a2a2-4fe9-a3e1-74acd17bd88f restarts=6 usage_cpu=221m usage_mem=37Mi request_cpu=224m request_mem=250Mi limit_cpu=none limit_mem=none vpa_target_cpu=224m vpa_target_mem=250Mi vpa_uncapped_cpu=224m vpa_uncapped_mem=250Mi vpa_lower_cpu=96m vpa_lower_mem=250Mi vpa_upper_cpu=1500m vpa_upper_mem=512Mi
[2026-08-22T01:25:31+02:00] UE_SLOT_ASSIGN timestamp=2026-08-21T23:25:31+00:00 active_ues=15 slot=6 ue_idx=6 ue_if=uesimtun6 ue_ip=10.45.1.152 candidate_reused_global_suspect=0
[2026-08-22T01:25:31+02:00] UE_SLOT_START timestamp=2026-08-21T23:25:31+00:00 active_ues=15 slot=6 attempt=1 ue_idx=6 ue_if=uesimtun6 ue_ip=10.45.1.152 target=192.168.1.211:5207 bitrate=1M duration_s=80 planned_end_epoch=1787354811 timeout_s=90 hard_timeout_epoch=1787354826 start_rx_bytes=372791
[2026-08-22T01:25:31+02:00] UE_SLOT_PID timestamp=2026-08-21T23:25:31+00:00 active_ues=15 slot=6 attempt=1 ue_idx=6 pid=15705
[2026-08-22T01:25:31+02:00] UE_SLOT_ASSIGN timestamp=2026-08-21T23:25:31+00:00 active_ues=15 slot=7 ue_idx=7 ue_if=uesimtun7 ue_ip=10.45.1.154 candidate_reused_global_suspect=0
[2026-08-22T01:25:31+02:00] UE_SLOT_START timestamp=2026-08-21T23:25:31+00:00 active_ues=15 slot=7 attempt=1 ue_idx=7 ue_if=uesimtun7 ue_ip=10.45.1.154 target=192.168.1.211:5208 bitrate=1M duration_s=80 planned_end_epoch=1787354811 timeout_s=90 hard_timeout_epoch=1787354826 start_rx_bytes=284128
[2026-08-22T01:25:31+02:00] UE_SLOT_PID timestamp=2026-08-21T23:25:31+00:00 active_ues=15 slot=7 attempt=1 ue_idx=7 pid=15730
[2026-08-22T01:25:31+02:00] UE_SLOT_ASSIGN timestamp=2026-08-21T23:25:31+00:00 active_ues=15 slot=8 ue_idx=8 ue_if=uesimtun8 ue_ip=10.45.1.156 candidate_reused_global_suspect=0
[2026-08-22T01:25:31+02:00] UE_SLOT_START timestamp=2026-08-21T23:25:31+00:00 active_ues=15 slot=8 attempt=1 ue_idx=8 ue_if=uesimtun8 ue_ip=10.45.1.156 target=192.168.1.211:5209 bitrate=1M duration_s=80 planned_end_epoch=1787354811 timeout_s=90 hard_timeout_epoch=1787354826 start_rx_bytes=279658
[2026-08-22T01:25:31+02:00] UE_SLOT_PID timestamp=2026-08-21T23:25:31+00:00 active_ues=15 slot=8 attempt=1 ue_idx=8 pid=15755
[2026-08-22T01:25:31+02:00] UE_SLOT_ASSIGN timestamp=2026-08-21T23:25:31+00:00 active_ues=15 slot=9 ue_idx=9 ue_if=uesimtun9 ue_ip=10.45.1.158 candidate_reused_global_suspect=0
[2026-08-22T01:25:32+02:00] UE_SLOT_START timestamp=2026-08-21T23:25:32+00:00 active_ues=15 slot=9 attempt=1 ue_idx=9 ue_if=uesimtun9 ue_ip=10.45.1.158 target=192.168.1.211:5210 bitrate=1M duration_s=80 planned_end_epoch=1787354811 timeout_s=90 hard_timeout_epoch=1787354826 start_rx_bytes=187579
[2026-08-22T01:25:32+02:00] UE_SLOT_PID timestamp=2026-08-21T23:25:32+00:00 active_ues=15 slot=9 attempt=1 ue_idx=9 pid=15780
[2026-08-22T01:25:32+02:00] UE_SLOT_ASSIGN timestamp=2026-08-21T23:25:32+00:00 active_ues=15 slot=10 ue_idx=10 ue_if=uesimtun10 ue_ip=10.45.1.159 candidate_reused_global_suspect=0
[2026-08-22T01:25:32+02:00] UE_SLOT_START timestamp=2026-08-21T23:25:32+00:00 active_ues=15 slot=10 attempt=1 ue_idx=10 ue_if=uesimtun10 ue_ip=10.45.1.159 target=192.168.1.211:5211 bitrate=1M duration_s=80 planned_end_epoch=1787354812 timeout_s=90 hard_timeout_epoch=1787354827 start_rx_bytes=188948
[2026-08-22T01:25:32+02:00] UE_SLOT_PID timestamp=2026-08-21T23:25:32+00:00 active_ues=15 slot=10 attempt=1 ue_idx=10 pid=15805
[2026-08-22T01:25:32+02:00] UE_SLOT_ASSIGN timestamp=2026-08-21T23:25:32+00:00 active_ues=15 slot=11 ue_idx=11 ue_if=uesimtun11 ue_ip=10.45.1.155 candidate_reused_global_suspect=0
[2026-08-22T01:25:32+02:00] UE_SLOT_START timestamp=2026-08-21T23:25:32+00:00 active_ues=15 slot=11 attempt=1 ue_idx=11 ue_if=uesimtun11 ue_ip=10.45.1.155 target=192.168.1.211:5212 bitrate=1M duration_s=80 planned_end_epoch=1787354812 timeout_s=90 hard_timeout_epoch=1787354827 start_rx_bytes=93791
[2026-08-22T01:25:32+02:00] UE_SLOT_PID timestamp=2026-08-21T23:25:32+00:00 active_ues=15 slot=11 attempt=1 ue_idx=11 pid=15830
[2026-08-22T01:25:32+02:00] UE_SLOT_ASSIGN timestamp=2026-08-21T23:25:32+00:00 active_ues=15 slot=12 ue_idx=12 ue_if=uesimtun12 ue_ip=10.45.1.164 candidate_reused_global_suspect=0
[2026-08-22T01:25:32+02:00] UE_SLOT_START timestamp=2026-08-21T23:25:32+00:00 active_ues=15 slot=12 attempt=1 ue_idx=12 ue_if=uesimtun12 ue_ip=10.45.1.164 target=192.168.1.211:5213 bitrate=1M duration_s=80 planned_end_epoch=1787354812 timeout_s=90 hard_timeout_epoch=1787354827 start_rx_bytes=93206
[2026-08-22T01:25:32+02:00] UE_SLOT_PID timestamp=2026-08-21T23:25:32+00:00 active_ues=15 slot=12 attempt=1 ue_idx=12 pid=15855
[2026-08-22T01:25:32+02:00] UE_SLOT_ASSIGN timestamp=2026-08-21T23:25:32+00:00 active_ues=15 slot=13 ue_idx=13 ue_if=uesimtun13 ue_ip=10.45.1.161 candidate_reused_global_suspect=0
[2026-08-22T01:25:32+02:00] UE_SLOT_START timestamp=2026-08-21T23:25:32+00:00 active_ues=15 slot=13 attempt=1 ue_idx=13 ue_if=uesimtun13 ue_ip=10.45.1.161 target=192.168.1.211:5214 bitrate=1M duration_s=80 planned_end_epoch=1787354812 timeout_s=90 hard_timeout_epoch=1787354827 start_rx_bytes=0
[2026-08-22T01:25:32+02:00] UE_SLOT_PID timestamp=2026-08-21T23:25:32+00:00 active_ues=15 slot=13 attempt=1 ue_idx=13 pid=15880
[2026-08-22T01:25:33+02:00] UE_SLOT_ASSIGN timestamp=2026-08-21T23:25:33+00:00 active_ues=15 slot=14 ue_idx=14 ue_if=uesimtun14 ue_ip=10.45.1.167 candidate_reused_global_suspect=0
[2026-08-22T01:25:33+02:00] UE_SLOT_START timestamp=2026-08-21T23:25:33+00:00 active_ues=15 slot=14 attempt=1 ue_idx=14 ue_if=uesimtun14 ue_ip=10.45.1.167 target=192.168.1.211:5215 bitrate=1M duration_s=80 planned_end_epoch=1787354813 timeout_s=90 hard_timeout_epoch=1787354828 start_rx_bytes=0
[2026-08-22T01:25:33+02:00] UE_SLOT_PID timestamp=2026-08-21T23:25:33+00:00 active_ues=15 slot=14 attempt=1 ue_idx=14 pid=15905
[2026-08-22T01:25:33+02:00] UPF_CONTROL_SAMPLE timestamp=2026-08-22T01:25:32+02:00 scenario=ue_15 pod=open5gs-upf-5b9db6d44-nsbqz uid=7b5b8ef7-a2a2-4fe9-a3e1-74acd17bd88f restarts=6 usage_cpu=221m usage_mem=37Mi request_cpu=224m request_mem=250Mi limit_cpu=none limit_mem=none vpa_target_cpu=224m vpa_target_mem=250Mi vpa_uncapped_cpu=224m vpa_uncapped_mem=250Mi vpa_lower_cpu=96m vpa_lower_mem=250Mi vpa_upper_cpu=1500m vpa_upper_mem=512Mi
[2026-08-22T01:25:33+02:00] IPERF_MAPPING_SUMMARY timestamp=2026-08-21T23:25:33+00:00 active_ues=15 registered_tunnels=50 initial_ports=5201-5215 replacement_ports=5251-5265 bitrate=1M start_delay=0.05 detection=no_rx_counter replacement_min_duration_s=5 adaptive_extension_max_s=1 iperf_exit_grace_s=3 server_busy_port_rebinds=1 late_replacement_after_end=disabled wait_for_iperf_exit=until_timeout global_suspect_policy=soft_reuse ramp_supervision=after_initial_start
[2026-08-22T01:25:35+02:00] UPF_CONTROL_SAMPLE timestamp=2026-08-22T01:25:34+02:00 scenario=ue_15 pod=open5gs-upf-5b9db6d44-nsbqz uid=7b5b8ef7-a2a2-4fe9-a3e1-74acd17bd88f restarts=6 usage_cpu=221m usage_mem=37Mi request_cpu=224m request_mem=250Mi limit_cpu=none limit_mem=none vpa_target_cpu=224m vpa_target_mem=250Mi vpa_uncapped_cpu=224m vpa_uncapped_mem=250Mi vpa_lower_cpu=96m vpa_lower_mem=250Mi vpa_upper_cpu=1500m vpa_upper_mem=512Mi
[2026-08-22T01:25:37+02:00] UPF_CONTROL_SAMPLE timestamp=2026-08-22T01:25:36+02:00 scenario=ue_15 pod=open5gs-upf-5b9db6d44-nsbqz uid=7b5b8ef7-a2a2-4fe9-a3e1-74acd17bd88f restarts=6 usage_cpu=221m usage_mem=37Mi request_cpu=224m request_mem=250Mi limit_cpu=none limit_mem=none vpa_target_cpu=224m vpa_target_mem=250Mi vpa_uncapped_cpu=224m vpa_uncapped_mem=250Mi vpa_lower_cpu=96m vpa_lower_mem=250Mi vpa_upper_cpu=1500m vpa_upper_mem=512Mi
[2026-08-22T01:25:38+02:00] UPF_CONTROL_SAMPLE timestamp=2026-08-22T01:25:38+02:00 scenario=ue_15 pod=open5gs-upf-5b9db6d44-nsbqz uid=7b5b8ef7-a2a2-4fe9-a3e1-74acd17bd88f restarts=6 usage_cpu=221m usage_mem=37Mi request_cpu=224m request_mem=250Mi limit_cpu=none limit_mem=none vpa_target_cpu=224m vpa_target_mem=250Mi vpa_uncapped_cpu=224m vpa_uncapped_mem=250Mi vpa_lower_cpu=96m vpa_lower_mem=250Mi vpa_upper_cpu=1500m vpa_upper_mem=512Mi
[2026-08-22T01:25:40+02:00] UPF_CONTROL_SAMPLE timestamp=2026-08-22T01:25:40+02:00 scenario=ue_15 pod=open5gs-upf-5b9db6d44-nsbqz uid=7b5b8ef7-a2a2-4fe9-a3e1-74acd17bd88f restarts=6 usage_cpu=103m usage_mem=37Mi request_cpu=224m request_mem=250Mi limit_cpu=none limit_mem=none vpa_target_cpu=224m vpa_target_mem=250Mi vpa_uncapped_cpu=224m vpa_uncapped_mem=250Mi vpa_lower_cpu=96m vpa_lower_mem=250Mi vpa_upper_cpu=1500m vpa_upper_mem=512Mi
[2026-08-22T01:25:42+02:00] UPF_CONTROL_SAMPLE timestamp=2026-08-22T01:25:41+02:00 scenario=ue_15 pod=open5gs-upf-5b9db6d44-nsbqz uid=7b5b8ef7-a2a2-4fe9-a3e1-74acd17bd88f restarts=6 usage_cpu=103m usage_mem=37Mi request_cpu=224m request_mem=250Mi limit_cpu=none limit_mem=none vpa_target_cpu=224m vpa_target_mem=250Mi vpa_uncapped_cpu=224m vpa_uncapped_mem=250Mi vpa_lower_cpu=96m vpa_lower_mem=250Mi vpa_upper_cpu=1500m vpa_upper_mem=512Mi
[2026-08-22T01:25:44+02:00] UPF_CONTROL_SAMPLE timestamp=2026-08-22T01:25:43+02:00 scenario=ue_15 pod=open5gs-upf-5b9db6d44-nsbqz uid=7b5b8ef7-a2a2-4fe9-a3e1-74acd17bd88f restarts=6 usage_cpu=103m usage_mem=37Mi request_cpu=224m request_mem=250Mi limit_cpu=none limit_mem=none vpa_target_cpu=224m vpa_target_mem=250Mi vpa_uncapped_cpu=224m vpa_uncapped_mem=250Mi vpa_lower_cpu=96m vpa_lower_mem=250Mi vpa_upper_cpu=1500m vpa_upper_mem=512Mi
[2026-08-22T01:25:46+02:00] UPF_CONTROL_SAMPLE timestamp=2026-08-22T01:25:45+02:00 scenario=ue_15 pod=open5gs-upf-5b9db6d44-nsbqz uid=7b5b8ef7-a2a2-4fe9-a3e1-74acd17bd88f restarts=6 usage_cpu=103m usage_mem=37Mi request_cpu=224m request_mem=250Mi limit_cpu=none limit_mem=none vpa_target_cpu=224m vpa_target_mem=250Mi vpa_uncapped_cpu=224m vpa_uncapped_mem=250Mi vpa_lower_cpu=96m vpa_lower_mem=250Mi vpa_upper_cpu=1500m vpa_upper_mem=512Mi
[2026-08-22T01:25:48+02:00] UPF_CONTROL_SAMPLE timestamp=2026-08-22T01:25:47+02:00 scenario=ue_15 pod=open5gs-upf-5b9db6d44-nsbqz uid=7b5b8ef7-a2a2-4fe9-a3e1-74acd17bd88f restarts=6 usage_cpu=103m usage_mem=37Mi request_cpu=224m request_mem=250Mi limit_cpu=none limit_mem=none vpa_target_cpu=224m vpa_target_mem=250Mi vpa_uncapped_cpu=224m vpa_uncapped_mem=250Mi vpa_lower_cpu=96m vpa_lower_mem=250Mi vpa_upper_cpu=1500m vpa_upper_mem=512Mi
[2026-08-22T01:25:50+02:00] UPF_CONTROL_SAMPLE timestamp=2026-08-22T01:25:49+02:00 scenario=ue_15 pod=open5gs-upf-5b9db6d44-nsbqz uid=7b5b8ef7-a2a2-4fe9-a3e1-74acd17bd88f restarts=6 usage_cpu=103m usage_mem=37Mi request_cpu=224m request_mem=250Mi limit_cpu=none limit_mem=none vpa_target_cpu=224m vpa_target_mem=250Mi vpa_uncapped_cpu=224m vpa_uncapped_mem=250Mi vpa_lower_cpu=96m vpa_lower_mem=250Mi vpa_upper_cpu=1500m vpa_upper_mem=512Mi
[2026-08-22T01:25:52+02:00] UPF_CONTROL_SAMPLE timestamp=2026-08-22T01:25:51+02:00 scenario=ue_15 pod=open5gs-upf-5b9db6d44-nsbqz uid=7b5b8ef7-a2a2-4fe9-a3e1-74acd17bd88f restarts=6 usage_cpu=103m usage_mem=37Mi request_cpu=224m request_mem=250Mi limit_cpu=none limit_mem=none vpa_target_cpu=224m vpa_target_mem=250Mi vpa_uncapped_cpu=224m vpa_uncapped_mem=250Mi vpa_lower_cpu=96m vpa_lower_mem=250Mi vpa_upper_cpu=1500m vpa_upper_mem=512Mi
[2026-08-22T01:25:54+02:00] UPF_CONTROL_SAMPLE timestamp=2026-08-22T01:25:53+02:00 scenario=ue_15 pod=open5gs-upf-5b9db6d44-nsbqz uid=7b5b8ef7-a2a2-4fe9-a3e1-74acd17bd88f restarts=6 usage_cpu=103m usage_mem=37Mi request_cpu=224m request_mem=250Mi limit_cpu=none limit_mem=none vpa_target_cpu=224m vpa_target_mem=250Mi vpa_uncapped_cpu=224m vpa_uncapped_mem=250Mi vpa_lower_cpu=96m vpa_lower_mem=250Mi vpa_upper_cpu=1500m vpa_upper_mem=512Mi
[2026-08-22T01:25:56+02:00] UPF_CONTROL_SAMPLE timestamp=2026-08-22T01:25:55+02:00 scenario=ue_15 pod=open5gs-upf-5b9db6d44-nsbqz uid=7b5b8ef7-a2a2-4fe9-a3e1-74acd17bd88f restarts=6 usage_cpu=229m usage_mem=37Mi request_cpu=224m request_mem=250Mi limit_cpu=none limit_mem=none vpa_target_cpu=224m vpa_target_mem=250Mi vpa_uncapped_cpu=224m vpa_uncapped_mem=250Mi vpa_lower_cpu=96m vpa_lower_mem=250Mi vpa_upper_cpu=1500m vpa_upper_mem=512Mi
[2026-08-22T01:25:58+02:00] UPF_CONTROL_SAMPLE timestamp=2026-08-22T01:25:57+02:00 scenario=ue_15 pod=open5gs-upf-5b9db6d44-nsbqz uid=7b5b8ef7-a2a2-4fe9-a3e1-74acd17bd88f restarts=6 usage_cpu=229m usage_mem=37Mi request_cpu=224m request_mem=250Mi limit_cpu=none limit_mem=none vpa_target_cpu=224m vpa_target_mem=250Mi vpa_uncapped_cpu=224m vpa_uncapped_mem=250Mi vpa_lower_cpu=96m vpa_lower_mem=250Mi vpa_upper_cpu=1500m vpa_upper_mem=512Mi
[2026-08-22T01:26:00+02:00] UPF_CONTROL_SAMPLE timestamp=2026-08-22T01:25:59+02:00 scenario=ue_15 pod=open5gs-upf-5b9db6d44-nsbqz uid=7b5b8ef7-a2a2-4fe9-a3e1-74acd17bd88f restarts=6 usage_cpu=229m usage_mem=37Mi request_cpu=224m request_mem=250Mi limit_cpu=none limit_mem=none vpa_target_cpu=224m vpa_target_mem=250Mi vpa_uncapped_cpu=224m vpa_uncapped_mem=250Mi vpa_lower_cpu=96m vpa_lower_mem=250Mi vpa_upper_cpu=1500m vpa_upper_mem=512Mi
[2026-08-22T01:26:02+02:00] UPF_CONTROL_SAMPLE timestamp=2026-08-22T01:26:01+02:00 scenario=ue_15 pod=open5gs-upf-5b9db6d44-nsbqz uid=7b5b8ef7-a2a2-4fe9-a3e1-74acd17bd88f restarts=6 usage_cpu=229m usage_mem=37Mi request_cpu=224m request_mem=250Mi limit_cpu=none limit_mem=none vpa_target_cpu=224m vpa_target_mem=250Mi vpa_uncapped_cpu=224m vpa_uncapped_mem=250Mi vpa_lower_cpu=96m vpa_lower_mem=250Mi vpa_upper_cpu=1500m vpa_upper_mem=512Mi
[2026-08-22T01:26:04+02:00] UPF_CONTROL_SAMPLE timestamp=2026-08-22T01:26:03+02:00 scenario=ue_15 pod=open5gs-upf-5b9db6d44-nsbqz uid=7b5b8ef7-a2a2-4fe9-a3e1-74acd17bd88f restarts=6 usage_cpu=229m usage_mem=37Mi request_cpu=224m request_mem=250Mi limit_cpu=none limit_mem=none vpa_target_cpu=224m vpa_target_mem=250Mi vpa_uncapped_cpu=224m vpa_uncapped_mem=250Mi vpa_lower_cpu=96m vpa_lower_mem=250Mi vpa_upper_cpu=1500m vpa_upper_mem=512Mi
[2026-08-22T01:26:06+02:00] UPF_CONTROL_SAMPLE timestamp=2026-08-22T01:26:05+02:00 scenario=ue_15 pod=open5gs-upf-5b9db6d44-nsbqz uid=7b5b8ef7-a2a2-4fe9-a3e1-74acd17bd88f restarts=6 usage_cpu=229m usage_mem=37Mi request_cpu=224m request_mem=250Mi limit_cpu=none limit_mem=none vpa_target_cpu=224m vpa_target_mem=250Mi vpa_uncapped_cpu=224m vpa_uncapped_mem=250Mi vpa_lower_cpu=96m vpa_lower_mem=250Mi vpa_upper_cpu=1500m vpa_upper_mem=512Mi
[2026-08-22T01:26:08+02:00] UPF_CONTROL_SAMPLE timestamp=2026-08-22T01:26:07+02:00 scenario=ue_15 pod=open5gs-upf-5b9db6d44-nsbqz uid=7b5b8ef7-a2a2-4fe9-a3e1-74acd17bd88f restarts=6 usage_cpu=229m usage_mem=37Mi request_cpu=224m request_mem=250Mi limit_cpu=none limit_mem=none vpa_target_cpu=224m vpa_target_mem=250Mi vpa_uncapped_cpu=224m vpa_uncapped_mem=250Mi vpa_lower_cpu=96m vpa_lower_mem=250Mi vpa_upper_cpu=1500m vpa_upper_mem=512Mi
[2026-08-22T01:26:10+02:00] UPF_CONTROL_SAMPLE timestamp=2026-08-22T01:26:09+02:00 scenario=ue_15 pod=open5gs-upf-5b9db6d44-nsbqz uid=7b5b8ef7-a2a2-4fe9-a3e1-74acd17bd88f restarts=6 usage_cpu=229m usage_mem=37Mi request_cpu=224m request_mem=250Mi limit_cpu=none limit_mem=none vpa_target_cpu=224m vpa_target_mem=250Mi vpa_uncapped_cpu=224m vpa_uncapped_mem=250Mi vpa_lower_cpu=96m vpa_lower_mem=250Mi vpa_upper_cpu=1500m vpa_upper_mem=512Mi
[2026-08-22T01:26:12+02:00] VPA_RECOMMENDATION_CHANGE timestamp=2026-08-22T01:26:11+02:00 scenario=ue_15 old='vpa_target_cpu=224m vpa_target_mem=250Mi vpa_uncapped_cpu=224m vpa_uncapped_mem=250Mi vpa_lower_cpu=96m vpa_lower_mem=250Mi vpa_upper_cpu=1500m vpa_upper_mem=512Mi' new='vpa_target_cpu=271m vpa_target_mem=250Mi vpa_uncapped_cpu=271m vpa_uncapped_mem=250Mi vpa_lower_cpu=111m vpa_lower_mem=250Mi vpa_upper_cpu=1500m vpa_upper_mem=512Mi' previous_5s_sample='timestamp=2026-08-22T01:26:05+02:00 scenario=ue_15 pod=open5gs-upf-5b9db6d44-nsbqz uid=7b5b8ef7-a2a2-4fe9-a3e1-74acd17bd88f restarts=6 usage_cpu=229m usage_mem=37Mi request_cpu=224m request_mem=250Mi limit_cpu=none limit_mem=none vpa_target_cpu=224m vpa_target_mem=250Mi vpa_uncapped_cpu=224m vpa_uncapped_mem=250Mi vpa_lower_cpu=96m vpa_lower_mem=250Mi vpa_upper_cpu=1500m vpa_upper_mem=512Mi' current_sample='timestamp=2026-08-22T01:26:11+02:00 scenario=ue_15 pod=open5gs-upf-5b9db6d44-nsbqz uid=7b5b8ef7-a2a2-4fe9-a3e1-74acd17bd88f restarts=6 usage_cpu=238m usage_mem=37Mi request_cpu=224m request_mem=250Mi limit_cpu=none limit_mem=none vpa_target_cpu=271m vpa_target_mem=250Mi vpa_uncapped_cpu=271m vpa_uncapped_mem=250Mi vpa_lower_cpu=111m vpa_lower_mem=250Mi vpa_upper_cpu=1500m vpa_upper_mem=512Mi'
[2026-08-22T01:26:12+02:00] UPF_CONTROL_SAMPLE timestamp=2026-08-22T01:26:11+02:00 scenario=ue_15 pod=open5gs-upf-5b9db6d44-nsbqz uid=7b5b8ef7-a2a2-4fe9-a3e1-74acd17bd88f restarts=6 usage_cpu=238m usage_mem=37Mi request_cpu=224m request_mem=250Mi limit_cpu=none limit_mem=none vpa_target_cpu=271m vpa_target_mem=250Mi vpa_uncapped_cpu=271m vpa_uncapped_mem=250Mi vpa_lower_cpu=111m vpa_lower_mem=250Mi vpa_upper_cpu=1500m vpa_upper_mem=512Mi
[2026-08-22T01:26:14+02:00] UPF_CONTROL_SAMPLE timestamp=2026-08-22T01:26:13+02:00 scenario=ue_15 pod=open5gs-upf-5b9db6d44-nsbqz uid=7b5b8ef7-a2a2-4fe9-a3e1-74acd17bd88f restarts=6 usage_cpu=238m usage_mem=37Mi request_cpu=224m request_mem=250Mi limit_cpu=none limit_mem=none vpa_target_cpu=271m vpa_target_mem=250Mi vpa_uncapped_cpu=271m vpa_uncapped_mem=250Mi vpa_lower_cpu=111m vpa_lower_mem=250Mi vpa_upper_cpu=1500m vpa_upper_mem=512Mi
[2026-08-22T01:26:16+02:00] UPF_CONTROL_SAMPLE timestamp=2026-08-22T01:26:15+02:00 scenario=ue_15 pod=open5gs-upf-5b9db6d44-nsbqz uid=7b5b8ef7-a2a2-4fe9-a3e1-74acd17bd88f restarts=6 usage_cpu=238m usage_mem=37Mi request_cpu=224m request_mem=250Mi limit_cpu=none limit_mem=none vpa_target_cpu=271m vpa_target_mem=250Mi vpa_uncapped_cpu=271m vpa_uncapped_mem=250Mi vpa_lower_cpu=111m vpa_lower_mem=250Mi vpa_upper_cpu=1500m vpa_upper_mem=512Mi
[2026-08-22T01:26:17+02:00] UPF_CONTROL_SAMPLE timestamp=2026-08-22T01:26:17+02:00 scenario=ue_15 pod=open5gs-upf-5b9db6d44-nsbqz uid=7b5b8ef7-a2a2-4fe9-a3e1-74acd17bd88f restarts=6 usage_cpu=238m usage_mem=37Mi request_cpu=224m request_mem=250Mi limit_cpu=none limit_mem=none vpa_target_cpu=271m vpa_target_mem=250Mi vpa_uncapped_cpu=271m vpa_uncapped_mem=250Mi vpa_lower_cpu=111m vpa_lower_mem=250Mi vpa_upper_cpu=1500m vpa_upper_mem=512Mi
[2026-08-22T01:26:19+02:00] UPF_CONTROL_SAMPLE timestamp=2026-08-22T01:26:18+02:00 scenario=ue_15 pod=open5gs-upf-5b9db6d44-nsbqz uid=7b5b8ef7-a2a2-4fe9-a3e1-74acd17bd88f restarts=6 usage_cpu=238m usage_mem=37Mi request_cpu=224m request_mem=250Mi limit_cpu=none limit_mem=none vpa_target_cpu=271m vpa_target_mem=250Mi vpa_uncapped_cpu=271m vpa_uncapped_mem=250Mi vpa_lower_cpu=111m vpa_lower_mem=250Mi vpa_upper_cpu=1500m vpa_upper_mem=512Mi
[2026-08-22T01:26:21+02:00] UPF_CONTROL_SAMPLE timestamp=2026-08-22T01:26:20+02:00 scenario=ue_15 pod=open5gs-upf-5b9db6d44-nsbqz uid=7b5b8ef7-a2a2-4fe9-a3e1-74acd17bd88f restarts=6 usage_cpu=238m usage_mem=37Mi request_cpu=224m request_mem=250Mi limit_cpu=none limit_mem=none vpa_target_cpu=271m vpa_target_mem=250Mi vpa_uncapped_cpu=271m vpa_uncapped_mem=250Mi vpa_lower_cpu=111m vpa_lower_mem=250Mi vpa_upper_cpu=1500m vpa_upper_mem=512Mi
[2026-08-22T01:26:23+02:00] UPF_CONTROL_SAMPLE timestamp=2026-08-22T01:26:22+02:00 scenario=ue_15 pod=open5gs-upf-5b9db6d44-nsbqz uid=7b5b8ef7-a2a2-4fe9-a3e1-74acd17bd88f restarts=6 usage_cpu=238m usage_mem=37Mi request_cpu=224m request_mem=250Mi limit_cpu=none limit_mem=none vpa_target_cpu=271m vpa_target_mem=250Mi vpa_uncapped_cpu=271m vpa_uncapped_mem=250Mi vpa_lower_cpu=111m vpa_lower_mem=250Mi vpa_upper_cpu=1500m vpa_upper_mem=512Mi
[2026-08-22T01:26:25+02:00] UPF_CONTROL_SAMPLE timestamp=2026-08-22T01:26:24+02:00 scenario=ue_15 pod=open5gs-upf-5b9db6d44-nsbqz uid=7b5b8ef7-a2a2-4fe9-a3e1-74acd17bd88f restarts=6 usage_cpu=255m usage_mem=37Mi request_cpu=224m request_mem=250Mi limit_cpu=none limit_mem=none vpa_target_cpu=271m vpa_target_mem=250Mi vpa_uncapped_cpu=271m vpa_uncapped_mem=250Mi vpa_lower_cpu=111m vpa_lower_mem=250Mi vpa_upper_cpu=1500m vpa_upper_mem=512Mi
[2026-08-22T01:26:28+02:00] UPF_REQUEST_CHANGE timestamp=2026-08-22T01:26:26+02:00 scenario=ue_15 pod=open5gs-upf-5b9db6d44-nsbqz uid=7b5b8ef7-a2a2-4fe9-a3e1-74acd17bd88f restarts=6 old='request_cpu=224m request_mem=250Mi limit_cpu=none limit_mem=none' new='request_cpu=271m request_mem=250Mi limit_cpu=none limit_mem=none' previous_5s_sample='timestamp=2026-08-22T01:26:20+02:00 scenario=ue_15 pod=open5gs-upf-5b9db6d44-nsbqz uid=7b5b8ef7-a2a2-4fe9-a3e1-74acd17bd88f restarts=6 usage_cpu=238m usage_mem=37Mi request_cpu=224m request_mem=250Mi limit_cpu=none limit_mem=none vpa_target_cpu=271m vpa_target_mem=250Mi vpa_uncapped_cpu=271m vpa_uncapped_mem=250Mi vpa_lower_cpu=111m vpa_lower_mem=250Mi vpa_upper_cpu=1500m vpa_upper_mem=512Mi' current_sample='timestamp=2026-08-22T01:26:26+02:00 scenario=ue_15 pod=open5gs-upf-5b9db6d44-nsbqz uid=7b5b8ef7-a2a2-4fe9-a3e1-74acd17bd88f restarts=6 usage_cpu=255m usage_mem=37Mi request_cpu=271m request_mem=250Mi limit_cpu=none limit_mem=none vpa_target_cpu=271m vpa_target_mem=250Mi vpa_uncapped_cpu=271m vpa_uncapped_mem=250Mi vpa_lower_cpu=111m vpa_lower_mem=250Mi vpa_upper_cpu=1500m vpa_upper_mem=512Mi'
[2026-08-22T01:26:28+02:00] UPF_CONTROL_SAMPLE timestamp=2026-08-22T01:26:26+02:00 scenario=ue_15 pod=open5gs-upf-5b9db6d44-nsbqz uid=7b5b8ef7-a2a2-4fe9-a3e1-74acd17bd88f restarts=6 usage_cpu=255m usage_mem=37Mi request_cpu=271m request_mem=250Mi limit_cpu=none limit_mem=none vpa_target_cpu=271m vpa_target_mem=250Mi vpa_uncapped_cpu=271m vpa_uncapped_mem=250Mi vpa_lower_cpu=111m vpa_lower_mem=250Mi vpa_upper_cpu=1500m vpa_upper_mem=512Mi
[2026-08-22T01:26:30+02:00] UPF_CONTROL_SAMPLE timestamp=2026-08-22T01:26:29+02:00 scenario=ue_15 pod=open5gs-upf-5b9db6d44-nsbqz uid=7b5b8ef7-a2a2-4fe9-a3e1-74acd17bd88f restarts=6 usage_cpu=255m usage_mem=37Mi request_cpu=271m request_mem=250Mi limit_cpu=none limit_mem=none vpa_target_cpu=271m vpa_target_mem=250Mi vpa_uncapped_cpu=271m vpa_uncapped_mem=250Mi vpa_lower_cpu=111m vpa_lower_mem=250Mi vpa_upper_cpu=1500m vpa_upper_mem=512Mi
[2026-08-22T01:26:32+02:00] UPF_CONTROL_SAMPLE timestamp=2026-08-22T01:26:31+02:00 scenario=ue_15 pod=open5gs-upf-5b9db6d44-nsbqz uid=7b5b8ef7-a2a2-4fe9-a3e1-74acd17bd88f restarts=6 usage_cpu=255m usage_mem=37Mi request_cpu=271m request_mem=250Mi limit_cpu=none limit_mem=none vpa_target_cpu=271m vpa_target_mem=250Mi vpa_uncapped_cpu=271m vpa_uncapped_mem=250Mi vpa_lower_cpu=111m vpa_lower_mem=250Mi vpa_upper_cpu=1500m vpa_upper_mem=512Mi
[2026-08-22T01:26:34+02:00] UPF_CONTROL_SAMPLE timestamp=2026-08-22T01:26:33+02:00 scenario=ue_15 pod=open5gs-upf-5b9db6d44-nsbqz uid=7b5b8ef7-a2a2-4fe9-a3e1-74acd17bd88f restarts=6 usage_cpu=255m usage_mem=37Mi request_cpu=271m request_mem=250Mi limit_cpu=none limit_mem=none vpa_target_cpu=271m vpa_target_mem=250Mi vpa_uncapped_cpu=271m vpa_uncapped_mem=250Mi vpa_lower_cpu=111m vpa_lower_mem=250Mi vpa_upper_cpu=1500m vpa_upper_mem=512Mi
[2026-08-22T01:26:36+02:00] UPF_CONTROL_SAMPLE timestamp=2026-08-22T01:26:35+02:00 scenario=ue_15 pod=open5gs-upf-5b9db6d44-nsbqz uid=7b5b8ef7-a2a2-4fe9-a3e1-74acd17bd88f restarts=6 usage_cpu=255m usage_mem=37Mi request_cpu=271m request_mem=250Mi limit_cpu=none limit_mem=none vpa_target_cpu=271m vpa_target_mem=250Mi vpa_uncapped_cpu=271m vpa_uncapped_mem=250Mi vpa_lower_cpu=111m vpa_lower_mem=250Mi vpa_upper_cpu=1500m vpa_upper_mem=512Mi
[2026-08-22T01:26:38+02:00] UPF_CONTROL_SAMPLE timestamp=2026-08-22T01:26:37+02:00 scenario=ue_15 pod=open5gs-upf-5b9db6d44-nsbqz uid=7b5b8ef7-a2a2-4fe9-a3e1-74acd17bd88f restarts=6 usage_cpu=255m usage_mem=37Mi request_cpu=271m request_mem=250Mi limit_cpu=none limit_mem=none vpa_target_cpu=271m vpa_target_mem=250Mi vpa_uncapped_cpu=271m vpa_uncapped_mem=250Mi vpa_lower_cpu=111m vpa_lower_mem=250Mi vpa_upper_cpu=1500m vpa_upper_mem=512Mi
[2026-08-22T01:26:40+02:00] UPF_CONTROL_SAMPLE timestamp=2026-08-22T01:26:39+02:00 scenario=ue_15 pod=open5gs-upf-5b9db6d44-nsbqz uid=7b5b8ef7-a2a2-4fe9-a3e1-74acd17bd88f restarts=6 usage_cpu=255m usage_mem=37Mi request_cpu=271m request_mem=250Mi limit_cpu=none limit_mem=none vpa_target_cpu=271m vpa_target_mem=250Mi vpa_uncapped_cpu=271m vpa_uncapped_mem=250Mi vpa_lower_cpu=111m vpa_lower_mem=250Mi vpa_upper_cpu=1500m vpa_upper_mem=512Mi
[2026-08-22T01:26:42+02:00] UPF_CONTROL_SAMPLE timestamp=2026-08-22T01:26:41+02:00 scenario=ue_15 pod=open5gs-upf-5b9db6d44-nsbqz uid=7b5b8ef7-a2a2-4fe9-a3e1-74acd17bd88f restarts=6 usage_cpu=239m usage_mem=37Mi request_cpu=271m request_mem=250Mi limit_cpu=none limit_mem=none vpa_target_cpu=271m vpa_target_mem=250Mi vpa_uncapped_cpu=271m vpa_uncapped_mem=250Mi vpa_lower_cpu=111m vpa_lower_mem=250Mi vpa_upper_cpu=1500m vpa_upper_mem=512Mi
[2026-08-22T01:26:44+02:00] UPF_CONTROL_SAMPLE timestamp=2026-08-22T01:26:43+02:00 scenario=ue_15 pod=open5gs-upf-5b9db6d44-nsbqz uid=7b5b8ef7-a2a2-4fe9-a3e1-74acd17bd88f restarts=6 usage_cpu=239m usage_mem=37Mi request_cpu=271m request_mem=250Mi limit_cpu=none limit_mem=none vpa_target_cpu=271m vpa_target_mem=250Mi vpa_uncapped_cpu=271m vpa_uncapped_mem=250Mi vpa_lower_cpu=111m vpa_lower_mem=250Mi vpa_upper_cpu=1500m vpa_upper_mem=512Mi
[2026-08-22T01:26:46+02:00] UPF_CONTROL_SAMPLE timestamp=2026-08-22T01:26:45+02:00 scenario=ue_15 pod=open5gs-upf-5b9db6d44-nsbqz uid=7b5b8ef7-a2a2-4fe9-a3e1-74acd17bd88f restarts=6 usage_cpu=239m usage_mem=37Mi request_cpu=271m request_mem=250Mi limit_cpu=none limit_mem=none vpa_target_cpu=271m vpa_target_mem=250Mi vpa_uncapped_cpu=271m vpa_uncapped_mem=250Mi vpa_lower_cpu=111m vpa_lower_mem=250Mi vpa_upper_cpu=1500m vpa_upper_mem=512Mi
[2026-08-22T01:26:48+02:00] UPF_CONTROL_SAMPLE timestamp=2026-08-22T01:26:47+02:00 scenario=ue_15 pod=open5gs-upf-5b9db6d44-nsbqz uid=7b5b8ef7-a2a2-4fe9-a3e1-74acd17bd88f restarts=6 usage_cpu=239m usage_mem=37Mi request_cpu=271m request_mem=250Mi limit_cpu=none limit_mem=none vpa_target_cpu=271m vpa_target_mem=250Mi vpa_uncapped_cpu=271m vpa_uncapped_mem=250Mi vpa_lower_cpu=111m vpa_lower_mem=250Mi vpa_upper_cpu=1500m vpa_upper_mem=512Mi
[2026-08-22T01:26:50+02:00] UPF_CONTROL_SAMPLE timestamp=2026-08-22T01:26:49+02:00 scenario=ue_15 pod=open5gs-upf-5b9db6d44-nsbqz uid=7b5b8ef7-a2a2-4fe9-a3e1-74acd17bd88f restarts=6 usage_cpu=239m usage_mem=37Mi request_cpu=271m request_mem=250Mi limit_cpu=none limit_mem=none vpa_target_cpu=271m vpa_target_mem=250Mi vpa_uncapped_cpu=271m vpa_uncapped_mem=250Mi vpa_lower_cpu=111m vpa_lower_mem=250Mi vpa_upper_cpu=1500m vpa_upper_mem=512Mi
[2026-08-22T01:26:50+02:00] UE_SLOT_DONE timestamp=2026-08-21T23:26:50+00:00 active_ues=15 slot=0 attempt=1 ue_idx=0 ue_if=uesimtun0 ue_ip=10.45.1.146 port=5201 rc=0 replacements_for_slot=0 server_busy_retries_for_slot=0
[2026-08-22T01:26:50+02:00] UE_SLOT_DONE timestamp=2026-08-21T23:26:50+00:00 active_ues=15 slot=1 attempt=1 ue_idx=1 ue_if=uesimtun1 ue_ip=10.45.1.147 port=5202 rc=0 replacements_for_slot=0 server_busy_retries_for_slot=0
[2026-08-22T01:26:52+02:00] UE_SLOT_DONE timestamp=2026-08-21T23:26:51+00:00 active_ues=15 slot=2 attempt=1 ue_idx=2 ue_if=uesimtun2 ue_ip=10.45.1.148 port=5203 rc=0 replacements_for_slot=0 server_busy_retries_for_slot=0
[2026-08-22T01:26:52+02:00] UE_SLOT_DONE timestamp=2026-08-21T23:26:52+00:00 active_ues=15 slot=3 attempt=1 ue_idx=3 ue_if=uesimtun3 ue_ip=10.45.1.149 port=5204 rc=0 replacements_for_slot=0 server_busy_retries_for_slot=0
[2026-08-22T01:26:52+02:00] UE_SLOT_DONE timestamp=2026-08-21T23:26:52+00:00 active_ues=15 slot=4 attempt=1 ue_idx=4 ue_if=uesimtun4 ue_ip=10.45.1.151 port=5205 rc=0 replacements_for_slot=0 server_busy_retries_for_slot=0
[2026-08-22T01:26:52+02:00] UPF_CONTROL_SAMPLE timestamp=2026-08-22T01:26:51+02:00 scenario=ue_15 pod=open5gs-upf-5b9db6d44-nsbqz uid=7b5b8ef7-a2a2-4fe9-a3e1-74acd17bd88f restarts=6 usage_cpu=239m usage_mem=37Mi request_cpu=271m request_mem=250Mi limit_cpu=none limit_mem=none vpa_target_cpu=271m vpa_target_mem=250Mi vpa_uncapped_cpu=271m vpa_uncapped_mem=250Mi vpa_lower_cpu=111m vpa_lower_mem=250Mi vpa_upper_cpu=1500m vpa_upper_mem=512Mi
[2026-08-22T01:26:52+02:00] UE_SLOT_DONE timestamp=2026-08-21T23:26:52+00:00 active_ues=15 slot=5 attempt=1 ue_idx=5 ue_if=uesimtun5 ue_ip=10.45.1.150 port=5206 rc=0 replacements_for_slot=0 server_busy_retries_for_slot=0
[2026-08-22T01:26:52+02:00] UE_SLOT_DONE timestamp=2026-08-21T23:26:52+00:00 active_ues=15 slot=6 attempt=1 ue_idx=6 ue_if=uesimtun6 ue_ip=10.45.1.152 port=5207 rc=0 replacements_for_slot=0 server_busy_retries_for_slot=0
[2026-08-22T01:26:52+02:00] UE_SLOT_DONE timestamp=2026-08-21T23:26:52+00:00 active_ues=15 slot=7 attempt=1 ue_idx=7 ue_if=uesimtun7 ue_ip=10.45.1.154 port=5208 rc=0 replacements_for_slot=0 server_busy_retries_for_slot=0
[2026-08-22T01:26:52+02:00] UE_SLOT_DONE timestamp=2026-08-21T23:26:52+00:00 active_ues=15 slot=8 attempt=1 ue_idx=8 ue_if=uesimtun8 ue_ip=10.45.1.156 port=5209 rc=0 replacements_for_slot=0 server_busy_retries_for_slot=0
[2026-08-22T01:26:52+02:00] UE_SLOT_DONE timestamp=2026-08-21T23:26:52+00:00 active_ues=15 slot=9 attempt=1 ue_idx=9 ue_if=uesimtun9 ue_ip=10.45.1.158 port=5210 rc=0 replacements_for_slot=0 server_busy_retries_for_slot=0
[2026-08-22T01:26:53+02:00] UE_SLOT_DONE timestamp=2026-08-21T23:26:53+00:00 active_ues=15 slot=10 attempt=1 ue_idx=10 ue_if=uesimtun10 ue_ip=10.45.1.159 port=5211 rc=0 replacements_for_slot=0 server_busy_retries_for_slot=0
[2026-08-22T01:26:53+02:00] UE_SLOT_DONE timestamp=2026-08-21T23:26:53+00:00 active_ues=15 slot=11 attempt=1 ue_idx=11 ue_if=uesimtun11 ue_ip=10.45.1.155 port=5212 rc=0 replacements_for_slot=0 server_busy_retries_for_slot=0
[2026-08-22T01:26:53+02:00] UE_SLOT_DONE timestamp=2026-08-21T23:26:53+00:00 active_ues=15 slot=12 attempt=1 ue_idx=12 ue_if=uesimtun12 ue_ip=10.45.1.164 port=5213 rc=0 replacements_for_slot=0 server_busy_retries_for_slot=0
[2026-08-22T01:26:53+02:00] UE_SLOT_DONE timestamp=2026-08-21T23:26:53+00:00 active_ues=15 slot=13 attempt=1 ue_idx=13 ue_if=uesimtun13 ue_ip=10.45.1.161 port=5214 rc=0 replacements_for_slot=0 server_busy_retries_for_slot=0
[2026-08-22T01:26:53+02:00] UE_SLOT_DONE timestamp=2026-08-21T23:26:53+00:00 active_ues=15 slot=14 attempt=1 ue_idx=14 ue_if=uesimtun14 ue_ip=10.45.1.167 port=5215 rc=0 replacements_for_slot=0 server_busy_retries_for_slot=0
[2026-08-22T01:26:54+02:00] UPF_CONTROL_SAMPLE timestamp=2026-08-22T01:26:53+02:00 scenario=ue_15 pod=open5gs-upf-5b9db6d44-nsbqz uid=7b5b8ef7-a2a2-4fe9-a3e1-74acd17bd88f restarts=6 usage_cpu=239m usage_mem=37Mi request_cpu=271m request_mem=250Mi limit_cpu=none limit_mem=none vpa_target_cpu=271m vpa_target_mem=250Mi vpa_uncapped_cpu=271m vpa_uncapped_mem=250Mi vpa_lower_cpu=111m vpa_lower_mem=250Mi vpa_upper_cpu=1500m vpa_upper_mem=512Mi
[2026-08-22T01:26:54+02:00] TRAFFIC_SUMMARY timestamp=2026-08-21T23:26:54+00:00 registered_tunnels=50 active_ues=15 target_slots=15 completed_slots=15 final_failed_slots=0 replacements=0 problematic_ues=0 zombie_ues=0 connect_timeouts=0 stalls=0 deferred_stalls=0 process_failures=0 server_busy_retries=0 server_busy_failures=0 late_timeouts_accepted=0 scenario_bad_ues=0 global_suspect_ues=0 used_ues=15 target_host=192.168.1.211 initial_ports=5201-5215 replacement_ports=5251-5265 bitrate=1M start_delay=0.05 detection=no_rx_counter replacement_min_duration_s=5 adaptive_extension_max_s=1 iperf_exit_grace_s=3 server_busy_retries_limit=1 server_busy_retry_delay_s=2 late_replacement_after_end=disabled wait_for_iperf_exit=until_timeout global_suspect_policy=soft_reuse ramp_supervision=after_initial_start
[2026-08-22T01:26:54+02:00] UE_POOL_SCENARIO_BAD_CURRENT timestamp=2026-08-21T23:26:54+00:00 active_ues=15 indexes=
[2026-08-22T01:26:55+02:00] UE_POOL_GLOBAL_SUSPECT_CURRENT timestamp=2026-08-21T23:26:54+00:00 active_ues=15 indexes=
[2026-08-22T01:26:55+02:00] REMOTE_IPERF_PER_UE_END timestamp=2026-08-21T23:26:55+00:00 active_ues=15 tag=ue_15 final_rc=0 completed_slots=15 replacements=0 problematic_ues=0 server_busy_retries=0 deferred_stalls=0 late_timeouts_accepted=0
[2026-08-22T01:26:55+02:00] SCENARIO TRAFFIC COMMAND END timestamp=2026-08-22T01:26:55+02:00 active_ue=15 rc=0
[2026-08-22T01:26:55+02:00] SCENARIO UPF AFTER timestamp=2026-08-22T01:26:55+02:00 active_ue=15 pod=open5gs-upf-5b9db6d44-nsbqz uid=7b5b8ef7-a2a2-4fe9-a3e1-74acd17bd88f restarts=6
[2026-08-22T01:26:55+02:00] SCENARIO END timestamp=2026-08-22T01:26:55+02:00 active_ue=15 rc=0
[2026-08-22T01:26:55+02:00] ================================================================
[2026-08-22T01:26:55+02:00] SCENARIO START timestamp=2026-08-22T01:26:55+02:00 active_ue=17 registered_ue_pool=50 target_host=192.168.1.211 ports=5201-5217 replacement_ports=5251-5265 bitrate_per_ue=1M start_delay=0.05 replacement_min_duration=5 adaptive_extension_max=1
[2026-08-22T01:26:55+02:00] ================================================================
[2026-08-22T01:26:56+02:00] SCENARIO TUNNEL CHECK timestamp=2026-08-22T01:26:56+02:00 active_ue=17 current_tunnels=50 required=50
[2026-08-22T01:26:56+02:00] UPF_CONTROL_SAMPLE timestamp=2026-08-22T01:26:55+02:00 scenario=ue_15 pod=open5gs-upf-5b9db6d44-nsbqz uid=7b5b8ef7-a2a2-4fe9-a3e1-74acd17bd88f restarts=6 usage_cpu=246m usage_mem=37Mi request_cpu=271m request_mem=250Mi limit_cpu=none limit_mem=none vpa_target_cpu=271m vpa_target_mem=250Mi vpa_uncapped_cpu=271m vpa_uncapped_mem=250Mi vpa_lower_cpu=111m vpa_lower_mem=250Mi vpa_upper_cpu=1500m vpa_upper_mem=512Mi
[2026-08-22T01:26:57+02:00] SCENARIO UPF BEFORE timestamp=2026-08-22T01:26:57+02:00 active_ue=17 pod=open5gs-upf-5b9db6d44-nsbqz uid=7b5b8ef7-a2a2-4fe9-a3e1-74acd17bd88f restarts=6
[2026-08-22T01:26:57+02:00] REMOTE_IPERF_PER_UE_START timestamp=2026-08-21T23:26:57+00:00 active_ues=17 tag=ue_17 iperf_host=192.168.1.211 base_port=5201 replacement_base_port=5251 duration=80 bitrate=1M start_delay=0.05 detection=no_rx_counter connect_timeout_s=4 stall_seconds=5 replacement_limit=15 replacement_min_duration_s=5 adaptive_extension_max_s=1 iperf_exit_grace_s=3 server_busy_port_rebinds=1 late_replacement_after_end=disabled wait_for_iperf_exit=until_timeout global_suspect_policy=soft_reuse ramp_supervision=after_initial_start
[2026-08-22T01:26:57+02:00] UE_POOL_STATUS timestamp=2026-08-21T23:26:57+00:00 active_ues=17 registered_tunnels=50 existing_global_suspect_ues=0 used_ues=0 policy=soft_reuse_global_suspects
[2026-08-22T01:26:57+02:00] UE_SLOT_ASSIGN timestamp=2026-08-21T23:26:57+00:00 active_ues=17 slot=0 ue_idx=0 ue_if=uesimtun0 ue_ip=10.45.1.146 candidate_reused_global_suspect=0
[2026-08-22T01:26:57+02:00] UE_SLOT_START timestamp=2026-08-21T23:26:57+00:00 active_ues=17 slot=0 attempt=1 ue_idx=0 ue_if=uesimtun0 ue_ip=10.45.1.146 target=192.168.1.211:5201 bitrate=1M duration_s=80 planned_end_epoch=1787354897 timeout_s=90 hard_timeout_epoch=1787354912 start_rx_bytes=718229
[2026-08-22T01:26:57+02:00] UE_SLOT_PID timestamp=2026-08-21T23:26:57+00:00 active_ues=17 slot=0 attempt=1 ue_idx=0 pid=18877
[2026-08-22T01:26:58+02:00] UE_SLOT_ASSIGN timestamp=2026-08-21T23:26:58+00:00 active_ues=17 slot=1 ue_idx=1 ue_if=uesimtun1 ue_ip=10.45.1.147 candidate_reused_global_suspect=0
[2026-08-22T01:26:58+02:00] UE_SLOT_START timestamp=2026-08-21T23:26:58+00:00 active_ues=17 slot=1 attempt=1 ue_idx=1 ue_if=uesimtun1 ue_ip=10.45.1.147 target=192.168.1.211:5202 bitrate=1M duration_s=80 planned_end_epoch=1787354898 timeout_s=90 hard_timeout_epoch=1787354913 start_rx_bytes=631016
[2026-08-22T01:26:58+02:00] UE_SLOT_PID timestamp=2026-08-21T23:26:58+00:00 active_ues=17 slot=1 attempt=1 ue_idx=1 pid=18902
[2026-08-22T01:26:58+02:00] UE_SLOT_ASSIGN timestamp=2026-08-21T23:26:58+00:00 active_ues=17 slot=2 ue_idx=2 ue_if=uesimtun2 ue_ip=10.45.1.148 candidate_reused_global_suspect=0
[2026-08-22T01:26:58+02:00] UE_SLOT_START timestamp=2026-08-21T23:26:58+00:00 active_ues=17 slot=2 attempt=1 ue_idx=2 ue_if=uesimtun2 ue_ip=10.45.1.148 target=192.168.1.211:5203 bitrate=1M duration_s=80 planned_end_epoch=1787354898 timeout_s=90 hard_timeout_epoch=1787354913 start_rx_bytes=628514
[2026-08-22T01:26:58+02:00] UE_SLOT_PID timestamp=2026-08-21T23:26:58+00:00 active_ues=17 slot=2 attempt=1 ue_idx=2 pid=18927
[2026-08-22T01:26:58+02:00] UE_SLOT_ASSIGN timestamp=2026-08-21T23:26:58+00:00 active_ues=17 slot=3 ue_idx=3 ue_if=uesimtun3 ue_ip=10.45.1.149 candidate_reused_global_suspect=0
[2026-08-22T01:26:58+02:00] UE_SLOT_START timestamp=2026-08-21T23:26:58+00:00 active_ues=17 slot=3 attempt=1 ue_idx=3 ue_if=uesimtun3 ue_ip=10.45.1.149 target=192.168.1.211:5204 bitrate=1M duration_s=80 planned_end_epoch=1787354898 timeout_s=90 hard_timeout_epoch=1787354913 start_rx_bytes=553931
[2026-08-22T01:26:58+02:00] UE_SLOT_PID timestamp=2026-08-21T23:26:58+00:00 active_ues=17 slot=3 attempt=1 ue_idx=3 pid=18952
[2026-08-22T01:26:58+02:00] UPF_CONTROL_SAMPLE timestamp=2026-08-22T01:26:57+02:00 scenario=ue_17 pod=open5gs-upf-5b9db6d44-nsbqz uid=7b5b8ef7-a2a2-4fe9-a3e1-74acd17bd88f restarts=6 usage_cpu=246m usage_mem=37Mi request_cpu=271m request_mem=250Mi limit_cpu=none limit_mem=none vpa_target_cpu=271m vpa_target_mem=250Mi vpa_uncapped_cpu=271m vpa_uncapped_mem=250Mi vpa_lower_cpu=111m vpa_lower_mem=250Mi vpa_upper_cpu=1500m vpa_upper_mem=512Mi
[2026-08-22T01:26:58+02:00] UE_SLOT_ASSIGN timestamp=2026-08-21T23:26:58+00:00 active_ues=17 slot=4 ue_idx=4 ue_if=uesimtun4 ue_ip=10.45.1.151 candidate_reused_global_suspect=0
[2026-08-22T01:26:58+02:00] UE_SLOT_START timestamp=2026-08-21T23:26:58+00:00 active_ues=17 slot=4 attempt=1 ue_idx=4 ue_if=uesimtun4 ue_ip=10.45.1.151 target=192.168.1.211:5205 bitrate=1M duration_s=80 planned_end_epoch=1787354898 timeout_s=90 hard_timeout_epoch=1787354913 start_rx_bytes=552939
[2026-08-22T01:26:58+02:00] UE_SLOT_PID timestamp=2026-08-21T23:26:58+00:00 active_ues=17 slot=4 attempt=1 ue_idx=4 pid=18977
[2026-08-22T01:26:58+02:00] UE_SLOT_ASSIGN timestamp=2026-08-21T23:26:58+00:00 active_ues=17 slot=5 ue_idx=5 ue_if=uesimtun5 ue_ip=10.45.1.150 candidate_reused_global_suspect=0
[2026-08-22T01:26:59+02:00] UE_SLOT_START timestamp=2026-08-21T23:26:59+00:00 active_ues=17 slot=5 attempt=1 ue_idx=5 ue_if=uesimtun5 ue_ip=10.45.1.150 target=192.168.1.211:5206 bitrate=1M duration_s=80 planned_end_epoch=1787354898 timeout_s=90 hard_timeout_epoch=1787354913 start_rx_bytes=459180
[2026-08-22T01:26:59+02:00] UE_SLOT_PID timestamp=2026-08-21T23:26:59+00:00 active_ues=17 slot=5 attempt=1 ue_idx=5 pid=19002
[2026-08-22T01:26:59+02:00] UE_SLOT_ASSIGN timestamp=2026-08-21T23:26:59+00:00 active_ues=17 slot=6 ue_idx=6 ue_if=uesimtun6 ue_ip=10.45.1.152 candidate_reused_global_suspect=0
[2026-08-22T01:26:59+02:00] UE_SLOT_START timestamp=2026-08-21T23:26:59+00:00 active_ues=17 slot=6 attempt=1 ue_idx=6 ue_if=uesimtun6 ue_ip=10.45.1.152 target=192.168.1.211:5207 bitrate=1M duration_s=80 planned_end_epoch=1787354899 timeout_s=90 hard_timeout_epoch=1787354914 start_rx_bytes=469244
[2026-08-22T01:26:59+02:00] UE_SLOT_PID timestamp=2026-08-21T23:26:59+00:00 active_ues=17 slot=6 attempt=1 ue_idx=6 pid=19027
[2026-08-22T01:26:59+02:00] UE_SLOT_ASSIGN timestamp=2026-08-21T23:26:59+00:00 active_ues=17 slot=7 ue_idx=7 ue_if=uesimtun7 ue_ip=10.45.1.154 candidate_reused_global_suspect=0
[2026-08-22T01:26:59+02:00] UE_SLOT_START timestamp=2026-08-21T23:26:59+00:00 active_ues=17 slot=7 attempt=1 ue_idx=7 ue_if=uesimtun7 ue_ip=10.45.1.154 target=192.168.1.211:5208 bitrate=1M duration_s=80 planned_end_epoch=1787354899 timeout_s=90 hard_timeout_epoch=1787354914 start_rx_bytes=378353
[2026-08-22T01:26:59+02:00] UE_SLOT_PID timestamp=2026-08-21T23:26:59+00:00 active_ues=17 slot=7 attempt=1 ue_idx=7 pid=19052
[2026-08-22T01:26:59+02:00] UE_SLOT_ASSIGN timestamp=2026-08-21T23:26:59+00:00 active_ues=17 slot=8 ue_idx=8 ue_if=uesimtun8 ue_ip=10.45.1.156 candidate_reused_global_suspect=0
[2026-08-22T01:26:59+02:00] UE_SLOT_START timestamp=2026-08-21T23:26:59+00:00 active_ues=17 slot=8 attempt=1 ue_idx=8 ue_if=uesimtun8 ue_ip=10.45.1.156 target=192.168.1.211:5209 bitrate=1M duration_s=80 planned_end_epoch=1787354899 timeout_s=90 hard_timeout_epoch=1787354914 start_rx_bytes=374870
[2026-08-22T01:26:59+02:00] UE_SLOT_PID timestamp=2026-08-21T23:26:59+00:00 active_ues=17 slot=8 attempt=1 ue_idx=8 pid=19077
[2026-08-22T01:26:59+02:00] UE_SLOT_ASSIGN timestamp=2026-08-21T23:26:59+00:00 active_ues=17 slot=9 ue_idx=9 ue_if=uesimtun9 ue_ip=10.45.1.158 candidate_reused_global_suspect=0
[2026-08-22T01:26:59+02:00] UE_SLOT_START timestamp=2026-08-21T23:26:59+00:00 active_ues=17 slot=9 attempt=1 ue_idx=9 ue_if=uesimtun9 ue_ip=10.45.1.158 target=192.168.1.211:5210 bitrate=1M duration_s=80 planned_end_epoch=1787354899 timeout_s=90 hard_timeout_epoch=1787354914 start_rx_bytes=280124
[2026-08-22T01:26:59+02:00] UE_SLOT_PID timestamp=2026-08-21T23:26:59+00:00 active_ues=17 slot=9 attempt=1 ue_idx=9 pid=19102
[2026-08-22T01:27:00+02:00] UE_SLOT_ASSIGN timestamp=2026-08-21T23:27:00+00:00 active_ues=17 slot=10 ue_idx=10 ue_if=uesimtun10 ue_ip=10.45.1.159 candidate_reused_global_suspect=0
[2026-08-22T01:27:00+02:00] UE_SLOT_START timestamp=2026-08-21T23:27:00+00:00 active_ues=17 slot=10 attempt=1 ue_idx=10 ue_if=uesimtun10 ue_ip=10.45.1.159 target=192.168.1.211:5211 bitrate=1M duration_s=80 planned_end_epoch=1787354900 timeout_s=90 hard_timeout_epoch=1787354915 start_rx_bytes=283365
[2026-08-22T01:27:00+02:00] UE_SLOT_PID timestamp=2026-08-21T23:27:00+00:00 active_ues=17 slot=10 attempt=1 ue_idx=10 pid=19127
[2026-08-22T01:27:00+02:00] UE_SLOT_ASSIGN timestamp=2026-08-21T23:27:00+00:00 active_ues=17 slot=11 ue_idx=11 ue_if=uesimtun11 ue_ip=10.45.1.155 candidate_reused_global_suspect=0
[2026-08-22T01:27:00+02:00] UE_SLOT_START timestamp=2026-08-21T23:27:00+00:00 active_ues=17 slot=11 attempt=1 ue_idx=11 ue_if=uesimtun11 ue_ip=10.45.1.155 target=192.168.1.211:5212 bitrate=1M duration_s=80 planned_end_epoch=1787354900 timeout_s=90 hard_timeout_epoch=1787354915 start_rx_bytes=188107
[2026-08-22T01:27:00+02:00] UE_SLOT_PID timestamp=2026-08-21T23:27:00+00:00 active_ues=17 slot=11 attempt=1 ue_idx=11 pid=19152
[2026-08-22T01:27:00+02:00] UE_SLOT_ASSIGN timestamp=2026-08-21T23:27:00+00:00 active_ues=17 slot=12 ue_idx=12 ue_if=uesimtun12 ue_ip=10.45.1.164 candidate_reused_global_suspect=0
[2026-08-22T01:27:00+02:00] UE_SLOT_START timestamp=2026-08-21T23:27:00+00:00 active_ues=17 slot=12 attempt=1 ue_idx=12 ue_if=uesimtun12 ue_ip=10.45.1.164 target=192.168.1.211:5213 bitrate=1M duration_s=80 planned_end_epoch=1787354900 timeout_s=90 hard_timeout_epoch=1787354915 start_rx_bytes=185341
[2026-08-22T01:27:00+02:00] UE_SLOT_PID timestamp=2026-08-21T23:27:00+00:00 active_ues=17 slot=12 attempt=1 ue_idx=12 pid=19177
[2026-08-22T01:27:00+02:00] UPF_CONTROL_SAMPLE timestamp=2026-08-22T01:26:59+02:00 scenario=ue_17 pod=open5gs-upf-5b9db6d44-nsbqz uid=7b5b8ef7-a2a2-4fe9-a3e1-74acd17bd88f restarts=6 usage_cpu=246m usage_mem=37Mi request_cpu=271m request_mem=250Mi limit_cpu=none limit_mem=none vpa_target_cpu=271m vpa_target_mem=250Mi vpa_uncapped_cpu=271m vpa_uncapped_mem=250Mi vpa_lower_cpu=111m vpa_lower_mem=250Mi vpa_upper_cpu=1500m vpa_upper_mem=512Mi
[2026-08-22T01:27:00+02:00] UE_SLOT_ASSIGN timestamp=2026-08-21T23:27:00+00:00 active_ues=17 slot=13 ue_idx=13 ue_if=uesimtun13 ue_ip=10.45.1.161 candidate_reused_global_suspect=0
[2026-08-22T01:27:00+02:00] UE_SLOT_START timestamp=2026-08-21T23:27:00+00:00 active_ues=17 slot=13 attempt=1 ue_idx=13 ue_if=uesimtun13 ue_ip=10.45.1.161 target=192.168.1.211:5214 bitrate=1M duration_s=80 planned_end_epoch=1787354900 timeout_s=90 hard_timeout_epoch=1787354915 start_rx_bytes=94536
[2026-08-22T01:27:00+02:00] UE_SLOT_PID timestamp=2026-08-21T23:27:00+00:00 active_ues=17 slot=13 attempt=1 ue_idx=13 pid=19202
[2026-08-22T01:27:01+02:00] UE_SLOT_ASSIGN timestamp=2026-08-21T23:27:01+00:00 active_ues=17 slot=14 ue_idx=14 ue_if=uesimtun14 ue_ip=10.45.1.167 candidate_reused_global_suspect=0
[2026-08-22T01:27:01+02:00] UE_SLOT_START timestamp=2026-08-21T23:27:01+00:00 active_ues=17 slot=14 attempt=1 ue_idx=14 ue_if=uesimtun14 ue_ip=10.45.1.167 target=192.168.1.211:5215 bitrate=1M duration_s=80 planned_end_epoch=1787354901 timeout_s=90 hard_timeout_epoch=1787354916 start_rx_bytes=91928
[2026-08-22T01:27:01+02:00] UE_SLOT_PID timestamp=2026-08-21T23:27:01+00:00 active_ues=17 slot=14 attempt=1 ue_idx=14 pid=19227
[2026-08-22T01:27:01+02:00] UE_SLOT_ASSIGN timestamp=2026-08-21T23:27:01+00:00 active_ues=17 slot=15 ue_idx=15 ue_if=uesimtun15 ue_ip=10.45.1.157 candidate_reused_global_suspect=0
[2026-08-22T01:27:01+02:00] UE_SLOT_START timestamp=2026-08-21T23:27:01+00:00 active_ues=17 slot=15 attempt=1 ue_idx=15 ue_if=uesimtun15 ue_ip=10.45.1.157 target=192.168.1.211:5216 bitrate=1M duration_s=80 planned_end_epoch=1787354901 timeout_s=90 hard_timeout_epoch=1787354916 start_rx_bytes=0
[2026-08-22T01:27:01+02:00] UE_SLOT_PID timestamp=2026-08-21T23:27:01+00:00 active_ues=17 slot=15 attempt=1 ue_idx=15 pid=19252
[2026-08-22T01:27:01+02:00] UE_SLOT_ASSIGN timestamp=2026-08-21T23:27:01+00:00 active_ues=17 slot=16 ue_idx=16 ue_if=uesimtun16 ue_ip=10.45.1.168 candidate_reused_global_suspect=0
[2026-08-22T01:27:01+02:00] UE_SLOT_START timestamp=2026-08-21T23:27:01+00:00 active_ues=17 slot=16 attempt=1 ue_idx=16 ue_if=uesimtun16 ue_ip=10.45.1.168 target=192.168.1.211:5217 bitrate=1M duration_s=80 planned_end_epoch=1787354901 timeout_s=90 hard_timeout_epoch=1787354916 start_rx_bytes=0
[2026-08-22T01:27:01+02:00] UE_SLOT_PID timestamp=2026-08-21T23:27:01+00:00 active_ues=17 slot=16 attempt=1 ue_idx=16 pid=19277
[2026-08-22T01:27:01+02:00] IPERF_MAPPING_SUMMARY timestamp=2026-08-21T23:27:01+00:00 active_ues=17 registered_tunnels=50 initial_ports=5201-5217 replacement_ports=5251-5265 bitrate=1M start_delay=0.05 detection=no_rx_counter replacement_min_duration_s=5 adaptive_extension_max_s=1 iperf_exit_grace_s=3 server_busy_port_rebinds=1 late_replacement_after_end=disabled wait_for_iperf_exit=until_timeout global_suspect_policy=soft_reuse ramp_supervision=after_initial_start
[2026-08-22T01:27:02+02:00] UPF_CONTROL_SAMPLE timestamp=2026-08-22T01:27:01+02:00 scenario=ue_17 pod=open5gs-upf-5b9db6d44-nsbqz uid=7b5b8ef7-a2a2-4fe9-a3e1-74acd17bd88f restarts=6 usage_cpu=246m usage_mem=37Mi request_cpu=271m request_mem=250Mi limit_cpu=none limit_mem=none vpa_target_cpu=271m vpa_target_mem=250Mi vpa_uncapped_cpu=271m vpa_uncapped_mem=250Mi vpa_lower_cpu=111m vpa_lower_mem=250Mi vpa_upper_cpu=1500m vpa_upper_mem=512Mi
[2026-08-22T01:27:04+02:00] UPF_CONTROL_SAMPLE timestamp=2026-08-22T01:27:03+02:00 scenario=ue_17 pod=open5gs-upf-5b9db6d44-nsbqz uid=7b5b8ef7-a2a2-4fe9-a3e1-74acd17bd88f restarts=6 usage_cpu=246m usage_mem=37Mi request_cpu=271m request_mem=250Mi limit_cpu=none limit_mem=none vpa_target_cpu=271m vpa_target_mem=250Mi vpa_uncapped_cpu=271m vpa_uncapped_mem=250Mi vpa_lower_cpu=111m vpa_lower_mem=250Mi vpa_upper_cpu=1500m vpa_upper_mem=512Mi
[2026-08-22T01:27:06+02:00] UPF_CONTROL_SAMPLE timestamp=2026-08-22T01:27:05+02:00 scenario=ue_17 pod=open5gs-upf-5b9db6d44-nsbqz uid=7b5b8ef7-a2a2-4fe9-a3e1-74acd17bd88f restarts=6 usage_cpu=246m usage_mem=37Mi request_cpu=271m request_mem=250Mi limit_cpu=none limit_mem=none vpa_target_cpu=271m vpa_target_mem=250Mi vpa_uncapped_cpu=271m vpa_uncapped_mem=250Mi vpa_lower_cpu=111m vpa_lower_mem=250Mi vpa_upper_cpu=1500m vpa_upper_mem=512Mi
[2026-08-22T01:27:08+02:00] UPF_CONTROL_SAMPLE timestamp=2026-08-22T01:27:07+02:00 scenario=ue_17 pod=open5gs-upf-5b9db6d44-nsbqz uid=7b5b8ef7-a2a2-4fe9-a3e1-74acd17bd88f restarts=6 usage_cpu=246m usage_mem=37Mi request_cpu=271m request_mem=250Mi limit_cpu=none limit_mem=none vpa_target_cpu=271m vpa_target_mem=250Mi vpa_uncapped_cpu=271m vpa_uncapped_mem=250Mi vpa_lower_cpu=111m vpa_lower_mem=250Mi vpa_upper_cpu=1500m vpa_upper_mem=512Mi
[2026-08-22T01:27:10+02:00] UPF_CONTROL_SAMPLE timestamp=2026-08-22T01:27:09+02:00 scenario=ue_17 pod=open5gs-upf-5b9db6d44-nsbqz uid=7b5b8ef7-a2a2-4fe9-a3e1-74acd17bd88f restarts=6 usage_cpu=246m usage_mem=37Mi request_cpu=271m request_mem=250Mi limit_cpu=none limit_mem=none vpa_target_cpu=271m vpa_target_mem=250Mi vpa_uncapped_cpu=271m vpa_uncapped_mem=250Mi vpa_lower_cpu=111m vpa_lower_mem=250Mi vpa_upper_cpu=1500m vpa_upper_mem=512Mi
[2026-08-22T01:27:12+02:00] VPA_RECOMMENDATION_CHANGE timestamp=2026-08-22T01:27:11+02:00 scenario=ue_17 old='vpa_target_cpu=271m vpa_target_mem=250Mi vpa_uncapped_cpu=271m vpa_uncapped_mem=250Mi vpa_lower_cpu=111m vpa_lower_mem=250Mi vpa_upper_cpu=1500m vpa_upper_mem=512Mi' new='vpa_target_cpu=271m vpa_target_mem=250Mi vpa_uncapped_cpu=271m vpa_uncapped_mem=250Mi vpa_lower_cpu=100m vpa_lower_mem=250Mi vpa_upper_cpu=1500m vpa_upper_mem=512Mi' previous_5s_sample='timestamp=2026-08-22T01:27:05+02:00 scenario=ue_17 pod=open5gs-upf-5b9db6d44-nsbqz uid=7b5b8ef7-a2a2-4fe9-a3e1-74acd17bd88f restarts=6 usage_cpu=246m usage_mem=37Mi request_cpu=271m request_mem=250Mi limit_cpu=none limit_mem=none vpa_target_cpu=271m vpa_target_mem=250Mi vpa_uncapped_cpu=271m vpa_uncapped_mem=250Mi vpa_lower_cpu=111m vpa_lower_mem=250Mi vpa_upper_cpu=1500m vpa_upper_mem=512Mi' current_sample='timestamp=2026-08-22T01:27:11+02:00 scenario=ue_17 pod=open5gs-upf-5b9db6d44-nsbqz uid=7b5b8ef7-a2a2-4fe9-a3e1-74acd17bd88f restarts=6 usage_cpu=95m usage_mem=37Mi request_cpu=271m request_mem=250Mi limit_cpu=none limit_mem=none vpa_target_cpu=271m vpa_target_mem=250Mi vpa_uncapped_cpu=271m vpa_uncapped_mem=250Mi vpa_lower_cpu=100m vpa_lower_mem=250Mi vpa_upper_cpu=1500m vpa_upper_mem=512Mi'
[2026-08-22T01:27:12+02:00] UPF_CONTROL_SAMPLE timestamp=2026-08-22T01:27:11+02:00 scenario=ue_17 pod=open5gs-upf-5b9db6d44-nsbqz uid=7b5b8ef7-a2a2-4fe9-a3e1-74acd17bd88f restarts=6 usage_cpu=95m usage_mem=37Mi request_cpu=271m request_mem=250Mi limit_cpu=none limit_mem=none vpa_target_cpu=271m vpa_target_mem=250Mi vpa_uncapped_cpu=271m vpa_uncapped_mem=250Mi vpa_lower_cpu=100m vpa_lower_mem=250Mi vpa_upper_cpu=1500m vpa_upper_mem=512Mi
[2026-08-22T01:27:14+02:00] UPF_CONTROL_SAMPLE timestamp=2026-08-22T01:27:13+02:00 scenario=ue_17 pod=open5gs-upf-5b9db6d44-nsbqz uid=7b5b8ef7-a2a2-4fe9-a3e1-74acd17bd88f restarts=6 usage_cpu=95m usage_mem=37Mi request_cpu=271m request_mem=250Mi limit_cpu=none limit_mem=none vpa_target_cpu=271m vpa_target_mem=250Mi vpa_uncapped_cpu=271m vpa_uncapped_mem=250Mi vpa_lower_cpu=100m vpa_lower_mem=250Mi vpa_upper_cpu=1500m vpa_upper_mem=512Mi
[2026-08-22T01:27:16+02:00] UPF_CONTROL_SAMPLE timestamp=2026-08-22T01:27:15+02:00 scenario=ue_17 pod=open5gs-upf-5b9db6d44-nsbqz uid=7b5b8ef7-a2a2-4fe9-a3e1-74acd17bd88f restarts=6 usage_cpu=95m usage_mem=37Mi request_cpu=271m request_mem=250Mi limit_cpu=none limit_mem=none vpa_target_cpu=271m vpa_target_mem=250Mi vpa_uncapped_cpu=271m vpa_uncapped_mem=250Mi vpa_lower_cpu=100m vpa_lower_mem=250Mi vpa_upper_cpu=1500m vpa_upper_mem=512Mi
[2026-08-22T01:27:18+02:00] UPF_CONTROL_SAMPLE timestamp=2026-08-22T01:27:17+02:00 scenario=ue_17 pod=open5gs-upf-5b9db6d44-nsbqz uid=7b5b8ef7-a2a2-4fe9-a3e1-74acd17bd88f restarts=6 usage_cpu=95m usage_mem=37Mi request_cpu=271m request_mem=250Mi limit_cpu=none limit_mem=none vpa_target_cpu=271m vpa_target_mem=250Mi vpa_uncapped_cpu=271m vpa_uncapped_mem=250Mi vpa_lower_cpu=100m vpa_lower_mem=250Mi vpa_upper_cpu=1500m vpa_upper_mem=512Mi
[2026-08-22T01:27:20+02:00] UPF_CONTROL_SAMPLE timestamp=2026-08-22T01:27:19+02:00 scenario=ue_17 pod=open5gs-upf-5b9db6d44-nsbqz uid=7b5b8ef7-a2a2-4fe9-a3e1-74acd17bd88f restarts=6 usage_cpu=95m usage_mem=37Mi request_cpu=271m request_mem=250Mi limit_cpu=none limit_mem=none vpa_target_cpu=271m vpa_target_mem=250Mi vpa_uncapped_cpu=271m vpa_uncapped_mem=250Mi vpa_lower_cpu=100m vpa_lower_mem=250Mi vpa_upper_cpu=1500m vpa_upper_mem=512Mi
[2026-08-22T01:27:22+02:00] UPF_CONTROL_SAMPLE timestamp=2026-08-22T01:27:21+02:00 scenario=ue_17 pod=open5gs-upf-5b9db6d44-nsbqz uid=7b5b8ef7-a2a2-4fe9-a3e1-74acd17bd88f restarts=6 usage_cpu=95m usage_mem=37Mi request_cpu=271m request_mem=250Mi limit_cpu=none limit_mem=none vpa_target_cpu=271m vpa_target_mem=250Mi vpa_uncapped_cpu=271m vpa_uncapped_mem=250Mi vpa_lower_cpu=100m vpa_lower_mem=250Mi vpa_upper_cpu=1500m vpa_upper_mem=512Mi
[2026-08-22T01:27:24+02:00] UPF_CONTROL_SAMPLE timestamp=2026-08-22T01:27:23+02:00 scenario=ue_17 pod=open5gs-upf-5b9db6d44-nsbqz uid=7b5b8ef7-a2a2-4fe9-a3e1-74acd17bd88f restarts=6 usage_cpu=95m usage_mem=37Mi request_cpu=271m request_mem=250Mi limit_cpu=none limit_mem=none vpa_target_cpu=271m vpa_target_mem=250Mi vpa_uncapped_cpu=271m vpa_uncapped_mem=250Mi vpa_lower_cpu=100m vpa_lower_mem=250Mi vpa_upper_cpu=1500m vpa_upper_mem=512Mi
[2026-08-22T01:27:26+02:00] UPF_CONTROL_SAMPLE timestamp=2026-08-22T01:27:25+02:00 scenario=ue_17 pod=open5gs-upf-5b9db6d44-nsbqz uid=7b5b8ef7-a2a2-4fe9-a3e1-74acd17bd88f restarts=6 usage_cpu=262m usage_mem=37Mi request_cpu=271m request_mem=250Mi limit_cpu=none limit_mem=none vpa_target_cpu=271m vpa_target_mem=250Mi vpa_uncapped_cpu=271m vpa_uncapped_mem=250Mi vpa_lower_cpu=100m vpa_lower_mem=250Mi vpa_upper_cpu=1500m vpa_upper_mem=512Mi
[2026-08-22T01:27:28+02:00] UPF_CONTROL_SAMPLE timestamp=2026-08-22T01:27:27+02:00 scenario=ue_17 pod=open5gs-upf-5b9db6d44-nsbqz uid=7b5b8ef7-a2a2-4fe9-a3e1-74acd17bd88f restarts=6 usage_cpu=262m usage_mem=37Mi request_cpu=271m request_mem=250Mi limit_cpu=none limit_mem=none vpa_target_cpu=271m vpa_target_mem=250Mi vpa_uncapped_cpu=271m vpa_uncapped_mem=250Mi vpa_lower_cpu=100m vpa_lower_mem=250Mi vpa_upper_cpu=1500m vpa_upper_mem=512Mi
[2026-08-22T01:27:30+02:00] UPF_CONTROL_SAMPLE timestamp=2026-08-22T01:27:29+02:00 scenario=ue_17 pod=open5gs-upf-5b9db6d44-nsbqz uid=7b5b8ef7-a2a2-4fe9-a3e1-74acd17bd88f restarts=6 usage_cpu=262m usage_mem=37Mi request_cpu=271m request_mem=250Mi limit_cpu=none limit_mem=none vpa_target_cpu=271m vpa_target_mem=250Mi vpa_uncapped_cpu=271m vpa_uncapped_mem=250Mi vpa_lower_cpu=100m vpa_lower_mem=250Mi vpa_upper_cpu=1500m vpa_upper_mem=512Mi
[2026-08-22T01:27:31+02:00] UPF_CONTROL_SAMPLE timestamp=2026-08-22T01:27:31+02:00 scenario=ue_17 pod=open5gs-upf-5b9db6d44-nsbqz uid=7b5b8ef7-a2a2-4fe9-a3e1-74acd17bd88f restarts=6 usage_cpu=262m usage_mem=37Mi request_cpu=271m request_mem=250Mi limit_cpu=none limit_mem=none vpa_target_cpu=271m vpa_target_mem=250Mi vpa_uncapped_cpu=271m vpa_uncapped_mem=250Mi vpa_lower_cpu=100m vpa_lower_mem=250Mi vpa_upper_cpu=1500m vpa_upper_mem=512Mi
[2026-08-22T01:27:34+02:00] UPF_CONTROL_SAMPLE timestamp=2026-08-22T01:27:32+02:00 scenario=ue_17 pod=open5gs-upf-5b9db6d44-nsbqz uid=7b5b8ef7-a2a2-4fe9-a3e1-74acd17bd88f restarts=6 usage_cpu=262m usage_mem=37Mi request_cpu=271m request_mem=250Mi limit_cpu=none limit_mem=none vpa_target_cpu=271m vpa_target_mem=250Mi vpa_uncapped_cpu=271m vpa_uncapped_mem=250Mi vpa_lower_cpu=100m vpa_lower_mem=250Mi vpa_upper_cpu=1500m vpa_upper_mem=512Mi
[2026-08-22T01:27:36+02:00] UPF_CONTROL_SAMPLE timestamp=2026-08-22T01:27:35+02:00 scenario=ue_17 pod=open5gs-upf-5b9db6d44-nsbqz uid=7b5b8ef7-a2a2-4fe9-a3e1-74acd17bd88f restarts=6 usage_cpu=262m usage_mem=37Mi request_cpu=271m request_mem=250Mi limit_cpu=none limit_mem=none vpa_target_cpu=271m vpa_target_mem=250Mi vpa_uncapped_cpu=271m vpa_uncapped_mem=250Mi vpa_lower_cpu=100m vpa_lower_mem=250Mi vpa_upper_cpu=1500m vpa_upper_mem=512Mi
[2026-08-22T01:27:38+02:00] UPF_CONTROL_SAMPLE timestamp=2026-08-22T01:27:37+02:00 scenario=ue_17 pod=open5gs-upf-5b9db6d44-nsbqz uid=7b5b8ef7-a2a2-4fe9-a3e1-74acd17bd88f restarts=6 usage_cpu=262m usage_mem=37Mi request_cpu=271m request_mem=250Mi limit_cpu=none limit_mem=none vpa_target_cpu=271m vpa_target_mem=250Mi vpa_uncapped_cpu=271m vpa_uncapped_mem=250Mi vpa_lower_cpu=100m vpa_lower_mem=250Mi vpa_upper_cpu=1500m vpa_upper_mem=512Mi
[2026-08-22T01:27:40+02:00] UPF_CONTROL_SAMPLE timestamp=2026-08-22T01:27:39+02:00 scenario=ue_17 pod=open5gs-upf-5b9db6d44-nsbqz uid=7b5b8ef7-a2a2-4fe9-a3e1-74acd17bd88f restarts=6 usage_cpu=262m usage_mem=37Mi request_cpu=271m request_mem=250Mi limit_cpu=none limit_mem=none vpa_target_cpu=271m vpa_target_mem=250Mi vpa_uncapped_cpu=271m vpa_uncapped_mem=250Mi vpa_lower_cpu=100m vpa_lower_mem=250Mi vpa_upper_cpu=1500m vpa_upper_mem=512Mi
[2026-08-22T01:27:42+02:00] UPF_CONTROL_SAMPLE timestamp=2026-08-22T01:27:41+02:00 scenario=ue_17 pod=open5gs-upf-5b9db6d44-nsbqz uid=7b5b8ef7-a2a2-4fe9-a3e1-74acd17bd88f restarts=6 usage_cpu=262m usage_mem=37Mi request_cpu=271m request_mem=250Mi limit_cpu=none limit_mem=none vpa_target_cpu=271m vpa_target_mem=250Mi vpa_uncapped_cpu=271m vpa_uncapped_mem=250Mi vpa_lower_cpu=100m vpa_lower_mem=250Mi vpa_upper_cpu=1500m vpa_upper_mem=512Mi
[2026-08-22T01:27:44+02:00] UPF_CONTROL_SAMPLE timestamp=2026-08-22T01:27:43+02:00 scenario=ue_17 pod=open5gs-upf-5b9db6d44-nsbqz uid=7b5b8ef7-a2a2-4fe9-a3e1-74acd17bd88f restarts=6 usage_cpu=262m usage_mem=37Mi request_cpu=271m request_mem=250Mi limit_cpu=none limit_mem=none vpa_target_cpu=271m vpa_target_mem=250Mi vpa_uncapped_cpu=271m vpa_uncapped_mem=250Mi vpa_lower_cpu=100m vpa_lower_mem=250Mi vpa_upper_cpu=1500m vpa_upper_mem=512Mi
[2026-08-22T01:27:46+02:00] UPF_CONTROL_SAMPLE timestamp=2026-08-22T01:27:45+02:00 scenario=ue_17 pod=open5gs-upf-5b9db6d44-nsbqz uid=7b5b8ef7-a2a2-4fe9-a3e1-74acd17bd88f restarts=6 usage_cpu=262m usage_mem=37Mi request_cpu=271m request_mem=250Mi limit_cpu=none limit_mem=none vpa_target_cpu=271m vpa_target_mem=250Mi vpa_uncapped_cpu=271m vpa_uncapped_mem=250Mi vpa_lower_cpu=100m vpa_lower_mem=250Mi vpa_upper_cpu=1500m vpa_upper_mem=512Mi
[2026-08-22T01:27:48+02:00] UPF_CONTROL_SAMPLE timestamp=2026-08-22T01:27:47+02:00 scenario=ue_17 pod=open5gs-upf-5b9db6d44-nsbqz uid=7b5b8ef7-a2a2-4fe9-a3e1-74acd17bd88f restarts=6 usage_cpu=262m usage_mem=37Mi request_cpu=271m request_mem=250Mi limit_cpu=none limit_mem=none vpa_target_cpu=271m vpa_target_mem=250Mi vpa_uncapped_cpu=271m vpa_uncapped_mem=250Mi vpa_lower_cpu=100m vpa_lower_mem=250Mi vpa_upper_cpu=1500m vpa_upper_mem=512Mi
[2026-08-22T01:27:50+02:00] UPF_CONTROL_SAMPLE timestamp=2026-08-22T01:27:49+02:00 scenario=ue_17 pod=open5gs-upf-5b9db6d44-nsbqz uid=7b5b8ef7-a2a2-4fe9-a3e1-74acd17bd88f restarts=6 usage_cpu=262m usage_mem=37Mi request_cpu=271m request_mem=250Mi limit_cpu=none limit_mem=none vpa_target_cpu=271m vpa_target_mem=250Mi vpa_uncapped_cpu=271m vpa_uncapped_mem=250Mi vpa_lower_cpu=100m vpa_lower_mem=250Mi vpa_upper_cpu=1500m vpa_upper_mem=512Mi
[2026-08-22T01:27:52+02:00] UPF_CONTROL_SAMPLE timestamp=2026-08-22T01:27:51+02:00 scenario=ue_17 pod=open5gs-upf-5b9db6d44-nsbqz uid=7b5b8ef7-a2a2-4fe9-a3e1-74acd17bd88f restarts=6 usage_cpu=262m usage_mem=37Mi request_cpu=271m request_mem=250Mi limit_cpu=none limit_mem=none vpa_target_cpu=271m vpa_target_mem=250Mi vpa_uncapped_cpu=271m vpa_uncapped_mem=250Mi vpa_lower_cpu=100m vpa_lower_mem=250Mi vpa_upper_cpu=1500m vpa_upper_mem=512Mi
[2026-08-22T01:27:54+02:00] UPF_CONTROL_SAMPLE timestamp=2026-08-22T01:27:53+02:00 scenario=ue_17 pod=open5gs-upf-5b9db6d44-nsbqz uid=7b5b8ef7-a2a2-4fe9-a3e1-74acd17bd88f restarts=6 usage_cpu=262m usage_mem=37Mi request_cpu=271m request_mem=250Mi limit_cpu=none limit_mem=none vpa_target_cpu=271m vpa_target_mem=250Mi vpa_uncapped_cpu=271m vpa_uncapped_mem=250Mi vpa_lower_cpu=100m vpa_lower_mem=250Mi vpa_upper_cpu=1500m vpa_upper_mem=512Mi
[2026-08-22T01:27:56+02:00] UPF_CONTROL_SAMPLE timestamp=2026-08-22T01:27:55+02:00 scenario=ue_17 pod=open5gs-upf-5b9db6d44-nsbqz uid=7b5b8ef7-a2a2-4fe9-a3e1-74acd17bd88f restarts=6 usage_cpu=259m usage_mem=37Mi request_cpu=271m request_mem=250Mi limit_cpu=none limit_mem=none vpa_target_cpu=271m vpa_target_mem=250Mi vpa_uncapped_cpu=271m vpa_uncapped_mem=250Mi vpa_lower_cpu=100m vpa_lower_mem=250Mi vpa_upper_cpu=1500m vpa_upper_mem=512Mi
[2026-08-22T01:27:58+02:00] UPF_CONTROL_SAMPLE timestamp=2026-08-22T01:27:57+02:00 scenario=ue_17 pod=open5gs-upf-5b9db6d44-nsbqz uid=7b5b8ef7-a2a2-4fe9-a3e1-74acd17bd88f restarts=6 usage_cpu=259m usage_mem=37Mi request_cpu=271m request_mem=250Mi limit_cpu=none limit_mem=none vpa_target_cpu=271m vpa_target_mem=250Mi vpa_uncapped_cpu=271m vpa_uncapped_mem=250Mi vpa_lower_cpu=100m vpa_lower_mem=250Mi vpa_upper_cpu=1500m vpa_upper_mem=512Mi
[2026-08-22T01:28:00+02:00] UPF_CONTROL_SAMPLE timestamp=2026-08-22T01:27:59+02:00 scenario=ue_17 pod=open5gs-upf-5b9db6d44-nsbqz uid=7b5b8ef7-a2a2-4fe9-a3e1-74acd17bd88f restarts=6 usage_cpu=259m usage_mem=37Mi request_cpu=271m request_mem=250Mi limit_cpu=none limit_mem=none vpa_target_cpu=271m vpa_target_mem=250Mi vpa_uncapped_cpu=271m vpa_uncapped_mem=250Mi vpa_lower_cpu=100m vpa_lower_mem=250Mi vpa_upper_cpu=1500m vpa_upper_mem=512Mi
[2026-08-22T01:28:02+02:00] UPF_CONTROL_SAMPLE timestamp=2026-08-22T01:28:01+02:00 scenario=ue_17 pod=open5gs-upf-5b9db6d44-nsbqz uid=7b5b8ef7-a2a2-4fe9-a3e1-74acd17bd88f restarts=6 usage_cpu=259m usage_mem=37Mi request_cpu=271m request_mem=250Mi limit_cpu=none limit_mem=none vpa_target_cpu=271m vpa_target_mem=250Mi vpa_uncapped_cpu=271m vpa_uncapped_mem=250Mi vpa_lower_cpu=100m vpa_lower_mem=250Mi vpa_upper_cpu=1500m vpa_upper_mem=512Mi
[2026-08-22T01:28:04+02:00] UPF_CONTROL_SAMPLE timestamp=2026-08-22T01:28:03+02:00 scenario=ue_17 pod=open5gs-upf-5b9db6d44-nsbqz uid=7b5b8ef7-a2a2-4fe9-a3e1-74acd17bd88f restarts=6 usage_cpu=259m usage_mem=37Mi request_cpu=271m request_mem=250Mi limit_cpu=none limit_mem=none vpa_target_cpu=271m vpa_target_mem=250Mi vpa_uncapped_cpu=271m vpa_uncapped_mem=250Mi vpa_lower_cpu=100m vpa_lower_mem=250Mi vpa_upper_cpu=1500m vpa_upper_mem=512Mi
[2026-08-22T01:28:06+02:00] UPF_CONTROL_SAMPLE timestamp=2026-08-22T01:28:05+02:00 scenario=ue_17 pod=open5gs-upf-5b9db6d44-nsbqz uid=7b5b8ef7-a2a2-4fe9-a3e1-74acd17bd88f restarts=6 usage_cpu=259m usage_mem=37Mi request_cpu=271m request_mem=250Mi limit_cpu=none limit_mem=none vpa_target_cpu=271m vpa_target_mem=250Mi vpa_uncapped_cpu=271m vpa_uncapped_mem=250Mi vpa_lower_cpu=100m vpa_lower_mem=250Mi vpa_upper_cpu=1500m vpa_upper_mem=512Mi
[2026-08-22T01:28:07+02:00] UPF_CONTROL_SAMPLE timestamp=2026-08-22T01:28:07+02:00 scenario=ue_17 pod=open5gs-upf-5b9db6d44-nsbqz uid=7b5b8ef7-a2a2-4fe9-a3e1-74acd17bd88f restarts=6 usage_cpu=259m usage_mem=37Mi request_cpu=271m request_mem=250Mi limit_cpu=none limit_mem=none vpa_target_cpu=271m vpa_target_mem=250Mi vpa_uncapped_cpu=271m vpa_uncapped_mem=250Mi vpa_lower_cpu=100m vpa_lower_mem=250Mi vpa_upper_cpu=1500m vpa_upper_mem=512Mi
[2026-08-22T01:28:09+02:00] UPF_CONTROL_SAMPLE timestamp=2026-08-22T01:28:08+02:00 scenario=ue_17 pod=open5gs-upf-5b9db6d44-nsbqz uid=7b5b8ef7-a2a2-4fe9-a3e1-74acd17bd88f restarts=6 usage_cpu=259m usage_mem=37Mi request_cpu=271m request_mem=250Mi limit_cpu=none limit_mem=none vpa_target_cpu=271m vpa_target_mem=250Mi vpa_uncapped_cpu=271m vpa_uncapped_mem=250Mi vpa_lower_cpu=100m vpa_lower_mem=250Mi vpa_upper_cpu=1500m vpa_upper_mem=512Mi
[2026-08-22T01:28:12+02:00] VPA_RECOMMENDATION_CHANGE timestamp=2026-08-22T01:28:10+02:00 scenario=ue_17 old='vpa_target_cpu=271m vpa_target_mem=250Mi vpa_uncapped_cpu=271m vpa_uncapped_mem=250Mi vpa_lower_cpu=100m vpa_lower_mem=250Mi vpa_upper_cpu=1500m vpa_upper_mem=512Mi' new='vpa_target_cpu=296m vpa_target_mem=250Mi vpa_uncapped_cpu=296m vpa_uncapped_mem=250Mi vpa_lower_cpu=115m vpa_lower_mem=250Mi vpa_upper_cpu=1500m vpa_upper_mem=512Mi' previous_5s_sample='timestamp=2026-08-22T01:28:05+02:00 scenario=ue_17 pod=open5gs-upf-5b9db6d44-nsbqz uid=7b5b8ef7-a2a2-4fe9-a3e1-74acd17bd88f restarts=6 usage_cpu=259m usage_mem=37Mi request_cpu=271m request_mem=250Mi limit_cpu=none limit_mem=none vpa_target_cpu=271m vpa_target_mem=250Mi vpa_uncapped_cpu=271m vpa_uncapped_mem=250Mi vpa_lower_cpu=100m vpa_lower_mem=250Mi vpa_upper_cpu=1500m vpa_upper_mem=512Mi' current_sample='timestamp=2026-08-22T01:28:10+02:00 scenario=ue_17 pod=open5gs-upf-5b9db6d44-nsbqz uid=7b5b8ef7-a2a2-4fe9-a3e1-74acd17bd88f restarts=6 usage_cpu=267m usage_mem=37Mi request_cpu=271m request_mem=250Mi limit_cpu=none limit_mem=none vpa_target_cpu=296m vpa_target_mem=250Mi vpa_uncapped_cpu=296m vpa_uncapped_mem=250Mi vpa_lower_cpu=115m vpa_lower_mem=250Mi vpa_upper_cpu=1500m vpa_upper_mem=512Mi'
[2026-08-22T01:28:12+02:00] UPF_CONTROL_SAMPLE timestamp=2026-08-22T01:28:10+02:00 scenario=ue_17 pod=open5gs-upf-5b9db6d44-nsbqz uid=7b5b8ef7-a2a2-4fe9-a3e1-74acd17bd88f restarts=6 usage_cpu=267m usage_mem=37Mi request_cpu=271m request_mem=250Mi limit_cpu=none limit_mem=none vpa_target_cpu=296m vpa_target_mem=250Mi vpa_uncapped_cpu=296m vpa_uncapped_mem=250Mi vpa_lower_cpu=115m vpa_lower_mem=250Mi vpa_upper_cpu=1500m vpa_upper_mem=512Mi
[2026-08-22T01:28:14+02:00] UPF_CONTROL_SAMPLE timestamp=2026-08-22T01:28:13+02:00 scenario=ue_17 pod=open5gs-upf-5b9db6d44-nsbqz uid=7b5b8ef7-a2a2-4fe9-a3e1-74acd17bd88f restarts=6 usage_cpu=267m usage_mem=37Mi request_cpu=271m request_mem=250Mi limit_cpu=none limit_mem=none vpa_target_cpu=296m vpa_target_mem=250Mi vpa_uncapped_cpu=296m vpa_uncapped_mem=250Mi vpa_lower_cpu=115m vpa_lower_mem=250Mi vpa_upper_cpu=1500m vpa_upper_mem=512Mi
[2026-08-22T01:28:15+02:00] UPF_CONTROL_SAMPLE timestamp=2026-08-22T01:28:15+02:00 scenario=ue_17 pod=open5gs-upf-5b9db6d44-nsbqz uid=7b5b8ef7-a2a2-4fe9-a3e1-74acd17bd88f restarts=6 usage_cpu=267m usage_mem=37Mi request_cpu=271m request_mem=250Mi limit_cpu=none limit_mem=none vpa_target_cpu=296m vpa_target_mem=250Mi vpa_uncapped_cpu=296m vpa_uncapped_mem=250Mi vpa_lower_cpu=115m vpa_lower_mem=250Mi vpa_upper_cpu=1500m vpa_upper_mem=512Mi
[2026-08-22T01:28:17+02:00] UPF_CONTROL_SAMPLE timestamp=2026-08-22T01:28:17+02:00 scenario=ue_17 pod=open5gs-upf-5b9db6d44-nsbqz uid=7b5b8ef7-a2a2-4fe9-a3e1-74acd17bd88f restarts=6 usage_cpu=267m usage_mem=37Mi request_cpu=271m request_mem=250Mi limit_cpu=none limit_mem=none vpa_target_cpu=296m vpa_target_mem=250Mi vpa_uncapped_cpu=296m vpa_uncapped_mem=250Mi vpa_lower_cpu=115m vpa_lower_mem=250Mi vpa_upper_cpu=1500m vpa_upper_mem=512Mi
[2026-08-22T01:28:18+02:00] UE_SLOT_DONE timestamp=2026-08-21T23:28:18+00:00 active_ues=17 slot=0 attempt=1 ue_idx=0 ue_if=uesimtun0 ue_ip=10.45.1.146 port=5201 rc=0 replacements_for_slot=0 server_busy_retries_for_slot=0
[2026-08-22T01:28:19+02:00] UE_SLOT_DONE timestamp=2026-08-21T23:28:19+00:00 active_ues=17 slot=1 attempt=1 ue_idx=1 ue_if=uesimtun1 ue_ip=10.45.1.147 port=5202 rc=0 replacements_for_slot=0 server_busy_retries_for_slot=0
[2026-08-22T01:28:19+02:00] UE_SLOT_DONE timestamp=2026-08-21T23:28:19+00:00 active_ues=17 slot=2 attempt=1 ue_idx=2 ue_if=uesimtun2 ue_ip=10.45.1.148 port=5203 rc=0 replacements_for_slot=0 server_busy_retries_for_slot=0
[2026-08-22T01:28:19+02:00] UE_SLOT_DONE timestamp=2026-08-21T23:28:19+00:00 active_ues=17 slot=3 attempt=1 ue_idx=3 ue_if=uesimtun3 ue_ip=10.45.1.149 port=5204 rc=0 replacements_for_slot=0 server_busy_retries_for_slot=0
[2026-08-22T01:28:19+02:00] UE_SLOT_DONE timestamp=2026-08-21T23:28:19+00:00 active_ues=17 slot=4 attempt=1 ue_idx=4 ue_if=uesimtun4 ue_ip=10.45.1.151 port=5205 rc=0 replacements_for_slot=0 server_busy_retries_for_slot=0
[2026-08-22T01:28:19+02:00] UPF_CONTROL_SAMPLE timestamp=2026-08-22T01:28:18+02:00 scenario=ue_17 pod=open5gs-upf-5b9db6d44-nsbqz uid=7b5b8ef7-a2a2-4fe9-a3e1-74acd17bd88f restarts=6 usage_cpu=267m usage_mem=37Mi request_cpu=271m request_mem=250Mi limit_cpu=none limit_mem=none vpa_target_cpu=296m vpa_target_mem=250Mi vpa_uncapped_cpu=296m vpa_uncapped_mem=250Mi vpa_lower_cpu=115m vpa_lower_mem=250Mi vpa_upper_cpu=1500m vpa_upper_mem=512Mi
[2026-08-22T01:28:20+02:00] UE_SLOT_DONE timestamp=2026-08-21T23:28:20+00:00 active_ues=17 slot=5 attempt=1 ue_idx=5 ue_if=uesimtun5 ue_ip=10.45.1.150 port=5206 rc=0 replacements_for_slot=0 server_busy_retries_for_slot=0
[2026-08-22T01:28:20+02:00] UE_SLOT_DONE timestamp=2026-08-21T23:28:20+00:00 active_ues=17 slot=6 attempt=1 ue_idx=6 ue_if=uesimtun6 ue_ip=10.45.1.152 port=5207 rc=0 replacements_for_slot=0 server_busy_retries_for_slot=0
[2026-08-22T01:28:20+02:00] UE_SLOT_DONE timestamp=2026-08-21T23:28:20+00:00 active_ues=17 slot=7 attempt=1 ue_idx=7 ue_if=uesimtun7 ue_ip=10.45.1.154 port=5208 rc=0 replacements_for_slot=0 server_busy_retries_for_slot=0
[2026-08-22T01:28:20+02:00] UE_SLOT_DONE timestamp=2026-08-21T23:28:20+00:00 active_ues=17 slot=8 attempt=1 ue_idx=8 ue_if=uesimtun8 ue_ip=10.45.1.156 port=5209 rc=0 replacements_for_slot=0 server_busy_retries_for_slot=0
[2026-08-22T01:28:20+02:00] UE_SLOT_DONE timestamp=2026-08-21T23:28:20+00:00 active_ues=17 slot=9 attempt=1 ue_idx=9 ue_if=uesimtun9 ue_ip=10.45.1.158 port=5210 rc=0 replacements_for_slot=0 server_busy_retries_for_slot=0
[2026-08-22T01:28:20+02:00] UE_SLOT_DONE timestamp=2026-08-21T23:28:20+00:00 active_ues=17 slot=10 attempt=1 ue_idx=10 ue_if=uesimtun10 ue_ip=10.45.1.159 port=5211 rc=0 replacements_for_slot=0 server_busy_retries_for_slot=0
[2026-08-22T01:28:20+02:00] UE_SLOT_DONE timestamp=2026-08-21T23:28:20+00:00 active_ues=17 slot=11 attempt=1 ue_idx=11 ue_if=uesimtun11 ue_ip=10.45.1.155 port=5212 rc=0 replacements_for_slot=0 server_busy_retries_for_slot=0
[2026-08-22T01:28:20+02:00] UE_SLOT_DONE timestamp=2026-08-21T23:28:20+00:00 active_ues=17 slot=12 attempt=1 ue_idx=12 ue_if=uesimtun12 ue_ip=10.45.1.164 port=5213 rc=0 replacements_for_slot=0 server_busy_retries_for_slot=0
[2026-08-22T01:28:21+02:00] UPF_CONTROL_SAMPLE timestamp=2026-08-22T01:28:20+02:00 scenario=ue_17 pod=open5gs-upf-5b9db6d44-nsbqz uid=7b5b8ef7-a2a2-4fe9-a3e1-74acd17bd88f restarts=6 usage_cpu=267m usage_mem=37Mi request_cpu=271m request_mem=250Mi limit_cpu=none limit_mem=none vpa_target_cpu=296m vpa_target_mem=250Mi vpa_uncapped_cpu=296m vpa_uncapped_mem=250Mi vpa_lower_cpu=115m vpa_lower_mem=250Mi vpa_upper_cpu=1500m vpa_upper_mem=512Mi
[2026-08-22T01:28:22+02:00] UE_SLOT_DONE timestamp=2026-08-21T23:28:22+00:00 active_ues=17 slot=13 attempt=1 ue_idx=13 ue_if=uesimtun13 ue_ip=10.45.1.161 port=5214 rc=0 replacements_for_slot=0 server_busy_retries_for_slot=0
[2026-08-22T01:28:22+02:00] UE_SLOT_DONE timestamp=2026-08-21T23:28:22+00:00 active_ues=17 slot=14 attempt=1 ue_idx=14 ue_if=uesimtun14 ue_ip=10.45.1.167 port=5215 rc=0 replacements_for_slot=0 server_busy_retries_for_slot=0
[2026-08-22T01:28:22+02:00] UE_SLOT_DONE timestamp=2026-08-21T23:28:22+00:00 active_ues=17 slot=15 attempt=1 ue_idx=15 ue_if=uesimtun15 ue_ip=10.45.1.157 port=5216 rc=0 replacements_for_slot=0 server_busy_retries_for_slot=0
[2026-08-22T01:28:22+02:00] UE_SLOT_DONE timestamp=2026-08-21T23:28:22+00:00 active_ues=17 slot=16 attempt=1 ue_idx=16 ue_if=uesimtun16 ue_ip=10.45.1.168 port=5217 rc=0 replacements_for_slot=0 server_busy_retries_for_slot=0
[2026-08-22T01:28:23+02:00] TRAFFIC_SUMMARY timestamp=2026-08-21T23:28:23+00:00 registered_tunnels=50 active_ues=17 target_slots=17 completed_slots=17 final_failed_slots=0 replacements=0 problematic_ues=0 zombie_ues=0 connect_timeouts=0 stalls=0 deferred_stalls=0 process_failures=0 server_busy_retries=0 server_busy_failures=0 late_timeouts_accepted=0 scenario_bad_ues=0 global_suspect_ues=0 used_ues=17 target_host=192.168.1.211 initial_ports=5201-5217 replacement_ports=5251-5265 bitrate=1M start_delay=0.05 detection=no_rx_counter replacement_min_duration_s=5 adaptive_extension_max_s=1 iperf_exit_grace_s=3 server_busy_retries_limit=1 server_busy_retry_delay_s=2 late_replacement_after_end=disabled wait_for_iperf_exit=until_timeout global_suspect_policy=soft_reuse ramp_supervision=after_initial_start
[2026-08-22T01:28:23+02:00] UE_POOL_SCENARIO_BAD_CURRENT timestamp=2026-08-21T23:28:23+00:00 active_ues=17 indexes=
[2026-08-22T01:28:23+02:00] UE_POOL_GLOBAL_SUSPECT_CURRENT timestamp=2026-08-21T23:28:23+00:00 active_ues=17 indexes=
[2026-08-22T01:28:23+02:00] REMOTE_IPERF_PER_UE_END timestamp=2026-08-21T23:28:23+00:00 active_ues=17 tag=ue_17 final_rc=0 completed_slots=17 replacements=0 problematic_ues=0 server_busy_retries=0 deferred_stalls=0 late_timeouts_accepted=0
[2026-08-22T01:28:23+02:00] SCENARIO TRAFFIC COMMAND END timestamp=2026-08-22T01:28:23+02:00 active_ue=17 rc=0
[2026-08-22T01:28:23+02:00] UPF_CONTROL_SAMPLE timestamp=2026-08-22T01:28:22+02:00 scenario=ue_17 pod=open5gs-upf-5b9db6d44-nsbqz uid=7b5b8ef7-a2a2-4fe9-a3e1-74acd17bd88f restarts=6 usage_cpu=267m usage_mem=37Mi request_cpu=271m request_mem=250Mi limit_cpu=none limit_mem=none vpa_target_cpu=296m vpa_target_mem=250Mi vpa_uncapped_cpu=296m vpa_uncapped_mem=250Mi vpa_lower_cpu=115m vpa_lower_mem=250Mi vpa_upper_cpu=1500m vpa_upper_mem=512Mi
[2026-08-22T01:28:24+02:00] SCENARIO UPF AFTER timestamp=2026-08-22T01:28:24+02:00 active_ue=17 pod=open5gs-upf-5b9db6d44-nsbqz uid=7b5b8ef7-a2a2-4fe9-a3e1-74acd17bd88f restarts=6
[2026-08-22T01:28:24+02:00] SCENARIO END timestamp=2026-08-22T01:28:24+02:00 active_ue=17 rc=0
[2026-08-22T01:28:24+02:00] ================================================================
[2026-08-22T01:28:24+02:00] SCENARIO START timestamp=2026-08-22T01:28:24+02:00 active_ue=19 registered_ue_pool=50 target_host=192.168.1.211 ports=5201-5219 replacement_ports=5251-5265 bitrate_per_ue=1M start_delay=0.05 replacement_min_duration=5 adaptive_extension_max=1
[2026-08-22T01:28:24+02:00] ================================================================
[2026-08-22T01:28:24+02:00] SCENARIO TUNNEL CHECK timestamp=2026-08-22T01:28:24+02:00 active_ue=19 current_tunnels=50 required=50
[2026-08-22T01:28:24+02:00] SCENARIO UPF BEFORE timestamp=2026-08-22T01:28:24+02:00 active_ue=19 pod=open5gs-upf-5b9db6d44-nsbqz uid=7b5b8ef7-a2a2-4fe9-a3e1-74acd17bd88f restarts=6
[2026-08-22T01:28:25+02:00] REMOTE_IPERF_PER_UE_START timestamp=2026-08-21T23:28:25+00:00 active_ues=19 tag=ue_19 iperf_host=192.168.1.211 base_port=5201 replacement_base_port=5251 duration=80 bitrate=1M start_delay=0.05 detection=no_rx_counter connect_timeout_s=4 stall_seconds=5 replacement_limit=15 replacement_min_duration_s=5 adaptive_extension_max_s=1 iperf_exit_grace_s=3 server_busy_port_rebinds=1 late_replacement_after_end=disabled wait_for_iperf_exit=until_timeout global_suspect_policy=soft_reuse ramp_supervision=after_initial_start
[2026-08-22T01:28:25+02:00] UE_POOL_STATUS timestamp=2026-08-21T23:28:25+00:00 active_ues=19 registered_tunnels=50 existing_global_suspect_ues=0 used_ues=0 policy=soft_reuse_global_suspects
[2026-08-22T01:28:25+02:00] UE_SLOT_ASSIGN timestamp=2026-08-21T23:28:25+00:00 active_ues=19 slot=0 ue_idx=0 ue_if=uesimtun0 ue_ip=10.45.1.146 candidate_reused_global_suspect=0
[2026-08-22T01:28:25+02:00] UE_SLOT_START timestamp=2026-08-21T23:28:25+00:00 active_ues=19 slot=0 attempt=1 ue_idx=0 ue_if=uesimtun0 ue_ip=10.45.1.146 target=192.168.1.211:5201 bitrate=1M duration_s=80 planned_end_epoch=1787354985 timeout_s=90 hard_timeout_epoch=1787355000 start_rx_bytes=816411
[2026-08-22T01:28:25+02:00] UE_SLOT_PID timestamp=2026-08-21T23:28:25+00:00 active_ues=19 slot=0 attempt=1 ue_idx=0 pid=22437
[2026-08-22T01:28:25+02:00] UPF_CONTROL_SAMPLE timestamp=2026-08-22T01:28:24+02:00 scenario=ue_19 pod=open5gs-upf-5b9db6d44-nsbqz uid=7b5b8ef7-a2a2-4fe9-a3e1-74acd17bd88f restarts=6 usage_cpu=216m usage_mem=37Mi request_cpu=271m request_mem=250Mi limit_cpu=none limit_mem=none vpa_target_cpu=296m vpa_target_mem=250Mi vpa_uncapped_cpu=296m vpa_uncapped_mem=250Mi vpa_lower_cpu=115m vpa_lower_mem=250Mi vpa_upper_cpu=1500m vpa_upper_mem=512Mi
[2026-08-22T01:28:25+02:00] UE_SLOT_ASSIGN timestamp=2026-08-21T23:28:25+00:00 active_ues=19 slot=1 ue_idx=1 ue_if=uesimtun1 ue_ip=10.45.1.147 candidate_reused_global_suspect=0
[2026-08-22T01:28:25+02:00] UE_SLOT_START timestamp=2026-08-21T23:28:25+00:00 active_ues=19 slot=1 attempt=1 ue_idx=1 ue_if=uesimtun1 ue_ip=10.45.1.147 target=192.168.1.211:5202 bitrate=1M duration_s=80 planned_end_epoch=1787354985 timeout_s=90 hard_timeout_epoch=1787355000 start_rx_bytes=730587
[2026-08-22T01:28:25+02:00] UE_SLOT_PID timestamp=2026-08-21T23:28:25+00:00 active_ues=19 slot=1 attempt=1 ue_idx=1 pid=22462
[2026-08-22T01:28:26+02:00] UE_SLOT_ASSIGN timestamp=2026-08-21T23:28:26+00:00 active_ues=19 slot=2 ue_idx=2 ue_if=uesimtun2 ue_ip=10.45.1.148 candidate_reused_global_suspect=0
[2026-08-22T01:28:26+02:00] UE_SLOT_START timestamp=2026-08-21T23:28:26+00:00 active_ues=19 slot=2 attempt=1 ue_idx=2 ue_if=uesimtun2 ue_ip=10.45.1.148 target=192.168.1.211:5203 bitrate=1M duration_s=80 planned_end_epoch=1787354986 timeout_s=90 hard_timeout_epoch=1787355001 start_rx_bytes=723507
[2026-08-22T01:28:26+02:00] UE_SLOT_PID timestamp=2026-08-21T23:28:26+00:00 active_ues=19 slot=2 attempt=1 ue_idx=2 pid=22487
[2026-08-22T01:28:26+02:00] UE_SLOT_ASSIGN timestamp=2026-08-21T23:28:26+00:00 active_ues=19 slot=3 ue_idx=3 ue_if=uesimtun3 ue_ip=10.45.1.149 candidate_reused_global_suspect=0
[2026-08-22T01:28:26+02:00] UE_SLOT_START timestamp=2026-08-21T23:28:26+00:00 active_ues=19 slot=3 attempt=1 ue_idx=3 ue_if=uesimtun3 ue_ip=10.45.1.149 target=192.168.1.211:5204 bitrate=1M duration_s=80 planned_end_epoch=1787354986 timeout_s=90 hard_timeout_epoch=1787355001 start_rx_bytes=649009
[2026-08-22T01:28:26+02:00] UE_SLOT_PID timestamp=2026-08-21T23:28:26+00:00 active_ues=19 slot=3 attempt=1 ue_idx=3 pid=22512
[2026-08-22T01:28:26+02:00] UE_SLOT_ASSIGN timestamp=2026-08-21T23:28:26+00:00 active_ues=19 slot=4 ue_idx=4 ue_if=uesimtun4 ue_ip=10.45.1.151 candidate_reused_global_suspect=0
[2026-08-22T01:28:26+02:00] UE_SLOT_START timestamp=2026-08-21T23:28:26+00:00 active_ues=19 slot=4 attempt=1 ue_idx=4 ue_if=uesimtun4 ue_ip=10.45.1.151 target=192.168.1.211:5205 bitrate=1M duration_s=80 planned_end_epoch=1787354986 timeout_s=90 hard_timeout_epoch=1787355001 start_rx_bytes=645539
[2026-08-22T01:28:26+02:00] UE_SLOT_PID timestamp=2026-08-21T23:28:26+00:00 active_ues=19 slot=4 attempt=1 ue_idx=4 pid=22537
[2026-08-22T01:28:26+02:00] UE_SLOT_ASSIGN timestamp=2026-08-21T23:28:26+00:00 active_ues=19 slot=5 ue_idx=5 ue_if=uesimtun5 ue_ip=10.45.1.150 candidate_reused_global_suspect=0
[2026-08-22T01:28:26+02:00] UE_SLOT_START timestamp=2026-08-21T23:28:26+00:00 active_ues=19 slot=5 attempt=1 ue_idx=5 ue_if=uesimtun5 ue_ip=10.45.1.150 target=192.168.1.211:5206 bitrate=1M duration_s=80 planned_end_epoch=1787354986 timeout_s=90 hard_timeout_epoch=1787355001 start_rx_bytes=554174
[2026-08-22T01:28:26+02:00] UE_SLOT_PID timestamp=2026-08-21T23:28:26+00:00 active_ues=19 slot=5 attempt=1 ue_idx=5 pid=22562
[2026-08-22T01:28:26+02:00] UE_SLOT_ASSIGN timestamp=2026-08-21T23:28:26+00:00 active_ues=19 slot=6 ue_idx=6 ue_if=uesimtun6 ue_ip=10.45.1.152 candidate_reused_global_suspect=0
[2026-08-22T01:28:26+02:00] UE_SLOT_START timestamp=2026-08-21T23:28:26+00:00 active_ues=19 slot=6 attempt=1 ue_idx=6 ue_if=uesimtun6 ue_ip=10.45.1.152 target=192.168.1.211:5207 bitrate=1M duration_s=80 planned_end_epoch=1787354986 timeout_s=90 hard_timeout_epoch=1787355001 start_rx_bytes=557628
[2026-08-22T01:28:27+02:00] UE_SLOT_PID timestamp=2026-08-21T23:28:26+00:00 active_ues=19 slot=6 attempt=1 ue_idx=6 pid=22587
[2026-08-22T01:28:27+02:00] UE_SLOT_ASSIGN timestamp=2026-08-21T23:28:27+00:00 active_ues=19 slot=7 ue_idx=7 ue_if=uesimtun7 ue_ip=10.45.1.154 candidate_reused_global_suspect=0
[2026-08-22T01:28:27+02:00] UE_SLOT_START timestamp=2026-08-21T23:28:27+00:00 active_ues=19 slot=7 attempt=1 ue_idx=7 ue_if=uesimtun7 ue_ip=10.45.1.154 target=192.168.1.211:5208 bitrate=1M duration_s=80 planned_end_epoch=1787354987 timeout_s=90 hard_timeout_epoch=1787355002 start_rx_bytes=471446
[2026-08-22T01:28:27+02:00] UE_SLOT_PID timestamp=2026-08-21T23:28:27+00:00 active_ues=19 slot=7 attempt=1 ue_idx=7 pid=22612
[2026-08-22T01:28:27+02:00] UE_SLOT_ASSIGN timestamp=2026-08-21T23:28:27+00:00 active_ues=19 slot=8 ue_idx=8 ue_if=uesimtun8 ue_ip=10.45.1.156 candidate_reused_global_suspect=0
[2026-08-22T01:28:27+02:00] UE_SLOT_START timestamp=2026-08-21T23:28:27+00:00 active_ues=19 slot=8 attempt=1 ue_idx=8 ue_if=uesimtun8 ue_ip=10.45.1.156 target=192.168.1.211:5209 bitrate=1M duration_s=80 planned_end_epoch=1787354987 timeout_s=90 hard_timeout_epoch=1787355002 start_rx_bytes=467952
[2026-08-22T01:28:27+02:00] UE_SLOT_PID timestamp=2026-08-21T23:28:27+00:00 active_ues=19 slot=8 attempt=1 ue_idx=8 pid=22637
[2026-08-22T01:28:27+02:00] UE_SLOT_ASSIGN timestamp=2026-08-21T23:28:27+00:00 active_ues=19 slot=9 ue_idx=9 ue_if=uesimtun9 ue_ip=10.45.1.158 candidate_reused_global_suspect=0
[2026-08-22T01:28:27+02:00] UE_SLOT_START timestamp=2026-08-21T23:28:27+00:00 active_ues=19 slot=9 attempt=1 ue_idx=9 ue_if=uesimtun9 ue_ip=10.45.1.158 target=192.168.1.211:5210 bitrate=1M duration_s=80 planned_end_epoch=1787354987 timeout_s=90 hard_timeout_epoch=1787355002 start_rx_bytes=374571
[2026-08-22T01:28:27+02:00] UE_SLOT_PID timestamp=2026-08-21T23:28:27+00:00 active_ues=19 slot=9 attempt=1 ue_idx=9 pid=22662
[2026-08-22T01:28:27+02:00] UPF_CONTROL_SAMPLE timestamp=2026-08-22T01:28:26+02:00 scenario=ue_19 pod=open5gs-upf-5b9db6d44-nsbqz uid=7b5b8ef7-a2a2-4fe9-a3e1-74acd17bd88f restarts=6 usage_cpu=216m usage_mem=37Mi request_cpu=271m request_mem=250Mi limit_cpu=none limit_mem=none vpa_target_cpu=296m vpa_target_mem=250Mi vpa_uncapped_cpu=296m vpa_uncapped_mem=250Mi vpa_lower_cpu=115m vpa_lower_mem=250Mi vpa_upper_cpu=1500m vpa_upper_mem=512Mi
[2026-08-22T01:28:27+02:00] UE_SLOT_ASSIGN timestamp=2026-08-21T23:28:27+00:00 active_ues=19 slot=10 ue_idx=10 ue_if=uesimtun10 ue_ip=10.45.1.159 candidate_reused_global_suspect=0
[2026-08-22T01:28:27+02:00] UE_SLOT_START timestamp=2026-08-21T23:28:27+00:00 active_ues=19 slot=10 attempt=1 ue_idx=10 ue_if=uesimtun10 ue_ip=10.45.1.159 target=192.168.1.211:5211 bitrate=1M duration_s=80 planned_end_epoch=1787354987 timeout_s=90 hard_timeout_epoch=1787355002 start_rx_bytes=375209
[2026-08-22T01:28:27+02:00] UE_SLOT_PID timestamp=2026-08-21T23:28:27+00:00 active_ues=19 slot=10 attempt=1 ue_idx=10 pid=22687
[2026-08-22T01:28:28+02:00] UE_SLOT_ASSIGN timestamp=2026-08-21T23:28:28+00:00 active_ues=19 slot=11 ue_idx=11 ue_if=uesimtun11 ue_ip=10.45.1.155 candidate_reused_global_suspect=0
[2026-08-22T01:28:28+02:00] UE_SLOT_START timestamp=2026-08-21T23:28:28+00:00 active_ues=19 slot=11 attempt=1 ue_idx=11 ue_if=uesimtun11 ue_ip=10.45.1.155 target=192.168.1.211:5212 bitrate=1M duration_s=80 planned_end_epoch=1787354988 timeout_s=90 hard_timeout_epoch=1787355003 start_rx_bytes=280631
[2026-08-22T01:28:28+02:00] UE_SLOT_PID timestamp=2026-08-21T23:28:28+00:00 active_ues=19 slot=11 attempt=1 ue_idx=11 pid=22712
[2026-08-22T01:28:28+02:00] UE_SLOT_ASSIGN timestamp=2026-08-21T23:28:28+00:00 active_ues=19 slot=12 ue_idx=12 ue_if=uesimtun12 ue_ip=10.45.1.164 candidate_reused_global_suspect=0
[2026-08-22T01:28:28+02:00] UE_SLOT_START timestamp=2026-08-21T23:28:28+00:00 active_ues=19 slot=12 attempt=1 ue_idx=12 ue_if=uesimtun12 ue_ip=10.45.1.164 target=192.168.1.211:5213 bitrate=1M duration_s=80 planned_end_epoch=1787354988 timeout_s=90 hard_timeout_epoch=1787355003 start_rx_bytes=279088
[2026-08-22T01:28:28+02:00] UE_SLOT_PID timestamp=2026-08-21T23:28:28+00:00 active_ues=19 slot=12 attempt=1 ue_idx=12 pid=22737
[2026-08-22T01:28:28+02:00] UE_SLOT_ASSIGN timestamp=2026-08-21T23:28:28+00:00 active_ues=19 slot=13 ue_idx=13 ue_if=uesimtun13 ue_ip=10.45.1.161 candidate_reused_global_suspect=0
[2026-08-22T01:28:28+02:00] UE_SLOT_START timestamp=2026-08-21T23:28:28+00:00 active_ues=19 slot=13 attempt=1 ue_idx=13 ue_if=uesimtun13 ue_ip=10.45.1.161 target=192.168.1.211:5214 bitrate=1M duration_s=80 planned_end_epoch=1787354988 timeout_s=90 hard_timeout_epoch=1787355003 start_rx_bytes=188104
[2026-08-22T01:28:28+02:00] UE_SLOT_PID timestamp=2026-08-21T23:28:28+00:00 active_ues=19 slot=13 attempt=1 ue_idx=13 pid=22762
[2026-08-22T01:28:28+02:00] UE_SLOT_ASSIGN timestamp=2026-08-21T23:28:28+00:00 active_ues=19 slot=14 ue_idx=14 ue_if=uesimtun14 ue_ip=10.45.1.167 candidate_reused_global_suspect=0
[2026-08-22T01:28:28+02:00] UE_SLOT_START timestamp=2026-08-21T23:28:28+00:00 active_ues=19 slot=14 attempt=1 ue_idx=14 ue_if=uesimtun14 ue_ip=10.45.1.167 target=192.168.1.211:5215 bitrate=1M duration_s=80 planned_end_epoch=1787354988 timeout_s=90 hard_timeout_epoch=1787355003 start_rx_bytes=189283
[2026-08-22T01:28:28+02:00] UE_SLOT_PID timestamp=2026-08-21T23:28:28+00:00 active_ues=19 slot=14 attempt=1 ue_idx=14 pid=22787
[2026-08-22T01:28:29+02:00] UE_SLOT_ASSIGN timestamp=2026-08-21T23:28:28+00:00 active_ues=19 slot=15 ue_idx=15 ue_if=uesimtun15 ue_ip=10.45.1.157 candidate_reused_global_suspect=0
[2026-08-22T01:28:29+02:00] UE_SLOT_START timestamp=2026-08-21T23:28:29+00:00 active_ues=19 slot=15 attempt=1 ue_idx=15 ue_if=uesimtun15 ue_ip=10.45.1.157 target=192.168.1.211:5216 bitrate=1M duration_s=80 planned_end_epoch=1787354988 timeout_s=90 hard_timeout_epoch=1787355004 start_rx_bytes=89416
[2026-08-22T01:28:29+02:00] UE_SLOT_PID timestamp=2026-08-21T23:28:29+00:00 active_ues=19 slot=15 attempt=1 ue_idx=15 pid=22812
[2026-08-22T01:28:29+02:00] UE_SLOT_ASSIGN timestamp=2026-08-21T23:28:29+00:00 active_ues=19 slot=16 ue_idx=16 ue_if=uesimtun16 ue_ip=10.45.1.168 candidate_reused_global_suspect=0
[2026-08-22T01:28:29+02:00] UE_SLOT_START timestamp=2026-08-21T23:28:29+00:00 active_ues=19 slot=16 attempt=1 ue_idx=16 ue_if=uesimtun16 ue_ip=10.45.1.168 target=192.168.1.211:5217 bitrate=1M duration_s=80 planned_end_epoch=1787354989 timeout_s=90 hard_timeout_epoch=1787355004 start_rx_bytes=102099
[2026-08-22T01:28:29+02:00] UE_SLOT_PID timestamp=2026-08-21T23:28:29+00:00 active_ues=19 slot=16 attempt=1 ue_idx=16 pid=22837
[2026-08-22T01:28:29+02:00] UE_SLOT_ASSIGN timestamp=2026-08-21T23:28:29+00:00 active_ues=19 slot=17 ue_idx=17 ue_if=uesimtun17 ue_ip=10.45.1.171 candidate_reused_global_suspect=0
[2026-08-22T01:28:29+02:00] UE_SLOT_START timestamp=2026-08-21T23:28:29+00:00 active_ues=19 slot=17 attempt=1 ue_idx=17 ue_if=uesimtun17 ue_ip=10.45.1.171 target=192.168.1.211:5218 bitrate=1M duration_s=80 planned_end_epoch=1787354989 timeout_s=90 hard_timeout_epoch=1787355004 start_rx_bytes=0
[2026-08-22T01:28:29+02:00] UE_SLOT_PID timestamp=2026-08-21T23:28:29+00:00 active_ues=19 slot=17 attempt=1 ue_idx=17 pid=22862
[2026-08-22T01:28:29+02:00] UE_SLOT_ASSIGN timestamp=2026-08-21T23:28:29+00:00 active_ues=19 slot=18 ue_idx=18 ue_if=uesimtun18 ue_ip=10.45.1.172 candidate_reused_global_suspect=0
[2026-08-22T01:28:29+02:00] UE_SLOT_START timestamp=2026-08-21T23:28:29+00:00 active_ues=19 slot=18 attempt=1 ue_idx=18 ue_if=uesimtun18 ue_ip=10.45.1.172 target=192.168.1.211:5219 bitrate=1M duration_s=80 planned_end_epoch=1787354989 timeout_s=90 hard_timeout_epoch=1787355004 start_rx_bytes=0
[2026-08-22T01:28:29+02:00] UE_SLOT_PID timestamp=2026-08-21T23:28:29+00:00 active_ues=19 slot=18 attempt=1 ue_idx=18 pid=22887
[2026-08-22T01:28:29+02:00] UPF_CONTROL_SAMPLE timestamp=2026-08-22T01:28:28+02:00 scenario=ue_19 pod=open5gs-upf-5b9db6d44-nsbqz uid=7b5b8ef7-a2a2-4fe9-a3e1-74acd17bd88f restarts=6 usage_cpu=216m usage_mem=37Mi request_cpu=271m request_mem=250Mi limit_cpu=none limit_mem=none vpa_target_cpu=296m vpa_target_mem=250Mi vpa_uncapped_cpu=296m vpa_uncapped_mem=250Mi vpa_lower_cpu=115m vpa_lower_mem=250Mi vpa_upper_cpu=1500m vpa_upper_mem=512Mi
[2026-08-22T01:28:29+02:00] IPERF_MAPPING_SUMMARY timestamp=2026-08-21T23:28:29+00:00 active_ues=19 registered_tunnels=50 initial_ports=5201-5219 replacement_ports=5251-5265 bitrate=1M start_delay=0.05 detection=no_rx_counter replacement_min_duration_s=5 adaptive_extension_max_s=1 iperf_exit_grace_s=3 server_busy_port_rebinds=1 late_replacement_after_end=disabled wait_for_iperf_exit=until_timeout global_suspect_policy=soft_reuse ramp_supervision=after_initial_start
[2026-08-22T01:28:31+02:00] UPF_CONTROL_SAMPLE timestamp=2026-08-22T01:28:30+02:00 scenario=ue_19 pod=open5gs-upf-5b9db6d44-nsbqz uid=7b5b8ef7-a2a2-4fe9-a3e1-74acd17bd88f restarts=6 usage_cpu=216m usage_mem=37Mi request_cpu=271m request_mem=250Mi limit_cpu=none limit_mem=none vpa_target_cpu=296m vpa_target_mem=250Mi vpa_uncapped_cpu=296m vpa_uncapped_mem=250Mi vpa_lower_cpu=115m vpa_lower_mem=250Mi vpa_upper_cpu=1500m vpa_upper_mem=512Mi
[2026-08-22T01:28:34+02:00] UPF_CONTROL_SAMPLE timestamp=2026-08-22T01:28:32+02:00 scenario=ue_19 pod=open5gs-upf-5b9db6d44-nsbqz uid=7b5b8ef7-a2a2-4fe9-a3e1-74acd17bd88f restarts=6 usage_cpu=216m usage_mem=37Mi request_cpu=271m request_mem=250Mi limit_cpu=none limit_mem=none vpa_target_cpu=296m vpa_target_mem=250Mi vpa_uncapped_cpu=296m vpa_uncapped_mem=250Mi vpa_lower_cpu=115m vpa_lower_mem=250Mi vpa_upper_cpu=1500m vpa_upper_mem=512Mi
[2026-08-22T01:28:36+02:00] UPF_CONTROL_SAMPLE timestamp=2026-08-22T01:28:35+02:00 scenario=ue_19 pod=open5gs-upf-5b9db6d44-nsbqz uid=7b5b8ef7-a2a2-4fe9-a3e1-74acd17bd88f restarts=6 usage_cpu=216m usage_mem=37Mi request_cpu=271m request_mem=250Mi limit_cpu=none limit_mem=none vpa_target_cpu=296m vpa_target_mem=250Mi vpa_uncapped_cpu=296m vpa_uncapped_mem=250Mi vpa_lower_cpu=115m vpa_lower_mem=250Mi vpa_upper_cpu=1500m vpa_upper_mem=512Mi
[2026-08-22T01:28:39+02:00] UPF_CONTROL_SAMPLE timestamp=2026-08-22T01:28:37+02:00 scenario=ue_19 pod=open5gs-upf-5b9db6d44-nsbqz uid=7b5b8ef7-a2a2-4fe9-a3e1-74acd17bd88f restarts=6 usage_cpu=216m usage_mem=37Mi request_cpu=271m request_mem=250Mi limit_cpu=none limit_mem=none vpa_target_cpu=296m vpa_target_mem=250Mi vpa_uncapped_cpu=296m vpa_uncapped_mem=250Mi vpa_lower_cpu=115m vpa_lower_mem=250Mi vpa_upper_cpu=1500m vpa_upper_mem=512Mi
[2026-08-22T01:28:42+02:00] UPF_CONTROL_SAMPLE timestamp=2026-08-22T01:28:40+02:00 scenario=ue_19 pod=open5gs-upf-5b9db6d44-nsbqz uid=7b5b8ef7-a2a2-4fe9-a3e1-74acd17bd88f restarts=6 usage_cpu=186m usage_mem=37Mi request_cpu=271m request_mem=250Mi limit_cpu=none limit_mem=none vpa_target_cpu=296m vpa_target_mem=250Mi vpa_uncapped_cpu=296m vpa_uncapped_mem=250Mi vpa_lower_cpu=115m vpa_lower_mem=250Mi vpa_upper_cpu=1500m vpa_upper_mem=512Mi
[2026-08-22T01:28:44+02:00] UPF_CONTROL_SAMPLE timestamp=2026-08-22T01:28:43+02:00 scenario=ue_19 pod=open5gs-upf-5b9db6d44-nsbqz uid=7b5b8ef7-a2a2-4fe9-a3e1-74acd17bd88f restarts=6 usage_cpu=186m usage_mem=37Mi request_cpu=271m request_mem=250Mi limit_cpu=none limit_mem=none vpa_target_cpu=296m vpa_target_mem=250Mi vpa_uncapped_cpu=296m vpa_uncapped_mem=250Mi vpa_lower_cpu=115m vpa_lower_mem=250Mi vpa_upper_cpu=1500m vpa_upper_mem=512Mi
[2026-08-22T01:28:46+02:00] FAILED_CLIENT_LOG_BEGIN slot=18 logfile=/tmp/upf_iperf_adaptive_20260822_011359_ue_19/slot_18_attempt_1_ue_18_port_5219.log
[2026-08-22T01:28:46+02:00] FAILED_CLIENT_LOG_END slot=18 logfile=/tmp/upf_iperf_adaptive_20260822_011359_ue_19/slot_18_attempt_1_ue_18_port_5219.log
[2026-08-22T01:28:46+02:00] UE_SLOT_PROBLEM_DETECTED timestamp=2026-08-21T23:28:46+00:00 active_ues=19 slot=18 attempt=1 ue_idx=18 ue_if=uesimtun18 ue_ip=10.45.1.172 port=5219 reason=rx_stall_5s remaining_s=63
[2026-08-22T01:28:46+02:00] UE_MARKED_PROBLEMATIC timestamp=2026-08-21T23:28:46+00:00 active_ues=19 ue_idx=18 reason=rx_stall_5s scope=scenario_and_global_suspect
[2026-08-22T01:28:47+02:00] UPF_CONTROL_SAMPLE timestamp=2026-08-22T01:28:45+02:00 scenario=ue_19 pod=open5gs-upf-5b9db6d44-nsbqz uid=7b5b8ef7-a2a2-4fe9-a3e1-74acd17bd88f restarts=6 usage_cpu=186m usage_mem=37Mi request_cpu=271m request_mem=250Mi limit_cpu=none limit_mem=none vpa_target_cpu=296m vpa_target_mem=250Mi vpa_uncapped_cpu=296m vpa_uncapped_mem=250Mi vpa_lower_cpu=115m vpa_lower_mem=250Mi vpa_upper_cpu=1500m vpa_upper_mem=512Mi
[2026-08-22T01:28:47+02:00] UE_SLOT_REPLACE timestamp=2026-08-21T23:28:47+00:00 active_ues=19 slot=18 reason=rx_stall_5s old_attempt=1 old_ue_idx=18 old_ue_if=uesimtun18 old_ue_ip=10.45.1.172 old_port=5219 new_attempt=2 new_ue_idx=19 new_ue_if=uesimtun19 new_ue_ip=10.45.1.175 new_port=5251 remaining_s=63 extension_used_s=0 extension_limit_s=1 candidate_reused_global_suspect=0 replacements_total=1
[2026-08-22T01:28:47+02:00] UE_SLOT_START timestamp=2026-08-21T23:28:47+00:00 active_ues=19 slot=18 attempt=2 ue_idx=19 ue_if=uesimtun19 ue_ip=10.45.1.175 target=192.168.1.211:5251 bitrate=1M duration_s=63 planned_end_epoch=1787354989 timeout_s=73 hard_timeout_epoch=1787355005 start_rx_bytes=0
[2026-08-22T01:28:47+02:00] UE_SLOT_PID timestamp=2026-08-21T23:28:47+00:00 active_ues=19 slot=18 attempt=2 ue_idx=19 pid=23643
[2026-08-22T01:28:49+02:00] UPF_CONTROL_SAMPLE timestamp=2026-08-22T01:28:48+02:00 scenario=ue_19 pod=open5gs-upf-5b9db6d44-nsbqz uid=7b5b8ef7-a2a2-4fe9-a3e1-74acd17bd88f restarts=6 usage_cpu=186m usage_mem=37Mi request_cpu=271m request_mem=250Mi limit_cpu=none limit_mem=none vpa_target_cpu=296m vpa_target_mem=250Mi vpa_uncapped_cpu=296m vpa_uncapped_mem=250Mi vpa_lower_cpu=115m vpa_lower_mem=250Mi vpa_upper_cpu=1500m vpa_upper_mem=512Mi
[2026-08-22T01:28:51+02:00] UPF_CONTROL_SAMPLE timestamp=2026-08-22T01:28:50+02:00 scenario=ue_19 pod=open5gs-upf-5b9db6d44-nsbqz uid=7b5b8ef7-a2a2-4fe9-a3e1-74acd17bd88f restarts=6 usage_cpu=186m usage_mem=37Mi request_cpu=271m request_mem=250Mi limit_cpu=none limit_mem=none vpa_target_cpu=296m vpa_target_mem=250Mi vpa_uncapped_cpu=296m vpa_uncapped_mem=250Mi vpa_lower_cpu=115m vpa_lower_mem=250Mi vpa_upper_cpu=1500m vpa_upper_mem=512Mi
[2026-08-22T01:28:53+02:00] UPF_CONTROL_SAMPLE timestamp=2026-08-22T01:28:52+02:00 scenario=ue_19 pod=open5gs-upf-5b9db6d44-nsbqz uid=7b5b8ef7-a2a2-4fe9-a3e1-74acd17bd88f restarts=6 usage_cpu=186m usage_mem=37Mi request_cpu=271m request_mem=250Mi limit_cpu=none limit_mem=none vpa_target_cpu=296m vpa_target_mem=250Mi vpa_uncapped_cpu=296m vpa_uncapped_mem=250Mi vpa_lower_cpu=115m vpa_lower_mem=250Mi vpa_upper_cpu=1500m vpa_upper_mem=512Mi
[2026-08-22T01:28:56+02:00] UPF_CONTROL_SAMPLE timestamp=2026-08-22T01:28:54+02:00 scenario=ue_19 pod=open5gs-upf-5b9db6d44-nsbqz uid=7b5b8ef7-a2a2-4fe9-a3e1-74acd17bd88f restarts=6 usage_cpu=293m usage_mem=37Mi request_cpu=271m request_mem=250Mi limit_cpu=none limit_mem=none vpa_target_cpu=296m vpa_target_mem=250Mi vpa_uncapped_cpu=296m vpa_uncapped_mem=250Mi vpa_lower_cpu=115m vpa_lower_mem=250Mi vpa_upper_cpu=1500m vpa_upper_mem=512Mi
[2026-08-22T01:28:58+02:00] UPF_CONTROL_SAMPLE timestamp=2026-08-22T01:28:57+02:00 scenario=ue_19 pod=open5gs-upf-5b9db6d44-nsbqz uid=7b5b8ef7-a2a2-4fe9-a3e1-74acd17bd88f restarts=6 usage_cpu=293m usage_mem=37Mi request_cpu=271m request_mem=250Mi limit_cpu=none limit_mem=none vpa_target_cpu=296m vpa_target_mem=250Mi vpa_uncapped_cpu=296m vpa_uncapped_mem=250Mi vpa_lower_cpu=115m vpa_lower_mem=250Mi vpa_upper_cpu=1500m vpa_upper_mem=512Mi
[2026-08-22T01:29:00+02:00] UPF_CONTROL_SAMPLE timestamp=2026-08-22T01:28:59+02:00 scenario=ue_19 pod=open5gs-upf-5b9db6d44-nsbqz uid=7b5b8ef7-a2a2-4fe9-a3e1-74acd17bd88f restarts=6 usage_cpu=293m usage_mem=37Mi request_cpu=271m request_mem=250Mi limit_cpu=none limit_mem=none vpa_target_cpu=296m vpa_target_mem=250Mi vpa_uncapped_cpu=296m vpa_uncapped_mem=250Mi vpa_lower_cpu=115m vpa_lower_mem=250Mi vpa_upper_cpu=1500m vpa_upper_mem=512Mi
[2026-08-22T01:29:03+02:00] UPF_CONTROL_SAMPLE timestamp=2026-08-22T01:29:01+02:00 scenario=ue_19 pod=open5gs-upf-5b9db6d44-nsbqz uid=7b5b8ef7-a2a2-4fe9-a3e1-74acd17bd88f restarts=6 usage_cpu=293m usage_mem=37Mi request_cpu=271m request_mem=250Mi limit_cpu=none limit_mem=none vpa_target_cpu=296m vpa_target_mem=250Mi vpa_uncapped_cpu=296m vpa_uncapped_mem=250Mi vpa_lower_cpu=115m vpa_lower_mem=250Mi vpa_upper_cpu=1500m vpa_upper_mem=512Mi
[2026-08-22T01:29:05+02:00] UPF_CONTROL_SAMPLE timestamp=2026-08-22T01:29:04+02:00 scenario=ue_19 pod=open5gs-upf-5b9db6d44-nsbqz uid=7b5b8ef7-a2a2-4fe9-a3e1-74acd17bd88f restarts=6 usage_cpu=293m usage_mem=37Mi request_cpu=271m request_mem=250Mi limit_cpu=none limit_mem=none vpa_target_cpu=296m vpa_target_mem=250Mi vpa_uncapped_cpu=296m vpa_uncapped_mem=250Mi vpa_lower_cpu=115m vpa_lower_mem=250Mi vpa_upper_cpu=1500m vpa_upper_mem=512Mi
[2026-08-22T01:29:07+02:00] UPF_CONTROL_SAMPLE timestamp=2026-08-22T01:29:06+02:00 scenario=ue_19 pod=open5gs-upf-5b9db6d44-nsbqz uid=7b5b8ef7-a2a2-4fe9-a3e1-74acd17bd88f restarts=6 usage_cpu=293m usage_mem=37Mi request_cpu=271m request_mem=250Mi limit_cpu=none limit_mem=none vpa_target_cpu=296m vpa_target_mem=250Mi vpa_uncapped_cpu=296m vpa_uncapped_mem=250Mi vpa_lower_cpu=115m vpa_lower_mem=250Mi vpa_upper_cpu=1500m vpa_upper_mem=512Mi
[2026-08-22T01:29:09+02:00] UPF_CONTROL_SAMPLE timestamp=2026-08-22T01:29:08+02:00 scenario=ue_19 pod=open5gs-upf-5b9db6d44-nsbqz uid=7b5b8ef7-a2a2-4fe9-a3e1-74acd17bd88f restarts=6 usage_cpu=293m usage_mem=37Mi request_cpu=271m request_mem=250Mi limit_cpu=none limit_mem=none vpa_target_cpu=296m vpa_target_mem=250Mi vpa_uncapped_cpu=296m vpa_uncapped_mem=250Mi vpa_lower_cpu=115m vpa_lower_mem=250Mi vpa_upper_cpu=1500m vpa_upper_mem=512Mi
[2026-08-22T01:29:12+02:00] VPA_RECOMMENDATION_CHANGE timestamp=2026-08-22T01:29:10+02:00 scenario=ue_19 old='vpa_target_cpu=296m vpa_target_mem=250Mi vpa_uncapped_cpu=296m vpa_uncapped_mem=250Mi vpa_lower_cpu=115m vpa_lower_mem=250Mi vpa_upper_cpu=1500m vpa_upper_mem=512Mi' new='vpa_target_cpu=323m vpa_target_mem=250Mi vpa_uncapped_cpu=323m vpa_uncapped_mem=250Mi vpa_lower_cpu=117m vpa_lower_mem=250Mi vpa_upper_cpu=1500m vpa_upper_mem=512Mi' previous_5s_sample='timestamp=2026-08-22T01:29:04+02:00 scenario=ue_19 pod=open5gs-upf-5b9db6d44-nsbqz uid=7b5b8ef7-a2a2-4fe9-a3e1-74acd17bd88f restarts=6 usage_cpu=293m usage_mem=37Mi request_cpu=271m request_mem=250Mi limit_cpu=none limit_mem=none vpa_target_cpu=296m vpa_target_mem=250Mi vpa_uncapped_cpu=296m vpa_uncapped_mem=250Mi vpa_lower_cpu=115m vpa_lower_mem=250Mi vpa_upper_cpu=1500m vpa_upper_mem=512Mi' current_sample='timestamp=2026-08-22T01:29:10+02:00 scenario=ue_19 pod=open5gs-upf-5b9db6d44-nsbqz uid=7b5b8ef7-a2a2-4fe9-a3e1-74acd17bd88f restarts=6 usage_cpu=291m usage_mem=37Mi request_cpu=271m request_mem=250Mi limit_cpu=none limit_mem=none vpa_target_cpu=323m vpa_target_mem=250Mi vpa_uncapped_cpu=323m vpa_uncapped_mem=250Mi vpa_lower_cpu=117m vpa_lower_mem=250Mi vpa_upper_cpu=1500m vpa_upper_mem=512Mi'
[2026-08-22T01:29:12+02:00] UPF_CONTROL_SAMPLE timestamp=2026-08-22T01:29:10+02:00 scenario=ue_19 pod=open5gs-upf-5b9db6d44-nsbqz uid=7b5b8ef7-a2a2-4fe9-a3e1-74acd17bd88f restarts=6 usage_cpu=291m usage_mem=37Mi request_cpu=271m request_mem=250Mi limit_cpu=none limit_mem=none vpa_target_cpu=323m vpa_target_mem=250Mi vpa_uncapped_cpu=323m vpa_uncapped_mem=250Mi vpa_lower_cpu=117m vpa_lower_mem=250Mi vpa_upper_cpu=1500m vpa_upper_mem=512Mi
[2026-08-22T01:29:14+02:00] UPF_CONTROL_SAMPLE timestamp=2026-08-22T01:29:13+02:00 scenario=ue_19 pod=open5gs-upf-5b9db6d44-nsbqz uid=7b5b8ef7-a2a2-4fe9-a3e1-74acd17bd88f restarts=6 usage_cpu=291m usage_mem=37Mi request_cpu=271m request_mem=250Mi limit_cpu=none limit_mem=none vpa_target_cpu=323m vpa_target_mem=250Mi vpa_uncapped_cpu=323m vpa_uncapped_mem=250Mi vpa_lower_cpu=117m vpa_lower_mem=250Mi vpa_upper_cpu=1500m vpa_upper_mem=512Mi
[2026-08-22T01:29:16+02:00] UPF_CONTROL_SAMPLE timestamp=2026-08-22T01:29:15+02:00 scenario=ue_19 pod=open5gs-upf-5b9db6d44-nsbqz uid=7b5b8ef7-a2a2-4fe9-a3e1-74acd17bd88f restarts=6 usage_cpu=291m usage_mem=37Mi request_cpu=271m request_mem=250Mi limit_cpu=none limit_mem=none vpa_target_cpu=323m vpa_target_mem=250Mi vpa_uncapped_cpu=323m vpa_uncapped_mem=250Mi vpa_lower_cpu=117m vpa_lower_mem=250Mi vpa_upper_cpu=1500m vpa_upper_mem=512Mi
[2026-08-22T01:29:19+02:00] UPF_CONTROL_SAMPLE timestamp=2026-08-22T01:29:17+02:00 scenario=ue_19 pod=open5gs-upf-5b9db6d44-nsbqz uid=7b5b8ef7-a2a2-4fe9-a3e1-74acd17bd88f restarts=6 usage_cpu=291m usage_mem=37Mi request_cpu=271m request_mem=250Mi limit_cpu=none limit_mem=none vpa_target_cpu=323m vpa_target_mem=250Mi vpa_uncapped_cpu=323m vpa_uncapped_mem=250Mi vpa_lower_cpu=117m vpa_lower_mem=250Mi vpa_upper_cpu=1500m vpa_upper_mem=512Mi
[2026-08-22T01:29:21+02:00] UPF_CONTROL_SAMPLE timestamp=2026-08-22T01:29:20+02:00 scenario=ue_19 pod=open5gs-upf-5b9db6d44-nsbqz uid=7b5b8ef7-a2a2-4fe9-a3e1-74acd17bd88f restarts=6 usage_cpu=291m usage_mem=37Mi request_cpu=271m request_mem=250Mi limit_cpu=none limit_mem=none vpa_target_cpu=323m vpa_target_mem=250Mi vpa_uncapped_cpu=323m vpa_uncapped_mem=250Mi vpa_lower_cpu=117m vpa_lower_mem=250Mi vpa_upper_cpu=1500m vpa_upper_mem=512Mi
[2026-08-22T01:29:23+02:00] UPF_CONTROL_SAMPLE timestamp=2026-08-22T01:29:22+02:00 scenario=ue_19 pod=open5gs-upf-5b9db6d44-nsbqz uid=7b5b8ef7-a2a2-4fe9-a3e1-74acd17bd88f restarts=6 usage_cpu=291m usage_mem=37Mi request_cpu=271m request_mem=250Mi limit_cpu=none limit_mem=none vpa_target_cpu=323m vpa_target_mem=250Mi vpa_uncapped_cpu=323m vpa_uncapped_mem=250Mi vpa_lower_cpu=117m vpa_lower_mem=250Mi vpa_upper_cpu=1500m vpa_upper_mem=512Mi
[2026-08-22T01:29:25+02:00] UPF_CONTROL_SAMPLE timestamp=2026-08-22T01:29:24+02:00 scenario=ue_19 pod=open5gs-upf-5b9db6d44-nsbqz uid=7b5b8ef7-a2a2-4fe9-a3e1-74acd17bd88f restarts=6 usage_cpu=296m usage_mem=37Mi request_cpu=271m request_mem=250Mi limit_cpu=none limit_mem=none vpa_target_cpu=323m vpa_target_mem=250Mi vpa_uncapped_cpu=323m vpa_uncapped_mem=250Mi vpa_lower_cpu=117m vpa_lower_mem=250Mi vpa_upper_cpu=1500m vpa_upper_mem=512Mi
[2026-08-22T01:29:28+02:00] UPF_REQUEST_CHANGE timestamp=2026-08-22T01:29:26+02:00 scenario=ue_19 pod=open5gs-upf-5b9db6d44-nsbqz uid=7b5b8ef7-a2a2-4fe9-a3e1-74acd17bd88f restarts=6 old='request_cpu=271m request_mem=250Mi limit_cpu=none limit_mem=none' new='request_cpu=323m request_mem=250Mi limit_cpu=none limit_mem=none' previous_5s_sample='timestamp=2026-08-22T01:29:20+02:00 scenario=ue_19 pod=open5gs-upf-5b9db6d44-nsbqz uid=7b5b8ef7-a2a2-4fe9-a3e1-74acd17bd88f restarts=6 usage_cpu=291m usage_mem=37Mi request_cpu=271m request_mem=250Mi limit_cpu=none limit_mem=none vpa_target_cpu=323m vpa_target_mem=250Mi vpa_uncapped_cpu=323m vpa_uncapped_mem=250Mi vpa_lower_cpu=117m vpa_lower_mem=250Mi vpa_upper_cpu=1500m vpa_upper_mem=512Mi' current_sample='timestamp=2026-08-22T01:29:26+02:00 scenario=ue_19 pod=open5gs-upf-5b9db6d44-nsbqz uid=7b5b8ef7-a2a2-4fe9-a3e1-74acd17bd88f restarts=6 usage_cpu=296m usage_mem=37Mi request_cpu=323m request_mem=250Mi limit_cpu=none limit_mem=none vpa_target_cpu=323m vpa_target_mem=250Mi vpa_uncapped_cpu=323m vpa_uncapped_mem=250Mi vpa_lower_cpu=117m vpa_lower_mem=250Mi vpa_upper_cpu=1500m vpa_upper_mem=512Mi'
[2026-08-22T01:29:28+02:00] UPF_CONTROL_SAMPLE timestamp=2026-08-22T01:29:26+02:00 scenario=ue_19 pod=open5gs-upf-5b9db6d44-nsbqz uid=7b5b8ef7-a2a2-4fe9-a3e1-74acd17bd88f restarts=6 usage_cpu=296m usage_mem=37Mi request_cpu=323m request_mem=250Mi limit_cpu=none limit_mem=none vpa_target_cpu=323m vpa_target_mem=250Mi vpa_uncapped_cpu=323m vpa_uncapped_mem=250Mi vpa_lower_cpu=117m vpa_lower_mem=250Mi vpa_upper_cpu=1500m vpa_upper_mem=512Mi
[2026-08-22T01:29:30+02:00] UPF_CONTROL_SAMPLE timestamp=2026-08-22T01:29:29+02:00 scenario=ue_19 pod=open5gs-upf-5b9db6d44-nsbqz uid=7b5b8ef7-a2a2-4fe9-a3e1-74acd17bd88f restarts=6 usage_cpu=296m usage_mem=37Mi request_cpu=323m request_mem=250Mi limit_cpu=none limit_mem=none vpa_target_cpu=323m vpa_target_mem=250Mi vpa_uncapped_cpu=323m vpa_uncapped_mem=250Mi vpa_lower_cpu=117m vpa_lower_mem=250Mi vpa_upper_cpu=1500m vpa_upper_mem=512Mi
[2026-08-22T01:29:32+02:00] UPF_CONTROL_SAMPLE timestamp=2026-08-22T01:29:31+02:00 scenario=ue_19 pod=open5gs-upf-5b9db6d44-nsbqz uid=7b5b8ef7-a2a2-4fe9-a3e1-74acd17bd88f restarts=6 usage_cpu=296m usage_mem=37Mi request_cpu=323m request_mem=250Mi limit_cpu=none limit_mem=none vpa_target_cpu=323m vpa_target_mem=250Mi vpa_uncapped_cpu=323m vpa_uncapped_mem=250Mi vpa_lower_cpu=117m vpa_lower_mem=250Mi vpa_upper_cpu=1500m vpa_upper_mem=512Mi
[2026-08-22T01:29:34+02:00] UPF_CONTROL_SAMPLE timestamp=2026-08-22T01:29:33+02:00 scenario=ue_19 pod=open5gs-upf-5b9db6d44-nsbqz uid=7b5b8ef7-a2a2-4fe9-a3e1-74acd17bd88f restarts=6 usage_cpu=296m usage_mem=37Mi request_cpu=323m request_mem=250Mi limit_cpu=none limit_mem=none vpa_target_cpu=323m vpa_target_mem=250Mi vpa_uncapped_cpu=323m vpa_uncapped_mem=250Mi vpa_lower_cpu=117m vpa_lower_mem=250Mi vpa_upper_cpu=1500m vpa_upper_mem=512Mi
[2026-08-22T01:29:36+02:00] UPF_CONTROL_SAMPLE timestamp=2026-08-22T01:29:35+02:00 scenario=ue_19 pod=open5gs-upf-5b9db6d44-nsbqz uid=7b5b8ef7-a2a2-4fe9-a3e1-74acd17bd88f restarts=6 usage_cpu=296m usage_mem=37Mi request_cpu=323m request_mem=250Mi limit_cpu=none limit_mem=none vpa_target_cpu=323m vpa_target_mem=250Mi vpa_uncapped_cpu=323m vpa_uncapped_mem=250Mi vpa_lower_cpu=117m vpa_lower_mem=250Mi vpa_upper_cpu=1500m vpa_upper_mem=512Mi
[2026-08-22T01:29:39+02:00] UPF_CONTROL_SAMPLE timestamp=2026-08-22T01:29:37+02:00 scenario=ue_19 pod=open5gs-upf-5b9db6d44-nsbqz uid=7b5b8ef7-a2a2-4fe9-a3e1-74acd17bd88f restarts=6 usage_cpu=296m usage_mem=37Mi request_cpu=323m request_mem=250Mi limit_cpu=none limit_mem=none vpa_target_cpu=323m vpa_target_mem=250Mi vpa_uncapped_cpu=323m vpa_uncapped_mem=250Mi vpa_lower_cpu=117m vpa_lower_mem=250Mi vpa_upper_cpu=1500m vpa_upper_mem=512Mi
[2026-08-22T01:29:41+02:00] UPF_CONTROL_SAMPLE timestamp=2026-08-22T01:29:40+02:00 scenario=ue_19 pod=open5gs-upf-5b9db6d44-nsbqz uid=7b5b8ef7-a2a2-4fe9-a3e1-74acd17bd88f restarts=6 usage_cpu=294m usage_mem=37Mi request_cpu=323m request_mem=250Mi limit_cpu=none limit_mem=none vpa_target_cpu=323m vpa_target_mem=250Mi vpa_uncapped_cpu=323m vpa_uncapped_mem=250Mi vpa_lower_cpu=117m vpa_lower_mem=250Mi vpa_upper_cpu=1500m vpa_upper_mem=512Mi
[2026-08-22T01:29:43+02:00] UPF_CONTROL_SAMPLE timestamp=2026-08-22T01:29:42+02:00 scenario=ue_19 pod=open5gs-upf-5b9db6d44-nsbqz uid=7b5b8ef7-a2a2-4fe9-a3e1-74acd17bd88f restarts=6 usage_cpu=294m usage_mem=37Mi request_cpu=323m request_mem=250Mi limit_cpu=none limit_mem=none vpa_target_cpu=323m vpa_target_mem=250Mi vpa_uncapped_cpu=323m vpa_uncapped_mem=250Mi vpa_lower_cpu=117m vpa_lower_mem=250Mi vpa_upper_cpu=1500m vpa_upper_mem=512Mi
[2026-08-22T01:29:45+02:00] UPF_CONTROL_SAMPLE timestamp=2026-08-22T01:29:44+02:00 scenario=ue_19 pod=open5gs-upf-5b9db6d44-nsbqz uid=7b5b8ef7-a2a2-4fe9-a3e1-74acd17bd88f restarts=6 usage_cpu=294m usage_mem=37Mi request_cpu=323m request_mem=250Mi limit_cpu=none limit_mem=none vpa_target_cpu=323m vpa_target_mem=250Mi vpa_uncapped_cpu=323m vpa_uncapped_mem=250Mi vpa_lower_cpu=117m vpa_lower_mem=250Mi vpa_upper_cpu=1500m vpa_upper_mem=512Mi
[2026-08-22T01:29:46+02:00] UE_SLOT_DONE timestamp=2026-08-21T23:29:46+00:00 active_ues=19 slot=0 attempt=1 ue_idx=0 ue_if=uesimtun0 ue_ip=10.45.1.146 port=5201 rc=0 replacements_for_slot=0 server_busy_retries_for_slot=0
[2026-08-22T01:29:46+02:00] UE_SLOT_DONE timestamp=2026-08-21T23:29:46+00:00 active_ues=19 slot=1 attempt=1 ue_idx=1 ue_if=uesimtun1 ue_ip=10.45.1.147 port=5202 rc=0 replacements_for_slot=0 server_busy_retries_for_slot=0
[2026-08-22T01:29:46+02:00] UE_SLOT_DONE timestamp=2026-08-21T23:29:46+00:00 active_ues=19 slot=2 attempt=1 ue_idx=2 ue_if=uesimtun2 ue_ip=10.45.1.148 port=5203 rc=0 replacements_for_slot=0 server_busy_retries_for_slot=0
[2026-08-22T01:29:46+02:00] UE_SLOT_DONE timestamp=2026-08-21T23:29:46+00:00 active_ues=19 slot=3 attempt=1 ue_idx=3 ue_if=uesimtun3 ue_ip=10.45.1.149 port=5204 rc=0 replacements_for_slot=0 server_busy_retries_for_slot=0
[2026-08-22T01:29:46+02:00] UE_SLOT_DONE timestamp=2026-08-21T23:29:46+00:00 active_ues=19 slot=4 attempt=1 ue_idx=4 ue_if=uesimtun4 ue_ip=10.45.1.151 port=5205 rc=0 replacements_for_slot=0 server_busy_retries_for_slot=0
[2026-08-22T01:29:48+02:00] UPF_CONTROL_SAMPLE timestamp=2026-08-22T01:29:46+02:00 scenario=ue_19 pod=open5gs-upf-5b9db6d44-nsbqz uid=7b5b8ef7-a2a2-4fe9-a3e1-74acd17bd88f restarts=6 usage_cpu=294m usage_mem=37Mi request_cpu=323m request_mem=250Mi limit_cpu=none limit_mem=none vpa_target_cpu=323m vpa_target_mem=250Mi vpa_uncapped_cpu=323m vpa_uncapped_mem=250Mi vpa_lower_cpu=117m vpa_lower_mem=250Mi vpa_upper_cpu=1500m vpa_upper_mem=512Mi
[2026-08-22T01:29:48+02:00] UE_SLOT_DONE timestamp=2026-08-21T23:29:48+00:00 active_ues=19 slot=5 attempt=1 ue_idx=5 ue_if=uesimtun5 ue_ip=10.45.1.150 port=5206 rc=0 replacements_for_slot=0 server_busy_retries_for_slot=0
[2026-08-22T01:29:48+02:00] UE_SLOT_DONE timestamp=2026-08-21T23:29:48+00:00 active_ues=19 slot=6 attempt=1 ue_idx=6 ue_if=uesimtun6 ue_ip=10.45.1.152 port=5207 rc=0 replacements_for_slot=0 server_busy_retries_for_slot=0
[2026-08-22T01:29:48+02:00] UE_SLOT_DONE timestamp=2026-08-21T23:29:48+00:00 active_ues=19 slot=7 attempt=1 ue_idx=7 ue_if=uesimtun7 ue_ip=10.45.1.154 port=5208 rc=0 replacements_for_slot=0 server_busy_retries_for_slot=0
[2026-08-22T01:29:48+02:00] UE_SLOT_DONE timestamp=2026-08-21T23:29:48+00:00 active_ues=19 slot=8 attempt=1 ue_idx=8 ue_if=uesimtun8 ue_ip=10.45.1.156 port=5209 rc=0 replacements_for_slot=0 server_busy_retries_for_slot=0
[2026-08-22T01:29:48+02:00] UE_SLOT_DONE timestamp=2026-08-21T23:29:48+00:00 active_ues=19 slot=9 attempt=1 ue_idx=9 ue_if=uesimtun9 ue_ip=10.45.1.158 port=5210 rc=0 replacements_for_slot=0 server_busy_retries_for_slot=0
[2026-08-22T01:29:48+02:00] UE_SLOT_DONE timestamp=2026-08-21T23:29:48+00:00 active_ues=19 slot=10 attempt=1 ue_idx=10 ue_if=uesimtun10 ue_ip=10.45.1.159 port=5211 rc=0 replacements_for_slot=0 server_busy_retries_for_slot=0
[2026-08-22T01:29:48+02:00] UE_SLOT_DONE timestamp=2026-08-21T23:29:48+00:00 active_ues=19 slot=11 attempt=1 ue_idx=11 ue_if=uesimtun11 ue_ip=10.45.1.155 port=5212 rc=0 replacements_for_slot=0 server_busy_retries_for_slot=0
[2026-08-22T01:29:48+02:00] UE_SLOT_DONE timestamp=2026-08-21T23:29:48+00:00 active_ues=19 slot=12 attempt=1 ue_idx=12 ue_if=uesimtun12 ue_ip=10.45.1.164 port=5213 rc=0 replacements_for_slot=0 server_busy_retries_for_slot=0
[2026-08-22T01:29:49+02:00] UE_SLOT_DONE timestamp=2026-08-21T23:29:49+00:00 active_ues=19 slot=13 attempt=1 ue_idx=13 ue_if=uesimtun13 ue_ip=10.45.1.161 port=5214 rc=0 replacements_for_slot=0 server_busy_retries_for_slot=0
[2026-08-22T01:29:49+02:00] UE_SLOT_DONE timestamp=2026-08-21T23:29:49+00:00 active_ues=19 slot=14 attempt=1 ue_idx=14 ue_if=uesimtun14 ue_ip=10.45.1.167 port=5215 rc=0 replacements_for_slot=0 server_busy_retries_for_slot=0
[2026-08-22T01:29:50+02:00] UE_SLOT_DONE timestamp=2026-08-21T23:29:50+00:00 active_ues=19 slot=15 attempt=1 ue_idx=15 ue_if=uesimtun15 ue_ip=10.45.1.157 port=5216 rc=0 replacements_for_slot=0 server_busy_retries_for_slot=0
[2026-08-22T01:29:50+02:00] UE_SLOT_DONE timestamp=2026-08-21T23:29:50+00:00 active_ues=19 slot=16 attempt=1 ue_idx=16 ue_if=uesimtun16 ue_ip=10.45.1.168 port=5217 rc=0 replacements_for_slot=0 server_busy_retries_for_slot=0
[2026-08-22T01:29:50+02:00] UE_SLOT_DONE timestamp=2026-08-21T23:29:50+00:00 active_ues=19 slot=17 attempt=1 ue_idx=17 ue_if=uesimtun17 ue_ip=10.45.1.171 port=5218 rc=0 replacements_for_slot=0 server_busy_retries_for_slot=0
[2026-08-22T01:29:50+02:00] UPF_CONTROL_SAMPLE timestamp=2026-08-22T01:29:49+02:00 scenario=ue_19 pod=open5gs-upf-5b9db6d44-nsbqz uid=7b5b8ef7-a2a2-4fe9-a3e1-74acd17bd88f restarts=6 usage_cpu=294m usage_mem=37Mi request_cpu=323m request_mem=250Mi limit_cpu=none limit_mem=none vpa_target_cpu=323m vpa_target_mem=250Mi vpa_uncapped_cpu=323m vpa_uncapped_mem=250Mi vpa_lower_cpu=117m vpa_lower_mem=250Mi vpa_upper_cpu=1500m vpa_upper_mem=512Mi
[2026-08-22T01:29:51+02:00] UE_SLOT_DONE timestamp=2026-08-21T23:29:51+00:00 active_ues=19 slot=18 attempt=2 ue_idx=19 ue_if=uesimtun19 ue_ip=10.45.1.175 port=5251 rc=0 replacements_for_slot=1 server_busy_retries_for_slot=0
[2026-08-22T01:29:52+02:00] TRAFFIC_SUMMARY timestamp=2026-08-21T23:29:52+00:00 registered_tunnels=50 active_ues=19 target_slots=19 completed_slots=19 final_failed_slots=0 replacements=1 problematic_ues=1 zombie_ues=1 connect_timeouts=0 stalls=1 deferred_stalls=0 process_failures=0 server_busy_retries=0 server_busy_failures=0 late_timeouts_accepted=0 scenario_bad_ues=1 global_suspect_ues=1 used_ues=20 target_host=192.168.1.211 initial_ports=5201-5219 replacement_ports=5251-5265 bitrate=1M start_delay=0.05 detection=no_rx_counter replacement_min_duration_s=5 adaptive_extension_max_s=1 iperf_exit_grace_s=3 server_busy_retries_limit=1 server_busy_retry_delay_s=2 late_replacement_after_end=disabled wait_for_iperf_exit=until_timeout global_suspect_policy=soft_reuse ramp_supervision=after_initial_start
[2026-08-22T01:29:52+02:00] UE_POOL_SCENARIO_BAD_CURRENT timestamp=2026-08-21T23:29:52+00:00 active_ues=19 indexes=18
[2026-08-22T01:29:52+02:00] UE_POOL_GLOBAL_SUSPECT_CURRENT timestamp=2026-08-21T23:29:52+00:00 active_ues=19 indexes=18
[2026-08-22T01:29:52+02:00] REMOTE_IPERF_PER_UE_END timestamp=2026-08-21T23:29:52+00:00 active_ues=19 tag=ue_19 final_rc=0 completed_slots=19 replacements=1 problematic_ues=1 server_busy_retries=0 deferred_stalls=0 late_timeouts_accepted=0
[2026-08-22T01:29:52+02:00] UPF_CONTROL_SAMPLE timestamp=2026-08-22T01:29:51+02:00 scenario=ue_19 pod=open5gs-upf-5b9db6d44-nsbqz uid=7b5b8ef7-a2a2-4fe9-a3e1-74acd17bd88f restarts=6 usage_cpu=294m usage_mem=37Mi request_cpu=323m request_mem=250Mi limit_cpu=none limit_mem=none vpa_target_cpu=323m vpa_target_mem=250Mi vpa_uncapped_cpu=323m vpa_uncapped_mem=250Mi vpa_lower_cpu=117m vpa_lower_mem=250Mi vpa_upper_cpu=1500m vpa_upper_mem=512Mi
[2026-08-22T01:29:52+02:00] SCENARIO TRAFFIC COMMAND END timestamp=2026-08-22T01:29:52+02:00 active_ue=19 rc=0
[2026-08-22T01:29:53+02:00] SCENARIO UPF AFTER timestamp=2026-08-22T01:29:53+02:00 active_ue=19 pod=open5gs-upf-5b9db6d44-nsbqz uid=7b5b8ef7-a2a2-4fe9-a3e1-74acd17bd88f restarts=6
[2026-08-22T01:29:53+02:00] SCENARIO END timestamp=2026-08-22T01:29:53+02:00 active_ue=19 rc=0
[2026-08-22T01:29:53+02:00] ================================================================
[2026-08-22T01:29:53+02:00] SCENARIO START timestamp=2026-08-22T01:29:53+02:00 active_ue=21 registered_ue_pool=50 target_host=192.168.1.211 ports=5201-5221 replacement_ports=5251-5265 bitrate_per_ue=1M start_delay=0.05 replacement_min_duration=5 adaptive_extension_max=1
[2026-08-22T01:29:53+02:00] ================================================================
[2026-08-22T01:29:53+02:00] SCENARIO TUNNEL CHECK timestamp=2026-08-22T01:29:53+02:00 active_ue=21 current_tunnels=50 required=50
[2026-08-22T01:29:54+02:00] SCENARIO UPF BEFORE timestamp=2026-08-22T01:29:54+02:00 active_ue=21 pod=open5gs-upf-5b9db6d44-nsbqz uid=7b5b8ef7-a2a2-4fe9-a3e1-74acd17bd88f restarts=6
[2026-08-22T01:29:54+02:00] REMOTE_IPERF_PER_UE_START timestamp=2026-08-21T23:29:54+00:00 active_ues=21 tag=ue_21 iperf_host=192.168.1.211 base_port=5201 replacement_base_port=5251 duration=80 bitrate=1M start_delay=0.05 detection=no_rx_counter connect_timeout_s=4 stall_seconds=5 replacement_limit=15 replacement_min_duration_s=5 adaptive_extension_max_s=1 iperf_exit_grace_s=3 server_busy_port_rebinds=1 late_replacement_after_end=disabled wait_for_iperf_exit=until_timeout global_suspect_policy=soft_reuse ramp_supervision=after_initial_start
[2026-08-22T01:29:54+02:00] UPF_CONTROL_SAMPLE timestamp=2026-08-22T01:29:53+02:00 scenario=ue_21 pod=open5gs-upf-5b9db6d44-nsbqz uid=7b5b8ef7-a2a2-4fe9-a3e1-74acd17bd88f restarts=6 usage_cpu=294m usage_mem=37Mi request_cpu=323m request_mem=250Mi limit_cpu=none limit_mem=none vpa_target_cpu=323m vpa_target_mem=250Mi vpa_uncapped_cpu=323m vpa_uncapped_mem=250Mi vpa_lower_cpu=117m vpa_lower_mem=250Mi vpa_upper_cpu=1500m vpa_upper_mem=512Mi
[2026-08-22T01:29:54+02:00] UE_POOL_STATUS timestamp=2026-08-21T23:29:54+00:00 active_ues=21 registered_tunnels=50 existing_global_suspect_ues=1 used_ues=0 policy=soft_reuse_global_suspects
[2026-08-22T01:29:54+02:00] UE_SLOT_ASSIGN timestamp=2026-08-21T23:29:54+00:00 active_ues=21 slot=0 ue_idx=0 ue_if=uesimtun0 ue_ip=10.45.1.146 candidate_reused_global_suspect=0
[2026-08-22T01:29:55+02:00] UE_SLOT_START timestamp=2026-08-21T23:29:54+00:00 active_ues=21 slot=0 attempt=1 ue_idx=0 ue_if=uesimtun0 ue_ip=10.45.1.146 target=192.168.1.211:5201 bitrate=1M duration_s=80 planned_end_epoch=1787355074 timeout_s=90 hard_timeout_epoch=1787355089 start_rx_bytes=909523
[2026-08-22T01:29:55+02:00] UE_SLOT_PID timestamp=2026-08-21T23:29:55+00:00 active_ues=21 slot=0 attempt=1 ue_idx=0 pid=26199
[2026-08-22T01:29:55+02:00] UE_SLOT_ASSIGN timestamp=2026-08-21T23:29:55+00:00 active_ues=21 slot=1 ue_idx=1 ue_if=uesimtun1 ue_ip=10.45.1.147 candidate_reused_global_suspect=0
[2026-08-22T01:29:55+02:00] UE_SLOT_START timestamp=2026-08-21T23:29:55+00:00 active_ues=21 slot=1 attempt=1 ue_idx=1 ue_if=uesimtun1 ue_ip=10.45.1.147 target=192.168.1.211:5202 bitrate=1M duration_s=80 planned_end_epoch=1787355075 timeout_s=90 hard_timeout_epoch=1787355090 start_rx_bytes=823554
[2026-08-22T01:29:55+02:00] UE_SLOT_PID timestamp=2026-08-21T23:29:55+00:00 active_ues=21 slot=1 attempt=1 ue_idx=1 pid=26224
[2026-08-22T01:29:55+02:00] UE_SLOT_ASSIGN timestamp=2026-08-21T23:29:55+00:00 active_ues=21 slot=2 ue_idx=2 ue_if=uesimtun2 ue_ip=10.45.1.148 candidate_reused_global_suspect=0
[2026-08-22T01:29:55+02:00] UE_SLOT_START timestamp=2026-08-21T23:29:55+00:00 active_ues=21 slot=2 attempt=1 ue_idx=2 ue_if=uesimtun2 ue_ip=10.45.1.148 target=192.168.1.211:5203 bitrate=1M duration_s=80 planned_end_epoch=1787355075 timeout_s=90 hard_timeout_epoch=1787355090 start_rx_bytes=819341
[2026-08-22T01:29:55+02:00] UE_SLOT_PID timestamp=2026-08-21T23:29:55+00:00 active_ues=21 slot=2 attempt=1 ue_idx=2 pid=26249
[2026-08-22T01:29:55+02:00] UE_SLOT_ASSIGN timestamp=2026-08-21T23:29:55+00:00 active_ues=21 slot=3 ue_idx=3 ue_if=uesimtun3 ue_ip=10.45.1.149 candidate_reused_global_suspect=0
[2026-08-22T01:29:55+02:00] UE_SLOT_START timestamp=2026-08-21T23:29:55+00:00 active_ues=21 slot=3 attempt=1 ue_idx=3 ue_if=uesimtun3 ue_ip=10.45.1.149 target=192.168.1.211:5204 bitrate=1M duration_s=80 planned_end_epoch=1787355075 timeout_s=90 hard_timeout_epoch=1787355090 start_rx_bytes=740965
[2026-08-22T01:29:55+02:00] UE_SLOT_PID timestamp=2026-08-21T23:29:55+00:00 active_ues=21 slot=3 attempt=1 ue_idx=3 pid=26274
[2026-08-22T01:29:55+02:00] UE_SLOT_ASSIGN timestamp=2026-08-21T23:29:55+00:00 active_ues=21 slot=4 ue_idx=4 ue_if=uesimtun4 ue_ip=10.45.1.151 candidate_reused_global_suspect=0
[2026-08-22T01:29:55+02:00] UE_SLOT_START timestamp=2026-08-21T23:29:55+00:00 active_ues=21 slot=4 attempt=1 ue_idx=4 ue_if=uesimtun4 ue_ip=10.45.1.151 target=192.168.1.211:5205 bitrate=1M duration_s=80 planned_end_epoch=1787355075 timeout_s=90 hard_timeout_epoch=1787355090 start_rx_bytes=739294
[2026-08-22T01:29:55+02:00] UE_SLOT_PID timestamp=2026-08-21T23:29:55+00:00 active_ues=21 slot=4 attempt=1 ue_idx=4 pid=26299
[2026-08-22T01:29:56+02:00] UE_SLOT_ASSIGN timestamp=2026-08-21T23:29:55+00:00 active_ues=21 slot=5 ue_idx=5 ue_if=uesimtun5 ue_ip=10.45.1.150 candidate_reused_global_suspect=0
[2026-08-22T01:29:56+02:00] UE_SLOT_START timestamp=2026-08-21T23:29:56+00:00 active_ues=21 slot=5 attempt=1 ue_idx=5 ue_if=uesimtun5 ue_ip=10.45.1.150 target=192.168.1.211:5206 bitrate=1M duration_s=80 planned_end_epoch=1787355075 timeout_s=90 hard_timeout_epoch=1787355090 start_rx_bytes=644223
[2026-08-22T01:29:56+02:00] UE_SLOT_PID timestamp=2026-08-21T23:29:56+00:00 active_ues=21 slot=5 attempt=1 ue_idx=5 pid=26324
[2026-08-22T01:29:56+02:00] UE_SLOT_ASSIGN timestamp=2026-08-21T23:29:56+00:00 active_ues=21 slot=6 ue_idx=6 ue_if=uesimtun6 ue_ip=10.45.1.152 candidate_reused_global_suspect=0
[2026-08-22T01:29:56+02:00] UE_SLOT_START timestamp=2026-08-21T23:29:56+00:00 active_ues=21 slot=6 attempt=1 ue_idx=6 ue_if=uesimtun6 ue_ip=10.45.1.152 target=192.168.1.211:5207 bitrate=1M duration_s=80 planned_end_epoch=1787355076 timeout_s=90 hard_timeout_epoch=1787355091 start_rx_bytes=645252
[2026-08-22T01:29:56+02:00] UE_SLOT_PID timestamp=2026-08-21T23:29:56+00:00 active_ues=21 slot=6 attempt=1 ue_idx=6 pid=26349
[2026-08-22T01:29:56+02:00] UE_SLOT_ASSIGN timestamp=2026-08-21T23:29:56+00:00 active_ues=21 slot=7 ue_idx=7 ue_if=uesimtun7 ue_ip=10.45.1.154 candidate_reused_global_suspect=0
[2026-08-22T01:29:56+02:00] UE_SLOT_START timestamp=2026-08-21T23:29:56+00:00 active_ues=21 slot=7 attempt=1 ue_idx=7 ue_if=uesimtun7 ue_ip=10.45.1.154 target=192.168.1.211:5208 bitrate=1M duration_s=80 planned_end_epoch=1787355076 timeout_s=90 hard_timeout_epoch=1787355091 start_rx_bytes=570058
[2026-08-22T01:29:56+02:00] UE_SLOT_PID timestamp=2026-08-21T23:29:56+00:00 active_ues=21 slot=7 attempt=1 ue_idx=7 pid=26374
[2026-08-22T01:29:56+02:00] UE_SLOT_ASSIGN timestamp=2026-08-21T23:29:56+00:00 active_ues=21 slot=8 ue_idx=8 ue_if=uesimtun8 ue_ip=10.45.1.156 candidate_reused_global_suspect=0
[2026-08-22T01:29:56+02:00] UE_SLOT_START timestamp=2026-08-21T23:29:56+00:00 active_ues=21 slot=8 attempt=1 ue_idx=8 ue_if=uesimtun8 ue_ip=10.45.1.156 target=192.168.1.211:5209 bitrate=1M duration_s=80 planned_end_epoch=1787355076 timeout_s=90 hard_timeout_epoch=1787355091 start_rx_bytes=565483
[2026-08-22T01:29:56+02:00] UE_SLOT_PID timestamp=2026-08-21T23:29:56+00:00 active_ues=21 slot=8 attempt=1 ue_idx=8 pid=26399
[2026-08-22T01:29:56+02:00] UE_SLOT_ASSIGN timestamp=2026-08-21T23:29:56+00:00 active_ues=21 slot=9 ue_idx=9 ue_if=uesimtun9 ue_ip=10.45.1.158 candidate_reused_global_suspect=0
[2026-08-22T01:29:56+02:00] UE_SLOT_START timestamp=2026-08-21T23:29:56+00:00 active_ues=21 slot=9 attempt=1 ue_idx=9 ue_if=uesimtun9 ue_ip=10.45.1.158 target=192.168.1.211:5210 bitrate=1M duration_s=80 planned_end_epoch=1787355076 timeout_s=90 hard_timeout_epoch=1787355091 start_rx_bytes=470199
[2026-08-22T01:29:56+02:00] UE_SLOT_PID timestamp=2026-08-21T23:29:56+00:00 active_ues=21 slot=9 attempt=1 ue_idx=9 pid=26424
[2026-08-22T01:29:57+02:00] UE_SLOT_ASSIGN timestamp=2026-08-21T23:29:57+00:00 active_ues=21 slot=10 ue_idx=10 ue_if=uesimtun10 ue_ip=10.45.1.159 candidate_reused_global_suspect=0
[2026-08-22T01:29:57+02:00] UE_SLOT_START timestamp=2026-08-21T23:29:57+00:00 active_ues=21 slot=10 attempt=1 ue_idx=10 ue_if=uesimtun10 ue_ip=10.45.1.159 target=192.168.1.211:5211 bitrate=1M duration_s=80 planned_end_epoch=1787355077 timeout_s=90 hard_timeout_epoch=1787355092 start_rx_bytes=470451
[2026-08-22T01:29:57+02:00] UE_SLOT_PID timestamp=2026-08-21T23:29:57+00:00 active_ues=21 slot=10 attempt=1 ue_idx=10 pid=26449
[2026-08-22T01:29:57+02:00] UPF_CONTROL_SAMPLE timestamp=2026-08-22T01:29:55+02:00 scenario=ue_21 pod=open5gs-upf-5b9db6d44-nsbqz uid=7b5b8ef7-a2a2-4fe9-a3e1-74acd17bd88f restarts=6 usage_cpu=232m usage_mem=37Mi request_cpu=323m request_mem=250Mi limit_cpu=none limit_mem=none vpa_target_cpu=323m vpa_target_mem=250Mi vpa_uncapped_cpu=323m vpa_uncapped_mem=250Mi vpa_lower_cpu=117m vpa_lower_mem=250Mi vpa_upper_cpu=1500m vpa_upper_mem=512Mi
[2026-08-22T01:29:57+02:00] UE_SLOT_ASSIGN timestamp=2026-08-21T23:29:57+00:00 active_ues=21 slot=11 ue_idx=11 ue_if=uesimtun11 ue_ip=10.45.1.155 candidate_reused_global_suspect=0
[2026-08-22T01:29:57+02:00] UE_SLOT_START timestamp=2026-08-21T23:29:57+00:00 active_ues=21 slot=11 attempt=1 ue_idx=11 ue_if=uesimtun11 ue_ip=10.45.1.155 target=192.168.1.211:5212 bitrate=1M duration_s=80 planned_end_epoch=1787355077 timeout_s=90 hard_timeout_epoch=1787355092 start_rx_bytes=377328
[2026-08-22T01:29:57+02:00] UE_SLOT_PID timestamp=2026-08-21T23:29:57+00:00 active_ues=21 slot=11 attempt=1 ue_idx=11 pid=26474
[2026-08-22T01:29:57+02:00] UE_SLOT_ASSIGN timestamp=2026-08-21T23:29:57+00:00 active_ues=21 slot=12 ue_idx=12 ue_if=uesimtun12 ue_ip=10.45.1.164 candidate_reused_global_suspect=0
[2026-08-22T01:29:57+02:00] UE_SLOT_START timestamp=2026-08-21T23:29:57+00:00 active_ues=21 slot=12 attempt=1 ue_idx=12 ue_if=uesimtun12 ue_ip=10.45.1.164 target=192.168.1.211:5213 bitrate=1M duration_s=80 planned_end_epoch=1787355077 timeout_s=90 hard_timeout_epoch=1787355092 start_rx_bytes=368447
[2026-08-22T01:29:57+02:00] UE_SLOT_PID timestamp=2026-08-21T23:29:57+00:00 active_ues=21 slot=12 attempt=1 ue_idx=12 pid=26499
[2026-08-22T01:29:57+02:00] UE_SLOT_ASSIGN timestamp=2026-08-21T23:29:57+00:00 active_ues=21 slot=13 ue_idx=13 ue_if=uesimtun13 ue_ip=10.45.1.161 candidate_reused_global_suspect=0
[2026-08-22T01:29:57+02:00] UE_SLOT_START timestamp=2026-08-21T23:29:57+00:00 active_ues=21 slot=13 attempt=1 ue_idx=13 ue_if=uesimtun13 ue_ip=10.45.1.161 target=192.168.1.211:5214 bitrate=1M duration_s=80 planned_end_epoch=1787355077 timeout_s=90 hard_timeout_epoch=1787355092 start_rx_bytes=279830
[2026-08-22T01:29:57+02:00] UE_SLOT_PID timestamp=2026-08-21T23:29:57+00:00 active_ues=21 slot=13 attempt=1 ue_idx=13 pid=26524
[2026-08-22T01:29:58+02:00] UE_SLOT_ASSIGN timestamp=2026-08-21T23:29:58+00:00 active_ues=21 slot=14 ue_idx=14 ue_if=uesimtun14 ue_ip=10.45.1.167 candidate_reused_global_suspect=0
[2026-08-22T01:29:58+02:00] UE_SLOT_START timestamp=2026-08-21T23:29:58+00:00 active_ues=21 slot=14 attempt=1 ue_idx=14 ue_if=uesimtun14 ue_ip=10.45.1.167 target=192.168.1.211:5215 bitrate=1M duration_s=80 planned_end_epoch=1787355078 timeout_s=90 hard_timeout_epoch=1787355093 start_rx_bytes=280461
[2026-08-22T01:29:58+02:00] UE_SLOT_PID timestamp=2026-08-21T23:29:58+00:00 active_ues=21 slot=14 attempt=1 ue_idx=14 pid=26549
[2026-08-22T01:29:58+02:00] UE_SLOT_ASSIGN timestamp=2026-08-21T23:29:58+00:00 active_ues=21 slot=15 ue_idx=15 ue_if=uesimtun15 ue_ip=10.45.1.157 candidate_reused_global_suspect=0
[2026-08-22T01:29:58+02:00] UE_SLOT_START timestamp=2026-08-21T23:29:58+00:00 active_ues=21 slot=15 attempt=1 ue_idx=15 ue_if=uesimtun15 ue_ip=10.45.1.157 target=192.168.1.211:5216 bitrate=1M duration_s=80 planned_end_epoch=1787355078 timeout_s=90 hard_timeout_epoch=1787355093 start_rx_bytes=186479
[2026-08-22T01:29:58+02:00] UE_SLOT_PID timestamp=2026-08-21T23:29:58+00:00 active_ues=21 slot=15 attempt=1 ue_idx=15 pid=26574
[2026-08-22T01:29:58+02:00] UE_SLOT_ASSIGN timestamp=2026-08-21T23:29:58+00:00 active_ues=21 slot=16 ue_idx=16 ue_if=uesimtun16 ue_ip=10.45.1.168 candidate_reused_global_suspect=0
[2026-08-22T01:29:58+02:00] UE_SLOT_START timestamp=2026-08-21T23:29:58+00:00 active_ues=21 slot=16 attempt=1 ue_idx=16 ue_if=uesimtun16 ue_ip=10.45.1.168 target=192.168.1.211:5217 bitrate=1M duration_s=80 planned_end_epoch=1787355078 timeout_s=90 hard_timeout_epoch=1787355093 start_rx_bytes=202470
[2026-08-22T01:29:58+02:00] UE_SLOT_PID timestamp=2026-08-21T23:29:58+00:00 active_ues=21 slot=16 attempt=1 ue_idx=16 pid=26599
[2026-08-22T01:29:58+02:00] UE_SLOT_ASSIGN timestamp=2026-08-21T23:29:58+00:00 active_ues=21 slot=17 ue_idx=17 ue_if=uesimtun17 ue_ip=10.45.1.171 candidate_reused_global_suspect=0
[2026-08-22T01:29:58+02:00] UE_SLOT_START timestamp=2026-08-21T23:29:58+00:00 active_ues=21 slot=17 attempt=1 ue_idx=17 ue_if=uesimtun17 ue_ip=10.45.1.171 target=192.168.1.211:5218 bitrate=1M duration_s=80 planned_end_epoch=1787355078 timeout_s=90 hard_timeout_epoch=1787355093 start_rx_bytes=102500
[2026-08-22T01:29:58+02:00] UE_SLOT_PID timestamp=2026-08-21T23:29:58+00:00 active_ues=21 slot=17 attempt=1 ue_idx=17 pid=26624
[2026-08-22T01:29:59+02:00] UE_SLOT_ASSIGN timestamp=2026-08-21T23:29:59+00:00 active_ues=21 slot=18 ue_idx=19 ue_if=uesimtun19 ue_ip=10.45.1.175 candidate_reused_global_suspect=0
[2026-08-22T01:29:59+02:00] UE_SLOT_START timestamp=2026-08-21T23:29:59+00:00 active_ues=21 slot=18 attempt=1 ue_idx=19 ue_if=uesimtun19 ue_ip=10.45.1.175 target=192.168.1.211:5219 bitrate=1M duration_s=80 planned_end_epoch=1787355079 timeout_s=90 hard_timeout_epoch=1787355094 start_rx_bytes=80595
[2026-08-22T01:29:59+02:00] UE_SLOT_PID timestamp=2026-08-21T23:29:59+00:00 active_ues=21 slot=18 attempt=1 ue_idx=19 pid=26649
[2026-08-22T01:29:59+02:00] UE_SLOT_ASSIGN timestamp=2026-08-21T23:29:59+00:00 active_ues=21 slot=19 ue_idx=20 ue_if=uesimtun20 ue_ip=10.45.1.178 candidate_reused_global_suspect=0
[2026-08-22T01:29:59+02:00] UE_SLOT_START timestamp=2026-08-21T23:29:59+00:00 active_ues=21 slot=19 attempt=1 ue_idx=20 ue_if=uesimtun20 ue_ip=10.45.1.178 target=192.168.1.211:5220 bitrate=1M duration_s=80 planned_end_epoch=1787355079 timeout_s=90 hard_timeout_epoch=1787355094 start_rx_bytes=0
[2026-08-22T01:29:59+02:00] UE_SLOT_PID timestamp=2026-08-21T23:29:59+00:00 active_ues=21 slot=19 attempt=1 ue_idx=20 pid=26674
[2026-08-22T01:29:59+02:00] UPF_CONTROL_SAMPLE timestamp=2026-08-22T01:29:58+02:00 scenario=ue_21 pod=open5gs-upf-5b9db6d44-nsbqz uid=7b5b8ef7-a2a2-4fe9-a3e1-74acd17bd88f restarts=6 usage_cpu=232m usage_mem=37Mi request_cpu=323m request_mem=250Mi limit_cpu=none limit_mem=none vpa_target_cpu=323m vpa_target_mem=250Mi vpa_uncapped_cpu=323m vpa_uncapped_mem=250Mi vpa_lower_cpu=117m vpa_lower_mem=250Mi vpa_upper_cpu=1500m vpa_upper_mem=512Mi
[2026-08-22T01:29:59+02:00] UE_SLOT_ASSIGN timestamp=2026-08-21T23:29:59+00:00 active_ues=21 slot=20 ue_idx=21 ue_if=uesimtun21 ue_ip=10.45.1.182 candidate_reused_global_suspect=0
[2026-08-22T01:29:59+02:00] UE_SLOT_START timestamp=2026-08-21T23:29:59+00:00 active_ues=21 slot=20 attempt=1 ue_idx=21 ue_if=uesimtun21 ue_ip=10.45.1.182 target=192.168.1.211:5221 bitrate=1M duration_s=80 planned_end_epoch=1787355079 timeout_s=90 hard_timeout_epoch=1787355094 start_rx_bytes=0
[2026-08-22T01:29:59+02:00] UE_SLOT_PID timestamp=2026-08-21T23:29:59+00:00 active_ues=21 slot=20 attempt=1 ue_idx=21 pid=26699
[2026-08-22T01:29:59+02:00] IPERF_MAPPING_SUMMARY timestamp=2026-08-21T23:29:59+00:00 active_ues=21 registered_tunnels=50 initial_ports=5201-5221 replacement_ports=5251-5265 bitrate=1M start_delay=0.05 detection=no_rx_counter replacement_min_duration_s=5 adaptive_extension_max_s=1 iperf_exit_grace_s=3 server_busy_port_rebinds=1 late_replacement_after_end=disabled wait_for_iperf_exit=until_timeout global_suspect_policy=soft_reuse ramp_supervision=after_initial_start
[2026-08-22T01:30:00+02:00] UE_SLOT_PROCESS_FAILURE timestamp=2026-08-21T23:30:00+00:00 active_ues=21 slot=18 attempt=1 ue_idx=19 ue_if=uesimtun19 ue_ip=10.45.1.175 port=5219 rc=1 elapsed_s=1 end_overrun_s=-79
[2026-08-22T01:30:00+02:00] FAILED_CLIENT_LOG_BEGIN slot=18 logfile=/tmp/upf_iperf_adaptive_20260822_011359_ue_21/slot_18_attempt_1_ue_19_port_5219.log
[2026-08-22T01:30:00+02:00] iperf3: error - the server is busy running a test. try again later
[2026-08-22T01:30:00+02:00] FAILED_CLIENT_LOG_END slot=18 logfile=/tmp/upf_iperf_adaptive_20260822_011359_ue_21/slot_18_attempt_1_ue_19_port_5219.log
[2026-08-22T01:30:00+02:00] UE_SLOT_SERVER_BUSY_PORT_REBIND timestamp=2026-08-21T23:30:00+00:00 active_ues=21 slot=18 ue_idx=19 ue_if=uesimtun19 ue_ip=10.45.1.175 old_port=5219 new_port=5251 rebind=1 limit=1 remaining_s=79 note=same_ue_no_blacklist_no_ue_replacement
[2026-08-22T01:30:00+02:00] UE_SLOT_START timestamp=2026-08-21T23:30:00+00:00 active_ues=21 slot=18 attempt=2 ue_idx=19 ue_if=uesimtun19 ue_ip=10.45.1.175 target=192.168.1.211:5251 bitrate=1M duration_s=79 planned_end_epoch=1787355079 timeout_s=89 hard_timeout_epoch=1787355094 start_rx_bytes=80812
[2026-08-22T01:30:00+02:00] UE_SLOT_PID timestamp=2026-08-21T23:30:00+00:00 active_ues=21 slot=18 attempt=2 ue_idx=19 pid=26781
[2026-08-22T01:30:01+02:00] UPF_CONTROL_SAMPLE timestamp=2026-08-22T01:30:00+02:00 scenario=ue_21 pod=open5gs-upf-5b9db6d44-nsbqz uid=7b5b8ef7-a2a2-4fe9-a3e1-74acd17bd88f restarts=6 usage_cpu=232m usage_mem=37Mi request_cpu=323m request_mem=250Mi limit_cpu=none limit_mem=none vpa_target_cpu=323m vpa_target_mem=250Mi vpa_uncapped_cpu=323m vpa_uncapped_mem=250Mi vpa_lower_cpu=117m vpa_lower_mem=250Mi vpa_upper_cpu=1500m vpa_upper_mem=512Mi
[2026-08-22T01:30:04+02:00] UPF_CONTROL_SAMPLE timestamp=2026-08-22T01:30:02+02:00 scenario=ue_21 pod=open5gs-upf-5b9db6d44-nsbqz uid=7b5b8ef7-a2a2-4fe9-a3e1-74acd17bd88f restarts=6 usage_cpu=232m usage_mem=37Mi request_cpu=323m request_mem=250Mi limit_cpu=none limit_mem=none vpa_target_cpu=323m vpa_target_mem=250Mi vpa_uncapped_cpu=323m vpa_uncapped_mem=250Mi vpa_lower_cpu=117m vpa_lower_mem=250Mi vpa_upper_cpu=1500m vpa_upper_mem=512Mi
[2026-08-22T01:30:06+02:00] UPF_CONTROL_SAMPLE timestamp=2026-08-22T01:30:05+02:00 scenario=ue_21 pod=open5gs-upf-5b9db6d44-nsbqz uid=7b5b8ef7-a2a2-4fe9-a3e1-74acd17bd88f restarts=6 usage_cpu=232m usage_mem=37Mi request_cpu=323m request_mem=250Mi limit_cpu=none limit_mem=none vpa_target_cpu=323m vpa_target_mem=250Mi vpa_uncapped_cpu=323m vpa_uncapped_mem=250Mi vpa_lower_cpu=117m vpa_lower_mem=250Mi vpa_upper_cpu=1500m vpa_upper_mem=512Mi
[2026-08-22T01:30:08+02:00] UPF_CONTROL_SAMPLE timestamp=2026-08-22T01:30:07+02:00 scenario=ue_21 pod=open5gs-upf-5b9db6d44-nsbqz uid=7b5b8ef7-a2a2-4fe9-a3e1-74acd17bd88f restarts=6 usage_cpu=232m usage_mem=37Mi request_cpu=323m request_mem=250Mi limit_cpu=none limit_mem=none vpa_target_cpu=323m vpa_target_mem=250Mi vpa_uncapped_cpu=323m vpa_uncapped_mem=250Mi vpa_lower_cpu=117m vpa_lower_mem=250Mi vpa_upper_cpu=1500m vpa_upper_mem=512Mi
[2026-08-22T01:30:10+02:00] UPF_CONTROL_SAMPLE timestamp=2026-08-22T01:30:09+02:00 scenario=ue_21 pod=open5gs-upf-5b9db6d44-nsbqz uid=7b5b8ef7-a2a2-4fe9-a3e1-74acd17bd88f restarts=6 usage_cpu=209m usage_mem=37Mi request_cpu=323m request_mem=250Mi limit_cpu=none limit_mem=none vpa_target_cpu=323m vpa_target_mem=250Mi vpa_uncapped_cpu=323m vpa_uncapped_mem=250Mi vpa_lower_cpu=117m vpa_lower_mem=250Mi vpa_upper_cpu=1500m vpa_upper_mem=512Mi
[2026-08-22T01:30:13+02:00] VPA_RECOMMENDATION_CHANGE timestamp=2026-08-22T01:30:11+02:00 scenario=ue_21 old='vpa_target_cpu=323m vpa_target_mem=250Mi vpa_uncapped_cpu=323m vpa_uncapped_mem=250Mi vpa_lower_cpu=117m vpa_lower_mem=250Mi vpa_upper_cpu=1500m vpa_upper_mem=512Mi' new='vpa_target_cpu=323m vpa_target_mem=250Mi vpa_uncapped_cpu=323m vpa_uncapped_mem=250Mi vpa_lower_cpu=135m vpa_lower_mem=250Mi vpa_upper_cpu=1500m vpa_upper_mem=512Mi' previous_5s_sample='timestamp=2026-08-22T01:30:05+02:00 scenario=ue_21 pod=open5gs-upf-5b9db6d44-nsbqz uid=7b5b8ef7-a2a2-4fe9-a3e1-74acd17bd88f restarts=6 usage_cpu=232m usage_mem=37Mi request_cpu=323m request_mem=250Mi limit_cpu=none limit_mem=none vpa_target_cpu=323m vpa_target_mem=250Mi vpa_uncapped_cpu=323m vpa_uncapped_mem=250Mi vpa_lower_cpu=117m vpa_lower_mem=250Mi vpa_upper_cpu=1500m vpa_upper_mem=512Mi' current_sample='timestamp=2026-08-22T01:30:11+02:00 scenario=ue_21 pod=open5gs-upf-5b9db6d44-nsbqz uid=7b5b8ef7-a2a2-4fe9-a3e1-74acd17bd88f restarts=6 usage_cpu=209m usage_mem=37Mi request_cpu=323m request_mem=250Mi limit_cpu=none limit_mem=none vpa_target_cpu=323m vpa_target_mem=250Mi vpa_uncapped_cpu=323m vpa_uncapped_mem=250Mi vpa_lower_cpu=135m vpa_lower_mem=250Mi vpa_upper_cpu=1500m vpa_upper_mem=512Mi'
[2026-08-22T01:30:13+02:00] UPF_CONTROL_SAMPLE timestamp=2026-08-22T01:30:11+02:00 scenario=ue_21 pod=open5gs-upf-5b9db6d44-nsbqz uid=7b5b8ef7-a2a2-4fe9-a3e1-74acd17bd88f restarts=6 usage_cpu=209m usage_mem=37Mi request_cpu=323m request_mem=250Mi limit_cpu=none limit_mem=none vpa_target_cpu=323m vpa_target_mem=250Mi vpa_uncapped_cpu=323m vpa_uncapped_mem=250Mi vpa_lower_cpu=135m vpa_lower_mem=250Mi vpa_upper_cpu=1500m vpa_upper_mem=512Mi
[2026-08-22T01:30:13+02:00] FAILED_CLIENT_LOG_BEGIN slot=18 logfile=/tmp/upf_iperf_adaptive_20260822_011359_ue_21/slot_18_attempt_2_ue_19_port_5251.log
[2026-08-22T01:30:13+02:00] FAILED_CLIENT_LOG_END slot=18 logfile=/tmp/upf_iperf_adaptive_20260822_011359_ue_21/slot_18_attempt_2_ue_19_port_5251.log
[2026-08-22T01:30:13+02:00] UE_SLOT_PROBLEM_DETECTED timestamp=2026-08-21T23:30:13+00:00 active_ues=21 slot=18 attempt=2 ue_idx=19 ue_if=uesimtun19 ue_ip=10.45.1.175 port=5251 reason=rx_stall_5s remaining_s=66
[2026-08-22T01:30:13+02:00] UE_MARKED_PROBLEMATIC timestamp=2026-08-21T23:30:13+00:00 active_ues=21 ue_idx=19 reason=rx_stall_5s scope=scenario_and_global_suspect
[2026-08-22T01:30:13+02:00] UE_SLOT_REPLACE timestamp=2026-08-21T23:30:13+00:00 active_ues=21 slot=18 reason=rx_stall_5s old_attempt=2 old_ue_idx=19 old_ue_if=uesimtun19 old_ue_ip=10.45.1.175 old_port=5251 new_attempt=3 new_ue_idx=22 new_ue_if=uesimtun22 new_ue_ip=10.45.1.184 new_port=5252 remaining_s=66 extension_used_s=0 extension_limit_s=1 candidate_reused_global_suspect=0 replacements_total=1
[2026-08-22T01:30:13+02:00] UE_SLOT_START timestamp=2026-08-21T23:30:13+00:00 active_ues=21 slot=18 attempt=3 ue_idx=22 ue_if=uesimtun22 ue_ip=10.45.1.184 target=192.168.1.211:5252 bitrate=1M duration_s=66 planned_end_epoch=1787355079 timeout_s=76 hard_timeout_epoch=1787355094 start_rx_bytes=0
[2026-08-22T01:30:13+02:00] UE_SLOT_PID timestamp=2026-08-21T23:30:13+00:00 active_ues=21 slot=18 attempt=3 ue_idx=22 pid=27313
[2026-08-22T01:30:15+02:00] UPF_CONTROL_SAMPLE timestamp=2026-08-22T01:30:14+02:00 scenario=ue_21 pod=open5gs-upf-5b9db6d44-nsbqz uid=7b5b8ef7-a2a2-4fe9-a3e1-74acd17bd88f restarts=6 usage_cpu=209m usage_mem=37Mi request_cpu=323m request_mem=250Mi limit_cpu=none limit_mem=none vpa_target_cpu=323m vpa_target_mem=250Mi vpa_uncapped_cpu=323m vpa_uncapped_mem=250Mi vpa_lower_cpu=135m vpa_lower_mem=250Mi vpa_upper_cpu=1500m vpa_upper_mem=512Mi
[2026-08-22T01:30:17+02:00] UPF_CONTROL_SAMPLE timestamp=2026-08-22T01:30:16+02:00 scenario=ue_21 pod=open5gs-upf-5b9db6d44-nsbqz uid=7b5b8ef7-a2a2-4fe9-a3e1-74acd17bd88f restarts=6 usage_cpu=209m usage_mem=37Mi request_cpu=323m request_mem=250Mi limit_cpu=none limit_mem=none vpa_target_cpu=323m vpa_target_mem=250Mi vpa_uncapped_cpu=323m vpa_uncapped_mem=250Mi vpa_lower_cpu=135m vpa_lower_mem=250Mi vpa_upper_cpu=1500m vpa_upper_mem=512Mi
[2026-08-22T01:30:20+02:00] UPF_CONTROL_SAMPLE timestamp=2026-08-22T01:30:18+02:00 scenario=ue_21 pod=open5gs-upf-5b9db6d44-nsbqz uid=7b5b8ef7-a2a2-4fe9-a3e1-74acd17bd88f restarts=6 usage_cpu=209m usage_mem=37Mi request_cpu=323m request_mem=250Mi limit_cpu=none limit_mem=none vpa_target_cpu=323m vpa_target_mem=250Mi vpa_uncapped_cpu=323m vpa_uncapped_mem=250Mi vpa_lower_cpu=135m vpa_lower_mem=250Mi vpa_upper_cpu=1500m vpa_upper_mem=512Mi
[2026-08-22T01:30:22+02:00] UPF_CONTROL_SAMPLE timestamp=2026-08-22T01:30:21+02:00 scenario=ue_21 pod=open5gs-upf-5b9db6d44-nsbqz uid=7b5b8ef7-a2a2-4fe9-a3e1-74acd17bd88f restarts=6 usage_cpu=209m usage_mem=37Mi request_cpu=323m request_mem=250Mi limit_cpu=none limit_mem=none vpa_target_cpu=323m vpa_target_mem=250Mi vpa_uncapped_cpu=323m vpa_uncapped_mem=250Mi vpa_lower_cpu=135m vpa_lower_mem=250Mi vpa_upper_cpu=1500m vpa_upper_mem=512Mi
[2026-08-22T01:30:24+02:00] UPF_CONTROL_SAMPLE timestamp=2026-08-22T01:30:23+02:00 scenario=ue_21 pod=open5gs-upf-5b9db6d44-nsbqz uid=7b5b8ef7-a2a2-4fe9-a3e1-74acd17bd88f restarts=6 usage_cpu=209m usage_mem=37Mi request_cpu=323m request_mem=250Mi limit_cpu=none limit_mem=none vpa_target_cpu=323m vpa_target_mem=250Mi vpa_uncapped_cpu=323m vpa_uncapped_mem=250Mi vpa_lower_cpu=135m vpa_lower_mem=250Mi vpa_upper_cpu=1500m vpa_upper_mem=512Mi
[2026-08-22T01:30:26+02:00] UPF_CONTROL_SAMPLE timestamp=2026-08-22T01:30:25+02:00 scenario=ue_21 pod=open5gs-upf-5b9db6d44-nsbqz uid=7b5b8ef7-a2a2-4fe9-a3e1-74acd17bd88f restarts=6 usage_cpu=314m usage_mem=37Mi request_cpu=323m request_mem=250Mi limit_cpu=none limit_mem=none vpa_target_cpu=323m vpa_target_mem=250Mi vpa_uncapped_cpu=323m vpa_uncapped_mem=250Mi vpa_lower_cpu=135m vpa_lower_mem=250Mi vpa_upper_cpu=1500m vpa_upper_mem=512Mi
[2026-08-22T01:30:28+02:00] UPF_CONTROL_SAMPLE timestamp=2026-08-22T01:30:27+02:00 scenario=ue_21 pod=open5gs-upf-5b9db6d44-nsbqz uid=7b5b8ef7-a2a2-4fe9-a3e1-74acd17bd88f restarts=6 usage_cpu=314m usage_mem=37Mi request_cpu=323m request_mem=250Mi limit_cpu=none limit_mem=none vpa_target_cpu=323m vpa_target_mem=250Mi vpa_uncapped_cpu=323m vpa_uncapped_mem=250Mi vpa_lower_cpu=135m vpa_lower_mem=250Mi vpa_upper_cpu=1500m vpa_upper_mem=512Mi
[2026-08-22T01:30:31+02:00] UPF_CONTROL_SAMPLE timestamp=2026-08-22T01:30:29+02:00 scenario=ue_21 pod=open5gs-upf-5b9db6d44-nsbqz uid=7b5b8ef7-a2a2-4fe9-a3e1-74acd17bd88f restarts=6 usage_cpu=314m usage_mem=37Mi request_cpu=323m request_mem=250Mi limit_cpu=none limit_mem=none vpa_target_cpu=323m vpa_target_mem=250Mi vpa_uncapped_cpu=323m vpa_uncapped_mem=250Mi vpa_lower_cpu=135m vpa_lower_mem=250Mi vpa_upper_cpu=1500m vpa_upper_mem=512Mi
[2026-08-22T01:30:33+02:00] UPF_CONTROL_SAMPLE timestamp=2026-08-22T01:30:32+02:00 scenario=ue_21 pod=open5gs-upf-5b9db6d44-nsbqz uid=7b5b8ef7-a2a2-4fe9-a3e1-74acd17bd88f restarts=6 usage_cpu=314m usage_mem=37Mi request_cpu=323m request_mem=250Mi limit_cpu=none limit_mem=none vpa_target_cpu=323m vpa_target_mem=250Mi vpa_uncapped_cpu=323m vpa_uncapped_mem=250Mi vpa_lower_cpu=135m vpa_lower_mem=250Mi vpa_upper_cpu=1500m vpa_upper_mem=512Mi
[2026-08-22T01:30:35+02:00] UPF_CONTROL_SAMPLE timestamp=2026-08-22T01:30:34+02:00 scenario=ue_21 pod=open5gs-upf-5b9db6d44-nsbqz uid=7b5b8ef7-a2a2-4fe9-a3e1-74acd17bd88f restarts=6 usage_cpu=314m usage_mem=37Mi request_cpu=323m request_mem=250Mi limit_cpu=none limit_mem=none vpa_target_cpu=323m vpa_target_mem=250Mi vpa_uncapped_cpu=323m vpa_uncapped_mem=250Mi vpa_lower_cpu=135m vpa_lower_mem=250Mi vpa_upper_cpu=1500m vpa_upper_mem=512Mi
[2026-08-22T01:30:38+02:00] UPF_CONTROL_SAMPLE timestamp=2026-08-22T01:30:36+02:00 scenario=ue_21 pod=open5gs-upf-5b9db6d44-nsbqz uid=7b5b8ef7-a2a2-4fe9-a3e1-74acd17bd88f restarts=6 usage_cpu=314m usage_mem=37Mi request_cpu=323m request_mem=250Mi limit_cpu=none limit_mem=none vpa_target_cpu=323m vpa_target_mem=250Mi vpa_uncapped_cpu=323m vpa_uncapped_mem=250Mi vpa_lower_cpu=135m vpa_lower_mem=250Mi vpa_upper_cpu=1500m vpa_upper_mem=512Mi
[2026-08-22T01:30:40+02:00] UPF_CONTROL_SAMPLE timestamp=2026-08-22T01:30:39+02:00 scenario=ue_21 pod=open5gs-upf-5b9db6d44-nsbqz uid=7b5b8ef7-a2a2-4fe9-a3e1-74acd17bd88f restarts=6 usage_cpu=314m usage_mem=37Mi request_cpu=323m request_mem=250Mi limit_cpu=none limit_mem=none vpa_target_cpu=323m vpa_target_mem=250Mi vpa_uncapped_cpu=323m vpa_uncapped_mem=250Mi vpa_lower_cpu=135m vpa_lower_mem=250Mi vpa_upper_cpu=1500m vpa_upper_mem=512Mi
[2026-08-22T01:30:42+02:00] UPF_CONTROL_SAMPLE timestamp=2026-08-22T01:30:41+02:00 scenario=ue_21 pod=open5gs-upf-5b9db6d44-nsbqz uid=7b5b8ef7-a2a2-4fe9-a3e1-74acd17bd88f restarts=6 usage_cpu=299m usage_mem=37Mi request_cpu=323m request_mem=250Mi limit_cpu=none limit_mem=none vpa_target_cpu=323m vpa_target_mem=250Mi vpa_uncapped_cpu=323m vpa_uncapped_mem=250Mi vpa_lower_cpu=135m vpa_lower_mem=250Mi vpa_upper_cpu=1500m vpa_upper_mem=512Mi
[2026-08-22T01:30:44+02:00] UPF_CONTROL_SAMPLE timestamp=2026-08-22T01:30:43+02:00 scenario=ue_21 pod=open5gs-upf-5b9db6d44-nsbqz uid=7b5b8ef7-a2a2-4fe9-a3e1-74acd17bd88f restarts=6 usage_cpu=299m usage_mem=37Mi request_cpu=323m request_mem=250Mi limit_cpu=none limit_mem=none vpa_target_cpu=323m vpa_target_mem=250Mi vpa_uncapped_cpu=323m vpa_uncapped_mem=250Mi vpa_lower_cpu=135m vpa_lower_mem=250Mi vpa_upper_cpu=1500m vpa_upper_mem=512Mi
[2026-08-22T01:30:47+02:00] UPF_CONTROL_SAMPLE timestamp=2026-08-22T01:30:45+02:00 scenario=ue_21 pod=open5gs-upf-5b9db6d44-nsbqz uid=7b5b8ef7-a2a2-4fe9-a3e1-74acd17bd88f restarts=6 usage_cpu=299m usage_mem=37Mi request_cpu=323m request_mem=250Mi limit_cpu=none limit_mem=none vpa_target_cpu=323m vpa_target_mem=250Mi vpa_uncapped_cpu=323m vpa_uncapped_mem=250Mi vpa_lower_cpu=135m vpa_lower_mem=250Mi vpa_upper_cpu=1500m vpa_upper_mem=512Mi
[2026-08-22T01:30:49+02:00] UPF_CONTROL_SAMPLE timestamp=2026-08-22T01:30:48+02:00 scenario=ue_21 pod=open5gs-upf-5b9db6d44-nsbqz uid=7b5b8ef7-a2a2-4fe9-a3e1-74acd17bd88f restarts=6 usage_cpu=299m usage_mem=37Mi request_cpu=323m request_mem=250Mi limit_cpu=none limit_mem=none vpa_target_cpu=323m vpa_target_mem=250Mi vpa_uncapped_cpu=323m vpa_uncapped_mem=250Mi vpa_lower_cpu=135m vpa_lower_mem=250Mi vpa_upper_cpu=1500m vpa_upper_mem=512Mi
[2026-08-22T01:30:52+02:00] UPF_CONTROL_SAMPLE timestamp=2026-08-22T01:30:50+02:00 scenario=ue_21 pod=open5gs-upf-5b9db6d44-nsbqz uid=7b5b8ef7-a2a2-4fe9-a3e1-74acd17bd88f restarts=6 usage_cpu=299m usage_mem=37Mi request_cpu=323m request_mem=250Mi limit_cpu=none limit_mem=none vpa_target_cpu=323m vpa_target_mem=250Mi vpa_uncapped_cpu=323m vpa_uncapped_mem=250Mi vpa_lower_cpu=135m vpa_lower_mem=250Mi vpa_upper_cpu=1500m vpa_upper_mem=512Mi
[2026-08-22T01:30:54+02:00] UPF_CONTROL_SAMPLE timestamp=2026-08-22T01:30:53+02:00 scenario=ue_21 pod=open5gs-upf-5b9db6d44-nsbqz uid=7b5b8ef7-a2a2-4fe9-a3e1-74acd17bd88f restarts=6 usage_cpu=299m usage_mem=37Mi request_cpu=323m request_mem=250Mi limit_cpu=none limit_mem=none vpa_target_cpu=323m vpa_target_mem=250Mi vpa_uncapped_cpu=323m vpa_uncapped_mem=250Mi vpa_lower_cpu=135m vpa_lower_mem=250Mi vpa_upper_cpu=1500m vpa_upper_mem=512Mi
[2026-08-22T01:30:56+02:00] UPF_CONTROL_SAMPLE timestamp=2026-08-22T01:30:55+02:00 scenario=ue_21 pod=open5gs-upf-5b9db6d44-nsbqz uid=7b5b8ef7-a2a2-4fe9-a3e1-74acd17bd88f restarts=6 usage_cpu=329m usage_mem=37Mi request_cpu=323m request_mem=250Mi limit_cpu=none limit_mem=none vpa_target_cpu=323m vpa_target_mem=250Mi vpa_uncapped_cpu=323m vpa_uncapped_mem=250Mi vpa_lower_cpu=135m vpa_lower_mem=250Mi vpa_upper_cpu=1500m vpa_upper_mem=512Mi
[2026-08-22T01:30:58+02:00] UPF_CONTROL_SAMPLE timestamp=2026-08-22T01:30:57+02:00 scenario=ue_21 pod=open5gs-upf-5b9db6d44-nsbqz uid=7b5b8ef7-a2a2-4fe9-a3e1-74acd17bd88f restarts=6 usage_cpu=329m usage_mem=37Mi request_cpu=323m request_mem=250Mi limit_cpu=none limit_mem=none vpa_target_cpu=323m vpa_target_mem=250Mi vpa_uncapped_cpu=323m vpa_uncapped_mem=250Mi vpa_lower_cpu=135m vpa_lower_mem=250Mi vpa_upper_cpu=1500m vpa_upper_mem=512Mi
[2026-08-22T01:31:01+02:00] UPF_CONTROL_SAMPLE timestamp=2026-08-22T01:30:59+02:00 scenario=ue_21 pod=open5gs-upf-5b9db6d44-nsbqz uid=7b5b8ef7-a2a2-4fe9-a3e1-74acd17bd88f restarts=6 usage_cpu=329m usage_mem=37Mi request_cpu=323m request_mem=250Mi limit_cpu=none limit_mem=none vpa_target_cpu=323m vpa_target_mem=250Mi vpa_uncapped_cpu=323m vpa_uncapped_mem=250Mi vpa_lower_cpu=135m vpa_lower_mem=250Mi vpa_upper_cpu=1500m vpa_upper_mem=512Mi
[2026-08-22T01:31:03+02:00] UPF_CONTROL_SAMPLE timestamp=2026-08-22T01:31:02+02:00 scenario=ue_21 pod=open5gs-upf-5b9db6d44-nsbqz uid=7b5b8ef7-a2a2-4fe9-a3e1-74acd17bd88f restarts=6 usage_cpu=329m usage_mem=37Mi request_cpu=323m request_mem=250Mi limit_cpu=none limit_mem=none vpa_target_cpu=323m vpa_target_mem=250Mi vpa_uncapped_cpu=323m vpa_uncapped_mem=250Mi vpa_lower_cpu=135m vpa_lower_mem=250Mi vpa_upper_cpu=1500m vpa_upper_mem=512Mi
[2026-08-22T01:31:05+02:00] UPF_CONTROL_SAMPLE timestamp=2026-08-22T01:31:04+02:00 scenario=ue_21 pod=open5gs-upf-5b9db6d44-nsbqz uid=7b5b8ef7-a2a2-4fe9-a3e1-74acd17bd88f restarts=6 usage_cpu=329m usage_mem=37Mi request_cpu=323m request_mem=250Mi limit_cpu=none limit_mem=none vpa_target_cpu=323m vpa_target_mem=250Mi vpa_uncapped_cpu=323m vpa_uncapped_mem=250Mi vpa_lower_cpu=135m vpa_lower_mem=250Mi vpa_upper_cpu=1500m vpa_upper_mem=512Mi
[2026-08-22T01:31:08+02:00] UPF_CONTROL_SAMPLE timestamp=2026-08-22T01:31:06+02:00 scenario=ue_21 pod=open5gs-upf-5b9db6d44-nsbqz uid=7b5b8ef7-a2a2-4fe9-a3e1-74acd17bd88f restarts=6 usage_cpu=329m usage_mem=37Mi request_cpu=323m request_mem=250Mi limit_cpu=none limit_mem=none vpa_target_cpu=323m vpa_target_mem=250Mi vpa_uncapped_cpu=323m vpa_uncapped_mem=250Mi vpa_lower_cpu=135m vpa_lower_mem=250Mi vpa_upper_cpu=1500m vpa_upper_mem=512Mi
[2026-08-22T01:31:10+02:00] UPF_CONTROL_SAMPLE timestamp=2026-08-22T01:31:09+02:00 scenario=ue_21 pod=open5gs-upf-5b9db6d44-nsbqz uid=7b5b8ef7-a2a2-4fe9-a3e1-74acd17bd88f restarts=6 usage_cpu=329m usage_mem=37Mi request_cpu=323m request_mem=250Mi limit_cpu=none limit_mem=none vpa_target_cpu=323m vpa_target_mem=250Mi vpa_uncapped_cpu=323m vpa_uncapped_mem=250Mi vpa_lower_cpu=135m vpa_lower_mem=250Mi vpa_upper_cpu=1500m vpa_upper_mem=512Mi
[2026-08-22T01:31:12+02:00] VPA_RECOMMENDATION_CHANGE timestamp=2026-08-22T01:31:11+02:00 scenario=ue_21 old='vpa_target_cpu=323m vpa_target_mem=250Mi vpa_uncapped_cpu=323m vpa_uncapped_mem=250Mi vpa_lower_cpu=135m vpa_lower_mem=250Mi vpa_upper_cpu=1500m vpa_upper_mem=512Mi' new='vpa_target_cpu=350m vpa_target_mem=250Mi vpa_uncapped_cpu=350m vpa_uncapped_mem=250Mi vpa_lower_cpu=137m vpa_lower_mem=250Mi vpa_upper_cpu=1500m vpa_upper_mem=512Mi' previous_5s_sample='timestamp=2026-08-22T01:31:06+02:00 scenario=ue_21 pod=open5gs-upf-5b9db6d44-nsbqz uid=7b5b8ef7-a2a2-4fe9-a3e1-74acd17bd88f restarts=6 usage_cpu=329m usage_mem=37Mi request_cpu=323m request_mem=250Mi limit_cpu=none limit_mem=none vpa_target_cpu=323m vpa_target_mem=250Mi vpa_uncapped_cpu=323m vpa_uncapped_mem=250Mi vpa_lower_cpu=135m vpa_lower_mem=250Mi vpa_upper_cpu=1500m vpa_upper_mem=512Mi' current_sample='timestamp=2026-08-22T01:31:11+02:00 scenario=ue_21 pod=open5gs-upf-5b9db6d44-nsbqz uid=7b5b8ef7-a2a2-4fe9-a3e1-74acd17bd88f restarts=6 usage_cpu=336m usage_mem=37Mi request_cpu=323m request_mem=250Mi limit_cpu=none limit_mem=none vpa_target_cpu=350m vpa_target_mem=250Mi vpa_uncapped_cpu=350m vpa_uncapped_mem=250Mi vpa_lower_cpu=137m vpa_lower_mem=250Mi vpa_upper_cpu=1500m vpa_upper_mem=512Mi'
[2026-08-22T01:31:12+02:00] UPF_CONTROL_SAMPLE timestamp=2026-08-22T01:31:11+02:00 scenario=ue_21 pod=open5gs-upf-5b9db6d44-nsbqz uid=7b5b8ef7-a2a2-4fe9-a3e1-74acd17bd88f restarts=6 usage_cpu=336m usage_mem=37Mi request_cpu=323m request_mem=250Mi limit_cpu=none limit_mem=none vpa_target_cpu=350m vpa_target_mem=250Mi vpa_uncapped_cpu=350m vpa_uncapped_mem=250Mi vpa_lower_cpu=137m vpa_lower_mem=250Mi vpa_upper_cpu=1500m vpa_upper_mem=512Mi
[2026-08-22T01:31:14+02:00] UPF_CONTROL_SAMPLE timestamp=2026-08-22T01:31:13+02:00 scenario=ue_21 pod=open5gs-upf-5b9db6d44-nsbqz uid=7b5b8ef7-a2a2-4fe9-a3e1-74acd17bd88f restarts=6 usage_cpu=336m usage_mem=37Mi request_cpu=323m request_mem=250Mi limit_cpu=none limit_mem=none vpa_target_cpu=350m vpa_target_mem=250Mi vpa_uncapped_cpu=350m vpa_uncapped_mem=250Mi vpa_lower_cpu=137m vpa_lower_mem=250Mi vpa_upper_cpu=1500m vpa_upper_mem=512Mi
[2026-08-22T01:31:16+02:00] UE_SLOT_DONE timestamp=2026-08-21T23:31:16+00:00 active_ues=21 slot=0 attempt=1 ue_idx=0 ue_if=uesimtun0 ue_ip=10.45.1.146 port=5201 rc=0 replacements_for_slot=0 server_busy_retries_for_slot=0
[2026-08-22T01:31:16+02:00] UE_SLOT_DONE timestamp=2026-08-21T23:31:16+00:00 active_ues=21 slot=1 attempt=1 ue_idx=1 ue_if=uesimtun1 ue_ip=10.45.1.147 port=5202 rc=0 replacements_for_slot=0 server_busy_retries_for_slot=0
[2026-08-22T01:31:16+02:00] UE_SLOT_DONE timestamp=2026-08-21T23:31:16+00:00 active_ues=21 slot=2 attempt=1 ue_idx=2 ue_if=uesimtun2 ue_ip=10.45.1.148 port=5203 rc=0 replacements_for_slot=0 server_busy_retries_for_slot=0
[2026-08-22T01:31:16+02:00] UE_SLOT_DONE timestamp=2026-08-21T23:31:16+00:00 active_ues=21 slot=3 attempt=1 ue_idx=3 ue_if=uesimtun3 ue_ip=10.45.1.149 port=5204 rc=0 replacements_for_slot=0 server_busy_retries_for_slot=0
[2026-08-22T01:31:16+02:00] UE_SLOT_DONE timestamp=2026-08-21T23:31:16+00:00 active_ues=21 slot=4 attempt=1 ue_idx=4 ue_if=uesimtun4 ue_ip=10.45.1.151 port=5205 rc=0 replacements_for_slot=0 server_busy_retries_for_slot=0
[2026-08-22T01:31:16+02:00] UE_SLOT_DONE timestamp=2026-08-21T23:31:16+00:00 active_ues=21 slot=5 attempt=1 ue_idx=5 ue_if=uesimtun5 ue_ip=10.45.1.150 port=5206 rc=0 replacements_for_slot=0 server_busy_retries_for_slot=0
[2026-08-22T01:31:16+02:00] UE_SLOT_DONE timestamp=2026-08-21T23:31:16+00:00 active_ues=21 slot=6 attempt=1 ue_idx=6 ue_if=uesimtun6 ue_ip=10.45.1.152 port=5207 rc=0 replacements_for_slot=0 server_busy_retries_for_slot=0
[2026-08-22T01:31:16+02:00] UE_SLOT_DONE timestamp=2026-08-21T23:31:16+00:00 active_ues=21 slot=7 attempt=1 ue_idx=7 ue_if=uesimtun7 ue_ip=10.45.1.154 port=5208 rc=0 replacements_for_slot=0 server_busy_retries_for_slot=0
[2026-08-22T01:31:17+02:00] UPF_CONTROL_SAMPLE timestamp=2026-08-22T01:31:15+02:00 scenario=ue_21 pod=open5gs-upf-5b9db6d44-nsbqz uid=7b5b8ef7-a2a2-4fe9-a3e1-74acd17bd88f restarts=6 usage_cpu=336m usage_mem=37Mi request_cpu=323m request_mem=250Mi limit_cpu=none limit_mem=none vpa_target_cpu=350m vpa_target_mem=250Mi vpa_uncapped_cpu=350m vpa_uncapped_mem=250Mi vpa_lower_cpu=137m vpa_lower_mem=250Mi vpa_upper_cpu=1500m vpa_upper_mem=512Mi
[2026-08-22T01:31:18+02:00] UE_SLOT_DONE timestamp=2026-08-21T23:31:18+00:00 active_ues=21 slot=8 attempt=1 ue_idx=8 ue_if=uesimtun8 ue_ip=10.45.1.156 port=5209 rc=0 replacements_for_slot=0 server_busy_retries_for_slot=0
[2026-08-22T01:31:18+02:00] UE_SLOT_DONE timestamp=2026-08-21T23:31:18+00:00 active_ues=21 slot=9 attempt=1 ue_idx=9 ue_if=uesimtun9 ue_ip=10.45.1.158 port=5210 rc=0 replacements_for_slot=0 server_busy_retries_for_slot=0
[2026-08-22T01:31:18+02:00] UE_SLOT_DONE timestamp=2026-08-21T23:31:18+00:00 active_ues=21 slot=10 attempt=1 ue_idx=10 ue_if=uesimtun10 ue_ip=10.45.1.159 port=5211 rc=0 replacements_for_slot=0 server_busy_retries_for_slot=0
[2026-08-22T01:31:18+02:00] UE_SLOT_DONE timestamp=2026-08-21T23:31:18+00:00 active_ues=21 slot=11 attempt=1 ue_idx=11 ue_if=uesimtun11 ue_ip=10.45.1.155 port=5212 rc=0 replacements_for_slot=0 server_busy_retries_for_slot=0
[2026-08-22T01:31:18+02:00] UE_SLOT_DONE timestamp=2026-08-21T23:31:18+00:00 active_ues=21 slot=12 attempt=1 ue_idx=12 ue_if=uesimtun12 ue_ip=10.45.1.164 port=5213 rc=0 replacements_for_slot=0 server_busy_retries_for_slot=0
[2026-08-22T01:31:18+02:00] UE_SLOT_DONE timestamp=2026-08-21T23:31:18+00:00 active_ues=21 slot=13 attempt=1 ue_idx=13 ue_if=uesimtun13 ue_ip=10.45.1.161 port=5214 rc=0 replacements_for_slot=0 server_busy_retries_for_slot=0
[2026-08-22T01:31:18+02:00] UE_SLOT_DONE timestamp=2026-08-21T23:31:18+00:00 active_ues=21 slot=14 attempt=1 ue_idx=14 ue_if=uesimtun14 ue_ip=10.45.1.167 port=5215 rc=0 replacements_for_slot=0 server_busy_retries_for_slot=0
[2026-08-22T01:31:19+02:00] UPF_CONTROL_SAMPLE timestamp=2026-08-22T01:31:18+02:00 scenario=ue_21 pod=open5gs-upf-5b9db6d44-nsbqz uid=7b5b8ef7-a2a2-4fe9-a3e1-74acd17bd88f restarts=6 usage_cpu=336m usage_mem=37Mi request_cpu=323m request_mem=250Mi limit_cpu=none limit_mem=none vpa_target_cpu=350m vpa_target_mem=250Mi vpa_uncapped_cpu=350m vpa_uncapped_mem=250Mi vpa_lower_cpu=137m vpa_lower_mem=250Mi vpa_upper_cpu=1500m vpa_upper_mem=512Mi
[2026-08-22T01:31:19+02:00] UE_SLOT_DONE timestamp=2026-08-21T23:31:19+00:00 active_ues=21 slot=15 attempt=1 ue_idx=15 ue_if=uesimtun15 ue_ip=10.45.1.157 port=5216 rc=0 replacements_for_slot=0 server_busy_retries_for_slot=0
[2026-08-22T01:31:19+02:00] UE_SLOT_DONE timestamp=2026-08-21T23:31:19+00:00 active_ues=21 slot=16 attempt=1 ue_idx=16 ue_if=uesimtun16 ue_ip=10.45.1.168 port=5217 rc=0 replacements_for_slot=0 server_busy_retries_for_slot=0
[2026-08-22T01:31:19+02:00] UE_SLOT_DONE timestamp=2026-08-21T23:31:19+00:00 active_ues=21 slot=17 attempt=1 ue_idx=17 ue_if=uesimtun17 ue_ip=10.45.1.171 port=5218 rc=0 replacements_for_slot=0 server_busy_retries_for_slot=0
[2026-08-22T01:31:19+02:00] UE_SLOT_DONE timestamp=2026-08-21T23:31:19+00:00 active_ues=21 slot=19 attempt=1 ue_idx=20 ue_if=uesimtun20 ue_ip=10.45.1.178 port=5220 rc=0 replacements_for_slot=0 server_busy_retries_for_slot=0
[2026-08-22T01:31:20+02:00] UE_SLOT_DONE timestamp=2026-08-21T23:31:20+00:00 active_ues=21 slot=18 attempt=3 ue_idx=22 ue_if=uesimtun22 ue_ip=10.45.1.184 port=5252 rc=0 replacements_for_slot=1 server_busy_retries_for_slot=0
[2026-08-22T01:31:21+02:00] UE_SLOT_DONE timestamp=2026-08-21T23:31:20+00:00 active_ues=21 slot=20 attempt=1 ue_idx=21 ue_if=uesimtun21 ue_ip=10.45.1.182 port=5221 rc=0 replacements_for_slot=0 server_busy_retries_for_slot=0
[2026-08-22T01:31:21+02:00] UPF_CONTROL_SAMPLE timestamp=2026-08-22T01:31:20+02:00 scenario=ue_21 pod=open5gs-upf-5b9db6d44-nsbqz uid=7b5b8ef7-a2a2-4fe9-a3e1-74acd17bd88f restarts=6 usage_cpu=336m usage_mem=37Mi request_cpu=323m request_mem=250Mi limit_cpu=none limit_mem=none vpa_target_cpu=350m vpa_target_mem=250Mi vpa_uncapped_cpu=350m vpa_uncapped_mem=250Mi vpa_lower_cpu=137m vpa_lower_mem=250Mi vpa_upper_cpu=1500m vpa_upper_mem=512Mi
[2026-08-22T01:31:22+02:00] TRAFFIC_SUMMARY timestamp=2026-08-21T23:31:22+00:00 registered_tunnels=50 active_ues=21 target_slots=21 completed_slots=21 final_failed_slots=0 replacements=1 problematic_ues=1 zombie_ues=1 connect_timeouts=0 stalls=1 deferred_stalls=0 process_failures=0 server_busy_retries=1 server_busy_failures=0 late_timeouts_accepted=0 scenario_bad_ues=1 global_suspect_ues=2 used_ues=22 target_host=192.168.1.211 initial_ports=5201-5221 replacement_ports=5251-5265 bitrate=1M start_delay=0.05 detection=no_rx_counter replacement_min_duration_s=5 adaptive_extension_max_s=1 iperf_exit_grace_s=3 server_busy_retries_limit=1 server_busy_retry_delay_s=2 late_replacement_after_end=disabled wait_for_iperf_exit=until_timeout global_suspect_policy=soft_reuse ramp_supervision=after_initial_start
[2026-08-22T01:31:22+02:00] UE_POOL_SCENARIO_BAD_CURRENT timestamp=2026-08-21T23:31:22+00:00 active_ues=21 indexes=19
[2026-08-22T01:31:22+02:00] UE_POOL_GLOBAL_SUSPECT_CURRENT timestamp=2026-08-21T23:31:22+00:00 active_ues=21 indexes=18,19
[2026-08-22T01:31:22+02:00] REMOTE_IPERF_PER_UE_END timestamp=2026-08-21T23:31:22+00:00 active_ues=21 tag=ue_21 final_rc=0 completed_slots=21 replacements=1 problematic_ues=1 server_busy_retries=1 deferred_stalls=0 late_timeouts_accepted=0
[2026-08-22T01:31:22+02:00] SCENARIO TRAFFIC COMMAND END timestamp=2026-08-22T01:31:22+02:00 active_ue=21 rc=0
[2026-08-22T01:31:22+02:00] SCENARIO UPF AFTER timestamp=2026-08-22T01:31:22+02:00 active_ue=21 pod=open5gs-upf-5b9db6d44-nsbqz uid=7b5b8ef7-a2a2-4fe9-a3e1-74acd17bd88f restarts=6
[2026-08-22T01:31:22+02:00] SCENARIO END timestamp=2026-08-22T01:31:22+02:00 active_ue=21 rc=0
[2026-08-22T01:31:22+02:00] ================================================================
[2026-08-22T01:31:22+02:00] SCENARIO START timestamp=2026-08-22T01:31:22+02:00 active_ue=23 registered_ue_pool=50 target_host=192.168.1.211 ports=5201-5223 replacement_ports=5251-5265 bitrate_per_ue=1M start_delay=0.05 replacement_min_duration=5 adaptive_extension_max=1
[2026-08-22T01:31:22+02:00] ================================================================
[2026-08-22T01:31:23+02:00] SCENARIO TUNNEL CHECK timestamp=2026-08-22T01:31:23+02:00 active_ue=23 current_tunnels=50 required=50
[2026-08-22T01:31:24+02:00] SCENARIO UPF BEFORE timestamp=2026-08-22T01:31:24+02:00 active_ue=23 pod=open5gs-upf-5b9db6d44-nsbqz uid=7b5b8ef7-a2a2-4fe9-a3e1-74acd17bd88f restarts=6
[2026-08-22T01:31:24+02:00] UPF_CONTROL_SAMPLE timestamp=2026-08-22T01:31:22+02:00 scenario=ue_21 pod=open5gs-upf-5b9db6d44-nsbqz uid=7b5b8ef7-a2a2-4fe9-a3e1-74acd17bd88f restarts=6 usage_cpu=336m usage_mem=37Mi request_cpu=323m request_mem=250Mi limit_cpu=none limit_mem=none vpa_target_cpu=350m vpa_target_mem=250Mi vpa_uncapped_cpu=350m vpa_uncapped_mem=250Mi vpa_lower_cpu=137m vpa_lower_mem=250Mi vpa_upper_cpu=1500m vpa_upper_mem=512Mi
[2026-08-22T01:31:24+02:00] REMOTE_IPERF_PER_UE_START timestamp=2026-08-21T23:31:24+00:00 active_ues=23 tag=ue_23 iperf_host=192.168.1.211 base_port=5201 replacement_base_port=5251 duration=80 bitrate=1M start_delay=0.05 detection=no_rx_counter connect_timeout_s=4 stall_seconds=5 replacement_limit=15 replacement_min_duration_s=5 adaptive_extension_max_s=1 iperf_exit_grace_s=3 server_busy_port_rebinds=1 late_replacement_after_end=disabled wait_for_iperf_exit=until_timeout global_suspect_policy=soft_reuse ramp_supervision=after_initial_start
[2026-08-22T01:31:24+02:00] UE_POOL_STATUS timestamp=2026-08-21T23:31:24+00:00 active_ues=23 registered_tunnels=50 existing_global_suspect_ues=2 used_ues=0 policy=soft_reuse_global_suspects
[2026-08-22T01:31:24+02:00] UE_SLOT_ASSIGN timestamp=2026-08-21T23:31:24+00:00 active_ues=23 slot=0 ue_idx=0 ue_if=uesimtun0 ue_ip=10.45.1.146 candidate_reused_global_suspect=0
[2026-08-22T01:31:24+02:00] UE_SLOT_START timestamp=2026-08-21T23:31:24+00:00 active_ues=23 slot=0 attempt=1 ue_idx=0 ue_if=uesimtun0 ue_ip=10.45.1.146 target=192.168.1.211:5201 bitrate=1M duration_s=80 planned_end_epoch=1787355164 timeout_s=90 hard_timeout_epoch=1787355179 start_rx_bytes=1004207
[2026-08-22T01:31:24+02:00] UE_SLOT_PID timestamp=2026-08-21T23:31:24+00:00 active_ues=23 slot=0 attempt=1 ue_idx=0 pid=30095
[2026-08-22T01:31:25+02:00] UE_SLOT_ASSIGN timestamp=2026-08-21T23:31:25+00:00 active_ues=23 slot=1 ue_idx=1 ue_if=uesimtun1 ue_ip=10.45.1.147 candidate_reused_global_suspect=0
[2026-08-22T01:31:25+02:00] UE_SLOT_START timestamp=2026-08-21T23:31:25+00:00 active_ues=23 slot=1 attempt=1 ue_idx=1 ue_if=uesimtun1 ue_ip=10.45.1.147 target=192.168.1.211:5202 bitrate=1M duration_s=80 planned_end_epoch=1787355165 timeout_s=90 hard_timeout_epoch=1787355180 start_rx_bytes=934456
[2026-08-22T01:31:25+02:00] UE_SLOT_PID timestamp=2026-08-21T23:31:25+00:00 active_ues=23 slot=1 attempt=1 ue_idx=1 pid=30120
[2026-08-22T01:31:25+02:00] UE_SLOT_ASSIGN timestamp=2026-08-21T23:31:25+00:00 active_ues=23 slot=2 ue_idx=2 ue_if=uesimtun2 ue_ip=10.45.1.148 candidate_reused_global_suspect=0
[2026-08-22T01:31:25+02:00] UE_SLOT_START timestamp=2026-08-21T23:31:25+00:00 active_ues=23 slot=2 attempt=1 ue_idx=2 ue_if=uesimtun2 ue_ip=10.45.1.148 target=192.168.1.211:5203 bitrate=1M duration_s=80 planned_end_epoch=1787355165 timeout_s=90 hard_timeout_epoch=1787355180 start_rx_bytes=933491
[2026-08-22T01:31:25+02:00] UE_SLOT_PID timestamp=2026-08-21T23:31:25+00:00 active_ues=23 slot=2 attempt=1 ue_idx=2 pid=30145
[2026-08-22T01:31:25+02:00] UE_SLOT_ASSIGN timestamp=2026-08-21T23:31:25+00:00 active_ues=23 slot=3 ue_idx=3 ue_if=uesimtun3 ue_ip=10.45.1.149 candidate_reused_global_suspect=0
[2026-08-22T01:31:25+02:00] UE_SLOT_START timestamp=2026-08-21T23:31:25+00:00 active_ues=23 slot=3 attempt=1 ue_idx=3 ue_if=uesimtun3 ue_ip=10.45.1.149 target=192.168.1.211:5204 bitrate=1M duration_s=80 planned_end_epoch=1787355165 timeout_s=90 hard_timeout_epoch=1787355180 start_rx_bytes=839325
[2026-08-22T01:31:25+02:00] UE_SLOT_PID timestamp=2026-08-21T23:31:25+00:00 active_ues=23 slot=3 attempt=1 ue_idx=3 pid=30170
[2026-08-22T01:31:25+02:00] UE_SLOT_ASSIGN timestamp=2026-08-21T23:31:25+00:00 active_ues=23 slot=4 ue_idx=4 ue_if=uesimtun4 ue_ip=10.45.1.151 candidate_reused_global_suspect=0
[2026-08-22T01:31:25+02:00] UE_SLOT_START timestamp=2026-08-21T23:31:25+00:00 active_ues=23 slot=4 attempt=1 ue_idx=4 ue_if=uesimtun4 ue_ip=10.45.1.151 target=192.168.1.211:5205 bitrate=1M duration_s=80 planned_end_epoch=1787355165 timeout_s=90 hard_timeout_epoch=1787355180 start_rx_bytes=836948
[2026-08-22T01:31:25+02:00] UE_SLOT_PID timestamp=2026-08-21T23:31:25+00:00 active_ues=23 slot=4 attempt=1 ue_idx=4 pid=30195
[2026-08-22T01:31:25+02:00] UE_SLOT_ASSIGN timestamp=2026-08-21T23:31:25+00:00 active_ues=23 slot=5 ue_idx=5 ue_if=uesimtun5 ue_ip=10.45.1.150 candidate_reused_global_suspect=0
[2026-08-22T01:31:25+02:00] UE_SLOT_START timestamp=2026-08-21T23:31:25+00:00 active_ues=23 slot=5 attempt=1 ue_idx=5 ue_if=uesimtun5 ue_ip=10.45.1.150 target=192.168.1.211:5206 bitrate=1M duration_s=80 planned_end_epoch=1787355165 timeout_s=90 hard_timeout_epoch=1787355180 start_rx_bytes=746922
[2026-08-22T01:31:25+02:00] UE_SLOT_PID timestamp=2026-08-21T23:31:25+00:00 active_ues=23 slot=5 attempt=1 ue_idx=5 pid=30220
[2026-08-22T01:31:26+02:00] UE_SLOT_ASSIGN timestamp=2026-08-21T23:31:26+00:00 active_ues=23 slot=6 ue_idx=6 ue_if=uesimtun6 ue_ip=10.45.1.152 candidate_reused_global_suspect=0
[2026-08-22T01:31:26+02:00] UE_SLOT_START timestamp=2026-08-21T23:31:26+00:00 active_ues=23 slot=6 attempt=1 ue_idx=6 ue_if=uesimtun6 ue_ip=10.45.1.152 target=192.168.1.211:5207 bitrate=1M duration_s=80 planned_end_epoch=1787355166 timeout_s=90 hard_timeout_epoch=1787355181 start_rx_bytes=763501
[2026-08-22T01:31:26+02:00] UE_SLOT_PID timestamp=2026-08-21T23:31:26+00:00 active_ues=23 slot=6 attempt=1 ue_idx=6 pid=30245
[2026-08-22T01:31:26+02:00] UE_SLOT_ASSIGN timestamp=2026-08-21T23:31:26+00:00 active_ues=23 slot=7 ue_idx=7 ue_if=uesimtun7 ue_ip=10.45.1.154 candidate_reused_global_suspect=0
[2026-08-22T01:31:26+02:00] UE_SLOT_START timestamp=2026-08-21T23:31:26+00:00 active_ues=23 slot=7 attempt=1 ue_idx=7 ue_if=uesimtun7 ue_ip=10.45.1.154 target=192.168.1.211:5208 bitrate=1M duration_s=80 planned_end_epoch=1787355166 timeout_s=90 hard_timeout_epoch=1787355181 start_rx_bytes=675613
[2026-08-22T01:31:26+02:00] UE_SLOT_PID timestamp=2026-08-21T23:31:26+00:00 active_ues=23 slot=7 attempt=1 ue_idx=7 pid=30270
[2026-08-22T01:31:26+02:00] UE_SLOT_ASSIGN timestamp=2026-08-21T23:31:26+00:00 active_ues=23 slot=8 ue_idx=8 ue_if=uesimtun8 ue_ip=10.45.1.156 candidate_reused_global_suspect=0
[2026-08-22T01:31:26+02:00] UE_SLOT_START timestamp=2026-08-21T23:31:26+00:00 active_ues=23 slot=8 attempt=1 ue_idx=8 ue_if=uesimtun8 ue_ip=10.45.1.156 target=192.168.1.211:5209 bitrate=1M duration_s=80 planned_end_epoch=1787355166 timeout_s=90 hard_timeout_epoch=1787355181 start_rx_bytes=657158
[2026-08-22T01:31:26+02:00] UE_SLOT_PID timestamp=2026-08-21T23:31:26+00:00 active_ues=23 slot=8 attempt=1 ue_idx=8 pid=30295
[2026-08-22T01:31:26+02:00] UE_SLOT_ASSIGN timestamp=2026-08-21T23:31:26+00:00 active_ues=23 slot=9 ue_idx=9 ue_if=uesimtun9 ue_ip=10.45.1.158 candidate_reused_global_suspect=0
[2026-08-22T01:31:26+02:00] UPF_CONTROL_SAMPLE timestamp=2026-08-22T01:31:25+02:00 scenario=ue_23 pod=open5gs-upf-5b9db6d44-nsbqz uid=7b5b8ef7-a2a2-4fe9-a3e1-74acd17bd88f restarts=6 usage_cpu=325m usage_mem=37Mi request_cpu=323m request_mem=250Mi limit_cpu=none limit_mem=none vpa_target_cpu=350m vpa_target_mem=250Mi vpa_uncapped_cpu=350m vpa_uncapped_mem=250Mi vpa_lower_cpu=137m vpa_lower_mem=250Mi vpa_upper_cpu=1500m vpa_upper_mem=512Mi
[2026-08-22T01:31:26+02:00] UE_SLOT_START timestamp=2026-08-21T23:31:26+00:00 active_ues=23 slot=9 attempt=1 ue_idx=9 ue_if=uesimtun9 ue_ip=10.45.1.158 target=192.168.1.211:5210 bitrate=1M duration_s=80 planned_end_epoch=1787355166 timeout_s=90 hard_timeout_epoch=1787355181 start_rx_bytes=568564
[2026-08-22T01:31:26+02:00] UE_SLOT_PID timestamp=2026-08-21T23:31:26+00:00 active_ues=23 slot=9 attempt=1 ue_idx=9 pid=30320
[2026-08-22T01:31:26+02:00] UE_SLOT_ASSIGN timestamp=2026-08-21T23:31:26+00:00 active_ues=23 slot=10 ue_idx=10 ue_if=uesimtun10 ue_ip=10.45.1.159 candidate_reused_global_suspect=0
[2026-08-22T01:31:27+02:00] UE_SLOT_START timestamp=2026-08-21T23:31:26+00:00 active_ues=23 slot=10 attempt=1 ue_idx=10 ue_if=uesimtun10 ue_ip=10.45.1.159 target=192.168.1.211:5211 bitrate=1M duration_s=80 planned_end_epoch=1787355166 timeout_s=90 hard_timeout_epoch=1787355181 start_rx_bytes=562243
[2026-08-22T01:31:27+02:00] UE_SLOT_PID timestamp=2026-08-21T23:31:27+00:00 active_ues=23 slot=10 attempt=1 ue_idx=10 pid=30345
[2026-08-22T01:31:27+02:00] UE_SLOT_ASSIGN timestamp=2026-08-21T23:31:27+00:00 active_ues=23 slot=11 ue_idx=11 ue_if=uesimtun11 ue_ip=10.45.1.155 candidate_reused_global_suspect=0
[2026-08-22T01:31:27+02:00] UE_SLOT_START timestamp=2026-08-21T23:31:27+00:00 active_ues=23 slot=11 attempt=1 ue_idx=11 ue_if=uesimtun11 ue_ip=10.45.1.155 target=192.168.1.211:5212 bitrate=1M duration_s=80 planned_end_epoch=1787355167 timeout_s=90 hard_timeout_epoch=1787355182 start_rx_bytes=472307
[2026-08-22T01:31:27+02:00] UE_SLOT_PID timestamp=2026-08-21T23:31:27+00:00 active_ues=23 slot=11 attempt=1 ue_idx=11 pid=30370
[2026-08-22T01:31:27+02:00] UE_SLOT_ASSIGN timestamp=2026-08-21T23:31:27+00:00 active_ues=23 slot=12 ue_idx=12 ue_if=uesimtun12 ue_ip=10.45.1.164 candidate_reused_global_suspect=0
[2026-08-22T01:31:27+02:00] UE_SLOT_START timestamp=2026-08-21T23:31:27+00:00 active_ues=23 slot=12 attempt=1 ue_idx=12 ue_if=uesimtun12 ue_ip=10.45.1.164 target=192.168.1.211:5213 bitrate=1M duration_s=80 planned_end_epoch=1787355167 timeout_s=90 hard_timeout_epoch=1787355182 start_rx_bytes=462296
[2026-08-22T01:31:27+02:00] UE_SLOT_PID timestamp=2026-08-21T23:31:27+00:00 active_ues=23 slot=12 attempt=1 ue_idx=12 pid=30395
[2026-08-22T01:31:27+02:00] UE_SLOT_ASSIGN timestamp=2026-08-21T23:31:27+00:00 active_ues=23 slot=13 ue_idx=13 ue_if=uesimtun13 ue_ip=10.45.1.161 candidate_reused_global_suspect=0
[2026-08-22T01:31:27+02:00] UE_SLOT_START timestamp=2026-08-21T23:31:27+00:00 active_ues=23 slot=13 attempt=1 ue_idx=13 ue_if=uesimtun13 ue_ip=10.45.1.161 target=192.168.1.211:5214 bitrate=1M duration_s=80 planned_end_epoch=1787355167 timeout_s=90 hard_timeout_epoch=1787355182 start_rx_bytes=376912
[2026-08-22T01:31:27+02:00] UE_SLOT_PID timestamp=2026-08-21T23:31:27+00:00 active_ues=23 slot=13 attempt=1 ue_idx=13 pid=30420
[2026-08-22T01:31:27+02:00] UE_SLOT_ASSIGN timestamp=2026-08-21T23:31:27+00:00 active_ues=23 slot=14 ue_idx=14 ue_if=uesimtun14 ue_ip=10.45.1.167 candidate_reused_global_suspect=0
[2026-08-22T01:31:28+02:00] UE_SLOT_START timestamp=2026-08-21T23:31:28+00:00 active_ues=23 slot=14 attempt=1 ue_idx=14 ue_if=uesimtun14 ue_ip=10.45.1.167 target=192.168.1.211:5215 bitrate=1M duration_s=80 planned_end_epoch=1787355167 timeout_s=90 hard_timeout_epoch=1787355182 start_rx_bytes=384741
[2026-08-22T01:31:28+02:00] UE_SLOT_PID timestamp=2026-08-21T23:31:28+00:00 active_ues=23 slot=14 attempt=1 ue_idx=14 pid=30445
[2026-08-22T01:31:28+02:00] UE_SLOT_ASSIGN timestamp=2026-08-21T23:31:28+00:00 active_ues=23 slot=15 ue_idx=15 ue_if=uesimtun15 ue_ip=10.45.1.157 candidate_reused_global_suspect=0
[2026-08-22T01:31:28+02:00] UE_SLOT_START timestamp=2026-08-21T23:31:28+00:00 active_ues=23 slot=15 attempt=1 ue_idx=15 ue_if=uesimtun15 ue_ip=10.45.1.157 target=192.168.1.211:5216 bitrate=1M duration_s=80 planned_end_epoch=1787355168 timeout_s=90 hard_timeout_epoch=1787355183 start_rx_bytes=303235
[2026-08-22T01:31:28+02:00] UE_SLOT_PID timestamp=2026-08-21T23:31:28+00:00 active_ues=23 slot=15 attempt=1 ue_idx=15 pid=30470
[2026-08-22T01:31:28+02:00] UE_SLOT_ASSIGN timestamp=2026-08-21T23:31:28+00:00 active_ues=23 slot=16 ue_idx=16 ue_if=uesimtun16 ue_ip=10.45.1.168 candidate_reused_global_suspect=0
[2026-08-22T01:31:28+02:00] UE_SLOT_START timestamp=2026-08-21T23:31:28+00:00 active_ues=23 slot=16 attempt=1 ue_idx=16 ue_if=uesimtun16 ue_ip=10.45.1.168 target=192.168.1.211:5217 bitrate=1M duration_s=80 planned_end_epoch=1787355168 timeout_s=90 hard_timeout_epoch=1787355183 start_rx_bytes=291619
[2026-08-22T01:31:28+02:00] UE_SLOT_PID timestamp=2026-08-21T23:31:28+00:00 active_ues=23 slot=16 attempt=1 ue_idx=16 pid=30495
[2026-08-22T01:31:28+02:00] UE_SLOT_ASSIGN timestamp=2026-08-21T23:31:28+00:00 active_ues=23 slot=17 ue_idx=17 ue_if=uesimtun17 ue_ip=10.45.1.171 candidate_reused_global_suspect=0
[2026-08-22T01:31:28+02:00] UE_SLOT_START timestamp=2026-08-21T23:31:28+00:00 active_ues=23 slot=17 attempt=1 ue_idx=17 ue_if=uesimtun17 ue_ip=10.45.1.171 target=192.168.1.211:5218 bitrate=1M duration_s=80 planned_end_epoch=1787355168 timeout_s=90 hard_timeout_epoch=1787355183 start_rx_bytes=196640
[2026-08-22T01:31:28+02:00] UE_SLOT_PID timestamp=2026-08-21T23:31:28+00:00 active_ues=23 slot=17 attempt=1 ue_idx=17 pid=30520
[2026-08-22T01:31:28+02:00] UE_SLOT_ASSIGN timestamp=2026-08-21T23:31:28+00:00 active_ues=23 slot=18 ue_idx=20 ue_if=uesimtun20 ue_ip=10.45.1.178 candidate_reused_global_suspect=0
[2026-08-22T01:31:29+02:00] UE_SLOT_START timestamp=2026-08-21T23:31:29+00:00 active_ues=23 slot=18 attempt=1 ue_idx=20 ue_if=uesimtun20 ue_ip=10.45.1.178 target=192.168.1.211:5219 bitrate=1M duration_s=80 planned_end_epoch=1787355168 timeout_s=90 hard_timeout_epoch=1787355183 start_rx_bytes=115064
[2026-08-22T01:31:29+02:00] UE_SLOT_PID timestamp=2026-08-21T23:31:29+00:00 active_ues=23 slot=18 attempt=1 ue_idx=20 pid=30545
[2026-08-22T01:31:29+02:00] UPF_CONTROL_SAMPLE timestamp=2026-08-22T01:31:27+02:00 scenario=ue_23 pod=open5gs-upf-5b9db6d44-nsbqz uid=7b5b8ef7-a2a2-4fe9-a3e1-74acd17bd88f restarts=6 usage_cpu=325m usage_mem=37Mi request_cpu=323m request_mem=250Mi limit_cpu=none limit_mem=none vpa_target_cpu=350m vpa_target_mem=250Mi vpa_uncapped_cpu=350m vpa_uncapped_mem=250Mi vpa_lower_cpu=137m vpa_lower_mem=250Mi vpa_upper_cpu=1500m vpa_upper_mem=512Mi
[2026-08-22T01:31:29+02:00] UE_SLOT_ASSIGN timestamp=2026-08-21T23:31:29+00:00 active_ues=23 slot=19 ue_idx=21 ue_if=uesimtun21 ue_ip=10.45.1.182 candidate_reused_global_suspect=0
[2026-08-22T01:31:29+02:00] UE_SLOT_START timestamp=2026-08-21T23:31:29+00:00 active_ues=23 slot=19 attempt=1 ue_idx=21 ue_if=uesimtun21 ue_ip=10.45.1.182 target=192.168.1.211:5220 bitrate=1M duration_s=80 planned_end_epoch=1787355169 timeout_s=90 hard_timeout_epoch=1787355184 start_rx_bytes=93732
[2026-08-22T01:31:29+02:00] UE_SLOT_PID timestamp=2026-08-21T23:31:29+00:00 active_ues=23 slot=19 attempt=1 ue_idx=21 pid=30570
[2026-08-22T01:31:29+02:00] UE_SLOT_ASSIGN timestamp=2026-08-21T23:31:29+00:00 active_ues=23 slot=20 ue_idx=22 ue_if=uesimtun22 ue_ip=10.45.1.184 candidate_reused_global_suspect=0
[2026-08-22T01:31:29+02:00] UE_SLOT_START timestamp=2026-08-21T23:31:29+00:00 active_ues=23 slot=20 attempt=1 ue_idx=22 ue_if=uesimtun22 ue_ip=10.45.1.184 target=192.168.1.211:5221 bitrate=1M duration_s=80 planned_end_epoch=1787355169 timeout_s=90 hard_timeout_epoch=1787355184 start_rx_bytes=76722
[2026-08-22T01:31:29+02:00] UE_SLOT_PID timestamp=2026-08-21T23:31:29+00:00 active_ues=23 slot=20 attempt=1 ue_idx=22 pid=30595
[2026-08-22T01:31:29+02:00] UE_SLOT_ASSIGN timestamp=2026-08-21T23:31:29+00:00 active_ues=23 slot=21 ue_idx=23 ue_if=uesimtun23 ue_ip=10.45.1.183 candidate_reused_global_suspect=0
[2026-08-22T01:31:29+02:00] UE_SLOT_START timestamp=2026-08-21T23:31:29+00:00 active_ues=23 slot=21 attempt=1 ue_idx=23 ue_if=uesimtun23 ue_ip=10.45.1.183 target=192.168.1.211:5222 bitrate=1M duration_s=80 planned_end_epoch=1787355169 timeout_s=90 hard_timeout_epoch=1787355184 start_rx_bytes=0
[2026-08-22T01:31:29+02:00] UE_SLOT_PID timestamp=2026-08-21T23:31:29+00:00 active_ues=23 slot=21 attempt=1 ue_idx=23 pid=30620
[2026-08-22T01:31:29+02:00] UE_SLOT_ASSIGN timestamp=2026-08-21T23:31:29+00:00 active_ues=23 slot=22 ue_idx=24 ue_if=uesimtun24 ue_ip=10.45.1.187 candidate_reused_global_suspect=0
[2026-08-22T01:31:30+02:00] UE_SLOT_START timestamp=2026-08-21T23:31:29+00:00 active_ues=23 slot=22 attempt=1 ue_idx=24 ue_if=uesimtun24 ue_ip=10.45.1.187 target=192.168.1.211:5223 bitrate=1M duration_s=80 planned_end_epoch=1787355169 timeout_s=90 hard_timeout_epoch=1787355184 start_rx_bytes=0
[2026-08-22T01:31:30+02:00] UE_SLOT_PID timestamp=2026-08-21T23:31:30+00:00 active_ues=23 slot=22 attempt=1 ue_idx=24 pid=30645
[2026-08-22T01:31:30+02:00] IPERF_MAPPING_SUMMARY timestamp=2026-08-21T23:31:30+00:00 active_ues=23 registered_tunnels=50 initial_ports=5201-5223 replacement_ports=5251-5265 bitrate=1M start_delay=0.05 detection=no_rx_counter replacement_min_duration_s=5 adaptive_extension_max_s=1 iperf_exit_grace_s=3 server_busy_port_rebinds=1 late_replacement_after_end=disabled wait_for_iperf_exit=until_timeout global_suspect_policy=soft_reuse ramp_supervision=after_initial_start
[2026-08-22T01:31:31+02:00] UPF_CONTROL_SAMPLE timestamp=2026-08-22T01:31:30+02:00 scenario=ue_23 pod=open5gs-upf-5b9db6d44-nsbqz uid=7b5b8ef7-a2a2-4fe9-a3e1-74acd17bd88f restarts=6 usage_cpu=325m usage_mem=37Mi request_cpu=323m request_mem=250Mi limit_cpu=none limit_mem=none vpa_target_cpu=350m vpa_target_mem=250Mi vpa_uncapped_cpu=350m vpa_uncapped_mem=250Mi vpa_lower_cpu=137m vpa_lower_mem=250Mi vpa_upper_cpu=1500m vpa_upper_mem=512Mi
[2026-08-22T01:31:33+02:00] UPF_CONTROL_SAMPLE timestamp=2026-08-22T01:31:32+02:00 scenario=ue_23 pod=open5gs-upf-5b9db6d44-nsbqz uid=7b5b8ef7-a2a2-4fe9-a3e1-74acd17bd88f restarts=6 usage_cpu=325m usage_mem=37Mi request_cpu=323m request_mem=250Mi limit_cpu=none limit_mem=none vpa_target_cpu=350m vpa_target_mem=250Mi vpa_uncapped_cpu=350m vpa_uncapped_mem=250Mi vpa_lower_cpu=137m vpa_lower_mem=250Mi vpa_upper_cpu=1500m vpa_upper_mem=512Mi
[2026-08-22T01:31:36+02:00] UPF_CONTROL_SAMPLE timestamp=2026-08-22T01:31:34+02:00 scenario=ue_23 pod=open5gs-upf-5b9db6d44-nsbqz uid=7b5b8ef7-a2a2-4fe9-a3e1-74acd17bd88f restarts=6 usage_cpu=325m usage_mem=37Mi request_cpu=323m request_mem=250Mi limit_cpu=none limit_mem=none vpa_target_cpu=350m vpa_target_mem=250Mi vpa_uncapped_cpu=350m vpa_uncapped_mem=250Mi vpa_lower_cpu=137m vpa_lower_mem=250Mi vpa_upper_cpu=1500m vpa_upper_mem=512Mi
[2026-08-22T01:31:38+02:00] UPF_CONTROL_SAMPLE timestamp=2026-08-22T01:31:37+02:00 scenario=ue_23 pod=open5gs-upf-5b9db6d44-nsbqz uid=7b5b8ef7-a2a2-4fe9-a3e1-74acd17bd88f restarts=6 usage_cpu=325m usage_mem=37Mi request_cpu=323m request_mem=250Mi limit_cpu=none limit_mem=none vpa_target_cpu=350m vpa_target_mem=250Mi vpa_uncapped_cpu=350m vpa_uncapped_mem=250Mi vpa_lower_cpu=137m vpa_lower_mem=250Mi vpa_upper_cpu=1500m vpa_upper_mem=512Mi
[2026-08-22T01:31:40+02:00] UPF_CONTROL_SAMPLE timestamp=2026-08-22T01:31:39+02:00 scenario=ue_23 pod=open5gs-upf-5b9db6d44-nsbqz uid=7b5b8ef7-a2a2-4fe9-a3e1-74acd17bd88f restarts=6 usage_cpu=117m usage_mem=37Mi request_cpu=323m request_mem=250Mi limit_cpu=none limit_mem=none vpa_target_cpu=350m vpa_target_mem=250Mi vpa_uncapped_cpu=350m vpa_uncapped_mem=250Mi vpa_lower_cpu=137m vpa_lower_mem=250Mi vpa_upper_cpu=1500m vpa_upper_mem=512Mi
[2026-08-22T01:31:43+02:00] UPF_CONTROL_SAMPLE timestamp=2026-08-22T01:31:41+02:00 scenario=ue_23 pod=open5gs-upf-5b9db6d44-nsbqz uid=7b5b8ef7-a2a2-4fe9-a3e1-74acd17bd88f restarts=6 usage_cpu=117m usage_mem=37Mi request_cpu=323m request_mem=250Mi limit_cpu=none limit_mem=none vpa_target_cpu=350m vpa_target_mem=250Mi vpa_uncapped_cpu=350m vpa_uncapped_mem=250Mi vpa_lower_cpu=137m vpa_lower_mem=250Mi vpa_upper_cpu=1500m vpa_upper_mem=512Mi
[2026-08-22T01:31:45+02:00] UPF_CONTROL_SAMPLE timestamp=2026-08-22T01:31:44+02:00 scenario=ue_23 pod=open5gs-upf-5b9db6d44-nsbqz uid=7b5b8ef7-a2a2-4fe9-a3e1-74acd17bd88f restarts=6 usage_cpu=117m usage_mem=37Mi request_cpu=323m request_mem=250Mi limit_cpu=none limit_mem=none vpa_target_cpu=350m vpa_target_mem=250Mi vpa_uncapped_cpu=350m vpa_uncapped_mem=250Mi vpa_lower_cpu=137m vpa_lower_mem=250Mi vpa_upper_cpu=1500m vpa_upper_mem=512Mi
[2026-08-22T01:31:47+02:00] UPF_CONTROL_SAMPLE timestamp=2026-08-22T01:31:46+02:00 scenario=ue_23 pod=open5gs-upf-5b9db6d44-nsbqz uid=7b5b8ef7-a2a2-4fe9-a3e1-74acd17bd88f restarts=6 usage_cpu=117m usage_mem=37Mi request_cpu=323m request_mem=250Mi limit_cpu=none limit_mem=none vpa_target_cpu=350m vpa_target_mem=250Mi vpa_uncapped_cpu=350m vpa_uncapped_mem=250Mi vpa_lower_cpu=137m vpa_lower_mem=250Mi vpa_upper_cpu=1500m vpa_upper_mem=512Mi
[2026-08-22T01:31:49+02:00] UPF_CONTROL_SAMPLE timestamp=2026-08-22T01:31:48+02:00 scenario=ue_23 pod=open5gs-upf-5b9db6d44-nsbqz uid=7b5b8ef7-a2a2-4fe9-a3e1-74acd17bd88f restarts=6 usage_cpu=117m usage_mem=37Mi request_cpu=323m request_mem=250Mi limit_cpu=none limit_mem=none vpa_target_cpu=350m vpa_target_mem=250Mi vpa_uncapped_cpu=350m vpa_uncapped_mem=250Mi vpa_lower_cpu=137m vpa_lower_mem=250Mi vpa_upper_cpu=1500m vpa_upper_mem=512Mi
[2026-08-22T01:31:51+02:00] UPF_CONTROL_SAMPLE timestamp=2026-08-22T01:31:50+02:00 scenario=ue_23 pod=open5gs-upf-5b9db6d44-nsbqz uid=7b5b8ef7-a2a2-4fe9-a3e1-74acd17bd88f restarts=6 usage_cpu=117m usage_mem=37Mi request_cpu=323m request_mem=250Mi limit_cpu=none limit_mem=none vpa_target_cpu=350m vpa_target_mem=250Mi vpa_uncapped_cpu=350m vpa_uncapped_mem=250Mi vpa_lower_cpu=137m vpa_lower_mem=250Mi vpa_upper_cpu=1500m vpa_upper_mem=512Mi
[2026-08-22T01:31:55+02:00] UPF_CONTROL_SAMPLE timestamp=2026-08-22T01:31:52+02:00 scenario=ue_23 pod=open5gs-upf-5b9db6d44-nsbqz uid=7b5b8ef7-a2a2-4fe9-a3e1-74acd17bd88f restarts=6 usage_cpu=117m usage_mem=37Mi request_cpu=323m request_mem=250Mi limit_cpu=none limit_mem=none vpa_target_cpu=350m vpa_target_mem=250Mi vpa_uncapped_cpu=350m vpa_uncapped_mem=250Mi vpa_lower_cpu=137m vpa_lower_mem=250Mi vpa_upper_cpu=1500m vpa_upper_mem=512Mi
[2026-08-22T01:31:58+02:00] UPF_CONTROL_SAMPLE timestamp=2026-08-22T01:31:56+02:00 scenario=ue_23 pod=open5gs-upf-5b9db6d44-nsbqz uid=7b5b8ef7-a2a2-4fe9-a3e1-74acd17bd88f restarts=6 usage_cpu=332m usage_mem=37Mi request_cpu=323m request_mem=250Mi limit_cpu=none limit_mem=none vpa_target_cpu=350m vpa_target_mem=250Mi vpa_uncapped_cpu=350m vpa_uncapped_mem=250Mi vpa_lower_cpu=137m vpa_lower_mem=250Mi vpa_upper_cpu=1500m vpa_upper_mem=512Mi
[2026-08-22T01:32:01+02:00] UPF_CONTROL_SAMPLE timestamp=2026-08-22T01:31:59+02:00 scenario=ue_23 pod=open5gs-upf-5b9db6d44-nsbqz uid=7b5b8ef7-a2a2-4fe9-a3e1-74acd17bd88f restarts=6 usage_cpu=332m usage_mem=37Mi request_cpu=323m request_mem=250Mi limit_cpu=none limit_mem=none vpa_target_cpu=350m vpa_target_mem=250Mi vpa_uncapped_cpu=350m vpa_uncapped_mem=250Mi vpa_lower_cpu=137m vpa_lower_mem=250Mi vpa_upper_cpu=1500m vpa_upper_mem=512Mi
[2026-08-22T01:32:03+02:00] UPF_CONTROL_SAMPLE timestamp=2026-08-22T01:32:02+02:00 scenario=ue_23 pod=open5gs-upf-5b9db6d44-nsbqz uid=7b5b8ef7-a2a2-4fe9-a3e1-74acd17bd88f restarts=6 usage_cpu=332m usage_mem=37Mi request_cpu=323m request_mem=250Mi limit_cpu=none limit_mem=none vpa_target_cpu=350m vpa_target_mem=250Mi vpa_uncapped_cpu=350m vpa_uncapped_mem=250Mi vpa_lower_cpu=137m vpa_lower_mem=250Mi vpa_upper_cpu=1500m vpa_upper_mem=512Mi
[2026-08-22T01:32:05+02:00] UPF_CONTROL_SAMPLE timestamp=2026-08-22T01:32:04+02:00 scenario=ue_23 pod=open5gs-upf-5b9db6d44-nsbqz uid=7b5b8ef7-a2a2-4fe9-a3e1-74acd17bd88f restarts=6 usage_cpu=332m usage_mem=37Mi request_cpu=323m request_mem=250Mi limit_cpu=none limit_mem=none vpa_target_cpu=350m vpa_target_mem=250Mi vpa_uncapped_cpu=350m vpa_uncapped_mem=250Mi vpa_lower_cpu=137m vpa_lower_mem=250Mi vpa_upper_cpu=1500m vpa_upper_mem=512Mi
[2026-08-22T01:32:07+02:00] UPF_CONTROL_SAMPLE timestamp=2026-08-22T01:32:06+02:00 scenario=ue_23 pod=open5gs-upf-5b9db6d44-nsbqz uid=7b5b8ef7-a2a2-4fe9-a3e1-74acd17bd88f restarts=6 usage_cpu=332m usage_mem=37Mi request_cpu=323m request_mem=250Mi limit_cpu=none limit_mem=none vpa_target_cpu=350m vpa_target_mem=250Mi vpa_uncapped_cpu=350m vpa_uncapped_mem=250Mi vpa_lower_cpu=137m vpa_lower_mem=250Mi vpa_upper_cpu=1500m vpa_upper_mem=512Mi
[2026-08-22T01:32:09+02:00] UPF_CONTROL_SAMPLE timestamp=2026-08-22T01:32:08+02:00 scenario=ue_23 pod=open5gs-upf-5b9db6d44-nsbqz uid=7b5b8ef7-a2a2-4fe9-a3e1-74acd17bd88f restarts=6 usage_cpu=332m usage_mem=37Mi request_cpu=323m request_mem=250Mi limit_cpu=none limit_mem=none vpa_target_cpu=350m vpa_target_mem=250Mi vpa_uncapped_cpu=350m vpa_uncapped_mem=250Mi vpa_lower_cpu=137m vpa_lower_mem=250Mi vpa_upper_cpu=1500m vpa_upper_mem=512Mi
[2026-08-22T01:32:12+02:00] VPA_RECOMMENDATION_CHANGE timestamp=2026-08-22T01:32:10+02:00 scenario=ue_23 old='vpa_target_cpu=350m vpa_target_mem=250Mi vpa_uncapped_cpu=350m vpa_uncapped_mem=250Mi vpa_lower_cpu=137m vpa_lower_mem=250Mi vpa_upper_cpu=1500m vpa_upper_mem=512Mi' new='vpa_target_cpu=410m vpa_target_mem=250Mi vpa_uncapped_cpu=410m vpa_uncapped_mem=250Mi vpa_lower_cpu=154m vpa_lower_mem=250Mi vpa_upper_cpu=1500m vpa_upper_mem=512Mi' previous_5s_sample='timestamp=2026-08-22T01:32:04+02:00 scenario=ue_23 pod=open5gs-upf-5b9db6d44-nsbqz uid=7b5b8ef7-a2a2-4fe9-a3e1-74acd17bd88f restarts=6 usage_cpu=332m usage_mem=37Mi request_cpu=323m request_mem=250Mi limit_cpu=none limit_mem=none vpa_target_cpu=350m vpa_target_mem=250Mi vpa_uncapped_cpu=350m vpa_uncapped_mem=250Mi vpa_lower_cpu=137m vpa_lower_mem=250Mi vpa_upper_cpu=1500m vpa_upper_mem=512Mi' current_sample='timestamp=2026-08-22T01:32:10+02:00 scenario=ue_23 pod=open5gs-upf-5b9db6d44-nsbqz uid=7b5b8ef7-a2a2-4fe9-a3e1-74acd17bd88f restarts=6 usage_cpu=336m usage_mem=37Mi request_cpu=323m request_mem=250Mi limit_cpu=none limit_mem=none vpa_target_cpu=410m vpa_target_mem=250Mi vpa_uncapped_cpu=410m vpa_uncapped_mem=250Mi vpa_lower_cpu=154m vpa_lower_mem=250Mi vpa_upper_cpu=1500m vpa_upper_mem=512Mi'
[2026-08-22T01:32:12+02:00] UPF_CONTROL_SAMPLE timestamp=2026-08-22T01:32:10+02:00 scenario=ue_23 pod=open5gs-upf-5b9db6d44-nsbqz uid=7b5b8ef7-a2a2-4fe9-a3e1-74acd17bd88f restarts=6 usage_cpu=336m usage_mem=37Mi request_cpu=323m request_mem=250Mi limit_cpu=none limit_mem=none vpa_target_cpu=410m vpa_target_mem=250Mi vpa_uncapped_cpu=410m vpa_uncapped_mem=250Mi vpa_lower_cpu=154m vpa_lower_mem=250Mi vpa_upper_cpu=1500m vpa_upper_mem=512Mi
[2026-08-22T01:32:14+02:00] UPF_CONTROL_SAMPLE timestamp=2026-08-22T01:32:13+02:00 scenario=ue_23 pod=open5gs-upf-5b9db6d44-nsbqz uid=7b5b8ef7-a2a2-4fe9-a3e1-74acd17bd88f restarts=6 usage_cpu=336m usage_mem=37Mi request_cpu=323m request_mem=250Mi limit_cpu=none limit_mem=none vpa_target_cpu=410m vpa_target_mem=250Mi vpa_uncapped_cpu=410m vpa_uncapped_mem=250Mi vpa_lower_cpu=154m vpa_lower_mem=250Mi vpa_upper_cpu=1500m vpa_upper_mem=512Mi
[2026-08-22T01:32:16+02:00] UPF_CONTROL_SAMPLE timestamp=2026-08-22T01:32:15+02:00 scenario=ue_23 pod=open5gs-upf-5b9db6d44-nsbqz uid=7b5b8ef7-a2a2-4fe9-a3e1-74acd17bd88f restarts=6 usage_cpu=336m usage_mem=37Mi request_cpu=323m request_mem=250Mi limit_cpu=none limit_mem=none vpa_target_cpu=410m vpa_target_mem=250Mi vpa_uncapped_cpu=410m vpa_uncapped_mem=250Mi vpa_lower_cpu=154m vpa_lower_mem=250Mi vpa_upper_cpu=1500m vpa_upper_mem=512Mi
[2026-08-22T01:32:18+02:00] UPF_CONTROL_SAMPLE timestamp=2026-08-22T01:32:17+02:00 scenario=ue_23 pod=open5gs-upf-5b9db6d44-nsbqz uid=7b5b8ef7-a2a2-4fe9-a3e1-74acd17bd88f restarts=6 usage_cpu=336m usage_mem=37Mi request_cpu=323m request_mem=250Mi limit_cpu=none limit_mem=none vpa_target_cpu=410m vpa_target_mem=250Mi vpa_uncapped_cpu=410m vpa_uncapped_mem=250Mi vpa_lower_cpu=154m vpa_lower_mem=250Mi vpa_upper_cpu=1500m vpa_upper_mem=512Mi
[2026-08-22T01:32:21+02:00] UPF_CONTROL_SAMPLE timestamp=2026-08-22T01:32:19+02:00 scenario=ue_23 pod=open5gs-upf-5b9db6d44-nsbqz uid=7b5b8ef7-a2a2-4fe9-a3e1-74acd17bd88f restarts=6 usage_cpu=336m usage_mem=37Mi request_cpu=323m request_mem=250Mi limit_cpu=none limit_mem=none vpa_target_cpu=410m vpa_target_mem=250Mi vpa_uncapped_cpu=410m vpa_uncapped_mem=250Mi vpa_lower_cpu=154m vpa_lower_mem=250Mi vpa_upper_cpu=1500m vpa_upper_mem=512Mi
[2026-08-22T01:32:23+02:00] UPF_CONTROL_SAMPLE timestamp=2026-08-22T01:32:22+02:00 scenario=ue_23 pod=open5gs-upf-5b9db6d44-nsbqz uid=7b5b8ef7-a2a2-4fe9-a3e1-74acd17bd88f restarts=6 usage_cpu=336m usage_mem=37Mi request_cpu=323m request_mem=250Mi limit_cpu=none limit_mem=none vpa_target_cpu=410m vpa_target_mem=250Mi vpa_uncapped_cpu=410m vpa_uncapped_mem=250Mi vpa_lower_cpu=154m vpa_lower_mem=250Mi vpa_upper_cpu=1500m vpa_upper_mem=512Mi
[2026-08-22T01:32:25+02:00] UPF_CONTROL_SAMPLE timestamp=2026-08-22T01:32:24+02:00 scenario=ue_23 pod=open5gs-upf-5b9db6d44-nsbqz uid=7b5b8ef7-a2a2-4fe9-a3e1-74acd17bd88f restarts=6 usage_cpu=369m usage_mem=37Mi request_cpu=323m request_mem=250Mi limit_cpu=none limit_mem=none vpa_target_cpu=410m vpa_target_mem=250Mi vpa_uncapped_cpu=410m vpa_uncapped_mem=250Mi vpa_lower_cpu=154m vpa_lower_mem=250Mi vpa_upper_cpu=1500m vpa_upper_mem=512Mi
[2026-08-22T01:32:27+02:00] UPF_REQUEST_CHANGE timestamp=2026-08-22T01:32:26+02:00 scenario=ue_23 pod=open5gs-upf-5b9db6d44-nsbqz uid=7b5b8ef7-a2a2-4fe9-a3e1-74acd17bd88f restarts=6 old='request_cpu=323m request_mem=250Mi limit_cpu=none limit_mem=none' new='request_cpu=410m request_mem=250Mi limit_cpu=none limit_mem=none' previous_5s_sample='timestamp=2026-08-22T01:32:19+02:00 scenario=ue_23 pod=open5gs-upf-5b9db6d44-nsbqz uid=7b5b8ef7-a2a2-4fe9-a3e1-74acd17bd88f restarts=6 usage_cpu=336m usage_mem=37Mi request_cpu=323m request_mem=250Mi limit_cpu=none limit_mem=none vpa_target_cpu=410m vpa_target_mem=250Mi vpa_uncapped_cpu=410m vpa_uncapped_mem=250Mi vpa_lower_cpu=154m vpa_lower_mem=250Mi vpa_upper_cpu=1500m vpa_upper_mem=512Mi' current_sample='timestamp=2026-08-22T01:32:26+02:00 scenario=ue_23 pod=open5gs-upf-5b9db6d44-nsbqz uid=7b5b8ef7-a2a2-4fe9-a3e1-74acd17bd88f restarts=6 usage_cpu=369m usage_mem=37Mi request_cpu=410m request_mem=250Mi limit_cpu=none limit_mem=none vpa_target_cpu=410m vpa_target_mem=250Mi vpa_uncapped_cpu=410m vpa_uncapped_mem=250Mi vpa_lower_cpu=154m vpa_lower_mem=250Mi vpa_upper_cpu=1500m vpa_upper_mem=512Mi'
[2026-08-22T01:32:27+02:00] UPF_CONTROL_SAMPLE timestamp=2026-08-22T01:32:26+02:00 scenario=ue_23 pod=open5gs-upf-5b9db6d44-nsbqz uid=7b5b8ef7-a2a2-4fe9-a3e1-74acd17bd88f restarts=6 usage_cpu=369m usage_mem=37Mi request_cpu=410m request_mem=250Mi limit_cpu=none limit_mem=none vpa_target_cpu=410m vpa_target_mem=250Mi vpa_uncapped_cpu=410m vpa_uncapped_mem=250Mi vpa_lower_cpu=154m vpa_lower_mem=250Mi vpa_upper_cpu=1500m vpa_upper_mem=512Mi
[2026-08-22T01:32:30+02:00] UPF_CONTROL_SAMPLE timestamp=2026-08-22T01:32:28+02:00 scenario=ue_23 pod=open5gs-upf-5b9db6d44-nsbqz uid=7b5b8ef7-a2a2-4fe9-a3e1-74acd17bd88f restarts=6 usage_cpu=369m usage_mem=37Mi request_cpu=410m request_mem=250Mi limit_cpu=none limit_mem=none vpa_target_cpu=410m vpa_target_mem=250Mi vpa_uncapped_cpu=410m vpa_uncapped_mem=250Mi vpa_lower_cpu=154m vpa_lower_mem=250Mi vpa_upper_cpu=1500m vpa_upper_mem=512Mi
[2026-08-22T01:32:32+02:00] UPF_CONTROL_SAMPLE timestamp=2026-08-22T01:32:31+02:00 scenario=ue_23 pod=open5gs-upf-5b9db6d44-nsbqz uid=7b5b8ef7-a2a2-4fe9-a3e1-74acd17bd88f restarts=6 usage_cpu=369m usage_mem=37Mi request_cpu=410m request_mem=250Mi limit_cpu=none limit_mem=none vpa_target_cpu=410m vpa_target_mem=250Mi vpa_uncapped_cpu=410m vpa_uncapped_mem=250Mi vpa_lower_cpu=154m vpa_lower_mem=250Mi vpa_upper_cpu=1500m vpa_upper_mem=512Mi
[2026-08-22T01:32:34+02:00] UPF_CONTROL_SAMPLE timestamp=2026-08-22T01:32:33+02:00 scenario=ue_23 pod=open5gs-upf-5b9db6d44-nsbqz uid=7b5b8ef7-a2a2-4fe9-a3e1-74acd17bd88f restarts=6 usage_cpu=369m usage_mem=37Mi request_cpu=410m request_mem=250Mi limit_cpu=none limit_mem=none vpa_target_cpu=410m vpa_target_mem=250Mi vpa_uncapped_cpu=410m vpa_uncapped_mem=250Mi vpa_lower_cpu=154m vpa_lower_mem=250Mi vpa_upper_cpu=1500m vpa_upper_mem=512Mi
[2026-08-22T01:32:36+02:00] UPF_CONTROL_SAMPLE timestamp=2026-08-22T01:32:35+02:00 scenario=ue_23 pod=open5gs-upf-5b9db6d44-nsbqz uid=7b5b8ef7-a2a2-4fe9-a3e1-74acd17bd88f restarts=6 usage_cpu=369m usage_mem=37Mi request_cpu=410m request_mem=250Mi limit_cpu=none limit_mem=none vpa_target_cpu=410m vpa_target_mem=250Mi vpa_uncapped_cpu=410m vpa_uncapped_mem=250Mi vpa_lower_cpu=154m vpa_lower_mem=250Mi vpa_upper_cpu=1500m vpa_upper_mem=512Mi
[2026-08-22T01:32:39+02:00] UPF_CONTROL_SAMPLE timestamp=2026-08-22T01:32:37+02:00 scenario=ue_23 pod=open5gs-upf-5b9db6d44-nsbqz uid=7b5b8ef7-a2a2-4fe9-a3e1-74acd17bd88f restarts=6 usage_cpu=369m usage_mem=37Mi request_cpu=410m request_mem=250Mi limit_cpu=none limit_mem=none vpa_target_cpu=410m vpa_target_mem=250Mi vpa_uncapped_cpu=410m vpa_uncapped_mem=250Mi vpa_lower_cpu=154m vpa_lower_mem=250Mi vpa_upper_cpu=1500m vpa_upper_mem=512Mi
[2026-08-22T01:32:41+02:00] UPF_CONTROL_SAMPLE timestamp=2026-08-22T01:32:40+02:00 scenario=ue_23 pod=open5gs-upf-5b9db6d44-nsbqz uid=7b5b8ef7-a2a2-4fe9-a3e1-74acd17bd88f restarts=6 usage_cpu=342m usage_mem=37Mi request_cpu=410m request_mem=250Mi limit_cpu=none limit_mem=none vpa_target_cpu=410m vpa_target_mem=250Mi vpa_uncapped_cpu=410m vpa_uncapped_mem=250Mi vpa_lower_cpu=154m vpa_lower_mem=250Mi vpa_upper_cpu=1500m vpa_upper_mem=512Mi
[2026-08-22T01:32:44+02:00] UPF_CONTROL_SAMPLE timestamp=2026-08-22T01:32:42+02:00 scenario=ue_23 pod=open5gs-upf-5b9db6d44-nsbqz uid=7b5b8ef7-a2a2-4fe9-a3e1-74acd17bd88f restarts=6 usage_cpu=342m usage_mem=37Mi request_cpu=410m request_mem=250Mi limit_cpu=none limit_mem=none vpa_target_cpu=410m vpa_target_mem=250Mi vpa_uncapped_cpu=410m vpa_uncapped_mem=250Mi vpa_lower_cpu=154m vpa_lower_mem=250Mi vpa_upper_cpu=1500m vpa_upper_mem=512Mi
[2026-08-22T01:32:45+02:00] UE_SLOT_DONE timestamp=2026-08-21T23:32:45+00:00 active_ues=23 slot=0 attempt=1 ue_idx=0 ue_if=uesimtun0 ue_ip=10.45.1.146 port=5201 rc=0 replacements_for_slot=0 server_busy_retries_for_slot=0
[2026-08-22T01:32:45+02:00] UE_SLOT_DONE timestamp=2026-08-21T23:32:45+00:00 active_ues=23 slot=1 attempt=1 ue_idx=1 ue_if=uesimtun1 ue_ip=10.45.1.147 port=5202 rc=0 replacements_for_slot=0 server_busy_retries_for_slot=0
[2026-08-22T01:32:45+02:00] UE_SLOT_DONE timestamp=2026-08-21T23:32:45+00:00 active_ues=23 slot=2 attempt=1 ue_idx=2 ue_if=uesimtun2 ue_ip=10.45.1.148 port=5203 rc=0 replacements_for_slot=0 server_busy_retries_for_slot=0
[2026-08-22T01:32:46+02:00] UPF_CONTROL_SAMPLE timestamp=2026-08-22T01:32:45+02:00 scenario=ue_23 pod=open5gs-upf-5b9db6d44-nsbqz uid=7b5b8ef7-a2a2-4fe9-a3e1-74acd17bd88f restarts=6 usage_cpu=342m usage_mem=37Mi request_cpu=410m request_mem=250Mi limit_cpu=none limit_mem=none vpa_target_cpu=410m vpa_target_mem=250Mi vpa_uncapped_cpu=410m vpa_uncapped_mem=250Mi vpa_lower_cpu=154m vpa_lower_mem=250Mi vpa_upper_cpu=1500m vpa_upper_mem=512Mi
[2026-08-22T01:32:47+02:00] UE_SLOT_DONE timestamp=2026-08-21T23:32:47+00:00 active_ues=23 slot=3 attempt=1 ue_idx=3 ue_if=uesimtun3 ue_ip=10.45.1.149 port=5204 rc=0 replacements_for_slot=0 server_busy_retries_for_slot=0
[2026-08-22T01:32:47+02:00] UE_SLOT_DONE timestamp=2026-08-21T23:32:47+00:00 active_ues=23 slot=4 attempt=1 ue_idx=4 ue_if=uesimtun4 ue_ip=10.45.1.151 port=5205 rc=0 replacements_for_slot=0 server_busy_retries_for_slot=0
[2026-08-22T01:32:47+02:00] UE_SLOT_DONE timestamp=2026-08-21T23:32:47+00:00 active_ues=23 slot=5 attempt=1 ue_idx=5 ue_if=uesimtun5 ue_ip=10.45.1.150 port=5206 rc=0 replacements_for_slot=0 server_busy_retries_for_slot=0
[2026-08-22T01:32:47+02:00] UE_SLOT_DONE timestamp=2026-08-21T23:32:47+00:00 active_ues=23 slot=6 attempt=1 ue_idx=6 ue_if=uesimtun6 ue_ip=10.45.1.152 port=5207 rc=0 replacements_for_slot=0 server_busy_retries_for_slot=0
[2026-08-22T01:32:47+02:00] UE_SLOT_DONE timestamp=2026-08-21T23:32:47+00:00 active_ues=23 slot=7 attempt=1 ue_idx=7 ue_if=uesimtun7 ue_ip=10.45.1.154 port=5208 rc=0 replacements_for_slot=0 server_busy_retries_for_slot=0
[2026-08-22T01:32:47+02:00] UE_SLOT_DONE timestamp=2026-08-21T23:32:47+00:00 active_ues=23 slot=8 attempt=1 ue_idx=8 ue_if=uesimtun8 ue_ip=10.45.1.156 port=5209 rc=0 replacements_for_slot=0 server_busy_retries_for_slot=0
[2026-08-22T01:32:47+02:00] UE_SLOT_DONE timestamp=2026-08-21T23:32:47+00:00 active_ues=23 slot=9 attempt=1 ue_idx=9 ue_if=uesimtun9 ue_ip=10.45.1.158 port=5210 rc=0 replacements_for_slot=0 server_busy_retries_for_slot=0
[2026-08-22T01:32:47+02:00] UE_SLOT_DONE timestamp=2026-08-21T23:32:47+00:00 active_ues=23 slot=10 attempt=1 ue_idx=10 ue_if=uesimtun10 ue_ip=10.45.1.159 port=5211 rc=0 replacements_for_slot=0 server_busy_retries_for_slot=0
[2026-08-22T01:32:47+02:00] UE_SLOT_DONE timestamp=2026-08-21T23:32:47+00:00 active_ues=23 slot=11 attempt=1 ue_idx=11 ue_if=uesimtun11 ue_ip=10.45.1.155 port=5212 rc=0 replacements_for_slot=0 server_busy_retries_for_slot=0
[2026-08-22T01:32:48+02:00] UPF_CONTROL_SAMPLE timestamp=2026-08-22T01:32:47+02:00 scenario=ue_23 pod=open5gs-upf-5b9db6d44-nsbqz uid=7b5b8ef7-a2a2-4fe9-a3e1-74acd17bd88f restarts=6 usage_cpu=342m usage_mem=37Mi request_cpu=410m request_mem=250Mi limit_cpu=none limit_mem=none vpa_target_cpu=410m vpa_target_mem=250Mi vpa_uncapped_cpu=410m vpa_uncapped_mem=250Mi vpa_lower_cpu=154m vpa_lower_mem=250Mi vpa_upper_cpu=1500m vpa_upper_mem=512Mi
[2026-08-22T01:32:49+02:00] UE_SLOT_DONE timestamp=2026-08-21T23:32:49+00:00 active_ues=23 slot=12 attempt=1 ue_idx=12 ue_if=uesimtun12 ue_ip=10.45.1.164 port=5213 rc=0 replacements_for_slot=0 server_busy_retries_for_slot=0
[2026-08-22T01:32:49+02:00] UE_SLOT_DONE timestamp=2026-08-21T23:32:49+00:00 active_ues=23 slot=13 attempt=1 ue_idx=13 ue_if=uesimtun13 ue_ip=10.45.1.161 port=5214 rc=0 replacements_for_slot=0 server_busy_retries_for_slot=0
[2026-08-22T01:32:49+02:00] UE_SLOT_DONE timestamp=2026-08-21T23:32:49+00:00 active_ues=23 slot=14 attempt=1 ue_idx=14 ue_if=uesimtun14 ue_ip=10.45.1.167 port=5215 rc=0 replacements_for_slot=0 server_busy_retries_for_slot=0
[2026-08-22T01:32:49+02:00] UE_SLOT_DONE timestamp=2026-08-21T23:32:49+00:00 active_ues=23 slot=15 attempt=1 ue_idx=15 ue_if=uesimtun15 ue_ip=10.45.1.157 port=5216 rc=0 replacements_for_slot=0 server_busy_retries_for_slot=0
[2026-08-22T01:32:49+02:00] UE_SLOT_DONE timestamp=2026-08-21T23:32:49+00:00 active_ues=23 slot=16 attempt=1 ue_idx=16 ue_if=uesimtun16 ue_ip=10.45.1.168 port=5217 rc=0 replacements_for_slot=0 server_busy_retries_for_slot=0
[2026-08-22T01:32:49+02:00] UE_SLOT_DONE timestamp=2026-08-21T23:32:49+00:00 active_ues=23 slot=17 attempt=1 ue_idx=17 ue_if=uesimtun17 ue_ip=10.45.1.171 port=5218 rc=0 replacements_for_slot=0 server_busy_retries_for_slot=0
[2026-08-22T01:32:49+02:00] UE_SLOT_DONE timestamp=2026-08-21T23:32:49+00:00 active_ues=23 slot=18 attempt=1 ue_idx=20 ue_if=uesimtun20 ue_ip=10.45.1.178 port=5219 rc=0 replacements_for_slot=0 server_busy_retries_for_slot=0
[2026-08-22T01:32:50+02:00] UE_SLOT_DONE timestamp=2026-08-21T23:32:50+00:00 active_ues=23 slot=19 attempt=1 ue_idx=21 ue_if=uesimtun21 ue_ip=10.45.1.182 port=5220 rc=0 replacements_for_slot=0 server_busy_retries_for_slot=0
[2026-08-22T01:32:50+02:00] UE_SLOT_DONE timestamp=2026-08-21T23:32:50+00:00 active_ues=23 slot=20 attempt=1 ue_idx=22 ue_if=uesimtun22 ue_ip=10.45.1.184 port=5221 rc=0 replacements_for_slot=0 server_busy_retries_for_slot=0
[2026-08-22T01:32:50+02:00] UPF_CONTROL_SAMPLE timestamp=2026-08-22T01:32:49+02:00 scenario=ue_23 pod=open5gs-upf-5b9db6d44-nsbqz uid=7b5b8ef7-a2a2-4fe9-a3e1-74acd17bd88f restarts=6 usage_cpu=342m usage_mem=37Mi request_cpu=410m request_mem=250Mi limit_cpu=none limit_mem=none vpa_target_cpu=410m vpa_target_mem=250Mi vpa_uncapped_cpu=410m vpa_uncapped_mem=250Mi vpa_lower_cpu=154m vpa_lower_mem=250Mi vpa_upper_cpu=1500m vpa_upper_mem=512Mi
[2026-08-22T01:32:50+02:00] UE_SLOT_DONE timestamp=2026-08-21T23:32:50+00:00 active_ues=23 slot=21 attempt=1 ue_idx=23 ue_if=uesimtun23 ue_ip=10.45.1.183 port=5222 rc=0 replacements_for_slot=0 server_busy_retries_for_slot=0
[2026-08-22T01:32:50+02:00] UE_SLOT_DONE timestamp=2026-08-21T23:32:50+00:00 active_ues=23 slot=22 attempt=1 ue_idx=24 ue_if=uesimtun24 ue_ip=10.45.1.187 port=5223 rc=0 replacements_for_slot=0 server_busy_retries_for_slot=0
[2026-08-22T01:32:51+02:00] TRAFFIC_SUMMARY timestamp=2026-08-21T23:32:51+00:00 registered_tunnels=50 active_ues=23 target_slots=23 completed_slots=23 final_failed_slots=0 replacements=0 problematic_ues=0 zombie_ues=0 connect_timeouts=0 stalls=0 deferred_stalls=0 process_failures=0 server_busy_retries=0 server_busy_failures=0 late_timeouts_accepted=0 scenario_bad_ues=0 global_suspect_ues=2 used_ues=23 target_host=192.168.1.211 initial_ports=5201-5223 replacement_ports=5251-5265 bitrate=1M start_delay=0.05 detection=no_rx_counter replacement_min_duration_s=5 adaptive_extension_max_s=1 iperf_exit_grace_s=3 server_busy_retries_limit=1 server_busy_retry_delay_s=2 late_replacement_after_end=disabled wait_for_iperf_exit=until_timeout global_suspect_policy=soft_reuse ramp_supervision=after_initial_start
[2026-08-22T01:32:52+02:00] UE_POOL_SCENARIO_BAD_CURRENT timestamp=2026-08-21T23:32:51+00:00 active_ues=23 indexes=
[2026-08-22T01:32:52+02:00] UE_POOL_GLOBAL_SUSPECT_CURRENT timestamp=2026-08-21T23:32:51+00:00 active_ues=23 indexes=18,19
[2026-08-22T01:32:52+02:00] REMOTE_IPERF_PER_UE_END timestamp=2026-08-21T23:32:52+00:00 active_ues=23 tag=ue_23 final_rc=0 completed_slots=23 replacements=0 problematic_ues=0 server_busy_retries=0 deferred_stalls=0 late_timeouts_accepted=0
[2026-08-22T01:32:52+02:00] SCENARIO TRAFFIC COMMAND END timestamp=2026-08-22T01:32:52+02:00 active_ue=23 rc=0
[2026-08-22T01:32:52+02:00] SCENARIO UPF AFTER timestamp=2026-08-22T01:32:52+02:00 active_ue=23 pod=open5gs-upf-5b9db6d44-nsbqz uid=7b5b8ef7-a2a2-4fe9-a3e1-74acd17bd88f restarts=6
[2026-08-22T01:32:52+02:00] SCENARIO END timestamp=2026-08-22T01:32:52+02:00 active_ue=23 rc=0
[2026-08-22T01:32:52+02:00] ================================================================
[2026-08-22T01:32:52+02:00] SCENARIO START timestamp=2026-08-22T01:32:52+02:00 active_ue=25 registered_ue_pool=50 target_host=192.168.1.211 ports=5201-5225 replacement_ports=5251-5265 bitrate_per_ue=1M start_delay=0.05 replacement_min_duration=5 adaptive_extension_max=1
[2026-08-22T01:32:52+02:00] ================================================================
[2026-08-22T01:32:53+02:00] UPF_CONTROL_SAMPLE timestamp=2026-08-22T01:32:51+02:00 scenario=ue_23 pod=open5gs-upf-5b9db6d44-nsbqz uid=7b5b8ef7-a2a2-4fe9-a3e1-74acd17bd88f restarts=6 usage_cpu=342m usage_mem=37Mi request_cpu=410m request_mem=250Mi limit_cpu=none limit_mem=none vpa_target_cpu=410m vpa_target_mem=250Mi vpa_uncapped_cpu=410m vpa_uncapped_mem=250Mi vpa_lower_cpu=154m vpa_lower_mem=250Mi vpa_upper_cpu=1500m vpa_upper_mem=512Mi
[2026-08-22T01:32:53+02:00] SCENARIO TUNNEL CHECK timestamp=2026-08-22T01:32:53+02:00 active_ue=25 current_tunnels=50 required=50
[2026-08-22T01:32:54+02:00] SCENARIO UPF BEFORE timestamp=2026-08-22T01:32:54+02:00 active_ue=25 pod=open5gs-upf-5b9db6d44-nsbqz uid=7b5b8ef7-a2a2-4fe9-a3e1-74acd17bd88f restarts=6
[2026-08-22T01:32:54+02:00] REMOTE_IPERF_PER_UE_START timestamp=2026-08-21T23:32:54+00:00 active_ues=25 tag=ue_25 iperf_host=192.168.1.211 base_port=5201 replacement_base_port=5251 duration=80 bitrate=1M start_delay=0.05 detection=no_rx_counter connect_timeout_s=4 stall_seconds=5 replacement_limit=15 replacement_min_duration_s=5 adaptive_extension_max_s=1 iperf_exit_grace_s=3 server_busy_port_rebinds=1 late_replacement_after_end=disabled wait_for_iperf_exit=until_timeout global_suspect_policy=soft_reuse ramp_supervision=after_initial_start
[2026-08-22T01:32:54+02:00] UE_POOL_STATUS timestamp=2026-08-21T23:32:54+00:00 active_ues=25 registered_tunnels=50 existing_global_suspect_ues=2 used_ues=0 policy=soft_reuse_global_suspects
[2026-08-22T01:32:54+02:00] UE_SLOT_ASSIGN timestamp=2026-08-21T23:32:54+00:00 active_ues=25 slot=0 ue_idx=0 ue_if=uesimtun0 ue_ip=10.45.1.146 candidate_reused_global_suspect=0
[2026-08-22T01:32:54+02:00] UE_SLOT_START timestamp=2026-08-21T23:32:54+00:00 active_ues=25 slot=0 attempt=1 ue_idx=0 ue_if=uesimtun0 ue_ip=10.45.1.146 target=192.168.1.211:5201 bitrate=1M duration_s=80 planned_end_epoch=1787355254 timeout_s=90 hard_timeout_epoch=1787355269 start_rx_bytes=1107730
[2026-08-22T01:32:54+02:00] UE_SLOT_PID timestamp=2026-08-21T23:32:54+00:00 active_ues=25 slot=0 attempt=1 ue_idx=0 pid=34224
[2026-08-22T01:32:54+02:00] UE_SLOT_ASSIGN timestamp=2026-08-21T23:32:54+00:00 active_ues=25 slot=1 ue_idx=1 ue_if=uesimtun1 ue_ip=10.45.1.147 candidate_reused_global_suspect=0
[2026-08-22T01:32:54+02:00] UE_SLOT_START timestamp=2026-08-21T23:32:54+00:00 active_ues=25 slot=1 attempt=1 ue_idx=1 ue_if=uesimtun1 ue_ip=10.45.1.147 target=192.168.1.211:5202 bitrate=1M duration_s=80 planned_end_epoch=1787355254 timeout_s=90 hard_timeout_epoch=1787355269 start_rx_bytes=1039146
[2026-08-22T01:32:54+02:00] UE_SLOT_PID timestamp=2026-08-21T23:32:54+00:00 active_ues=25 slot=1 attempt=1 ue_idx=1 pid=34249
[2026-08-22T01:32:55+02:00] UE_SLOT_ASSIGN timestamp=2026-08-21T23:32:55+00:00 active_ues=25 slot=2 ue_idx=2 ue_if=uesimtun2 ue_ip=10.45.1.148 candidate_reused_global_suspect=0
[2026-08-22T01:32:55+02:00] UE_SLOT_START timestamp=2026-08-21T23:32:55+00:00 active_ues=25 slot=2 attempt=1 ue_idx=2 ue_if=uesimtun2 ue_ip=10.45.1.148 target=192.168.1.211:5203 bitrate=1M duration_s=80 planned_end_epoch=1787355255 timeout_s=90 hard_timeout_epoch=1787355270 start_rx_bytes=1028355
[2026-08-22T01:32:55+02:00] UE_SLOT_PID timestamp=2026-08-21T23:32:55+00:00 active_ues=25 slot=2 attempt=1 ue_idx=2 pid=34274
[2026-08-22T01:32:55+02:00] UE_SLOT_ASSIGN timestamp=2026-08-21T23:32:55+00:00 active_ues=25 slot=3 ue_idx=3 ue_if=uesimtun3 ue_ip=10.45.1.149 candidate_reused_global_suspect=0
[2026-08-22T01:32:55+02:00] UE_SLOT_START timestamp=2026-08-21T23:32:55+00:00 active_ues=25 slot=3 attempt=1 ue_idx=3 ue_if=uesimtun3 ue_ip=10.45.1.149 target=192.168.1.211:5204 bitrate=1M duration_s=80 planned_end_epoch=1787355255 timeout_s=90 hard_timeout_epoch=1787355270 start_rx_bytes=936869
[2026-08-22T01:32:55+02:00] UE_SLOT_PID timestamp=2026-08-21T23:32:55+00:00 active_ues=25 slot=3 attempt=1 ue_idx=3 pid=34299
[2026-08-22T01:32:55+02:00] UPF_CONTROL_SAMPLE timestamp=2026-08-22T01:32:54+02:00 scenario=ue_25 pod=open5gs-upf-5b9db6d44-nsbqz uid=7b5b8ef7-a2a2-4fe9-a3e1-74acd17bd88f restarts=6 usage_cpu=342m usage_mem=37Mi request_cpu=410m request_mem=250Mi limit_cpu=none limit_mem=none vpa_target_cpu=410m vpa_target_mem=250Mi vpa_uncapped_cpu=410m vpa_uncapped_mem=250Mi vpa_lower_cpu=154m vpa_lower_mem=250Mi vpa_upper_cpu=1500m vpa_upper_mem=512Mi
[2026-08-22T01:32:55+02:00] UE_SLOT_ASSIGN timestamp=2026-08-21T23:32:55+00:00 active_ues=25 slot=4 ue_idx=4 ue_if=uesimtun4 ue_ip=10.45.1.151 candidate_reused_global_suspect=0
[2026-08-22T01:32:55+02:00] UE_SLOT_START timestamp=2026-08-21T23:32:55+00:00 active_ues=25 slot=4 attempt=1 ue_idx=4 ue_if=uesimtun4 ue_ip=10.45.1.151 target=192.168.1.211:5205 bitrate=1M duration_s=80 planned_end_epoch=1787355255 timeout_s=90 hard_timeout_epoch=1787355270 start_rx_bytes=938266
[2026-08-22T01:32:55+02:00] UE_SLOT_PID timestamp=2026-08-21T23:32:55+00:00 active_ues=25 slot=4 attempt=1 ue_idx=4 pid=34324
[2026-08-22T01:32:55+02:00] UE_SLOT_ASSIGN timestamp=2026-08-21T23:32:55+00:00 active_ues=25 slot=5 ue_idx=5 ue_if=uesimtun5 ue_ip=10.45.1.150 candidate_reused_global_suspect=0
[2026-08-22T01:32:55+02:00] UE_SLOT_START timestamp=2026-08-21T23:32:55+00:00 active_ues=25 slot=5 attempt=1 ue_idx=5 ue_if=uesimtun5 ue_ip=10.45.1.150 target=192.168.1.211:5206 bitrate=1M duration_s=80 planned_end_epoch=1787355255 timeout_s=90 hard_timeout_epoch=1787355270 start_rx_bytes=854907
[2026-08-22T01:32:55+02:00] UE_SLOT_PID timestamp=2026-08-21T23:32:55+00:00 active_ues=25 slot=5 attempt=1 ue_idx=5 pid=34349
[2026-08-22T01:32:56+02:00] UE_SLOT_ASSIGN timestamp=2026-08-21T23:32:56+00:00 active_ues=25 slot=6 ue_idx=6 ue_if=uesimtun6 ue_ip=10.45.1.152 candidate_reused_global_suspect=0
[2026-08-22T01:32:56+02:00] UE_SLOT_START timestamp=2026-08-21T23:32:56+00:00 active_ues=25 slot=6 attempt=1 ue_idx=6 ue_if=uesimtun6 ue_ip=10.45.1.152 target=192.168.1.211:5207 bitrate=1M duration_s=80 planned_end_epoch=1787355256 timeout_s=90 hard_timeout_epoch=1787355271 start_rx_bytes=860926
[2026-08-22T01:32:56+02:00] UE_SLOT_PID timestamp=2026-08-21T23:32:56+00:00 active_ues=25 slot=6 attempt=1 ue_idx=6 pid=34374
[2026-08-22T01:32:56+02:00] UE_SLOT_ASSIGN timestamp=2026-08-21T23:32:56+00:00 active_ues=25 slot=7 ue_idx=7 ue_if=uesimtun7 ue_ip=10.45.1.154 candidate_reused_global_suspect=0
[2026-08-22T01:32:56+02:00] UE_SLOT_START timestamp=2026-08-21T23:32:56+00:00 active_ues=25 slot=7 attempt=1 ue_idx=7 ue_if=uesimtun7 ue_ip=10.45.1.154 target=192.168.1.211:5208 bitrate=1M duration_s=80 planned_end_epoch=1787355256 timeout_s=90 hard_timeout_epoch=1787355271 start_rx_bytes=767348
[2026-08-22T01:32:56+02:00] UE_SLOT_PID timestamp=2026-08-21T23:32:56+00:00 active_ues=25 slot=7 attempt=1 ue_idx=7 pid=34399
[2026-08-22T01:32:56+02:00] UE_SLOT_ASSIGN timestamp=2026-08-21T23:32:56+00:00 active_ues=25 slot=8 ue_idx=8 ue_if=uesimtun8 ue_ip=10.45.1.156 candidate_reused_global_suspect=0
[2026-08-22T01:32:56+02:00] UE_SLOT_START timestamp=2026-08-21T23:32:56+00:00 active_ues=25 slot=8 attempt=1 ue_idx=8 ue_if=uesimtun8 ue_ip=10.45.1.156 target=192.168.1.211:5209 bitrate=1M duration_s=80 planned_end_epoch=1787355256 timeout_s=90 hard_timeout_epoch=1787355271 start_rx_bytes=746182
[2026-08-22T01:32:56+02:00] UE_SLOT_PID timestamp=2026-08-21T23:32:56+00:00 active_ues=25 slot=8 attempt=1 ue_idx=8 pid=34424
[2026-08-22T01:32:56+02:00] UE_SLOT_ASSIGN timestamp=2026-08-21T23:32:56+00:00 active_ues=25 slot=9 ue_idx=9 ue_if=uesimtun9 ue_ip=10.45.1.158 candidate_reused_global_suspect=0
[2026-08-22T01:32:56+02:00] UE_SLOT_START timestamp=2026-08-21T23:32:56+00:00 active_ues=25 slot=9 attempt=1 ue_idx=9 ue_if=uesimtun9 ue_ip=10.45.1.158 target=192.168.1.211:5210 bitrate=1M duration_s=80 planned_end_epoch=1787355256 timeout_s=90 hard_timeout_epoch=1787355271 start_rx_bytes=655218
[2026-08-22T01:32:56+02:00] UE_SLOT_PID timestamp=2026-08-21T23:32:56+00:00 active_ues=25 slot=9 attempt=1 ue_idx=9 pid=34449
[2026-08-22T01:32:56+02:00] UE_SLOT_ASSIGN timestamp=2026-08-21T23:32:56+00:00 active_ues=25 slot=10 ue_idx=10 ue_if=uesimtun10 ue_ip=10.45.1.159 candidate_reused_global_suspect=0
[2026-08-22T01:32:57+02:00] UE_SLOT_START timestamp=2026-08-21T23:32:56+00:00 active_ues=25 slot=10 attempt=1 ue_idx=10 ue_if=uesimtun10 ue_ip=10.45.1.159 target=192.168.1.211:5211 bitrate=1M duration_s=80 planned_end_epoch=1787355256 timeout_s=90 hard_timeout_epoch=1787355271 start_rx_bytes=653278
[2026-08-22T01:32:57+02:00] UE_SLOT_PID timestamp=2026-08-21T23:32:56+00:00 active_ues=25 slot=10 attempt=1 ue_idx=10 pid=34474
[2026-08-22T01:32:57+02:00] UE_SLOT_ASSIGN timestamp=2026-08-21T23:32:57+00:00 active_ues=25 slot=11 ue_idx=11 ue_if=uesimtun11 ue_ip=10.45.1.155 candidate_reused_global_suspect=0
[2026-08-22T01:32:57+02:00] UE_SLOT_START timestamp=2026-08-21T23:32:57+00:00 active_ues=25 slot=11 attempt=1 ue_idx=11 ue_if=uesimtun11 ue_ip=10.45.1.155 target=192.168.1.211:5212 bitrate=1M duration_s=80 planned_end_epoch=1787355257 timeout_s=90 hard_timeout_epoch=1787355272 start_rx_bytes=564256
[2026-08-22T01:32:57+02:00] UE_SLOT_PID timestamp=2026-08-21T23:32:57+00:00 active_ues=25 slot=11 attempt=1 ue_idx=11 pid=34499
[2026-08-22T01:32:57+02:00] UE_SLOT_ASSIGN timestamp=2026-08-21T23:32:57+00:00 active_ues=25 slot=12 ue_idx=12 ue_if=uesimtun12 ue_ip=10.45.1.164 candidate_reused_global_suspect=0
[2026-08-22T01:32:57+02:00] UE_SLOT_START timestamp=2026-08-21T23:32:57+00:00 active_ues=25 slot=12 attempt=1 ue_idx=12 ue_if=uesimtun12 ue_ip=10.45.1.164 target=192.168.1.211:5213 bitrate=1M duration_s=80 planned_end_epoch=1787355257 timeout_s=90 hard_timeout_epoch=1787355272 start_rx_bytes=552807
[2026-08-22T01:32:57+02:00] UE_SLOT_PID timestamp=2026-08-21T23:32:57+00:00 active_ues=25 slot=12 attempt=1 ue_idx=12 pid=34524
[2026-08-22T01:32:57+02:00] UE_SLOT_ASSIGN timestamp=2026-08-21T23:32:57+00:00 active_ues=25 slot=13 ue_idx=13 ue_if=uesimtun13 ue_ip=10.45.1.161 candidate_reused_global_suspect=0
[2026-08-22T01:32:57+02:00] UE_SLOT_START timestamp=2026-08-21T23:32:57+00:00 active_ues=25 slot=13 attempt=1 ue_idx=13 ue_if=uesimtun13 ue_ip=10.45.1.161 target=192.168.1.211:5214 bitrate=1M duration_s=80 planned_end_epoch=1787355257 timeout_s=90 hard_timeout_epoch=1787355272 start_rx_bytes=473468
[2026-08-22T01:32:57+02:00] UE_SLOT_PID timestamp=2026-08-21T23:32:57+00:00 active_ues=25 slot=13 attempt=1 ue_idx=13 pid=34549
[2026-08-22T01:32:57+02:00] UPF_CONTROL_SAMPLE timestamp=2026-08-22T01:32:56+02:00 scenario=ue_25 pod=open5gs-upf-5b9db6d44-nsbqz uid=7b5b8ef7-a2a2-4fe9-a3e1-74acd17bd88f restarts=6 usage_cpu=201m usage_mem=37Mi request_cpu=410m request_mem=250Mi limit_cpu=none limit_mem=none vpa_target_cpu=410m vpa_target_mem=250Mi vpa_uncapped_cpu=410m vpa_uncapped_mem=250Mi vpa_lower_cpu=154m vpa_lower_mem=250Mi vpa_upper_cpu=1500m vpa_upper_mem=512Mi
[2026-08-22T01:32:57+02:00] UE_SLOT_ASSIGN timestamp=2026-08-21T23:32:57+00:00 active_ues=25 slot=14 ue_idx=14 ue_if=uesimtun14 ue_ip=10.45.1.167 candidate_reused_global_suspect=0
[2026-08-22T01:32:57+02:00] UE_SLOT_START timestamp=2026-08-21T23:32:57+00:00 active_ues=25 slot=14 attempt=1 ue_idx=14 ue_if=uesimtun14 ue_ip=10.45.1.167 target=192.168.1.211:5215 bitrate=1M duration_s=80 planned_end_epoch=1787355257 timeout_s=90 hard_timeout_epoch=1787355272 start_rx_bytes=476889
[2026-08-22T01:32:57+02:00] UE_SLOT_PID timestamp=2026-08-21T23:32:57+00:00 active_ues=25 slot=14 attempt=1 ue_idx=14 pid=34574
[2026-08-22T01:32:58+02:00] UE_SLOT_ASSIGN timestamp=2026-08-21T23:32:58+00:00 active_ues=25 slot=15 ue_idx=15 ue_if=uesimtun15 ue_ip=10.45.1.157 candidate_reused_global_suspect=0
[2026-08-22T01:32:58+02:00] UE_SLOT_START timestamp=2026-08-21T23:32:58+00:00 active_ues=25 slot=15 attempt=1 ue_idx=15 ue_if=uesimtun15 ue_ip=10.45.1.157 target=192.168.1.211:5216 bitrate=1M duration_s=80 planned_end_epoch=1787355258 timeout_s=90 hard_timeout_epoch=1787355273 start_rx_bytes=401778
[2026-08-22T01:32:58+02:00] UE_SLOT_PID timestamp=2026-08-21T23:32:58+00:00 active_ues=25 slot=15 attempt=1 ue_idx=15 pid=34599
[2026-08-22T01:32:58+02:00] UE_SLOT_ASSIGN timestamp=2026-08-21T23:32:58+00:00 active_ues=25 slot=16 ue_idx=16 ue_if=uesimtun16 ue_ip=10.45.1.168 candidate_reused_global_suspect=0
[2026-08-22T01:32:58+02:00] UE_SLOT_START timestamp=2026-08-21T23:32:58+00:00 active_ues=25 slot=16 attempt=1 ue_idx=16 ue_if=uesimtun16 ue_ip=10.45.1.168 target=192.168.1.211:5217 bitrate=1M duration_s=80 planned_end_epoch=1787355258 timeout_s=90 hard_timeout_epoch=1787355273 start_rx_bytes=388409
[2026-08-22T01:32:58+02:00] UE_SLOT_PID timestamp=2026-08-21T23:32:58+00:00 active_ues=25 slot=16 attempt=1 ue_idx=16 pid=34624
[2026-08-22T01:32:58+02:00] UE_SLOT_ASSIGN timestamp=2026-08-21T23:32:58+00:00 active_ues=25 slot=17 ue_idx=17 ue_if=uesimtun17 ue_ip=10.45.1.171 candidate_reused_global_suspect=0
[2026-08-22T01:32:58+02:00] UE_SLOT_START timestamp=2026-08-21T23:32:58+00:00 active_ues=25 slot=17 attempt=1 ue_idx=17 ue_if=uesimtun17 ue_ip=10.45.1.171 target=192.168.1.211:5218 bitrate=1M duration_s=80 planned_end_epoch=1787355258 timeout_s=90 hard_timeout_epoch=1787355273 start_rx_bytes=289012
[2026-08-22T01:32:58+02:00] UE_SLOT_PID timestamp=2026-08-21T23:32:58+00:00 active_ues=25 slot=17 attempt=1 ue_idx=17 pid=34649
[2026-08-22T01:32:58+02:00] UE_SLOT_ASSIGN timestamp=2026-08-21T23:32:58+00:00 active_ues=25 slot=18 ue_idx=20 ue_if=uesimtun20 ue_ip=10.45.1.178 candidate_reused_global_suspect=0
[2026-08-22T01:32:58+02:00] UE_SLOT_START timestamp=2026-08-21T23:32:58+00:00 active_ues=25 slot=18 attempt=1 ue_idx=20 ue_if=uesimtun20 ue_ip=10.45.1.178 target=192.168.1.211:5219 bitrate=1M duration_s=80 planned_end_epoch=1787355258 timeout_s=90 hard_timeout_epoch=1787355273 start_rx_bytes=225551
[2026-08-22T01:32:58+02:00] UE_SLOT_PID timestamp=2026-08-21T23:32:58+00:00 active_ues=25 slot=18 attempt=1 ue_idx=20 pid=34674
[2026-08-22T01:32:59+02:00] UE_SLOT_ASSIGN timestamp=2026-08-21T23:32:59+00:00 active_ues=25 slot=19 ue_idx=21 ue_if=uesimtun21 ue_ip=10.45.1.182 candidate_reused_global_suspect=0
[2026-08-22T01:32:59+02:00] UE_SLOT_START timestamp=2026-08-21T23:32:59+00:00 active_ues=25 slot=19 attempt=1 ue_idx=21 ue_if=uesimtun21 ue_ip=10.45.1.182 target=192.168.1.211:5220 bitrate=1M duration_s=80 planned_end_epoch=1787355258 timeout_s=90 hard_timeout_epoch=1787355274 start_rx_bytes=195471
[2026-08-22T01:32:59+02:00] UE_SLOT_PID timestamp=2026-08-21T23:32:59+00:00 active_ues=25 slot=19 attempt=1 ue_idx=21 pid=34699
[2026-08-22T01:32:59+02:00] UE_SLOT_ASSIGN timestamp=2026-08-21T23:32:59+00:00 active_ues=25 slot=20 ue_idx=22 ue_if=uesimtun22 ue_ip=10.45.1.184 candidate_reused_global_suspect=0
[2026-08-22T01:32:59+02:00] UE_SLOT_START timestamp=2026-08-21T23:32:59+00:00 active_ues=25 slot=20 attempt=1 ue_idx=22 ue_if=uesimtun22 ue_ip=10.45.1.184 target=192.168.1.211:5221 bitrate=1M duration_s=80 planned_end_epoch=1787355259 timeout_s=90 hard_timeout_epoch=1787355274 start_rx_bytes=179108
[2026-08-22T01:32:59+02:00] UE_SLOT_PID timestamp=2026-08-21T23:32:59+00:00 active_ues=25 slot=20 attempt=1 ue_idx=22 pid=34724
[2026-08-22T01:32:59+02:00] UE_SLOT_ASSIGN timestamp=2026-08-21T23:32:59+00:00 active_ues=25 slot=21 ue_idx=23 ue_if=uesimtun23 ue_ip=10.45.1.183 candidate_reused_global_suspect=0
[2026-08-22T01:32:59+02:00] UE_SLOT_START timestamp=2026-08-21T23:32:59+00:00 active_ues=25 slot=21 attempt=1 ue_idx=23 ue_if=uesimtun23 ue_ip=10.45.1.183 target=192.168.1.211:5222 bitrate=1M duration_s=80 planned_end_epoch=1787355259 timeout_s=90 hard_timeout_epoch=1787355274 start_rx_bytes=94058
[2026-08-22T01:32:59+02:00] UE_SLOT_PID timestamp=2026-08-21T23:32:59+00:00 active_ues=25 slot=21 attempt=1 ue_idx=23 pid=34749
[2026-08-22T01:32:59+02:00] UE_SLOT_ASSIGN timestamp=2026-08-21T23:32:59+00:00 active_ues=25 slot=22 ue_idx=24 ue_if=uesimtun24 ue_ip=10.45.1.187 candidate_reused_global_suspect=0
[2026-08-22T01:32:59+02:00] UE_SLOT_START timestamp=2026-08-21T23:32:59+00:00 active_ues=25 slot=22 attempt=1 ue_idx=24 ue_if=uesimtun24 ue_ip=10.45.1.187 target=192.168.1.211:5223 bitrate=1M duration_s=80 planned_end_epoch=1787355259 timeout_s=90 hard_timeout_epoch=1787355274 start_rx_bytes=93651
[2026-08-22T01:32:59+02:00] UE_SLOT_PID timestamp=2026-08-21T23:32:59+00:00 active_ues=25 slot=22 attempt=1 ue_idx=24 pid=34774
[2026-08-22T01:32:59+02:00] UE_SLOT_ASSIGN timestamp=2026-08-21T23:32:59+00:00 active_ues=25 slot=23 ue_idx=25 ue_if=uesimtun25 ue_ip=10.45.1.186 candidate_reused_global_suspect=0
[2026-08-22T01:33:00+02:00] UE_SLOT_START timestamp=2026-08-21T23:33:00+00:00 active_ues=25 slot=23 attempt=1 ue_idx=25 ue_if=uesimtun25 ue_ip=10.45.1.186 target=192.168.1.211:5224 bitrate=1M duration_s=80 planned_end_epoch=1787355259 timeout_s=90 hard_timeout_epoch=1787355274 start_rx_bytes=0
[2026-08-22T01:33:00+02:00] UE_SLOT_PID timestamp=2026-08-21T23:33:00+00:00 active_ues=25 slot=23 attempt=1 ue_idx=25 pid=34799
[2026-08-22T01:33:00+02:00] UE_SLOT_ASSIGN timestamp=2026-08-21T23:33:00+00:00 active_ues=25 slot=24 ue_idx=26 ue_if=uesimtun26 ue_ip=10.45.1.189 candidate_reused_global_suspect=0
[2026-08-22T01:33:00+02:00] UE_SLOT_START timestamp=2026-08-21T23:33:00+00:00 active_ues=25 slot=24 attempt=1 ue_idx=26 ue_if=uesimtun26 ue_ip=10.45.1.189 target=192.168.1.211:5225 bitrate=1M duration_s=80 planned_end_epoch=1787355260 timeout_s=90 hard_timeout_epoch=1787355275 start_rx_bytes=0
[2026-08-22T01:33:00+02:00] UE_SLOT_PID timestamp=2026-08-21T23:33:00+00:00 active_ues=25 slot=24 attempt=1 ue_idx=26 pid=34824
[2026-08-22T01:33:00+02:00] UPF_CONTROL_SAMPLE timestamp=2026-08-22T01:32:58+02:00 scenario=ue_25 pod=open5gs-upf-5b9db6d44-nsbqz uid=7b5b8ef7-a2a2-4fe9-a3e1-74acd17bd88f restarts=6 usage_cpu=201m usage_mem=37Mi request_cpu=410m request_mem=250Mi limit_cpu=none limit_mem=none vpa_target_cpu=410m vpa_target_mem=250Mi vpa_uncapped_cpu=410m vpa_uncapped_mem=250Mi vpa_lower_cpu=154m vpa_lower_mem=250Mi vpa_upper_cpu=1500m vpa_upper_mem=512Mi
[2026-08-22T01:33:00+02:00] IPERF_MAPPING_SUMMARY timestamp=2026-08-21T23:33:00+00:00 active_ues=25 registered_tunnels=50 initial_ports=5201-5225 replacement_ports=5251-5265 bitrate=1M start_delay=0.05 detection=no_rx_counter replacement_min_duration_s=5 adaptive_extension_max_s=1 iperf_exit_grace_s=3 server_busy_port_rebinds=1 late_replacement_after_end=disabled wait_for_iperf_exit=until_timeout global_suspect_policy=soft_reuse ramp_supervision=after_initial_start
[2026-08-22T01:33:02+02:00] UPF_CONTROL_SAMPLE timestamp=2026-08-22T01:33:01+02:00 scenario=ue_25 pod=open5gs-upf-5b9db6d44-nsbqz uid=7b5b8ef7-a2a2-4fe9-a3e1-74acd17bd88f restarts=6 usage_cpu=201m usage_mem=37Mi request_cpu=410m request_mem=250Mi limit_cpu=none limit_mem=none vpa_target_cpu=410m vpa_target_mem=250Mi vpa_uncapped_cpu=410m vpa_uncapped_mem=250Mi vpa_lower_cpu=154m vpa_lower_mem=250Mi vpa_upper_cpu=1500m vpa_upper_mem=512Mi
[2026-08-22T01:33:04+02:00] UPF_CONTROL_SAMPLE timestamp=2026-08-22T01:33:03+02:00 scenario=ue_25 pod=open5gs-upf-5b9db6d44-nsbqz uid=7b5b8ef7-a2a2-4fe9-a3e1-74acd17bd88f restarts=6 usage_cpu=201m usage_mem=37Mi request_cpu=410m request_mem=250Mi limit_cpu=none limit_mem=none vpa_target_cpu=410m vpa_target_mem=250Mi vpa_uncapped_cpu=410m vpa_uncapped_mem=250Mi vpa_lower_cpu=154m vpa_lower_mem=250Mi vpa_upper_cpu=1500m vpa_upper_mem=512Mi
[2026-08-22T01:33:06+02:00] UPF_CONTROL_SAMPLE timestamp=2026-08-22T01:33:05+02:00 scenario=ue_25 pod=open5gs-upf-5b9db6d44-nsbqz uid=7b5b8ef7-a2a2-4fe9-a3e1-74acd17bd88f restarts=6 usage_cpu=201m usage_mem=37Mi request_cpu=410m request_mem=250Mi limit_cpu=none limit_mem=none vpa_target_cpu=410m vpa_target_mem=250Mi vpa_uncapped_cpu=410m vpa_uncapped_mem=250Mi vpa_lower_cpu=154m vpa_lower_mem=250Mi vpa_upper_cpu=1500m vpa_upper_mem=512Mi
[2026-08-22T01:33:09+02:00] UPF_CONTROL_SAMPLE timestamp=2026-08-22T01:33:07+02:00 scenario=ue_25 pod=open5gs-upf-5b9db6d44-nsbqz uid=7b5b8ef7-a2a2-4fe9-a3e1-74acd17bd88f restarts=6 usage_cpu=201m usage_mem=37Mi request_cpu=410m request_mem=250Mi limit_cpu=none limit_mem=none vpa_target_cpu=410m vpa_target_mem=250Mi vpa_uncapped_cpu=410m vpa_uncapped_mem=250Mi vpa_lower_cpu=154m vpa_lower_mem=250Mi vpa_upper_cpu=1500m vpa_upper_mem=512Mi
[2026-08-22T01:33:11+02:00] UPF_CONTROL_SAMPLE timestamp=2026-08-22T01:33:10+02:00 scenario=ue_25 pod=open5gs-upf-5b9db6d44-nsbqz uid=7b5b8ef7-a2a2-4fe9-a3e1-74acd17bd88f restarts=6 usage_cpu=201m usage_mem=37Mi request_cpu=410m request_mem=250Mi limit_cpu=none limit_mem=none vpa_target_cpu=410m vpa_target_mem=250Mi vpa_uncapped_cpu=410m vpa_uncapped_mem=250Mi vpa_lower_cpu=154m vpa_lower_mem=250Mi vpa_upper_cpu=1500m vpa_upper_mem=512Mi
[2026-08-22T01:33:13+02:00] VPA_RECOMMENDATION_CHANGE timestamp=2026-08-22T01:33:12+02:00 scenario=ue_25 old='vpa_target_cpu=410m vpa_target_mem=250Mi vpa_uncapped_cpu=410m vpa_uncapped_mem=250Mi vpa_lower_cpu=154m vpa_lower_mem=250Mi vpa_upper_cpu=1500m vpa_upper_mem=512Mi' new='vpa_target_cpu=410m vpa_target_mem=250Mi vpa_uncapped_cpu=410m vpa_uncapped_mem=250Mi vpa_lower_cpu=155m vpa_lower_mem=250Mi vpa_upper_cpu=1500m vpa_upper_mem=512Mi' previous_5s_sample='timestamp=2026-08-22T01:33:07+02:00 scenario=ue_25 pod=open5gs-upf-5b9db6d44-nsbqz uid=7b5b8ef7-a2a2-4fe9-a3e1-74acd17bd88f restarts=6 usage_cpu=201m usage_mem=37Mi request_cpu=410m request_mem=250Mi limit_cpu=none limit_mem=none vpa_target_cpu=410m vpa_target_mem=250Mi vpa_uncapped_cpu=410m vpa_uncapped_mem=250Mi vpa_lower_cpu=154m vpa_lower_mem=250Mi vpa_upper_cpu=1500m vpa_upper_mem=512Mi' current_sample='timestamp=2026-08-22T01:33:12+02:00 scenario=ue_25 pod=open5gs-upf-5b9db6d44-nsbqz uid=7b5b8ef7-a2a2-4fe9-a3e1-74acd17bd88f restarts=6 usage_cpu=201m usage_mem=37Mi request_cpu=410m request_mem=250Mi limit_cpu=none limit_mem=none vpa_target_cpu=410m vpa_target_mem=250Mi vpa_uncapped_cpu=410m vpa_uncapped_mem=250Mi vpa_lower_cpu=155m vpa_lower_mem=250Mi vpa_upper_cpu=1500m vpa_upper_mem=512Mi'
[2026-08-22T01:33:13+02:00] UPF_CONTROL_SAMPLE timestamp=2026-08-22T01:33:12+02:00 scenario=ue_25 pod=open5gs-upf-5b9db6d44-nsbqz uid=7b5b8ef7-a2a2-4fe9-a3e1-74acd17bd88f restarts=6 usage_cpu=201m usage_mem=37Mi request_cpu=410m request_mem=250Mi limit_cpu=none limit_mem=none vpa_target_cpu=410m vpa_target_mem=250Mi vpa_uncapped_cpu=410m vpa_uncapped_mem=250Mi vpa_lower_cpu=155m vpa_lower_mem=250Mi vpa_upper_cpu=1500m vpa_upper_mem=512Mi
[2026-08-22T01:33:16+02:00] UPF_CONTROL_SAMPLE timestamp=2026-08-22T01:33:14+02:00 scenario=ue_25 pod=open5gs-upf-5b9db6d44-nsbqz uid=7b5b8ef7-a2a2-4fe9-a3e1-74acd17bd88f restarts=6 usage_cpu=201m usage_mem=37Mi request_cpu=410m request_mem=250Mi limit_cpu=none limit_mem=none vpa_target_cpu=410m vpa_target_mem=250Mi vpa_uncapped_cpu=410m vpa_uncapped_mem=250Mi vpa_lower_cpu=155m vpa_lower_mem=250Mi vpa_upper_cpu=1500m vpa_upper_mem=512Mi
[2026-08-22T01:33:18+02:00] UPF_CONTROL_SAMPLE timestamp=2026-08-22T01:33:17+02:00 scenario=ue_25 pod=open5gs-upf-5b9db6d44-nsbqz uid=7b5b8ef7-a2a2-4fe9-a3e1-74acd17bd88f restarts=6 usage_cpu=201m usage_mem=37Mi request_cpu=410m request_mem=250Mi limit_cpu=none limit_mem=none vpa_target_cpu=410m vpa_target_mem=250Mi vpa_uncapped_cpu=410m vpa_uncapped_mem=250Mi vpa_lower_cpu=155m vpa_lower_mem=250Mi vpa_upper_cpu=1500m vpa_upper_mem=512Mi
[2026-08-22T01:33:20+02:00] UPF_CONTROL_SAMPLE timestamp=2026-08-22T01:33:19+02:00 scenario=ue_25 pod=open5gs-upf-5b9db6d44-nsbqz uid=7b5b8ef7-a2a2-4fe9-a3e1-74acd17bd88f restarts=6 usage_cpu=201m usage_mem=37Mi request_cpu=410m request_mem=250Mi limit_cpu=none limit_mem=none vpa_target_cpu=410m vpa_target_mem=250Mi vpa_uncapped_cpu=410m vpa_uncapped_mem=250Mi vpa_lower_cpu=155m vpa_lower_mem=250Mi vpa_upper_cpu=1500m vpa_upper_mem=512Mi
[2026-08-22T01:33:22+02:00] UPF_CONTROL_SAMPLE timestamp=2026-08-22T01:33:21+02:00 scenario=ue_25 pod=open5gs-upf-5b9db6d44-nsbqz uid=7b5b8ef7-a2a2-4fe9-a3e1-74acd17bd88f restarts=6 usage_cpu=201m usage_mem=37Mi request_cpu=410m request_mem=250Mi limit_cpu=none limit_mem=none vpa_target_cpu=410m vpa_target_mem=250Mi vpa_uncapped_cpu=410m vpa_uncapped_mem=250Mi vpa_lower_cpu=155m vpa_lower_mem=250Mi vpa_upper_cpu=1500m vpa_upper_mem=512Mi
[2026-08-22T01:33:24+02:00] UPF_CONTROL_SAMPLE timestamp=2026-08-22T01:33:23+02:00 scenario=ue_25 pod=open5gs-upf-5b9db6d44-nsbqz uid=7b5b8ef7-a2a2-4fe9-a3e1-74acd17bd88f restarts=6 usage_cpu=201m usage_mem=37Mi request_cpu=410m request_mem=250Mi limit_cpu=none limit_mem=none vpa_target_cpu=410m vpa_target_mem=250Mi vpa_uncapped_cpu=410m vpa_uncapped_mem=250Mi vpa_lower_cpu=155m vpa_lower_mem=250Mi vpa_upper_cpu=1500m vpa_upper_mem=512Mi
[2026-08-22T01:33:27+02:00] UPF_CONTROL_SAMPLE timestamp=2026-08-22T01:33:26+02:00 scenario=ue_25 pod=open5gs-upf-5b9db6d44-nsbqz uid=7b5b8ef7-a2a2-4fe9-a3e1-74acd17bd88f restarts=6 usage_cpu=357m usage_mem=37Mi request_cpu=410m request_mem=250Mi limit_cpu=none limit_mem=none vpa_target_cpu=410m vpa_target_mem=250Mi vpa_uncapped_cpu=410m vpa_uncapped_mem=250Mi vpa_lower_cpu=155m vpa_lower_mem=250Mi vpa_upper_cpu=1500m vpa_upper_mem=512Mi
[2026-08-22T01:33:29+02:00] UPF_CONTROL_SAMPLE timestamp=2026-08-22T01:33:28+02:00 scenario=ue_25 pod=open5gs-upf-5b9db6d44-nsbqz uid=7b5b8ef7-a2a2-4fe9-a3e1-74acd17bd88f restarts=6 usage_cpu=357m usage_mem=37Mi request_cpu=410m request_mem=250Mi limit_cpu=none limit_mem=none vpa_target_cpu=410m vpa_target_mem=250Mi vpa_uncapped_cpu=410m vpa_uncapped_mem=250Mi vpa_lower_cpu=155m vpa_lower_mem=250Mi vpa_upper_cpu=1500m vpa_upper_mem=512Mi
[2026-08-22T01:33:31+02:00] UPF_CONTROL_SAMPLE timestamp=2026-08-22T01:33:30+02:00 scenario=ue_25 pod=open5gs-upf-5b9db6d44-nsbqz uid=7b5b8ef7-a2a2-4fe9-a3e1-74acd17bd88f restarts=6 usage_cpu=357m usage_mem=37Mi request_cpu=410m request_mem=250Mi limit_cpu=none limit_mem=none vpa_target_cpu=410m vpa_target_mem=250Mi vpa_uncapped_cpu=410m vpa_uncapped_mem=250Mi vpa_lower_cpu=155m vpa_lower_mem=250Mi vpa_upper_cpu=1500m vpa_upper_mem=512Mi
[2026-08-22T01:33:34+02:00] UPF_CONTROL_SAMPLE timestamp=2026-08-22T01:33:32+02:00 scenario=ue_25 pod=open5gs-upf-5b9db6d44-nsbqz uid=7b5b8ef7-a2a2-4fe9-a3e1-74acd17bd88f restarts=6 usage_cpu=357m usage_mem=37Mi request_cpu=410m request_mem=250Mi limit_cpu=none limit_mem=none vpa_target_cpu=410m vpa_target_mem=250Mi vpa_uncapped_cpu=410m vpa_uncapped_mem=250Mi vpa_lower_cpu=155m vpa_lower_mem=250Mi vpa_upper_cpu=1500m vpa_upper_mem=512Mi
[2026-08-22T01:33:36+02:00] UPF_CONTROL_SAMPLE timestamp=2026-08-22T01:33:35+02:00 scenario=ue_25 pod=open5gs-upf-5b9db6d44-nsbqz uid=7b5b8ef7-a2a2-4fe9-a3e1-74acd17bd88f restarts=6 usage_cpu=357m usage_mem=37Mi request_cpu=410m request_mem=250Mi limit_cpu=none limit_mem=none vpa_target_cpu=410m vpa_target_mem=250Mi vpa_uncapped_cpu=410m vpa_uncapped_mem=250Mi vpa_lower_cpu=155m vpa_lower_mem=250Mi vpa_upper_cpu=1500m vpa_upper_mem=512Mi
[2026-08-22T01:33:38+02:00] UPF_CONTROL_SAMPLE timestamp=2026-08-22T01:33:37+02:00 scenario=ue_25 pod=open5gs-upf-5b9db6d44-nsbqz uid=7b5b8ef7-a2a2-4fe9-a3e1-74acd17bd88f restarts=6 usage_cpu=357m usage_mem=37Mi request_cpu=410m request_mem=250Mi limit_cpu=none limit_mem=none vpa_target_cpu=410m vpa_target_mem=250Mi vpa_uncapped_cpu=410m vpa_uncapped_mem=250Mi vpa_lower_cpu=155m vpa_lower_mem=250Mi vpa_upper_cpu=1500m vpa_upper_mem=512Mi
[2026-08-22T01:33:40+02:00] UPF_CONTROL_SAMPLE timestamp=2026-08-22T01:33:39+02:00 scenario=ue_25 pod=open5gs-upf-5b9db6d44-nsbqz uid=7b5b8ef7-a2a2-4fe9-a3e1-74acd17bd88f restarts=6 usage_cpu=357m usage_mem=37Mi request_cpu=410m request_mem=250Mi limit_cpu=none limit_mem=none vpa_target_cpu=410m vpa_target_mem=250Mi vpa_uncapped_cpu=410m vpa_uncapped_mem=250Mi vpa_lower_cpu=155m vpa_lower_mem=250Mi vpa_upper_cpu=1500m vpa_upper_mem=512Mi
[2026-08-22T01:33:42+02:00] UPF_CONTROL_SAMPLE timestamp=2026-08-22T01:33:41+02:00 scenario=ue_25 pod=open5gs-upf-5b9db6d44-nsbqz uid=7b5b8ef7-a2a2-4fe9-a3e1-74acd17bd88f restarts=6 usage_cpu=357m usage_mem=37Mi request_cpu=410m request_mem=250Mi limit_cpu=none limit_mem=none vpa_target_cpu=410m vpa_target_mem=250Mi vpa_uncapped_cpu=410m vpa_uncapped_mem=250Mi vpa_lower_cpu=155m vpa_lower_mem=250Mi vpa_upper_cpu=1500m vpa_upper_mem=512Mi
[2026-08-22T01:33:44+02:00] UPF_CONTROL_SAMPLE timestamp=2026-08-22T01:33:43+02:00 scenario=ue_25 pod=open5gs-upf-5b9db6d44-nsbqz uid=7b5b8ef7-a2a2-4fe9-a3e1-74acd17bd88f restarts=6 usage_cpu=357m usage_mem=37Mi request_cpu=410m request_mem=250Mi limit_cpu=none limit_mem=none vpa_target_cpu=410m vpa_target_mem=250Mi vpa_uncapped_cpu=410m vpa_uncapped_mem=250Mi vpa_lower_cpu=155m vpa_lower_mem=250Mi vpa_upper_cpu=1500m vpa_upper_mem=512Mi
[2026-08-22T01:33:46+02:00] UPF_CONTROL_SAMPLE timestamp=2026-08-22T01:33:45+02:00 scenario=ue_25 pod=open5gs-upf-5b9db6d44-nsbqz uid=7b5b8ef7-a2a2-4fe9-a3e1-74acd17bd88f restarts=6 usage_cpu=357m usage_mem=37Mi request_cpu=410m request_mem=250Mi limit_cpu=none limit_mem=none vpa_target_cpu=410m vpa_target_mem=250Mi vpa_uncapped_cpu=410m vpa_uncapped_mem=250Mi vpa_lower_cpu=155m vpa_lower_mem=250Mi vpa_upper_cpu=1500m vpa_upper_mem=512Mi
[2026-08-22T01:33:49+02:00] UPF_CONTROL_SAMPLE timestamp=2026-08-22T01:33:47+02:00 scenario=ue_25 pod=open5gs-upf-5b9db6d44-nsbqz uid=7b5b8ef7-a2a2-4fe9-a3e1-74acd17bd88f restarts=6 usage_cpu=357m usage_mem=37Mi request_cpu=410m request_mem=250Mi limit_cpu=none limit_mem=none vpa_target_cpu=410m vpa_target_mem=250Mi vpa_uncapped_cpu=410m vpa_uncapped_mem=250Mi vpa_lower_cpu=155m vpa_lower_mem=250Mi vpa_upper_cpu=1500m vpa_upper_mem=512Mi
[2026-08-22T01:33:52+02:00] UPF_CONTROL_SAMPLE timestamp=2026-08-22T01:33:50+02:00 scenario=ue_25 pod=open5gs-upf-5b9db6d44-nsbqz uid=7b5b8ef7-a2a2-4fe9-a3e1-74acd17bd88f restarts=6 usage_cpu=357m usage_mem=37Mi request_cpu=410m request_mem=250Mi limit_cpu=none limit_mem=none vpa_target_cpu=410m vpa_target_mem=250Mi vpa_uncapped_cpu=410m vpa_uncapped_mem=250Mi vpa_lower_cpu=155m vpa_lower_mem=250Mi vpa_upper_cpu=1500m vpa_upper_mem=512Mi
[2026-08-22T01:33:54+02:00] UPF_CONTROL_SAMPLE timestamp=2026-08-22T01:33:53+02:00 scenario=ue_25 pod=open5gs-upf-5b9db6d44-nsbqz uid=7b5b8ef7-a2a2-4fe9-a3e1-74acd17bd88f restarts=6 usage_cpu=357m usage_mem=37Mi request_cpu=410m request_mem=250Mi limit_cpu=none limit_mem=none vpa_target_cpu=410m vpa_target_mem=250Mi vpa_uncapped_cpu=410m vpa_uncapped_mem=250Mi vpa_lower_cpu=155m vpa_lower_mem=250Mi vpa_upper_cpu=1500m vpa_upper_mem=512Mi
[2026-08-22T01:33:57+02:00] UPF_CONTROL_SAMPLE timestamp=2026-08-22T01:33:55+02:00 scenario=ue_25 pod=open5gs-upf-5b9db6d44-nsbqz uid=7b5b8ef7-a2a2-4fe9-a3e1-74acd17bd88f restarts=6 usage_cpu=375m usage_mem=37Mi request_cpu=410m request_mem=250Mi limit_cpu=none limit_mem=none vpa_target_cpu=410m vpa_target_mem=250Mi vpa_uncapped_cpu=410m vpa_uncapped_mem=250Mi vpa_lower_cpu=155m vpa_lower_mem=250Mi vpa_upper_cpu=1500m vpa_upper_mem=512Mi
[2026-08-22T01:33:59+02:00] UPF_CONTROL_SAMPLE timestamp=2026-08-22T01:33:58+02:00 scenario=ue_25 pod=open5gs-upf-5b9db6d44-nsbqz uid=7b5b8ef7-a2a2-4fe9-a3e1-74acd17bd88f restarts=6 usage_cpu=375m usage_mem=37Mi request_cpu=410m request_mem=250Mi limit_cpu=none limit_mem=none vpa_target_cpu=410m vpa_target_mem=250Mi vpa_uncapped_cpu=410m vpa_uncapped_mem=250Mi vpa_lower_cpu=155m vpa_lower_mem=250Mi vpa_upper_cpu=1500m vpa_upper_mem=512Mi
[2026-08-22T01:34:01+02:00] UPF_CONTROL_SAMPLE timestamp=2026-08-22T01:34:00+02:00 scenario=ue_25 pod=open5gs-upf-5b9db6d44-nsbqz uid=7b5b8ef7-a2a2-4fe9-a3e1-74acd17bd88f restarts=6 usage_cpu=375m usage_mem=37Mi request_cpu=410m request_mem=250Mi limit_cpu=none limit_mem=none vpa_target_cpu=410m vpa_target_mem=250Mi vpa_uncapped_cpu=410m vpa_uncapped_mem=250Mi vpa_lower_cpu=155m vpa_lower_mem=250Mi vpa_upper_cpu=1500m vpa_upper_mem=512Mi
[2026-08-22T01:34:04+02:00] UPF_CONTROL_SAMPLE timestamp=2026-08-22T01:34:03+02:00 scenario=ue_25 pod=open5gs-upf-5b9db6d44-nsbqz uid=7b5b8ef7-a2a2-4fe9-a3e1-74acd17bd88f restarts=6 usage_cpu=375m usage_mem=37Mi request_cpu=410m request_mem=250Mi limit_cpu=none limit_mem=none vpa_target_cpu=410m vpa_target_mem=250Mi vpa_uncapped_cpu=410m vpa_uncapped_mem=250Mi vpa_lower_cpu=155m vpa_lower_mem=250Mi vpa_upper_cpu=1500m vpa_upper_mem=512Mi
[2026-08-22T01:34:06+02:00] UPF_CONTROL_SAMPLE timestamp=2026-08-22T01:34:05+02:00 scenario=ue_25 pod=open5gs-upf-5b9db6d44-nsbqz uid=7b5b8ef7-a2a2-4fe9-a3e1-74acd17bd88f restarts=6 usage_cpu=375m usage_mem=37Mi request_cpu=410m request_mem=250Mi limit_cpu=none limit_mem=none vpa_target_cpu=410m vpa_target_mem=250Mi vpa_uncapped_cpu=410m vpa_uncapped_mem=250Mi vpa_lower_cpu=155m vpa_lower_mem=250Mi vpa_upper_cpu=1500m vpa_upper_mem=512Mi
[2026-08-22T01:34:08+02:00] UPF_CONTROL_SAMPLE timestamp=2026-08-22T01:34:07+02:00 scenario=ue_25 pod=open5gs-upf-5b9db6d44-nsbqz uid=7b5b8ef7-a2a2-4fe9-a3e1-74acd17bd88f restarts=6 usage_cpu=375m usage_mem=37Mi request_cpu=410m request_mem=250Mi limit_cpu=none limit_mem=none vpa_target_cpu=410m vpa_target_mem=250Mi vpa_uncapped_cpu=410m vpa_uncapped_mem=250Mi vpa_lower_cpu=155m vpa_lower_mem=250Mi vpa_upper_cpu=1500m vpa_upper_mem=512Mi
[2026-08-22T01:34:10+02:00] UPF_CONTROL_SAMPLE timestamp=2026-08-22T01:34:09+02:00 scenario=ue_25 pod=open5gs-upf-5b9db6d44-nsbqz uid=7b5b8ef7-a2a2-4fe9-a3e1-74acd17bd88f restarts=6 usage_cpu=375m usage_mem=37Mi request_cpu=410m request_mem=250Mi limit_cpu=none limit_mem=none vpa_target_cpu=410m vpa_target_mem=250Mi vpa_uncapped_cpu=410m vpa_uncapped_mem=250Mi vpa_lower_cpu=155m vpa_lower_mem=250Mi vpa_upper_cpu=1500m vpa_upper_mem=512Mi
[2026-08-22T01:34:13+02:00] VPA_RECOMMENDATION_CHANGE timestamp=2026-08-22T01:34:12+02:00 scenario=ue_25 old='vpa_target_cpu=410m vpa_target_mem=250Mi vpa_uncapped_cpu=410m vpa_uncapped_mem=250Mi vpa_lower_cpu=155m vpa_lower_mem=250Mi vpa_upper_cpu=1500m vpa_upper_mem=512Mi' new='vpa_target_cpu=410m vpa_target_mem=250Mi vpa_uncapped_cpu=410m vpa_uncapped_mem=250Mi vpa_lower_cpu=193m vpa_lower_mem=250Mi vpa_upper_cpu=1500m vpa_upper_mem=512Mi' previous_5s_sample='timestamp=2026-08-22T01:34:07+02:00 scenario=ue_25 pod=open5gs-upf-5b9db6d44-nsbqz uid=7b5b8ef7-a2a2-4fe9-a3e1-74acd17bd88f restarts=6 usage_cpu=375m usage_mem=37Mi request_cpu=410m request_mem=250Mi limit_cpu=none limit_mem=none vpa_target_cpu=410m vpa_target_mem=250Mi vpa_uncapped_cpu=410m vpa_uncapped_mem=250Mi vpa_lower_cpu=155m vpa_lower_mem=250Mi vpa_upper_cpu=1500m vpa_upper_mem=512Mi' current_sample='timestamp=2026-08-22T01:34:12+02:00 scenario=ue_25 pod=open5gs-upf-5b9db6d44-nsbqz uid=7b5b8ef7-a2a2-4fe9-a3e1-74acd17bd88f restarts=6 usage_cpu=375m usage_mem=37Mi request_cpu=410m request_mem=250Mi limit_cpu=none limit_mem=none vpa_target_cpu=410m vpa_target_mem=250Mi vpa_uncapped_cpu=410m vpa_uncapped_mem=250Mi vpa_lower_cpu=193m vpa_lower_mem=250Mi vpa_upper_cpu=1500m vpa_upper_mem=512Mi'
[2026-08-22T01:34:13+02:00] UPF_CONTROL_SAMPLE timestamp=2026-08-22T01:34:12+02:00 scenario=ue_25 pod=open5gs-upf-5b9db6d44-nsbqz uid=7b5b8ef7-a2a2-4fe9-a3e1-74acd17bd88f restarts=6 usage_cpu=375m usage_mem=37Mi request_cpu=410m request_mem=250Mi limit_cpu=none limit_mem=none vpa_target_cpu=410m vpa_target_mem=250Mi vpa_uncapped_cpu=410m vpa_uncapped_mem=250Mi vpa_lower_cpu=193m vpa_lower_mem=250Mi vpa_upper_cpu=1500m vpa_upper_mem=512Mi
[2026-08-22T01:34:15+02:00] UE_SLOT_DONE timestamp=2026-08-21T23:34:15+00:00 active_ues=25 slot=0 attempt=1 ue_idx=0 ue_if=uesimtun0 ue_ip=10.45.1.146 port=5201 rc=0 replacements_for_slot=0 server_busy_retries_for_slot=0
[2026-08-22T01:34:15+02:00] UE_SLOT_DONE timestamp=2026-08-21T23:34:15+00:00 active_ues=25 slot=1 attempt=1 ue_idx=1 ue_if=uesimtun1 ue_ip=10.45.1.147 port=5202 rc=0 replacements_for_slot=0 server_busy_retries_for_slot=0
[2026-08-22T01:34:15+02:00] UE_SLOT_DONE timestamp=2026-08-21T23:34:15+00:00 active_ues=25 slot=2 attempt=1 ue_idx=2 ue_if=uesimtun2 ue_ip=10.45.1.148 port=5203 rc=0 replacements_for_slot=0 server_busy_retries_for_slot=0
[2026-08-22T01:34:15+02:00] UE_SLOT_DONE timestamp=2026-08-21T23:34:15+00:00 active_ues=25 slot=3 attempt=1 ue_idx=3 ue_if=uesimtun3 ue_ip=10.45.1.149 port=5204 rc=0 replacements_for_slot=0 server_busy_retries_for_slot=0
[2026-08-22T01:34:15+02:00] UE_SLOT_DONE timestamp=2026-08-21T23:34:15+00:00 active_ues=25 slot=4 attempt=1 ue_idx=4 ue_if=uesimtun4 ue_ip=10.45.1.151 port=5205 rc=0 replacements_for_slot=0 server_busy_retries_for_slot=0
[2026-08-22T01:34:16+02:00] UPF_CONTROL_SAMPLE timestamp=2026-08-22T01:34:14+02:00 scenario=ue_25 pod=open5gs-upf-5b9db6d44-nsbqz uid=7b5b8ef7-a2a2-4fe9-a3e1-74acd17bd88f restarts=6 usage_cpu=375m usage_mem=37Mi request_cpu=410m request_mem=250Mi limit_cpu=none limit_mem=none vpa_target_cpu=410m vpa_target_mem=250Mi vpa_uncapped_cpu=410m vpa_uncapped_mem=250Mi vpa_lower_cpu=193m vpa_lower_mem=250Mi vpa_upper_cpu=1500m vpa_upper_mem=512Mi
[2026-08-22T01:34:17+02:00] UE_SLOT_DONE timestamp=2026-08-21T23:34:17+00:00 active_ues=25 slot=5 attempt=1 ue_idx=5 ue_if=uesimtun5 ue_ip=10.45.1.150 port=5206 rc=0 replacements_for_slot=0 server_busy_retries_for_slot=0
[2026-08-22T01:34:17+02:00] UE_SLOT_DONE timestamp=2026-08-21T23:34:17+00:00 active_ues=25 slot=6 attempt=1 ue_idx=6 ue_if=uesimtun6 ue_ip=10.45.1.152 port=5207 rc=0 replacements_for_slot=0 server_busy_retries_for_slot=0
[2026-08-22T01:34:17+02:00] UE_SLOT_DONE timestamp=2026-08-21T23:34:17+00:00 active_ues=25 slot=7 attempt=1 ue_idx=7 ue_if=uesimtun7 ue_ip=10.45.1.154 port=5208 rc=0 replacements_for_slot=0 server_busy_retries_for_slot=0
[2026-08-22T01:34:17+02:00] UE_SLOT_DONE timestamp=2026-08-21T23:34:17+00:00 active_ues=25 slot=8 attempt=1 ue_idx=8 ue_if=uesimtun8 ue_ip=10.45.1.156 port=5209 rc=0 replacements_for_slot=0 server_busy_retries_for_slot=0
[2026-08-22T01:34:17+02:00] UE_SLOT_DONE timestamp=2026-08-21T23:34:17+00:00 active_ues=25 slot=9 attempt=1 ue_idx=9 ue_if=uesimtun9 ue_ip=10.45.1.158 port=5210 rc=0 replacements_for_slot=0 server_busy_retries_for_slot=0
[2026-08-22T01:34:17+02:00] UE_SLOT_DONE timestamp=2026-08-21T23:34:17+00:00 active_ues=25 slot=10 attempt=1 ue_idx=10 ue_if=uesimtun10 ue_ip=10.45.1.159 port=5211 rc=0 replacements_for_slot=0 server_busy_retries_for_slot=0
[2026-08-22T01:34:17+02:00] UE_SLOT_DONE timestamp=2026-08-21T23:34:17+00:00 active_ues=25 slot=11 attempt=1 ue_idx=11 ue_if=uesimtun11 ue_ip=10.45.1.155 port=5212 rc=0 replacements_for_slot=0 server_busy_retries_for_slot=0
[2026-08-22T01:34:17+02:00] UE_SLOT_DONE timestamp=2026-08-21T23:34:17+00:00 active_ues=25 slot=12 attempt=1 ue_idx=12 ue_if=uesimtun12 ue_ip=10.45.1.164 port=5213 rc=0 replacements_for_slot=0 server_busy_retries_for_slot=0
[2026-08-22T01:34:18+02:00] UE_SLOT_DONE timestamp=2026-08-21T23:34:18+00:00 active_ues=25 slot=13 attempt=1 ue_idx=13 ue_if=uesimtun13 ue_ip=10.45.1.161 port=5214 rc=0 replacements_for_slot=0 server_busy_retries_for_slot=0
[2026-08-22T01:34:19+02:00] UPF_CONTROL_SAMPLE timestamp=2026-08-22T01:34:17+02:00 scenario=ue_25 pod=open5gs-upf-5b9db6d44-nsbqz uid=7b5b8ef7-a2a2-4fe9-a3e1-74acd17bd88f restarts=6 usage_cpu=375m usage_mem=37Mi request_cpu=410m request_mem=250Mi limit_cpu=none limit_mem=none vpa_target_cpu=410m vpa_target_mem=250Mi vpa_uncapped_cpu=410m vpa_uncapped_mem=250Mi vpa_lower_cpu=193m vpa_lower_mem=250Mi vpa_upper_cpu=1500m vpa_upper_mem=512Mi
[2026-08-22T01:34:19+02:00] UE_SLOT_DONE timestamp=2026-08-21T23:34:19+00:00 active_ues=25 slot=14 attempt=1 ue_idx=14 ue_if=uesimtun14 ue_ip=10.45.1.167 port=5215 rc=0 replacements_for_slot=0 server_busy_retries_for_slot=0
[2026-08-22T01:34:19+02:00] UE_SLOT_DONE timestamp=2026-08-21T23:34:19+00:00 active_ues=25 slot=15 attempt=1 ue_idx=15 ue_if=uesimtun15 ue_ip=10.45.1.157 port=5216 rc=0 replacements_for_slot=0 server_busy_retries_for_slot=0
[2026-08-22T01:34:19+02:00] UE_SLOT_DONE timestamp=2026-08-21T23:34:19+00:00 active_ues=25 slot=16 attempt=1 ue_idx=16 ue_if=uesimtun16 ue_ip=10.45.1.168 port=5217 rc=0 replacements_for_slot=0 server_busy_retries_for_slot=0
[2026-08-22T01:34:19+02:00] UE_SLOT_DONE timestamp=2026-08-21T23:34:19+00:00 active_ues=25 slot=17 attempt=1 ue_idx=17 ue_if=uesimtun17 ue_ip=10.45.1.171 port=5218 rc=0 replacements_for_slot=0 server_busy_retries_for_slot=0
[2026-08-22T01:34:19+02:00] UE_SLOT_DONE timestamp=2026-08-21T23:34:19+00:00 active_ues=25 slot=18 attempt=1 ue_idx=20 ue_if=uesimtun20 ue_ip=10.45.1.178 port=5219 rc=0 replacements_for_slot=0 server_busy_retries_for_slot=0
[2026-08-22T01:34:19+02:00] UE_SLOT_DONE timestamp=2026-08-21T23:34:19+00:00 active_ues=25 slot=19 attempt=1 ue_idx=21 ue_if=uesimtun21 ue_ip=10.45.1.182 port=5220 rc=0 replacements_for_slot=0 server_busy_retries_for_slot=0
[2026-08-22T01:34:19+02:00] UE_SLOT_DONE timestamp=2026-08-21T23:34:19+00:00 active_ues=25 slot=20 attempt=1 ue_idx=22 ue_if=uesimtun22 ue_ip=10.45.1.184 port=5221 rc=0 replacements_for_slot=0 server_busy_retries_for_slot=0
[2026-08-22T01:34:20+02:00] UE_SLOT_DONE timestamp=2026-08-21T23:34:20+00:00 active_ues=25 slot=21 attempt=1 ue_idx=23 ue_if=uesimtun23 ue_ip=10.45.1.183 port=5222 rc=0 replacements_for_slot=0 server_busy_retries_for_slot=0
[2026-08-22T01:34:21+02:00] UE_SLOT_DONE timestamp=2026-08-21T23:34:20+00:00 active_ues=25 slot=22 attempt=1 ue_idx=24 ue_if=uesimtun24 ue_ip=10.45.1.187 port=5223 rc=0 replacements_for_slot=0 server_busy_retries_for_slot=0
[2026-08-22T01:34:21+02:00] UE_SLOT_DONE timestamp=2026-08-21T23:34:20+00:00 active_ues=25 slot=23 attempt=1 ue_idx=25 ue_if=uesimtun25 ue_ip=10.45.1.186 port=5224 rc=0 replacements_for_slot=0 server_busy_retries_for_slot=0
[2026-08-22T01:34:21+02:00] UE_SLOT_DONE timestamp=2026-08-21T23:34:21+00:00 active_ues=25 slot=24 attempt=1 ue_idx=26 ue_if=uesimtun26 ue_ip=10.45.1.189 port=5225 rc=0 replacements_for_slot=0 server_busy_retries_for_slot=0
[2026-08-22T01:34:21+02:00] UPF_CONTROL_SAMPLE timestamp=2026-08-22T01:34:20+02:00 scenario=ue_25 pod=open5gs-upf-5b9db6d44-nsbqz uid=7b5b8ef7-a2a2-4fe9-a3e1-74acd17bd88f restarts=6 usage_cpu=375m usage_mem=37Mi request_cpu=410m request_mem=250Mi limit_cpu=none limit_mem=none vpa_target_cpu=410m vpa_target_mem=250Mi vpa_uncapped_cpu=410m vpa_uncapped_mem=250Mi vpa_lower_cpu=193m vpa_lower_mem=250Mi vpa_upper_cpu=1500m vpa_upper_mem=512Mi
[2026-08-22T01:34:22+02:00] TRAFFIC_SUMMARY timestamp=2026-08-21T23:34:22+00:00 registered_tunnels=50 active_ues=25 target_slots=25 completed_slots=25 final_failed_slots=0 replacements=0 problematic_ues=0 zombie_ues=0 connect_timeouts=0 stalls=0 deferred_stalls=0 process_failures=0 server_busy_retries=0 server_busy_failures=0 late_timeouts_accepted=0 scenario_bad_ues=0 global_suspect_ues=2 used_ues=25 target_host=192.168.1.211 initial_ports=5201-5225 replacement_ports=5251-5265 bitrate=1M start_delay=0.05 detection=no_rx_counter replacement_min_duration_s=5 adaptive_extension_max_s=1 iperf_exit_grace_s=3 server_busy_retries_limit=1 server_busy_retry_delay_s=2 late_replacement_after_end=disabled wait_for_iperf_exit=until_timeout global_suspect_policy=soft_reuse ramp_supervision=after_initial_start
[2026-08-22T01:34:22+02:00] UE_POOL_SCENARIO_BAD_CURRENT timestamp=2026-08-21T23:34:22+00:00 active_ues=25 indexes=
[2026-08-22T01:34:22+02:00] UE_POOL_GLOBAL_SUSPECT_CURRENT timestamp=2026-08-21T23:34:22+00:00 active_ues=25 indexes=18,19
[2026-08-22T01:34:22+02:00] REMOTE_IPERF_PER_UE_END timestamp=2026-08-21T23:34:22+00:00 active_ues=25 tag=ue_25 final_rc=0 completed_slots=25 replacements=0 problematic_ues=0 server_busy_retries=0 deferred_stalls=0 late_timeouts_accepted=0
[2026-08-22T01:34:22+02:00] SCENARIO TRAFFIC COMMAND END timestamp=2026-08-22T01:34:22+02:00 active_ue=25 rc=0
[2026-08-22T01:34:23+02:00] SCENARIO UPF AFTER timestamp=2026-08-22T01:34:23+02:00 active_ue=25 pod=open5gs-upf-5b9db6d44-nsbqz uid=7b5b8ef7-a2a2-4fe9-a3e1-74acd17bd88f restarts=6
[2026-08-22T01:34:23+02:00] SCENARIO END timestamp=2026-08-22T01:34:23+02:00 active_ue=25 rc=0
[2026-08-22T01:34:23+02:00] ================================================================
[2026-08-22T01:34:23+02:00] SCENARIO START timestamp=2026-08-22T01:34:23+02:00 active_ue=27 registered_ue_pool=50 target_host=192.168.1.211 ports=5201-5227 replacement_ports=5251-5265 bitrate_per_ue=1M start_delay=0.05 replacement_min_duration=5 adaptive_extension_max=1
[2026-08-22T01:34:23+02:00] ================================================================
[2026-08-22T01:34:23+02:00] SCENARIO TUNNEL CHECK timestamp=2026-08-22T01:34:23+02:00 active_ue=27 current_tunnels=50 required=50
[2026-08-22T01:34:24+02:00] UPF_CONTROL_SAMPLE timestamp=2026-08-22T01:34:22+02:00 scenario=ue_25 pod=open5gs-upf-5b9db6d44-nsbqz uid=7b5b8ef7-a2a2-4fe9-a3e1-74acd17bd88f restarts=6 usage_cpu=375m usage_mem=37Mi request_cpu=410m request_mem=250Mi limit_cpu=none limit_mem=none vpa_target_cpu=410m vpa_target_mem=250Mi vpa_uncapped_cpu=410m vpa_uncapped_mem=250Mi vpa_lower_cpu=193m vpa_lower_mem=250Mi vpa_upper_cpu=1500m vpa_upper_mem=512Mi
[2026-08-22T01:34:24+02:00] SCENARIO UPF BEFORE timestamp=2026-08-22T01:34:24+02:00 active_ue=27 pod=open5gs-upf-5b9db6d44-nsbqz uid=7b5b8ef7-a2a2-4fe9-a3e1-74acd17bd88f restarts=6
[2026-08-22T01:34:25+02:00] REMOTE_IPERF_PER_UE_START timestamp=2026-08-21T23:34:25+00:00 active_ues=27 tag=ue_27 iperf_host=192.168.1.211 base_port=5201 replacement_base_port=5251 duration=80 bitrate=1M start_delay=0.05 detection=no_rx_counter connect_timeout_s=4 stall_seconds=5 replacement_limit=15 replacement_min_duration_s=5 adaptive_extension_max_s=1 iperf_exit_grace_s=3 server_busy_port_rebinds=1 late_replacement_after_end=disabled wait_for_iperf_exit=until_timeout global_suspect_policy=soft_reuse ramp_supervision=after_initial_start
[2026-08-22T01:34:25+02:00] UE_POOL_STATUS timestamp=2026-08-21T23:34:25+00:00 active_ues=27 registered_tunnels=50 existing_global_suspect_ues=2 used_ues=0 policy=soft_reuse_global_suspects
[2026-08-22T01:34:25+02:00] UE_SLOT_ASSIGN timestamp=2026-08-21T23:34:25+00:00 active_ues=27 slot=0 ue_idx=0 ue_if=uesimtun0 ue_ip=10.45.1.146 candidate_reused_global_suspect=0
[2026-08-22T01:34:25+02:00] UE_SLOT_START timestamp=2026-08-21T23:34:25+00:00 active_ues=27 slot=0 attempt=1 ue_idx=0 ue_if=uesimtun0 ue_ip=10.45.1.146 target=192.168.1.211:5201 bitrate=1M duration_s=80 planned_end_epoch=1787355345 timeout_s=90 hard_timeout_epoch=1787355360 start_rx_bytes=1208120
[2026-08-22T01:34:25+02:00] UE_SLOT_PID timestamp=2026-08-21T23:34:25+00:00 active_ues=27 slot=0 attempt=1 ue_idx=0 pid=38495
[2026-08-22T01:34:25+02:00] UE_SLOT_ASSIGN timestamp=2026-08-21T23:34:25+00:00 active_ues=27 slot=1 ue_idx=1 ue_if=uesimtun1 ue_ip=10.45.1.147 candidate_reused_global_suspect=0
[2026-08-22T01:34:25+02:00] UE_SLOT_START timestamp=2026-08-21T23:34:25+00:00 active_ues=27 slot=1 attempt=1 ue_idx=1 ue_if=uesimtun1 ue_ip=10.45.1.147 target=192.168.1.211:5202 bitrate=1M duration_s=80 planned_end_epoch=1787355345 timeout_s=90 hard_timeout_epoch=1787355360 start_rx_bytes=1147618
[2026-08-22T01:34:25+02:00] UE_SLOT_PID timestamp=2026-08-21T23:34:25+00:00 active_ues=27 slot=1 attempt=1 ue_idx=1 pid=38520
[2026-08-22T01:34:25+02:00] UE_SLOT_ASSIGN timestamp=2026-08-21T23:34:25+00:00 active_ues=27 slot=2 ue_idx=2 ue_if=uesimtun2 ue_ip=10.45.1.148 candidate_reused_global_suspect=0
[2026-08-22T01:34:25+02:00] UE_SLOT_START timestamp=2026-08-21T23:34:25+00:00 active_ues=27 slot=2 attempt=1 ue_idx=2 ue_if=uesimtun2 ue_ip=10.45.1.148 target=192.168.1.211:5203 bitrate=1M duration_s=80 planned_end_epoch=1787355345 timeout_s=90 hard_timeout_epoch=1787355360 start_rx_bytes=1140747
[2026-08-22T01:34:25+02:00] UE_SLOT_PID timestamp=2026-08-21T23:34:25+00:00 active_ues=27 slot=2 attempt=1 ue_idx=2 pid=38545
[2026-08-22T01:34:25+02:00] UE_SLOT_ASSIGN timestamp=2026-08-21T23:34:25+00:00 active_ues=27 slot=3 ue_idx=3 ue_if=uesimtun3 ue_ip=10.45.1.149 candidate_reused_global_suspect=0
[2026-08-22T01:34:25+02:00] UE_SLOT_START timestamp=2026-08-21T23:34:25+00:00 active_ues=27 slot=3 attempt=1 ue_idx=3 ue_if=uesimtun3 ue_ip=10.45.1.149 target=192.168.1.211:5204 bitrate=1M duration_s=80 planned_end_epoch=1787355345 timeout_s=90 hard_timeout_epoch=1787355360 start_rx_bytes=1036701
[2026-08-22T01:34:25+02:00] UE_SLOT_PID timestamp=2026-08-21T23:34:25+00:00 active_ues=27 slot=3 attempt=1 ue_idx=3 pid=38570
[2026-08-22T01:34:26+02:00] UE_SLOT_ASSIGN timestamp=2026-08-21T23:34:26+00:00 active_ues=27 slot=4 ue_idx=4 ue_if=uesimtun4 ue_ip=10.45.1.151 candidate_reused_global_suspect=0
[2026-08-22T01:34:26+02:00] UE_SLOT_START timestamp=2026-08-21T23:34:26+00:00 active_ues=27 slot=4 attempt=1 ue_idx=4 ue_if=uesimtun4 ue_ip=10.45.1.151 target=192.168.1.211:5205 bitrate=1M duration_s=80 planned_end_epoch=1787355346 timeout_s=90 hard_timeout_epoch=1787355361 start_rx_bytes=1031425
[2026-08-22T01:34:26+02:00] UE_SLOT_PID timestamp=2026-08-21T23:34:26+00:00 active_ues=27 slot=4 attempt=1 ue_idx=4 pid=38595
[2026-08-22T01:34:26+02:00] UPF_CONTROL_SAMPLE timestamp=2026-08-22T01:34:25+02:00 scenario=ue_27 pod=open5gs-upf-5b9db6d44-nsbqz uid=7b5b8ef7-a2a2-4fe9-a3e1-74acd17bd88f restarts=6 usage_cpu=389m usage_mem=37Mi request_cpu=410m request_mem=250Mi limit_cpu=none limit_mem=none vpa_target_cpu=410m vpa_target_mem=250Mi vpa_uncapped_cpu=410m vpa_uncapped_mem=250Mi vpa_lower_cpu=193m vpa_lower_mem=250Mi vpa_upper_cpu=1500m vpa_upper_mem=512Mi
[2026-08-22T01:34:26+02:00] UE_SLOT_ASSIGN timestamp=2026-08-21T23:34:26+00:00 active_ues=27 slot=5 ue_idx=5 ue_if=uesimtun5 ue_ip=10.45.1.150 candidate_reused_global_suspect=0
[2026-08-22T01:34:26+02:00] UE_SLOT_START timestamp=2026-08-21T23:34:26+00:00 active_ues=27 slot=5 attempt=1 ue_idx=5 ue_if=uesimtun5 ue_ip=10.45.1.150 target=192.168.1.211:5206 bitrate=1M duration_s=80 planned_end_epoch=1787355346 timeout_s=90 hard_timeout_epoch=1787355361 start_rx_bytes=949744
[2026-08-22T01:34:26+02:00] UE_SLOT_PID timestamp=2026-08-21T23:34:26+00:00 active_ues=27 slot=5 attempt=1 ue_idx=5 pid=38620
[2026-08-22T01:34:26+02:00] UE_SLOT_ASSIGN timestamp=2026-08-21T23:34:26+00:00 active_ues=27 slot=6 ue_idx=6 ue_if=uesimtun6 ue_ip=10.45.1.152 candidate_reused_global_suspect=0
[2026-08-22T01:34:26+02:00] UE_SLOT_START timestamp=2026-08-21T23:34:26+00:00 active_ues=27 slot=6 attempt=1 ue_idx=6 ue_if=uesimtun6 ue_ip=10.45.1.152 target=192.168.1.211:5207 bitrate=1M duration_s=80 planned_end_epoch=1787355346 timeout_s=90 hard_timeout_epoch=1787355361 start_rx_bytes=967003
[2026-08-22T01:34:26+02:00] UE_SLOT_PID timestamp=2026-08-21T23:34:26+00:00 active_ues=27 slot=6 attempt=1 ue_idx=6 pid=38645
[2026-08-22T01:34:26+02:00] UE_SLOT_ASSIGN timestamp=2026-08-21T23:34:26+00:00 active_ues=27 slot=7 ue_idx=7 ue_if=uesimtun7 ue_ip=10.45.1.154 candidate_reused_global_suspect=0
[2026-08-22T01:34:26+02:00] UE_SLOT_START timestamp=2026-08-21T23:34:26+00:00 active_ues=27 slot=7 attempt=1 ue_idx=7 ue_if=uesimtun7 ue_ip=10.45.1.154 target=192.168.1.211:5208 bitrate=1M duration_s=80 planned_end_epoch=1787355346 timeout_s=90 hard_timeout_epoch=1787355361 start_rx_bytes=863598
[2026-08-22T01:34:26+02:00] UE_SLOT_PID timestamp=2026-08-21T23:34:26+00:00 active_ues=27 slot=7 attempt=1 ue_idx=7 pid=38670
[2026-08-22T01:34:26+02:00] UE_SLOT_ASSIGN timestamp=2026-08-21T23:34:26+00:00 active_ues=27 slot=8 ue_idx=8 ue_if=uesimtun8 ue_ip=10.45.1.156 candidate_reused_global_suspect=0
[2026-08-22T01:34:27+02:00] UE_SLOT_START timestamp=2026-08-21T23:34:26+00:00 active_ues=27 slot=8 attempt=1 ue_idx=8 ue_if=uesimtun8 ue_ip=10.45.1.156 target=192.168.1.211:5209 bitrate=1M duration_s=80 planned_end_epoch=1787355346 timeout_s=90 hard_timeout_epoch=1787355361 start_rx_bytes=841529
[2026-08-22T01:34:27+02:00] UE_SLOT_PID timestamp=2026-08-21T23:34:27+00:00 active_ues=27 slot=8 attempt=1 ue_idx=8 pid=38695
[2026-08-22T01:34:27+02:00] UE_SLOT_ASSIGN timestamp=2026-08-21T23:34:27+00:00 active_ues=27 slot=9 ue_idx=9 ue_if=uesimtun9 ue_ip=10.45.1.158 candidate_reused_global_suspect=0
[2026-08-22T01:34:27+02:00] UE_SLOT_START timestamp=2026-08-21T23:34:27+00:00 active_ues=27 slot=9 attempt=1 ue_idx=9 ue_if=uesimtun9 ue_ip=10.45.1.158 target=192.168.1.211:5210 bitrate=1M duration_s=80 planned_end_epoch=1787355347 timeout_s=90 hard_timeout_epoch=1787355362 start_rx_bytes=748989
[2026-08-22T01:34:27+02:00] UE_SLOT_PID timestamp=2026-08-21T23:34:27+00:00 active_ues=27 slot=9 attempt=1 ue_idx=9 pid=38720
[2026-08-22T01:34:27+02:00] UE_SLOT_ASSIGN timestamp=2026-08-21T23:34:27+00:00 active_ues=27 slot=10 ue_idx=10 ue_if=uesimtun10 ue_ip=10.45.1.159 candidate_reused_global_suspect=0
[2026-08-22T01:34:27+02:00] UE_SLOT_START timestamp=2026-08-21T23:34:27+00:00 active_ues=27 slot=10 attempt=1 ue_idx=10 ue_if=uesimtun10 ue_ip=10.45.1.159 target=192.168.1.211:5211 bitrate=1M duration_s=80 planned_end_epoch=1787355347 timeout_s=90 hard_timeout_epoch=1787355362 start_rx_bytes=749151
[2026-08-22T01:34:27+02:00] UE_SLOT_PID timestamp=2026-08-21T23:34:27+00:00 active_ues=27 slot=10 attempt=1 ue_idx=10 pid=38745
[2026-08-22T01:34:27+02:00] UE_SLOT_ASSIGN timestamp=2026-08-21T23:34:27+00:00 active_ues=27 slot=11 ue_idx=11 ue_if=uesimtun11 ue_ip=10.45.1.155 candidate_reused_global_suspect=0
[2026-08-22T01:34:27+02:00] UE_SLOT_START timestamp=2026-08-21T23:34:27+00:00 active_ues=27 slot=11 attempt=1 ue_idx=11 ue_if=uesimtun11 ue_ip=10.45.1.155 target=192.168.1.211:5212 bitrate=1M duration_s=80 planned_end_epoch=1787355347 timeout_s=90 hard_timeout_epoch=1787355362 start_rx_bytes=668604
[2026-08-22T01:34:27+02:00] UE_SLOT_PID timestamp=2026-08-21T23:34:27+00:00 active_ues=27 slot=11 attempt=1 ue_idx=11 pid=38770
[2026-08-22T01:34:27+02:00] UE_SLOT_ASSIGN timestamp=2026-08-21T23:34:27+00:00 active_ues=27 slot=12 ue_idx=12 ue_if=uesimtun12 ue_ip=10.45.1.164 candidate_reused_global_suspect=0
[2026-08-22T01:34:27+02:00] UE_SLOT_START timestamp=2026-08-21T23:34:27+00:00 active_ues=27 slot=12 attempt=1 ue_idx=12 ue_if=uesimtun12 ue_ip=10.45.1.164 target=192.168.1.211:5213 bitrate=1M duration_s=80 planned_end_epoch=1787355347 timeout_s=90 hard_timeout_epoch=1787355362 start_rx_bytes=650765
[2026-08-22T01:34:27+02:00] UE_SLOT_PID timestamp=2026-08-21T23:34:27+00:00 active_ues=27 slot=12 attempt=1 ue_idx=12 pid=38795
[2026-08-22T01:34:28+02:00] UE_SLOT_ASSIGN timestamp=2026-08-21T23:34:28+00:00 active_ues=27 slot=13 ue_idx=13 ue_if=uesimtun13 ue_ip=10.45.1.161 candidate_reused_global_suspect=0
[2026-08-22T01:34:28+02:00] UE_SLOT_START timestamp=2026-08-21T23:34:28+00:00 active_ues=27 slot=13 attempt=1 ue_idx=13 ue_if=uesimtun13 ue_ip=10.45.1.161 target=192.168.1.211:5214 bitrate=1M duration_s=80 planned_end_epoch=1787355348 timeout_s=90 hard_timeout_epoch=1787355363 start_rx_bytes=571186
[2026-08-22T01:34:28+02:00] UE_SLOT_PID timestamp=2026-08-21T23:34:28+00:00 active_ues=27 slot=13 attempt=1 ue_idx=13 pid=38820
[2026-08-22T01:34:28+02:00] UE_SLOT_ASSIGN timestamp=2026-08-21T23:34:28+00:00 active_ues=27 slot=14 ue_idx=14 ue_if=uesimtun14 ue_ip=10.45.1.167 candidate_reused_global_suspect=0
[2026-08-22T01:34:28+02:00] UE_SLOT_START timestamp=2026-08-21T23:34:28+00:00 active_ues=27 slot=14 attempt=1 ue_idx=14 ue_if=uesimtun14 ue_ip=10.45.1.167 target=192.168.1.211:5215 bitrate=1M duration_s=80 planned_end_epoch=1787355348 timeout_s=90 hard_timeout_epoch=1787355363 start_rx_bytes=577842
[2026-08-22T01:34:28+02:00] UE_SLOT_PID timestamp=2026-08-21T23:34:28+00:00 active_ues=27 slot=14 attempt=1 ue_idx=14 pid=38845
[2026-08-22T01:34:28+02:00] UPF_CONTROL_SAMPLE timestamp=2026-08-22T01:34:27+02:00 scenario=ue_27 pod=open5gs-upf-5b9db6d44-nsbqz uid=7b5b8ef7-a2a2-4fe9-a3e1-74acd17bd88f restarts=6 usage_cpu=389m usage_mem=37Mi request_cpu=410m request_mem=250Mi limit_cpu=none limit_mem=none vpa_target_cpu=410m vpa_target_mem=250Mi vpa_uncapped_cpu=410m vpa_uncapped_mem=250Mi vpa_lower_cpu=193m vpa_lower_mem=250Mi vpa_upper_cpu=1500m vpa_upper_mem=512Mi
[2026-08-22T01:34:28+02:00] UE_SLOT_ASSIGN timestamp=2026-08-21T23:34:28+00:00 active_ues=27 slot=15 ue_idx=15 ue_if=uesimtun15 ue_ip=10.45.1.157 candidate_reused_global_suspect=0
[2026-08-22T01:34:28+02:00] UE_SLOT_START timestamp=2026-08-21T23:34:28+00:00 active_ues=27 slot=15 attempt=1 ue_idx=15 ue_if=uesimtun15 ue_ip=10.45.1.157 target=192.168.1.211:5216 bitrate=1M duration_s=80 planned_end_epoch=1787355348 timeout_s=90 hard_timeout_epoch=1787355363 start_rx_bytes=508890
[2026-08-22T01:34:28+02:00] UE_SLOT_PID timestamp=2026-08-21T23:34:28+00:00 active_ues=27 slot=15 attempt=1 ue_idx=15 pid=38870
[2026-08-22T01:34:28+02:00] UE_SLOT_ASSIGN timestamp=2026-08-21T23:34:28+00:00 active_ues=27 slot=16 ue_idx=16 ue_if=uesimtun16 ue_ip=10.45.1.168 candidate_reused_global_suspect=0
[2026-08-22T01:34:28+02:00] UE_SLOT_START timestamp=2026-08-21T23:34:28+00:00 active_ues=27 slot=16 attempt=1 ue_idx=16 ue_if=uesimtun16 ue_ip=10.45.1.168 target=192.168.1.211:5217 bitrate=1M duration_s=80 planned_end_epoch=1787355348 timeout_s=90 hard_timeout_epoch=1787355363 start_rx_bytes=497606
[2026-08-22T01:34:28+02:00] UE_SLOT_PID timestamp=2026-08-21T23:34:28+00:00 active_ues=27 slot=16 attempt=1 ue_idx=16 pid=38895
[2026-08-22T01:34:29+02:00] UE_SLOT_ASSIGN timestamp=2026-08-21T23:34:29+00:00 active_ues=27 slot=17 ue_idx=17 ue_if=uesimtun17 ue_ip=10.45.1.171 candidate_reused_global_suspect=0
[2026-08-22T01:34:29+02:00] UE_SLOT_START timestamp=2026-08-21T23:34:29+00:00 active_ues=27 slot=17 attempt=1 ue_idx=17 ue_if=uesimtun17 ue_ip=10.45.1.171 target=192.168.1.211:5218 bitrate=1M duration_s=80 planned_end_epoch=1787355349 timeout_s=90 hard_timeout_epoch=1787355364 start_rx_bytes=385204
[2026-08-22T01:34:29+02:00] UE_SLOT_PID timestamp=2026-08-21T23:34:29+00:00 active_ues=27 slot=17 attempt=1 ue_idx=17 pid=38920
[2026-08-22T01:34:29+02:00] UE_SLOT_ASSIGN timestamp=2026-08-21T23:34:29+00:00 active_ues=27 slot=18 ue_idx=20 ue_if=uesimtun20 ue_ip=10.45.1.178 candidate_reused_global_suspect=0
[2026-08-22T01:34:29+02:00] UE_SLOT_START timestamp=2026-08-21T23:34:29+00:00 active_ues=27 slot=18 attempt=1 ue_idx=20 ue_if=uesimtun20 ue_ip=10.45.1.178 target=192.168.1.211:5219 bitrate=1M duration_s=80 planned_end_epoch=1787355349 timeout_s=90 hard_timeout_epoch=1787355364 start_rx_bytes=317582
[2026-08-22T01:34:29+02:00] UE_SLOT_PID timestamp=2026-08-21T23:34:29+00:00 active_ues=27 slot=18 attempt=1 ue_idx=20 pid=38945
[2026-08-22T01:34:29+02:00] UE_SLOT_ASSIGN timestamp=2026-08-21T23:34:29+00:00 active_ues=27 slot=19 ue_idx=21 ue_if=uesimtun21 ue_ip=10.45.1.182 candidate_reused_global_suspect=0
[2026-08-22T01:34:29+02:00] UE_SLOT_START timestamp=2026-08-21T23:34:29+00:00 active_ues=27 slot=19 attempt=1 ue_idx=21 ue_if=uesimtun21 ue_ip=10.45.1.182 target=192.168.1.211:5220 bitrate=1M duration_s=80 planned_end_epoch=1787355349 timeout_s=90 hard_timeout_epoch=1787355364 start_rx_bytes=296817
[2026-08-22T01:34:29+02:00] UE_SLOT_PID timestamp=2026-08-21T23:34:29+00:00 active_ues=27 slot=19 attempt=1 ue_idx=21 pid=38970
[2026-08-22T01:34:29+02:00] UE_SLOT_ASSIGN timestamp=2026-08-21T23:34:29+00:00 active_ues=27 slot=20 ue_idx=22 ue_if=uesimtun22 ue_ip=10.45.1.184 candidate_reused_global_suspect=0
[2026-08-22T01:34:29+02:00] UE_SLOT_START timestamp=2026-08-21T23:34:29+00:00 active_ues=27 slot=20 attempt=1 ue_idx=22 ue_if=uesimtun22 ue_ip=10.45.1.184 target=192.168.1.211:5221 bitrate=1M duration_s=80 planned_end_epoch=1787355349 timeout_s=90 hard_timeout_epoch=1787355364 start_rx_bytes=279522
[2026-08-22T01:34:29+02:00] UE_SLOT_PID timestamp=2026-08-21T23:34:29+00:00 active_ues=27 slot=20 attempt=1 ue_idx=22 pid=38995
[2026-08-22T01:34:29+02:00] UE_SLOT_ASSIGN timestamp=2026-08-21T23:34:29+00:00 active_ues=27 slot=21 ue_idx=23 ue_if=uesimtun23 ue_ip=10.45.1.183 candidate_reused_global_suspect=0
[2026-08-22T01:34:30+02:00] UE_SLOT_START timestamp=2026-08-21T23:34:30+00:00 active_ues=27 slot=21 attempt=1 ue_idx=23 ue_if=uesimtun23 ue_ip=10.45.1.183 target=192.168.1.211:5222 bitrate=1M duration_s=80 planned_end_epoch=1787355349 timeout_s=90 hard_timeout_epoch=1787355364 start_rx_bytes=188535
[2026-08-22T01:34:30+02:00] UE_SLOT_PID timestamp=2026-08-21T23:34:30+00:00 active_ues=27 slot=21 attempt=1 ue_idx=23 pid=39020
[2026-08-22T01:34:30+02:00] UE_SLOT_ASSIGN timestamp=2026-08-21T23:34:30+00:00 active_ues=27 slot=22 ue_idx=24 ue_if=uesimtun24 ue_ip=10.45.1.187 candidate_reused_global_suspect=0
[2026-08-22T01:34:30+02:00] UE_SLOT_START timestamp=2026-08-21T23:34:30+00:00 active_ues=27 slot=22 attempt=1 ue_idx=24 ue_if=uesimtun24 ue_ip=10.45.1.187 target=192.168.1.211:5223 bitrate=1M duration_s=80 planned_end_epoch=1787355350 timeout_s=90 hard_timeout_epoch=1787355365 start_rx_bytes=189201
[2026-08-22T01:34:30+02:00] UE_SLOT_PID timestamp=2026-08-21T23:34:30+00:00 active_ues=27 slot=22 attempt=1 ue_idx=24 pid=39045
[2026-08-22T01:34:30+02:00] UE_SLOT_ASSIGN timestamp=2026-08-21T23:34:30+00:00 active_ues=27 slot=23 ue_idx=25 ue_if=uesimtun25 ue_ip=10.45.1.186 candidate_reused_global_suspect=0
[2026-08-22T01:34:30+02:00] UE_SLOT_START timestamp=2026-08-21T23:34:30+00:00 active_ues=27 slot=23 attempt=1 ue_idx=25 ue_if=uesimtun25 ue_ip=10.45.1.186 target=192.168.1.211:5224 bitrate=1M duration_s=80 planned_end_epoch=1787355350 timeout_s=90 hard_timeout_epoch=1787355365 start_rx_bytes=96315
[2026-08-22T01:34:30+02:00] UE_SLOT_PID timestamp=2026-08-21T23:34:30+00:00 active_ues=27 slot=23 attempt=1 ue_idx=25 pid=39070
[2026-08-22T01:34:30+02:00] UE_SLOT_ASSIGN timestamp=2026-08-21T23:34:30+00:00 active_ues=27 slot=24 ue_idx=26 ue_if=uesimtun26 ue_ip=10.45.1.189 candidate_reused_global_suspect=0
[2026-08-22T01:34:30+02:00] UE_SLOT_START timestamp=2026-08-21T23:34:30+00:00 active_ues=27 slot=24 attempt=1 ue_idx=26 ue_if=uesimtun26 ue_ip=10.45.1.189 target=192.168.1.211:5225 bitrate=1M duration_s=80 planned_end_epoch=1787355350 timeout_s=90 hard_timeout_epoch=1787355365 start_rx_bytes=103707
[2026-08-22T01:34:30+02:00] UE_SLOT_PID timestamp=2026-08-21T23:34:30+00:00 active_ues=27 slot=24 attempt=1 ue_idx=26 pid=39095
[2026-08-22T01:34:30+02:00] UE_SLOT_ASSIGN timestamp=2026-08-21T23:34:30+00:00 active_ues=27 slot=25 ue_idx=27 ue_if=uesimtun27 ue_ip=10.45.1.153 candidate_reused_global_suspect=0
[2026-08-22T01:34:30+02:00] UPF_CONTROL_SAMPLE timestamp=2026-08-22T01:34:29+02:00 scenario=ue_27 pod=open5gs-upf-5b9db6d44-nsbqz uid=7b5b8ef7-a2a2-4fe9-a3e1-74acd17bd88f restarts=6 usage_cpu=389m usage_mem=37Mi request_cpu=410m request_mem=250Mi limit_cpu=none limit_mem=none vpa_target_cpu=410m vpa_target_mem=250Mi vpa_uncapped_cpu=410m vpa_uncapped_mem=250Mi vpa_lower_cpu=193m vpa_lower_mem=250Mi vpa_upper_cpu=1500m vpa_upper_mem=512Mi
[2026-08-22T01:34:31+02:00] UE_SLOT_START timestamp=2026-08-21T23:34:31+00:00 active_ues=27 slot=25 attempt=1 ue_idx=27 ue_if=uesimtun27 ue_ip=10.45.1.153 target=192.168.1.211:5226 bitrate=1M duration_s=80 planned_end_epoch=1787355350 timeout_s=90 hard_timeout_epoch=1787355365 start_rx_bytes=0
[2026-08-22T01:34:31+02:00] UE_SLOT_PID timestamp=2026-08-21T23:34:31+00:00 active_ues=27 slot=25 attempt=1 ue_idx=27 pid=39120
[2026-08-22T01:34:31+02:00] UE_SLOT_ASSIGN timestamp=2026-08-21T23:34:31+00:00 active_ues=27 slot=26 ue_idx=28 ue_if=uesimtun28 ue_ip=10.45.1.160 candidate_reused_global_suspect=0
[2026-08-22T01:34:31+02:00] UE_SLOT_START timestamp=2026-08-21T23:34:31+00:00 active_ues=27 slot=26 attempt=1 ue_idx=28 ue_if=uesimtun28 ue_ip=10.45.1.160 target=192.168.1.211:5227 bitrate=1M duration_s=80 planned_end_epoch=1787355351 timeout_s=90 hard_timeout_epoch=1787355366 start_rx_bytes=0
[2026-08-22T01:34:31+02:00] UE_SLOT_PID timestamp=2026-08-21T23:34:31+00:00 active_ues=27 slot=26 attempt=1 ue_idx=28 pid=39145
[2026-08-22T01:34:31+02:00] IPERF_MAPPING_SUMMARY timestamp=2026-08-21T23:34:31+00:00 active_ues=27 registered_tunnels=50 initial_ports=5201-5227 replacement_ports=5251-5265 bitrate=1M start_delay=0.05 detection=no_rx_counter replacement_min_duration_s=5 adaptive_extension_max_s=1 iperf_exit_grace_s=3 server_busy_port_rebinds=1 late_replacement_after_end=disabled wait_for_iperf_exit=until_timeout global_suspect_policy=soft_reuse ramp_supervision=after_initial_start
[2026-08-22T01:34:33+02:00] UPF_CONTROL_SAMPLE timestamp=2026-08-22T01:34:31+02:00 scenario=ue_27 pod=open5gs-upf-5b9db6d44-nsbqz uid=7b5b8ef7-a2a2-4fe9-a3e1-74acd17bd88f restarts=6 usage_cpu=389m usage_mem=37Mi request_cpu=410m request_mem=250Mi limit_cpu=none limit_mem=none vpa_target_cpu=410m vpa_target_mem=250Mi vpa_uncapped_cpu=410m vpa_uncapped_mem=250Mi vpa_lower_cpu=193m vpa_lower_mem=250Mi vpa_upper_cpu=1500m vpa_upper_mem=512Mi
[2026-08-22T01:34:35+02:00] UPF_CONTROL_SAMPLE timestamp=2026-08-22T01:34:34+02:00 scenario=ue_27 pod=open5gs-upf-5b9db6d44-nsbqz uid=7b5b8ef7-a2a2-4fe9-a3e1-74acd17bd88f restarts=6 usage_cpu=389m usage_mem=37Mi request_cpu=410m request_mem=250Mi limit_cpu=none limit_mem=none vpa_target_cpu=410m vpa_target_mem=250Mi vpa_uncapped_cpu=410m vpa_uncapped_mem=250Mi vpa_lower_cpu=193m vpa_lower_mem=250Mi vpa_upper_cpu=1500m vpa_upper_mem=512Mi
[2026-08-22T01:34:37+02:00] UPF_CONTROL_SAMPLE timestamp=2026-08-22T01:34:36+02:00 scenario=ue_27 pod=open5gs-upf-5b9db6d44-nsbqz uid=7b5b8ef7-a2a2-4fe9-a3e1-74acd17bd88f restarts=6 usage_cpu=389m usage_mem=37Mi request_cpu=410m request_mem=250Mi limit_cpu=none limit_mem=none vpa_target_cpu=410m vpa_target_mem=250Mi vpa_uncapped_cpu=410m vpa_uncapped_mem=250Mi vpa_lower_cpu=193m vpa_lower_mem=250Mi vpa_upper_cpu=1500m vpa_upper_mem=512Mi
[2026-08-22T01:34:39+02:00] UPF_CONTROL_SAMPLE timestamp=2026-08-22T01:34:38+02:00 scenario=ue_27 pod=open5gs-upf-5b9db6d44-nsbqz uid=7b5b8ef7-a2a2-4fe9-a3e1-74acd17bd88f restarts=6 usage_cpu=389m usage_mem=37Mi request_cpu=410m request_mem=250Mi limit_cpu=none limit_mem=none vpa_target_cpu=410m vpa_target_mem=250Mi vpa_uncapped_cpu=410m vpa_uncapped_mem=250Mi vpa_lower_cpu=193m vpa_lower_mem=250Mi vpa_upper_cpu=1500m vpa_upper_mem=512Mi
[2026-08-22T01:34:42+02:00] UPF_CONTROL_SAMPLE timestamp=2026-08-22T01:34:40+02:00 scenario=ue_27 pod=open5gs-upf-5b9db6d44-nsbqz uid=7b5b8ef7-a2a2-4fe9-a3e1-74acd17bd88f restarts=6 usage_cpu=205m usage_mem=37Mi request_cpu=410m request_mem=250Mi limit_cpu=none limit_mem=none vpa_target_cpu=410m vpa_target_mem=250Mi vpa_uncapped_cpu=410m vpa_uncapped_mem=250Mi vpa_lower_cpu=193m vpa_lower_mem=250Mi vpa_upper_cpu=1500m vpa_upper_mem=512Mi
[2026-08-22T01:34:44+02:00] UPF_CONTROL_SAMPLE timestamp=2026-08-22T01:34:43+02:00 scenario=ue_27 pod=open5gs-upf-5b9db6d44-nsbqz uid=7b5b8ef7-a2a2-4fe9-a3e1-74acd17bd88f restarts=6 usage_cpu=205m usage_mem=37Mi request_cpu=410m request_mem=250Mi limit_cpu=none limit_mem=none vpa_target_cpu=410m vpa_target_mem=250Mi vpa_uncapped_cpu=410m vpa_uncapped_mem=250Mi vpa_lower_cpu=193m vpa_lower_mem=250Mi vpa_upper_cpu=1500m vpa_upper_mem=512Mi
[2026-08-22T01:34:46+02:00] UPF_CONTROL_SAMPLE timestamp=2026-08-22T01:34:45+02:00 scenario=ue_27 pod=open5gs-upf-5b9db6d44-nsbqz uid=7b5b8ef7-a2a2-4fe9-a3e1-74acd17bd88f restarts=6 usage_cpu=205m usage_mem=37Mi request_cpu=410m request_mem=250Mi limit_cpu=none limit_mem=none vpa_target_cpu=410m vpa_target_mem=250Mi vpa_uncapped_cpu=410m vpa_uncapped_mem=250Mi vpa_lower_cpu=193m vpa_lower_mem=250Mi vpa_upper_cpu=1500m vpa_upper_mem=512Mi
[2026-08-22T01:34:48+02:00] UPF_CONTROL_SAMPLE timestamp=2026-08-22T01:34:47+02:00 scenario=ue_27 pod=open5gs-upf-5b9db6d44-nsbqz uid=7b5b8ef7-a2a2-4fe9-a3e1-74acd17bd88f restarts=6 usage_cpu=205m usage_mem=37Mi request_cpu=410m request_mem=250Mi limit_cpu=none limit_mem=none vpa_target_cpu=410m vpa_target_mem=250Mi vpa_uncapped_cpu=410m vpa_uncapped_mem=250Mi vpa_lower_cpu=193m vpa_lower_mem=250Mi vpa_upper_cpu=1500m vpa_upper_mem=512Mi
[2026-08-22T01:34:51+02:00] UPF_CONTROL_SAMPLE timestamp=2026-08-22T01:34:49+02:00 scenario=ue_27 pod=open5gs-upf-5b9db6d44-nsbqz uid=7b5b8ef7-a2a2-4fe9-a3e1-74acd17bd88f restarts=6 usage_cpu=205m usage_mem=37Mi request_cpu=410m request_mem=250Mi limit_cpu=none limit_mem=none vpa_target_cpu=410m vpa_target_mem=250Mi vpa_uncapped_cpu=410m vpa_uncapped_mem=250Mi vpa_lower_cpu=193m vpa_lower_mem=250Mi vpa_upper_cpu=1500m vpa_upper_mem=512Mi
[2026-08-22T01:34:53+02:00] UPF_CONTROL_SAMPLE timestamp=2026-08-22T01:34:52+02:00 scenario=ue_27 pod=open5gs-upf-5b9db6d44-nsbqz uid=7b5b8ef7-a2a2-4fe9-a3e1-74acd17bd88f restarts=6 usage_cpu=205m usage_mem=37Mi request_cpu=410m request_mem=250Mi limit_cpu=none limit_mem=none vpa_target_cpu=410m vpa_target_mem=250Mi vpa_uncapped_cpu=410m vpa_uncapped_mem=250Mi vpa_lower_cpu=193m vpa_lower_mem=250Mi vpa_upper_cpu=1500m vpa_upper_mem=512Mi
[2026-08-22T01:34:55+02:00] UPF_CONTROL_SAMPLE timestamp=2026-08-22T01:34:54+02:00 scenario=ue_27 pod=open5gs-upf-5b9db6d44-nsbqz uid=7b5b8ef7-a2a2-4fe9-a3e1-74acd17bd88f restarts=6 usage_cpu=205m usage_mem=37Mi request_cpu=410m request_mem=250Mi limit_cpu=none limit_mem=none vpa_target_cpu=410m vpa_target_mem=250Mi vpa_uncapped_cpu=410m vpa_uncapped_mem=250Mi vpa_lower_cpu=193m vpa_lower_mem=250Mi vpa_upper_cpu=1500m vpa_upper_mem=512Mi
[2026-08-22T01:34:57+02:00] UPF_CONTROL_SAMPLE timestamp=2026-08-22T01:34:56+02:00 scenario=ue_27 pod=open5gs-upf-5b9db6d44-nsbqz uid=7b5b8ef7-a2a2-4fe9-a3e1-74acd17bd88f restarts=6 usage_cpu=431m usage_mem=37Mi request_cpu=410m request_mem=250Mi limit_cpu=none limit_mem=none vpa_target_cpu=410m vpa_target_mem=250Mi vpa_uncapped_cpu=410m vpa_uncapped_mem=250Mi vpa_lower_cpu=193m vpa_lower_mem=250Mi vpa_upper_cpu=1500m vpa_upper_mem=512Mi
[2026-08-22T01:34:59+02:00] UPF_CONTROL_SAMPLE timestamp=2026-08-22T01:34:58+02:00 scenario=ue_27 pod=open5gs-upf-5b9db6d44-nsbqz uid=7b5b8ef7-a2a2-4fe9-a3e1-74acd17bd88f restarts=6 usage_cpu=431m usage_mem=37Mi request_cpu=410m request_mem=250Mi limit_cpu=none limit_mem=none vpa_target_cpu=410m vpa_target_mem=250Mi vpa_uncapped_cpu=410m vpa_uncapped_mem=250Mi vpa_lower_cpu=193m vpa_lower_mem=250Mi vpa_upper_cpu=1500m vpa_upper_mem=512Mi
[2026-08-22T01:35:02+02:00] UPF_CONTROL_SAMPLE timestamp=2026-08-22T01:35:01+02:00 scenario=ue_27 pod=open5gs-upf-5b9db6d44-nsbqz uid=7b5b8ef7-a2a2-4fe9-a3e1-74acd17bd88f restarts=6 usage_cpu=431m usage_mem=37Mi request_cpu=410m request_mem=250Mi limit_cpu=none limit_mem=none vpa_target_cpu=410m vpa_target_mem=250Mi vpa_uncapped_cpu=410m vpa_uncapped_mem=250Mi vpa_lower_cpu=193m vpa_lower_mem=250Mi vpa_upper_cpu=1500m vpa_upper_mem=512Mi
[2026-08-22T01:35:04+02:00] UPF_CONTROL_SAMPLE timestamp=2026-08-22T01:35:03+02:00 scenario=ue_27 pod=open5gs-upf-5b9db6d44-nsbqz uid=7b5b8ef7-a2a2-4fe9-a3e1-74acd17bd88f restarts=6 usage_cpu=431m usage_mem=37Mi request_cpu=410m request_mem=250Mi limit_cpu=none limit_mem=none vpa_target_cpu=410m vpa_target_mem=250Mi vpa_uncapped_cpu=410m vpa_uncapped_mem=250Mi vpa_lower_cpu=193m vpa_lower_mem=250Mi vpa_upper_cpu=1500m vpa_upper_mem=512Mi
[2026-08-22T01:35:07+02:00] UPF_CONTROL_SAMPLE timestamp=2026-08-22T01:35:05+02:00 scenario=ue_27 pod=open5gs-upf-5b9db6d44-nsbqz uid=7b5b8ef7-a2a2-4fe9-a3e1-74acd17bd88f restarts=6 usage_cpu=431m usage_mem=37Mi request_cpu=410m request_mem=250Mi limit_cpu=none limit_mem=none vpa_target_cpu=410m vpa_target_mem=250Mi vpa_uncapped_cpu=410m vpa_uncapped_mem=250Mi vpa_lower_cpu=193m vpa_lower_mem=250Mi vpa_upper_cpu=1500m vpa_upper_mem=512Mi
[2026-08-22T01:35:09+02:00] UPF_CONTROL_SAMPLE timestamp=2026-08-22T01:35:08+02:00 scenario=ue_27 pod=open5gs-upf-5b9db6d44-nsbqz uid=7b5b8ef7-a2a2-4fe9-a3e1-74acd17bd88f restarts=6 usage_cpu=431m usage_mem=37Mi request_cpu=410m request_mem=250Mi limit_cpu=none limit_mem=none vpa_target_cpu=410m vpa_target_mem=250Mi vpa_uncapped_cpu=410m vpa_uncapped_mem=250Mi vpa_lower_cpu=193m vpa_lower_mem=250Mi vpa_upper_cpu=1500m vpa_upper_mem=512Mi
[2026-08-22T01:35:11+02:00] VPA_RECOMMENDATION_CHANGE timestamp=2026-08-22T01:35:10+02:00 scenario=ue_27 old='vpa_target_cpu=410m vpa_target_mem=250Mi vpa_uncapped_cpu=410m vpa_uncapped_mem=250Mi vpa_lower_cpu=193m vpa_lower_mem=250Mi vpa_upper_cpu=1500m vpa_upper_mem=512Mi' new='vpa_target_cpu=410m vpa_target_mem=250Mi vpa_uncapped_cpu=410m vpa_uncapped_mem=250Mi vpa_lower_cpu=194m vpa_lower_mem=250Mi vpa_upper_cpu=1500m vpa_upper_mem=512Mi' previous_5s_sample='timestamp=2026-08-22T01:35:05+02:00 scenario=ue_27 pod=open5gs-upf-5b9db6d44-nsbqz uid=7b5b8ef7-a2a2-4fe9-a3e1-74acd17bd88f restarts=6 usage_cpu=431m usage_mem=37Mi request_cpu=410m request_mem=250Mi limit_cpu=none limit_mem=none vpa_target_cpu=410m vpa_target_mem=250Mi vpa_uncapped_cpu=410m vpa_uncapped_mem=250Mi vpa_lower_cpu=193m vpa_lower_mem=250Mi vpa_upper_cpu=1500m vpa_upper_mem=512Mi' current_sample='timestamp=2026-08-22T01:35:10+02:00 scenario=ue_27 pod=open5gs-upf-5b9db6d44-nsbqz uid=7b5b8ef7-a2a2-4fe9-a3e1-74acd17bd88f restarts=6 usage_cpu=409m usage_mem=37Mi request_cpu=410m request_mem=250Mi limit_cpu=none limit_mem=none vpa_target_cpu=410m vpa_target_mem=250Mi vpa_uncapped_cpu=410m vpa_uncapped_mem=250Mi vpa_lower_cpu=194m vpa_lower_mem=250Mi vpa_upper_cpu=1500m vpa_upper_mem=512Mi'
[2026-08-22T01:35:11+02:00] UPF_CONTROL_SAMPLE timestamp=2026-08-22T01:35:10+02:00 scenario=ue_27 pod=open5gs-upf-5b9db6d44-nsbqz uid=7b5b8ef7-a2a2-4fe9-a3e1-74acd17bd88f restarts=6 usage_cpu=409m usage_mem=37Mi request_cpu=410m request_mem=250Mi limit_cpu=none limit_mem=none vpa_target_cpu=410m vpa_target_mem=250Mi vpa_uncapped_cpu=410m vpa_uncapped_mem=250Mi vpa_lower_cpu=194m vpa_lower_mem=250Mi vpa_upper_cpu=1500m vpa_upper_mem=512Mi
[2026-08-22T01:35:13+02:00] UPF_CONTROL_SAMPLE timestamp=2026-08-22T01:35:12+02:00 scenario=ue_27 pod=open5gs-upf-5b9db6d44-nsbqz uid=7b5b8ef7-a2a2-4fe9-a3e1-74acd17bd88f restarts=6 usage_cpu=409m usage_mem=37Mi request_cpu=410m request_mem=250Mi limit_cpu=none limit_mem=none vpa_target_cpu=410m vpa_target_mem=250Mi vpa_uncapped_cpu=410m vpa_uncapped_mem=250Mi vpa_lower_cpu=194m vpa_lower_mem=250Mi vpa_upper_cpu=1500m vpa_upper_mem=512Mi
[2026-08-22T01:35:16+02:00] UPF_CONTROL_SAMPLE timestamp=2026-08-22T01:35:15+02:00 scenario=ue_27 pod=open5gs-upf-5b9db6d44-nsbqz uid=7b5b8ef7-a2a2-4fe9-a3e1-74acd17bd88f restarts=6 usage_cpu=409m usage_mem=37Mi request_cpu=410m request_mem=250Mi limit_cpu=none limit_mem=none vpa_target_cpu=410m vpa_target_mem=250Mi vpa_uncapped_cpu=410m vpa_uncapped_mem=250Mi vpa_lower_cpu=194m vpa_lower_mem=250Mi vpa_upper_cpu=1500m vpa_upper_mem=512Mi
[2026-08-22T01:35:19+02:00] UPF_CONTROL_SAMPLE timestamp=2026-08-22T01:35:17+02:00 scenario=ue_27 pod=open5gs-upf-5b9db6d44-nsbqz uid=7b5b8ef7-a2a2-4fe9-a3e1-74acd17bd88f restarts=6 usage_cpu=409m usage_mem=37Mi request_cpu=410m request_mem=250Mi limit_cpu=none limit_mem=none vpa_target_cpu=410m vpa_target_mem=250Mi vpa_uncapped_cpu=410m vpa_uncapped_mem=250Mi vpa_lower_cpu=194m vpa_lower_mem=250Mi vpa_upper_cpu=1500m vpa_upper_mem=512Mi
[2026-08-22T01:35:21+02:00] UPF_CONTROL_SAMPLE timestamp=2026-08-22T01:35:20+02:00 scenario=ue_27 pod=open5gs-upf-5b9db6d44-nsbqz uid=7b5b8ef7-a2a2-4fe9-a3e1-74acd17bd88f restarts=6 usage_cpu=409m usage_mem=37Mi request_cpu=410m request_mem=250Mi limit_cpu=none limit_mem=none vpa_target_cpu=410m vpa_target_mem=250Mi vpa_uncapped_cpu=410m vpa_uncapped_mem=250Mi vpa_lower_cpu=194m vpa_lower_mem=250Mi vpa_upper_cpu=1500m vpa_upper_mem=512Mi
[2026-08-22T01:35:24+02:00] UPF_CONTROL_SAMPLE timestamp=2026-08-22T01:35:22+02:00 scenario=ue_27 pod=open5gs-upf-5b9db6d44-nsbqz uid=7b5b8ef7-a2a2-4fe9-a3e1-74acd17bd88f restarts=6 usage_cpu=409m usage_mem=37Mi request_cpu=410m request_mem=250Mi limit_cpu=none limit_mem=none vpa_target_cpu=410m vpa_target_mem=250Mi vpa_uncapped_cpu=410m vpa_uncapped_mem=250Mi vpa_lower_cpu=194m vpa_lower_mem=250Mi vpa_upper_cpu=1500m vpa_upper_mem=512Mi
[2026-08-22T01:35:26+02:00] UPF_CONTROL_SAMPLE timestamp=2026-08-22T01:35:25+02:00 scenario=ue_27 pod=open5gs-upf-5b9db6d44-nsbqz uid=7b5b8ef7-a2a2-4fe9-a3e1-74acd17bd88f restarts=6 usage_cpu=410m usage_mem=37Mi request_cpu=410m request_mem=250Mi limit_cpu=none limit_mem=none vpa_target_cpu=410m vpa_target_mem=250Mi vpa_uncapped_cpu=410m vpa_uncapped_mem=250Mi vpa_lower_cpu=194m vpa_lower_mem=250Mi vpa_upper_cpu=1500m vpa_upper_mem=512Mi
[2026-08-22T01:35:28+02:00] UPF_CONTROL_SAMPLE timestamp=2026-08-22T01:35:27+02:00 scenario=ue_27 pod=open5gs-upf-5b9db6d44-nsbqz uid=7b5b8ef7-a2a2-4fe9-a3e1-74acd17bd88f restarts=6 usage_cpu=410m usage_mem=37Mi request_cpu=410m request_mem=250Mi limit_cpu=none limit_mem=none vpa_target_cpu=410m vpa_target_mem=250Mi vpa_uncapped_cpu=410m vpa_uncapped_mem=250Mi vpa_lower_cpu=194m vpa_lower_mem=250Mi vpa_upper_cpu=1500m vpa_upper_mem=512Mi
[2026-08-22T01:35:30+02:00] UPF_CONTROL_SAMPLE timestamp=2026-08-22T01:35:29+02:00 scenario=ue_27 pod=open5gs-upf-5b9db6d44-nsbqz uid=7b5b8ef7-a2a2-4fe9-a3e1-74acd17bd88f restarts=6 usage_cpu=410m usage_mem=37Mi request_cpu=410m request_mem=250Mi limit_cpu=none limit_mem=none vpa_target_cpu=410m vpa_target_mem=250Mi vpa_uncapped_cpu=410m vpa_uncapped_mem=250Mi vpa_lower_cpu=194m vpa_lower_mem=250Mi vpa_upper_cpu=1500m vpa_upper_mem=512Mi
[2026-08-22T01:35:33+02:00] UPF_CONTROL_SAMPLE timestamp=2026-08-22T01:35:32+02:00 scenario=ue_27 pod=open5gs-upf-5b9db6d44-nsbqz uid=7b5b8ef7-a2a2-4fe9-a3e1-74acd17bd88f restarts=6 usage_cpu=410m usage_mem=37Mi request_cpu=410m request_mem=250Mi limit_cpu=none limit_mem=none vpa_target_cpu=410m vpa_target_mem=250Mi vpa_uncapped_cpu=410m vpa_uncapped_mem=250Mi vpa_lower_cpu=194m vpa_lower_mem=250Mi vpa_upper_cpu=1500m vpa_upper_mem=512Mi
[2026-08-22T01:35:35+02:00] UPF_CONTROL_SAMPLE timestamp=2026-08-22T01:35:34+02:00 scenario=ue_27 pod=open5gs-upf-5b9db6d44-nsbqz uid=7b5b8ef7-a2a2-4fe9-a3e1-74acd17bd88f restarts=6 usage_cpu=410m usage_mem=37Mi request_cpu=410m request_mem=250Mi limit_cpu=none limit_mem=none vpa_target_cpu=410m vpa_target_mem=250Mi vpa_uncapped_cpu=410m vpa_uncapped_mem=250Mi vpa_lower_cpu=194m vpa_lower_mem=250Mi vpa_upper_cpu=1500m vpa_upper_mem=512Mi
[2026-08-22T01:35:37+02:00] UPF_CONTROL_SAMPLE timestamp=2026-08-22T01:35:36+02:00 scenario=ue_27 pod=open5gs-upf-5b9db6d44-nsbqz uid=7b5b8ef7-a2a2-4fe9-a3e1-74acd17bd88f restarts=6 usage_cpu=410m usage_mem=37Mi request_cpu=410m request_mem=250Mi limit_cpu=none limit_mem=none vpa_target_cpu=410m vpa_target_mem=250Mi vpa_uncapped_cpu=410m vpa_uncapped_mem=250Mi vpa_lower_cpu=194m vpa_lower_mem=250Mi vpa_upper_cpu=1500m vpa_upper_mem=512Mi
[2026-08-22T01:35:40+02:00] UPF_CONTROL_SAMPLE timestamp=2026-08-22T01:35:38+02:00 scenario=ue_27 pod=open5gs-upf-5b9db6d44-nsbqz uid=7b5b8ef7-a2a2-4fe9-a3e1-74acd17bd88f restarts=6 usage_cpu=410m usage_mem=37Mi request_cpu=410m request_mem=250Mi limit_cpu=none limit_mem=none vpa_target_cpu=410m vpa_target_mem=250Mi vpa_uncapped_cpu=410m vpa_uncapped_mem=250Mi vpa_lower_cpu=194m vpa_lower_mem=250Mi vpa_upper_cpu=1500m vpa_upper_mem=512Mi
[2026-08-22T01:35:42+02:00] UPF_CONTROL_SAMPLE timestamp=2026-08-22T01:35:41+02:00 scenario=ue_27 pod=open5gs-upf-5b9db6d44-nsbqz uid=7b5b8ef7-a2a2-4fe9-a3e1-74acd17bd88f restarts=6 usage_cpu=421m usage_mem=37Mi request_cpu=410m request_mem=250Mi limit_cpu=none limit_mem=none vpa_target_cpu=410m vpa_target_mem=250Mi vpa_uncapped_cpu=410m vpa_uncapped_mem=250Mi vpa_lower_cpu=194m vpa_lower_mem=250Mi vpa_upper_cpu=1500m vpa_upper_mem=512Mi
[2026-08-22T01:35:44+02:00] UPF_CONTROL_SAMPLE timestamp=2026-08-22T01:35:43+02:00 scenario=ue_27 pod=open5gs-upf-5b9db6d44-nsbqz uid=7b5b8ef7-a2a2-4fe9-a3e1-74acd17bd88f restarts=6 usage_cpu=421m usage_mem=37Mi request_cpu=410m request_mem=250Mi limit_cpu=none limit_mem=none vpa_target_cpu=410m vpa_target_mem=250Mi vpa_uncapped_cpu=410m vpa_uncapped_mem=250Mi vpa_lower_cpu=194m vpa_lower_mem=250Mi vpa_upper_cpu=1500m vpa_upper_mem=512Mi
[2026-08-22T01:35:46+02:00] UPF_CONTROL_SAMPLE timestamp=2026-08-22T01:35:45+02:00 scenario=ue_27 pod=open5gs-upf-5b9db6d44-nsbqz uid=7b5b8ef7-a2a2-4fe9-a3e1-74acd17bd88f restarts=6 usage_cpu=421m usage_mem=37Mi request_cpu=410m request_mem=250Mi limit_cpu=none limit_mem=none vpa_target_cpu=410m vpa_target_mem=250Mi vpa_uncapped_cpu=410m vpa_uncapped_mem=250Mi vpa_lower_cpu=194m vpa_lower_mem=250Mi vpa_upper_cpu=1500m vpa_upper_mem=512Mi
[2026-08-22T01:35:46+02:00] UE_SLOT_DONE timestamp=2026-08-21T23:35:46+00:00 active_ues=27 slot=0 attempt=1 ue_idx=0 ue_if=uesimtun0 ue_ip=10.45.1.146 port=5201 rc=0 replacements_for_slot=0 server_busy_retries_for_slot=0
[2026-08-22T01:35:46+02:00] UE_SLOT_DONE timestamp=2026-08-21T23:35:46+00:00 active_ues=27 slot=1 attempt=1 ue_idx=1 ue_if=uesimtun1 ue_ip=10.45.1.147 port=5202 rc=0 replacements_for_slot=0 server_busy_retries_for_slot=0
[2026-08-22T01:35:47+02:00] UE_SLOT_DONE timestamp=2026-08-21T23:35:46+00:00 active_ues=27 slot=2 attempt=1 ue_idx=2 ue_if=uesimtun2 ue_ip=10.45.1.148 port=5203 rc=0 replacements_for_slot=0 server_busy_retries_for_slot=0
[2026-08-22T01:35:47+02:00] UE_SLOT_DONE timestamp=2026-08-21T23:35:47+00:00 active_ues=27 slot=3 attempt=1 ue_idx=3 ue_if=uesimtun3 ue_ip=10.45.1.149 port=5204 rc=0 replacements_for_slot=0 server_busy_retries_for_slot=0
[2026-08-22T01:35:47+02:00] UE_SLOT_DONE timestamp=2026-08-21T23:35:47+00:00 active_ues=27 slot=4 attempt=1 ue_idx=4 ue_if=uesimtun4 ue_ip=10.45.1.151 port=5205 rc=0 replacements_for_slot=0 server_busy_retries_for_slot=0
[2026-08-22T01:35:47+02:00] UE_SLOT_DONE timestamp=2026-08-21T23:35:47+00:00 active_ues=27 slot=5 attempt=1 ue_idx=5 ue_if=uesimtun5 ue_ip=10.45.1.150 port=5206 rc=0 replacements_for_slot=0 server_busy_retries_for_slot=0
[2026-08-22T01:35:47+02:00] UE_SLOT_DONE timestamp=2026-08-21T23:35:47+00:00 active_ues=27 slot=6 attempt=1 ue_idx=6 ue_if=uesimtun6 ue_ip=10.45.1.152 port=5207 rc=0 replacements_for_slot=0 server_busy_retries_for_slot=0
[2026-08-22T01:35:47+02:00] UE_SLOT_DONE timestamp=2026-08-21T23:35:47+00:00 active_ues=27 slot=7 attempt=1 ue_idx=7 ue_if=uesimtun7 ue_ip=10.45.1.154 port=5208 rc=0 replacements_for_slot=0 server_busy_retries_for_slot=0
[2026-08-22T01:35:47+02:00] UE_SLOT_DONE timestamp=2026-08-21T23:35:47+00:00 active_ues=27 slot=8 attempt=1 ue_idx=8 ue_if=uesimtun8 ue_ip=10.45.1.156 port=5209 rc=0 replacements_for_slot=0 server_busy_retries_for_slot=0
[2026-08-22T01:35:49+02:00] UE_SLOT_DONE timestamp=2026-08-21T23:35:49+00:00 active_ues=27 slot=9 attempt=1 ue_idx=9 ue_if=uesimtun9 ue_ip=10.45.1.158 port=5210 rc=0 replacements_for_slot=0 server_busy_retries_for_slot=0
[2026-08-22T01:35:49+02:00] UE_SLOT_DONE timestamp=2026-08-21T23:35:49+00:00 active_ues=27 slot=10 attempt=1 ue_idx=10 ue_if=uesimtun10 ue_ip=10.45.1.159 port=5211 rc=0 replacements_for_slot=0 server_busy_retries_for_slot=0
[2026-08-22T01:35:49+02:00] UPF_CONTROL_SAMPLE timestamp=2026-08-22T01:35:47+02:00 scenario=ue_27 pod=open5gs-upf-5b9db6d44-nsbqz uid=7b5b8ef7-a2a2-4fe9-a3e1-74acd17bd88f restarts=6 usage_cpu=421m usage_mem=37Mi request_cpu=410m request_mem=250Mi limit_cpu=none limit_mem=none vpa_target_cpu=410m vpa_target_mem=250Mi vpa_uncapped_cpu=410m vpa_uncapped_mem=250Mi vpa_lower_cpu=194m vpa_lower_mem=250Mi vpa_upper_cpu=1500m vpa_upper_mem=512Mi
[2026-08-22T01:35:49+02:00] UE_SLOT_DONE timestamp=2026-08-21T23:35:49+00:00 active_ues=27 slot=11 attempt=1 ue_idx=11 ue_if=uesimtun11 ue_ip=10.45.1.155 port=5212 rc=0 replacements_for_slot=0 server_busy_retries_for_slot=0
[2026-08-22T01:35:49+02:00] UE_SLOT_DONE timestamp=2026-08-21T23:35:49+00:00 active_ues=27 slot=12 attempt=1 ue_idx=12 ue_if=uesimtun12 ue_ip=10.45.1.164 port=5213 rc=0 replacements_for_slot=0 server_busy_retries_for_slot=0
[2026-08-22T01:35:49+02:00] UE_SLOT_DONE timestamp=2026-08-21T23:35:49+00:00 active_ues=27 slot=13 attempt=1 ue_idx=13 ue_if=uesimtun13 ue_ip=10.45.1.161 port=5214 rc=0 replacements_for_slot=0 server_busy_retries_for_slot=0
[2026-08-22T01:35:49+02:00] UE_SLOT_DONE timestamp=2026-08-21T23:35:49+00:00 active_ues=27 slot=14 attempt=1 ue_idx=14 ue_if=uesimtun14 ue_ip=10.45.1.167 port=5215 rc=0 replacements_for_slot=0 server_busy_retries_for_slot=0
[2026-08-22T01:35:49+02:00] UE_SLOT_DONE timestamp=2026-08-21T23:35:49+00:00 active_ues=27 slot=15 attempt=1 ue_idx=15 ue_if=uesimtun15 ue_ip=10.45.1.157 port=5216 rc=0 replacements_for_slot=0 server_busy_retries_for_slot=0
[2026-08-22T01:35:49+02:00] UE_SLOT_DONE timestamp=2026-08-21T23:35:49+00:00 active_ues=27 slot=16 attempt=1 ue_idx=16 ue_if=uesimtun16 ue_ip=10.45.1.168 port=5217 rc=0 replacements_for_slot=0 server_busy_retries_for_slot=0
[2026-08-22T01:35:49+02:00] UE_SLOT_DONE timestamp=2026-08-21T23:35:49+00:00 active_ues=27 slot=17 attempt=1 ue_idx=17 ue_if=uesimtun17 ue_ip=10.45.1.171 port=5218 rc=0 replacements_for_slot=0 server_busy_retries_for_slot=0
[2026-08-22T01:35:50+02:00] UE_SLOT_DONE timestamp=2026-08-21T23:35:50+00:00 active_ues=27 slot=18 attempt=1 ue_idx=20 ue_if=uesimtun20 ue_ip=10.45.1.178 port=5219 rc=0 replacements_for_slot=0 server_busy_retries_for_slot=0
[2026-08-22T01:35:50+02:00] UE_SLOT_DONE timestamp=2026-08-21T23:35:50+00:00 active_ues=27 slot=19 attempt=1 ue_idx=21 ue_if=uesimtun21 ue_ip=10.45.1.182 port=5220 rc=0 replacements_for_slot=0 server_busy_retries_for_slot=0
[2026-08-22T01:35:50+02:00] UE_SLOT_DONE timestamp=2026-08-21T23:35:50+00:00 active_ues=27 slot=20 attempt=1 ue_idx=22 ue_if=uesimtun22 ue_ip=10.45.1.184 port=5221 rc=0 replacements_for_slot=0 server_busy_retries_for_slot=0
[2026-08-22T01:35:50+02:00] UE_SLOT_DONE timestamp=2026-08-21T23:35:50+00:00 active_ues=27 slot=21 attempt=1 ue_idx=23 ue_if=uesimtun23 ue_ip=10.45.1.183 port=5222 rc=0 replacements_for_slot=0 server_busy_retries_for_slot=0
[2026-08-22T01:35:50+02:00] UE_SLOT_DONE timestamp=2026-08-21T23:35:50+00:00 active_ues=27 slot=22 attempt=1 ue_idx=24 ue_if=uesimtun24 ue_ip=10.45.1.187 port=5223 rc=0 replacements_for_slot=0 server_busy_retries_for_slot=0
[2026-08-22T01:35:50+02:00] UE_SLOT_DONE timestamp=2026-08-21T23:35:50+00:00 active_ues=27 slot=23 attempt=1 ue_idx=25 ue_if=uesimtun25 ue_ip=10.45.1.186 port=5224 rc=0 replacements_for_slot=0 server_busy_retries_for_slot=0
[2026-08-22T01:35:51+02:00] UE_SLOT_DONE timestamp=2026-08-21T23:35:51+00:00 active_ues=27 slot=24 attempt=1 ue_idx=26 ue_if=uesimtun26 ue_ip=10.45.1.189 port=5225 rc=0 replacements_for_slot=0 server_busy_retries_for_slot=0
[2026-08-22T01:35:51+02:00] UPF_CONTROL_SAMPLE timestamp=2026-08-22T01:35:50+02:00 scenario=ue_27 pod=open5gs-upf-5b9db6d44-nsbqz uid=7b5b8ef7-a2a2-4fe9-a3e1-74acd17bd88f restarts=6 usage_cpu=421m usage_mem=37Mi request_cpu=410m request_mem=250Mi limit_cpu=none limit_mem=none vpa_target_cpu=410m vpa_target_mem=250Mi vpa_uncapped_cpu=410m vpa_uncapped_mem=250Mi vpa_lower_cpu=194m vpa_lower_mem=250Mi vpa_upper_cpu=1500m vpa_upper_mem=512Mi
[2026-08-22T01:35:52+02:00] UE_SLOT_DONE timestamp=2026-08-21T23:35:52+00:00 active_ues=27 slot=25 attempt=1 ue_idx=27 ue_if=uesimtun27 ue_ip=10.45.1.153 port=5226 rc=0 replacements_for_slot=0 server_busy_retries_for_slot=0
[2026-08-22T01:35:52+02:00] UE_SLOT_DONE timestamp=2026-08-21T23:35:52+00:00 active_ues=27 slot=26 attempt=1 ue_idx=28 ue_if=uesimtun28 ue_ip=10.45.1.160 port=5227 rc=0 replacements_for_slot=0 server_busy_retries_for_slot=0
[2026-08-22T01:35:53+02:00] TRAFFIC_SUMMARY timestamp=2026-08-21T23:35:53+00:00 registered_tunnels=50 active_ues=27 target_slots=27 completed_slots=27 final_failed_slots=0 replacements=0 problematic_ues=0 zombie_ues=0 connect_timeouts=0 stalls=0 deferred_stalls=0 process_failures=0 server_busy_retries=0 server_busy_failures=0 late_timeouts_accepted=0 scenario_bad_ues=0 global_suspect_ues=2 used_ues=27 target_host=192.168.1.211 initial_ports=5201-5227 replacement_ports=5251-5265 bitrate=1M start_delay=0.05 detection=no_rx_counter replacement_min_duration_s=5 adaptive_extension_max_s=1 iperf_exit_grace_s=3 server_busy_retries_limit=1 server_busy_retry_delay_s=2 late_replacement_after_end=disabled wait_for_iperf_exit=until_timeout global_suspect_policy=soft_reuse ramp_supervision=after_initial_start
[2026-08-22T01:35:53+02:00] UPF_CONTROL_SAMPLE timestamp=2026-08-22T01:35:52+02:00 scenario=ue_27 pod=open5gs-upf-5b9db6d44-nsbqz uid=7b5b8ef7-a2a2-4fe9-a3e1-74acd17bd88f restarts=6 usage_cpu=421m usage_mem=37Mi request_cpu=410m request_mem=250Mi limit_cpu=none limit_mem=none vpa_target_cpu=410m vpa_target_mem=250Mi vpa_uncapped_cpu=410m vpa_uncapped_mem=250Mi vpa_lower_cpu=194m vpa_lower_mem=250Mi vpa_upper_cpu=1500m vpa_upper_mem=512Mi
[2026-08-22T01:35:53+02:00] UE_POOL_SCENARIO_BAD_CURRENT timestamp=2026-08-21T23:35:53+00:00 active_ues=27 indexes=
[2026-08-22T01:35:53+02:00] UE_POOL_GLOBAL_SUSPECT_CURRENT timestamp=2026-08-21T23:35:53+00:00 active_ues=27 indexes=18,19
[2026-08-22T01:35:53+02:00] REMOTE_IPERF_PER_UE_END timestamp=2026-08-21T23:35:53+00:00 active_ues=27 tag=ue_27 final_rc=0 completed_slots=27 replacements=0 problematic_ues=0 server_busy_retries=0 deferred_stalls=0 late_timeouts_accepted=0
[2026-08-22T01:35:53+02:00] SCENARIO TRAFFIC COMMAND END timestamp=2026-08-22T01:35:53+02:00 active_ue=27 rc=0
[2026-08-22T01:35:54+02:00] SCENARIO UPF AFTER timestamp=2026-08-22T01:35:54+02:00 active_ue=27 pod=open5gs-upf-5b9db6d44-nsbqz uid=7b5b8ef7-a2a2-4fe9-a3e1-74acd17bd88f restarts=6
[2026-08-22T01:35:54+02:00] SCENARIO END timestamp=2026-08-22T01:35:54+02:00 active_ue=27 rc=0
[2026-08-22T01:35:54+02:00] ================================================================
[2026-08-22T01:35:54+02:00] SCENARIO START timestamp=2026-08-22T01:35:54+02:00 active_ue=29 registered_ue_pool=50 target_host=192.168.1.211 ports=5201-5229 replacement_ports=5251-5265 bitrate_per_ue=1M start_delay=0.05 replacement_min_duration=5 adaptive_extension_max=1
[2026-08-22T01:35:54+02:00] ================================================================
[2026-08-22T01:35:54+02:00] SCENARIO TUNNEL CHECK timestamp=2026-08-22T01:35:54+02:00 active_ue=29 current_tunnels=50 required=50
[2026-08-22T01:35:55+02:00] SCENARIO UPF BEFORE timestamp=2026-08-22T01:35:55+02:00 active_ue=29 pod=open5gs-upf-5b9db6d44-nsbqz uid=7b5b8ef7-a2a2-4fe9-a3e1-74acd17bd88f restarts=6
[2026-08-22T01:35:55+02:00] UPF_CONTROL_SAMPLE timestamp=2026-08-22T01:35:54+02:00 scenario=ue_29 pod=open5gs-upf-5b9db6d44-nsbqz uid=7b5b8ef7-a2a2-4fe9-a3e1-74acd17bd88f restarts=6 usage_cpu=384m usage_mem=37Mi request_cpu=410m request_mem=250Mi limit_cpu=none limit_mem=none vpa_target_cpu=410m vpa_target_mem=250Mi vpa_uncapped_cpu=410m vpa_uncapped_mem=250Mi vpa_lower_cpu=194m vpa_lower_mem=250Mi vpa_upper_cpu=1500m vpa_upper_mem=512Mi
[2026-08-22T01:35:56+02:00] REMOTE_IPERF_PER_UE_START timestamp=2026-08-21T23:35:56+00:00 active_ues=29 tag=ue_29 iperf_host=192.168.1.211 base_port=5201 replacement_base_port=5251 duration=80 bitrate=1M start_delay=0.05 detection=no_rx_counter connect_timeout_s=4 stall_seconds=5 replacement_limit=15 replacement_min_duration_s=5 adaptive_extension_max_s=1 iperf_exit_grace_s=3 server_busy_port_rebinds=1 late_replacement_after_end=disabled wait_for_iperf_exit=until_timeout global_suspect_policy=soft_reuse ramp_supervision=after_initial_start
[2026-08-22T01:35:56+02:00] UE_POOL_STATUS timestamp=2026-08-21T23:35:56+00:00 active_ues=29 registered_tunnels=50 existing_global_suspect_ues=2 used_ues=0 policy=soft_reuse_global_suspects
[2026-08-22T01:35:56+02:00] UE_SLOT_ASSIGN timestamp=2026-08-21T23:35:56+00:00 active_ues=29 slot=0 ue_idx=0 ue_if=uesimtun0 ue_ip=10.45.1.146 candidate_reused_global_suspect=0
[2026-08-22T01:35:56+02:00] UE_SLOT_START timestamp=2026-08-21T23:35:56+00:00 active_ues=29 slot=0 attempt=1 ue_idx=0 ue_if=uesimtun0 ue_ip=10.45.1.146 target=192.168.1.211:5201 bitrate=1M duration_s=80 planned_end_epoch=1787355436 timeout_s=90 hard_timeout_epoch=1787355451 start_rx_bytes=1312380
[2026-08-22T01:35:56+02:00] UE_SLOT_PID timestamp=2026-08-21T23:35:56+00:00 active_ues=29 slot=0 attempt=1 ue_idx=0 pid=42866
[2026-08-22T01:35:56+02:00] UE_SLOT_ASSIGN timestamp=2026-08-21T23:35:56+00:00 active_ues=29 slot=1 ue_idx=1 ue_if=uesimtun1 ue_ip=10.45.1.147 candidate_reused_global_suspect=0
[2026-08-22T01:35:56+02:00] UE_SLOT_START timestamp=2026-08-21T23:35:56+00:00 active_ues=29 slot=1 attempt=1 ue_idx=1 ue_if=uesimtun1 ue_ip=10.45.1.147 target=192.168.1.211:5202 bitrate=1M duration_s=80 planned_end_epoch=1787355436 timeout_s=90 hard_timeout_epoch=1787355451 start_rx_bytes=1254240
[2026-08-22T01:35:56+02:00] UE_SLOT_PID timestamp=2026-08-21T23:35:56+00:00 active_ues=29 slot=1 attempt=1 ue_idx=1 pid=42891
[2026-08-22T01:35:56+02:00] UE_SLOT_ASSIGN timestamp=2026-08-21T23:35:56+00:00 active_ues=29 slot=2 ue_idx=2 ue_if=uesimtun2 ue_ip=10.45.1.148 candidate_reused_global_suspect=0
[2026-08-22T01:35:56+02:00] UE_SLOT_START timestamp=2026-08-21T23:35:56+00:00 active_ues=29 slot=2 attempt=1 ue_idx=2 ue_if=uesimtun2 ue_ip=10.45.1.148 target=192.168.1.211:5203 bitrate=1M duration_s=80 planned_end_epoch=1787355436 timeout_s=90 hard_timeout_epoch=1787355451 start_rx_bytes=1245211
[2026-08-22T01:35:56+02:00] UE_SLOT_PID timestamp=2026-08-21T23:35:56+00:00 active_ues=29 slot=2 attempt=1 ue_idx=2 pid=42916
[2026-08-22T01:35:56+02:00] UE_SLOT_ASSIGN timestamp=2026-08-21T23:35:56+00:00 active_ues=29 slot=3 ue_idx=3 ue_if=uesimtun3 ue_ip=10.45.1.149 candidate_reused_global_suspect=0
[2026-08-22T01:35:56+02:00] UE_SLOT_START timestamp=2026-08-21T23:35:56+00:00 active_ues=29 slot=3 attempt=1 ue_idx=3 ue_if=uesimtun3 ue_ip=10.45.1.149 target=192.168.1.211:5204 bitrate=1M duration_s=80 planned_end_epoch=1787355436 timeout_s=90 hard_timeout_epoch=1787355451 start_rx_bytes=1138045
[2026-08-22T01:35:56+02:00] UE_SLOT_PID timestamp=2026-08-21T23:35:56+00:00 active_ues=29 slot=3 attempt=1 ue_idx=3 pid=42941
[2026-08-22T01:35:57+02:00] UE_SLOT_ASSIGN timestamp=2026-08-21T23:35:57+00:00 active_ues=29 slot=4 ue_idx=4 ue_if=uesimtun4 ue_ip=10.45.1.151 candidate_reused_global_suspect=0
[2026-08-22T01:35:57+02:00] UE_SLOT_START timestamp=2026-08-21T23:35:57+00:00 active_ues=29 slot=4 attempt=1 ue_idx=4 ue_if=uesimtun4 ue_ip=10.45.1.151 target=192.168.1.211:5205 bitrate=1M duration_s=80 planned_end_epoch=1787355437 timeout_s=90 hard_timeout_epoch=1787355452 start_rx_bytes=1127422
[2026-08-22T01:35:57+02:00] UE_SLOT_PID timestamp=2026-08-21T23:35:57+00:00 active_ues=29 slot=4 attempt=1 ue_idx=4 pid=42966
[2026-08-22T01:35:57+02:00] UE_SLOT_ASSIGN timestamp=2026-08-21T23:35:57+00:00 active_ues=29 slot=5 ue_idx=5 ue_if=uesimtun5 ue_ip=10.45.1.150 candidate_reused_global_suspect=0
[2026-08-22T01:35:57+02:00] UE_SLOT_START timestamp=2026-08-21T23:35:57+00:00 active_ues=29 slot=5 attempt=1 ue_idx=5 ue_if=uesimtun5 ue_ip=10.45.1.150 target=192.168.1.211:5206 bitrate=1M duration_s=80 planned_end_epoch=1787355437 timeout_s=90 hard_timeout_epoch=1787355452 start_rx_bytes=1048853
[2026-08-22T01:35:57+02:00] UE_SLOT_PID timestamp=2026-08-21T23:35:57+00:00 active_ues=29 slot=5 attempt=1 ue_idx=5 pid=42991
[2026-08-22T01:35:57+02:00] UE_SLOT_ASSIGN timestamp=2026-08-21T23:35:57+00:00 active_ues=29 slot=6 ue_idx=6 ue_if=uesimtun6 ue_ip=10.45.1.152 candidate_reused_global_suspect=0
[2026-08-22T01:35:57+02:00] UE_SLOT_START timestamp=2026-08-21T23:35:57+00:00 active_ues=29 slot=6 attempt=1 ue_idx=6 ue_if=uesimtun6 ue_ip=10.45.1.152 target=192.168.1.211:5207 bitrate=1M duration_s=80 planned_end_epoch=1787355437 timeout_s=90 hard_timeout_epoch=1787355452 start_rx_bytes=1072668
[2026-08-22T01:35:57+02:00] UE_SLOT_PID timestamp=2026-08-21T23:35:57+00:00 active_ues=29 slot=6 attempt=1 ue_idx=6 pid=43016
[2026-08-22T01:35:57+02:00] UE_SLOT_ASSIGN timestamp=2026-08-21T23:35:57+00:00 active_ues=29 slot=7 ue_idx=7 ue_if=uesimtun7 ue_ip=10.45.1.154 candidate_reused_global_suspect=0
[2026-08-22T01:35:57+02:00] UE_SLOT_START timestamp=2026-08-21T23:35:57+00:00 active_ues=29 slot=7 attempt=1 ue_idx=7 ue_if=uesimtun7 ue_ip=10.45.1.154 target=192.168.1.211:5208 bitrate=1M duration_s=80 planned_end_epoch=1787355437 timeout_s=90 hard_timeout_epoch=1787355452 start_rx_bytes=964343
[2026-08-22T01:35:57+02:00] UE_SLOT_PID timestamp=2026-08-21T23:35:57+00:00 active_ues=29 slot=7 attempt=1 ue_idx=7 pid=43041
[2026-08-22T01:35:58+02:00] UE_SLOT_ASSIGN timestamp=2026-08-21T23:35:57+00:00 active_ues=29 slot=8 ue_idx=8 ue_if=uesimtun8 ue_ip=10.45.1.156 candidate_reused_global_suspect=0
[2026-08-22T01:35:58+02:00] UE_SLOT_START timestamp=2026-08-21T23:35:58+00:00 active_ues=29 slot=8 attempt=1 ue_idx=8 ue_if=uesimtun8 ue_ip=10.45.1.156 target=192.168.1.211:5209 bitrate=1M duration_s=80 planned_end_epoch=1787355437 timeout_s=90 hard_timeout_epoch=1787355453 start_rx_bytes=937988
[2026-08-22T01:35:58+02:00] UE_SLOT_PID timestamp=2026-08-21T23:35:58+00:00 active_ues=29 slot=8 attempt=1 ue_idx=8 pid=43066
[2026-08-22T01:35:58+02:00] UE_SLOT_ASSIGN timestamp=2026-08-21T23:35:58+00:00 active_ues=29 slot=9 ue_idx=9 ue_if=uesimtun9 ue_ip=10.45.1.158 candidate_reused_global_suspect=0
[2026-08-22T01:35:58+02:00] UE_SLOT_START timestamp=2026-08-21T23:35:58+00:00 active_ues=29 slot=9 attempt=1 ue_idx=9 ue_if=uesimtun9 ue_ip=10.45.1.158 target=192.168.1.211:5210 bitrate=1M duration_s=80 planned_end_epoch=1787355438 timeout_s=90 hard_timeout_epoch=1787355453 start_rx_bytes=843610
[2026-08-22T01:35:58+02:00] UE_SLOT_PID timestamp=2026-08-21T23:35:58+00:00 active_ues=29 slot=9 attempt=1 ue_idx=9 pid=43091
[2026-08-22T01:35:58+02:00] UPF_CONTROL_SAMPLE timestamp=2026-08-22T01:35:57+02:00 scenario=ue_29 pod=open5gs-upf-5b9db6d44-nsbqz uid=7b5b8ef7-a2a2-4fe9-a3e1-74acd17bd88f restarts=6 usage_cpu=384m usage_mem=37Mi request_cpu=410m request_mem=250Mi limit_cpu=none limit_mem=none vpa_target_cpu=410m vpa_target_mem=250Mi vpa_uncapped_cpu=410m vpa_uncapped_mem=250Mi vpa_lower_cpu=194m vpa_lower_mem=250Mi vpa_upper_cpu=1500m vpa_upper_mem=512Mi
[2026-08-22T01:35:58+02:00] UE_SLOT_ASSIGN timestamp=2026-08-21T23:35:58+00:00 active_ues=29 slot=10 ue_idx=10 ue_if=uesimtun10 ue_ip=10.45.1.159 candidate_reused_global_suspect=0
[2026-08-22T01:35:58+02:00] UE_SLOT_START timestamp=2026-08-21T23:35:58+00:00 active_ues=29 slot=10 attempt=1 ue_idx=10 ue_if=uesimtun10 ue_ip=10.45.1.159 target=192.168.1.211:5211 bitrate=1M duration_s=80 planned_end_epoch=1787355438 timeout_s=90 hard_timeout_epoch=1787355453 start_rx_bytes=849774
[2026-08-22T01:35:58+02:00] UE_SLOT_PID timestamp=2026-08-21T23:35:58+00:00 active_ues=29 slot=10 attempt=1 ue_idx=10 pid=43116
[2026-08-22T01:35:58+02:00] UE_SLOT_ASSIGN timestamp=2026-08-21T23:35:58+00:00 active_ues=29 slot=11 ue_idx=11 ue_if=uesimtun11 ue_ip=10.45.1.155 candidate_reused_global_suspect=0
[2026-08-22T01:35:58+02:00] UE_SLOT_START timestamp=2026-08-21T23:35:58+00:00 active_ues=29 slot=11 attempt=1 ue_idx=11 ue_if=uesimtun11 ue_ip=10.45.1.155 target=192.168.1.211:5212 bitrate=1M duration_s=80 planned_end_epoch=1787355438 timeout_s=90 hard_timeout_epoch=1787355453 start_rx_bytes=771068
[2026-08-22T01:35:58+02:00] UE_SLOT_PID timestamp=2026-08-21T23:35:58+00:00 active_ues=29 slot=11 attempt=1 ue_idx=11 pid=43141
[2026-08-22T01:35:58+02:00] UE_SLOT_ASSIGN timestamp=2026-08-21T23:35:58+00:00 active_ues=29 slot=12 ue_idx=12 ue_if=uesimtun12 ue_ip=10.45.1.164 candidate_reused_global_suspect=0
[2026-08-22T01:35:58+02:00] UE_SLOT_START timestamp=2026-08-21T23:35:58+00:00 active_ues=29 slot=12 attempt=1 ue_idx=12 ue_if=uesimtun12 ue_ip=10.45.1.164 target=192.168.1.211:5213 bitrate=1M duration_s=80 planned_end_epoch=1787355438 timeout_s=90 hard_timeout_epoch=1787355453 start_rx_bytes=754982
[2026-08-22T01:35:58+02:00] UE_SLOT_PID timestamp=2026-08-21T23:35:58+00:00 active_ues=29 slot=12 attempt=1 ue_idx=12 pid=43166
[2026-08-22T01:35:59+02:00] UE_SLOT_ASSIGN timestamp=2026-08-21T23:35:59+00:00 active_ues=29 slot=13 ue_idx=13 ue_if=uesimtun13 ue_ip=10.45.1.161 candidate_reused_global_suspect=0
[2026-08-22T01:35:59+02:00] UE_SLOT_START timestamp=2026-08-21T23:35:59+00:00 active_ues=29 slot=13 attempt=1 ue_idx=13 ue_if=uesimtun13 ue_ip=10.45.1.161 target=192.168.1.211:5214 bitrate=1M duration_s=80 planned_end_epoch=1787355439 timeout_s=90 hard_timeout_epoch=1787355454 start_rx_bytes=679273
[2026-08-22T01:35:59+02:00] UE_SLOT_PID timestamp=2026-08-21T23:35:59+00:00 active_ues=29 slot=13 attempt=1 ue_idx=13 pid=43191
[2026-08-22T01:35:59+02:00] UE_SLOT_ASSIGN timestamp=2026-08-21T23:35:59+00:00 active_ues=29 slot=14 ue_idx=14 ue_if=uesimtun14 ue_ip=10.45.1.167 candidate_reused_global_suspect=0
[2026-08-22T01:35:59+02:00] UE_SLOT_START timestamp=2026-08-21T23:35:59+00:00 active_ues=29 slot=14 attempt=1 ue_idx=14 ue_if=uesimtun14 ue_ip=10.45.1.167 target=192.168.1.211:5215 bitrate=1M duration_s=80 planned_end_epoch=1787355439 timeout_s=90 hard_timeout_epoch=1787355454 start_rx_bytes=683190
[2026-08-22T01:35:59+02:00] UE_SLOT_PID timestamp=2026-08-21T23:35:59+00:00 active_ues=29 slot=14 attempt=1 ue_idx=14 pid=43216
[2026-08-22T01:35:59+02:00] UE_SLOT_ASSIGN timestamp=2026-08-21T23:35:59+00:00 active_ues=29 slot=15 ue_idx=15 ue_if=uesimtun15 ue_ip=10.45.1.157 candidate_reused_global_suspect=0
[2026-08-22T01:35:59+02:00] UE_SLOT_START timestamp=2026-08-21T23:35:59+00:00 active_ues=29 slot=15 attempt=1 ue_idx=15 ue_if=uesimtun15 ue_ip=10.45.1.157 target=192.168.1.211:5216 bitrate=1M duration_s=80 planned_end_epoch=1787355439 timeout_s=90 hard_timeout_epoch=1787355454 start_rx_bytes=620280
[2026-08-22T01:35:59+02:00] UE_SLOT_PID timestamp=2026-08-21T23:35:59+00:00 active_ues=29 slot=15 attempt=1 ue_idx=15 pid=43241
[2026-08-22T01:35:59+02:00] UE_SLOT_ASSIGN timestamp=2026-08-21T23:35:59+00:00 active_ues=29 slot=16 ue_idx=16 ue_if=uesimtun16 ue_ip=10.45.1.168 candidate_reused_global_suspect=0
[2026-08-22T01:35:59+02:00] UE_SLOT_START timestamp=2026-08-21T23:35:59+00:00 active_ues=29 slot=16 attempt=1 ue_idx=16 ue_if=uesimtun16 ue_ip=10.45.1.168 target=192.168.1.211:5217 bitrate=1M duration_s=80 planned_end_epoch=1787355439 timeout_s=90 hard_timeout_epoch=1787355454 start_rx_bytes=600451
[2026-08-22T01:35:59+02:00] UE_SLOT_PID timestamp=2026-08-21T23:35:59+00:00 active_ues=29 slot=16 attempt=1 ue_idx=16 pid=43266
[2026-08-22T01:36:00+02:00] UE_SLOT_ASSIGN timestamp=2026-08-21T23:36:00+00:00 active_ues=29 slot=17 ue_idx=17 ue_if=uesimtun17 ue_ip=10.45.1.171 candidate_reused_global_suspect=0
[2026-08-22T01:36:00+02:00] UE_SLOT_START timestamp=2026-08-21T23:36:00+00:00 active_ues=29 slot=17 attempt=1 ue_idx=17 ue_if=uesimtun17 ue_ip=10.45.1.171 target=192.168.1.211:5218 bitrate=1M duration_s=80 planned_end_epoch=1787355440 timeout_s=90 hard_timeout_epoch=1787355455 start_rx_bytes=484232
[2026-08-22T01:36:00+02:00] UE_SLOT_PID timestamp=2026-08-21T23:36:00+00:00 active_ues=29 slot=17 attempt=1 ue_idx=17 pid=43291
[2026-08-22T01:36:00+02:00] UE_SLOT_ASSIGN timestamp=2026-08-21T23:36:00+00:00 active_ues=29 slot=18 ue_idx=20 ue_if=uesimtun20 ue_ip=10.45.1.178 candidate_reused_global_suspect=0
[2026-08-22T01:36:00+02:00] UE_SLOT_START timestamp=2026-08-21T23:36:00+00:00 active_ues=29 slot=18 attempt=1 ue_idx=20 ue_if=uesimtun20 ue_ip=10.45.1.178 target=192.168.1.211:5219 bitrate=1M duration_s=80 planned_end_epoch=1787355440 timeout_s=90 hard_timeout_epoch=1787355455 start_rx_bytes=422872
[2026-08-22T01:36:00+02:00] UE_SLOT_PID timestamp=2026-08-21T23:36:00+00:00 active_ues=29 slot=18 attempt=1 ue_idx=20 pid=43316
[2026-08-22T01:36:00+02:00] UE_SLOT_ASSIGN timestamp=2026-08-21T23:36:00+00:00 active_ues=29 slot=19 ue_idx=21 ue_if=uesimtun21 ue_ip=10.45.1.182 candidate_reused_global_suspect=0
[2026-08-22T01:36:00+02:00] UE_SLOT_START timestamp=2026-08-21T23:36:00+00:00 active_ues=29 slot=19 attempt=1 ue_idx=21 ue_if=uesimtun21 ue_ip=10.45.1.182 target=192.168.1.211:5220 bitrate=1M duration_s=80 planned_end_epoch=1787355440 timeout_s=90 hard_timeout_epoch=1787355455 start_rx_bytes=402687
[2026-08-22T01:36:00+02:00] UE_SLOT_PID timestamp=2026-08-21T23:36:00+00:00 active_ues=29 slot=19 attempt=1 ue_idx=21 pid=43341
[2026-08-22T01:36:00+02:00] UE_SLOT_ASSIGN timestamp=2026-08-21T23:36:00+00:00 active_ues=29 slot=20 ue_idx=22 ue_if=uesimtun22 ue_ip=10.45.1.184 candidate_reused_global_suspect=0
[2026-08-22T01:36:00+02:00] UPF_CONTROL_SAMPLE timestamp=2026-08-22T01:35:59+02:00 scenario=ue_29 pod=open5gs-upf-5b9db6d44-nsbqz uid=7b5b8ef7-a2a2-4fe9-a3e1-74acd17bd88f restarts=6 usage_cpu=384m usage_mem=37Mi request_cpu=410m request_mem=250Mi limit_cpu=none limit_mem=none vpa_target_cpu=410m vpa_target_mem=250Mi vpa_uncapped_cpu=410m vpa_uncapped_mem=250Mi vpa_lower_cpu=194m vpa_lower_mem=250Mi vpa_upper_cpu=1500m vpa_upper_mem=512Mi
[2026-08-22T01:36:00+02:00] UE_SLOT_START timestamp=2026-08-21T23:36:00+00:00 active_ues=29 slot=20 attempt=1 ue_idx=22 ue_if=uesimtun22 ue_ip=10.45.1.184 target=192.168.1.211:5221 bitrate=1M duration_s=80 planned_end_epoch=1787355440 timeout_s=90 hard_timeout_epoch=1787355455 start_rx_bytes=382736
[2026-08-22T01:36:00+02:00] UE_SLOT_PID timestamp=2026-08-21T23:36:00+00:00 active_ues=29 slot=20 attempt=1 ue_idx=22 pid=43366
[2026-08-22T01:36:01+02:00] UE_SLOT_ASSIGN timestamp=2026-08-21T23:36:01+00:00 active_ues=29 slot=21 ue_idx=23 ue_if=uesimtun23 ue_ip=10.45.1.183 candidate_reused_global_suspect=0
[2026-08-22T01:36:01+02:00] UE_SLOT_START timestamp=2026-08-21T23:36:01+00:00 active_ues=29 slot=21 attempt=1 ue_idx=23 ue_if=uesimtun23 ue_ip=10.45.1.183 target=192.168.1.211:5222 bitrate=1M duration_s=80 planned_end_epoch=1787355441 timeout_s=90 hard_timeout_epoch=1787355456 start_rx_bytes=286562
[2026-08-22T01:36:01+02:00] UE_SLOT_PID timestamp=2026-08-21T23:36:01+00:00 active_ues=29 slot=21 attempt=1 ue_idx=23 pid=43391
[2026-08-22T01:36:01+02:00] UE_SLOT_ASSIGN timestamp=2026-08-21T23:36:01+00:00 active_ues=29 slot=22 ue_idx=24 ue_if=uesimtun24 ue_ip=10.45.1.187 candidate_reused_global_suspect=0
[2026-08-22T01:36:01+02:00] UE_SLOT_START timestamp=2026-08-21T23:36:01+00:00 active_ues=29 slot=22 attempt=1 ue_idx=24 ue_if=uesimtun24 ue_ip=10.45.1.187 target=192.168.1.211:5223 bitrate=1M duration_s=80 planned_end_epoch=1787355441 timeout_s=90 hard_timeout_epoch=1787355456 start_rx_bytes=290088
[2026-08-22T01:36:01+02:00] UE_SLOT_PID timestamp=2026-08-21T23:36:01+00:00 active_ues=29 slot=22 attempt=1 ue_idx=24 pid=43416
[2026-08-22T01:36:01+02:00] UE_SLOT_ASSIGN timestamp=2026-08-21T23:36:01+00:00 active_ues=29 slot=23 ue_idx=25 ue_if=uesimtun25 ue_ip=10.45.1.186 candidate_reused_global_suspect=0
[2026-08-22T01:36:01+02:00] UE_SLOT_START timestamp=2026-08-21T23:36:01+00:00 active_ues=29 slot=23 attempt=1 ue_idx=25 ue_if=uesimtun25 ue_ip=10.45.1.186 target=192.168.1.211:5224 bitrate=1M duration_s=80 planned_end_epoch=1787355441 timeout_s=90 hard_timeout_epoch=1787355456 start_rx_bytes=203968
[2026-08-22T01:36:01+02:00] UE_SLOT_PID timestamp=2026-08-21T23:36:01+00:00 active_ues=29 slot=23 attempt=1 ue_idx=25 pid=43441
[2026-08-22T01:36:01+02:00] UE_SLOT_ASSIGN timestamp=2026-08-21T23:36:01+00:00 active_ues=29 slot=24 ue_idx=26 ue_if=uesimtun26 ue_ip=10.45.1.189 candidate_reused_global_suspect=0
[2026-08-22T01:36:01+02:00] UE_SLOT_START timestamp=2026-08-21T23:36:01+00:00 active_ues=29 slot=24 attempt=1 ue_idx=26 ue_if=uesimtun26 ue_ip=10.45.1.189 target=192.168.1.211:5225 bitrate=1M duration_s=80 planned_end_epoch=1787355441 timeout_s=90 hard_timeout_epoch=1787355456 start_rx_bytes=203409
[2026-08-22T01:36:01+02:00] UE_SLOT_PID timestamp=2026-08-21T23:36:01+00:00 active_ues=29 slot=24 attempt=1 ue_idx=26 pid=43466
[2026-08-22T01:36:02+02:00] UE_SLOT_ASSIGN timestamp=2026-08-21T23:36:02+00:00 active_ues=29 slot=25 ue_idx=27 ue_if=uesimtun27 ue_ip=10.45.1.153 candidate_reused_global_suspect=0
[2026-08-22T01:36:02+02:00] UE_SLOT_START timestamp=2026-08-21T23:36:02+00:00 active_ues=29 slot=25 attempt=1 ue_idx=27 ue_if=uesimtun27 ue_ip=10.45.1.153 target=192.168.1.211:5226 bitrate=1M duration_s=80 planned_end_epoch=1787355442 timeout_s=90 hard_timeout_epoch=1787355457 start_rx_bytes=107233
[2026-08-22T01:36:02+02:00] UE_SLOT_PID timestamp=2026-08-21T23:36:02+00:00 active_ues=29 slot=25 attempt=1 ue_idx=27 pid=43491
[2026-08-22T01:36:02+02:00] UE_SLOT_ASSIGN timestamp=2026-08-21T23:36:02+00:00 active_ues=29 slot=26 ue_idx=28 ue_if=uesimtun28 ue_ip=10.45.1.160 candidate_reused_global_suspect=0
[2026-08-22T01:36:02+02:00] UE_SLOT_START timestamp=2026-08-21T23:36:02+00:00 active_ues=29 slot=26 attempt=1 ue_idx=28 ue_if=uesimtun28 ue_ip=10.45.1.160 target=192.168.1.211:5227 bitrate=1M duration_s=80 planned_end_epoch=1787355442 timeout_s=90 hard_timeout_epoch=1787355457 start_rx_bytes=114900
[2026-08-22T01:36:02+02:00] UE_SLOT_PID timestamp=2026-08-21T23:36:02+00:00 active_ues=29 slot=26 attempt=1 ue_idx=28 pid=43516
[2026-08-22T01:36:02+02:00] UE_SLOT_ASSIGN timestamp=2026-08-21T23:36:02+00:00 active_ues=29 slot=27 ue_idx=29 ue_if=uesimtun29 ue_ip=10.45.1.163 candidate_reused_global_suspect=0
[2026-08-22T01:36:02+02:00] UE_SLOT_START timestamp=2026-08-21T23:36:02+00:00 active_ues=29 slot=27 attempt=1 ue_idx=29 ue_if=uesimtun29 ue_ip=10.45.1.163 target=192.168.1.211:5228 bitrate=1M duration_s=80 planned_end_epoch=1787355442 timeout_s=90 hard_timeout_epoch=1787355457 start_rx_bytes=0
[2026-08-22T01:36:02+02:00] UE_SLOT_PID timestamp=2026-08-21T23:36:02+00:00 active_ues=29 slot=27 attempt=1 ue_idx=29 pid=43541
[2026-08-22T01:36:02+02:00] UE_SLOT_ASSIGN timestamp=2026-08-21T23:36:02+00:00 active_ues=29 slot=28 ue_idx=30 ue_if=uesimtun30 ue_ip=10.45.1.192 candidate_reused_global_suspect=0
[2026-08-22T01:36:02+02:00] UE_SLOT_START timestamp=2026-08-21T23:36:02+00:00 active_ues=29 slot=28 attempt=1 ue_idx=30 ue_if=uesimtun30 ue_ip=10.45.1.192 target=192.168.1.211:5229 bitrate=1M duration_s=80 planned_end_epoch=1787355442 timeout_s=90 hard_timeout_epoch=1787355457 start_rx_bytes=0
[2026-08-22T01:36:02+02:00] UE_SLOT_PID timestamp=2026-08-21T23:36:02+00:00 active_ues=29 slot=28 attempt=1 ue_idx=30 pid=43566
[2026-08-22T01:36:03+02:00] IPERF_MAPPING_SUMMARY timestamp=2026-08-21T23:36:03+00:00 active_ues=29 registered_tunnels=50 initial_ports=5201-5229 replacement_ports=5251-5265 bitrate=1M start_delay=0.05 detection=no_rx_counter replacement_min_duration_s=5 adaptive_extension_max_s=1 iperf_exit_grace_s=3 server_busy_port_rebinds=1 late_replacement_after_end=disabled wait_for_iperf_exit=until_timeout global_suspect_policy=soft_reuse ramp_supervision=after_initial_start
[2026-08-22T01:36:03+02:00] UPF_CONTROL_SAMPLE timestamp=2026-08-22T01:36:01+02:00 scenario=ue_29 pod=open5gs-upf-5b9db6d44-nsbqz uid=7b5b8ef7-a2a2-4fe9-a3e1-74acd17bd88f restarts=6 usage_cpu=384m usage_mem=37Mi request_cpu=410m request_mem=250Mi limit_cpu=none limit_mem=none vpa_target_cpu=410m vpa_target_mem=250Mi vpa_uncapped_cpu=410m vpa_uncapped_mem=250Mi vpa_lower_cpu=194m vpa_lower_mem=250Mi vpa_upper_cpu=1500m vpa_upper_mem=512Mi
[2026-08-22T01:36:05+02:00] UPF_CONTROL_SAMPLE timestamp=2026-08-22T01:36:04+02:00 scenario=ue_29 pod=open5gs-upf-5b9db6d44-nsbqz uid=7b5b8ef7-a2a2-4fe9-a3e1-74acd17bd88f restarts=6 usage_cpu=384m usage_mem=37Mi request_cpu=410m request_mem=250Mi limit_cpu=none limit_mem=none vpa_target_cpu=410m vpa_target_mem=250Mi vpa_uncapped_cpu=410m vpa_uncapped_mem=250Mi vpa_lower_cpu=194m vpa_lower_mem=250Mi vpa_upper_cpu=1500m vpa_upper_mem=512Mi
[2026-08-22T01:36:06+02:00] FAILED_CLIENT_LOG_BEGIN slot=27 logfile=/tmp/upf_iperf_adaptive_20260822_011359_ue_29/slot_27_attempt_1_ue_29_port_5228.log
[2026-08-22T01:36:06+02:00] FAILED_CLIENT_LOG_END slot=27 logfile=/tmp/upf_iperf_adaptive_20260822_011359_ue_29/slot_27_attempt_1_ue_29_port_5228.log
[2026-08-22T01:36:06+02:00] UE_SLOT_PROBLEM_DETECTED timestamp=2026-08-21T23:36:06+00:00 active_ues=29 slot=27 attempt=1 ue_idx=29 ue_if=uesimtun29 ue_ip=10.45.1.163 port=5228 reason=no_rx_after_connect_timeout_4s remaining_s=76
[2026-08-22T01:36:06+02:00] UE_MARKED_PROBLEMATIC timestamp=2026-08-21T23:36:06+00:00 active_ues=29 ue_idx=29 reason=no_rx_after_connect_timeout_4s scope=scenario_and_global_suspect
[2026-08-22T01:36:06+02:00] UE_SLOT_REPLACE timestamp=2026-08-21T23:36:06+00:00 active_ues=29 slot=27 reason=no_rx_after_connect_timeout_4s old_attempt=1 old_ue_idx=29 old_ue_if=uesimtun29 old_ue_ip=10.45.1.163 old_port=5228 new_attempt=2 new_ue_idx=31 new_ue_if=uesimtun31 new_ue_ip=10.45.1.194 new_port=5251 remaining_s=76 extension_used_s=0 extension_limit_s=1 candidate_reused_global_suspect=0 replacements_total=1
[2026-08-22T01:36:06+02:00] UE_SLOT_START timestamp=2026-08-21T23:36:06+00:00 active_ues=29 slot=27 attempt=2 ue_idx=31 ue_if=uesimtun31 ue_ip=10.45.1.194 target=192.168.1.211:5251 bitrate=1M duration_s=76 planned_end_epoch=1787355442 timeout_s=86 hard_timeout_epoch=1787355457 start_rx_bytes=0
[2026-08-22T01:36:06+02:00] UE_SLOT_PID timestamp=2026-08-21T23:36:06+00:00 active_ues=29 slot=27 attempt=2 ue_idx=31 pid=43785
[2026-08-22T01:36:07+02:00] UPF_CONTROL_SAMPLE timestamp=2026-08-22T01:36:06+02:00 scenario=ue_29 pod=open5gs-upf-5b9db6d44-nsbqz uid=7b5b8ef7-a2a2-4fe9-a3e1-74acd17bd88f restarts=6 usage_cpu=384m usage_mem=37Mi request_cpu=410m request_mem=250Mi limit_cpu=none limit_mem=none vpa_target_cpu=410m vpa_target_mem=250Mi vpa_uncapped_cpu=410m vpa_uncapped_mem=250Mi vpa_lower_cpu=194m vpa_lower_mem=250Mi vpa_upper_cpu=1500m vpa_upper_mem=512Mi
[2026-08-22T01:36:09+02:00] UPF_CONTROL_SAMPLE timestamp=2026-08-22T01:36:08+02:00 scenario=ue_29 pod=open5gs-upf-5b9db6d44-nsbqz uid=7b5b8ef7-a2a2-4fe9-a3e1-74acd17bd88f restarts=6 usage_cpu=384m usage_mem=37Mi request_cpu=410m request_mem=250Mi limit_cpu=none limit_mem=none vpa_target_cpu=410m vpa_target_mem=250Mi vpa_uncapped_cpu=410m vpa_uncapped_mem=250Mi vpa_lower_cpu=194m vpa_lower_mem=250Mi vpa_upper_cpu=1500m vpa_upper_mem=512Mi
[2026-08-22T01:36:12+02:00] VPA_RECOMMENDATION_CHANGE timestamp=2026-08-22T01:36:10+02:00 scenario=ue_29 old='vpa_target_cpu=410m vpa_target_mem=250Mi vpa_uncapped_cpu=410m vpa_uncapped_mem=250Mi vpa_lower_cpu=194m vpa_lower_mem=250Mi vpa_upper_cpu=1500m vpa_upper_mem=512Mi' new='vpa_target_cpu=410m vpa_target_mem=250Mi vpa_uncapped_cpu=410m vpa_uncapped_mem=250Mi vpa_lower_cpu=196m vpa_lower_mem=250Mi vpa_upper_cpu=1500m vpa_upper_mem=512Mi' previous_5s_sample='timestamp=2026-08-22T01:36:04+02:00 scenario=ue_29 pod=open5gs-upf-5b9db6d44-nsbqz uid=7b5b8ef7-a2a2-4fe9-a3e1-74acd17bd88f restarts=6 usage_cpu=384m usage_mem=37Mi request_cpu=410m request_mem=250Mi limit_cpu=none limit_mem=none vpa_target_cpu=410m vpa_target_mem=250Mi vpa_uncapped_cpu=410m vpa_uncapped_mem=250Mi vpa_lower_cpu=194m vpa_lower_mem=250Mi vpa_upper_cpu=1500m vpa_upper_mem=512Mi' current_sample='timestamp=2026-08-22T01:36:10+02:00 scenario=ue_29 pod=open5gs-upf-5b9db6d44-nsbqz uid=7b5b8ef7-a2a2-4fe9-a3e1-74acd17bd88f restarts=6 usage_cpu=117m usage_mem=37Mi request_cpu=410m request_mem=250Mi limit_cpu=none limit_mem=none vpa_target_cpu=410m vpa_target_mem=250Mi vpa_uncapped_cpu=410m vpa_uncapped_mem=250Mi vpa_lower_cpu=196m vpa_lower_mem=250Mi vpa_upper_cpu=1500m vpa_upper_mem=512Mi'
[2026-08-22T01:36:12+02:00] UPF_CONTROL_SAMPLE timestamp=2026-08-22T01:36:10+02:00 scenario=ue_29 pod=open5gs-upf-5b9db6d44-nsbqz uid=7b5b8ef7-a2a2-4fe9-a3e1-74acd17bd88f restarts=6 usage_cpu=117m usage_mem=37Mi request_cpu=410m request_mem=250Mi limit_cpu=none limit_mem=none vpa_target_cpu=410m vpa_target_mem=250Mi vpa_uncapped_cpu=410m vpa_uncapped_mem=250Mi vpa_lower_cpu=196m vpa_lower_mem=250Mi vpa_upper_cpu=1500m vpa_upper_mem=512Mi
[2026-08-22T01:36:14+02:00] UPF_CONTROL_SAMPLE timestamp=2026-08-22T01:36:13+02:00 scenario=ue_29 pod=open5gs-upf-5b9db6d44-nsbqz uid=7b5b8ef7-a2a2-4fe9-a3e1-74acd17bd88f restarts=6 usage_cpu=117m usage_mem=37Mi request_cpu=410m request_mem=250Mi limit_cpu=none limit_mem=none vpa_target_cpu=410m vpa_target_mem=250Mi vpa_uncapped_cpu=410m vpa_uncapped_mem=250Mi vpa_lower_cpu=196m vpa_lower_mem=250Mi vpa_upper_cpu=1500m vpa_upper_mem=512Mi
[2026-08-22T01:36:16+02:00] UPF_CONTROL_SAMPLE timestamp=2026-08-22T01:36:15+02:00 scenario=ue_29 pod=open5gs-upf-5b9db6d44-nsbqz uid=7b5b8ef7-a2a2-4fe9-a3e1-74acd17bd88f restarts=6 usage_cpu=117m usage_mem=37Mi request_cpu=410m request_mem=250Mi limit_cpu=none limit_mem=none vpa_target_cpu=410m vpa_target_mem=250Mi vpa_uncapped_cpu=410m vpa_uncapped_mem=250Mi vpa_lower_cpu=196m vpa_lower_mem=250Mi vpa_upper_cpu=1500m vpa_upper_mem=512Mi
[2026-08-22T01:36:18+02:00] UPF_CONTROL_SAMPLE timestamp=2026-08-22T01:36:17+02:00 scenario=ue_29 pod=open5gs-upf-5b9db6d44-nsbqz uid=7b5b8ef7-a2a2-4fe9-a3e1-74acd17bd88f restarts=6 usage_cpu=117m usage_mem=37Mi request_cpu=410m request_mem=250Mi limit_cpu=none limit_mem=none vpa_target_cpu=410m vpa_target_mem=250Mi vpa_uncapped_cpu=410m vpa_uncapped_mem=250Mi vpa_lower_cpu=196m vpa_lower_mem=250Mi vpa_upper_cpu=1500m vpa_upper_mem=512Mi
[2026-08-22T01:36:21+02:00] UPF_CONTROL_SAMPLE timestamp=2026-08-22T01:36:19+02:00 scenario=ue_29 pod=open5gs-upf-5b9db6d44-nsbqz uid=7b5b8ef7-a2a2-4fe9-a3e1-74acd17bd88f restarts=6 usage_cpu=117m usage_mem=37Mi request_cpu=410m request_mem=250Mi limit_cpu=none limit_mem=none vpa_target_cpu=410m vpa_target_mem=250Mi vpa_uncapped_cpu=410m vpa_uncapped_mem=250Mi vpa_lower_cpu=196m vpa_lower_mem=250Mi vpa_upper_cpu=1500m vpa_upper_mem=512Mi
[2026-08-22T01:36:23+02:00] UPF_CONTROL_SAMPLE timestamp=2026-08-22T01:36:22+02:00 scenario=ue_29 pod=open5gs-upf-5b9db6d44-nsbqz uid=7b5b8ef7-a2a2-4fe9-a3e1-74acd17bd88f restarts=6 usage_cpu=117m usage_mem=37Mi request_cpu=410m request_mem=250Mi limit_cpu=none limit_mem=none vpa_target_cpu=410m vpa_target_mem=250Mi vpa_uncapped_cpu=410m vpa_uncapped_mem=250Mi vpa_lower_cpu=196m vpa_lower_mem=250Mi vpa_upper_cpu=1500m vpa_upper_mem=512Mi
[2026-08-22T01:36:25+02:00] UPF_CONTROL_SAMPLE timestamp=2026-08-22T01:36:24+02:00 scenario=ue_29 pod=open5gs-upf-5b9db6d44-nsbqz uid=7b5b8ef7-a2a2-4fe9-a3e1-74acd17bd88f restarts=6 usage_cpu=117m usage_mem=37Mi request_cpu=410m request_mem=250Mi limit_cpu=none limit_mem=none vpa_target_cpu=410m vpa_target_mem=250Mi vpa_uncapped_cpu=410m vpa_uncapped_mem=250Mi vpa_lower_cpu=196m vpa_lower_mem=250Mi vpa_upper_cpu=1500m vpa_upper_mem=512Mi
[2026-08-22T01:36:27+02:00] UPF_CONTROL_SAMPLE timestamp=2026-08-22T01:36:26+02:00 scenario=ue_29 pod=open5gs-upf-5b9db6d44-nsbqz uid=7b5b8ef7-a2a2-4fe9-a3e1-74acd17bd88f restarts=6 usage_cpu=431m usage_mem=37Mi request_cpu=410m request_mem=250Mi limit_cpu=none limit_mem=none vpa_target_cpu=410m vpa_target_mem=250Mi vpa_uncapped_cpu=410m vpa_uncapped_mem=250Mi vpa_lower_cpu=196m vpa_lower_mem=250Mi vpa_upper_cpu=1500m vpa_upper_mem=512Mi
[2026-08-22T01:36:30+02:00] UPF_CONTROL_SAMPLE timestamp=2026-08-22T01:36:28+02:00 scenario=ue_29 pod=open5gs-upf-5b9db6d44-nsbqz uid=7b5b8ef7-a2a2-4fe9-a3e1-74acd17bd88f restarts=6 usage_cpu=431m usage_mem=37Mi request_cpu=410m request_mem=250Mi limit_cpu=none limit_mem=none vpa_target_cpu=410m vpa_target_mem=250Mi vpa_uncapped_cpu=410m vpa_uncapped_mem=250Mi vpa_lower_cpu=196m vpa_lower_mem=250Mi vpa_upper_cpu=1500m vpa_upper_mem=512Mi
[2026-08-22T01:36:32+02:00] UPF_CONTROL_SAMPLE timestamp=2026-08-22T01:36:31+02:00 scenario=ue_29 pod=open5gs-upf-5b9db6d44-nsbqz uid=7b5b8ef7-a2a2-4fe9-a3e1-74acd17bd88f restarts=6 usage_cpu=431m usage_mem=37Mi request_cpu=410m request_mem=250Mi limit_cpu=none limit_mem=none vpa_target_cpu=410m vpa_target_mem=250Mi vpa_uncapped_cpu=410m vpa_uncapped_mem=250Mi vpa_lower_cpu=196m vpa_lower_mem=250Mi vpa_upper_cpu=1500m vpa_upper_mem=512Mi
[2026-08-22T01:36:34+02:00] UPF_CONTROL_SAMPLE timestamp=2026-08-22T01:36:33+02:00 scenario=ue_29 pod=open5gs-upf-5b9db6d44-nsbqz uid=7b5b8ef7-a2a2-4fe9-a3e1-74acd17bd88f restarts=6 usage_cpu=431m usage_mem=37Mi request_cpu=410m request_mem=250Mi limit_cpu=none limit_mem=none vpa_target_cpu=410m vpa_target_mem=250Mi vpa_uncapped_cpu=410m vpa_uncapped_mem=250Mi vpa_lower_cpu=196m vpa_lower_mem=250Mi vpa_upper_cpu=1500m vpa_upper_mem=512Mi
[2026-08-22T01:36:36+02:00] UPF_CONTROL_SAMPLE timestamp=2026-08-22T01:36:35+02:00 scenario=ue_29 pod=open5gs-upf-5b9db6d44-nsbqz uid=7b5b8ef7-a2a2-4fe9-a3e1-74acd17bd88f restarts=6 usage_cpu=431m usage_mem=37Mi request_cpu=410m request_mem=250Mi limit_cpu=none limit_mem=none vpa_target_cpu=410m vpa_target_mem=250Mi vpa_uncapped_cpu=410m vpa_uncapped_mem=250Mi vpa_lower_cpu=196m vpa_lower_mem=250Mi vpa_upper_cpu=1500m vpa_upper_mem=512Mi
[2026-08-22T01:36:39+02:00] UPF_CONTROL_SAMPLE timestamp=2026-08-22T01:36:37+02:00 scenario=ue_29 pod=open5gs-upf-5b9db6d44-nsbqz uid=7b5b8ef7-a2a2-4fe9-a3e1-74acd17bd88f restarts=6 usage_cpu=431m usage_mem=37Mi request_cpu=410m request_mem=250Mi limit_cpu=none limit_mem=none vpa_target_cpu=410m vpa_target_mem=250Mi vpa_uncapped_cpu=410m vpa_uncapped_mem=250Mi vpa_lower_cpu=196m vpa_lower_mem=250Mi vpa_upper_cpu=1500m vpa_upper_mem=512Mi
[2026-08-22T01:36:41+02:00] UPF_CONTROL_SAMPLE timestamp=2026-08-22T01:36:40+02:00 scenario=ue_29 pod=open5gs-upf-5b9db6d44-nsbqz uid=7b5b8ef7-a2a2-4fe9-a3e1-74acd17bd88f restarts=6 usage_cpu=418m usage_mem=37Mi request_cpu=410m request_mem=250Mi limit_cpu=none limit_mem=none vpa_target_cpu=410m vpa_target_mem=250Mi vpa_uncapped_cpu=410m vpa_uncapped_mem=250Mi vpa_lower_cpu=196m vpa_lower_mem=250Mi vpa_upper_cpu=1500m vpa_upper_mem=512Mi
[2026-08-22T01:36:43+02:00] UPF_CONTROL_SAMPLE timestamp=2026-08-22T01:36:42+02:00 scenario=ue_29 pod=open5gs-upf-5b9db6d44-nsbqz uid=7b5b8ef7-a2a2-4fe9-a3e1-74acd17bd88f restarts=6 usage_cpu=418m usage_mem=37Mi request_cpu=410m request_mem=250Mi limit_cpu=none limit_mem=none vpa_target_cpu=410m vpa_target_mem=250Mi vpa_uncapped_cpu=410m vpa_uncapped_mem=250Mi vpa_lower_cpu=196m vpa_lower_mem=250Mi vpa_upper_cpu=1500m vpa_upper_mem=512Mi
[2026-08-22T01:36:45+02:00] UPF_CONTROL_SAMPLE timestamp=2026-08-22T01:36:44+02:00 scenario=ue_29 pod=open5gs-upf-5b9db6d44-nsbqz uid=7b5b8ef7-a2a2-4fe9-a3e1-74acd17bd88f restarts=6 usage_cpu=418m usage_mem=37Mi request_cpu=410m request_mem=250Mi limit_cpu=none limit_mem=none vpa_target_cpu=410m vpa_target_mem=250Mi vpa_uncapped_cpu=410m vpa_uncapped_mem=250Mi vpa_lower_cpu=196m vpa_lower_mem=250Mi vpa_upper_cpu=1500m vpa_upper_mem=512Mi
[2026-08-22T01:36:48+02:00] UPF_CONTROL_SAMPLE timestamp=2026-08-22T01:36:46+02:00 scenario=ue_29 pod=open5gs-upf-5b9db6d44-nsbqz uid=7b5b8ef7-a2a2-4fe9-a3e1-74acd17bd88f restarts=6 usage_cpu=418m usage_mem=37Mi request_cpu=410m request_mem=250Mi limit_cpu=none limit_mem=none vpa_target_cpu=410m vpa_target_mem=250Mi vpa_uncapped_cpu=410m vpa_uncapped_mem=250Mi vpa_lower_cpu=196m vpa_lower_mem=250Mi vpa_upper_cpu=1500m vpa_upper_mem=512Mi
[2026-08-22T01:36:50+02:00] UPF_CONTROL_SAMPLE timestamp=2026-08-22T01:36:49+02:00 scenario=ue_29 pod=open5gs-upf-5b9db6d44-nsbqz uid=7b5b8ef7-a2a2-4fe9-a3e1-74acd17bd88f restarts=6 usage_cpu=418m usage_mem=37Mi request_cpu=410m request_mem=250Mi limit_cpu=none limit_mem=none vpa_target_cpu=410m vpa_target_mem=250Mi vpa_uncapped_cpu=410m vpa_uncapped_mem=250Mi vpa_lower_cpu=196m vpa_lower_mem=250Mi vpa_upper_cpu=1500m vpa_upper_mem=512Mi
[2026-08-22T01:36:52+02:00] UPF_CONTROL_SAMPLE timestamp=2026-08-22T01:36:51+02:00 scenario=ue_29 pod=open5gs-upf-5b9db6d44-nsbqz uid=7b5b8ef7-a2a2-4fe9-a3e1-74acd17bd88f restarts=6 usage_cpu=418m usage_mem=37Mi request_cpu=410m request_mem=250Mi limit_cpu=none limit_mem=none vpa_target_cpu=410m vpa_target_mem=250Mi vpa_uncapped_cpu=410m vpa_uncapped_mem=250Mi vpa_lower_cpu=196m vpa_lower_mem=250Mi vpa_upper_cpu=1500m vpa_upper_mem=512Mi
[2026-08-22T01:36:54+02:00] UPF_CONTROL_SAMPLE timestamp=2026-08-22T01:36:53+02:00 scenario=ue_29 pod=open5gs-upf-5b9db6d44-nsbqz uid=7b5b8ef7-a2a2-4fe9-a3e1-74acd17bd88f restarts=6 usage_cpu=418m usage_mem=37Mi request_cpu=410m request_mem=250Mi limit_cpu=none limit_mem=none vpa_target_cpu=410m vpa_target_mem=250Mi vpa_uncapped_cpu=410m vpa_uncapped_mem=250Mi vpa_lower_cpu=196m vpa_lower_mem=250Mi vpa_upper_cpu=1500m vpa_upper_mem=512Mi
[2026-08-22T01:36:57+02:00] UPF_CONTROL_SAMPLE timestamp=2026-08-22T01:36:55+02:00 scenario=ue_29 pod=open5gs-upf-5b9db6d44-nsbqz uid=7b5b8ef7-a2a2-4fe9-a3e1-74acd17bd88f restarts=6 usage_cpu=449m usage_mem=37Mi request_cpu=410m request_mem=250Mi limit_cpu=none limit_mem=none vpa_target_cpu=410m vpa_target_mem=250Mi vpa_uncapped_cpu=410m vpa_uncapped_mem=250Mi vpa_lower_cpu=196m vpa_lower_mem=250Mi vpa_upper_cpu=1500m vpa_upper_mem=512Mi
[2026-08-22T01:36:59+02:00] UPF_CONTROL_SAMPLE timestamp=2026-08-22T01:36:58+02:00 scenario=ue_29 pod=open5gs-upf-5b9db6d44-nsbqz uid=7b5b8ef7-a2a2-4fe9-a3e1-74acd17bd88f restarts=6 usage_cpu=449m usage_mem=37Mi request_cpu=410m request_mem=250Mi limit_cpu=none limit_mem=none vpa_target_cpu=410m vpa_target_mem=250Mi vpa_uncapped_cpu=410m vpa_uncapped_mem=250Mi vpa_lower_cpu=196m vpa_lower_mem=250Mi vpa_upper_cpu=1500m vpa_upper_mem=512Mi
[2026-08-22T01:37:01+02:00] UPF_CONTROL_SAMPLE timestamp=2026-08-22T01:37:00+02:00 scenario=ue_29 pod=open5gs-upf-5b9db6d44-nsbqz uid=7b5b8ef7-a2a2-4fe9-a3e1-74acd17bd88f restarts=6 usage_cpu=449m usage_mem=37Mi request_cpu=410m request_mem=250Mi limit_cpu=none limit_mem=none vpa_target_cpu=410m vpa_target_mem=250Mi vpa_uncapped_cpu=410m vpa_uncapped_mem=250Mi vpa_lower_cpu=196m vpa_lower_mem=250Mi vpa_upper_cpu=1500m vpa_upper_mem=512Mi
[2026-08-22T01:37:03+02:00] UPF_CONTROL_SAMPLE timestamp=2026-08-22T01:37:02+02:00 scenario=ue_29 pod=open5gs-upf-5b9db6d44-nsbqz uid=7b5b8ef7-a2a2-4fe9-a3e1-74acd17bd88f restarts=6 usage_cpu=449m usage_mem=37Mi request_cpu=410m request_mem=250Mi limit_cpu=none limit_mem=none vpa_target_cpu=410m vpa_target_mem=250Mi vpa_uncapped_cpu=410m vpa_uncapped_mem=250Mi vpa_lower_cpu=196m vpa_lower_mem=250Mi vpa_upper_cpu=1500m vpa_upper_mem=512Mi
[2026-08-22T01:37:06+02:00] UPF_CONTROL_SAMPLE timestamp=2026-08-22T01:37:04+02:00 scenario=ue_29 pod=open5gs-upf-5b9db6d44-nsbqz uid=7b5b8ef7-a2a2-4fe9-a3e1-74acd17bd88f restarts=6 usage_cpu=449m usage_mem=37Mi request_cpu=410m request_mem=250Mi limit_cpu=none limit_mem=none vpa_target_cpu=410m vpa_target_mem=250Mi vpa_uncapped_cpu=410m vpa_uncapped_mem=250Mi vpa_lower_cpu=196m vpa_lower_mem=250Mi vpa_upper_cpu=1500m vpa_upper_mem=512Mi
[2026-08-22T01:37:08+02:00] UPF_CONTROL_SAMPLE timestamp=2026-08-22T01:37:07+02:00 scenario=ue_29 pod=open5gs-upf-5b9db6d44-nsbqz uid=7b5b8ef7-a2a2-4fe9-a3e1-74acd17bd88f restarts=6 usage_cpu=449m usage_mem=37Mi request_cpu=410m request_mem=250Mi limit_cpu=none limit_mem=none vpa_target_cpu=410m vpa_target_mem=250Mi vpa_uncapped_cpu=410m vpa_uncapped_mem=250Mi vpa_lower_cpu=196m vpa_lower_mem=250Mi vpa_upper_cpu=1500m vpa_upper_mem=512Mi
[2026-08-22T01:37:10+02:00] UPF_CONTROL_SAMPLE timestamp=2026-08-22T01:37:09+02:00 scenario=ue_29 pod=open5gs-upf-5b9db6d44-nsbqz uid=7b5b8ef7-a2a2-4fe9-a3e1-74acd17bd88f restarts=6 usage_cpu=439m usage_mem=37Mi request_cpu=410m request_mem=250Mi limit_cpu=none limit_mem=none vpa_target_cpu=410m vpa_target_mem=250Mi vpa_uncapped_cpu=410m vpa_uncapped_mem=250Mi vpa_lower_cpu=196m vpa_lower_mem=250Mi vpa_upper_cpu=1500m vpa_upper_mem=512Mi
[2026-08-22T01:37:13+02:00] VPA_RECOMMENDATION_CHANGE timestamp=2026-08-22T01:37:11+02:00 scenario=ue_29 old='vpa_target_cpu=410m vpa_target_mem=250Mi vpa_uncapped_cpu=410m vpa_uncapped_mem=250Mi vpa_lower_cpu=196m vpa_lower_mem=250Mi vpa_upper_cpu=1500m vpa_upper_mem=512Mi' new='vpa_target_cpu=442m vpa_target_mem=250Mi vpa_uncapped_cpu=442m vpa_uncapped_mem=250Mi vpa_lower_cpu=197m vpa_lower_mem=250Mi vpa_upper_cpu=1500m vpa_upper_mem=512Mi' previous_5s_sample='timestamp=2026-08-22T01:37:04+02:00 scenario=ue_29 pod=open5gs-upf-5b9db6d44-nsbqz uid=7b5b8ef7-a2a2-4fe9-a3e1-74acd17bd88f restarts=6 usage_cpu=449m usage_mem=37Mi request_cpu=410m request_mem=250Mi limit_cpu=none limit_mem=none vpa_target_cpu=410m vpa_target_mem=250Mi vpa_uncapped_cpu=410m vpa_uncapped_mem=250Mi vpa_lower_cpu=196m vpa_lower_mem=250Mi vpa_upper_cpu=1500m vpa_upper_mem=512Mi' current_sample='timestamp=2026-08-22T01:37:11+02:00 scenario=ue_29 pod=open5gs-upf-5b9db6d44-nsbqz uid=7b5b8ef7-a2a2-4fe9-a3e1-74acd17bd88f restarts=6 usage_cpu=439m usage_mem=37Mi request_cpu=410m request_mem=250Mi limit_cpu=none limit_mem=none vpa_target_cpu=442m vpa_target_mem=250Mi vpa_uncapped_cpu=442m vpa_uncapped_mem=250Mi vpa_lower_cpu=197m vpa_lower_mem=250Mi vpa_upper_cpu=1500m vpa_upper_mem=512Mi'
[2026-08-22T01:37:13+02:00] UPF_CONTROL_SAMPLE timestamp=2026-08-22T01:37:11+02:00 scenario=ue_29 pod=open5gs-upf-5b9db6d44-nsbqz uid=7b5b8ef7-a2a2-4fe9-a3e1-74acd17bd88f restarts=6 usage_cpu=439m usage_mem=37Mi request_cpu=410m request_mem=250Mi limit_cpu=none limit_mem=none vpa_target_cpu=442m vpa_target_mem=250Mi vpa_uncapped_cpu=442m vpa_uncapped_mem=250Mi vpa_lower_cpu=197m vpa_lower_mem=250Mi vpa_upper_cpu=1500m vpa_upper_mem=512Mi
[2026-08-22T01:37:15+02:00] UPF_CONTROL_SAMPLE timestamp=2026-08-22T01:37:14+02:00 scenario=ue_29 pod=open5gs-upf-5b9db6d44-nsbqz uid=7b5b8ef7-a2a2-4fe9-a3e1-74acd17bd88f restarts=6 usage_cpu=439m usage_mem=37Mi request_cpu=410m request_mem=250Mi limit_cpu=none limit_mem=none vpa_target_cpu=442m vpa_target_mem=250Mi vpa_uncapped_cpu=442m vpa_uncapped_mem=250Mi vpa_lower_cpu=197m vpa_lower_mem=250Mi vpa_upper_cpu=1500m vpa_upper_mem=512Mi
[2026-08-22T01:37:17+02:00] UE_SLOT_DONE timestamp=2026-08-21T23:37:17+00:00 active_ues=29 slot=0 attempt=1 ue_idx=0 ue_if=uesimtun0 ue_ip=10.45.1.146 port=5201 rc=0 replacements_for_slot=0 server_busy_retries_for_slot=0
[2026-08-22T01:37:17+02:00] UE_SLOT_DONE timestamp=2026-08-21T23:37:17+00:00 active_ues=29 slot=1 attempt=1 ue_idx=1 ue_if=uesimtun1 ue_ip=10.45.1.147 port=5202 rc=0 replacements_for_slot=0 server_busy_retries_for_slot=0
[2026-08-22T01:37:17+02:00] UE_SLOT_DONE timestamp=2026-08-21T23:37:17+00:00 active_ues=29 slot=2 attempt=1 ue_idx=2 ue_if=uesimtun2 ue_ip=10.45.1.148 port=5203 rc=0 replacements_for_slot=0 server_busy_retries_for_slot=0
[2026-08-22T01:37:17+02:00] UE_SLOT_DONE timestamp=2026-08-21T23:37:17+00:00 active_ues=29 slot=3 attempt=1 ue_idx=3 ue_if=uesimtun3 ue_ip=10.45.1.149 port=5204 rc=0 replacements_for_slot=0 server_busy_retries_for_slot=0
[2026-08-22T01:37:17+02:00] UPF_CONTROL_SAMPLE timestamp=2026-08-22T01:37:16+02:00 scenario=ue_29 pod=open5gs-upf-5b9db6d44-nsbqz uid=7b5b8ef7-a2a2-4fe9-a3e1-74acd17bd88f restarts=6 usage_cpu=439m usage_mem=37Mi request_cpu=410m request_mem=250Mi limit_cpu=none limit_mem=none vpa_target_cpu=442m vpa_target_mem=250Mi vpa_uncapped_cpu=442m vpa_uncapped_mem=250Mi vpa_lower_cpu=197m vpa_lower_mem=250Mi vpa_upper_cpu=1500m vpa_upper_mem=512Mi
[2026-08-22T01:37:19+02:00] UE_SLOT_DONE timestamp=2026-08-21T23:37:19+00:00 active_ues=29 slot=4 attempt=1 ue_idx=4 ue_if=uesimtun4 ue_ip=10.45.1.151 port=5205 rc=0 replacements_for_slot=0 server_busy_retries_for_slot=0
[2026-08-22T01:37:19+02:00] UE_SLOT_DONE timestamp=2026-08-21T23:37:19+00:00 active_ues=29 slot=5 attempt=1 ue_idx=5 ue_if=uesimtun5 ue_ip=10.45.1.150 port=5206 rc=0 replacements_for_slot=0 server_busy_retries_for_slot=0
[2026-08-22T01:37:19+02:00] UE_SLOT_DONE timestamp=2026-08-21T23:37:19+00:00 active_ues=29 slot=6 attempt=1 ue_idx=6 ue_if=uesimtun6 ue_ip=10.45.1.152 port=5207 rc=0 replacements_for_slot=0 server_busy_retries_for_slot=0
[2026-08-22T01:37:19+02:00] UE_SLOT_DONE timestamp=2026-08-21T23:37:19+00:00 active_ues=29 slot=7 attempt=1 ue_idx=7 ue_if=uesimtun7 ue_ip=10.45.1.154 port=5208 rc=0 replacements_for_slot=0 server_busy_retries_for_slot=0
[2026-08-22T01:37:19+02:00] UE_SLOT_DONE timestamp=2026-08-21T23:37:19+00:00 active_ues=29 slot=8 attempt=1 ue_idx=8 ue_if=uesimtun8 ue_ip=10.45.1.156 port=5209 rc=0 replacements_for_slot=0 server_busy_retries_for_slot=0
[2026-08-22T01:37:19+02:00] UE_SLOT_DONE timestamp=2026-08-21T23:37:19+00:00 active_ues=29 slot=9 attempt=1 ue_idx=9 ue_if=uesimtun9 ue_ip=10.45.1.158 port=5210 rc=0 replacements_for_slot=0 server_busy_retries_for_slot=0
[2026-08-22T01:37:19+02:00] UE_SLOT_DONE timestamp=2026-08-21T23:37:19+00:00 active_ues=29 slot=10 attempt=1 ue_idx=10 ue_if=uesimtun10 ue_ip=10.45.1.159 port=5211 rc=0 replacements_for_slot=0 server_busy_retries_for_slot=0
[2026-08-22T01:37:19+02:00] UE_SLOT_DONE timestamp=2026-08-21T23:37:19+00:00 active_ues=29 slot=11 attempt=1 ue_idx=11 ue_if=uesimtun11 ue_ip=10.45.1.155 port=5212 rc=0 replacements_for_slot=0 server_busy_retries_for_slot=0
[2026-08-22T01:37:19+02:00] UE_SLOT_DONE timestamp=2026-08-21T23:37:19+00:00 active_ues=29 slot=12 attempt=1 ue_idx=12 ue_if=uesimtun12 ue_ip=10.45.1.164 port=5213 rc=0 replacements_for_slot=0 server_busy_retries_for_slot=0
[2026-08-22T01:37:19+02:00] UE_SLOT_DONE timestamp=2026-08-21T23:37:19+00:00 active_ues=29 slot=13 attempt=1 ue_idx=13 ue_if=uesimtun13 ue_ip=10.45.1.161 port=5214 rc=0 replacements_for_slot=0 server_busy_retries_for_slot=0
[2026-08-22T01:37:19+02:00] UPF_CONTROL_SAMPLE timestamp=2026-08-22T01:37:18+02:00 scenario=ue_29 pod=open5gs-upf-5b9db6d44-nsbqz uid=7b5b8ef7-a2a2-4fe9-a3e1-74acd17bd88f restarts=6 usage_cpu=439m usage_mem=37Mi request_cpu=410m request_mem=250Mi limit_cpu=none limit_mem=none vpa_target_cpu=442m vpa_target_mem=250Mi vpa_uncapped_cpu=442m vpa_uncapped_mem=250Mi vpa_lower_cpu=197m vpa_lower_mem=250Mi vpa_upper_cpu=1500m vpa_upper_mem=512Mi
[2026-08-22T01:37:21+02:00] UE_SLOT_DONE timestamp=2026-08-21T23:37:21+00:00 active_ues=29 slot=14 attempt=1 ue_idx=14 ue_if=uesimtun14 ue_ip=10.45.1.167 port=5215 rc=0 replacements_for_slot=0 server_busy_retries_for_slot=0
[2026-08-22T01:37:21+02:00] UE_SLOT_DONE timestamp=2026-08-21T23:37:21+00:00 active_ues=29 slot=15 attempt=1 ue_idx=15 ue_if=uesimtun15 ue_ip=10.45.1.157 port=5216 rc=0 replacements_for_slot=0 server_busy_retries_for_slot=0
[2026-08-22T01:37:21+02:00] UE_SLOT_DONE timestamp=2026-08-21T23:37:21+00:00 active_ues=29 slot=16 attempt=1 ue_idx=16 ue_if=uesimtun16 ue_ip=10.45.1.168 port=5217 rc=0 replacements_for_slot=0 server_busy_retries_for_slot=0
[2026-08-22T01:37:21+02:00] UE_SLOT_DONE timestamp=2026-08-21T23:37:21+00:00 active_ues=29 slot=17 attempt=1 ue_idx=17 ue_if=uesimtun17 ue_ip=10.45.1.171 port=5218 rc=0 replacements_for_slot=0 server_busy_retries_for_slot=0
[2026-08-22T01:37:21+02:00] UE_SLOT_DONE timestamp=2026-08-21T23:37:21+00:00 active_ues=29 slot=18 attempt=1 ue_idx=20 ue_if=uesimtun20 ue_ip=10.45.1.178 port=5219 rc=0 replacements_for_slot=0 server_busy_retries_for_slot=0
[2026-08-22T01:37:21+02:00] UE_SLOT_DONE timestamp=2026-08-21T23:37:21+00:00 active_ues=29 slot=19 attempt=1 ue_idx=21 ue_if=uesimtun21 ue_ip=10.45.1.182 port=5220 rc=0 replacements_for_slot=0 server_busy_retries_for_slot=0
[2026-08-22T01:37:21+02:00] UE_SLOT_DONE timestamp=2026-08-21T23:37:21+00:00 active_ues=29 slot=20 attempt=1 ue_idx=22 ue_if=uesimtun22 ue_ip=10.45.1.184 port=5221 rc=0 replacements_for_slot=0 server_busy_retries_for_slot=0
[2026-08-22T01:37:21+02:00] UE_SLOT_DONE timestamp=2026-08-21T23:37:21+00:00 active_ues=29 slot=21 attempt=1 ue_idx=23 ue_if=uesimtun23 ue_ip=10.45.1.183 port=5222 rc=0 replacements_for_slot=0 server_busy_retries_for_slot=0
[2026-08-22T01:37:22+02:00] UPF_CONTROL_SAMPLE timestamp=2026-08-22T01:37:21+02:00 scenario=ue_29 pod=open5gs-upf-5b9db6d44-nsbqz uid=7b5b8ef7-a2a2-4fe9-a3e1-74acd17bd88f restarts=6 usage_cpu=439m usage_mem=37Mi request_cpu=410m request_mem=250Mi limit_cpu=none limit_mem=none vpa_target_cpu=442m vpa_target_mem=250Mi vpa_uncapped_cpu=442m vpa_uncapped_mem=250Mi vpa_lower_cpu=197m vpa_lower_mem=250Mi vpa_upper_cpu=1500m vpa_upper_mem=512Mi
[2026-08-22T01:37:22+02:00] UE_SLOT_DONE timestamp=2026-08-21T23:37:22+00:00 active_ues=29 slot=22 attempt=1 ue_idx=24 ue_if=uesimtun24 ue_ip=10.45.1.187 port=5223 rc=0 replacements_for_slot=0 server_busy_retries_for_slot=0
[2026-08-22T01:37:22+02:00] UE_SLOT_DONE timestamp=2026-08-21T23:37:22+00:00 active_ues=29 slot=23 attempt=1 ue_idx=25 ue_if=uesimtun25 ue_ip=10.45.1.186 port=5224 rc=0 replacements_for_slot=0 server_busy_retries_for_slot=0
[2026-08-22T01:37:22+02:00] UE_SLOT_DONE timestamp=2026-08-21T23:37:22+00:00 active_ues=29 slot=24 attempt=1 ue_idx=26 ue_if=uesimtun26 ue_ip=10.45.1.189 port=5225 rc=0 replacements_for_slot=0 server_busy_retries_for_slot=0
[2026-08-22T01:37:22+02:00] UE_SLOT_DONE timestamp=2026-08-21T23:37:22+00:00 active_ues=29 slot=25 attempt=1 ue_idx=27 ue_if=uesimtun27 ue_ip=10.45.1.153 port=5226 rc=0 replacements_for_slot=0 server_busy_retries_for_slot=0
[2026-08-22T01:37:22+02:00] UE_SLOT_DONE timestamp=2026-08-21T23:37:22+00:00 active_ues=29 slot=26 attempt=1 ue_idx=28 ue_if=uesimtun28 ue_ip=10.45.1.160 port=5227 rc=0 replacements_for_slot=0 server_busy_retries_for_slot=0
[2026-08-22T01:37:22+02:00] UE_SLOT_DONE timestamp=2026-08-21T23:37:22+00:00 active_ues=29 slot=27 attempt=2 ue_idx=31 ue_if=uesimtun31 ue_ip=10.45.1.194 port=5251 rc=0 replacements_for_slot=1 server_busy_retries_for_slot=0
[2026-08-22T01:37:24+02:00] UE_SLOT_DONE timestamp=2026-08-21T23:37:24+00:00 active_ues=29 slot=28 attempt=1 ue_idx=30 ue_if=uesimtun30 ue_ip=10.45.1.192 port=5229 rc=0 replacements_for_slot=0 server_busy_retries_for_slot=0
[2026-08-22T01:37:24+02:00] UPF_CONTROL_SAMPLE timestamp=2026-08-22T01:37:23+02:00 scenario=ue_29 pod=open5gs-upf-5b9db6d44-nsbqz uid=7b5b8ef7-a2a2-4fe9-a3e1-74acd17bd88f restarts=6 usage_cpu=439m usage_mem=37Mi request_cpu=410m request_mem=250Mi limit_cpu=none limit_mem=none vpa_target_cpu=442m vpa_target_mem=250Mi vpa_uncapped_cpu=442m vpa_uncapped_mem=250Mi vpa_lower_cpu=197m vpa_lower_mem=250Mi vpa_upper_cpu=1500m vpa_upper_mem=512Mi
[2026-08-22T01:37:25+02:00] TRAFFIC_SUMMARY timestamp=2026-08-21T23:37:25+00:00 registered_tunnels=50 active_ues=29 target_slots=29 completed_slots=29 final_failed_slots=0 replacements=1 problematic_ues=1 zombie_ues=1 connect_timeouts=1 stalls=0 deferred_stalls=0 process_failures=0 server_busy_retries=0 server_busy_failures=0 late_timeouts_accepted=0 scenario_bad_ues=1 global_suspect_ues=3 used_ues=30 target_host=192.168.1.211 initial_ports=5201-5229 replacement_ports=5251-5265 bitrate=1M start_delay=0.05 detection=no_rx_counter replacement_min_duration_s=5 adaptive_extension_max_s=1 iperf_exit_grace_s=3 server_busy_retries_limit=1 server_busy_retry_delay_s=2 late_replacement_after_end=disabled wait_for_iperf_exit=until_timeout global_suspect_policy=soft_reuse ramp_supervision=after_initial_start
[2026-08-22T01:37:25+02:00] UE_POOL_SCENARIO_BAD_CURRENT timestamp=2026-08-21T23:37:25+00:00 active_ues=29 indexes=29
[2026-08-22T01:37:25+02:00] UE_POOL_GLOBAL_SUSPECT_CURRENT timestamp=2026-08-21T23:37:25+00:00 active_ues=29 indexes=18,19,29
[2026-08-22T01:37:25+02:00] REMOTE_IPERF_PER_UE_END timestamp=2026-08-21T23:37:25+00:00 active_ues=29 tag=ue_29 final_rc=0 completed_slots=29 replacements=1 problematic_ues=1 server_busy_retries=0 deferred_stalls=0 late_timeouts_accepted=0
[2026-08-22T01:37:25+02:00] SCENARIO TRAFFIC COMMAND END timestamp=2026-08-22T01:37:25+02:00 active_ue=29 rc=0
[2026-08-22T01:37:26+02:00] SCENARIO UPF AFTER timestamp=2026-08-22T01:37:26+02:00 active_ue=29 pod=open5gs-upf-5b9db6d44-nsbqz uid=7b5b8ef7-a2a2-4fe9-a3e1-74acd17bd88f restarts=6
[2026-08-22T01:37:26+02:00] SCENARIO END timestamp=2026-08-22T01:37:26+02:00 active_ue=29 rc=0
[2026-08-22T01:37:26+02:00] ================================================================
[2026-08-22T01:37:26+02:00] SCENARIO START timestamp=2026-08-22T01:37:26+02:00 active_ue=31 registered_ue_pool=50 target_host=192.168.1.211 ports=5201-5231 replacement_ports=5251-5265 bitrate_per_ue=1M start_delay=0.05 replacement_min_duration=5 adaptive_extension_max=1
[2026-08-22T01:37:26+02:00] ================================================================
[2026-08-22T01:37:26+02:00] SCENARIO TUNNEL CHECK timestamp=2026-08-22T01:37:26+02:00 active_ue=31 current_tunnels=50 required=50
[2026-08-22T01:37:27+02:00] UPF_CONTROL_SAMPLE timestamp=2026-08-22T01:37:25+02:00 scenario=ue_29 pod=open5gs-upf-5b9db6d44-nsbqz uid=7b5b8ef7-a2a2-4fe9-a3e1-74acd17bd88f restarts=6 usage_cpu=439m usage_mem=37Mi request_cpu=410m request_mem=250Mi limit_cpu=none limit_mem=none vpa_target_cpu=442m vpa_target_mem=250Mi vpa_uncapped_cpu=442m vpa_uncapped_mem=250Mi vpa_lower_cpu=197m vpa_lower_mem=250Mi vpa_upper_cpu=1500m vpa_upper_mem=512Mi
[2026-08-22T01:37:27+02:00] SCENARIO UPF BEFORE timestamp=2026-08-22T01:37:27+02:00 active_ue=31 pod=open5gs-upf-5b9db6d44-nsbqz uid=7b5b8ef7-a2a2-4fe9-a3e1-74acd17bd88f restarts=6
[2026-08-22T01:37:27+02:00] REMOTE_IPERF_PER_UE_START timestamp=2026-08-21T23:37:27+00:00 active_ues=31 tag=ue_31 iperf_host=192.168.1.211 base_port=5201 replacement_base_port=5251 duration=80 bitrate=1M start_delay=0.05 detection=no_rx_counter connect_timeout_s=4 stall_seconds=5 replacement_limit=15 replacement_min_duration_s=5 adaptive_extension_max_s=1 iperf_exit_grace_s=3 server_busy_port_rebinds=1 late_replacement_after_end=disabled wait_for_iperf_exit=until_timeout global_suspect_policy=soft_reuse ramp_supervision=after_initial_start
[2026-08-22T01:37:28+02:00] UE_POOL_STATUS timestamp=2026-08-21T23:37:28+00:00 active_ues=31 registered_tunnels=50 existing_global_suspect_ues=3 used_ues=0 policy=soft_reuse_global_suspects
[2026-08-22T01:37:28+02:00] UE_SLOT_ASSIGN timestamp=2026-08-21T23:37:28+00:00 active_ues=31 slot=0 ue_idx=0 ue_if=uesimtun0 ue_ip=10.45.1.146 candidate_reused_global_suspect=0
[2026-08-22T01:37:28+02:00] UE_SLOT_START timestamp=2026-08-21T23:37:28+00:00 active_ues=31 slot=0 attempt=1 ue_idx=0 ue_if=uesimtun0 ue_ip=10.45.1.146 target=192.168.1.211:5201 bitrate=1M duration_s=80 planned_end_epoch=1787355528 timeout_s=90 hard_timeout_epoch=1787355543 start_rx_bytes=1417324
[2026-08-22T01:37:28+02:00] UE_SLOT_PID timestamp=2026-08-21T23:37:28+00:00 active_ues=31 slot=0 attempt=1 ue_idx=0 pid=47230
[2026-08-22T01:37:28+02:00] UE_SLOT_ASSIGN timestamp=2026-08-21T23:37:28+00:00 active_ues=31 slot=1 ue_idx=1 ue_if=uesimtun1 ue_ip=10.45.1.147 candidate_reused_global_suspect=0
[2026-08-22T01:37:28+02:00] UE_SLOT_START timestamp=2026-08-21T23:37:28+00:00 active_ues=31 slot=1 attempt=1 ue_idx=1 ue_if=uesimtun1 ue_ip=10.45.1.147 target=192.168.1.211:5202 bitrate=1M duration_s=80 planned_end_epoch=1787355528 timeout_s=90 hard_timeout_epoch=1787355543 start_rx_bytes=1359858
[2026-08-22T01:37:28+02:00] UE_SLOT_PID timestamp=2026-08-21T23:37:28+00:00 active_ues=31 slot=1 attempt=1 ue_idx=1 pid=47255
[2026-08-22T01:37:28+02:00] UE_SLOT_ASSIGN timestamp=2026-08-21T23:37:28+00:00 active_ues=31 slot=2 ue_idx=2 ue_if=uesimtun2 ue_ip=10.45.1.148 candidate_reused_global_suspect=0
[2026-08-22T01:37:28+02:00] UE_SLOT_START timestamp=2026-08-21T23:37:28+00:00 active_ues=31 slot=2 attempt=1 ue_idx=2 ue_if=uesimtun2 ue_ip=10.45.1.148 target=192.168.1.211:5203 bitrate=1M duration_s=80 planned_end_epoch=1787355528 timeout_s=90 hard_timeout_epoch=1787355543 start_rx_bytes=1344588
[2026-08-22T01:37:28+02:00] UE_SLOT_PID timestamp=2026-08-21T23:37:28+00:00 active_ues=31 slot=2 attempt=1 ue_idx=2 pid=47280
[2026-08-22T01:37:28+02:00] UE_SLOT_ASSIGN timestamp=2026-08-21T23:37:28+00:00 active_ues=31 slot=3 ue_idx=3 ue_if=uesimtun3 ue_ip=10.45.1.149 candidate_reused_global_suspect=0
[2026-08-22T01:37:28+02:00] UE_SLOT_START timestamp=2026-08-21T23:37:28+00:00 active_ues=31 slot=3 attempt=1 ue_idx=3 ue_if=uesimtun3 ue_ip=10.45.1.149 target=192.168.1.211:5204 bitrate=1M duration_s=80 planned_end_epoch=1787355528 timeout_s=90 hard_timeout_epoch=1787355543 start_rx_bytes=1243781
[2026-08-22T01:37:28+02:00] UE_SLOT_PID timestamp=2026-08-21T23:37:28+00:00 active_ues=31 slot=3 attempt=1 ue_idx=3 pid=47305
[2026-08-22T01:37:29+02:00] UE_SLOT_ASSIGN timestamp=2026-08-21T23:37:29+00:00 active_ues=31 slot=4 ue_idx=4 ue_if=uesimtun4 ue_ip=10.45.1.151 candidate_reused_global_suspect=0
[2026-08-22T01:37:29+02:00] UE_SLOT_START timestamp=2026-08-21T23:37:29+00:00 active_ues=31 slot=4 attempt=1 ue_idx=4 ue_if=uesimtun4 ue_ip=10.45.1.151 target=192.168.1.211:5205 bitrate=1M duration_s=80 planned_end_epoch=1787355529 timeout_s=90 hard_timeout_epoch=1787355544 start_rx_bytes=1226146
[2026-08-22T01:37:29+02:00] UE_SLOT_PID timestamp=2026-08-21T23:37:29+00:00 active_ues=31 slot=4 attempt=1 ue_idx=4 pid=47330
[2026-08-22T01:37:29+02:00] UE_SLOT_ASSIGN timestamp=2026-08-21T23:37:29+00:00 active_ues=31 slot=5 ue_idx=5 ue_if=uesimtun5 ue_ip=10.45.1.150 candidate_reused_global_suspect=0
[2026-08-22T01:37:29+02:00] UE_SLOT_START timestamp=2026-08-21T23:37:29+00:00 active_ues=31 slot=5 attempt=1 ue_idx=5 ue_if=uesimtun5 ue_ip=10.45.1.150 target=192.168.1.211:5206 bitrate=1M duration_s=80 planned_end_epoch=1787355529 timeout_s=90 hard_timeout_epoch=1787355544 start_rx_bytes=1146641
[2026-08-22T01:37:29+02:00] UE_SLOT_PID timestamp=2026-08-21T23:37:29+00:00 active_ues=31 slot=5 attempt=1 ue_idx=5 pid=47355
[2026-08-22T01:37:29+02:00] UPF_CONTROL_SAMPLE timestamp=2026-08-22T01:37:28+02:00 scenario=ue_31 pod=open5gs-upf-5b9db6d44-nsbqz uid=7b5b8ef7-a2a2-4fe9-a3e1-74acd17bd88f restarts=6 usage_cpu=439m usage_mem=37Mi request_cpu=410m request_mem=250Mi limit_cpu=none limit_mem=none vpa_target_cpu=442m vpa_target_mem=250Mi vpa_uncapped_cpu=442m vpa_uncapped_mem=250Mi vpa_lower_cpu=197m vpa_lower_mem=250Mi vpa_upper_cpu=1500m vpa_upper_mem=512Mi
[2026-08-22T01:37:29+02:00] UE_SLOT_ASSIGN timestamp=2026-08-21T23:37:29+00:00 active_ues=31 slot=6 ue_idx=6 ue_if=uesimtun6 ue_ip=10.45.1.152 candidate_reused_global_suspect=0
[2026-08-22T01:37:29+02:00] UE_SLOT_START timestamp=2026-08-21T23:37:29+00:00 active_ues=31 slot=6 attempt=1 ue_idx=6 ue_if=uesimtun6 ue_ip=10.45.1.152 target=192.168.1.211:5207 bitrate=1M duration_s=80 planned_end_epoch=1787355529 timeout_s=90 hard_timeout_epoch=1787355544 start_rx_bytes=1185616
[2026-08-22T01:37:29+02:00] UE_SLOT_PID timestamp=2026-08-21T23:37:29+00:00 active_ues=31 slot=6 attempt=1 ue_idx=6 pid=47380
[2026-08-22T01:37:29+02:00] UE_SLOT_ASSIGN timestamp=2026-08-21T23:37:29+00:00 active_ues=31 slot=7 ue_idx=7 ue_if=uesimtun7 ue_ip=10.45.1.154 candidate_reused_global_suspect=0
[2026-08-22T01:37:29+02:00] UE_SLOT_START timestamp=2026-08-21T23:37:29+00:00 active_ues=31 slot=7 attempt=1 ue_idx=7 ue_if=uesimtun7 ue_ip=10.45.1.154 target=192.168.1.211:5208 bitrate=1M duration_s=80 planned_end_epoch=1787355529 timeout_s=90 hard_timeout_epoch=1787355544 start_rx_bytes=1064530
[2026-08-22T01:37:29+02:00] UE_SLOT_PID timestamp=2026-08-21T23:37:29+00:00 active_ues=31 slot=7 attempt=1 ue_idx=7 pid=47405
[2026-08-22T01:37:29+02:00] UE_SLOT_ASSIGN timestamp=2026-08-21T23:37:29+00:00 active_ues=31 slot=8 ue_idx=8 ue_if=uesimtun8 ue_ip=10.45.1.156 candidate_reused_global_suspect=0
[2026-08-22T01:37:29+02:00] UE_SLOT_START timestamp=2026-08-21T23:37:29+00:00 active_ues=31 slot=8 attempt=1 ue_idx=8 ue_if=uesimtun8 ue_ip=10.45.1.156 target=192.168.1.211:5209 bitrate=1M duration_s=80 planned_end_epoch=1787355529 timeout_s=90 hard_timeout_epoch=1787355544 start_rx_bytes=1032471
[2026-08-22T01:37:30+02:00] UE_SLOT_PID timestamp=2026-08-21T23:37:29+00:00 active_ues=31 slot=8 attempt=1 ue_idx=8 pid=47430
[2026-08-22T01:37:30+02:00] UE_SLOT_ASSIGN timestamp=2026-08-21T23:37:30+00:00 active_ues=31 slot=9 ue_idx=9 ue_if=uesimtun9 ue_ip=10.45.1.158 candidate_reused_global_suspect=0
[2026-08-22T01:37:30+02:00] UE_SLOT_START timestamp=2026-08-21T23:37:30+00:00 active_ues=31 slot=9 attempt=1 ue_idx=9 ue_if=uesimtun9 ue_ip=10.45.1.158 target=192.168.1.211:5210 bitrate=1M duration_s=80 planned_end_epoch=1787355530 timeout_s=90 hard_timeout_epoch=1787355545 start_rx_bytes=948214
[2026-08-22T01:37:30+02:00] UE_SLOT_PID timestamp=2026-08-21T23:37:30+00:00 active_ues=31 slot=9 attempt=1 ue_idx=9 pid=47455
[2026-08-22T01:37:30+02:00] UE_SLOT_ASSIGN timestamp=2026-08-21T23:37:30+00:00 active_ues=31 slot=10 ue_idx=10 ue_if=uesimtun10 ue_ip=10.45.1.159 candidate_reused_global_suspect=0
[2026-08-22T01:37:30+02:00] UE_SLOT_START timestamp=2026-08-21T23:37:30+00:00 active_ues=31 slot=10 attempt=1 ue_idx=10 ue_if=uesimtun10 ue_ip=10.45.1.159 target=192.168.1.211:5211 bitrate=1M duration_s=80 planned_end_epoch=1787355530 timeout_s=90 hard_timeout_epoch=1787355545 start_rx_bytes=950688
[2026-08-22T01:37:30+02:00] UE_SLOT_PID timestamp=2026-08-21T23:37:30+00:00 active_ues=31 slot=10 attempt=1 ue_idx=10 pid=47480
[2026-08-22T01:37:30+02:00] UE_SLOT_ASSIGN timestamp=2026-08-21T23:37:30+00:00 active_ues=31 slot=11 ue_idx=11 ue_if=uesimtun11 ue_ip=10.45.1.155 candidate_reused_global_suspect=0
[2026-08-22T01:37:30+02:00] UE_SLOT_START timestamp=2026-08-21T23:37:30+00:00 active_ues=31 slot=11 attempt=1 ue_idx=11 ue_if=uesimtun11 ue_ip=10.45.1.155 target=192.168.1.211:5212 bitrate=1M duration_s=80 planned_end_epoch=1787355530 timeout_s=90 hard_timeout_epoch=1787355545 start_rx_bytes=878547
[2026-08-22T01:37:30+02:00] UE_SLOT_PID timestamp=2026-08-21T23:37:30+00:00 active_ues=31 slot=11 attempt=1 ue_idx=11 pid=47505
[2026-08-22T01:37:30+02:00] UE_SLOT_ASSIGN timestamp=2026-08-21T23:37:30+00:00 active_ues=31 slot=12 ue_idx=12 ue_if=uesimtun12 ue_ip=10.45.1.164 candidate_reused_global_suspect=0
[2026-08-22T01:37:30+02:00] UE_SLOT_START timestamp=2026-08-21T23:37:30+00:00 active_ues=31 slot=12 attempt=1 ue_idx=12 ue_if=uesimtun12 ue_ip=10.45.1.164 target=192.168.1.211:5213 bitrate=1M duration_s=80 planned_end_epoch=1787355530 timeout_s=90 hard_timeout_epoch=1787355545 start_rx_bytes=861401
[2026-08-22T01:37:30+02:00] UE_SLOT_PID timestamp=2026-08-21T23:37:30+00:00 active_ues=31 slot=12 attempt=1 ue_idx=12 pid=47530
[2026-08-22T01:37:31+02:00] UE_SLOT_ASSIGN timestamp=2026-08-21T23:37:31+00:00 active_ues=31 slot=13 ue_idx=13 ue_if=uesimtun13 ue_ip=10.45.1.161 candidate_reused_global_suspect=0
[2026-08-22T01:37:31+02:00] UE_SLOT_START timestamp=2026-08-21T23:37:31+00:00 active_ues=31 slot=13 attempt=1 ue_idx=13 ue_if=uesimtun13 ue_ip=10.45.1.161 target=192.168.1.211:5214 bitrate=1M duration_s=80 planned_end_epoch=1787355531 timeout_s=90 hard_timeout_epoch=1787355546 start_rx_bytes=781469
[2026-08-22T01:37:31+02:00] UE_SLOT_PID timestamp=2026-08-21T23:37:31+00:00 active_ues=31 slot=13 attempt=1 ue_idx=13 pid=47555
[2026-08-22T01:37:31+02:00] UE_SLOT_ASSIGN timestamp=2026-08-21T23:37:31+00:00 active_ues=31 slot=14 ue_idx=14 ue_if=uesimtun14 ue_ip=10.45.1.167 candidate_reused_global_suspect=0
[2026-08-22T01:37:31+02:00] UE_SLOT_START timestamp=2026-08-21T23:37:31+00:00 active_ues=31 slot=14 attempt=1 ue_idx=14 ue_if=uesimtun14 ue_ip=10.45.1.167 target=192.168.1.211:5215 bitrate=1M duration_s=80 planned_end_epoch=1787355531 timeout_s=90 hard_timeout_epoch=1787355546 start_rx_bytes=794922
[2026-08-22T01:37:31+02:00] UE_SLOT_PID timestamp=2026-08-21T23:37:31+00:00 active_ues=31 slot=14 attempt=1 ue_idx=14 pid=47580
[2026-08-22T01:37:31+02:00] UE_SLOT_ASSIGN timestamp=2026-08-21T23:37:31+00:00 active_ues=31 slot=15 ue_idx=15 ue_if=uesimtun15 ue_ip=10.45.1.157 candidate_reused_global_suspect=0
[2026-08-22T01:37:31+02:00] UE_SLOT_START timestamp=2026-08-21T23:37:31+00:00 active_ues=31 slot=15 attempt=1 ue_idx=15 ue_if=uesimtun15 ue_ip=10.45.1.157 target=192.168.1.211:5216 bitrate=1M duration_s=80 planned_end_epoch=1787355531 timeout_s=90 hard_timeout_epoch=1787355546 start_rx_bytes=723523
[2026-08-22T01:37:31+02:00] UE_SLOT_PID timestamp=2026-08-21T23:37:31+00:00 active_ues=31 slot=15 attempt=1 ue_idx=15 pid=47605
[2026-08-22T01:37:31+02:00] UPF_CONTROL_SAMPLE timestamp=2026-08-22T01:37:30+02:00 scenario=ue_31 pod=open5gs-upf-5b9db6d44-nsbqz uid=7b5b8ef7-a2a2-4fe9-a3e1-74acd17bd88f restarts=6 usage_cpu=439m usage_mem=37Mi request_cpu=410m request_mem=250Mi limit_cpu=none limit_mem=none vpa_target_cpu=442m vpa_target_mem=250Mi vpa_uncapped_cpu=442m vpa_uncapped_mem=250Mi vpa_lower_cpu=197m vpa_lower_mem=250Mi vpa_upper_cpu=1500m vpa_upper_mem=512Mi
[2026-08-22T01:37:31+02:00] UE_SLOT_ASSIGN timestamp=2026-08-21T23:37:31+00:00 active_ues=31 slot=16 ue_idx=16 ue_if=uesimtun16 ue_ip=10.45.1.168 candidate_reused_global_suspect=0
[2026-08-22T01:37:31+02:00] UE_SLOT_START timestamp=2026-08-21T23:37:31+00:00 active_ues=31 slot=16 attempt=1 ue_idx=16 ue_if=uesimtun16 ue_ip=10.45.1.168 target=192.168.1.211:5217 bitrate=1M duration_s=80 planned_end_epoch=1787355531 timeout_s=90 hard_timeout_epoch=1787355546 start_rx_bytes=698061
[2026-08-22T01:37:31+02:00] UE_SLOT_PID timestamp=2026-08-21T23:37:31+00:00 active_ues=31 slot=16 attempt=1 ue_idx=16 pid=47630
[2026-08-22T01:37:32+02:00] UE_SLOT_ASSIGN timestamp=2026-08-21T23:37:32+00:00 active_ues=31 slot=17 ue_idx=17 ue_if=uesimtun17 ue_ip=10.45.1.171 candidate_reused_global_suspect=0
[2026-08-22T01:37:32+02:00] UE_SLOT_START timestamp=2026-08-21T23:37:32+00:00 active_ues=31 slot=17 attempt=1 ue_idx=17 ue_if=uesimtun17 ue_ip=10.45.1.171 target=192.168.1.211:5218 bitrate=1M duration_s=80 planned_end_epoch=1787355531 timeout_s=90 hard_timeout_epoch=1787355547 start_rx_bytes=582612
[2026-08-22T01:37:32+02:00] UE_SLOT_PID timestamp=2026-08-21T23:37:32+00:00 active_ues=31 slot=17 attempt=1 ue_idx=17 pid=47655
[2026-08-22T01:37:32+02:00] UE_SLOT_ASSIGN timestamp=2026-08-21T23:37:32+00:00 active_ues=31 slot=18 ue_idx=20 ue_if=uesimtun20 ue_ip=10.45.1.178 candidate_reused_global_suspect=0
[2026-08-22T01:37:32+02:00] UE_SLOT_START timestamp=2026-08-21T23:37:32+00:00 active_ues=31 slot=18 attempt=1 ue_idx=20 ue_if=uesimtun20 ue_ip=10.45.1.178 target=192.168.1.211:5219 bitrate=1M duration_s=80 planned_end_epoch=1787355532 timeout_s=90 hard_timeout_epoch=1787355547 start_rx_bytes=528090
[2026-08-22T01:37:32+02:00] UE_SLOT_PID timestamp=2026-08-21T23:37:32+00:00 active_ues=31 slot=18 attempt=1 ue_idx=20 pid=47680
[2026-08-22T01:37:32+02:00] UE_SLOT_ASSIGN timestamp=2026-08-21T23:37:32+00:00 active_ues=31 slot=19 ue_idx=21 ue_if=uesimtun21 ue_ip=10.45.1.182 candidate_reused_global_suspect=0
[2026-08-22T01:37:32+02:00] UE_SLOT_START timestamp=2026-08-21T23:37:32+00:00 active_ues=31 slot=19 attempt=1 ue_idx=21 ue_if=uesimtun21 ue_ip=10.45.1.182 target=192.168.1.211:5220 bitrate=1M duration_s=80 planned_end_epoch=1787355532 timeout_s=90 hard_timeout_epoch=1787355547 start_rx_bytes=499662
[2026-08-22T01:37:32+02:00] UE_SLOT_PID timestamp=2026-08-21T23:37:32+00:00 active_ues=31 slot=19 attempt=1 ue_idx=21 pid=47705
[2026-08-22T01:37:32+02:00] UE_SLOT_ASSIGN timestamp=2026-08-21T23:37:32+00:00 active_ues=31 slot=20 ue_idx=22 ue_if=uesimtun22 ue_ip=10.45.1.184 candidate_reused_global_suspect=0
[2026-08-22T01:37:32+02:00] UE_SLOT_START timestamp=2026-08-21T23:37:32+00:00 active_ues=31 slot=20 attempt=1 ue_idx=22 ue_if=uesimtun22 ue_ip=10.45.1.184 target=192.168.1.211:5221 bitrate=1M duration_s=80 planned_end_epoch=1787355532 timeout_s=90 hard_timeout_epoch=1787355547 start_rx_bytes=488378
[2026-08-22T01:37:32+02:00] UE_SLOT_PID timestamp=2026-08-21T23:37:32+00:00 active_ues=31 slot=20 attempt=1 ue_idx=22 pid=47730
[2026-08-22T01:37:33+02:00] UE_SLOT_ASSIGN timestamp=2026-08-21T23:37:33+00:00 active_ues=31 slot=21 ue_idx=23 ue_if=uesimtun23 ue_ip=10.45.1.183 candidate_reused_global_suspect=0
[2026-08-22T01:37:33+02:00] UE_SLOT_START timestamp=2026-08-21T23:37:33+00:00 active_ues=31 slot=21 attempt=1 ue_idx=23 ue_if=uesimtun23 ue_ip=10.45.1.183 target=192.168.1.211:5222 bitrate=1M duration_s=80 planned_end_epoch=1787355532 timeout_s=90 hard_timeout_epoch=1787355548 start_rx_bytes=387202
[2026-08-22T01:37:33+02:00] UE_SLOT_PID timestamp=2026-08-21T23:37:33+00:00 active_ues=31 slot=21 attempt=1 ue_idx=23 pid=47755
[2026-08-22T01:37:33+02:00] UE_SLOT_ASSIGN timestamp=2026-08-21T23:37:33+00:00 active_ues=31 slot=22 ue_idx=24 ue_if=uesimtun24 ue_ip=10.45.1.187 candidate_reused_global_suspect=0
[2026-08-22T01:37:33+02:00] UE_SLOT_START timestamp=2026-08-21T23:37:33+00:00 active_ues=31 slot=22 attempt=1 ue_idx=24 ue_if=uesimtun24 ue_ip=10.45.1.187 target=192.168.1.211:5223 bitrate=1M duration_s=80 planned_end_epoch=1787355533 timeout_s=90 hard_timeout_epoch=1787355548 start_rx_bytes=396891
[2026-08-22T01:37:33+02:00] UE_SLOT_PID timestamp=2026-08-21T23:37:33+00:00 active_ues=31 slot=22 attempt=1 ue_idx=24 pid=47780
[2026-08-22T01:37:33+02:00] UE_SLOT_ASSIGN timestamp=2026-08-21T23:37:33+00:00 active_ues=31 slot=23 ue_idx=25 ue_if=uesimtun25 ue_ip=10.45.1.186 candidate_reused_global_suspect=0
[2026-08-22T01:37:33+02:00] UE_SLOT_START timestamp=2026-08-21T23:37:33+00:00 active_ues=31 slot=23 attempt=1 ue_idx=25 ue_if=uesimtun25 ue_ip=10.45.1.186 target=192.168.1.211:5224 bitrate=1M duration_s=80 planned_end_epoch=1787355533 timeout_s=90 hard_timeout_epoch=1787355548 start_rx_bytes=308045
[2026-08-22T01:37:33+02:00] UE_SLOT_PID timestamp=2026-08-21T23:37:33+00:00 active_ues=31 slot=23 attempt=1 ue_idx=25 pid=47805
[2026-08-22T01:37:33+02:00] UE_SLOT_ASSIGN timestamp=2026-08-21T23:37:33+00:00 active_ues=31 slot=24 ue_idx=26 ue_if=uesimtun26 ue_ip=10.45.1.189 candidate_reused_global_suspect=0
[2026-08-22T01:37:33+02:00] UE_SLOT_START timestamp=2026-08-21T23:37:33+00:00 active_ues=31 slot=24 attempt=1 ue_idx=26 ue_if=uesimtun26 ue_ip=10.45.1.189 target=192.168.1.211:5225 bitrate=1M duration_s=80 planned_end_epoch=1787355533 timeout_s=90 hard_timeout_epoch=1787355548 start_rx_bytes=306509
[2026-08-22T01:37:33+02:00] UE_SLOT_PID timestamp=2026-08-21T23:37:33+00:00 active_ues=31 slot=24 attempt=1 ue_idx=26 pid=47830
[2026-08-22T01:37:34+02:00] UE_SLOT_ASSIGN timestamp=2026-08-21T23:37:34+00:00 active_ues=31 slot=25 ue_idx=27 ue_if=uesimtun27 ue_ip=10.45.1.153 candidate_reused_global_suspect=0
[2026-08-22T01:37:34+02:00] UE_SLOT_START timestamp=2026-08-21T23:37:34+00:00 active_ues=31 slot=25 attempt=1 ue_idx=27 ue_if=uesimtun27 ue_ip=10.45.1.153 target=192.168.1.211:5226 bitrate=1M duration_s=80 planned_end_epoch=1787355534 timeout_s=90 hard_timeout_epoch=1787355549 start_rx_bytes=207513
[2026-08-22T01:37:34+02:00] UE_SLOT_PID timestamp=2026-08-21T23:37:34+00:00 active_ues=31 slot=25 attempt=1 ue_idx=27 pid=47855
[2026-08-22T01:37:34+02:00] UPF_CONTROL_SAMPLE timestamp=2026-08-22T01:37:32+02:00 scenario=ue_31 pod=open5gs-upf-5b9db6d44-nsbqz uid=7b5b8ef7-a2a2-4fe9-a3e1-74acd17bd88f restarts=6 usage_cpu=439m usage_mem=37Mi request_cpu=410m request_mem=250Mi limit_cpu=none limit_mem=none vpa_target_cpu=442m vpa_target_mem=250Mi vpa_uncapped_cpu=442m vpa_uncapped_mem=250Mi vpa_lower_cpu=197m vpa_lower_mem=250Mi vpa_upper_cpu=1500m vpa_upper_mem=512Mi
[2026-08-22T01:37:34+02:00] UE_SLOT_ASSIGN timestamp=2026-08-21T23:37:34+00:00 active_ues=31 slot=26 ue_idx=28 ue_if=uesimtun28 ue_ip=10.45.1.160 candidate_reused_global_suspect=0
[2026-08-22T01:37:34+02:00] UE_SLOT_START timestamp=2026-08-21T23:37:34+00:00 active_ues=31 slot=26 attempt=1 ue_idx=28 ue_if=uesimtun28 ue_ip=10.45.1.160 target=192.168.1.211:5227 bitrate=1M duration_s=80 planned_end_epoch=1787355534 timeout_s=90 hard_timeout_epoch=1787355549 start_rx_bytes=215288
[2026-08-22T01:37:34+02:00] UE_SLOT_PID timestamp=2026-08-21T23:37:34+00:00 active_ues=31 slot=26 attempt=1 ue_idx=28 pid=47880
[2026-08-22T01:37:34+02:00] UE_SLOT_ASSIGN timestamp=2026-08-21T23:37:34+00:00 active_ues=31 slot=27 ue_idx=30 ue_if=uesimtun30 ue_ip=10.45.1.192 candidate_reused_global_suspect=0
[2026-08-22T01:37:34+02:00] UE_SLOT_START timestamp=2026-08-21T23:37:34+00:00 active_ues=31 slot=27 attempt=1 ue_idx=30 ue_if=uesimtun30 ue_ip=10.45.1.192 target=192.168.1.211:5228 bitrate=1M duration_s=80 planned_end_epoch=1787355534 timeout_s=90 hard_timeout_epoch=1787355549 start_rx_bytes=98308
[2026-08-22T01:37:34+02:00] UE_SLOT_PID timestamp=2026-08-21T23:37:34+00:00 active_ues=31 slot=27 attempt=1 ue_idx=30 pid=47905
[2026-08-22T01:37:34+02:00] UE_SLOT_ASSIGN timestamp=2026-08-21T23:37:34+00:00 active_ues=31 slot=28 ue_idx=31 ue_if=uesimtun31 ue_ip=10.45.1.194 candidate_reused_global_suspect=0
[2026-08-22T01:37:34+02:00] UE_SLOT_START timestamp=2026-08-21T23:37:34+00:00 active_ues=31 slot=28 attempt=1 ue_idx=31 ue_if=uesimtun31 ue_ip=10.45.1.194 target=192.168.1.211:5229 bitrate=1M duration_s=80 planned_end_epoch=1787355534 timeout_s=90 hard_timeout_epoch=1787355549 start_rx_bytes=103843
[2026-08-22T01:37:35+02:00] UE_SLOT_PID timestamp=2026-08-21T23:37:34+00:00 active_ues=31 slot=28 attempt=1 ue_idx=31 pid=47930
[2026-08-22T01:37:35+02:00] UE_SLOT_ASSIGN timestamp=2026-08-21T23:37:35+00:00 active_ues=31 slot=29 ue_idx=32 ue_if=uesimtun32 ue_ip=10.45.1.169 candidate_reused_global_suspect=0
[2026-08-22T01:37:35+02:00] UE_SLOT_START timestamp=2026-08-21T23:37:35+00:00 active_ues=31 slot=29 attempt=1 ue_idx=32 ue_if=uesimtun32 ue_ip=10.45.1.169 target=192.168.1.211:5230 bitrate=1M duration_s=80 planned_end_epoch=1787355535 timeout_s=90 hard_timeout_epoch=1787355550 start_rx_bytes=0
[2026-08-22T01:37:35+02:00] UE_SLOT_PID timestamp=2026-08-21T23:37:35+00:00 active_ues=31 slot=29 attempt=1 ue_idx=32 pid=47955
[2026-08-22T01:37:35+02:00] UE_SLOT_ASSIGN timestamp=2026-08-21T23:37:35+00:00 active_ues=31 slot=30 ue_idx=33 ue_if=uesimtun33 ue_ip=10.45.1.173 candidate_reused_global_suspect=0
[2026-08-22T01:37:35+02:00] UE_SLOT_START timestamp=2026-08-21T23:37:35+00:00 active_ues=31 slot=30 attempt=1 ue_idx=33 ue_if=uesimtun33 ue_ip=10.45.1.173 target=192.168.1.211:5231 bitrate=1M duration_s=80 planned_end_epoch=1787355535 timeout_s=90 hard_timeout_epoch=1787355550 start_rx_bytes=0
[2026-08-22T01:37:35+02:00] UE_SLOT_PID timestamp=2026-08-21T23:37:35+00:00 active_ues=31 slot=30 attempt=1 ue_idx=33 pid=47980
[2026-08-22T01:37:35+02:00] IPERF_MAPPING_SUMMARY timestamp=2026-08-21T23:37:35+00:00 active_ues=31 registered_tunnels=50 initial_ports=5201-5231 replacement_ports=5251-5265 bitrate=1M start_delay=0.05 detection=no_rx_counter replacement_min_duration_s=5 adaptive_extension_max_s=1 iperf_exit_grace_s=3 server_busy_port_rebinds=1 late_replacement_after_end=disabled wait_for_iperf_exit=until_timeout global_suspect_policy=soft_reuse ramp_supervision=after_initial_start
[2026-08-22T01:37:36+02:00] UPF_CONTROL_SAMPLE timestamp=2026-08-22T01:37:35+02:00 scenario=ue_31 pod=open5gs-upf-5b9db6d44-nsbqz uid=7b5b8ef7-a2a2-4fe9-a3e1-74acd17bd88f restarts=6 usage_cpu=439m usage_mem=37Mi request_cpu=410m request_mem=250Mi limit_cpu=none limit_mem=none vpa_target_cpu=442m vpa_target_mem=250Mi vpa_uncapped_cpu=442m vpa_uncapped_mem=250Mi vpa_lower_cpu=197m vpa_lower_mem=250Mi vpa_upper_cpu=1500m vpa_upper_mem=512Mi
[2026-08-22T01:37:39+02:00] FAILED_CLIENT_LOG_BEGIN slot=29 logfile=/tmp/upf_iperf_adaptive_20260822_011359_ue_31/slot_29_attempt_1_ue_32_port_5230.log
[2026-08-22T01:37:39+02:00] FAILED_CLIENT_LOG_END slot=29 logfile=/tmp/upf_iperf_adaptive_20260822_011359_ue_31/slot_29_attempt_1_ue_32_port_5230.log
[2026-08-22T01:37:39+02:00] UE_SLOT_PROBLEM_DETECTED timestamp=2026-08-21T23:37:39+00:00 active_ues=31 slot=29 attempt=1 ue_idx=32 ue_if=uesimtun32 ue_ip=10.45.1.169 port=5230 reason=no_rx_after_connect_timeout_4s remaining_s=76
[2026-08-22T01:37:39+02:00] UE_MARKED_PROBLEMATIC timestamp=2026-08-21T23:37:39+00:00 active_ues=31 ue_idx=32 reason=no_rx_after_connect_timeout_4s scope=scenario_and_global_suspect
[2026-08-22T01:37:39+02:00] UPF_CONTROL_SAMPLE timestamp=2026-08-22T01:37:38+02:00 scenario=ue_31 pod=open5gs-upf-5b9db6d44-nsbqz uid=7b5b8ef7-a2a2-4fe9-a3e1-74acd17bd88f restarts=6 usage_cpu=439m usage_mem=37Mi request_cpu=410m request_mem=250Mi limit_cpu=none limit_mem=none vpa_target_cpu=442m vpa_target_mem=250Mi vpa_uncapped_cpu=442m vpa_uncapped_mem=250Mi vpa_lower_cpu=197m vpa_lower_mem=250Mi vpa_upper_cpu=1500m vpa_upper_mem=512Mi
[2026-08-22T01:37:39+02:00] UE_SLOT_REPLACE timestamp=2026-08-21T23:37:39+00:00 active_ues=31 slot=29 reason=no_rx_after_connect_timeout_4s old_attempt=1 old_ue_idx=32 old_ue_if=uesimtun32 old_ue_ip=10.45.1.169 old_port=5230 new_attempt=2 new_ue_idx=34 new_ue_if=uesimtun34 new_ue_ip=10.45.1.177 new_port=5251 remaining_s=76 extension_used_s=0 extension_limit_s=1 candidate_reused_global_suspect=0 replacements_total=1
[2026-08-22T01:37:39+02:00] UE_SLOT_START timestamp=2026-08-21T23:37:39+00:00 active_ues=31 slot=29 attempt=2 ue_idx=34 ue_if=uesimtun34 ue_ip=10.45.1.177 target=192.168.1.211:5251 bitrate=1M duration_s=76 planned_end_epoch=1787355535 timeout_s=86 hard_timeout_epoch=1787355550 start_rx_bytes=0
[2026-08-22T01:37:39+02:00] UE_SLOT_PID timestamp=2026-08-21T23:37:39+00:00 active_ues=31 slot=29 attempt=2 ue_idx=34 pid=48211
[2026-08-22T01:37:41+02:00] UPF_CONTROL_SAMPLE timestamp=2026-08-22T01:37:40+02:00 scenario=ue_31 pod=open5gs-upf-5b9db6d44-nsbqz uid=7b5b8ef7-a2a2-4fe9-a3e1-74acd17bd88f restarts=6 usage_cpu=277m usage_mem=37Mi request_cpu=410m request_mem=250Mi limit_cpu=none limit_mem=none vpa_target_cpu=442m vpa_target_mem=250Mi vpa_uncapped_cpu=442m vpa_uncapped_mem=250Mi vpa_lower_cpu=197m vpa_lower_mem=250Mi vpa_upper_cpu=1500m vpa_upper_mem=512Mi
[2026-08-22T01:37:43+02:00] UPF_CONTROL_SAMPLE timestamp=2026-08-22T01:37:42+02:00 scenario=ue_31 pod=open5gs-upf-5b9db6d44-nsbqz uid=7b5b8ef7-a2a2-4fe9-a3e1-74acd17bd88f restarts=6 usage_cpu=277m usage_mem=37Mi request_cpu=410m request_mem=250Mi limit_cpu=none limit_mem=none vpa_target_cpu=442m vpa_target_mem=250Mi vpa_uncapped_cpu=442m vpa_uncapped_mem=250Mi vpa_lower_cpu=197m vpa_lower_mem=250Mi vpa_upper_cpu=1500m vpa_upper_mem=512Mi
[2026-08-22T01:37:43+02:00] FAILED_CLIENT_LOG_BEGIN slot=29 logfile=/tmp/upf_iperf_adaptive_20260822_011359_ue_31/slot_29_attempt_2_ue_34_port_5251.log
[2026-08-22T01:37:43+02:00] FAILED_CLIENT_LOG_END slot=29 logfile=/tmp/upf_iperf_adaptive_20260822_011359_ue_31/slot_29_attempt_2_ue_34_port_5251.log
[2026-08-22T01:37:43+02:00] UE_SLOT_PROBLEM_DETECTED timestamp=2026-08-21T23:37:43+00:00 active_ues=31 slot=29 attempt=2 ue_idx=34 ue_if=uesimtun34 ue_ip=10.45.1.177 port=5251 reason=no_rx_after_connect_timeout_4s remaining_s=72
[2026-08-22T01:37:43+02:00] UE_MARKED_PROBLEMATIC timestamp=2026-08-21T23:37:43+00:00 active_ues=31 ue_idx=34 reason=no_rx_after_connect_timeout_4s scope=scenario_and_global_suspect
[2026-08-22T01:37:44+02:00] UE_SLOT_REPLACE timestamp=2026-08-21T23:37:44+00:00 active_ues=31 slot=29 reason=no_rx_after_connect_timeout_4s old_attempt=2 old_ue_idx=34 old_ue_if=uesimtun34 old_ue_ip=10.45.1.177 old_port=5251 new_attempt=3 new_ue_idx=35 new_ue_if=uesimtun35 new_ue_ip=10.45.1.176 new_port=5252 remaining_s=72 extension_used_s=0 extension_limit_s=1 candidate_reused_global_suspect=0 replacements_total=2
[2026-08-22T01:37:44+02:00] UE_SLOT_START timestamp=2026-08-21T23:37:44+00:00 active_ues=31 slot=29 attempt=3 ue_idx=35 ue_if=uesimtun35 ue_ip=10.45.1.176 target=192.168.1.211:5252 bitrate=1M duration_s=72 planned_end_epoch=1787355535 timeout_s=82 hard_timeout_epoch=1787355551 start_rx_bytes=0
[2026-08-22T01:37:44+02:00] UE_SLOT_PID timestamp=2026-08-21T23:37:44+00:00 active_ues=31 slot=29 attempt=3 ue_idx=35 pid=48443
[2026-08-22T01:37:46+02:00] UPF_CONTROL_SAMPLE timestamp=2026-08-22T01:37:44+02:00 scenario=ue_31 pod=open5gs-upf-5b9db6d44-nsbqz uid=7b5b8ef7-a2a2-4fe9-a3e1-74acd17bd88f restarts=6 usage_cpu=277m usage_mem=37Mi request_cpu=410m request_mem=250Mi limit_cpu=none limit_mem=none vpa_target_cpu=442m vpa_target_mem=250Mi vpa_uncapped_cpu=442m vpa_uncapped_mem=250Mi vpa_lower_cpu=197m vpa_lower_mem=250Mi vpa_upper_cpu=1500m vpa_upper_mem=512Mi
[2026-08-22T01:37:48+02:00] UPF_CONTROL_SAMPLE timestamp=2026-08-22T01:37:47+02:00 scenario=ue_31 pod=open5gs-upf-5b9db6d44-nsbqz uid=7b5b8ef7-a2a2-4fe9-a3e1-74acd17bd88f restarts=6 usage_cpu=277m usage_mem=37Mi request_cpu=410m request_mem=250Mi limit_cpu=none limit_mem=none vpa_target_cpu=442m vpa_target_mem=250Mi vpa_uncapped_cpu=442m vpa_uncapped_mem=250Mi vpa_lower_cpu=197m vpa_lower_mem=250Mi vpa_upper_cpu=1500m vpa_upper_mem=512Mi
[2026-08-22T01:37:50+02:00] UPF_CONTROL_SAMPLE timestamp=2026-08-22T01:37:49+02:00 scenario=ue_31 pod=open5gs-upf-5b9db6d44-nsbqz uid=7b5b8ef7-a2a2-4fe9-a3e1-74acd17bd88f restarts=6 usage_cpu=277m usage_mem=37Mi request_cpu=410m request_mem=250Mi limit_cpu=none limit_mem=none vpa_target_cpu=442m vpa_target_mem=250Mi vpa_uncapped_cpu=442m vpa_uncapped_mem=250Mi vpa_lower_cpu=197m vpa_lower_mem=250Mi vpa_upper_cpu=1500m vpa_upper_mem=512Mi
[2026-08-22T01:37:54+02:00] UPF_CONTROL_SAMPLE timestamp=2026-08-22T01:37:51+02:00 scenario=ue_31 pod=open5gs-upf-5b9db6d44-nsbqz uid=7b5b8ef7-a2a2-4fe9-a3e1-74acd17bd88f restarts=6 usage_cpu=277m usage_mem=37Mi request_cpu=410m request_mem=250Mi limit_cpu=none limit_mem=none vpa_target_cpu=442m vpa_target_mem=250Mi vpa_uncapped_cpu=442m vpa_uncapped_mem=250Mi vpa_lower_cpu=197m vpa_lower_mem=250Mi vpa_upper_cpu=1500m vpa_upper_mem=512Mi
[2026-08-22T01:37:56+02:00] UPF_CONTROL_SAMPLE timestamp=2026-08-22T01:37:55+02:00 scenario=ue_31 pod=open5gs-upf-5b9db6d44-nsbqz uid=7b5b8ef7-a2a2-4fe9-a3e1-74acd17bd88f restarts=6 usage_cpu=450m usage_mem=37Mi request_cpu=410m request_mem=250Mi limit_cpu=none limit_mem=none vpa_target_cpu=442m vpa_target_mem=250Mi vpa_uncapped_cpu=442m vpa_uncapped_mem=250Mi vpa_lower_cpu=197m vpa_lower_mem=250Mi vpa_upper_cpu=1500m vpa_upper_mem=512Mi
[2026-08-22T01:37:58+02:00] UPF_CONTROL_SAMPLE timestamp=2026-08-22T01:37:57+02:00 scenario=ue_31 pod=open5gs-upf-5b9db6d44-nsbqz uid=7b5b8ef7-a2a2-4fe9-a3e1-74acd17bd88f restarts=6 usage_cpu=450m usage_mem=37Mi request_cpu=410m request_mem=250Mi limit_cpu=none limit_mem=none vpa_target_cpu=442m vpa_target_mem=250Mi vpa_uncapped_cpu=442m vpa_uncapped_mem=250Mi vpa_lower_cpu=197m vpa_lower_mem=250Mi vpa_upper_cpu=1500m vpa_upper_mem=512Mi
[2026-08-22T01:38:00+02:00] UPF_CONTROL_SAMPLE timestamp=2026-08-22T01:37:59+02:00 scenario=ue_31 pod=open5gs-upf-5b9db6d44-nsbqz uid=7b5b8ef7-a2a2-4fe9-a3e1-74acd17bd88f restarts=6 usage_cpu=450m usage_mem=37Mi request_cpu=410m request_mem=250Mi limit_cpu=none limit_mem=none vpa_target_cpu=442m vpa_target_mem=250Mi vpa_uncapped_cpu=442m vpa_uncapped_mem=250Mi vpa_lower_cpu=197m vpa_lower_mem=250Mi vpa_upper_cpu=1500m vpa_upper_mem=512Mi
[2026-08-22T01:38:03+02:00] UPF_CONTROL_SAMPLE timestamp=2026-08-22T01:38:02+02:00 scenario=ue_31 pod=open5gs-upf-5b9db6d44-nsbqz uid=7b5b8ef7-a2a2-4fe9-a3e1-74acd17bd88f restarts=6 usage_cpu=450m usage_mem=37Mi request_cpu=410m request_mem=250Mi limit_cpu=none limit_mem=none vpa_target_cpu=442m vpa_target_mem=250Mi vpa_uncapped_cpu=442m vpa_uncapped_mem=250Mi vpa_lower_cpu=197m vpa_lower_mem=250Mi vpa_upper_cpu=1500m vpa_upper_mem=512Mi
[2026-08-22T01:38:05+02:00] UPF_CONTROL_SAMPLE timestamp=2026-08-22T01:38:04+02:00 scenario=ue_31 pod=open5gs-upf-5b9db6d44-nsbqz uid=7b5b8ef7-a2a2-4fe9-a3e1-74acd17bd88f restarts=6 usage_cpu=450m usage_mem=37Mi request_cpu=410m request_mem=250Mi limit_cpu=none limit_mem=none vpa_target_cpu=442m vpa_target_mem=250Mi vpa_uncapped_cpu=442m vpa_uncapped_mem=250Mi vpa_lower_cpu=197m vpa_lower_mem=250Mi vpa_upper_cpu=1500m vpa_upper_mem=512Mi
[2026-08-22T01:38:07+02:00] UPF_CONTROL_SAMPLE timestamp=2026-08-22T01:38:06+02:00 scenario=ue_31 pod=open5gs-upf-5b9db6d44-nsbqz uid=7b5b8ef7-a2a2-4fe9-a3e1-74acd17bd88f restarts=6 usage_cpu=450m usage_mem=37Mi request_cpu=410m request_mem=250Mi limit_cpu=none limit_mem=none vpa_target_cpu=442m vpa_target_mem=250Mi vpa_uncapped_cpu=442m vpa_uncapped_mem=250Mi vpa_lower_cpu=197m vpa_lower_mem=250Mi vpa_upper_cpu=1500m vpa_upper_mem=512Mi
[2026-08-22T01:38:10+02:00] UPF_CONTROL_SAMPLE timestamp=2026-08-22T01:38:08+02:00 scenario=ue_31 pod=open5gs-upf-5b9db6d44-nsbqz uid=7b5b8ef7-a2a2-4fe9-a3e1-74acd17bd88f restarts=6 usage_cpu=450m usage_mem=37Mi request_cpu=410m request_mem=250Mi limit_cpu=none limit_mem=none vpa_target_cpu=442m vpa_target_mem=250Mi vpa_uncapped_cpu=442m vpa_uncapped_mem=250Mi vpa_lower_cpu=197m vpa_lower_mem=250Mi vpa_upper_cpu=1500m vpa_upper_mem=512Mi
[2026-08-22T01:38:12+02:00] VPA_RECOMMENDATION_CHANGE timestamp=2026-08-22T01:38:11+02:00 scenario=ue_31 old='vpa_target_cpu=442m vpa_target_mem=250Mi vpa_uncapped_cpu=442m vpa_uncapped_mem=250Mi vpa_lower_cpu=197m vpa_lower_mem=250Mi vpa_upper_cpu=1500m vpa_upper_mem=512Mi' new='vpa_target_cpu=476m vpa_target_mem=250Mi vpa_uncapped_cpu=476m vpa_uncapped_mem=250Mi vpa_lower_cpu=218m vpa_lower_mem=250Mi vpa_upper_cpu=1500m vpa_upper_mem=512Mi' previous_5s_sample='timestamp=2026-08-22T01:38:06+02:00 scenario=ue_31 pod=open5gs-upf-5b9db6d44-nsbqz uid=7b5b8ef7-a2a2-4fe9-a3e1-74acd17bd88f restarts=6 usage_cpu=450m usage_mem=37Mi request_cpu=410m request_mem=250Mi limit_cpu=none limit_mem=none vpa_target_cpu=442m vpa_target_mem=250Mi vpa_uncapped_cpu=442m vpa_uncapped_mem=250Mi vpa_lower_cpu=197m vpa_lower_mem=250Mi vpa_upper_cpu=1500m vpa_upper_mem=512Mi' current_sample='timestamp=2026-08-22T01:38:11+02:00 scenario=ue_31 pod=open5gs-upf-5b9db6d44-nsbqz uid=7b5b8ef7-a2a2-4fe9-a3e1-74acd17bd88f restarts=6 usage_cpu=445m usage_mem=37Mi request_cpu=410m request_mem=250Mi limit_cpu=none limit_mem=none vpa_target_cpu=476m vpa_target_mem=250Mi vpa_uncapped_cpu=476m vpa_uncapped_mem=250Mi vpa_lower_cpu=218m vpa_lower_mem=250Mi vpa_upper_cpu=1500m vpa_upper_mem=512Mi'
[2026-08-22T01:38:12+02:00] UPF_CONTROL_SAMPLE timestamp=2026-08-22T01:38:11+02:00 scenario=ue_31 pod=open5gs-upf-5b9db6d44-nsbqz uid=7b5b8ef7-a2a2-4fe9-a3e1-74acd17bd88f restarts=6 usage_cpu=445m usage_mem=37Mi request_cpu=410m request_mem=250Mi limit_cpu=none limit_mem=none vpa_target_cpu=476m vpa_target_mem=250Mi vpa_uncapped_cpu=476m vpa_uncapped_mem=250Mi vpa_lower_cpu=218m vpa_lower_mem=250Mi vpa_upper_cpu=1500m vpa_upper_mem=512Mi
[2026-08-22T01:38:14+02:00] UPF_CONTROL_SAMPLE timestamp=2026-08-22T01:38:13+02:00 scenario=ue_31 pod=open5gs-upf-5b9db6d44-nsbqz uid=7b5b8ef7-a2a2-4fe9-a3e1-74acd17bd88f restarts=6 usage_cpu=445m usage_mem=37Mi request_cpu=410m request_mem=250Mi limit_cpu=none limit_mem=none vpa_target_cpu=476m vpa_target_mem=250Mi vpa_uncapped_cpu=476m vpa_uncapped_mem=250Mi vpa_lower_cpu=218m vpa_lower_mem=250Mi vpa_upper_cpu=1500m vpa_upper_mem=512Mi
[2026-08-22T01:38:16+02:00] UPF_CONTROL_SAMPLE timestamp=2026-08-22T01:38:15+02:00 scenario=ue_31 pod=open5gs-upf-5b9db6d44-nsbqz uid=7b5b8ef7-a2a2-4fe9-a3e1-74acd17bd88f restarts=6 usage_cpu=445m usage_mem=37Mi request_cpu=410m request_mem=250Mi limit_cpu=none limit_mem=none vpa_target_cpu=476m vpa_target_mem=250Mi vpa_uncapped_cpu=476m vpa_uncapped_mem=250Mi vpa_lower_cpu=218m vpa_lower_mem=250Mi vpa_upper_cpu=1500m vpa_upper_mem=512Mi
[2026-08-22T01:38:19+02:00] UPF_CONTROL_SAMPLE timestamp=2026-08-22T01:38:17+02:00 scenario=ue_31 pod=open5gs-upf-5b9db6d44-nsbqz uid=7b5b8ef7-a2a2-4fe9-a3e1-74acd17bd88f restarts=6 usage_cpu=445m usage_mem=37Mi request_cpu=410m request_mem=250Mi limit_cpu=none limit_mem=none vpa_target_cpu=476m vpa_target_mem=250Mi vpa_uncapped_cpu=476m vpa_uncapped_mem=250Mi vpa_lower_cpu=218m vpa_lower_mem=250Mi vpa_upper_cpu=1500m vpa_upper_mem=512Mi
[2026-08-22T01:38:21+02:00] UPF_CONTROL_SAMPLE timestamp=2026-08-22T01:38:20+02:00 scenario=ue_31 pod=open5gs-upf-5b9db6d44-nsbqz uid=7b5b8ef7-a2a2-4fe9-a3e1-74acd17bd88f restarts=6 usage_cpu=445m usage_mem=37Mi request_cpu=410m request_mem=250Mi limit_cpu=none limit_mem=none vpa_target_cpu=476m vpa_target_mem=250Mi vpa_uncapped_cpu=476m vpa_uncapped_mem=250Mi vpa_lower_cpu=218m vpa_lower_mem=250Mi vpa_upper_cpu=1500m vpa_upper_mem=512Mi
[2026-08-22T01:38:23+02:00] UPF_CONTROL_SAMPLE timestamp=2026-08-22T01:38:22+02:00 scenario=ue_31 pod=open5gs-upf-5b9db6d44-nsbqz uid=7b5b8ef7-a2a2-4fe9-a3e1-74acd17bd88f restarts=6 usage_cpu=445m usage_mem=37Mi request_cpu=410m request_mem=250Mi limit_cpu=none limit_mem=none vpa_target_cpu=476m vpa_target_mem=250Mi vpa_uncapped_cpu=476m vpa_uncapped_mem=250Mi vpa_lower_cpu=218m vpa_lower_mem=250Mi vpa_upper_cpu=1500m vpa_upper_mem=512Mi
[2026-08-22T01:38:26+02:00] UPF_CONTROL_SAMPLE timestamp=2026-08-22T01:38:24+02:00 scenario=ue_31 pod=open5gs-upf-5b9db6d44-nsbqz uid=7b5b8ef7-a2a2-4fe9-a3e1-74acd17bd88f restarts=6 usage_cpu=501m usage_mem=37Mi request_cpu=410m request_mem=250Mi limit_cpu=none limit_mem=none vpa_target_cpu=476m vpa_target_mem=250Mi vpa_uncapped_cpu=476m vpa_uncapped_mem=250Mi vpa_lower_cpu=218m vpa_lower_mem=250Mi vpa_upper_cpu=1500m vpa_upper_mem=512Mi
[2026-08-22T01:38:28+02:00] UPF_REQUEST_CHANGE timestamp=2026-08-22T01:38:27+02:00 scenario=ue_31 pod=open5gs-upf-5b9db6d44-nsbqz uid=7b5b8ef7-a2a2-4fe9-a3e1-74acd17bd88f restarts=6 old='request_cpu=410m request_mem=250Mi limit_cpu=none limit_mem=none' new='request_cpu=476m request_mem=250Mi limit_cpu=none limit_mem=none' previous_5s_sample='timestamp=2026-08-22T01:38:22+02:00 scenario=ue_31 pod=open5gs-upf-5b9db6d44-nsbqz uid=7b5b8ef7-a2a2-4fe9-a3e1-74acd17bd88f restarts=6 usage_cpu=445m usage_mem=37Mi request_cpu=410m request_mem=250Mi limit_cpu=none limit_mem=none vpa_target_cpu=476m vpa_target_mem=250Mi vpa_uncapped_cpu=476m vpa_uncapped_mem=250Mi vpa_lower_cpu=218m vpa_lower_mem=250Mi vpa_upper_cpu=1500m vpa_upper_mem=512Mi' current_sample='timestamp=2026-08-22T01:38:27+02:00 scenario=ue_31 pod=open5gs-upf-5b9db6d44-nsbqz uid=7b5b8ef7-a2a2-4fe9-a3e1-74acd17bd88f restarts=6 usage_cpu=501m usage_mem=37Mi request_cpu=476m request_mem=250Mi limit_cpu=none limit_mem=none vpa_target_cpu=476m vpa_target_mem=250Mi vpa_uncapped_cpu=476m vpa_uncapped_mem=250Mi vpa_lower_cpu=218m vpa_lower_mem=250Mi vpa_upper_cpu=1500m vpa_upper_mem=512Mi'
[2026-08-22T01:38:28+02:00] UPF_CONTROL_SAMPLE timestamp=2026-08-22T01:38:27+02:00 scenario=ue_31 pod=open5gs-upf-5b9db6d44-nsbqz uid=7b5b8ef7-a2a2-4fe9-a3e1-74acd17bd88f restarts=6 usage_cpu=501m usage_mem=37Mi request_cpu=476m request_mem=250Mi limit_cpu=none limit_mem=none vpa_target_cpu=476m vpa_target_mem=250Mi vpa_uncapped_cpu=476m vpa_uncapped_mem=250Mi vpa_lower_cpu=218m vpa_lower_mem=250Mi vpa_upper_cpu=1500m vpa_upper_mem=512Mi
[2026-08-22T01:38:30+02:00] UPF_CONTROL_SAMPLE timestamp=2026-08-22T01:38:29+02:00 scenario=ue_31 pod=open5gs-upf-5b9db6d44-nsbqz uid=7b5b8ef7-a2a2-4fe9-a3e1-74acd17bd88f restarts=6 usage_cpu=501m usage_mem=37Mi request_cpu=476m request_mem=250Mi limit_cpu=none limit_mem=none vpa_target_cpu=476m vpa_target_mem=250Mi vpa_uncapped_cpu=476m vpa_uncapped_mem=250Mi vpa_lower_cpu=218m vpa_lower_mem=250Mi vpa_upper_cpu=1500m vpa_upper_mem=512Mi
[2026-08-22T01:38:32+02:00] UPF_CONTROL_SAMPLE timestamp=2026-08-22T01:38:31+02:00 scenario=ue_31 pod=open5gs-upf-5b9db6d44-nsbqz uid=7b5b8ef7-a2a2-4fe9-a3e1-74acd17bd88f restarts=6 usage_cpu=501m usage_mem=37Mi request_cpu=476m request_mem=250Mi limit_cpu=none limit_mem=none vpa_target_cpu=476m vpa_target_mem=250Mi vpa_uncapped_cpu=476m vpa_uncapped_mem=250Mi vpa_lower_cpu=218m vpa_lower_mem=250Mi vpa_upper_cpu=1500m vpa_upper_mem=512Mi
[2026-08-22T01:38:35+02:00] UPF_CONTROL_SAMPLE timestamp=2026-08-22T01:38:34+02:00 scenario=ue_31 pod=open5gs-upf-5b9db6d44-nsbqz uid=7b5b8ef7-a2a2-4fe9-a3e1-74acd17bd88f restarts=6 usage_cpu=501m usage_mem=37Mi request_cpu=476m request_mem=250Mi limit_cpu=none limit_mem=none vpa_target_cpu=476m vpa_target_mem=250Mi vpa_uncapped_cpu=476m vpa_uncapped_mem=250Mi vpa_lower_cpu=218m vpa_lower_mem=250Mi vpa_upper_cpu=1500m vpa_upper_mem=512Mi
[2026-08-22T01:38:37+02:00] UPF_CONTROL_SAMPLE timestamp=2026-08-22T01:38:36+02:00 scenario=ue_31 pod=open5gs-upf-5b9db6d44-nsbqz uid=7b5b8ef7-a2a2-4fe9-a3e1-74acd17bd88f restarts=6 usage_cpu=501m usage_mem=37Mi request_cpu=476m request_mem=250Mi limit_cpu=none limit_mem=none vpa_target_cpu=476m vpa_target_mem=250Mi vpa_uncapped_cpu=476m vpa_uncapped_mem=250Mi vpa_lower_cpu=218m vpa_lower_mem=250Mi vpa_upper_cpu=1500m vpa_upper_mem=512Mi
[2026-08-22T01:38:39+02:00] UPF_CONTROL_SAMPLE timestamp=2026-08-22T01:38:38+02:00 scenario=ue_31 pod=open5gs-upf-5b9db6d44-nsbqz uid=7b5b8ef7-a2a2-4fe9-a3e1-74acd17bd88f restarts=6 usage_cpu=501m usage_mem=37Mi request_cpu=476m request_mem=250Mi limit_cpu=none limit_mem=none vpa_target_cpu=476m vpa_target_mem=250Mi vpa_uncapped_cpu=476m vpa_uncapped_mem=250Mi vpa_lower_cpu=218m vpa_lower_mem=250Mi vpa_upper_cpu=1500m vpa_upper_mem=512Mi
[2026-08-22T01:38:42+02:00] UPF_CONTROL_SAMPLE timestamp=2026-08-22T01:38:40+02:00 scenario=ue_31 pod=open5gs-upf-5b9db6d44-nsbqz uid=7b5b8ef7-a2a2-4fe9-a3e1-74acd17bd88f restarts=6 usage_cpu=459m usage_mem=37Mi request_cpu=476m request_mem=250Mi limit_cpu=none limit_mem=none vpa_target_cpu=476m vpa_target_mem=250Mi vpa_uncapped_cpu=476m vpa_uncapped_mem=250Mi vpa_lower_cpu=218m vpa_lower_mem=250Mi vpa_upper_cpu=1500m vpa_upper_mem=512Mi
[2026-08-22T01:38:44+02:00] UPF_CONTROL_SAMPLE timestamp=2026-08-22T01:38:43+02:00 scenario=ue_31 pod=open5gs-upf-5b9db6d44-nsbqz uid=7b5b8ef7-a2a2-4fe9-a3e1-74acd17bd88f restarts=6 usage_cpu=459m usage_mem=37Mi request_cpu=476m request_mem=250Mi limit_cpu=none limit_mem=none vpa_target_cpu=476m vpa_target_mem=250Mi vpa_uncapped_cpu=476m vpa_uncapped_mem=250Mi vpa_lower_cpu=218m vpa_lower_mem=250Mi vpa_upper_cpu=1500m vpa_upper_mem=512Mi
[2026-08-22T01:38:46+02:00] UPF_CONTROL_SAMPLE timestamp=2026-08-22T01:38:45+02:00 scenario=ue_31 pod=open5gs-upf-5b9db6d44-nsbqz uid=7b5b8ef7-a2a2-4fe9-a3e1-74acd17bd88f restarts=6 usage_cpu=459m usage_mem=37Mi request_cpu=476m request_mem=250Mi limit_cpu=none limit_mem=none vpa_target_cpu=476m vpa_target_mem=250Mi vpa_uncapped_cpu=476m vpa_uncapped_mem=250Mi vpa_lower_cpu=218m vpa_lower_mem=250Mi vpa_upper_cpu=1500m vpa_upper_mem=512Mi
[2026-08-22T01:38:48+02:00] UPF_CONTROL_SAMPLE timestamp=2026-08-22T01:38:47+02:00 scenario=ue_31 pod=open5gs-upf-5b9db6d44-nsbqz uid=7b5b8ef7-a2a2-4fe9-a3e1-74acd17bd88f restarts=6 usage_cpu=459m usage_mem=37Mi request_cpu=476m request_mem=250Mi limit_cpu=none limit_mem=none vpa_target_cpu=476m vpa_target_mem=250Mi vpa_uncapped_cpu=476m vpa_uncapped_mem=250Mi vpa_lower_cpu=218m vpa_lower_mem=250Mi vpa_upper_cpu=1500m vpa_upper_mem=512Mi
[2026-08-22T01:38:49+02:00] UE_SLOT_DONE timestamp=2026-08-21T23:38:49+00:00 active_ues=31 slot=0 attempt=1 ue_idx=0 ue_if=uesimtun0 ue_ip=10.45.1.146 port=5201 rc=0 replacements_for_slot=0 server_busy_retries_for_slot=0
[2026-08-22T01:38:49+02:00] UE_SLOT_DONE timestamp=2026-08-21T23:38:49+00:00 active_ues=31 slot=1 attempt=1 ue_idx=1 ue_if=uesimtun1 ue_ip=10.45.1.147 port=5202 rc=0 replacements_for_slot=0 server_busy_retries_for_slot=0
[2026-08-22T01:38:49+02:00] UE_SLOT_DONE timestamp=2026-08-21T23:38:49+00:00 active_ues=31 slot=2 attempt=1 ue_idx=2 ue_if=uesimtun2 ue_ip=10.45.1.148 port=5203 rc=0 replacements_for_slot=0 server_busy_retries_for_slot=0
[2026-08-22T01:38:49+02:00] UE_SLOT_DONE timestamp=2026-08-21T23:38:49+00:00 active_ues=31 slot=3 attempt=1 ue_idx=3 ue_if=uesimtun3 ue_ip=10.45.1.149 port=5204 rc=0 replacements_for_slot=0 server_busy_retries_for_slot=0
[2026-08-22T01:38:50+02:00] UPF_CONTROL_SAMPLE timestamp=2026-08-22T01:38:49+02:00 scenario=ue_31 pod=open5gs-upf-5b9db6d44-nsbqz uid=7b5b8ef7-a2a2-4fe9-a3e1-74acd17bd88f restarts=6 usage_cpu=459m usage_mem=37Mi request_cpu=476m request_mem=250Mi limit_cpu=none limit_mem=none vpa_target_cpu=476m vpa_target_mem=250Mi vpa_uncapped_cpu=476m vpa_uncapped_mem=250Mi vpa_lower_cpu=218m vpa_lower_mem=250Mi vpa_upper_cpu=1500m vpa_upper_mem=512Mi
[2026-08-22T01:38:51+02:00] UE_SLOT_DONE timestamp=2026-08-21T23:38:51+00:00 active_ues=31 slot=4 attempt=1 ue_idx=4 ue_if=uesimtun4 ue_ip=10.45.1.151 port=5205 rc=0 replacements_for_slot=0 server_busy_retries_for_slot=0
[2026-08-22T01:38:51+02:00] UE_SLOT_DONE timestamp=2026-08-21T23:38:51+00:00 active_ues=31 slot=5 attempt=1 ue_idx=5 ue_if=uesimtun5 ue_ip=10.45.1.150 port=5206 rc=0 replacements_for_slot=0 server_busy_retries_for_slot=0
[2026-08-22T01:38:51+02:00] UE_SLOT_DONE timestamp=2026-08-21T23:38:51+00:00 active_ues=31 slot=6 attempt=1 ue_idx=6 ue_if=uesimtun6 ue_ip=10.45.1.152 port=5207 rc=0 replacements_for_slot=0 server_busy_retries_for_slot=0
[2026-08-22T01:38:51+02:00] UE_SLOT_DONE timestamp=2026-08-21T23:38:51+00:00 active_ues=31 slot=7 attempt=1 ue_idx=7 ue_if=uesimtun7 ue_ip=10.45.1.154 port=5208 rc=0 replacements_for_slot=0 server_busy_retries_for_slot=0
[2026-08-22T01:38:51+02:00] UE_SLOT_DONE timestamp=2026-08-21T23:38:51+00:00 active_ues=31 slot=8 attempt=1 ue_idx=8 ue_if=uesimtun8 ue_ip=10.45.1.156 port=5209 rc=0 replacements_for_slot=0 server_busy_retries_for_slot=0
[2026-08-22T01:38:51+02:00] UE_SLOT_DONE timestamp=2026-08-21T23:38:51+00:00 active_ues=31 slot=9 attempt=1 ue_idx=9 ue_if=uesimtun9 ue_ip=10.45.1.158 port=5210 rc=0 replacements_for_slot=0 server_busy_retries_for_slot=0
[2026-08-22T01:38:51+02:00] UE_SLOT_DONE timestamp=2026-08-21T23:38:51+00:00 active_ues=31 slot=10 attempt=1 ue_idx=10 ue_if=uesimtun10 ue_ip=10.45.1.159 port=5211 rc=0 replacements_for_slot=0 server_busy_retries_for_slot=0
[2026-08-22T01:38:51+02:00] UE_SLOT_DONE timestamp=2026-08-21T23:38:51+00:00 active_ues=31 slot=11 attempt=1 ue_idx=11 ue_if=uesimtun11 ue_ip=10.45.1.155 port=5212 rc=0 replacements_for_slot=0 server_busy_retries_for_slot=0
[2026-08-22T01:38:51+02:00] UE_SLOT_DONE timestamp=2026-08-21T23:38:51+00:00 active_ues=31 slot=12 attempt=1 ue_idx=12 ue_if=uesimtun12 ue_ip=10.45.1.164 port=5213 rc=0 replacements_for_slot=0 server_busy_retries_for_slot=0
[2026-08-22T01:38:51+02:00] UE_SLOT_DONE timestamp=2026-08-21T23:38:51+00:00 active_ues=31 slot=13 attempt=1 ue_idx=13 ue_if=uesimtun13 ue_ip=10.45.1.161 port=5214 rc=0 replacements_for_slot=0 server_busy_retries_for_slot=0
[2026-08-22T01:38:51+02:00] UE_SLOT_DONE timestamp=2026-08-21T23:38:51+00:00 active_ues=31 slot=14 attempt=1 ue_idx=14 ue_if=uesimtun14 ue_ip=10.45.1.167 port=5215 rc=0 replacements_for_slot=0 server_busy_retries_for_slot=0
[2026-08-22T01:38:52+02:00] UPF_CONTROL_SAMPLE timestamp=2026-08-22T01:38:51+02:00 scenario=ue_31 pod=open5gs-upf-5b9db6d44-nsbqz uid=7b5b8ef7-a2a2-4fe9-a3e1-74acd17bd88f restarts=6 usage_cpu=459m usage_mem=37Mi request_cpu=476m request_mem=250Mi limit_cpu=none limit_mem=none vpa_target_cpu=476m vpa_target_mem=250Mi vpa_uncapped_cpu=476m vpa_uncapped_mem=250Mi vpa_lower_cpu=218m vpa_lower_mem=250Mi vpa_upper_cpu=1500m vpa_upper_mem=512Mi
[2026-08-22T01:38:53+02:00] UE_SLOT_DONE timestamp=2026-08-21T23:38:53+00:00 active_ues=31 slot=15 attempt=1 ue_idx=15 ue_if=uesimtun15 ue_ip=10.45.1.157 port=5216 rc=0 replacements_for_slot=0 server_busy_retries_for_slot=0
[2026-08-22T01:38:53+02:00] UE_SLOT_DONE timestamp=2026-08-21T23:38:53+00:00 active_ues=31 slot=16 attempt=1 ue_idx=16 ue_if=uesimtun16 ue_ip=10.45.1.168 port=5217 rc=0 replacements_for_slot=0 server_busy_retries_for_slot=0
[2026-08-22T01:38:53+02:00] UE_SLOT_DONE timestamp=2026-08-21T23:38:53+00:00 active_ues=31 slot=17 attempt=1 ue_idx=17 ue_if=uesimtun17 ue_ip=10.45.1.171 port=5218 rc=0 replacements_for_slot=0 server_busy_retries_for_slot=0
[2026-08-22T01:38:53+02:00] UE_SLOT_DONE timestamp=2026-08-21T23:38:53+00:00 active_ues=31 slot=18 attempt=1 ue_idx=20 ue_if=uesimtun20 ue_ip=10.45.1.178 port=5219 rc=0 replacements_for_slot=0 server_busy_retries_for_slot=0
[2026-08-22T01:38:53+02:00] UE_SLOT_DONE timestamp=2026-08-21T23:38:53+00:00 active_ues=31 slot=19 attempt=1 ue_idx=21 ue_if=uesimtun21 ue_ip=10.45.1.182 port=5220 rc=0 replacements_for_slot=0 server_busy_retries_for_slot=0
[2026-08-22T01:38:53+02:00] UE_SLOT_DONE timestamp=2026-08-21T23:38:53+00:00 active_ues=31 slot=20 attempt=1 ue_idx=22 ue_if=uesimtun22 ue_ip=10.45.1.184 port=5221 rc=0 replacements_for_slot=0 server_busy_retries_for_slot=0
[2026-08-22T01:38:53+02:00] UE_SLOT_DONE timestamp=2026-08-21T23:38:53+00:00 active_ues=31 slot=21 attempt=1 ue_idx=23 ue_if=uesimtun23 ue_ip=10.45.1.183 port=5222 rc=0 replacements_for_slot=0 server_busy_retries_for_slot=0
[2026-08-22T01:38:54+02:00] UE_SLOT_DONE timestamp=2026-08-21T23:38:54+00:00 active_ues=31 slot=22 attempt=1 ue_idx=24 ue_if=uesimtun24 ue_ip=10.45.1.187 port=5223 rc=0 replacements_for_slot=0 server_busy_retries_for_slot=0
[2026-08-22T01:38:55+02:00] UE_SLOT_DONE timestamp=2026-08-21T23:38:54+00:00 active_ues=31 slot=23 attempt=1 ue_idx=25 ue_if=uesimtun25 ue_ip=10.45.1.186 port=5224 rc=0 replacements_for_slot=0 server_busy_retries_for_slot=0
[2026-08-22T01:38:55+02:00] UE_SLOT_DONE timestamp=2026-08-21T23:38:54+00:00 active_ues=31 slot=24 attempt=1 ue_idx=26 ue_if=uesimtun26 ue_ip=10.45.1.189 port=5225 rc=0 replacements_for_slot=0 server_busy_retries_for_slot=0
[2026-08-22T01:38:55+02:00] UE_SLOT_DONE timestamp=2026-08-21T23:38:54+00:00 active_ues=31 slot=25 attempt=1 ue_idx=27 ue_if=uesimtun27 ue_ip=10.45.1.153 port=5226 rc=0 replacements_for_slot=0 server_busy_retries_for_slot=0
[2026-08-22T01:38:55+02:00] UE_SLOT_DONE timestamp=2026-08-21T23:38:54+00:00 active_ues=31 slot=26 attempt=1 ue_idx=28 ue_if=uesimtun28 ue_ip=10.45.1.160 port=5227 rc=0 replacements_for_slot=0 server_busy_retries_for_slot=0
[2026-08-22T01:38:55+02:00] UE_SLOT_DONE timestamp=2026-08-21T23:38:55+00:00 active_ues=31 slot=27 attempt=1 ue_idx=30 ue_if=uesimtun30 ue_ip=10.45.1.192 port=5228 rc=0 replacements_for_slot=0 server_busy_retries_for_slot=0
[2026-08-22T01:38:55+02:00] UPF_CONTROL_SAMPLE timestamp=2026-08-22T01:38:53+02:00 scenario=ue_31 pod=open5gs-upf-5b9db6d44-nsbqz uid=7b5b8ef7-a2a2-4fe9-a3e1-74acd17bd88f restarts=6 usage_cpu=459m usage_mem=37Mi request_cpu=476m request_mem=250Mi limit_cpu=none limit_mem=none vpa_target_cpu=476m vpa_target_mem=250Mi vpa_uncapped_cpu=476m vpa_uncapped_mem=250Mi vpa_lower_cpu=218m vpa_lower_mem=250Mi vpa_upper_cpu=1500m vpa_upper_mem=512Mi
[2026-08-22T01:38:56+02:00] UE_SLOT_DONE timestamp=2026-08-21T23:38:56+00:00 active_ues=31 slot=28 attempt=1 ue_idx=31 ue_if=uesimtun31 ue_ip=10.45.1.194 port=5229 rc=0 replacements_for_slot=0 server_busy_retries_for_slot=0
[2026-08-22T01:38:56+02:00] UE_SLOT_DONE timestamp=2026-08-21T23:38:56+00:00 active_ues=31 slot=30 attempt=1 ue_idx=33 ue_if=uesimtun33 ue_ip=10.45.1.173 port=5231 rc=0 replacements_for_slot=0 server_busy_retries_for_slot=0
[2026-08-22T01:38:57+02:00] UE_SLOT_DONE timestamp=2026-08-21T23:38:57+00:00 active_ues=31 slot=29 attempt=3 ue_idx=35 ue_if=uesimtun35 ue_ip=10.45.1.176 port=5252 rc=0 replacements_for_slot=2 server_busy_retries_for_slot=0
[2026-08-22T01:38:58+02:00] TRAFFIC_SUMMARY timestamp=2026-08-21T23:38:58+00:00 registered_tunnels=50 active_ues=31 target_slots=31 completed_slots=31 final_failed_slots=0 replacements=2 problematic_ues=2 zombie_ues=2 connect_timeouts=2 stalls=0 deferred_stalls=0 process_failures=0 server_busy_retries=0 server_busy_failures=0 late_timeouts_accepted=0 scenario_bad_ues=2 global_suspect_ues=5 used_ues=33 target_host=192.168.1.211 initial_ports=5201-5231 replacement_ports=5251-5265 bitrate=1M start_delay=0.05 detection=no_rx_counter replacement_min_duration_s=5 adaptive_extension_max_s=1 iperf_exit_grace_s=3 server_busy_retries_limit=1 server_busy_retry_delay_s=2 late_replacement_after_end=disabled wait_for_iperf_exit=until_timeout global_suspect_policy=soft_reuse ramp_supervision=after_initial_start
[2026-08-22T01:38:58+02:00] UE_POOL_SCENARIO_BAD_CURRENT timestamp=2026-08-21T23:38:58+00:00 active_ues=31 indexes=32,34
[2026-08-22T01:38:58+02:00] UE_POOL_GLOBAL_SUSPECT_CURRENT timestamp=2026-08-21T23:38:58+00:00 active_ues=31 indexes=18,19,29,32,34
[2026-08-22T01:38:58+02:00] UPF_CONTROL_SAMPLE timestamp=2026-08-22T01:38:56+02:00 scenario=ue_31 pod=open5gs-upf-5b9db6d44-nsbqz uid=7b5b8ef7-a2a2-4fe9-a3e1-74acd17bd88f restarts=6 usage_cpu=459m usage_mem=37Mi request_cpu=476m request_mem=250Mi limit_cpu=none limit_mem=none vpa_target_cpu=476m vpa_target_mem=250Mi vpa_uncapped_cpu=476m vpa_uncapped_mem=250Mi vpa_lower_cpu=218m vpa_lower_mem=250Mi vpa_upper_cpu=1500m vpa_upper_mem=512Mi
[2026-08-22T01:38:58+02:00] REMOTE_IPERF_PER_UE_END timestamp=2026-08-21T23:38:58+00:00 active_ues=31 tag=ue_31 final_rc=0 completed_slots=31 replacements=2 problematic_ues=2 server_busy_retries=0 deferred_stalls=0 late_timeouts_accepted=0
[2026-08-22T01:38:58+02:00] SCENARIO TRAFFIC COMMAND END timestamp=2026-08-22T01:38:58+02:00 active_ue=31 rc=0
[2026-08-22T01:38:59+02:00] SCENARIO UPF AFTER timestamp=2026-08-22T01:38:59+02:00 active_ue=31 pod=open5gs-upf-5b9db6d44-nsbqz uid=7b5b8ef7-a2a2-4fe9-a3e1-74acd17bd88f restarts=6
[2026-08-22T01:38:59+02:00] SCENARIO END timestamp=2026-08-22T01:38:59+02:00 active_ue=31 rc=0
[2026-08-22T01:38:59+02:00] ================================================================
[2026-08-22T01:38:59+02:00] SCENARIO START timestamp=2026-08-22T01:38:59+02:00 active_ue=33 registered_ue_pool=50 target_host=192.168.1.211 ports=5201-5233 replacement_ports=5251-5265 bitrate_per_ue=1M start_delay=0.05 replacement_min_duration=5 adaptive_extension_max=1
[2026-08-22T01:38:59+02:00] ================================================================
[2026-08-22T01:39:00+02:00] SCENARIO TUNNEL CHECK timestamp=2026-08-22T01:39:00+02:00 active_ue=33 current_tunnels=50 required=50
[2026-08-22T01:39:01+02:00] SCENARIO UPF BEFORE timestamp=2026-08-22T01:39:01+02:00 active_ue=33 pod=open5gs-upf-5b9db6d44-nsbqz uid=7b5b8ef7-a2a2-4fe9-a3e1-74acd17bd88f restarts=6
[2026-08-22T01:39:01+02:00] REMOTE_IPERF_PER_UE_START timestamp=2026-08-21T23:39:01+00:00 active_ues=33 tag=ue_33 iperf_host=192.168.1.211 base_port=5201 replacement_base_port=5251 duration=80 bitrate=1M start_delay=0.05 detection=no_rx_counter connect_timeout_s=4 stall_seconds=5 replacement_limit=15 replacement_min_duration_s=5 adaptive_extension_max_s=1 iperf_exit_grace_s=3 server_busy_port_rebinds=1 late_replacement_after_end=disabled wait_for_iperf_exit=until_timeout global_suspect_policy=soft_reuse ramp_supervision=after_initial_start
[2026-08-22T01:39:01+02:00] UPF_CONTROL_SAMPLE timestamp=2026-08-22T01:38:59+02:00 scenario=ue_33 pod=open5gs-upf-5b9db6d44-nsbqz uid=7b5b8ef7-a2a2-4fe9-a3e1-74acd17bd88f restarts=6 usage_cpu=459m usage_mem=37Mi request_cpu=476m request_mem=250Mi limit_cpu=none limit_mem=none vpa_target_cpu=476m vpa_target_mem=250Mi vpa_uncapped_cpu=476m vpa_uncapped_mem=250Mi vpa_lower_cpu=218m vpa_lower_mem=250Mi vpa_upper_cpu=1500m vpa_upper_mem=512Mi
[2026-08-22T01:39:01+02:00] UE_POOL_STATUS timestamp=2026-08-21T23:39:01+00:00 active_ues=33 registered_tunnels=50 existing_global_suspect_ues=5 used_ues=0 policy=soft_reuse_global_suspects
[2026-08-22T01:39:02+02:00] UE_SLOT_ASSIGN timestamp=2026-08-21T23:39:01+00:00 active_ues=33 slot=0 ue_idx=0 ue_if=uesimtun0 ue_ip=10.45.1.146 candidate_reused_global_suspect=0
[2026-08-22T01:39:02+02:00] UE_SLOT_START timestamp=2026-08-21T23:39:02+00:00 active_ues=33 slot=0 attempt=1 ue_idx=0 ue_if=uesimtun0 ue_ip=10.45.1.146 target=192.168.1.211:5201 bitrate=1M duration_s=80 planned_end_epoch=1787355621 timeout_s=90 hard_timeout_epoch=1787355636 start_rx_bytes=1523128
[2026-08-22T01:39:02+02:00] UE_SLOT_PID timestamp=2026-08-21T23:39:02+00:00 active_ues=33 slot=0 attempt=1 ue_idx=0 pid=51605
[2026-08-22T01:39:02+02:00] UE_SLOT_ASSIGN timestamp=2026-08-21T23:39:02+00:00 active_ues=33 slot=1 ue_idx=1 ue_if=uesimtun1 ue_ip=10.45.1.147 candidate_reused_global_suspect=0
[2026-08-22T01:39:02+02:00] UE_SLOT_START timestamp=2026-08-21T23:39:02+00:00 active_ues=33 slot=1 attempt=1 ue_idx=1 ue_if=uesimtun1 ue_ip=10.45.1.147 target=192.168.1.211:5202 bitrate=1M duration_s=80 planned_end_epoch=1787355622 timeout_s=90 hard_timeout_epoch=1787355637 start_rx_bytes=1470213
[2026-08-22T01:39:02+02:00] UE_SLOT_PID timestamp=2026-08-21T23:39:02+00:00 active_ues=33 slot=1 attempt=1 ue_idx=1 pid=51630
[2026-08-22T01:39:02+02:00] UE_SLOT_ASSIGN timestamp=2026-08-21T23:39:02+00:00 active_ues=33 slot=2 ue_idx=2 ue_if=uesimtun2 ue_ip=10.45.1.148 candidate_reused_global_suspect=0
[2026-08-22T01:39:02+02:00] UE_SLOT_START timestamp=2026-08-21T23:39:02+00:00 active_ues=33 slot=2 attempt=1 ue_idx=2 ue_if=uesimtun2 ue_ip=10.45.1.148 target=192.168.1.211:5203 bitrate=1M duration_s=80 planned_end_epoch=1787355622 timeout_s=90 hard_timeout_epoch=1787355637 start_rx_bytes=1451995
[2026-08-22T01:39:02+02:00] UE_SLOT_PID timestamp=2026-08-21T23:39:02+00:00 active_ues=33 slot=2 attempt=1 ue_idx=2 pid=51655
[2026-08-22T01:39:02+02:00] UE_SLOT_ASSIGN timestamp=2026-08-21T23:39:02+00:00 active_ues=33 slot=3 ue_idx=3 ue_if=uesimtun3 ue_ip=10.45.1.149 candidate_reused_global_suspect=0
[2026-08-22T01:39:02+02:00] UE_SLOT_START timestamp=2026-08-21T23:39:02+00:00 active_ues=33 slot=3 attempt=1 ue_idx=3 ue_if=uesimtun3 ue_ip=10.45.1.149 target=192.168.1.211:5204 bitrate=1M duration_s=80 planned_end_epoch=1787355622 timeout_s=90 hard_timeout_epoch=1787355637 start_rx_bytes=1353421
[2026-08-22T01:39:02+02:00] UE_SLOT_PID timestamp=2026-08-21T23:39:02+00:00 active_ues=33 slot=3 attempt=1 ue_idx=3 pid=51680
[2026-08-22T01:39:02+02:00] UE_SLOT_ASSIGN timestamp=2026-08-21T23:39:02+00:00 active_ues=33 slot=4 ue_idx=4 ue_if=uesimtun4 ue_ip=10.45.1.151 candidate_reused_global_suspect=0
[2026-08-22T01:39:02+02:00] UE_SLOT_START timestamp=2026-08-21T23:39:02+00:00 active_ues=33 slot=4 attempt=1 ue_idx=4 ue_if=uesimtun4 ue_ip=10.45.1.151 target=192.168.1.211:5205 bitrate=1M duration_s=80 planned_end_epoch=1787355622 timeout_s=90 hard_timeout_epoch=1787355637 start_rx_bytes=1328598
[2026-08-22T01:39:02+02:00] UE_SLOT_PID timestamp=2026-08-21T23:39:02+00:00 active_ues=33 slot=4 attempt=1 ue_idx=4 pid=51705
[2026-08-22T01:39:03+02:00] UE_SLOT_ASSIGN timestamp=2026-08-21T23:39:03+00:00 active_ues=33 slot=5 ue_idx=5 ue_if=uesimtun5 ue_ip=10.45.1.150 candidate_reused_global_suspect=0
[2026-08-22T01:39:03+02:00] UE_SLOT_START timestamp=2026-08-21T23:39:03+00:00 active_ues=33 slot=5 attempt=1 ue_idx=5 ue_if=uesimtun5 ue_ip=10.45.1.150 target=192.168.1.211:5206 bitrate=1M duration_s=80 planned_end_epoch=1787355623 timeout_s=90 hard_timeout_epoch=1787355638 start_rx_bytes=1246161
[2026-08-22T01:39:03+02:00] UE_SLOT_PID timestamp=2026-08-21T23:39:03+00:00 active_ues=33 slot=5 attempt=1 ue_idx=5 pid=51730
[2026-08-22T01:39:03+02:00] UE_SLOT_ASSIGN timestamp=2026-08-21T23:39:03+00:00 active_ues=33 slot=6 ue_idx=6 ue_if=uesimtun6 ue_ip=10.45.1.152 candidate_reused_global_suspect=0
[2026-08-22T01:39:03+02:00] UE_SLOT_START timestamp=2026-08-21T23:39:03+00:00 active_ues=33 slot=6 attempt=1 ue_idx=6 ue_if=uesimtun6 ue_ip=10.45.1.152 target=192.168.1.211:5207 bitrate=1M duration_s=80 planned_end_epoch=1787355623 timeout_s=90 hard_timeout_epoch=1787355638 start_rx_bytes=1290441
[2026-08-22T01:39:03+02:00] UE_SLOT_PID timestamp=2026-08-21T23:39:03+00:00 active_ues=33 slot=6 attempt=1 ue_idx=6 pid=51755
[2026-08-22T01:39:03+02:00] UE_SLOT_ASSIGN timestamp=2026-08-21T23:39:03+00:00 active_ues=33 slot=7 ue_idx=7 ue_if=uesimtun7 ue_ip=10.45.1.154 candidate_reused_global_suspect=0
[2026-08-22T01:39:03+02:00] UE_SLOT_START timestamp=2026-08-21T23:39:03+00:00 active_ues=33 slot=7 attempt=1 ue_idx=7 ue_if=uesimtun7 ue_ip=10.45.1.154 target=192.168.1.211:5208 bitrate=1M duration_s=80 planned_end_epoch=1787355623 timeout_s=90 hard_timeout_epoch=1787355638 start_rx_bytes=1166965
[2026-08-22T01:39:03+02:00] UE_SLOT_PID timestamp=2026-08-21T23:39:03+00:00 active_ues=33 slot=7 attempt=1 ue_idx=7 pid=51780
[2026-08-22T01:39:03+02:00] UE_SLOT_ASSIGN timestamp=2026-08-21T23:39:03+00:00 active_ues=33 slot=8 ue_idx=8 ue_if=uesimtun8 ue_ip=10.45.1.156 candidate_reused_global_suspect=0
[2026-08-22T01:39:03+02:00] UE_SLOT_START timestamp=2026-08-21T23:39:03+00:00 active_ues=33 slot=8 attempt=1 ue_idx=8 ue_if=uesimtun8 ue_ip=10.45.1.156 target=192.168.1.211:5209 bitrate=1M duration_s=80 planned_end_epoch=1787355623 timeout_s=90 hard_timeout_epoch=1787355638 start_rx_bytes=1138156
[2026-08-22T01:39:03+02:00] UE_SLOT_PID timestamp=2026-08-21T23:39:03+00:00 active_ues=33 slot=8 attempt=1 ue_idx=8 pid=51805
[2026-08-22T01:39:04+02:00] UE_SLOT_ASSIGN timestamp=2026-08-21T23:39:03+00:00 active_ues=33 slot=9 ue_idx=9 ue_if=uesimtun9 ue_ip=10.45.1.158 candidate_reused_global_suspect=0
[2026-08-22T01:39:04+02:00] UE_SLOT_START timestamp=2026-08-21T23:39:04+00:00 active_ues=33 slot=9 attempt=1 ue_idx=9 ue_if=uesimtun9 ue_ip=10.45.1.158 target=192.168.1.211:5210 bitrate=1M duration_s=80 planned_end_epoch=1787355623 timeout_s=90 hard_timeout_epoch=1787355638 start_rx_bytes=1047528
[2026-08-22T01:39:04+02:00] UE_SLOT_PID timestamp=2026-08-21T23:39:04+00:00 active_ues=33 slot=9 attempt=1 ue_idx=9 pid=51830
[2026-08-22T01:39:04+02:00] UE_SLOT_ASSIGN timestamp=2026-08-21T23:39:04+00:00 active_ues=33 slot=10 ue_idx=10 ue_if=uesimtun10 ue_ip=10.45.1.159 candidate_reused_global_suspect=0
[2026-08-22T01:39:04+02:00] UE_SLOT_START timestamp=2026-08-21T23:39:04+00:00 active_ues=33 slot=10 attempt=1 ue_idx=10 ue_if=uesimtun10 ue_ip=10.45.1.159 target=192.168.1.211:5211 bitrate=1M duration_s=80 planned_end_epoch=1787355624 timeout_s=90 hard_timeout_epoch=1787355639 start_rx_bytes=1056214
[2026-08-22T01:39:04+02:00] UE_SLOT_PID timestamp=2026-08-21T23:39:04+00:00 active_ues=33 slot=10 attempt=1 ue_idx=10 pid=51855
[2026-08-22T01:39:04+02:00] UE_SLOT_ASSIGN timestamp=2026-08-21T23:39:04+00:00 active_ues=33 slot=11 ue_idx=11 ue_if=uesimtun11 ue_ip=10.45.1.155 candidate_reused_global_suspect=0
[2026-08-22T01:39:04+02:00] UE_SLOT_START timestamp=2026-08-21T23:39:04+00:00 active_ues=33 slot=11 attempt=1 ue_idx=11 ue_if=uesimtun11 ue_ip=10.45.1.155 target=192.168.1.211:5212 bitrate=1M duration_s=80 planned_end_epoch=1787355624 timeout_s=90 hard_timeout_epoch=1787355639 start_rx_bytes=992193
[2026-08-22T01:39:04+02:00] UE_SLOT_PID timestamp=2026-08-21T23:39:04+00:00 active_ues=33 slot=11 attempt=1 ue_idx=11 pid=51880
[2026-08-22T01:39:04+02:00] UPF_CONTROL_SAMPLE timestamp=2026-08-22T01:39:02+02:00 scenario=ue_33 pod=open5gs-upf-5b9db6d44-nsbqz uid=7b5b8ef7-a2a2-4fe9-a3e1-74acd17bd88f restarts=6 usage_cpu=459m usage_mem=37Mi request_cpu=476m request_mem=250Mi limit_cpu=none limit_mem=none vpa_target_cpu=476m vpa_target_mem=250Mi vpa_uncapped_cpu=476m vpa_uncapped_mem=250Mi vpa_lower_cpu=218m vpa_lower_mem=250Mi vpa_upper_cpu=1500m vpa_upper_mem=512Mi
[2026-08-22T01:39:04+02:00] UE_SLOT_ASSIGN timestamp=2026-08-21T23:39:04+00:00 active_ues=33 slot=12 ue_idx=12 ue_if=uesimtun12 ue_ip=10.45.1.164 candidate_reused_global_suspect=0
[2026-08-22T01:39:04+02:00] UE_SLOT_START timestamp=2026-08-21T23:39:04+00:00 active_ues=33 slot=12 attempt=1 ue_idx=12 ue_if=uesimtun12 ue_ip=10.45.1.164 target=192.168.1.211:5213 bitrate=1M duration_s=80 planned_end_epoch=1787355624 timeout_s=90 hard_timeout_epoch=1787355639 start_rx_bytes=964301
[2026-08-22T01:39:04+02:00] UE_SLOT_PID timestamp=2026-08-21T23:39:04+00:00 active_ues=33 slot=12 attempt=1 ue_idx=12 pid=51905
[2026-08-22T01:39:04+02:00] UE_SLOT_ASSIGN timestamp=2026-08-21T23:39:04+00:00 active_ues=33 slot=13 ue_idx=13 ue_if=uesimtun13 ue_ip=10.45.1.161 candidate_reused_global_suspect=0
[2026-08-22T01:39:04+02:00] UE_SLOT_START timestamp=2026-08-21T23:39:04+00:00 active_ues=33 slot=13 attempt=1 ue_idx=13 ue_if=uesimtun13 ue_ip=10.45.1.161 target=192.168.1.211:5214 bitrate=1M duration_s=80 planned_end_epoch=1787355624 timeout_s=90 hard_timeout_epoch=1787355639 start_rx_bytes=884166
[2026-08-22T01:39:04+02:00] UE_SLOT_PID timestamp=2026-08-21T23:39:04+00:00 active_ues=33 slot=13 attempt=1 ue_idx=13 pid=51930
[2026-08-22T01:39:05+02:00] UE_SLOT_ASSIGN timestamp=2026-08-21T23:39:05+00:00 active_ues=33 slot=14 ue_idx=14 ue_if=uesimtun14 ue_ip=10.45.1.167 candidate_reused_global_suspect=0
[2026-08-22T01:39:05+02:00] UE_SLOT_START timestamp=2026-08-21T23:39:05+00:00 active_ues=33 slot=14 attempt=1 ue_idx=14 ue_if=uesimtun14 ue_ip=10.45.1.167 target=192.168.1.211:5215 bitrate=1M duration_s=80 planned_end_epoch=1787355625 timeout_s=90 hard_timeout_epoch=1787355640 start_rx_bytes=895568
[2026-08-22T01:39:05+02:00] UE_SLOT_PID timestamp=2026-08-21T23:39:05+00:00 active_ues=33 slot=14 attempt=1 ue_idx=14 pid=51955
[2026-08-22T01:39:05+02:00] UE_SLOT_ASSIGN timestamp=2026-08-21T23:39:05+00:00 active_ues=33 slot=15 ue_idx=15 ue_if=uesimtun15 ue_ip=10.45.1.157 candidate_reused_global_suspect=0
[2026-08-22T01:39:05+02:00] UE_SLOT_START timestamp=2026-08-21T23:39:05+00:00 active_ues=33 slot=15 attempt=1 ue_idx=15 ue_if=uesimtun15 ue_ip=10.45.1.157 target=192.168.1.211:5216 bitrate=1M duration_s=80 planned_end_epoch=1787355625 timeout_s=90 hard_timeout_epoch=1787355640 start_rx_bytes=841151
[2026-08-22T01:39:05+02:00] UE_SLOT_PID timestamp=2026-08-21T23:39:05+00:00 active_ues=33 slot=15 attempt=1 ue_idx=15 pid=51980
[2026-08-22T01:39:05+02:00] UE_SLOT_ASSIGN timestamp=2026-08-21T23:39:05+00:00 active_ues=33 slot=16 ue_idx=16 ue_if=uesimtun16 ue_ip=10.45.1.168 candidate_reused_global_suspect=0
[2026-08-22T01:39:05+02:00] UE_SLOT_START timestamp=2026-08-21T23:39:05+00:00 active_ues=33 slot=16 attempt=1 ue_idx=16 ue_if=uesimtun16 ue_ip=10.45.1.168 target=192.168.1.211:5217 bitrate=1M duration_s=80 planned_end_epoch=1787355625 timeout_s=90 hard_timeout_epoch=1787355640 start_rx_bytes=806274
[2026-08-22T01:39:05+02:00] UE_SLOT_PID timestamp=2026-08-21T23:39:05+00:00 active_ues=33 slot=16 attempt=1 ue_idx=16 pid=52005
[2026-08-22T01:39:05+02:00] UE_SLOT_ASSIGN timestamp=2026-08-21T23:39:05+00:00 active_ues=33 slot=17 ue_idx=17 ue_if=uesimtun17 ue_ip=10.45.1.171 candidate_reused_global_suspect=0
[2026-08-22T01:39:05+02:00] UE_SLOT_START timestamp=2026-08-21T23:39:05+00:00 active_ues=33 slot=17 attempt=1 ue_idx=17 ue_if=uesimtun17 ue_ip=10.45.1.171 target=192.168.1.211:5218 bitrate=1M duration_s=80 planned_end_epoch=1787355625 timeout_s=90 hard_timeout_epoch=1787355640 start_rx_bytes=692424
[2026-08-22T01:39:05+02:00] UE_SLOT_PID timestamp=2026-08-21T23:39:05+00:00 active_ues=33 slot=17 attempt=1 ue_idx=17 pid=52030
[2026-08-22T01:39:06+02:00] UE_SLOT_ASSIGN timestamp=2026-08-21T23:39:06+00:00 active_ues=33 slot=18 ue_idx=20 ue_if=uesimtun20 ue_ip=10.45.1.178 candidate_reused_global_suspect=0
[2026-08-22T01:39:06+02:00] UE_SLOT_START timestamp=2026-08-21T23:39:06+00:00 active_ues=33 slot=18 attempt=1 ue_idx=20 ue_if=uesimtun20 ue_ip=10.45.1.178 target=192.168.1.211:5219 bitrate=1M duration_s=80 planned_end_epoch=1787355626 timeout_s=90 hard_timeout_epoch=1787355641 start_rx_bytes=637671
[2026-08-22T01:39:06+02:00] UE_SLOT_PID timestamp=2026-08-21T23:39:06+00:00 active_ues=33 slot=18 attempt=1 ue_idx=20 pid=52055
[2026-08-22T01:39:06+02:00] UE_SLOT_ASSIGN timestamp=2026-08-21T23:39:06+00:00 active_ues=33 slot=19 ue_idx=21 ue_if=uesimtun21 ue_ip=10.45.1.182 candidate_reused_global_suspect=0
[2026-08-22T01:39:06+02:00] UE_SLOT_START timestamp=2026-08-21T23:39:06+00:00 active_ues=33 slot=19 attempt=1 ue_idx=21 ue_if=uesimtun21 ue_ip=10.45.1.182 target=192.168.1.211:5220 bitrate=1M duration_s=80 planned_end_epoch=1787355626 timeout_s=90 hard_timeout_epoch=1787355641 start_rx_bytes=605346
[2026-08-22T01:39:06+02:00] UE_SLOT_PID timestamp=2026-08-21T23:39:06+00:00 active_ues=33 slot=19 attempt=1 ue_idx=21 pid=52080
[2026-08-22T01:39:06+02:00] UE_SLOT_ASSIGN timestamp=2026-08-21T23:39:06+00:00 active_ues=33 slot=20 ue_idx=22 ue_if=uesimtun22 ue_ip=10.45.1.184 candidate_reused_global_suspect=0
[2026-08-22T01:39:06+02:00] UE_SLOT_START timestamp=2026-08-21T23:39:06+00:00 active_ues=33 slot=20 attempt=1 ue_idx=22 ue_if=uesimtun22 ue_ip=10.45.1.184 target=192.168.1.211:5221 bitrate=1M duration_s=80 planned_end_epoch=1787355626 timeout_s=90 hard_timeout_epoch=1787355641 start_rx_bytes=597596
[2026-08-22T01:39:06+02:00] UE_SLOT_PID timestamp=2026-08-21T23:39:06+00:00 active_ues=33 slot=20 attempt=1 ue_idx=22 pid=52105
[2026-08-22T01:39:06+02:00] UE_SLOT_ASSIGN timestamp=2026-08-21T23:39:06+00:00 active_ues=33 slot=21 ue_idx=23 ue_if=uesimtun23 ue_ip=10.45.1.183 candidate_reused_global_suspect=0
[2026-08-22T01:39:06+02:00] UE_SLOT_START timestamp=2026-08-21T23:39:06+00:00 active_ues=33 slot=21 attempt=1 ue_idx=23 ue_if=uesimtun23 ue_ip=10.45.1.183 target=192.168.1.211:5222 bitrate=1M duration_s=80 planned_end_epoch=1787355626 timeout_s=90 hard_timeout_epoch=1787355641 start_rx_bytes=499078
[2026-08-22T01:39:06+02:00] UE_SLOT_PID timestamp=2026-08-21T23:39:06+00:00 active_ues=33 slot=21 attempt=1 ue_idx=23 pid=52130
[2026-08-22T01:39:07+02:00] UE_SLOT_ASSIGN timestamp=2026-08-21T23:39:07+00:00 active_ues=33 slot=22 ue_idx=24 ue_if=uesimtun24 ue_ip=10.45.1.187 candidate_reused_global_suspect=0
[2026-08-22T01:39:07+02:00] UPF_CONTROL_SAMPLE timestamp=2026-08-22T01:39:05+02:00 scenario=ue_33 pod=open5gs-upf-5b9db6d44-nsbqz uid=7b5b8ef7-a2a2-4fe9-a3e1-74acd17bd88f restarts=6 usage_cpu=459m usage_mem=37Mi request_cpu=476m request_mem=250Mi limit_cpu=none limit_mem=none vpa_target_cpu=476m vpa_target_mem=250Mi vpa_uncapped_cpu=476m vpa_uncapped_mem=250Mi vpa_lower_cpu=218m vpa_lower_mem=250Mi vpa_upper_cpu=1500m vpa_upper_mem=512Mi
[2026-08-22T01:39:07+02:00] UE_SLOT_START timestamp=2026-08-21T23:39:07+00:00 active_ues=33 slot=22 attempt=1 ue_idx=24 ue_if=uesimtun24 ue_ip=10.45.1.187 target=192.168.1.211:5223 bitrate=1M duration_s=80 planned_end_epoch=1787355626 timeout_s=90 hard_timeout_epoch=1787355642 start_rx_bytes=503783
[2026-08-22T01:39:07+02:00] UE_SLOT_PID timestamp=2026-08-21T23:39:07+00:00 active_ues=33 slot=22 attempt=1 ue_idx=24 pid=52155
[2026-08-22T01:39:07+02:00] UE_SLOT_ASSIGN timestamp=2026-08-21T23:39:07+00:00 active_ues=33 slot=23 ue_idx=25 ue_if=uesimtun25 ue_ip=10.45.1.186 candidate_reused_global_suspect=0
[2026-08-22T01:39:07+02:00] UE_SLOT_START timestamp=2026-08-21T23:39:07+00:00 active_ues=33 slot=23 attempt=1 ue_idx=25 ue_if=uesimtun25 ue_ip=10.45.1.186 target=192.168.1.211:5224 bitrate=1M duration_s=80 planned_end_epoch=1787355627 timeout_s=90 hard_timeout_epoch=1787355642 start_rx_bytes=413157
[2026-08-22T01:39:07+02:00] UE_SLOT_PID timestamp=2026-08-21T23:39:07+00:00 active_ues=33 slot=23 attempt=1 ue_idx=25 pid=52180
[2026-08-22T01:39:07+02:00] UE_SLOT_ASSIGN timestamp=2026-08-21T23:39:07+00:00 active_ues=33 slot=24 ue_idx=26 ue_if=uesimtun26 ue_ip=10.45.1.189 candidate_reused_global_suspect=0
[2026-08-22T01:39:07+02:00] UE_SLOT_START timestamp=2026-08-21T23:39:07+00:00 active_ues=33 slot=24 attempt=1 ue_idx=26 ue_if=uesimtun26 ue_ip=10.45.1.189 target=192.168.1.211:5225 bitrate=1M duration_s=80 planned_end_epoch=1787355627 timeout_s=90 hard_timeout_epoch=1787355642 start_rx_bytes=414588
[2026-08-22T01:39:07+02:00] UE_SLOT_PID timestamp=2026-08-21T23:39:07+00:00 active_ues=33 slot=24 attempt=1 ue_idx=26 pid=52205
[2026-08-22T01:39:07+02:00] UE_SLOT_ASSIGN timestamp=2026-08-21T23:39:07+00:00 active_ues=33 slot=25 ue_idx=27 ue_if=uesimtun27 ue_ip=10.45.1.153 candidate_reused_global_suspect=0
[2026-08-22T01:39:07+02:00] UE_SLOT_START timestamp=2026-08-21T23:39:07+00:00 active_ues=33 slot=25 attempt=1 ue_idx=27 ue_if=uesimtun27 ue_ip=10.45.1.153 target=192.168.1.211:5226 bitrate=1M duration_s=80 planned_end_epoch=1787355627 timeout_s=90 hard_timeout_epoch=1787355642 start_rx_bytes=321673
[2026-08-22T01:39:07+02:00] UE_SLOT_PID timestamp=2026-08-21T23:39:07+00:00 active_ues=33 slot=25 attempt=1 ue_idx=27 pid=52230
[2026-08-22T01:39:08+02:00] UE_SLOT_ASSIGN timestamp=2026-08-21T23:39:08+00:00 active_ues=33 slot=26 ue_idx=28 ue_if=uesimtun28 ue_ip=10.45.1.160 candidate_reused_global_suspect=0
[2026-08-22T01:39:08+02:00] UE_SLOT_START timestamp=2026-08-21T23:39:08+00:00 active_ues=33 slot=26 attempt=1 ue_idx=28 ue_if=uesimtun28 ue_ip=10.45.1.160 target=192.168.1.211:5227 bitrate=1M duration_s=80 planned_end_epoch=1787355628 timeout_s=90 hard_timeout_epoch=1787355643 start_rx_bytes=328330
[2026-08-22T01:39:08+02:00] UE_SLOT_PID timestamp=2026-08-21T23:39:08+00:00 active_ues=33 slot=26 attempt=1 ue_idx=28 pid=52255
[2026-08-22T01:39:08+02:00] UE_SLOT_ASSIGN timestamp=2026-08-21T23:39:08+00:00 active_ues=33 slot=27 ue_idx=30 ue_if=uesimtun30 ue_ip=10.45.1.192 candidate_reused_global_suspect=0
[2026-08-22T01:39:08+02:00] UE_SLOT_START timestamp=2026-08-21T23:39:08+00:00 active_ues=33 slot=27 attempt=1 ue_idx=30 ue_if=uesimtun30 ue_ip=10.45.1.192 target=192.168.1.211:5228 bitrate=1M duration_s=80 planned_end_epoch=1787355628 timeout_s=90 hard_timeout_epoch=1787355643 start_rx_bytes=208236
[2026-08-22T01:39:08+02:00] UE_SLOT_PID timestamp=2026-08-21T23:39:08+00:00 active_ues=33 slot=27 attempt=1 ue_idx=30 pid=52280
[2026-08-22T01:39:08+02:00] UE_SLOT_ASSIGN timestamp=2026-08-21T23:39:08+00:00 active_ues=33 slot=28 ue_idx=31 ue_if=uesimtun31 ue_ip=10.45.1.194 candidate_reused_global_suspect=0
[2026-08-22T01:39:08+02:00] UE_SLOT_START timestamp=2026-08-21T23:39:08+00:00 active_ues=33 slot=28 attempt=1 ue_idx=31 ue_if=uesimtun31 ue_ip=10.45.1.194 target=192.168.1.211:5229 bitrate=1M duration_s=80 planned_end_epoch=1787355628 timeout_s=90 hard_timeout_epoch=1787355643 start_rx_bytes=215170
[2026-08-22T01:39:08+02:00] UE_SLOT_PID timestamp=2026-08-21T23:39:08+00:00 active_ues=33 slot=28 attempt=1 ue_idx=31 pid=52305
[2026-08-22T01:39:09+02:00] UE_SLOT_ASSIGN timestamp=2026-08-21T23:39:09+00:00 active_ues=33 slot=29 ue_idx=33 ue_if=uesimtun33 ue_ip=10.45.1.173 candidate_reused_global_suspect=0
[2026-08-22T01:39:09+02:00] UE_SLOT_START timestamp=2026-08-21T23:39:09+00:00 active_ues=33 slot=29 attempt=1 ue_idx=33 ue_if=uesimtun33 ue_ip=10.45.1.173 target=192.168.1.211:5230 bitrate=1M duration_s=80 planned_end_epoch=1787355628 timeout_s=90 hard_timeout_epoch=1787355644 start_rx_bytes=103249
[2026-08-22T01:39:09+02:00] UE_SLOT_PID timestamp=2026-08-21T23:39:09+00:00 active_ues=33 slot=29 attempt=1 ue_idx=33 pid=52330
[2026-08-22T01:39:09+02:00] UE_SLOT_ASSIGN timestamp=2026-08-21T23:39:09+00:00 active_ues=33 slot=30 ue_idx=35 ue_if=uesimtun35 ue_ip=10.45.1.176 candidate_reused_global_suspect=0
[2026-08-22T01:39:09+02:00] UE_SLOT_START timestamp=2026-08-21T23:39:09+00:00 active_ues=33 slot=30 attempt=1 ue_idx=35 ue_if=uesimtun35 ue_ip=10.45.1.176 target=192.168.1.211:5231 bitrate=1M duration_s=80 planned_end_epoch=1787355629 timeout_s=90 hard_timeout_epoch=1787355644 start_rx_bytes=101527
[2026-08-22T01:39:09+02:00] UE_SLOT_PID timestamp=2026-08-21T23:39:09+00:00 active_ues=33 slot=30 attempt=1 ue_idx=35 pid=52355
[2026-08-22T01:39:09+02:00] UPF_CONTROL_SAMPLE timestamp=2026-08-22T01:39:08+02:00 scenario=ue_33 pod=open5gs-upf-5b9db6d44-nsbqz uid=7b5b8ef7-a2a2-4fe9-a3e1-74acd17bd88f restarts=6 usage_cpu=459m usage_mem=37Mi request_cpu=476m request_mem=250Mi limit_cpu=none limit_mem=none vpa_target_cpu=476m vpa_target_mem=250Mi vpa_uncapped_cpu=476m vpa_uncapped_mem=250Mi vpa_lower_cpu=218m vpa_lower_mem=250Mi vpa_upper_cpu=1500m vpa_upper_mem=512Mi
[2026-08-22T01:39:09+02:00] UE_SLOT_ASSIGN timestamp=2026-08-21T23:39:09+00:00 active_ues=33 slot=31 ue_idx=36 ue_if=uesimtun36 ue_ip=10.45.1.179 candidate_reused_global_suspect=0
[2026-08-22T01:39:09+02:00] UE_SLOT_START timestamp=2026-08-21T23:39:09+00:00 active_ues=33 slot=31 attempt=1 ue_idx=36 ue_if=uesimtun36 ue_ip=10.45.1.179 target=192.168.1.211:5232 bitrate=1M duration_s=80 planned_end_epoch=1787355629 timeout_s=90 hard_timeout_epoch=1787355644 start_rx_bytes=0
[2026-08-22T01:39:09+02:00] UE_SLOT_PID timestamp=2026-08-21T23:39:09+00:00 active_ues=33 slot=31 attempt=1 ue_idx=36 pid=52380
[2026-08-22T01:39:09+02:00] UE_SLOT_ASSIGN timestamp=2026-08-21T23:39:09+00:00 active_ues=33 slot=32 ue_idx=37 ue_if=uesimtun37 ue_ip=10.45.1.185 candidate_reused_global_suspect=0
[2026-08-22T01:39:09+02:00] UE_SLOT_START timestamp=2026-08-21T23:39:09+00:00 active_ues=33 slot=32 attempt=1 ue_idx=37 ue_if=uesimtun37 ue_ip=10.45.1.185 target=192.168.1.211:5233 bitrate=1M duration_s=80 planned_end_epoch=1787355629 timeout_s=90 hard_timeout_epoch=1787355644 start_rx_bytes=0
[2026-08-22T01:39:10+02:00] UE_SLOT_PID timestamp=2026-08-21T23:39:09+00:00 active_ues=33 slot=32 attempt=1 ue_idx=37 pid=52405
[2026-08-22T01:39:10+02:00] IPERF_MAPPING_SUMMARY timestamp=2026-08-21T23:39:10+00:00 active_ues=33 registered_tunnels=50 initial_ports=5201-5233 replacement_ports=5251-5265 bitrate=1M start_delay=0.05 detection=no_rx_counter replacement_min_duration_s=5 adaptive_extension_max_s=1 iperf_exit_grace_s=3 server_busy_port_rebinds=1 late_replacement_after_end=disabled wait_for_iperf_exit=until_timeout global_suspect_policy=soft_reuse ramp_supervision=after_initial_start
[2026-08-22T01:39:11+02:00] VPA_RECOMMENDATION_CHANGE timestamp=2026-08-22T01:39:10+02:00 scenario=ue_33 old='vpa_target_cpu=476m vpa_target_mem=250Mi vpa_uncapped_cpu=476m vpa_uncapped_mem=250Mi vpa_lower_cpu=218m vpa_lower_mem=250Mi vpa_upper_cpu=1500m vpa_upper_mem=512Mi' new='vpa_target_cpu=476m vpa_target_mem=250Mi vpa_uncapped_cpu=476m vpa_uncapped_mem=250Mi vpa_lower_cpu=219m vpa_lower_mem=250Mi vpa_upper_cpu=1500m vpa_upper_mem=512Mi' previous_5s_sample='timestamp=2026-08-22T01:39:05+02:00 scenario=ue_33 pod=open5gs-upf-5b9db6d44-nsbqz uid=7b5b8ef7-a2a2-4fe9-a3e1-74acd17bd88f restarts=6 usage_cpu=459m usage_mem=37Mi request_cpu=476m request_mem=250Mi limit_cpu=none limit_mem=none vpa_target_cpu=476m vpa_target_mem=250Mi vpa_uncapped_cpu=476m vpa_uncapped_mem=250Mi vpa_lower_cpu=218m vpa_lower_mem=250Mi vpa_upper_cpu=1500m vpa_upper_mem=512Mi' current_sample='timestamp=2026-08-22T01:39:10+02:00 scenario=ue_33 pod=open5gs-upf-5b9db6d44-nsbqz uid=7b5b8ef7-a2a2-4fe9-a3e1-74acd17bd88f restarts=6 usage_cpu=338m usage_mem=37Mi request_cpu=476m request_mem=250Mi limit_cpu=none limit_mem=none vpa_target_cpu=476m vpa_target_mem=250Mi vpa_uncapped_cpu=476m vpa_uncapped_mem=250Mi vpa_lower_cpu=219m vpa_lower_mem=250Mi vpa_upper_cpu=1500m vpa_upper_mem=512Mi'
[2026-08-22T01:39:11+02:00] UPF_CONTROL_SAMPLE timestamp=2026-08-22T01:39:10+02:00 scenario=ue_33 pod=open5gs-upf-5b9db6d44-nsbqz uid=7b5b8ef7-a2a2-4fe9-a3e1-74acd17bd88f restarts=6 usage_cpu=338m usage_mem=37Mi request_cpu=476m request_mem=250Mi limit_cpu=none limit_mem=none vpa_target_cpu=476m vpa_target_mem=250Mi vpa_uncapped_cpu=476m vpa_uncapped_mem=250Mi vpa_lower_cpu=219m vpa_lower_mem=250Mi vpa_upper_cpu=1500m vpa_upper_mem=512Mi
[2026-08-22T01:39:13+02:00] UPF_CONTROL_SAMPLE timestamp=2026-08-22T01:39:12+02:00 scenario=ue_33 pod=open5gs-upf-5b9db6d44-nsbqz uid=7b5b8ef7-a2a2-4fe9-a3e1-74acd17bd88f restarts=6 usage_cpu=338m usage_mem=37Mi request_cpu=476m request_mem=250Mi limit_cpu=none limit_mem=none vpa_target_cpu=476m vpa_target_mem=250Mi vpa_uncapped_cpu=476m vpa_uncapped_mem=250Mi vpa_lower_cpu=219m vpa_lower_mem=250Mi vpa_upper_cpu=1500m vpa_upper_mem=512Mi
[2026-08-22T01:39:16+02:00] UPF_CONTROL_SAMPLE timestamp=2026-08-22T01:39:14+02:00 scenario=ue_33 pod=open5gs-upf-5b9db6d44-nsbqz uid=7b5b8ef7-a2a2-4fe9-a3e1-74acd17bd88f restarts=6 usage_cpu=338m usage_mem=37Mi request_cpu=476m request_mem=250Mi limit_cpu=none limit_mem=none vpa_target_cpu=476m vpa_target_mem=250Mi vpa_uncapped_cpu=476m vpa_uncapped_mem=250Mi vpa_lower_cpu=219m vpa_lower_mem=250Mi vpa_upper_cpu=1500m vpa_upper_mem=512Mi
[2026-08-22T01:39:18+02:00] UPF_CONTROL_SAMPLE timestamp=2026-08-22T01:39:17+02:00 scenario=ue_33 pod=open5gs-upf-5b9db6d44-nsbqz uid=7b5b8ef7-a2a2-4fe9-a3e1-74acd17bd88f restarts=6 usage_cpu=338m usage_mem=37Mi request_cpu=476m request_mem=250Mi limit_cpu=none limit_mem=none vpa_target_cpu=476m vpa_target_mem=250Mi vpa_uncapped_cpu=476m vpa_uncapped_mem=250Mi vpa_lower_cpu=219m vpa_lower_mem=250Mi vpa_upper_cpu=1500m vpa_upper_mem=512Mi
[2026-08-22T01:39:20+02:00] UPF_CONTROL_SAMPLE timestamp=2026-08-22T01:39:19+02:00 scenario=ue_33 pod=open5gs-upf-5b9db6d44-nsbqz uid=7b5b8ef7-a2a2-4fe9-a3e1-74acd17bd88f restarts=6 usage_cpu=338m usage_mem=37Mi request_cpu=476m request_mem=250Mi limit_cpu=none limit_mem=none vpa_target_cpu=476m vpa_target_mem=250Mi vpa_uncapped_cpu=476m vpa_uncapped_mem=250Mi vpa_lower_cpu=219m vpa_lower_mem=250Mi vpa_upper_cpu=1500m vpa_upper_mem=512Mi
[2026-08-22T01:39:22+02:00] UPF_CONTROL_SAMPLE timestamp=2026-08-22T01:39:21+02:00 scenario=ue_33 pod=open5gs-upf-5b9db6d44-nsbqz uid=7b5b8ef7-a2a2-4fe9-a3e1-74acd17bd88f restarts=6 usage_cpu=338m usage_mem=37Mi request_cpu=476m request_mem=250Mi limit_cpu=none limit_mem=none vpa_target_cpu=476m vpa_target_mem=250Mi vpa_uncapped_cpu=476m vpa_uncapped_mem=250Mi vpa_lower_cpu=219m vpa_lower_mem=250Mi vpa_upper_cpu=1500m vpa_upper_mem=512Mi
[2026-08-22T01:39:25+02:00] UPF_CONTROL_SAMPLE timestamp=2026-08-22T01:39:23+02:00 scenario=ue_33 pod=open5gs-upf-5b9db6d44-nsbqz uid=7b5b8ef7-a2a2-4fe9-a3e1-74acd17bd88f restarts=6 usage_cpu=338m usage_mem=37Mi request_cpu=476m request_mem=250Mi limit_cpu=none limit_mem=none vpa_target_cpu=476m vpa_target_mem=250Mi vpa_uncapped_cpu=476m vpa_uncapped_mem=250Mi vpa_lower_cpu=219m vpa_lower_mem=250Mi vpa_upper_cpu=1500m vpa_upper_mem=512Mi
[2026-08-22T01:39:27+02:00] UPF_CONTROL_SAMPLE timestamp=2026-08-22T01:39:26+02:00 scenario=ue_33 pod=open5gs-upf-5b9db6d44-nsbqz uid=7b5b8ef7-a2a2-4fe9-a3e1-74acd17bd88f restarts=6 usage_cpu=366m usage_mem=37Mi request_cpu=476m request_mem=250Mi limit_cpu=none limit_mem=none vpa_target_cpu=476m vpa_target_mem=250Mi vpa_uncapped_cpu=476m vpa_uncapped_mem=250Mi vpa_lower_cpu=219m vpa_lower_mem=250Mi vpa_upper_cpu=1500m vpa_upper_mem=512Mi
[2026-08-22T01:39:29+02:00] UPF_CONTROL_SAMPLE timestamp=2026-08-22T01:39:28+02:00 scenario=ue_33 pod=open5gs-upf-5b9db6d44-nsbqz uid=7b5b8ef7-a2a2-4fe9-a3e1-74acd17bd88f restarts=6 usage_cpu=366m usage_mem=37Mi request_cpu=476m request_mem=250Mi limit_cpu=none limit_mem=none vpa_target_cpu=476m vpa_target_mem=250Mi vpa_uncapped_cpu=476m vpa_uncapped_mem=250Mi vpa_lower_cpu=219m vpa_lower_mem=250Mi vpa_upper_cpu=1500m vpa_upper_mem=512Mi
[2026-08-22T01:39:31+02:00] UPF_CONTROL_SAMPLE timestamp=2026-08-22T01:39:30+02:00 scenario=ue_33 pod=open5gs-upf-5b9db6d44-nsbqz uid=7b5b8ef7-a2a2-4fe9-a3e1-74acd17bd88f restarts=6 usage_cpu=366m usage_mem=37Mi request_cpu=476m request_mem=250Mi limit_cpu=none limit_mem=none vpa_target_cpu=476m vpa_target_mem=250Mi vpa_uncapped_cpu=476m vpa_uncapped_mem=250Mi vpa_lower_cpu=219m vpa_lower_mem=250Mi vpa_upper_cpu=1500m vpa_upper_mem=512Mi
[2026-08-22T01:39:34+02:00] UPF_CONTROL_SAMPLE timestamp=2026-08-22T01:39:32+02:00 scenario=ue_33 pod=open5gs-upf-5b9db6d44-nsbqz uid=7b5b8ef7-a2a2-4fe9-a3e1-74acd17bd88f restarts=6 usage_cpu=366m usage_mem=37Mi request_cpu=476m request_mem=250Mi limit_cpu=none limit_mem=none vpa_target_cpu=476m vpa_target_mem=250Mi vpa_uncapped_cpu=476m vpa_uncapped_mem=250Mi vpa_lower_cpu=219m vpa_lower_mem=250Mi vpa_upper_cpu=1500m vpa_upper_mem=512Mi
[2026-08-22T01:39:36+02:00] UPF_CONTROL_SAMPLE timestamp=2026-08-22T01:39:35+02:00 scenario=ue_33 pod=open5gs-upf-5b9db6d44-nsbqz uid=7b5b8ef7-a2a2-4fe9-a3e1-74acd17bd88f restarts=6 usage_cpu=366m usage_mem=37Mi request_cpu=476m request_mem=250Mi limit_cpu=none limit_mem=none vpa_target_cpu=476m vpa_target_mem=250Mi vpa_uncapped_cpu=476m vpa_uncapped_mem=250Mi vpa_lower_cpu=219m vpa_lower_mem=250Mi vpa_upper_cpu=1500m vpa_upper_mem=512Mi
[2026-08-22T01:39:38+02:00] UPF_CONTROL_SAMPLE timestamp=2026-08-22T01:39:37+02:00 scenario=ue_33 pod=open5gs-upf-5b9db6d44-nsbqz uid=7b5b8ef7-a2a2-4fe9-a3e1-74acd17bd88f restarts=6 usage_cpu=366m usage_mem=37Mi request_cpu=476m request_mem=250Mi limit_cpu=none limit_mem=none vpa_target_cpu=476m vpa_target_mem=250Mi vpa_uncapped_cpu=476m vpa_uncapped_mem=250Mi vpa_lower_cpu=219m vpa_lower_mem=250Mi vpa_upper_cpu=1500m vpa_upper_mem=512Mi
[2026-08-22T01:39:40+02:00] UPF_CONTROL_SAMPLE timestamp=2026-08-22T01:39:39+02:00 scenario=ue_33 pod=open5gs-upf-5b9db6d44-nsbqz uid=7b5b8ef7-a2a2-4fe9-a3e1-74acd17bd88f restarts=6 usage_cpu=497m usage_mem=37Mi request_cpu=476m request_mem=250Mi limit_cpu=none limit_mem=none vpa_target_cpu=476m vpa_target_mem=250Mi vpa_uncapped_cpu=476m vpa_uncapped_mem=250Mi vpa_lower_cpu=219m vpa_lower_mem=250Mi vpa_upper_cpu=1500m vpa_upper_mem=512Mi
[2026-08-22T01:39:43+02:00] UPF_CONTROL_SAMPLE timestamp=2026-08-22T01:39:41+02:00 scenario=ue_33 pod=open5gs-upf-5b9db6d44-nsbqz uid=7b5b8ef7-a2a2-4fe9-a3e1-74acd17bd88f restarts=6 usage_cpu=497m usage_mem=37Mi request_cpu=476m request_mem=250Mi limit_cpu=none limit_mem=none vpa_target_cpu=476m vpa_target_mem=250Mi vpa_uncapped_cpu=476m vpa_uncapped_mem=250Mi vpa_lower_cpu=219m vpa_lower_mem=250Mi vpa_upper_cpu=1500m vpa_upper_mem=512Mi
[2026-08-22T01:39:46+02:00] UPF_CONTROL_SAMPLE timestamp=2026-08-22T01:39:45+02:00 scenario=ue_33 pod=open5gs-upf-5b9db6d44-nsbqz uid=7b5b8ef7-a2a2-4fe9-a3e1-74acd17bd88f restarts=6 usage_cpu=497m usage_mem=37Mi request_cpu=476m request_mem=250Mi limit_cpu=none limit_mem=none vpa_target_cpu=476m vpa_target_mem=250Mi vpa_uncapped_cpu=476m vpa_uncapped_mem=250Mi vpa_lower_cpu=219m vpa_lower_mem=250Mi vpa_upper_cpu=1500m vpa_upper_mem=512Mi
[2026-08-22T01:39:48+02:00] UPF_CONTROL_SAMPLE timestamp=2026-08-22T01:39:47+02:00 scenario=ue_33 pod=open5gs-upf-5b9db6d44-nsbqz uid=7b5b8ef7-a2a2-4fe9-a3e1-74acd17bd88f restarts=6 usage_cpu=497m usage_mem=37Mi request_cpu=476m request_mem=250Mi limit_cpu=none limit_mem=none vpa_target_cpu=476m vpa_target_mem=250Mi vpa_uncapped_cpu=476m vpa_uncapped_mem=250Mi vpa_lower_cpu=219m vpa_lower_mem=250Mi vpa_upper_cpu=1500m vpa_upper_mem=512Mi
[2026-08-22T01:39:50+02:00] UPF_CONTROL_SAMPLE timestamp=2026-08-22T01:39:49+02:00 scenario=ue_33 pod=open5gs-upf-5b9db6d44-nsbqz uid=7b5b8ef7-a2a2-4fe9-a3e1-74acd17bd88f restarts=6 usage_cpu=497m usage_mem=37Mi request_cpu=476m request_mem=250Mi limit_cpu=none limit_mem=none vpa_target_cpu=476m vpa_target_mem=250Mi vpa_uncapped_cpu=476m vpa_uncapped_mem=250Mi vpa_lower_cpu=219m vpa_lower_mem=250Mi vpa_upper_cpu=1500m vpa_upper_mem=512Mi
[2026-08-22T01:39:53+02:00] UPF_CONTROL_SAMPLE timestamp=2026-08-22T01:39:51+02:00 scenario=ue_33 pod=open5gs-upf-5b9db6d44-nsbqz uid=7b5b8ef7-a2a2-4fe9-a3e1-74acd17bd88f restarts=6 usage_cpu=497m usage_mem=37Mi request_cpu=476m request_mem=250Mi limit_cpu=none limit_mem=none vpa_target_cpu=476m vpa_target_mem=250Mi vpa_uncapped_cpu=476m vpa_uncapped_mem=250Mi vpa_lower_cpu=219m vpa_lower_mem=250Mi vpa_upper_cpu=1500m vpa_upper_mem=512Mi
[2026-08-22T01:39:55+02:00] UPF_CONTROL_SAMPLE timestamp=2026-08-22T01:39:54+02:00 scenario=ue_33 pod=open5gs-upf-5b9db6d44-nsbqz uid=7b5b8ef7-a2a2-4fe9-a3e1-74acd17bd88f restarts=6 usage_cpu=497m usage_mem=37Mi request_cpu=476m request_mem=250Mi limit_cpu=none limit_mem=none vpa_target_cpu=476m vpa_target_mem=250Mi vpa_uncapped_cpu=476m vpa_uncapped_mem=250Mi vpa_lower_cpu=219m vpa_lower_mem=250Mi vpa_upper_cpu=1500m vpa_upper_mem=512Mi
[2026-08-22T01:39:57+02:00] UPF_CONTROL_SAMPLE timestamp=2026-08-22T01:39:56+02:00 scenario=ue_33 pod=open5gs-upf-5b9db6d44-nsbqz uid=7b5b8ef7-a2a2-4fe9-a3e1-74acd17bd88f restarts=6 usage_cpu=497m usage_mem=37Mi request_cpu=476m request_mem=250Mi limit_cpu=none limit_mem=none vpa_target_cpu=476m vpa_target_mem=250Mi vpa_uncapped_cpu=476m vpa_uncapped_mem=250Mi vpa_lower_cpu=219m vpa_lower_mem=250Mi vpa_upper_cpu=1500m vpa_upper_mem=512Mi
[2026-08-22T01:39:58+02:00] FAILED_CLIENT_LOG_BEGIN slot=10 logfile=/tmp/upf_iperf_adaptive_20260822_011359_ue_33/slot_10_attempt_1_ue_10_port_5211.log
[2026-08-22T01:39:58+02:00] Connecting to host 192.168.1.211, port 5211
[2026-08-22T01:39:58+02:00] [  5] local 10.45.1.159 port 45307 connected to 192.168.1.211 port 5211
[2026-08-22T01:39:58+02:00] [ ID] Interval           Transfer     Bitrate         Retr  Cwnd
[2026-08-22T01:39:58+02:00] [  5]   0.00-1.00   sec   235 KBytes  1.92 Mbits/sec    0   43.4 KBytes       
[2026-08-22T01:39:58+02:00] [  5]   1.00-2.00   sec   128 KBytes  1.05 Mbits/sec    0   44.8 KBytes       
[2026-08-22T01:39:58+02:00] [  5]   2.00-3.00   sec   128 KBytes  1.05 Mbits/sec    0   42.1 KBytes       
[2026-08-22T01:39:58+02:00] [  5]   3.00-4.00   sec  0.00 Bytes  0.00 bits/sec    0   44.8 KBytes       
[2026-08-22T01:39:58+02:00] [  5]   4.00-5.00   sec   128 KBytes  1.05 Mbits/sec    0   46.1 KBytes       
[2026-08-22T01:39:58+02:00] [  5]   5.00-6.00   sec   128 KBytes  1.05 Mbits/sec    0   47.4 KBytes       
[2026-08-22T01:39:58+02:00] [  5]   6.00-7.00   sec   128 KBytes  1.05 Mbits/sec   13   13.2 KBytes       
[2026-08-22T01:39:58+02:00] [  5]   7.00-8.00   sec   128 KBytes  1.05 Mbits/sec    0   19.7 KBytes       
[2026-08-22T01:39:58+02:00] [  5]   8.00-9.00   sec   128 KBytes  1.05 Mbits/sec    0   23.7 KBytes       
[2026-08-22T01:39:58+02:00] [  5]   9.00-10.00  sec   128 KBytes  1.05 Mbits/sec    0   27.6 KBytes       
[2026-08-22T01:39:58+02:00] [  5]  10.00-11.00  sec   128 KBytes  1.05 Mbits/sec    0   32.9 KBytes       
[2026-08-22T01:39:58+02:00] [  5]  11.00-12.00  sec   128 KBytes  1.05 Mbits/sec    0   32.9 KBytes       
[2026-08-22T01:39:58+02:00] [  5]  12.00-13.00  sec   128 KBytes  1.05 Mbits/sec    3   19.7 KBytes       
[2026-08-22T01:39:58+02:00] FAILED_CLIENT_LOG_END slot=10 logfile=/tmp/upf_iperf_adaptive_20260822_011359_ue_33/slot_10_attempt_1_ue_10_port_5211.log
[2026-08-22T01:39:58+02:00] UE_SLOT_PROBLEM_DETECTED timestamp=2026-08-21T23:39:58+00:00 active_ues=33 slot=10 attempt=1 ue_idx=10 ue_if=uesimtun10 ue_ip=10.45.1.159 port=5211 reason=rx_stall_5s remaining_s=26
[2026-08-22T01:39:58+02:00] UE_MARKED_PROBLEMATIC timestamp=2026-08-21T23:39:58+00:00 active_ues=33 ue_idx=10 reason=rx_stall_5s scope=scenario_and_global_suspect
[2026-08-22T01:39:58+02:00] UE_SLOT_REPLACE timestamp=2026-08-21T23:39:58+00:00 active_ues=33 slot=10 reason=rx_stall_5s old_attempt=1 old_ue_idx=10 old_ue_if=uesimtun10 old_ue_ip=10.45.1.159 old_port=5211 new_attempt=2 new_ue_idx=38 new_ue_if=uesimtun38 new_ue_ip=10.45.1.190 new_port=5251 remaining_s=26 extension_used_s=0 extension_limit_s=1 candidate_reused_global_suspect=0 replacements_total=1
[2026-08-22T01:39:58+02:00] UE_SLOT_START timestamp=2026-08-21T23:39:58+00:00 active_ues=33 slot=10 attempt=2 ue_idx=38 ue_if=uesimtun38 ue_ip=10.45.1.190 target=192.168.1.211:5251 bitrate=1M duration_s=26 planned_end_epoch=1787355624 timeout_s=36 hard_timeout_epoch=1787355639 start_rx_bytes=0
[2026-08-22T01:39:58+02:00] UE_SLOT_PID timestamp=2026-08-21T23:39:58+00:00 active_ues=33 slot=10 attempt=2 ue_idx=38 pid=54529
[2026-08-22T01:39:59+02:00] UPF_CONTROL_SAMPLE timestamp=2026-08-22T01:39:58+02:00 scenario=ue_33 pod=open5gs-upf-5b9db6d44-nsbqz uid=7b5b8ef7-a2a2-4fe9-a3e1-74acd17bd88f restarts=6 usage_cpu=497m usage_mem=37Mi request_cpu=476m request_mem=250Mi limit_cpu=none limit_mem=none vpa_target_cpu=476m vpa_target_mem=250Mi vpa_uncapped_cpu=476m vpa_uncapped_mem=250Mi vpa_lower_cpu=219m vpa_lower_mem=250Mi vpa_upper_cpu=1500m vpa_upper_mem=512Mi
[2026-08-22T01:40:02+02:00] UPF_CONTROL_SAMPLE timestamp=2026-08-22T01:40:00+02:00 scenario=ue_33 pod=open5gs-upf-5b9db6d44-nsbqz uid=7b5b8ef7-a2a2-4fe9-a3e1-74acd17bd88f restarts=6 usage_cpu=497m usage_mem=37Mi request_cpu=476m request_mem=250Mi limit_cpu=none limit_mem=none vpa_target_cpu=476m vpa_target_mem=250Mi vpa_uncapped_cpu=476m vpa_uncapped_mem=250Mi vpa_lower_cpu=219m vpa_lower_mem=250Mi vpa_upper_cpu=1500m vpa_upper_mem=512Mi
[2026-08-22T01:40:04+02:00] UPF_CONTROL_SAMPLE timestamp=2026-08-22T01:40:03+02:00 scenario=ue_33 pod=open5gs-upf-5b9db6d44-nsbqz uid=7b5b8ef7-a2a2-4fe9-a3e1-74acd17bd88f restarts=6 usage_cpu=497m usage_mem=37Mi request_cpu=476m request_mem=250Mi limit_cpu=none limit_mem=none vpa_target_cpu=476m vpa_target_mem=250Mi vpa_uncapped_cpu=476m vpa_uncapped_mem=250Mi vpa_lower_cpu=219m vpa_lower_mem=250Mi vpa_upper_cpu=1500m vpa_upper_mem=512Mi
[2026-08-22T01:40:06+02:00] UPF_CONTROL_SAMPLE timestamp=2026-08-22T01:40:05+02:00 scenario=ue_33 pod=open5gs-upf-5b9db6d44-nsbqz uid=7b5b8ef7-a2a2-4fe9-a3e1-74acd17bd88f restarts=6 usage_cpu=497m usage_mem=37Mi request_cpu=476m request_mem=250Mi limit_cpu=none limit_mem=none vpa_target_cpu=476m vpa_target_mem=250Mi vpa_uncapped_cpu=476m vpa_uncapped_mem=250Mi vpa_lower_cpu=219m vpa_lower_mem=250Mi vpa_upper_cpu=1500m vpa_upper_mem=512Mi
[2026-08-22T01:40:08+02:00] UPF_CONTROL_SAMPLE timestamp=2026-08-22T01:40:07+02:00 scenario=ue_33 pod=open5gs-upf-5b9db6d44-nsbqz uid=7b5b8ef7-a2a2-4fe9-a3e1-74acd17bd88f restarts=6 usage_cpu=497m usage_mem=37Mi request_cpu=476m request_mem=250Mi limit_cpu=none limit_mem=none vpa_target_cpu=476m vpa_target_mem=250Mi vpa_uncapped_cpu=476m vpa_uncapped_mem=250Mi vpa_lower_cpu=219m vpa_lower_mem=250Mi vpa_upper_cpu=1500m vpa_upper_mem=512Mi
[2026-08-22T01:40:11+02:00] UPF_CONTROL_SAMPLE timestamp=2026-08-22T01:40:09+02:00 scenario=ue_33 pod=open5gs-upf-5b9db6d44-nsbqz uid=7b5b8ef7-a2a2-4fe9-a3e1-74acd17bd88f restarts=6 usage_cpu=495m usage_mem=37Mi request_cpu=476m request_mem=250Mi limit_cpu=none limit_mem=none vpa_target_cpu=476m vpa_target_mem=250Mi vpa_uncapped_cpu=476m vpa_uncapped_mem=250Mi vpa_lower_cpu=219m vpa_lower_mem=250Mi vpa_upper_cpu=1500m vpa_upper_mem=512Mi
[2026-08-22T01:40:13+02:00] VPA_RECOMMENDATION_CHANGE timestamp=2026-08-22T01:40:12+02:00 scenario=ue_33 old='vpa_target_cpu=476m vpa_target_mem=250Mi vpa_uncapped_cpu=476m vpa_uncapped_mem=250Mi vpa_lower_cpu=219m vpa_lower_mem=250Mi vpa_upper_cpu=1500m vpa_upper_mem=512Mi' new='vpa_target_cpu=511m vpa_target_mem=250Mi vpa_uncapped_cpu=511m vpa_uncapped_mem=250Mi vpa_lower_cpu=220m vpa_lower_mem=250Mi vpa_upper_cpu=1500m vpa_upper_mem=512Mi' previous_5s_sample='timestamp=2026-08-22T01:40:07+02:00 scenario=ue_33 pod=open5gs-upf-5b9db6d44-nsbqz uid=7b5b8ef7-a2a2-4fe9-a3e1-74acd17bd88f restarts=6 usage_cpu=497m usage_mem=37Mi request_cpu=476m request_mem=250Mi limit_cpu=none limit_mem=none vpa_target_cpu=476m vpa_target_mem=250Mi vpa_uncapped_cpu=476m vpa_uncapped_mem=250Mi vpa_lower_cpu=219m vpa_lower_mem=250Mi vpa_upper_cpu=1500m vpa_upper_mem=512Mi' current_sample='timestamp=2026-08-22T01:40:12+02:00 scenario=ue_33 pod=open5gs-upf-5b9db6d44-nsbqz uid=7b5b8ef7-a2a2-4fe9-a3e1-74acd17bd88f restarts=6 usage_cpu=495m usage_mem=37Mi request_cpu=476m request_mem=250Mi limit_cpu=none limit_mem=none vpa_target_cpu=511m vpa_target_mem=250Mi vpa_uncapped_cpu=511m vpa_uncapped_mem=250Mi vpa_lower_cpu=220m vpa_lower_mem=250Mi vpa_upper_cpu=1500m vpa_upper_mem=512Mi'
[2026-08-22T01:40:13+02:00] UPF_CONTROL_SAMPLE timestamp=2026-08-22T01:40:12+02:00 scenario=ue_33 pod=open5gs-upf-5b9db6d44-nsbqz uid=7b5b8ef7-a2a2-4fe9-a3e1-74acd17bd88f restarts=6 usage_cpu=495m usage_mem=37Mi request_cpu=476m request_mem=250Mi limit_cpu=none limit_mem=none vpa_target_cpu=511m vpa_target_mem=250Mi vpa_uncapped_cpu=511m vpa_uncapped_mem=250Mi vpa_lower_cpu=220m vpa_lower_mem=250Mi vpa_upper_cpu=1500m vpa_upper_mem=512Mi
[2026-08-22T01:40:15+02:00] UPF_CONTROL_SAMPLE timestamp=2026-08-22T01:40:14+02:00 scenario=ue_33 pod=open5gs-upf-5b9db6d44-nsbqz uid=7b5b8ef7-a2a2-4fe9-a3e1-74acd17bd88f restarts=6 usage_cpu=495m usage_mem=37Mi request_cpu=476m request_mem=250Mi limit_cpu=none limit_mem=none vpa_target_cpu=511m vpa_target_mem=250Mi vpa_uncapped_cpu=511m vpa_uncapped_mem=250Mi vpa_lower_cpu=220m vpa_lower_mem=250Mi vpa_upper_cpu=1500m vpa_upper_mem=512Mi
[2026-08-22T01:40:17+02:00] UPF_CONTROL_SAMPLE timestamp=2026-08-22T01:40:16+02:00 scenario=ue_33 pod=open5gs-upf-5b9db6d44-nsbqz uid=7b5b8ef7-a2a2-4fe9-a3e1-74acd17bd88f restarts=6 usage_cpu=495m usage_mem=37Mi request_cpu=476m request_mem=250Mi limit_cpu=none limit_mem=none vpa_target_cpu=511m vpa_target_mem=250Mi vpa_uncapped_cpu=511m vpa_uncapped_mem=250Mi vpa_lower_cpu=220m vpa_lower_mem=250Mi vpa_upper_cpu=1500m vpa_upper_mem=512Mi
[2026-08-22T01:40:20+02:00] UPF_CONTROL_SAMPLE timestamp=2026-08-22T01:40:19+02:00 scenario=ue_33 pod=open5gs-upf-5b9db6d44-nsbqz uid=7b5b8ef7-a2a2-4fe9-a3e1-74acd17bd88f restarts=6 usage_cpu=495m usage_mem=37Mi request_cpu=476m request_mem=250Mi limit_cpu=none limit_mem=none vpa_target_cpu=511m vpa_target_mem=250Mi vpa_uncapped_cpu=511m vpa_uncapped_mem=250Mi vpa_lower_cpu=220m vpa_lower_mem=250Mi vpa_upper_cpu=1500m vpa_upper_mem=512Mi
[2026-08-22T01:40:22+02:00] UPF_CONTROL_SAMPLE timestamp=2026-08-22T01:40:21+02:00 scenario=ue_33 pod=open5gs-upf-5b9db6d44-nsbqz uid=7b5b8ef7-a2a2-4fe9-a3e1-74acd17bd88f restarts=6 usage_cpu=495m usage_mem=37Mi request_cpu=476m request_mem=250Mi limit_cpu=none limit_mem=none vpa_target_cpu=511m vpa_target_mem=250Mi vpa_uncapped_cpu=511m vpa_uncapped_mem=250Mi vpa_lower_cpu=220m vpa_lower_mem=250Mi vpa_upper_cpu=1500m vpa_upper_mem=512Mi
[2026-08-22T01:40:23+02:00] UE_SLOT_DONE timestamp=2026-08-21T23:40:23+00:00 active_ues=33 slot=0 attempt=1 ue_idx=0 ue_if=uesimtun0 ue_ip=10.45.1.146 port=5201 rc=0 replacements_for_slot=0 server_busy_retries_for_slot=0
[2026-08-22T01:40:23+02:00] UE_SLOT_DONE timestamp=2026-08-21T23:40:23+00:00 active_ues=33 slot=1 attempt=1 ue_idx=1 ue_if=uesimtun1 ue_ip=10.45.1.147 port=5202 rc=0 replacements_for_slot=0 server_busy_retries_for_slot=0
[2026-08-22T01:40:23+02:00] UE_SLOT_DONE timestamp=2026-08-21T23:40:23+00:00 active_ues=33 slot=2 attempt=1 ue_idx=2 ue_if=uesimtun2 ue_ip=10.45.1.148 port=5203 rc=0 replacements_for_slot=0 server_busy_retries_for_slot=0
[2026-08-22T01:40:23+02:00] UE_SLOT_DONE timestamp=2026-08-21T23:40:23+00:00 active_ues=33 slot=3 attempt=1 ue_idx=3 ue_if=uesimtun3 ue_ip=10.45.1.149 port=5204 rc=0 replacements_for_slot=0 server_busy_retries_for_slot=0
[2026-08-22T01:40:23+02:00] UE_SLOT_DONE timestamp=2026-08-21T23:40:23+00:00 active_ues=33 slot=4 attempt=1 ue_idx=4 ue_if=uesimtun4 ue_ip=10.45.1.151 port=5205 rc=0 replacements_for_slot=0 server_busy_retries_for_slot=0
[2026-08-22T01:40:23+02:00] UE_SLOT_DONE timestamp=2026-08-21T23:40:23+00:00 active_ues=33 slot=5 attempt=1 ue_idx=5 ue_if=uesimtun5 ue_ip=10.45.1.150 port=5206 rc=0 replacements_for_slot=0 server_busy_retries_for_slot=0
[2026-08-22T01:40:24+02:00] UPF_CONTROL_SAMPLE timestamp=2026-08-22T01:40:23+02:00 scenario=ue_33 pod=open5gs-upf-5b9db6d44-nsbqz uid=7b5b8ef7-a2a2-4fe9-a3e1-74acd17bd88f restarts=6 usage_cpu=495m usage_mem=37Mi request_cpu=476m request_mem=250Mi limit_cpu=none limit_mem=none vpa_target_cpu=511m vpa_target_mem=250Mi vpa_uncapped_cpu=511m vpa_uncapped_mem=250Mi vpa_lower_cpu=220m vpa_lower_mem=250Mi vpa_upper_cpu=1500m vpa_upper_mem=512Mi
[2026-08-22T01:40:25+02:00] UE_SLOT_DONE timestamp=2026-08-21T23:40:25+00:00 active_ues=33 slot=6 attempt=1 ue_idx=6 ue_if=uesimtun6 ue_ip=10.45.1.152 port=5207 rc=0 replacements_for_slot=0 server_busy_retries_for_slot=0
[2026-08-22T01:40:25+02:00] UE_SLOT_DONE timestamp=2026-08-21T23:40:25+00:00 active_ues=33 slot=7 attempt=1 ue_idx=7 ue_if=uesimtun7 ue_ip=10.45.1.154 port=5208 rc=0 replacements_for_slot=0 server_busy_retries_for_slot=0
[2026-08-22T01:40:25+02:00] UE_SLOT_DONE timestamp=2026-08-21T23:40:25+00:00 active_ues=33 slot=8 attempt=1 ue_idx=8 ue_if=uesimtun8 ue_ip=10.45.1.156 port=5209 rc=0 replacements_for_slot=0 server_busy_retries_for_slot=0
[2026-08-22T01:40:25+02:00] UE_SLOT_DONE timestamp=2026-08-21T23:40:25+00:00 active_ues=33 slot=9 attempt=1 ue_idx=9 ue_if=uesimtun9 ue_ip=10.45.1.158 port=5210 rc=0 replacements_for_slot=0 server_busy_retries_for_slot=0
[2026-08-22T01:40:25+02:00] UE_SLOT_DONE timestamp=2026-08-21T23:40:25+00:00 active_ues=33 slot=10 attempt=2 ue_idx=38 ue_if=uesimtun38 ue_ip=10.45.1.190 port=5251 rc=0 replacements_for_slot=1 server_busy_retries_for_slot=0
[2026-08-22T01:40:25+02:00] UE_SLOT_DONE timestamp=2026-08-21T23:40:25+00:00 active_ues=33 slot=11 attempt=1 ue_idx=11 ue_if=uesimtun11 ue_ip=10.45.1.155 port=5212 rc=0 replacements_for_slot=0 server_busy_retries_for_slot=0
[2026-08-22T01:40:25+02:00] UE_SLOT_DONE timestamp=2026-08-21T23:40:25+00:00 active_ues=33 slot=12 attempt=1 ue_idx=12 ue_if=uesimtun12 ue_ip=10.45.1.164 port=5213 rc=0 replacements_for_slot=0 server_busy_retries_for_slot=0
[2026-08-22T01:40:25+02:00] UE_SLOT_DONE timestamp=2026-08-21T23:40:25+00:00 active_ues=33 slot=13 attempt=1 ue_idx=13 ue_if=uesimtun13 ue_ip=10.45.1.161 port=5214 rc=0 replacements_for_slot=0 server_busy_retries_for_slot=0
[2026-08-22T01:40:25+02:00] UE_SLOT_DONE timestamp=2026-08-21T23:40:25+00:00 active_ues=33 slot=14 attempt=1 ue_idx=14 ue_if=uesimtun14 ue_ip=10.45.1.167 port=5215 rc=0 replacements_for_slot=0 server_busy_retries_for_slot=0
[2026-08-22T01:40:25+02:00] UE_SLOT_DONE timestamp=2026-08-21T23:40:25+00:00 active_ues=33 slot=15 attempt=1 ue_idx=15 ue_if=uesimtun15 ue_ip=10.45.1.157 port=5216 rc=0 replacements_for_slot=0 server_busy_retries_for_slot=0
[2026-08-22T01:40:25+02:00] UE_SLOT_DONE timestamp=2026-08-21T23:40:25+00:00 active_ues=33 slot=16 attempt=1 ue_idx=16 ue_if=uesimtun16 ue_ip=10.45.1.168 port=5217 rc=0 replacements_for_slot=0 server_busy_retries_for_slot=0
[2026-08-22T01:40:27+02:00] UPF_CONTROL_SAMPLE timestamp=2026-08-22T01:40:25+02:00 scenario=ue_33 pod=open5gs-upf-5b9db6d44-nsbqz uid=7b5b8ef7-a2a2-4fe9-a3e1-74acd17bd88f restarts=6 usage_cpu=495m usage_mem=37Mi request_cpu=476m request_mem=250Mi limit_cpu=none limit_mem=none vpa_target_cpu=511m vpa_target_mem=250Mi vpa_uncapped_cpu=511m vpa_uncapped_mem=250Mi vpa_lower_cpu=220m vpa_lower_mem=250Mi vpa_upper_cpu=1500m vpa_upper_mem=512Mi
[2026-08-22T01:40:27+02:00] UE_SLOT_DONE timestamp=2026-08-21T23:40:27+00:00 active_ues=33 slot=17 attempt=1 ue_idx=17 ue_if=uesimtun17 ue_ip=10.45.1.171 port=5218 rc=0 replacements_for_slot=0 server_busy_retries_for_slot=0
[2026-08-22T01:40:27+02:00] UE_SLOT_DONE timestamp=2026-08-21T23:40:27+00:00 active_ues=33 slot=18 attempt=1 ue_idx=20 ue_if=uesimtun20 ue_ip=10.45.1.178 port=5219 rc=0 replacements_for_slot=0 server_busy_retries_for_slot=0
[2026-08-22T01:40:27+02:00] UE_SLOT_DONE timestamp=2026-08-21T23:40:27+00:00 active_ues=33 slot=19 attempt=1 ue_idx=21 ue_if=uesimtun21 ue_ip=10.45.1.182 port=5220 rc=0 replacements_for_slot=0 server_busy_retries_for_slot=0
[2026-08-22T01:40:27+02:00] UE_SLOT_DONE timestamp=2026-08-21T23:40:27+00:00 active_ues=33 slot=20 attempt=1 ue_idx=22 ue_if=uesimtun22 ue_ip=10.45.1.184 port=5221 rc=0 replacements_for_slot=0 server_busy_retries_for_slot=0
[2026-08-22T01:40:27+02:00] UE_SLOT_DONE timestamp=2026-08-21T23:40:27+00:00 active_ues=33 slot=21 attempt=1 ue_idx=23 ue_if=uesimtun23 ue_ip=10.45.1.183 port=5222 rc=0 replacements_for_slot=0 server_busy_retries_for_slot=0
[2026-08-22T01:40:27+02:00] UE_SLOT_DONE timestamp=2026-08-21T23:40:27+00:00 active_ues=33 slot=22 attempt=1 ue_idx=24 ue_if=uesimtun24 ue_ip=10.45.1.187 port=5223 rc=0 replacements_for_slot=0 server_busy_retries_for_slot=0
[2026-08-22T01:40:27+02:00] UE_SLOT_DONE timestamp=2026-08-21T23:40:27+00:00 active_ues=33 slot=23 attempt=1 ue_idx=25 ue_if=uesimtun25 ue_ip=10.45.1.186 port=5224 rc=0 replacements_for_slot=0 server_busy_retries_for_slot=0
[2026-08-22T01:40:29+02:00] UE_SLOT_DONE timestamp=2026-08-21T23:40:29+00:00 active_ues=33 slot=24 attempt=1 ue_idx=26 ue_if=uesimtun26 ue_ip=10.45.1.189 port=5225 rc=0 replacements_for_slot=0 server_busy_retries_for_slot=0
[2026-08-22T01:40:29+02:00] UE_SLOT_DONE timestamp=2026-08-21T23:40:29+00:00 active_ues=33 slot=25 attempt=1 ue_idx=27 ue_if=uesimtun27 ue_ip=10.45.1.153 port=5226 rc=0 replacements_for_slot=0 server_busy_retries_for_slot=0
[2026-08-22T01:40:29+02:00] UE_SLOT_DONE timestamp=2026-08-21T23:40:29+00:00 active_ues=33 slot=26 attempt=1 ue_idx=28 ue_if=uesimtun28 ue_ip=10.45.1.160 port=5227 rc=0 replacements_for_slot=0 server_busy_retries_for_slot=0
[2026-08-22T01:40:29+02:00] UE_SLOT_DONE timestamp=2026-08-21T23:40:29+00:00 active_ues=33 slot=27 attempt=1 ue_idx=30 ue_if=uesimtun30 ue_ip=10.45.1.192 port=5228 rc=0 replacements_for_slot=0 server_busy_retries_for_slot=0
[2026-08-22T01:40:29+02:00] UPF_CONTROL_SAMPLE timestamp=2026-08-22T01:40:28+02:00 scenario=ue_33 pod=open5gs-upf-5b9db6d44-nsbqz uid=7b5b8ef7-a2a2-4fe9-a3e1-74acd17bd88f restarts=6 usage_cpu=495m usage_mem=37Mi request_cpu=476m request_mem=250Mi limit_cpu=none limit_mem=none vpa_target_cpu=511m vpa_target_mem=250Mi vpa_uncapped_cpu=511m vpa_uncapped_mem=250Mi vpa_lower_cpu=220m vpa_lower_mem=250Mi vpa_upper_cpu=1500m vpa_upper_mem=512Mi
[2026-08-22T01:40:29+02:00] UE_SLOT_DONE timestamp=2026-08-21T23:40:29+00:00 active_ues=33 slot=28 attempt=1 ue_idx=31 ue_if=uesimtun31 ue_ip=10.45.1.194 port=5229 rc=0 replacements_for_slot=0 server_busy_retries_for_slot=0
[2026-08-22T01:40:29+02:00] UE_SLOT_DONE timestamp=2026-08-21T23:40:29+00:00 active_ues=33 slot=29 attempt=1 ue_idx=33 ue_if=uesimtun33 ue_ip=10.45.1.173 port=5230 rc=0 replacements_for_slot=0 server_busy_retries_for_slot=0
[2026-08-22T01:40:30+02:00] UE_SLOT_DONE timestamp=2026-08-21T23:40:30+00:00 active_ues=33 slot=30 attempt=1 ue_idx=35 ue_if=uesimtun35 ue_ip=10.45.1.176 port=5231 rc=0 replacements_for_slot=0 server_busy_retries_for_slot=0
[2026-08-22T01:40:30+02:00] UE_SLOT_DONE timestamp=2026-08-21T23:40:30+00:00 active_ues=33 slot=31 attempt=1 ue_idx=36 ue_if=uesimtun36 ue_ip=10.45.1.179 port=5232 rc=0 replacements_for_slot=0 server_busy_retries_for_slot=0
[2026-08-22T01:40:30+02:00] UE_SLOT_DONE timestamp=2026-08-21T23:40:30+00:00 active_ues=33 slot=32 attempt=1 ue_idx=37 ue_if=uesimtun37 ue_ip=10.45.1.185 port=5233 rc=0 replacements_for_slot=0 server_busy_retries_for_slot=0
[2026-08-22T01:40:31+02:00] UPF_CONTROL_SAMPLE timestamp=2026-08-22T01:40:30+02:00 scenario=ue_33 pod=open5gs-upf-5b9db6d44-nsbqz uid=7b5b8ef7-a2a2-4fe9-a3e1-74acd17bd88f restarts=6 usage_cpu=495m usage_mem=37Mi request_cpu=476m request_mem=250Mi limit_cpu=none limit_mem=none vpa_target_cpu=511m vpa_target_mem=250Mi vpa_uncapped_cpu=511m vpa_uncapped_mem=250Mi vpa_lower_cpu=220m vpa_lower_mem=250Mi vpa_upper_cpu=1500m vpa_upper_mem=512Mi
[2026-08-22T01:40:31+02:00] TRAFFIC_SUMMARY timestamp=2026-08-21T23:40:31+00:00 registered_tunnels=50 active_ues=33 target_slots=33 completed_slots=33 final_failed_slots=0 replacements=1 problematic_ues=1 zombie_ues=1 connect_timeouts=0 stalls=1 deferred_stalls=0 process_failures=0 server_busy_retries=0 server_busy_failures=0 late_timeouts_accepted=0 scenario_bad_ues=1 global_suspect_ues=6 used_ues=34 target_host=192.168.1.211 initial_ports=5201-5233 replacement_ports=5251-5265 bitrate=1M start_delay=0.05 detection=no_rx_counter replacement_min_duration_s=5 adaptive_extension_max_s=1 iperf_exit_grace_s=3 server_busy_retries_limit=1 server_busy_retry_delay_s=2 late_replacement_after_end=disabled wait_for_iperf_exit=until_timeout global_suspect_policy=soft_reuse ramp_supervision=after_initial_start
[2026-08-22T01:40:31+02:00] UE_POOL_SCENARIO_BAD_CURRENT timestamp=2026-08-21T23:40:31+00:00 active_ues=33 indexes=10
[2026-08-22T01:40:31+02:00] UE_POOL_GLOBAL_SUSPECT_CURRENT timestamp=2026-08-21T23:40:31+00:00 active_ues=33 indexes=10,18,19,29,32,34
[2026-08-22T01:40:31+02:00] REMOTE_IPERF_PER_UE_END timestamp=2026-08-21T23:40:31+00:00 active_ues=33 tag=ue_33 final_rc=0 completed_slots=33 replacements=1 problematic_ues=1 server_busy_retries=0 deferred_stalls=0 late_timeouts_accepted=0
[2026-08-22T01:40:31+02:00] SCENARIO TRAFFIC COMMAND END timestamp=2026-08-22T01:40:31+02:00 active_ue=33 rc=0
[2026-08-22T01:40:32+02:00] SCENARIO UPF AFTER timestamp=2026-08-22T01:40:32+02:00 active_ue=33 pod=open5gs-upf-5b9db6d44-nsbqz uid=7b5b8ef7-a2a2-4fe9-a3e1-74acd17bd88f restarts=6
[2026-08-22T01:40:32+02:00] SCENARIO END timestamp=2026-08-22T01:40:32+02:00 active_ue=33 rc=0
[2026-08-22T01:40:32+02:00] ================================================================
[2026-08-22T01:40:32+02:00] SCENARIO START timestamp=2026-08-22T01:40:32+02:00 active_ue=35 registered_ue_pool=50 target_host=192.168.1.211 ports=5201-5235 replacement_ports=5251-5265 bitrate_per_ue=1M start_delay=0.05 replacement_min_duration=5 adaptive_extension_max=1
[2026-08-22T01:40:32+02:00] ================================================================
[2026-08-22T01:40:32+02:00] SCENARIO TUNNEL CHECK timestamp=2026-08-22T01:40:32+02:00 active_ue=35 current_tunnels=50 required=50
[2026-08-22T01:40:33+02:00] SCENARIO UPF BEFORE timestamp=2026-08-22T01:40:33+02:00 active_ue=35 pod=open5gs-upf-5b9db6d44-nsbqz uid=7b5b8ef7-a2a2-4fe9-a3e1-74acd17bd88f restarts=6
[2026-08-22T01:40:34+02:00] UPF_CONTROL_SAMPLE timestamp=2026-08-22T01:40:32+02:00 scenario=ue_35 pod=open5gs-upf-5b9db6d44-nsbqz uid=7b5b8ef7-a2a2-4fe9-a3e1-74acd17bd88f restarts=6 usage_cpu=495m usage_mem=37Mi request_cpu=476m request_mem=250Mi limit_cpu=none limit_mem=none vpa_target_cpu=511m vpa_target_mem=250Mi vpa_uncapped_cpu=511m vpa_uncapped_mem=250Mi vpa_lower_cpu=220m vpa_lower_mem=250Mi vpa_upper_cpu=1500m vpa_upper_mem=512Mi
[2026-08-22T01:40:34+02:00] REMOTE_IPERF_PER_UE_START timestamp=2026-08-21T23:40:34+00:00 active_ues=35 tag=ue_35 iperf_host=192.168.1.211 base_port=5201 replacement_base_port=5251 duration=80 bitrate=1M start_delay=0.05 detection=no_rx_counter connect_timeout_s=4 stall_seconds=5 replacement_limit=15 replacement_min_duration_s=5 adaptive_extension_max_s=1 iperf_exit_grace_s=3 server_busy_port_rebinds=1 late_replacement_after_end=disabled wait_for_iperf_exit=until_timeout global_suspect_policy=soft_reuse ramp_supervision=after_initial_start
[2026-08-22T01:40:34+02:00] UE_POOL_STATUS timestamp=2026-08-21T23:40:34+00:00 active_ues=35 registered_tunnels=50 existing_global_suspect_ues=6 used_ues=0 policy=soft_reuse_global_suspects
[2026-08-22T01:40:34+02:00] UE_SLOT_ASSIGN timestamp=2026-08-21T23:40:34+00:00 active_ues=35 slot=0 ue_idx=0 ue_if=uesimtun0 ue_ip=10.45.1.146 candidate_reused_global_suspect=0
[2026-08-22T01:40:34+02:00] UE_SLOT_START timestamp=2026-08-21T23:40:34+00:00 active_ues=35 slot=0 attempt=1 ue_idx=0 ue_if=uesimtun0 ue_ip=10.45.1.146 target=192.168.1.211:5201 bitrate=1M duration_s=80 planned_end_epoch=1787355714 timeout_s=90 hard_timeout_epoch=1787355729 start_rx_bytes=1638464
[2026-08-22T01:40:34+02:00] UE_SLOT_PID timestamp=2026-08-21T23:40:34+00:00 active_ues=35 slot=0 attempt=1 ue_idx=0 pid=55972
[2026-08-22T01:40:34+02:00] UE_SLOT_ASSIGN timestamp=2026-08-21T23:40:34+00:00 active_ues=35 slot=1 ue_idx=1 ue_if=uesimtun1 ue_ip=10.45.1.147 candidate_reused_global_suspect=0
[2026-08-22T01:40:34+02:00] UE_SLOT_START timestamp=2026-08-21T23:40:34+00:00 active_ues=35 slot=1 attempt=1 ue_idx=1 ue_if=uesimtun1 ue_ip=10.45.1.147 target=192.168.1.211:5202 bitrate=1M duration_s=80 planned_end_epoch=1787355714 timeout_s=90 hard_timeout_epoch=1787355729 start_rx_bytes=1586639
[2026-08-22T01:40:34+02:00] UE_SLOT_PID timestamp=2026-08-21T23:40:34+00:00 active_ues=35 slot=1 attempt=1 ue_idx=1 pid=55997
[2026-08-22T01:40:34+02:00] UE_SLOT_ASSIGN timestamp=2026-08-21T23:40:34+00:00 active_ues=35 slot=2 ue_idx=2 ue_if=uesimtun2 ue_ip=10.45.1.148 candidate_reused_global_suspect=0
[2026-08-22T01:40:34+02:00] UE_SLOT_START timestamp=2026-08-21T23:40:34+00:00 active_ues=35 slot=2 attempt=1 ue_idx=2 ue_if=uesimtun2 ue_ip=10.45.1.148 target=192.168.1.211:5203 bitrate=1M duration_s=80 planned_end_epoch=1787355714 timeout_s=90 hard_timeout_epoch=1787355729 start_rx_bytes=1571603
[2026-08-22T01:40:34+02:00] UE_SLOT_PID timestamp=2026-08-21T23:40:34+00:00 active_ues=35 slot=2 attempt=1 ue_idx=2 pid=56022
[2026-08-22T01:40:34+02:00] UE_SLOT_ASSIGN timestamp=2026-08-21T23:40:34+00:00 active_ues=35 slot=3 ue_idx=3 ue_if=uesimtun3 ue_ip=10.45.1.149 candidate_reused_global_suspect=0
[2026-08-22T01:40:35+02:00] UE_SLOT_START timestamp=2026-08-21T23:40:35+00:00 active_ues=35 slot=3 attempt=1 ue_idx=3 ue_if=uesimtun3 ue_ip=10.45.1.149 target=192.168.1.211:5204 bitrate=1M duration_s=80 planned_end_epoch=1787355714 timeout_s=90 hard_timeout_epoch=1787355729 start_rx_bytes=1470473
[2026-08-22T01:40:35+02:00] UE_SLOT_PID timestamp=2026-08-21T23:40:35+00:00 active_ues=35 slot=3 attempt=1 ue_idx=3 pid=56047
[2026-08-22T01:40:35+02:00] UE_SLOT_ASSIGN timestamp=2026-08-21T23:40:35+00:00 active_ues=35 slot=4 ue_idx=4 ue_if=uesimtun4 ue_ip=10.45.1.151 candidate_reused_global_suspect=0
[2026-08-22T01:40:35+02:00] UE_SLOT_START timestamp=2026-08-21T23:40:35+00:00 active_ues=35 slot=4 attempt=1 ue_idx=4 ue_if=uesimtun4 ue_ip=10.45.1.151 target=192.168.1.211:5205 bitrate=1M duration_s=80 planned_end_epoch=1787355715 timeout_s=90 hard_timeout_epoch=1787355730 start_rx_bytes=1440082
[2026-08-22T01:40:35+02:00] UE_SLOT_PID timestamp=2026-08-21T23:40:35+00:00 active_ues=35 slot=4 attempt=1 ue_idx=4 pid=56072
[2026-08-22T01:40:35+02:00] UE_SLOT_ASSIGN timestamp=2026-08-21T23:40:35+00:00 active_ues=35 slot=5 ue_idx=5 ue_if=uesimtun5 ue_ip=10.45.1.150 candidate_reused_global_suspect=0
[2026-08-22T01:40:35+02:00] UE_SLOT_START timestamp=2026-08-21T23:40:35+00:00 active_ues=35 slot=5 attempt=1 ue_idx=5 ue_if=uesimtun5 ue_ip=10.45.1.150 target=192.168.1.211:5206 bitrate=1M duration_s=80 planned_end_epoch=1787355715 timeout_s=90 hard_timeout_epoch=1787355730 start_rx_bytes=1364620
[2026-08-22T01:40:35+02:00] UE_SLOT_PID timestamp=2026-08-21T23:40:35+00:00 active_ues=35 slot=5 attempt=1 ue_idx=5 pid=56097
[2026-08-22T01:40:35+02:00] UE_SLOT_ASSIGN timestamp=2026-08-21T23:40:35+00:00 active_ues=35 slot=6 ue_idx=6 ue_if=uesimtun6 ue_ip=10.45.1.152 candidate_reused_global_suspect=0
[2026-08-22T01:40:35+02:00] UE_SLOT_START timestamp=2026-08-21T23:40:35+00:00 active_ues=35 slot=6 attempt=1 ue_idx=6 ue_if=uesimtun6 ue_ip=10.45.1.152 target=192.168.1.211:5207 bitrate=1M duration_s=80 planned_end_epoch=1787355715 timeout_s=90 hard_timeout_epoch=1787355730 start_rx_bytes=1406268
[2026-08-22T01:40:35+02:00] UE_SLOT_PID timestamp=2026-08-21T23:40:35+00:00 active_ues=35 slot=6 attempt=1 ue_idx=6 pid=56122
[2026-08-22T01:40:35+02:00] UE_SLOT_ASSIGN timestamp=2026-08-21T23:40:35+00:00 active_ues=35 slot=7 ue_idx=7 ue_if=uesimtun7 ue_ip=10.45.1.154 candidate_reused_global_suspect=0
[2026-08-22T01:40:35+02:00] UE_SLOT_START timestamp=2026-08-21T23:40:35+00:00 active_ues=35 slot=7 attempt=1 ue_idx=7 ue_if=uesimtun7 ue_ip=10.45.1.154 target=192.168.1.211:5208 bitrate=1M duration_s=80 planned_end_epoch=1787355715 timeout_s=90 hard_timeout_epoch=1787355730 start_rx_bytes=1271932
[2026-08-22T01:40:35+02:00] UE_SLOT_PID timestamp=2026-08-21T23:40:35+00:00 active_ues=35 slot=7 attempt=1 ue_idx=7 pid=56147
[2026-08-22T01:40:36+02:00] UE_SLOT_ASSIGN timestamp=2026-08-21T23:40:36+00:00 active_ues=35 slot=8 ue_idx=8 ue_if=uesimtun8 ue_ip=10.45.1.156 candidate_reused_global_suspect=0
[2026-08-22T01:40:36+02:00] UE_SLOT_START timestamp=2026-08-21T23:40:36+00:00 active_ues=35 slot=8 attempt=1 ue_idx=8 ue_if=uesimtun8 ue_ip=10.45.1.156 target=192.168.1.211:5209 bitrate=1M duration_s=80 planned_end_epoch=1787355716 timeout_s=90 hard_timeout_epoch=1787355731 start_rx_bytes=1244787
[2026-08-22T01:40:36+02:00] UE_SLOT_PID timestamp=2026-08-21T23:40:36+00:00 active_ues=35 slot=8 attempt=1 ue_idx=8 pid=56172
[2026-08-22T01:40:36+02:00] UE_SLOT_ASSIGN timestamp=2026-08-21T23:40:36+00:00 active_ues=35 slot=9 ue_idx=9 ue_if=uesimtun9 ue_ip=10.45.1.158 candidate_reused_global_suspect=0
[2026-08-22T01:40:36+02:00] UPF_CONTROL_SAMPLE timestamp=2026-08-22T01:40:35+02:00 scenario=ue_35 pod=open5gs-upf-5b9db6d44-nsbqz uid=7b5b8ef7-a2a2-4fe9-a3e1-74acd17bd88f restarts=6 usage_cpu=495m usage_mem=37Mi request_cpu=476m request_mem=250Mi limit_cpu=none limit_mem=none vpa_target_cpu=511m vpa_target_mem=250Mi vpa_uncapped_cpu=511m vpa_uncapped_mem=250Mi vpa_lower_cpu=220m vpa_lower_mem=250Mi vpa_upper_cpu=1500m vpa_upper_mem=512Mi
[2026-08-22T01:40:36+02:00] UE_SLOT_START timestamp=2026-08-21T23:40:36+00:00 active_ues=35 slot=9 attempt=1 ue_idx=9 ue_if=uesimtun9 ue_ip=10.45.1.158 target=192.168.1.211:5210 bitrate=1M duration_s=80 planned_end_epoch=1787355716 timeout_s=90 hard_timeout_epoch=1787355731 start_rx_bytes=1152625
[2026-08-22T01:40:36+02:00] UE_SLOT_PID timestamp=2026-08-21T23:40:36+00:00 active_ues=35 slot=9 attempt=1 ue_idx=9 pid=56197
[2026-08-22T01:40:36+02:00] UE_SLOT_ASSIGN timestamp=2026-08-21T23:40:36+00:00 active_ues=35 slot=10 ue_idx=11 ue_if=uesimtun11 ue_ip=10.45.1.155 candidate_reused_global_suspect=0
[2026-08-22T01:40:36+02:00] UE_SLOT_START timestamp=2026-08-21T23:40:36+00:00 active_ues=35 slot=10 attempt=1 ue_idx=11 ue_if=uesimtun11 ue_ip=10.45.1.155 target=192.168.1.211:5211 bitrate=1M duration_s=80 planned_end_epoch=1787355716 timeout_s=90 hard_timeout_epoch=1787355731 start_rx_bytes=1115421
[2026-08-22T01:40:36+02:00] UE_SLOT_PID timestamp=2026-08-21T23:40:36+00:00 active_ues=35 slot=10 attempt=1 ue_idx=11 pid=56222
[2026-08-22T01:40:36+02:00] UE_SLOT_ASSIGN timestamp=2026-08-21T23:40:36+00:00 active_ues=35 slot=11 ue_idx=12 ue_if=uesimtun12 ue_ip=10.45.1.164 candidate_reused_global_suspect=0
[2026-08-22T01:40:36+02:00] UE_SLOT_START timestamp=2026-08-21T23:40:36+00:00 active_ues=35 slot=11 attempt=1 ue_idx=12 ue_if=uesimtun12 ue_ip=10.45.1.164 target=192.168.1.211:5212 bitrate=1M duration_s=80 planned_end_epoch=1787355716 timeout_s=90 hard_timeout_epoch=1787355731 start_rx_bytes=1074860
[2026-08-22T01:40:36+02:00] UE_SLOT_PID timestamp=2026-08-21T23:40:36+00:00 active_ues=35 slot=11 attempt=1 ue_idx=12 pid=56247
[2026-08-22T01:40:37+02:00] UE_SLOT_ASSIGN timestamp=2026-08-21T23:40:37+00:00 active_ues=35 slot=12 ue_idx=13 ue_if=uesimtun13 ue_ip=10.45.1.161 candidate_reused_global_suspect=0
[2026-08-22T01:40:37+02:00] UE_SLOT_START timestamp=2026-08-21T23:40:37+00:00 active_ues=35 slot=12 attempt=1 ue_idx=13 ue_if=uesimtun13 ue_ip=10.45.1.161 target=192.168.1.211:5213 bitrate=1M duration_s=80 planned_end_epoch=1787355716 timeout_s=90 hard_timeout_epoch=1787355732 start_rx_bytes=994901
[2026-08-22T01:40:37+02:00] UE_SLOT_PID timestamp=2026-08-21T23:40:37+00:00 active_ues=35 slot=12 attempt=1 ue_idx=13 pid=56272
[2026-08-22T01:40:37+02:00] UE_SLOT_ASSIGN timestamp=2026-08-21T23:40:37+00:00 active_ues=35 slot=13 ue_idx=14 ue_if=uesimtun14 ue_ip=10.45.1.167 candidate_reused_global_suspect=0
[2026-08-22T01:40:37+02:00] UE_SLOT_START timestamp=2026-08-21T23:40:37+00:00 active_ues=35 slot=13 attempt=1 ue_idx=14 ue_if=uesimtun14 ue_ip=10.45.1.167 target=192.168.1.211:5214 bitrate=1M duration_s=80 planned_end_epoch=1787355717 timeout_s=90 hard_timeout_epoch=1787355732 start_rx_bytes=1008136
[2026-08-22T01:40:37+02:00] UE_SLOT_PID timestamp=2026-08-21T23:40:37+00:00 active_ues=35 slot=13 attempt=1 ue_idx=14 pid=56297
[2026-08-22T01:40:37+02:00] UE_SLOT_ASSIGN timestamp=2026-08-21T23:40:37+00:00 active_ues=35 slot=14 ue_idx=15 ue_if=uesimtun15 ue_ip=10.45.1.157 candidate_reused_global_suspect=0
[2026-08-22T01:40:37+02:00] UE_SLOT_START timestamp=2026-08-21T23:40:37+00:00 active_ues=35 slot=14 attempt=1 ue_idx=15 ue_if=uesimtun15 ue_ip=10.45.1.157 target=192.168.1.211:5215 bitrate=1M duration_s=80 planned_end_epoch=1787355717 timeout_s=90 hard_timeout_epoch=1787355732 start_rx_bytes=956692
[2026-08-22T01:40:37+02:00] UE_SLOT_PID timestamp=2026-08-21T23:40:37+00:00 active_ues=35 slot=14 attempt=1 ue_idx=15 pid=56322
[2026-08-22T01:40:37+02:00] UE_SLOT_ASSIGN timestamp=2026-08-21T23:40:37+00:00 active_ues=35 slot=15 ue_idx=16 ue_if=uesimtun16 ue_ip=10.45.1.168 candidate_reused_global_suspect=0
[2026-08-22T01:40:37+02:00] UE_SLOT_START timestamp=2026-08-21T23:40:37+00:00 active_ues=35 slot=15 attempt=1 ue_idx=16 ue_if=uesimtun16 ue_ip=10.45.1.168 target=192.168.1.211:5216 bitrate=1M duration_s=80 planned_end_epoch=1787355717 timeout_s=90 hard_timeout_epoch=1787355732 start_rx_bytes=920263
[2026-08-22T01:40:37+02:00] UE_SLOT_PID timestamp=2026-08-21T23:40:37+00:00 active_ues=35 slot=15 attempt=1 ue_idx=16 pid=56347
[2026-08-22T01:40:38+02:00] UE_SLOT_ASSIGN timestamp=2026-08-21T23:40:38+00:00 active_ues=35 slot=16 ue_idx=17 ue_if=uesimtun17 ue_ip=10.45.1.171 candidate_reused_global_suspect=0
[2026-08-22T01:40:38+02:00] UE_SLOT_START timestamp=2026-08-21T23:40:38+00:00 active_ues=35 slot=16 attempt=1 ue_idx=17 ue_if=uesimtun17 ue_ip=10.45.1.171 target=192.168.1.211:5217 bitrate=1M duration_s=80 planned_end_epoch=1787355718 timeout_s=90 hard_timeout_epoch=1787355733 start_rx_bytes=801311
[2026-08-22T01:40:38+02:00] UE_SLOT_PID timestamp=2026-08-21T23:40:38+00:00 active_ues=35 slot=16 attempt=1 ue_idx=17 pid=56372
[2026-08-22T01:40:38+02:00] UE_SLOT_ASSIGN timestamp=2026-08-21T23:40:38+00:00 active_ues=35 slot=17 ue_idx=20 ue_if=uesimtun20 ue_ip=10.45.1.178 candidate_reused_global_suspect=0
[2026-08-22T01:40:38+02:00] UE_SLOT_START timestamp=2026-08-21T23:40:38+00:00 active_ues=35 slot=17 attempt=1 ue_idx=20 ue_if=uesimtun20 ue_ip=10.45.1.178 target=192.168.1.211:5218 bitrate=1M duration_s=80 planned_end_epoch=1787355718 timeout_s=90 hard_timeout_epoch=1787355733 start_rx_bytes=753154
[2026-08-22T01:40:38+02:00] UE_SLOT_PID timestamp=2026-08-21T23:40:38+00:00 active_ues=35 slot=17 attempt=1 ue_idx=20 pid=56397
[2026-08-22T01:40:38+02:00] UE_SLOT_ASSIGN timestamp=2026-08-21T23:40:38+00:00 active_ues=35 slot=18 ue_idx=21 ue_if=uesimtun21 ue_ip=10.45.1.182 candidate_reused_global_suspect=0
[2026-08-22T01:40:38+02:00] UE_SLOT_START timestamp=2026-08-21T23:40:38+00:00 active_ues=35 slot=18 attempt=1 ue_idx=21 ue_if=uesimtun21 ue_ip=10.45.1.182 target=192.168.1.211:5219 bitrate=1M duration_s=80 planned_end_epoch=1787355718 timeout_s=90 hard_timeout_epoch=1787355733 start_rx_bytes=719567
[2026-08-22T01:40:38+02:00] UE_SLOT_PID timestamp=2026-08-21T23:40:38+00:00 active_ues=35 slot=18 attempt=1 ue_idx=21 pid=56422
[2026-08-22T01:40:38+02:00] UPF_CONTROL_SAMPLE timestamp=2026-08-22T01:40:37+02:00 scenario=ue_35 pod=open5gs-upf-5b9db6d44-nsbqz uid=7b5b8ef7-a2a2-4fe9-a3e1-74acd17bd88f restarts=6 usage_cpu=495m usage_mem=37Mi request_cpu=476m request_mem=250Mi limit_cpu=none limit_mem=none vpa_target_cpu=511m vpa_target_mem=250Mi vpa_uncapped_cpu=511m vpa_uncapped_mem=250Mi vpa_lower_cpu=220m vpa_lower_mem=250Mi vpa_upper_cpu=1500m vpa_upper_mem=512Mi
[2026-08-22T01:40:38+02:00] UE_SLOT_ASSIGN timestamp=2026-08-21T23:40:38+00:00 active_ues=35 slot=19 ue_idx=22 ue_if=uesimtun22 ue_ip=10.45.1.184 candidate_reused_global_suspect=0
[2026-08-22T01:40:38+02:00] UE_SLOT_START timestamp=2026-08-21T23:40:38+00:00 active_ues=35 slot=19 attempt=1 ue_idx=22 ue_if=uesimtun22 ue_ip=10.45.1.184 target=192.168.1.211:5220 bitrate=1M duration_s=80 planned_end_epoch=1787355718 timeout_s=90 hard_timeout_epoch=1787355733 start_rx_bytes=716028
[2026-08-22T01:40:38+02:00] UE_SLOT_PID timestamp=2026-08-21T23:40:38+00:00 active_ues=35 slot=19 attempt=1 ue_idx=22 pid=56447
[2026-08-22T01:40:39+02:00] UE_SLOT_ASSIGN timestamp=2026-08-21T23:40:39+00:00 active_ues=35 slot=20 ue_idx=23 ue_if=uesimtun23 ue_ip=10.45.1.183 candidate_reused_global_suspect=0
[2026-08-22T01:40:39+02:00] UE_SLOT_START timestamp=2026-08-21T23:40:39+00:00 active_ues=35 slot=20 attempt=1 ue_idx=23 ue_if=uesimtun23 ue_ip=10.45.1.183 target=192.168.1.211:5221 bitrate=1M duration_s=80 planned_end_epoch=1787355719 timeout_s=90 hard_timeout_epoch=1787355734 start_rx_bytes=610918
[2026-08-22T01:40:39+02:00] UE_SLOT_PID timestamp=2026-08-21T23:40:39+00:00 active_ues=35 slot=20 attempt=1 ue_idx=23 pid=56472
[2026-08-22T01:40:39+02:00] UE_SLOT_ASSIGN timestamp=2026-08-21T23:40:39+00:00 active_ues=35 slot=21 ue_idx=24 ue_if=uesimtun24 ue_ip=10.45.1.187 candidate_reused_global_suspect=0
[2026-08-22T01:40:39+02:00] UE_SLOT_START timestamp=2026-08-21T23:40:39+00:00 active_ues=35 slot=21 attempt=1 ue_idx=24 ue_if=uesimtun24 ue_ip=10.45.1.187 target=192.168.1.211:5222 bitrate=1M duration_s=80 planned_end_epoch=1787355719 timeout_s=90 hard_timeout_epoch=1787355734 start_rx_bytes=613253
[2026-08-22T01:40:39+02:00] UE_SLOT_PID timestamp=2026-08-21T23:40:39+00:00 active_ues=35 slot=21 attempt=1 ue_idx=24 pid=56497
[2026-08-22T01:40:39+02:00] UE_SLOT_ASSIGN timestamp=2026-08-21T23:40:39+00:00 active_ues=35 slot=22 ue_idx=25 ue_if=uesimtun25 ue_ip=10.45.1.186 candidate_reused_global_suspect=0
[2026-08-22T01:40:39+02:00] UE_SLOT_START timestamp=2026-08-21T23:40:39+00:00 active_ues=35 slot=22 attempt=1 ue_idx=25 ue_if=uesimtun25 ue_ip=10.45.1.186 target=192.168.1.211:5223 bitrate=1M duration_s=80 planned_end_epoch=1787355719 timeout_s=90 hard_timeout_epoch=1787355734 start_rx_bytes=533861
[2026-08-22T01:40:39+02:00] UE_SLOT_PID timestamp=2026-08-21T23:40:39+00:00 active_ues=35 slot=22 attempt=1 ue_idx=25 pid=56522
[2026-08-22T01:40:39+02:00] UE_SLOT_ASSIGN timestamp=2026-08-21T23:40:39+00:00 active_ues=35 slot=23 ue_idx=26 ue_if=uesimtun26 ue_ip=10.45.1.189 candidate_reused_global_suspect=0
[2026-08-22T01:40:39+02:00] UE_SLOT_START timestamp=2026-08-21T23:40:39+00:00 active_ues=35 slot=23 attempt=1 ue_idx=26 ue_if=uesimtun26 ue_ip=10.45.1.189 target=192.168.1.211:5224 bitrate=1M duration_s=80 planned_end_epoch=1787355719 timeout_s=90 hard_timeout_epoch=1787355734 start_rx_bytes=523904
[2026-08-22T01:40:39+02:00] UE_SLOT_PID timestamp=2026-08-21T23:40:39+00:00 active_ues=35 slot=23 attempt=1 ue_idx=26 pid=56547
[2026-08-22T01:40:40+02:00] UE_SLOT_ASSIGN timestamp=2026-08-21T23:40:40+00:00 active_ues=35 slot=24 ue_idx=27 ue_if=uesimtun27 ue_ip=10.45.1.153 candidate_reused_global_suspect=0
[2026-08-22T01:40:40+02:00] UE_SLOT_START timestamp=2026-08-21T23:40:40+00:00 active_ues=35 slot=24 attempt=1 ue_idx=27 ue_if=uesimtun27 ue_ip=10.45.1.153 target=192.168.1.211:5225 bitrate=1M duration_s=80 planned_end_epoch=1787355720 timeout_s=90 hard_timeout_epoch=1787355735 start_rx_bytes=440708
[2026-08-22T01:40:40+02:00] UE_SLOT_PID timestamp=2026-08-21T23:40:40+00:00 active_ues=35 slot=24 attempt=1 ue_idx=27 pid=56572
[2026-08-22T01:40:40+02:00] UE_SLOT_ASSIGN timestamp=2026-08-21T23:40:40+00:00 active_ues=35 slot=25 ue_idx=28 ue_if=uesimtun28 ue_ip=10.45.1.160 candidate_reused_global_suspect=0
[2026-08-22T01:40:40+02:00] UE_SLOT_START timestamp=2026-08-21T23:40:40+00:00 active_ues=35 slot=25 attempt=1 ue_idx=28 ue_if=uesimtun28 ue_ip=10.45.1.160 target=192.168.1.211:5226 bitrate=1M duration_s=80 planned_end_epoch=1787355720 timeout_s=90 hard_timeout_epoch=1787355735 start_rx_bytes=442502
[2026-08-22T01:40:40+02:00] UE_SLOT_PID timestamp=2026-08-21T23:40:40+00:00 active_ues=35 slot=25 attempt=1 ue_idx=28 pid=56597
[2026-08-22T01:40:40+02:00] UE_SLOT_ASSIGN timestamp=2026-08-21T23:40:40+00:00 active_ues=35 slot=26 ue_idx=30 ue_if=uesimtun30 ue_ip=10.45.1.192 candidate_reused_global_suspect=0
[2026-08-22T01:40:40+02:00] UE_SLOT_START timestamp=2026-08-21T23:40:40+00:00 active_ues=35 slot=26 attempt=1 ue_idx=30 ue_if=uesimtun30 ue_ip=10.45.1.192 target=192.168.1.211:5227 bitrate=1M duration_s=80 planned_end_epoch=1787355720 timeout_s=90 hard_timeout_epoch=1787355735 start_rx_bytes=322240
[2026-08-22T01:40:41+02:00] UE_SLOT_PID timestamp=2026-08-21T23:40:40+00:00 active_ues=35 slot=26 attempt=1 ue_idx=30 pid=56622
[2026-08-22T01:40:41+02:00] UPF_CONTROL_SAMPLE timestamp=2026-08-22T01:40:39+02:00 scenario=ue_35 pod=open5gs-upf-5b9db6d44-nsbqz uid=7b5b8ef7-a2a2-4fe9-a3e1-74acd17bd88f restarts=6 usage_cpu=438m usage_mem=37Mi request_cpu=476m request_mem=250Mi limit_cpu=none limit_mem=none vpa_target_cpu=511m vpa_target_mem=250Mi vpa_uncapped_cpu=511m vpa_uncapped_mem=250Mi vpa_lower_cpu=220m vpa_lower_mem=250Mi vpa_upper_cpu=1500m vpa_upper_mem=512Mi
[2026-08-22T01:40:41+02:00] UE_SLOT_ASSIGN timestamp=2026-08-21T23:40:41+00:00 active_ues=35 slot=27 ue_idx=31 ue_if=uesimtun31 ue_ip=10.45.1.194 candidate_reused_global_suspect=0
[2026-08-22T01:40:41+02:00] UE_SLOT_START timestamp=2026-08-21T23:40:41+00:00 active_ues=35 slot=27 attempt=1 ue_idx=31 ue_if=uesimtun31 ue_ip=10.45.1.194 target=192.168.1.211:5228 bitrate=1M duration_s=80 planned_end_epoch=1787355721 timeout_s=90 hard_timeout_epoch=1787355736 start_rx_bytes=330245
[2026-08-22T01:40:41+02:00] UE_SLOT_PID timestamp=2026-08-21T23:40:41+00:00 active_ues=35 slot=27 attempt=1 ue_idx=31 pid=56647
[2026-08-22T01:40:41+02:00] UE_SLOT_ASSIGN timestamp=2026-08-21T23:40:41+00:00 active_ues=35 slot=28 ue_idx=33 ue_if=uesimtun33 ue_ip=10.45.1.173 candidate_reused_global_suspect=0
[2026-08-22T01:40:41+02:00] UE_SLOT_START timestamp=2026-08-21T23:40:41+00:00 active_ues=35 slot=28 attempt=1 ue_idx=33 ue_if=uesimtun33 ue_ip=10.45.1.173 target=192.168.1.211:5229 bitrate=1M duration_s=80 planned_end_epoch=1787355721 timeout_s=90 hard_timeout_epoch=1787355736 start_rx_bytes=212996
[2026-08-22T01:40:41+02:00] UE_SLOT_PID timestamp=2026-08-21T23:40:41+00:00 active_ues=35 slot=28 attempt=1 ue_idx=33 pid=56672
[2026-08-22T01:40:41+02:00] UE_SLOT_ASSIGN timestamp=2026-08-21T23:40:41+00:00 active_ues=35 slot=29 ue_idx=35 ue_if=uesimtun35 ue_ip=10.45.1.176 candidate_reused_global_suspect=0
[2026-08-22T01:40:41+02:00] UE_SLOT_START timestamp=2026-08-21T23:40:41+00:00 active_ues=35 slot=29 attempt=1 ue_idx=35 ue_if=uesimtun35 ue_ip=10.45.1.176 target=192.168.1.211:5230 bitrate=1M duration_s=80 planned_end_epoch=1787355721 timeout_s=90 hard_timeout_epoch=1787355736 start_rx_bytes=208919
[2026-08-22T01:40:41+02:00] UE_SLOT_PID timestamp=2026-08-21T23:40:41+00:00 active_ues=35 slot=29 attempt=1 ue_idx=35 pid=56697
[2026-08-22T01:40:42+02:00] UE_SLOT_ASSIGN timestamp=2026-08-21T23:40:42+00:00 active_ues=35 slot=30 ue_idx=36 ue_if=uesimtun36 ue_ip=10.45.1.179 candidate_reused_global_suspect=0
[2026-08-22T01:40:42+02:00] UE_SLOT_START timestamp=2026-08-21T23:40:42+00:00 active_ues=35 slot=30 attempt=1 ue_idx=36 ue_if=uesimtun36 ue_ip=10.45.1.179 target=192.168.1.211:5231 bitrate=1M duration_s=80 planned_end_epoch=1787355722 timeout_s=90 hard_timeout_epoch=1787355737 start_rx_bytes=112088
[2026-08-22T01:40:42+02:00] UE_SLOT_PID timestamp=2026-08-21T23:40:42+00:00 active_ues=35 slot=30 attempt=1 ue_idx=36 pid=56722
[2026-08-22T01:40:42+02:00] UE_SLOT_ASSIGN timestamp=2026-08-21T23:40:42+00:00 active_ues=35 slot=31 ue_idx=37 ue_if=uesimtun37 ue_ip=10.45.1.185 candidate_reused_global_suspect=0
[2026-08-22T01:40:42+02:00] UE_SLOT_START timestamp=2026-08-21T23:40:42+00:00 active_ues=35 slot=31 attempt=1 ue_idx=37 ue_if=uesimtun37 ue_ip=10.45.1.185 target=192.168.1.211:5232 bitrate=1M duration_s=80 planned_end_epoch=1787355722 timeout_s=90 hard_timeout_epoch=1787355737 start_rx_bytes=115574
[2026-08-22T01:40:42+02:00] UE_SLOT_PID timestamp=2026-08-21T23:40:42+00:00 active_ues=35 slot=31 attempt=1 ue_idx=37 pid=56747
[2026-08-22T01:40:42+02:00] UE_SLOT_ASSIGN timestamp=2026-08-21T23:40:42+00:00 active_ues=35 slot=32 ue_idx=38 ue_if=uesimtun38 ue_ip=10.45.1.190 candidate_reused_global_suspect=0
[2026-08-22T01:40:42+02:00] UE_SLOT_START timestamp=2026-08-21T23:40:42+00:00 active_ues=35 slot=32 attempt=1 ue_idx=38 ue_if=uesimtun38 ue_ip=10.45.1.190 target=192.168.1.211:5233 bitrate=1M duration_s=80 planned_end_epoch=1787355722 timeout_s=90 hard_timeout_epoch=1787355737 start_rx_bytes=36498
[2026-08-22T01:40:42+02:00] UE_SLOT_PID timestamp=2026-08-21T23:40:42+00:00 active_ues=35 slot=32 attempt=1 ue_idx=38 pid=56772
[2026-08-22T01:40:43+02:00] UE_SLOT_ASSIGN timestamp=2026-08-21T23:40:43+00:00 active_ues=35 slot=33 ue_idx=39 ue_if=uesimtun39 ue_ip=10.45.1.162 candidate_reused_global_suspect=0
[2026-08-22T01:40:43+02:00] UE_SLOT_START timestamp=2026-08-21T23:40:43+00:00 active_ues=35 slot=33 attempt=1 ue_idx=39 ue_if=uesimtun39 ue_ip=10.45.1.162 target=192.168.1.211:5234 bitrate=1M duration_s=80 planned_end_epoch=1787355723 timeout_s=90 hard_timeout_epoch=1787355738 start_rx_bytes=0
[2026-08-22T01:40:43+02:00] UE_SLOT_PID timestamp=2026-08-21T23:40:43+00:00 active_ues=35 slot=33 attempt=1 ue_idx=39 pid=56797
[2026-08-22T01:40:43+02:00] UE_SLOT_ASSIGN timestamp=2026-08-21T23:40:43+00:00 active_ues=35 slot=34 ue_idx=40 ue_if=uesimtun40 ue_ip=10.45.1.193 candidate_reused_global_suspect=0
[2026-08-22T01:40:43+02:00] UE_SLOT_START timestamp=2026-08-21T23:40:43+00:00 active_ues=35 slot=34 attempt=1 ue_idx=40 ue_if=uesimtun40 ue_ip=10.45.1.193 target=192.168.1.211:5235 bitrate=1M duration_s=80 planned_end_epoch=1787355723 timeout_s=90 hard_timeout_epoch=1787355738 start_rx_bytes=0
[2026-08-22T01:40:43+02:00] UE_SLOT_PID timestamp=2026-08-21T23:40:43+00:00 active_ues=35 slot=34 attempt=1 ue_idx=40 pid=56822
[2026-08-22T01:40:43+02:00] UPF_CONTROL_SAMPLE timestamp=2026-08-22T01:40:42+02:00 scenario=ue_35 pod=open5gs-upf-5b9db6d44-nsbqz uid=7b5b8ef7-a2a2-4fe9-a3e1-74acd17bd88f restarts=6 usage_cpu=438m usage_mem=37Mi request_cpu=476m request_mem=250Mi limit_cpu=none limit_mem=none vpa_target_cpu=511m vpa_target_mem=250Mi vpa_uncapped_cpu=511m vpa_uncapped_mem=250Mi vpa_lower_cpu=220m vpa_lower_mem=250Mi vpa_upper_cpu=1500m vpa_upper_mem=512Mi
[2026-08-22T01:40:43+02:00] IPERF_MAPPING_SUMMARY timestamp=2026-08-21T23:40:43+00:00 active_ues=35 registered_tunnels=50 initial_ports=5201-5235 replacement_ports=5251-5265 bitrate=1M start_delay=0.05 detection=no_rx_counter replacement_min_duration_s=5 adaptive_extension_max_s=1 iperf_exit_grace_s=3 server_busy_port_rebinds=1 late_replacement_after_end=disabled wait_for_iperf_exit=until_timeout global_suspect_policy=soft_reuse ramp_supervision=after_initial_start
[2026-08-22T01:40:44+02:00] UE_SLOT_PROCESS_FAILURE timestamp=2026-08-21T23:40:44+00:00 active_ues=35 slot=10 attempt=1 ue_idx=11 ue_if=uesimtun11 ue_ip=10.45.1.155 port=5211 rc=1 elapsed_s=8 end_overrun_s=-72
[2026-08-22T01:40:44+02:00] FAILED_CLIENT_LOG_BEGIN slot=10 logfile=/tmp/upf_iperf_adaptive_20260822_011359_ue_35/slot_10_attempt_1_ue_11_port_5211.log
[2026-08-22T01:40:44+02:00] iperf3: error - the server is busy running a test. try again later
[2026-08-22T01:40:44+02:00] FAILED_CLIENT_LOG_END slot=10 logfile=/tmp/upf_iperf_adaptive_20260822_011359_ue_35/slot_10_attempt_1_ue_11_port_5211.log
[2026-08-22T01:40:44+02:00] UE_SLOT_SERVER_BUSY_PORT_REBIND timestamp=2026-08-21T23:40:44+00:00 active_ues=35 slot=10 ue_idx=11 ue_if=uesimtun11 ue_ip=10.45.1.155 old_port=5211 new_port=5251 rebind=1 limit=1 remaining_s=72 note=same_ue_no_blacklist_no_ue_replacement
[2026-08-22T01:40:44+02:00] UE_SLOT_START timestamp=2026-08-21T23:40:44+00:00 active_ues=35 slot=10 attempt=2 ue_idx=11 ue_if=uesimtun11 ue_ip=10.45.1.155 target=192.168.1.211:5251 bitrate=1M duration_s=72 planned_end_epoch=1787355716 timeout_s=82 hard_timeout_epoch=1787355731 start_rx_bytes=1115638
[2026-08-22T01:40:44+02:00] UE_SLOT_PID timestamp=2026-08-21T23:40:44+00:00 active_ues=35 slot=10 attempt=2 ue_idx=11 pid=56880
[2026-08-22T01:40:45+02:00] UPF_CONTROL_SAMPLE timestamp=2026-08-22T01:40:44+02:00 scenario=ue_35 pod=open5gs-upf-5b9db6d44-nsbqz uid=7b5b8ef7-a2a2-4fe9-a3e1-74acd17bd88f restarts=6 usage_cpu=438m usage_mem=37Mi request_cpu=476m request_mem=250Mi limit_cpu=none limit_mem=none vpa_target_cpu=511m vpa_target_mem=250Mi vpa_uncapped_cpu=511m vpa_uncapped_mem=250Mi vpa_lower_cpu=220m vpa_lower_mem=250Mi vpa_upper_cpu=1500m vpa_upper_mem=512Mi
[2026-08-22T01:40:48+02:00] FAILED_CLIENT_LOG_BEGIN slot=34 logfile=/tmp/upf_iperf_adaptive_20260822_011359_ue_35/slot_34_attempt_1_ue_40_port_5235.log
[2026-08-22T01:40:48+02:00] FAILED_CLIENT_LOG_END slot=34 logfile=/tmp/upf_iperf_adaptive_20260822_011359_ue_35/slot_34_attempt_1_ue_40_port_5235.log
[2026-08-22T01:40:48+02:00] UPF_CONTROL_SAMPLE timestamp=2026-08-22T01:40:46+02:00 scenario=ue_35 pod=open5gs-upf-5b9db6d44-nsbqz uid=7b5b8ef7-a2a2-4fe9-a3e1-74acd17bd88f restarts=6 usage_cpu=438m usage_mem=37Mi request_cpu=476m request_mem=250Mi limit_cpu=none limit_mem=none vpa_target_cpu=511m vpa_target_mem=250Mi vpa_uncapped_cpu=511m vpa_uncapped_mem=250Mi vpa_lower_cpu=220m vpa_lower_mem=250Mi vpa_upper_cpu=1500m vpa_upper_mem=512Mi
[2026-08-22T01:40:48+02:00] UE_SLOT_PROBLEM_DETECTED timestamp=2026-08-21T23:40:48+00:00 active_ues=35 slot=34 attempt=1 ue_idx=40 ue_if=uesimtun40 ue_ip=10.45.1.193 port=5235 reason=no_rx_after_connect_timeout_4s remaining_s=75
[2026-08-22T01:40:48+02:00] UE_MARKED_PROBLEMATIC timestamp=2026-08-21T23:40:48+00:00 active_ues=35 ue_idx=40 reason=no_rx_after_connect_timeout_4s scope=scenario_and_global_suspect
[2026-08-22T01:40:48+02:00] UE_SLOT_REPLACE timestamp=2026-08-21T23:40:48+00:00 active_ues=35 slot=34 reason=no_rx_after_connect_timeout_4s old_attempt=1 old_ue_idx=40 old_ue_if=uesimtun40 old_ue_ip=10.45.1.193 old_port=5235 new_attempt=2 new_ue_idx=41 new_ue_if=uesimtun41 new_ue_ip=10.45.1.170 new_port=5252 remaining_s=75 extension_used_s=0 extension_limit_s=1 candidate_reused_global_suspect=0 replacements_total=1
[2026-08-22T01:40:49+02:00] UE_SLOT_START timestamp=2026-08-21T23:40:49+00:00 active_ues=35 slot=34 attempt=2 ue_idx=41 ue_if=uesimtun41 ue_ip=10.45.1.170 target=192.168.1.211:5252 bitrate=1M duration_s=75 planned_end_epoch=1787355723 timeout_s=85 hard_timeout_epoch=1787355738 start_rx_bytes=0
[2026-08-22T01:40:49+02:00] UE_SLOT_PID timestamp=2026-08-21T23:40:49+00:00 active_ues=35 slot=34 attempt=2 ue_idx=41 pid=57094
[2026-08-22T01:40:51+02:00] UPF_CONTROL_SAMPLE timestamp=2026-08-22T01:40:49+02:00 scenario=ue_35 pod=open5gs-upf-5b9db6d44-nsbqz uid=7b5b8ef7-a2a2-4fe9-a3e1-74acd17bd88f restarts=6 usage_cpu=438m usage_mem=37Mi request_cpu=476m request_mem=250Mi limit_cpu=none limit_mem=none vpa_target_cpu=511m vpa_target_mem=250Mi vpa_uncapped_cpu=511m vpa_uncapped_mem=250Mi vpa_lower_cpu=220m vpa_lower_mem=250Mi vpa_upper_cpu=1500m vpa_upper_mem=512Mi
[2026-08-22T01:40:53+02:00] FAILED_CLIENT_LOG_BEGIN slot=6 logfile=/tmp/upf_iperf_adaptive_20260822_011359_ue_35/slot_6_attempt_1_ue_6_port_5207.log
[2026-08-22T01:40:53+02:00] FAILED_CLIENT_LOG_END slot=6 logfile=/tmp/upf_iperf_adaptive_20260822_011359_ue_35/slot_6_attempt_1_ue_6_port_5207.log
[2026-08-22T01:40:53+02:00] UE_SLOT_PROBLEM_DETECTED timestamp=2026-08-21T23:40:53+00:00 active_ues=35 slot=6 attempt=1 ue_idx=6 ue_if=uesimtun6 ue_ip=10.45.1.152 port=5207 reason=rx_stall_5s remaining_s=62
[2026-08-22T01:40:53+02:00] UPF_CONTROL_SAMPLE timestamp=2026-08-22T01:40:52+02:00 scenario=ue_35 pod=open5gs-upf-5b9db6d44-nsbqz uid=7b5b8ef7-a2a2-4fe9-a3e1-74acd17bd88f restarts=6 usage_cpu=438m usage_mem=37Mi request_cpu=476m request_mem=250Mi limit_cpu=none limit_mem=none vpa_target_cpu=511m vpa_target_mem=250Mi vpa_uncapped_cpu=511m vpa_uncapped_mem=250Mi vpa_lower_cpu=220m vpa_lower_mem=250Mi vpa_upper_cpu=1500m vpa_upper_mem=512Mi
[2026-08-22T01:40:53+02:00] UE_MARKED_PROBLEMATIC timestamp=2026-08-21T23:40:53+00:00 active_ues=35 ue_idx=6 reason=rx_stall_5s scope=scenario_and_global_suspect
[2026-08-22T01:40:53+02:00] UE_SLOT_REPLACE timestamp=2026-08-21T23:40:53+00:00 active_ues=35 slot=6 reason=rx_stall_5s old_attempt=1 old_ue_idx=6 old_ue_if=uesimtun6 old_ue_ip=10.45.1.152 old_port=5207 new_attempt=2 new_ue_idx=42 new_ue_if=uesimtun42 new_ue_ip=10.45.1.195 new_port=5253 remaining_s=62 extension_used_s=0 extension_limit_s=1 candidate_reused_global_suspect=0 replacements_total=2
[2026-08-22T01:40:53+02:00] UE_SLOT_START timestamp=2026-08-21T23:40:53+00:00 active_ues=35 slot=6 attempt=2 ue_idx=42 ue_if=uesimtun42 ue_ip=10.45.1.195 target=192.168.1.211:5253 bitrate=1M duration_s=62 planned_end_epoch=1787355715 timeout_s=72 hard_timeout_epoch=1787355730 start_rx_bytes=0
[2026-08-22T01:40:53+02:00] UE_SLOT_PID timestamp=2026-08-21T23:40:53+00:00 active_ues=35 slot=6 attempt=2 ue_idx=42 pid=57266
[2026-08-22T01:40:55+02:00] UPF_CONTROL_SAMPLE timestamp=2026-08-22T01:40:54+02:00 scenario=ue_35 pod=open5gs-upf-5b9db6d44-nsbqz uid=7b5b8ef7-a2a2-4fe9-a3e1-74acd17bd88f restarts=6 usage_cpu=229m usage_mem=37Mi request_cpu=476m request_mem=250Mi limit_cpu=none limit_mem=none vpa_target_cpu=511m vpa_target_mem=250Mi vpa_uncapped_cpu=511m vpa_uncapped_mem=250Mi vpa_lower_cpu=220m vpa_lower_mem=250Mi vpa_upper_cpu=1500m vpa_upper_mem=512Mi
[2026-08-22T01:40:57+02:00] UPF_CONTROL_SAMPLE timestamp=2026-08-22T01:40:56+02:00 scenario=ue_35 pod=open5gs-upf-5b9db6d44-nsbqz uid=7b5b8ef7-a2a2-4fe9-a3e1-74acd17bd88f restarts=6 usage_cpu=229m usage_mem=37Mi request_cpu=476m request_mem=250Mi limit_cpu=none limit_mem=none vpa_target_cpu=511m vpa_target_mem=250Mi vpa_uncapped_cpu=511m vpa_uncapped_mem=250Mi vpa_lower_cpu=220m vpa_lower_mem=250Mi vpa_upper_cpu=1500m vpa_upper_mem=512Mi
[2026-08-22T01:40:59+02:00] FAILED_CLIENT_LOG_BEGIN slot=6 logfile=/tmp/upf_iperf_adaptive_20260822_011359_ue_35/slot_6_attempt_2_ue_42_port_5253.log
[2026-08-22T01:40:59+02:00] FAILED_CLIENT_LOG_END slot=6 logfile=/tmp/upf_iperf_adaptive_20260822_011359_ue_35/slot_6_attempt_2_ue_42_port_5253.log
[2026-08-22T01:40:59+02:00] UE_SLOT_PROBLEM_DETECTED timestamp=2026-08-21T23:40:59+00:00 active_ues=35 slot=6 attempt=2 ue_idx=42 ue_if=uesimtun42 ue_ip=10.45.1.195 port=5253 reason=no_rx_after_connect_timeout_4s remaining_s=56
[2026-08-22T01:40:59+02:00] UE_MARKED_PROBLEMATIC timestamp=2026-08-21T23:40:59+00:00 active_ues=35 ue_idx=42 reason=no_rx_after_connect_timeout_4s scope=scenario_and_global_suspect
[2026-08-22T01:40:59+02:00] UE_SLOT_REPLACE timestamp=2026-08-21T23:40:59+00:00 active_ues=35 slot=6 reason=no_rx_after_connect_timeout_4s old_attempt=2 old_ue_idx=42 old_ue_if=uesimtun42 old_ue_ip=10.45.1.195 old_port=5253 new_attempt=3 new_ue_idx=43 new_ue_if=uesimtun43 new_ue_ip=10.45.1.181 new_port=5254 remaining_s=56 extension_used_s=0 extension_limit_s=1 candidate_reused_global_suspect=0 replacements_total=3
[2026-08-22T01:40:59+02:00] UE_SLOT_START timestamp=2026-08-21T23:40:59+00:00 active_ues=35 slot=6 attempt=3 ue_idx=43 ue_if=uesimtun43 ue_ip=10.45.1.181 target=192.168.1.211:5254 bitrate=1M duration_s=56 planned_end_epoch=1787355715 timeout_s=66 hard_timeout_epoch=1787355730 start_rx_bytes=0
[2026-08-22T01:40:59+02:00] UE_SLOT_PID timestamp=2026-08-21T23:40:59+00:00 active_ues=35 slot=6 attempt=3 ue_idx=43 pid=57522
[2026-08-22T01:41:00+02:00] UPF_CONTROL_SAMPLE timestamp=2026-08-22T01:40:58+02:00 scenario=ue_35 pod=open5gs-upf-5b9db6d44-nsbqz uid=7b5b8ef7-a2a2-4fe9-a3e1-74acd17bd88f restarts=6 usage_cpu=229m usage_mem=37Mi request_cpu=476m request_mem=250Mi limit_cpu=none limit_mem=none vpa_target_cpu=511m vpa_target_mem=250Mi vpa_uncapped_cpu=511m vpa_uncapped_mem=250Mi vpa_lower_cpu=220m vpa_lower_mem=250Mi vpa_upper_cpu=1500m vpa_upper_mem=512Mi
[2026-08-22T01:41:02+02:00] UPF_CONTROL_SAMPLE timestamp=2026-08-22T01:41:01+02:00 scenario=ue_35 pod=open5gs-upf-5b9db6d44-nsbqz uid=7b5b8ef7-a2a2-4fe9-a3e1-74acd17bd88f restarts=6 usage_cpu=229m usage_mem=37Mi request_cpu=476m request_mem=250Mi limit_cpu=none limit_mem=none vpa_target_cpu=511m vpa_target_mem=250Mi vpa_uncapped_cpu=511m vpa_uncapped_mem=250Mi vpa_lower_cpu=220m vpa_lower_mem=250Mi vpa_upper_cpu=1500m vpa_upper_mem=512Mi
[2026-08-22T01:41:04+02:00] UPF_CONTROL_SAMPLE timestamp=2026-08-22T01:41:03+02:00 scenario=ue_35 pod=open5gs-upf-5b9db6d44-nsbqz uid=7b5b8ef7-a2a2-4fe9-a3e1-74acd17bd88f restarts=6 usage_cpu=229m usage_mem=37Mi request_cpu=476m request_mem=250Mi limit_cpu=none limit_mem=none vpa_target_cpu=511m vpa_target_mem=250Mi vpa_uncapped_cpu=511m vpa_uncapped_mem=250Mi vpa_lower_cpu=220m vpa_lower_mem=250Mi vpa_upper_cpu=1500m vpa_upper_mem=512Mi
[2026-08-22T01:41:07+02:00] UPF_CONTROL_SAMPLE timestamp=2026-08-22T01:41:05+02:00 scenario=ue_35 pod=open5gs-upf-5b9db6d44-nsbqz uid=7b5b8ef7-a2a2-4fe9-a3e1-74acd17bd88f restarts=6 usage_cpu=229m usage_mem=37Mi request_cpu=476m request_mem=250Mi limit_cpu=none limit_mem=none vpa_target_cpu=511m vpa_target_mem=250Mi vpa_uncapped_cpu=511m vpa_uncapped_mem=250Mi vpa_lower_cpu=220m vpa_lower_mem=250Mi vpa_upper_cpu=1500m vpa_upper_mem=512Mi
[2026-08-22T01:41:09+02:00] UPF_CONTROL_SAMPLE timestamp=2026-08-22T01:41:08+02:00 scenario=ue_35 pod=open5gs-upf-5b9db6d44-nsbqz uid=7b5b8ef7-a2a2-4fe9-a3e1-74acd17bd88f restarts=6 usage_cpu=229m usage_mem=37Mi request_cpu=476m request_mem=250Mi limit_cpu=none limit_mem=none vpa_target_cpu=511m vpa_target_mem=250Mi vpa_uncapped_cpu=511m vpa_uncapped_mem=250Mi vpa_lower_cpu=220m vpa_lower_mem=250Mi vpa_upper_cpu=1500m vpa_upper_mem=512Mi
[2026-08-22T01:41:11+02:00] VPA_RECOMMENDATION_CHANGE timestamp=2026-08-22T01:41:10+02:00 scenario=ue_35 old='vpa_target_cpu=511m vpa_target_mem=250Mi vpa_uncapped_cpu=511m vpa_uncapped_mem=250Mi vpa_lower_cpu=220m vpa_lower_mem=250Mi vpa_upper_cpu=1500m vpa_upper_mem=512Mi' new='vpa_target_cpu=511m vpa_target_mem=250Mi vpa_uncapped_cpu=511m vpa_uncapped_mem=250Mi vpa_lower_cpu=221m vpa_lower_mem=250Mi vpa_upper_cpu=1500m vpa_upper_mem=512Mi' previous_5s_sample='timestamp=2026-08-22T01:41:05+02:00 scenario=ue_35 pod=open5gs-upf-5b9db6d44-nsbqz uid=7b5b8ef7-a2a2-4fe9-a3e1-74acd17bd88f restarts=6 usage_cpu=229m usage_mem=37Mi request_cpu=476m request_mem=250Mi limit_cpu=none limit_mem=none vpa_target_cpu=511m vpa_target_mem=250Mi vpa_uncapped_cpu=511m vpa_uncapped_mem=250Mi vpa_lower_cpu=220m vpa_lower_mem=250Mi vpa_upper_cpu=1500m vpa_upper_mem=512Mi' current_sample='timestamp=2026-08-22T01:41:10+02:00 scenario=ue_35 pod=open5gs-upf-5b9db6d44-nsbqz uid=7b5b8ef7-a2a2-4fe9-a3e1-74acd17bd88f restarts=6 usage_cpu=509m usage_mem=37Mi request_cpu=476m request_mem=250Mi limit_cpu=none limit_mem=none vpa_target_cpu=511m vpa_target_mem=250Mi vpa_uncapped_cpu=511m vpa_uncapped_mem=250Mi vpa_lower_cpu=221m vpa_lower_mem=250Mi vpa_upper_cpu=1500m vpa_upper_mem=512Mi'
[2026-08-22T01:41:11+02:00] UPF_CONTROL_SAMPLE timestamp=2026-08-22T01:41:10+02:00 scenario=ue_35 pod=open5gs-upf-5b9db6d44-nsbqz uid=7b5b8ef7-a2a2-4fe9-a3e1-74acd17bd88f restarts=6 usage_cpu=509m usage_mem=37Mi request_cpu=476m request_mem=250Mi limit_cpu=none limit_mem=none vpa_target_cpu=511m vpa_target_mem=250Mi vpa_uncapped_cpu=511m vpa_uncapped_mem=250Mi vpa_lower_cpu=221m vpa_lower_mem=250Mi vpa_upper_cpu=1500m vpa_upper_mem=512Mi
[2026-08-22T01:41:13+02:00] UPF_CONTROL_SAMPLE timestamp=2026-08-22T01:41:12+02:00 scenario=ue_35 pod=open5gs-upf-5b9db6d44-nsbqz uid=7b5b8ef7-a2a2-4fe9-a3e1-74acd17bd88f restarts=6 usage_cpu=509m usage_mem=37Mi request_cpu=476m request_mem=250Mi limit_cpu=none limit_mem=none vpa_target_cpu=511m vpa_target_mem=250Mi vpa_uncapped_cpu=511m vpa_uncapped_mem=250Mi vpa_lower_cpu=221m vpa_lower_mem=250Mi vpa_upper_cpu=1500m vpa_upper_mem=512Mi
[2026-08-22T01:41:16+02:00] UPF_CONTROL_SAMPLE timestamp=2026-08-22T01:41:14+02:00 scenario=ue_35 pod=open5gs-upf-5b9db6d44-nsbqz uid=7b5b8ef7-a2a2-4fe9-a3e1-74acd17bd88f restarts=6 usage_cpu=509m usage_mem=37Mi request_cpu=476m request_mem=250Mi limit_cpu=none limit_mem=none vpa_target_cpu=511m vpa_target_mem=250Mi vpa_uncapped_cpu=511m vpa_uncapped_mem=250Mi vpa_lower_cpu=221m vpa_lower_mem=250Mi vpa_upper_cpu=1500m vpa_upper_mem=512Mi
[2026-08-22T01:41:18+02:00] UPF_CONTROL_SAMPLE timestamp=2026-08-22T01:41:17+02:00 scenario=ue_35 pod=open5gs-upf-5b9db6d44-nsbqz uid=7b5b8ef7-a2a2-4fe9-a3e1-74acd17bd88f restarts=6 usage_cpu=509m usage_mem=37Mi request_cpu=476m request_mem=250Mi limit_cpu=none limit_mem=none vpa_target_cpu=511m vpa_target_mem=250Mi vpa_uncapped_cpu=511m vpa_uncapped_mem=250Mi vpa_lower_cpu=221m vpa_lower_mem=250Mi vpa_upper_cpu=1500m vpa_upper_mem=512Mi
[2026-08-22T01:41:20+02:00] UPF_CONTROL_SAMPLE timestamp=2026-08-22T01:41:19+02:00 scenario=ue_35 pod=open5gs-upf-5b9db6d44-nsbqz uid=7b5b8ef7-a2a2-4fe9-a3e1-74acd17bd88f restarts=6 usage_cpu=509m usage_mem=37Mi request_cpu=476m request_mem=250Mi limit_cpu=none limit_mem=none vpa_target_cpu=511m vpa_target_mem=250Mi vpa_uncapped_cpu=511m vpa_uncapped_mem=250Mi vpa_lower_cpu=221m vpa_lower_mem=250Mi vpa_upper_cpu=1500m vpa_upper_mem=512Mi
[2026-08-22T01:41:22+02:00] UPF_CONTROL_SAMPLE timestamp=2026-08-22T01:41:21+02:00 scenario=ue_35 pod=open5gs-upf-5b9db6d44-nsbqz uid=7b5b8ef7-a2a2-4fe9-a3e1-74acd17bd88f restarts=6 usage_cpu=509m usage_mem=37Mi request_cpu=476m request_mem=250Mi limit_cpu=none limit_mem=none vpa_target_cpu=511m vpa_target_mem=250Mi vpa_uncapped_cpu=511m vpa_uncapped_mem=250Mi vpa_lower_cpu=221m vpa_lower_mem=250Mi vpa_upper_cpu=1500m vpa_upper_mem=512Mi
[2026-08-22T01:41:25+02:00] UPF_CONTROL_SAMPLE timestamp=2026-08-22T01:41:24+02:00 scenario=ue_35 pod=open5gs-upf-5b9db6d44-nsbqz uid=7b5b8ef7-a2a2-4fe9-a3e1-74acd17bd88f restarts=6 usage_cpu=509m usage_mem=37Mi request_cpu=476m request_mem=250Mi limit_cpu=none limit_mem=none vpa_target_cpu=511m vpa_target_mem=250Mi vpa_uncapped_cpu=511m vpa_uncapped_mem=250Mi vpa_lower_cpu=221m vpa_lower_mem=250Mi vpa_upper_cpu=1500m vpa_upper_mem=512Mi
[2026-08-22T01:41:27+02:00] UPF_CONTROL_SAMPLE timestamp=2026-08-22T01:41:26+02:00 scenario=ue_35 pod=open5gs-upf-5b9db6d44-nsbqz uid=7b5b8ef7-a2a2-4fe9-a3e1-74acd17bd88f restarts=6 usage_cpu=534m usage_mem=37Mi request_cpu=476m request_mem=250Mi limit_cpu=none limit_mem=none vpa_target_cpu=511m vpa_target_mem=250Mi vpa_uncapped_cpu=511m vpa_uncapped_mem=250Mi vpa_lower_cpu=221m vpa_lower_mem=250Mi vpa_upper_cpu=1500m vpa_upper_mem=512Mi
[2026-08-22T01:41:29+02:00] UPF_CONTROL_SAMPLE timestamp=2026-08-22T01:41:28+02:00 scenario=ue_35 pod=open5gs-upf-5b9db6d44-nsbqz uid=7b5b8ef7-a2a2-4fe9-a3e1-74acd17bd88f restarts=6 usage_cpu=534m usage_mem=37Mi request_cpu=476m request_mem=250Mi limit_cpu=none limit_mem=none vpa_target_cpu=511m vpa_target_mem=250Mi vpa_uncapped_cpu=511m vpa_uncapped_mem=250Mi vpa_lower_cpu=221m vpa_lower_mem=250Mi vpa_upper_cpu=1500m vpa_upper_mem=512Mi
[2026-08-22T01:41:32+02:00] UPF_CONTROL_SAMPLE timestamp=2026-08-22T01:41:30+02:00 scenario=ue_35 pod=open5gs-upf-5b9db6d44-nsbqz uid=7b5b8ef7-a2a2-4fe9-a3e1-74acd17bd88f restarts=6 usage_cpu=534m usage_mem=37Mi request_cpu=476m request_mem=250Mi limit_cpu=none limit_mem=none vpa_target_cpu=511m vpa_target_mem=250Mi vpa_uncapped_cpu=511m vpa_uncapped_mem=250Mi vpa_lower_cpu=221m vpa_lower_mem=250Mi vpa_upper_cpu=1500m vpa_upper_mem=512Mi
[2026-08-22T01:41:34+02:00] UPF_CONTROL_SAMPLE timestamp=2026-08-22T01:41:33+02:00 scenario=ue_35 pod=open5gs-upf-5b9db6d44-nsbqz uid=7b5b8ef7-a2a2-4fe9-a3e1-74acd17bd88f restarts=6 usage_cpu=534m usage_mem=37Mi request_cpu=476m request_mem=250Mi limit_cpu=none limit_mem=none vpa_target_cpu=511m vpa_target_mem=250Mi vpa_uncapped_cpu=511m vpa_uncapped_mem=250Mi vpa_lower_cpu=221m vpa_lower_mem=250Mi vpa_upper_cpu=1500m vpa_upper_mem=512Mi
[2026-08-22T01:41:36+02:00] UPF_CONTROL_SAMPLE timestamp=2026-08-22T01:41:35+02:00 scenario=ue_35 pod=open5gs-upf-5b9db6d44-nsbqz uid=7b5b8ef7-a2a2-4fe9-a3e1-74acd17bd88f restarts=6 usage_cpu=534m usage_mem=37Mi request_cpu=476m request_mem=250Mi limit_cpu=none limit_mem=none vpa_target_cpu=511m vpa_target_mem=250Mi vpa_uncapped_cpu=511m vpa_uncapped_mem=250Mi vpa_lower_cpu=221m vpa_lower_mem=250Mi vpa_upper_cpu=1500m vpa_upper_mem=512Mi
[2026-08-22T01:41:38+02:00] UPF_CONTROL_SAMPLE timestamp=2026-08-22T01:41:37+02:00 scenario=ue_35 pod=open5gs-upf-5b9db6d44-nsbqz uid=7b5b8ef7-a2a2-4fe9-a3e1-74acd17bd88f restarts=6 usage_cpu=534m usage_mem=37Mi request_cpu=476m request_mem=250Mi limit_cpu=none limit_mem=none vpa_target_cpu=511m vpa_target_mem=250Mi vpa_uncapped_cpu=511m vpa_uncapped_mem=250Mi vpa_lower_cpu=221m vpa_lower_mem=250Mi vpa_upper_cpu=1500m vpa_upper_mem=512Mi
[2026-08-22T01:41:41+02:00] UPF_CONTROL_SAMPLE timestamp=2026-08-22T01:41:39+02:00 scenario=ue_35 pod=open5gs-upf-5b9db6d44-nsbqz uid=7b5b8ef7-a2a2-4fe9-a3e1-74acd17bd88f restarts=6 usage_cpu=531m usage_mem=37Mi request_cpu=476m request_mem=250Mi limit_cpu=none limit_mem=none vpa_target_cpu=511m vpa_target_mem=250Mi vpa_uncapped_cpu=511m vpa_uncapped_mem=250Mi vpa_lower_cpu=221m vpa_lower_mem=250Mi vpa_upper_cpu=1500m vpa_upper_mem=512Mi
[2026-08-22T01:41:43+02:00] UPF_CONTROL_SAMPLE timestamp=2026-08-22T01:41:42+02:00 scenario=ue_35 pod=open5gs-upf-5b9db6d44-nsbqz uid=7b5b8ef7-a2a2-4fe9-a3e1-74acd17bd88f restarts=6 usage_cpu=531m usage_mem=37Mi request_cpu=476m request_mem=250Mi limit_cpu=none limit_mem=none vpa_target_cpu=511m vpa_target_mem=250Mi vpa_uncapped_cpu=511m vpa_uncapped_mem=250Mi vpa_lower_cpu=221m vpa_lower_mem=250Mi vpa_upper_cpu=1500m vpa_upper_mem=512Mi
[2026-08-22T01:41:45+02:00] UPF_CONTROL_SAMPLE timestamp=2026-08-22T01:41:44+02:00 scenario=ue_35 pod=open5gs-upf-5b9db6d44-nsbqz uid=7b5b8ef7-a2a2-4fe9-a3e1-74acd17bd88f restarts=6 usage_cpu=531m usage_mem=37Mi request_cpu=476m request_mem=250Mi limit_cpu=none limit_mem=none vpa_target_cpu=511m vpa_target_mem=250Mi vpa_uncapped_cpu=511m vpa_uncapped_mem=250Mi vpa_lower_cpu=221m vpa_lower_mem=250Mi vpa_upper_cpu=1500m vpa_upper_mem=512Mi
[2026-08-22T01:41:48+02:00] UPF_CONTROL_SAMPLE timestamp=2026-08-22T01:41:46+02:00 scenario=ue_35 pod=open5gs-upf-5b9db6d44-nsbqz uid=7b5b8ef7-a2a2-4fe9-a3e1-74acd17bd88f restarts=6 usage_cpu=531m usage_mem=37Mi request_cpu=476m request_mem=250Mi limit_cpu=none limit_mem=none vpa_target_cpu=511m vpa_target_mem=250Mi vpa_uncapped_cpu=511m vpa_uncapped_mem=250Mi vpa_lower_cpu=221m vpa_lower_mem=250Mi vpa_upper_cpu=1500m vpa_upper_mem=512Mi
[2026-08-22T01:41:50+02:00] UPF_CONTROL_SAMPLE timestamp=2026-08-22T01:41:49+02:00 scenario=ue_35 pod=open5gs-upf-5b9db6d44-nsbqz uid=7b5b8ef7-a2a2-4fe9-a3e1-74acd17bd88f restarts=6 usage_cpu=531m usage_mem=37Mi request_cpu=476m request_mem=250Mi limit_cpu=none limit_mem=none vpa_target_cpu=511m vpa_target_mem=250Mi vpa_uncapped_cpu=511m vpa_uncapped_mem=250Mi vpa_lower_cpu=221m vpa_lower_mem=250Mi vpa_upper_cpu=1500m vpa_upper_mem=512Mi
[2026-08-22T01:41:52+02:00] UPF_CONTROL_SAMPLE timestamp=2026-08-22T01:41:51+02:00 scenario=ue_35 pod=open5gs-upf-5b9db6d44-nsbqz uid=7b5b8ef7-a2a2-4fe9-a3e1-74acd17bd88f restarts=6 usage_cpu=531m usage_mem=37Mi request_cpu=476m request_mem=250Mi limit_cpu=none limit_mem=none vpa_target_cpu=511m vpa_target_mem=250Mi vpa_uncapped_cpu=511m vpa_uncapped_mem=250Mi vpa_lower_cpu=221m vpa_lower_mem=250Mi vpa_upper_cpu=1500m vpa_upper_mem=512Mi
[2026-08-22T01:41:54+02:00] UPF_CONTROL_SAMPLE timestamp=2026-08-22T01:41:53+02:00 scenario=ue_35 pod=open5gs-upf-5b9db6d44-nsbqz uid=7b5b8ef7-a2a2-4fe9-a3e1-74acd17bd88f restarts=6 usage_cpu=531m usage_mem=37Mi request_cpu=476m request_mem=250Mi limit_cpu=none limit_mem=none vpa_target_cpu=511m vpa_target_mem=250Mi vpa_uncapped_cpu=511m vpa_uncapped_mem=250Mi vpa_lower_cpu=221m vpa_lower_mem=250Mi vpa_upper_cpu=1500m vpa_upper_mem=512Mi
[2026-08-22T01:41:55+02:00] UE_SLOT_DONE timestamp=2026-08-21T23:41:55+00:00 active_ues=35 slot=0 attempt=1 ue_idx=0 ue_if=uesimtun0 ue_ip=10.45.1.146 port=5201 rc=0 replacements_for_slot=0 server_busy_retries_for_slot=0
[2026-08-22T01:41:55+02:00] UE_SLOT_DONE timestamp=2026-08-21T23:41:55+00:00 active_ues=35 slot=1 attempt=1 ue_idx=1 ue_if=uesimtun1 ue_ip=10.45.1.147 port=5202 rc=0 replacements_for_slot=0 server_busy_retries_for_slot=0
[2026-08-22T01:41:55+02:00] UE_SLOT_DONE timestamp=2026-08-21T23:41:55+00:00 active_ues=35 slot=2 attempt=1 ue_idx=2 ue_if=uesimtun2 ue_ip=10.45.1.148 port=5203 rc=0 replacements_for_slot=0 server_busy_retries_for_slot=0
[2026-08-22T01:41:55+02:00] UE_SLOT_DONE timestamp=2026-08-21T23:41:55+00:00 active_ues=35 slot=3 attempt=1 ue_idx=3 ue_if=uesimtun3 ue_ip=10.45.1.149 port=5204 rc=0 replacements_for_slot=0 server_busy_retries_for_slot=0
[2026-08-22T01:41:57+02:00] UPF_CONTROL_SAMPLE timestamp=2026-08-22T01:41:56+02:00 scenario=ue_35 pod=open5gs-upf-5b9db6d44-nsbqz uid=7b5b8ef7-a2a2-4fe9-a3e1-74acd17bd88f restarts=6 usage_cpu=580m usage_mem=37Mi request_cpu=476m request_mem=250Mi limit_cpu=none limit_mem=none vpa_target_cpu=511m vpa_target_mem=250Mi vpa_uncapped_cpu=511m vpa_uncapped_mem=250Mi vpa_lower_cpu=221m vpa_lower_mem=250Mi vpa_upper_cpu=1500m vpa_upper_mem=512Mi
[2026-08-22T01:41:58+02:00] UE_SLOT_DONE timestamp=2026-08-21T23:41:57+00:00 active_ues=35 slot=4 attempt=1 ue_idx=4 ue_if=uesimtun4 ue_ip=10.45.1.151 port=5205 rc=0 replacements_for_slot=0 server_busy_retries_for_slot=0
[2026-08-22T01:41:58+02:00] UE_SLOT_DONE timestamp=2026-08-21T23:41:58+00:00 active_ues=35 slot=5 attempt=1 ue_idx=5 ue_if=uesimtun5 ue_ip=10.45.1.150 port=5206 rc=0 replacements_for_slot=0 server_busy_retries_for_slot=0
[2026-08-22T01:41:58+02:00] UE_SLOT_DONE timestamp=2026-08-21T23:41:58+00:00 active_ues=35 slot=6 attempt=3 ue_idx=43 ue_if=uesimtun43 ue_ip=10.45.1.181 port=5254 rc=0 replacements_for_slot=2 server_busy_retries_for_slot=0
[2026-08-22T01:41:58+02:00] UE_SLOT_DONE timestamp=2026-08-21T23:41:58+00:00 active_ues=35 slot=7 attempt=1 ue_idx=7 ue_if=uesimtun7 ue_ip=10.45.1.154 port=5208 rc=0 replacements_for_slot=0 server_busy_retries_for_slot=0
[2026-08-22T01:41:58+02:00] UE_SLOT_DONE timestamp=2026-08-21T23:41:58+00:00 active_ues=35 slot=8 attempt=1 ue_idx=8 ue_if=uesimtun8 ue_ip=10.45.1.156 port=5209 rc=0 replacements_for_slot=0 server_busy_retries_for_slot=0
[2026-08-22T01:41:58+02:00] UE_SLOT_DONE timestamp=2026-08-21T23:41:58+00:00 active_ues=35 slot=9 attempt=1 ue_idx=9 ue_if=uesimtun9 ue_ip=10.45.1.158 port=5210 rc=0 replacements_for_slot=0 server_busy_retries_for_slot=0
[2026-08-22T01:41:58+02:00] UE_SLOT_DONE timestamp=2026-08-21T23:41:58+00:00 active_ues=35 slot=10 attempt=2 ue_idx=11 ue_if=uesimtun11 ue_ip=10.45.1.155 port=5251 rc=0 replacements_for_slot=0 server_busy_retries_for_slot=1
[2026-08-22T01:41:58+02:00] UE_SLOT_DONE timestamp=2026-08-21T23:41:58+00:00 active_ues=35 slot=11 attempt=1 ue_idx=12 ue_if=uesimtun12 ue_ip=10.45.1.164 port=5212 rc=0 replacements_for_slot=0 server_busy_retries_for_slot=0
[2026-08-22T01:41:58+02:00] UE_SLOT_DONE timestamp=2026-08-21T23:41:58+00:00 active_ues=35 slot=12 attempt=1 ue_idx=13 ue_if=uesimtun13 ue_ip=10.45.1.161 port=5213 rc=0 replacements_for_slot=0 server_busy_retries_for_slot=0
[2026-08-22T01:41:58+02:00] UE_SLOT_DONE timestamp=2026-08-21T23:41:58+00:00 active_ues=35 slot=13 attempt=1 ue_idx=14 ue_if=uesimtun14 ue_ip=10.45.1.167 port=5214 rc=0 replacements_for_slot=0 server_busy_retries_for_slot=0
[2026-08-22T01:41:58+02:00] UE_SLOT_DONE timestamp=2026-08-21T23:41:58+00:00 active_ues=35 slot=14 attempt=1 ue_idx=15 ue_if=uesimtun15 ue_ip=10.45.1.157 port=5215 rc=0 replacements_for_slot=0 server_busy_retries_for_slot=0
[2026-08-22T01:41:58+02:00] UE_SLOT_DONE timestamp=2026-08-21T23:41:58+00:00 active_ues=35 slot=15 attempt=1 ue_idx=16 ue_if=uesimtun16 ue_ip=10.45.1.168 port=5216 rc=0 replacements_for_slot=0 server_busy_retries_for_slot=0
[2026-08-22T01:41:58+02:00] UE_SLOT_DONE timestamp=2026-08-21T23:41:58+00:00 active_ues=35 slot=16 attempt=1 ue_idx=17 ue_if=uesimtun17 ue_ip=10.45.1.171 port=5217 rc=0 replacements_for_slot=0 server_busy_retries_for_slot=0
[2026-08-22T01:41:58+02:00] UE_SLOT_DONE timestamp=2026-08-21T23:41:58+00:00 active_ues=35 slot=17 attempt=1 ue_idx=20 ue_if=uesimtun20 ue_ip=10.45.1.178 port=5218 rc=0 replacements_for_slot=0 server_busy_retries_for_slot=0
[2026-08-22T01:41:59+02:00] UPF_CONTROL_SAMPLE timestamp=2026-08-22T01:41:58+02:00 scenario=ue_35 pod=open5gs-upf-5b9db6d44-nsbqz uid=7b5b8ef7-a2a2-4fe9-a3e1-74acd17bd88f restarts=6 usage_cpu=580m usage_mem=37Mi request_cpu=476m request_mem=250Mi limit_cpu=none limit_mem=none vpa_target_cpu=511m vpa_target_mem=250Mi vpa_uncapped_cpu=511m vpa_uncapped_mem=250Mi vpa_lower_cpu=221m vpa_lower_mem=250Mi vpa_upper_cpu=1500m vpa_upper_mem=512Mi
[2026-08-22T01:42:00+02:00] UE_SLOT_DONE timestamp=2026-08-21T23:42:00+00:00 active_ues=35 slot=18 attempt=1 ue_idx=21 ue_if=uesimtun21 ue_ip=10.45.1.182 port=5219 rc=0 replacements_for_slot=0 server_busy_retries_for_slot=0
[2026-08-22T01:42:00+02:00] UE_SLOT_DONE timestamp=2026-08-21T23:42:00+00:00 active_ues=35 slot=19 attempt=1 ue_idx=22 ue_if=uesimtun22 ue_ip=10.45.1.184 port=5220 rc=0 replacements_for_slot=0 server_busy_retries_for_slot=0
[2026-08-22T01:42:00+02:00] UE_SLOT_DONE timestamp=2026-08-21T23:42:00+00:00 active_ues=35 slot=20 attempt=1 ue_idx=23 ue_if=uesimtun23 ue_ip=10.45.1.183 port=5221 rc=0 replacements_for_slot=0 server_busy_retries_for_slot=0
[2026-08-22T01:42:00+02:00] UE_SLOT_DONE timestamp=2026-08-21T23:42:00+00:00 active_ues=35 slot=21 attempt=1 ue_idx=24 ue_if=uesimtun24 ue_ip=10.45.1.187 port=5222 rc=0 replacements_for_slot=0 server_busy_retries_for_slot=0
[2026-08-22T01:42:00+02:00] UE_SLOT_DONE timestamp=2026-08-21T23:42:00+00:00 active_ues=35 slot=22 attempt=1 ue_idx=25 ue_if=uesimtun25 ue_ip=10.45.1.186 port=5223 rc=0 replacements_for_slot=0 server_busy_retries_for_slot=0
[2026-08-22T01:42:00+02:00] UE_SLOT_DONE timestamp=2026-08-21T23:42:00+00:00 active_ues=35 slot=23 attempt=1 ue_idx=26 ue_if=uesimtun26 ue_ip=10.45.1.189 port=5224 rc=0 replacements_for_slot=0 server_busy_retries_for_slot=0
[2026-08-22T01:42:00+02:00] UE_SLOT_DONE timestamp=2026-08-21T23:42:00+00:00 active_ues=35 slot=24 attempt=1 ue_idx=27 ue_if=uesimtun27 ue_ip=10.45.1.153 port=5225 rc=0 replacements_for_slot=0 server_busy_retries_for_slot=0
[2026-08-22T01:42:01+02:00] UPF_CONTROL_SAMPLE timestamp=2026-08-22T01:42:00+02:00 scenario=ue_35 pod=open5gs-upf-5b9db6d44-nsbqz uid=7b5b8ef7-a2a2-4fe9-a3e1-74acd17bd88f restarts=6 usage_cpu=580m usage_mem=37Mi request_cpu=476m request_mem=250Mi limit_cpu=none limit_mem=none vpa_target_cpu=511m vpa_target_mem=250Mi vpa_uncapped_cpu=511m vpa_uncapped_mem=250Mi vpa_lower_cpu=221m vpa_lower_mem=250Mi vpa_upper_cpu=1500m vpa_upper_mem=512Mi
[2026-08-22T01:42:02+02:00] UE_SLOT_DONE timestamp=2026-08-21T23:42:02+00:00 active_ues=35 slot=25 attempt=1 ue_idx=28 ue_if=uesimtun28 ue_ip=10.45.1.160 port=5226 rc=0 replacements_for_slot=0 server_busy_retries_for_slot=0
[2026-08-22T01:42:02+02:00] UE_SLOT_DONE timestamp=2026-08-21T23:42:02+00:00 active_ues=35 slot=26 attempt=1 ue_idx=30 ue_if=uesimtun30 ue_ip=10.45.1.192 port=5227 rc=0 replacements_for_slot=0 server_busy_retries_for_slot=0
[2026-08-22T01:42:02+02:00] UE_SLOT_DONE timestamp=2026-08-21T23:42:02+00:00 active_ues=35 slot=27 attempt=1 ue_idx=31 ue_if=uesimtun31 ue_ip=10.45.1.194 port=5228 rc=0 replacements_for_slot=0 server_busy_retries_for_slot=0
[2026-08-22T01:42:02+02:00] UE_SLOT_DONE timestamp=2026-08-21T23:42:02+00:00 active_ues=35 slot=28 attempt=1 ue_idx=33 ue_if=uesimtun33 ue_ip=10.45.1.173 port=5229 rc=0 replacements_for_slot=0 server_busy_retries_for_slot=0
[2026-08-22T01:42:02+02:00] UE_SLOT_DONE timestamp=2026-08-21T23:42:02+00:00 active_ues=35 slot=29 attempt=1 ue_idx=35 ue_if=uesimtun35 ue_ip=10.45.1.176 port=5230 rc=0 replacements_for_slot=0 server_busy_retries_for_slot=0
[2026-08-22T01:42:03+02:00] UE_SLOT_DONE timestamp=2026-08-21T23:42:03+00:00 active_ues=35 slot=30 attempt=1 ue_idx=36 ue_if=uesimtun36 ue_ip=10.45.1.179 port=5231 rc=0 replacements_for_slot=0 server_busy_retries_for_slot=0
[2026-08-22T01:42:03+02:00] UE_SLOT_DONE timestamp=2026-08-21T23:42:03+00:00 active_ues=35 slot=31 attempt=1 ue_idx=37 ue_if=uesimtun37 ue_ip=10.45.1.185 port=5232 rc=0 replacements_for_slot=0 server_busy_retries_for_slot=0
[2026-08-22T01:42:03+02:00] UE_SLOT_DONE timestamp=2026-08-21T23:42:03+00:00 active_ues=35 slot=32 attempt=1 ue_idx=38 ue_if=uesimtun38 ue_ip=10.45.1.190 port=5233 rc=0 replacements_for_slot=0 server_busy_retries_for_slot=0
[2026-08-22T01:42:03+02:00] UE_SLOT_DONE timestamp=2026-08-21T23:42:03+00:00 active_ues=35 slot=33 attempt=1 ue_idx=39 ue_if=uesimtun39 ue_ip=10.45.1.162 port=5234 rc=0 replacements_for_slot=0 server_busy_retries_for_slot=0
[2026-08-22T01:42:04+02:00] UPF_CONTROL_SAMPLE timestamp=2026-08-22T01:42:02+02:00 scenario=ue_35 pod=open5gs-upf-5b9db6d44-nsbqz uid=7b5b8ef7-a2a2-4fe9-a3e1-74acd17bd88f restarts=6 usage_cpu=580m usage_mem=37Mi request_cpu=476m request_mem=250Mi limit_cpu=none limit_mem=none vpa_target_cpu=511m vpa_target_mem=250Mi vpa_uncapped_cpu=511m vpa_uncapped_mem=250Mi vpa_lower_cpu=221m vpa_lower_mem=250Mi vpa_upper_cpu=1500m vpa_upper_mem=512Mi
[2026-08-22T01:42:04+02:00] UE_SLOT_DONE timestamp=2026-08-21T23:42:04+00:00 active_ues=35 slot=34 attempt=2 ue_idx=41 ue_if=uesimtun41 ue_ip=10.45.1.170 port=5252 rc=0 replacements_for_slot=1 server_busy_retries_for_slot=0
[2026-08-22T01:42:05+02:00] TRAFFIC_SUMMARY timestamp=2026-08-21T23:42:05+00:00 registered_tunnels=50 active_ues=35 target_slots=35 completed_slots=35 final_failed_slots=0 replacements=3 problematic_ues=3 zombie_ues=3 connect_timeouts=2 stalls=1 deferred_stalls=0 process_failures=0 server_busy_retries=1 server_busy_failures=0 late_timeouts_accepted=0 scenario_bad_ues=3 global_suspect_ues=9 used_ues=38 target_host=192.168.1.211 initial_ports=5201-5235 replacement_ports=5251-5265 bitrate=1M start_delay=0.05 detection=no_rx_counter replacement_min_duration_s=5 adaptive_extension_max_s=1 iperf_exit_grace_s=3 server_busy_retries_limit=1 server_busy_retry_delay_s=2 late_replacement_after_end=disabled wait_for_iperf_exit=until_timeout global_suspect_policy=soft_reuse ramp_supervision=after_initial_start
[2026-08-22T01:42:05+02:00] UE_POOL_SCENARIO_BAD_CURRENT timestamp=2026-08-21T23:42:05+00:00 active_ues=35 indexes=6,40,42
[2026-08-22T01:42:05+02:00] UE_POOL_GLOBAL_SUSPECT_CURRENT timestamp=2026-08-21T23:42:05+00:00 active_ues=35 indexes=6,10,18,19,29,32,34,40,42
[2026-08-22T01:42:05+02:00] REMOTE_IPERF_PER_UE_END timestamp=2026-08-21T23:42:05+00:00 active_ues=35 tag=ue_35 final_rc=0 completed_slots=35 replacements=3 problematic_ues=3 server_busy_retries=1 deferred_stalls=0 late_timeouts_accepted=0
[2026-08-22T01:42:06+02:00] SCENARIO TRAFFIC COMMAND END timestamp=2026-08-22T01:42:06+02:00 active_ue=35 rc=0
[2026-08-22T01:42:06+02:00] UPF_CONTROL_SAMPLE timestamp=2026-08-22T01:42:05+02:00 scenario=ue_35 pod=open5gs-upf-5b9db6d44-nsbqz uid=7b5b8ef7-a2a2-4fe9-a3e1-74acd17bd88f restarts=6 usage_cpu=580m usage_mem=37Mi request_cpu=476m request_mem=250Mi limit_cpu=none limit_mem=none vpa_target_cpu=511m vpa_target_mem=250Mi vpa_uncapped_cpu=511m vpa_uncapped_mem=250Mi vpa_lower_cpu=221m vpa_lower_mem=250Mi vpa_upper_cpu=1500m vpa_upper_mem=512Mi
[2026-08-22T01:42:06+02:00] SCENARIO UPF AFTER timestamp=2026-08-22T01:42:06+02:00 active_ue=35 pod=open5gs-upf-5b9db6d44-nsbqz uid=7b5b8ef7-a2a2-4fe9-a3e1-74acd17bd88f restarts=6
[2026-08-22T01:42:06+02:00] SCENARIO END timestamp=2026-08-22T01:42:06+02:00 active_ue=35 rc=0
[2026-08-22T01:42:07+02:00] UPF_CONTROL_MONITOR_END timestamp=2026-08-22T01:42:07+02:00 pid=508586
[2026-08-22T01:42:07+02:00] ================================================================
[2026-08-22T01:42:07+02:00] TEST END timestamp=2026-08-22T01:42:07+02:00 run_id=20260822_011359 upf_pod_before=open5gs-upf-5b9db6d44-nsbqz uid_before=7b5b8ef7-a2a2-4fe9-a3e1-74acd17bd88f restarts_before=6 upf_pod_after=open5gs-upf-5b9db6d44-nsbqz uid_after=7b5b8ef7-a2a2-4fe9-a3e1-74acd17bd88f restarts_after=6
[2026-08-22T01:42:07+02:00] PROGRESS_LOG=/home/ansible/manifests/5g-taskforce-upf-scaling-spiw/open5gs_226/upf_iperf_per_ue_20260822_011359.log
[2026-08-22T01:42:07+02:00] ================================================================
