[2026-08-22T00:14:19+02:00] ================================================================
[2026-08-22T00:14:19+02:00] TEST START run_id=20260822_001419 timestamp=2026-08-22T00:14:19+02:00
[2026-08-22T00:14:19+02:00] ================================================================
[2026-08-22T00:14:19+02:00] Pre-checks START timestamp=2026-08-22T00:14:19+02:00
[2026-08-22T00:14:19+02:00] Using existing UE pod timestamp=2026-08-22T00:14:19+02:00 pod=ueransim-gnb-ues-69bc49bf9c-4q74k
[2026-08-22T00:14:20+02:00] Required registered UE pool ready timestamp=2026-08-22T00:14:20+02:00 count=50 required=50
[2026-08-22T00:14:20+02:00] Scenario validation timestamp=2026-08-22T00:14:20+02:00 active_ue=1 requires_iperf_ports=5201-5201 replacement_ports=5251-5265
[2026-08-22T00:14:20+02:00] Scenario validation timestamp=2026-08-22T00:14:20+02:00 active_ue=3 requires_iperf_ports=5201-5203 replacement_ports=5251-5265
[2026-08-22T00:14:20+02:00] Scenario validation timestamp=2026-08-22T00:14:20+02:00 active_ue=5 requires_iperf_ports=5201-5205 replacement_ports=5251-5265
[2026-08-22T00:14:20+02:00] Scenario validation timestamp=2026-08-22T00:14:20+02:00 active_ue=7 requires_iperf_ports=5201-5207 replacement_ports=5251-5265
[2026-08-22T00:14:20+02:00] Scenario validation timestamp=2026-08-22T00:14:20+02:00 active_ue=9 requires_iperf_ports=5201-5209 replacement_ports=5251-5265
[2026-08-22T00:14:20+02:00] Scenario validation timestamp=2026-08-22T00:14:20+02:00 active_ue=11 requires_iperf_ports=5201-5211 replacement_ports=5251-5265
[2026-08-22T00:14:20+02:00] Scenario validation timestamp=2026-08-22T00:14:20+02:00 active_ue=13 requires_iperf_ports=5201-5213 replacement_ports=5251-5265
[2026-08-22T00:14:20+02:00] Scenario validation timestamp=2026-08-22T00:14:20+02:00 active_ue=15 requires_iperf_ports=5201-5215 replacement_ports=5251-5265
[2026-08-22T00:14:20+02:00] Scenario validation timestamp=2026-08-22T00:14:20+02:00 active_ue=17 requires_iperf_ports=5201-5217 replacement_ports=5251-5265
[2026-08-22T00:14:20+02:00] Scenario validation timestamp=2026-08-22T00:14:20+02:00 active_ue=19 requires_iperf_ports=5201-5219 replacement_ports=5251-5265
[2026-08-22T00:14:20+02:00] Scenario validation timestamp=2026-08-22T00:14:20+02:00 active_ue=21 requires_iperf_ports=5201-5221 replacement_ports=5251-5265
[2026-08-22T00:14:20+02:00] Scenario validation timestamp=2026-08-22T00:14:20+02:00 active_ue=23 requires_iperf_ports=5201-5223 replacement_ports=5251-5265
[2026-08-22T00:14:20+02:00] Scenario validation timestamp=2026-08-22T00:14:20+02:00 active_ue=25 requires_iperf_ports=5201-5225 replacement_ports=5251-5265
[2026-08-22T00:14:20+02:00] Scenario validation timestamp=2026-08-22T00:14:20+02:00 active_ue=27 requires_iperf_ports=5201-5227 replacement_ports=5251-5265
[2026-08-22T00:14:20+02:00] Scenario validation timestamp=2026-08-22T00:14:20+02:00 active_ue=29 requires_iperf_ports=5201-5229 replacement_ports=5251-5265
[2026-08-22T00:14:20+02:00] Scenario validation timestamp=2026-08-22T00:14:20+02:00 active_ue=31 requires_iperf_ports=5201-5231 replacement_ports=5251-5265
[2026-08-22T00:14:20+02:00] Scenario validation timestamp=2026-08-22T00:14:20+02:00 active_ue=33 requires_iperf_ports=5201-5233 replacement_ports=5251-5265
[2026-08-22T00:14:20+02:00] Scenario validation timestamp=2026-08-22T00:14:20+02:00 active_ue=35 requires_iperf_ports=5201-5235 replacement_ports=5251-5265
[2026-08-22T00:14:20+02:00] IPERF ports precheck START timestamp=2026-08-22T00:14:20+02:00 host=192.168.1.211 ports=5201-5201 bitrate=1M
[2026-08-22T00:14:24+02:00] IPERF ports precheck END timestamp=2026-08-22T00:14:24+02:00 rc=0
[2026-08-22T00:14:24+02:00] UPF pod timestamp=2026-08-22T00:14:24+02:00 pod=open5gs-upf-5b9db6d44-nsbqz uid=7b5b8ef7-a2a2-4fe9-a3e1-74acd17bd88f restarts=6
[2026-08-22T00:14:24+02:00] IMPORTANT: this script does not register or unregister UE during scenarios
[2026-08-22T00:14:24+02:00] IMPORTANT: existing registered UE pool is reused for all scenarios
[2026-08-22T00:14:24+02:00] IMPORTANT: no ping is used
[2026-08-22T00:14:24+02:00] IMPORTANT: every active slot runs its own iperf3 client
[2026-08-22T00:14:24+02:00] IMPORTANT: zombie UE are replaced in-flight, without repeating the scenario
[2026-08-22T00:14:24+02:00] IMPORTANT: zombie detection uses uesimtun RX counters, not buffered iperf stdout
[2026-08-22T00:14:24+02:00] IMPORTANT: each zombie/replacement is logged as diagnostic event
[2026-08-22T00:14:24+02:00] IMPORTANT: target_host=192.168.1.211 base_port=5201 replacement_base_port=5251 tcp_bitrate_per_ue=1M
[2026-08-22T00:14:24+02:00] IMPORTANT: iperf client start delay is 0.05 seconds
[2026-08-22T00:14:24+02:00] IMPORTANT: connect timeout is 4 seconds; stall detection is 5 seconds without RX progress
[2026-08-22T00:14:24+02:00] IMPORTANT: replacement minimum duration is 5 seconds; adaptive extension limit is 1 seconds per slot
[2026-08-22T00:14:24+02:00] IMPORTANT: after planned slot end, late replacement is disabled and script waits for real iperf exit until process timeout
[2026-08-22T00:14:24+02:00] IMPORTANT: post-duration iperf timeout rc=124 is accepted only when the client had RX and valid iperf output, and is logged as UE_SLOT_LATE_TIMEOUT_ACCEPTED
[2026-08-22T00:14:24+02:00] IMPORTANT: iperf server-busy port rebind is enabled rebinds=1; server-busy does not blacklist UE
[2026-08-22T00:14:24+02:00] IMPORTANT: global UE suspect list is soft; suspected UE are avoided first, but reused if the pool would otherwise be exhausted
[2026-08-22T00:14:25+02:00] IMPORTANT: initial ramp-up starts all slots first; supervisor/replacement starts after initial slots are launched
[2026-08-22T00:14:25+02:00] IMPORTANT: VPA hard reset is executed once before all scenarios
[2026-08-22T00:14:25+02:00] IMPORTANT: after VPA restart there is no fixed sleep; script waits until UPF request_cpu equals idle value 25m before traffic
[2026-08-22T00:14:25+02:00] IMPORTANT: UPF/VPA control monitor logs request changes, VPA recommendation changes, current usage and previous 5s sample every 1s
[2026-08-22T00:14:25+02:00] IMPORTANT: Metrics are still collected externally by Prometheus and Grafana
[2026-08-22T00:14:25+02:00] Pre-checks END timestamp=2026-08-22T00:14:25+02:00
[2026-08-22T00:14:25+02:00] ================================================================
[2026-08-22T00:14:25+02:00] VPA HARD RESET START label=before_test_run timestamp=2026-08-22T00:14:25+02:00
[2026-08-22T00:14:25+02:00] ================================================================
[2026-08-22T00:14:25+02:00] UPF_REQUEST_BASELINE_BEFORE_VPA_RESET timestamp=2026-08-22T00:14:25+02:00 pod=open5gs-upf-5b9db6d44-nsbqz request_cpu=511m request_mem=250Mi limit_cpu=none limit_mem=none
[2026-08-22T00:14:25+02:00] Scaling vpa-recommender to 0 timestamp=2026-08-22T00:14:25+02:00
[2026-08-22T00:14:26+02:00] Waiting until vpa-recommender pod is fully removed timestamp=2026-08-22T00:14:26+02:00
[2026-08-22T00:14:26+02:00] Waiting for vpa-recommender pod deletion timestamp=2026-08-22T00:14:26+02:00
[2026-08-22T00:14:28+02:00] Deleting all VPA checkpoints in namespace=default timestamp=2026-08-22T00:14:28+02:00
[2026-08-22T00:14:28+02:00] Current VPA checkpoints after delete timestamp=2026-08-22T00:14:28+02:00:
[2026-08-22T00:14:29+02:00] No resources found in default namespace.
[2026-08-22T00:14:29+02:00] Scaling vpa-recommender back to 1 timestamp=2026-08-22T00:14:29+02:00
[2026-08-22T00:14:31+02:00] Fixed post-reset sleep skipped timestamp=2026-08-22T00:14:31+02:00; request-change wait will run before scenarios
[2026-08-22T00:14:31+02:00] VPA status immediately after recommender restart timestamp=2026-08-22T00:14:31+02:00:
[2026-08-22T00:14:31+02:00] Recommendation:
[2026-08-22T00:14:31+02:00] Container Recommendations:
[2026-08-22T00:14:31+02:00] Container Name:  open5gs-upf
[2026-08-22T00:14:31+02:00] Lower Bound:
[2026-08-22T00:14:31+02:00] Cpu:     168m
[2026-08-22T00:14:31+02:00] Memory:  250Mi
[2026-08-22T00:14:31+02:00] Target:
[2026-08-22T00:14:31+02:00] Cpu:     511m
[2026-08-22T00:14:31+02:00] Memory:  250Mi
[2026-08-22T00:14:31+02:00] Uncapped Target:
[2026-08-22T00:14:31+02:00] Cpu:     511m
[2026-08-22T00:14:31+02:00] Memory:  250Mi
[2026-08-22T00:14:31+02:00] Upper Bound:
[2026-08-22T00:14:31+02:00] Cpu:     1500m
[2026-08-22T00:14:31+02:00] Memory:  512Mi
[2026-08-22T00:14:31+02:00] Events:          <none>
[2026-08-22T00:14:31+02:00] VPA checkpoints after recommender restart timestamp=2026-08-22T00:14:31+02:00:
[2026-08-22T00:14:32+02:00] No resources found in default namespace.
[2026-08-22T00:14:32+02:00] ================================================================
[2026-08-22T00:14:32+02:00] VPA HARD RESET END label=before_test_run timestamp=2026-08-22T00:14:32+02:00
[2026-08-22T00:14:32+02:00] ================================================================
[2026-08-22T00:14:32+02:00] UPF_CONTROL_MONITOR_START timestamp=2026-08-22T00:14:32+02:00 pid=397778 interval_s=1
[2026-08-22T00:14:32+02:00] UPF_IDLE_REQUEST_WAIT_START timestamp=2026-08-22T00:14:32+02:00 baseline='request_cpu=511m request_mem=250Mi limit_cpu=none limit_mem=none' expected_request_cpu=25m timeout_s=180 interval_s=1
[2026-08-22T00:14:33+02:00] UPF_REQUEST_OBSERVED timestamp=2026-08-22T00:14:32+02:00 scenario=vpa_idle_request_wait pod=open5gs-upf-5b9db6d44-nsbqz uid=7b5b8ef7-a2a2-4fe9-a3e1-74acd17bd88f restarts=6 request_cpu=511m request_mem=250Mi limit_cpu=none limit_mem=none current_sample='timestamp=2026-08-22T00:14:32+02:00 scenario=vpa_idle_request_wait pod=open5gs-upf-5b9db6d44-nsbqz uid=7b5b8ef7-a2a2-4fe9-a3e1-74acd17bd88f restarts=6 usage_cpu=11m usage_mem=35Mi request_cpu=511m request_mem=250Mi limit_cpu=none limit_mem=none vpa_target_cpu=511m vpa_target_mem=250Mi vpa_uncapped_cpu=511m vpa_uncapped_mem=250Mi vpa_lower_cpu=168m vpa_lower_mem=250Mi vpa_upper_cpu=1500m vpa_upper_mem=512Mi'
[2026-08-22T00:14:33+02:00] VPA_RECOMMENDATION_OBSERVED timestamp=2026-08-22T00:14:32+02:00 scenario=vpa_idle_request_wait vpa_target_cpu=511m vpa_target_mem=250Mi vpa_uncapped_cpu=511m vpa_uncapped_mem=250Mi vpa_lower_cpu=168m vpa_lower_mem=250Mi vpa_upper_cpu=1500m vpa_upper_mem=512Mi current_sample='timestamp=2026-08-22T00:14:32+02:00 scenario=vpa_idle_request_wait pod=open5gs-upf-5b9db6d44-nsbqz uid=7b5b8ef7-a2a2-4fe9-a3e1-74acd17bd88f restarts=6 usage_cpu=11m usage_mem=35Mi request_cpu=511m request_mem=250Mi limit_cpu=none limit_mem=none vpa_target_cpu=511m vpa_target_mem=250Mi vpa_uncapped_cpu=511m vpa_uncapped_mem=250Mi vpa_lower_cpu=168m vpa_lower_mem=250Mi vpa_upper_cpu=1500m vpa_upper_mem=512Mi'
[2026-08-22T00:14:33+02:00] UPF_CONTROL_SAMPLE timestamp=2026-08-22T00:14:32+02:00 scenario=vpa_idle_request_wait pod=open5gs-upf-5b9db6d44-nsbqz uid=7b5b8ef7-a2a2-4fe9-a3e1-74acd17bd88f restarts=6 usage_cpu=11m usage_mem=35Mi request_cpu=511m request_mem=250Mi limit_cpu=none limit_mem=none vpa_target_cpu=511m vpa_target_mem=250Mi vpa_uncapped_cpu=511m vpa_uncapped_mem=250Mi vpa_lower_cpu=168m vpa_lower_mem=250Mi vpa_upper_cpu=1500m vpa_upper_mem=512Mi
[2026-08-22T00:14:36+02:00] UPF_CONTROL_SAMPLE timestamp=2026-08-22T00:14:34+02:00 scenario=vpa_idle_request_wait pod=open5gs-upf-5b9db6d44-nsbqz uid=7b5b8ef7-a2a2-4fe9-a3e1-74acd17bd88f restarts=6 usage_cpu=11m usage_mem=35Mi request_cpu=511m request_mem=250Mi limit_cpu=none limit_mem=none vpa_target_cpu=511m vpa_target_mem=250Mi vpa_uncapped_cpu=511m vpa_uncapped_mem=250Mi vpa_lower_cpu=168m vpa_lower_mem=250Mi vpa_upper_cpu=1500m vpa_upper_mem=512Mi
[2026-08-22T00:14:38+02:00] UPF_CONTROL_SAMPLE timestamp=2026-08-22T00:14:37+02:00 scenario=vpa_idle_request_wait pod=open5gs-upf-5b9db6d44-nsbqz uid=7b5b8ef7-a2a2-4fe9-a3e1-74acd17bd88f restarts=6 usage_cpu=11m usage_mem=35Mi request_cpu=511m request_mem=250Mi limit_cpu=none limit_mem=none vpa_target_cpu=511m vpa_target_mem=250Mi vpa_uncapped_cpu=511m vpa_uncapped_mem=250Mi vpa_lower_cpu=168m vpa_lower_mem=250Mi vpa_upper_cpu=1500m vpa_upper_mem=512Mi
[2026-08-22T00:14:42+02:00] UPF_CONTROL_SAMPLE timestamp=2026-08-22T00:14:39+02:00 scenario=vpa_idle_request_wait pod=open5gs-upf-5b9db6d44-nsbqz uid=7b5b8ef7-a2a2-4fe9-a3e1-74acd17bd88f restarts=6 usage_cpu=7m usage_mem=35Mi request_cpu=511m request_mem=250Mi limit_cpu=none limit_mem=none vpa_target_cpu=511m vpa_target_mem=250Mi vpa_uncapped_cpu=511m vpa_uncapped_mem=250Mi vpa_lower_cpu=168m vpa_lower_mem=250Mi vpa_upper_cpu=1500m vpa_upper_mem=512Mi
[2026-08-22T00:14:42+02:00] UPF_IDLE_REQUEST_WAIT_PROGRESS timestamp=2026-08-22T00:14:42+02:00 elapsed_s=10 expected_request_cpu=25m baseline='request_cpu=511m request_mem=250Mi limit_cpu=none limit_mem=none' current='request_cpu=511m request_mem=250Mi limit_cpu=none limit_mem=none' request_cpu=511m pod=open5gs-upf-5b9db6d44-nsbqz usage_cpu=7m usage_mem=35Mi vpa_target_cpu=511m vpa_target_mem=250Mi vpa_uncapped_cpu=511m vpa_uncapped_mem=250Mi vpa_lower_cpu=168m vpa_lower_mem=250Mi vpa_upper_cpu=1500m vpa_upper_mem=512Mi
[2026-08-22T00:14:46+02:00] UPF_CONTROL_SAMPLE timestamp=2026-08-22T00:14:43+02:00 scenario=vpa_idle_request_wait pod=open5gs-upf-5b9db6d44-nsbqz uid=7b5b8ef7-a2a2-4fe9-a3e1-74acd17bd88f restarts=6 usage_cpu=7m usage_mem=35Mi request_cpu=511m request_mem=250Mi limit_cpu=none limit_mem=none vpa_target_cpu=511m vpa_target_mem=250Mi vpa_uncapped_cpu=511m vpa_uncapped_mem=250Mi vpa_lower_cpu=168m vpa_lower_mem=250Mi vpa_upper_cpu=1500m vpa_upper_mem=512Mi
[2026-08-22T00:14:50+02:00] UPF_CONTROL_SAMPLE timestamp=2026-08-22T00:14:47+02:00 scenario=vpa_idle_request_wait pod=open5gs-upf-5b9db6d44-nsbqz uid=7b5b8ef7-a2a2-4fe9-a3e1-74acd17bd88f restarts=6 usage_cpu=7m usage_mem=35Mi request_cpu=511m request_mem=250Mi limit_cpu=none limit_mem=none vpa_target_cpu=511m vpa_target_mem=250Mi vpa_uncapped_cpu=511m vpa_uncapped_mem=250Mi vpa_lower_cpu=168m vpa_lower_mem=250Mi vpa_upper_cpu=1500m vpa_upper_mem=512Mi
[2026-08-22T00:14:54+02:00] UPF_CONTROL_SAMPLE timestamp=2026-08-22T00:14:51+02:00 scenario=vpa_idle_request_wait pod=open5gs-upf-5b9db6d44-nsbqz uid=7b5b8ef7-a2a2-4fe9-a3e1-74acd17bd88f restarts=6 usage_cpu=7m usage_mem=35Mi request_cpu=511m request_mem=250Mi limit_cpu=none limit_mem=none vpa_target_cpu=511m vpa_target_mem=250Mi vpa_uncapped_cpu=511m vpa_uncapped_mem=250Mi vpa_lower_cpu=168m vpa_lower_mem=250Mi vpa_upper_cpu=1500m vpa_upper_mem=512Mi
[2026-08-22T00:14:58+02:00] UPF_CONTROL_SAMPLE timestamp=2026-08-22T00:14:55+02:00 scenario=vpa_idle_request_wait pod=open5gs-upf-5b9db6d44-nsbqz uid=7b5b8ef7-a2a2-4fe9-a3e1-74acd17bd88f restarts=6 usage_cpu=1m usage_mem=35Mi request_cpu=511m request_mem=250Mi limit_cpu=none limit_mem=none vpa_target_cpu=511m vpa_target_mem=250Mi vpa_uncapped_cpu=511m vpa_uncapped_mem=250Mi vpa_lower_cpu=168m vpa_lower_mem=250Mi vpa_upper_cpu=1500m vpa_upper_mem=512Mi
[2026-08-22T00:15:01+02:00] UPF_CONTROL_SAMPLE timestamp=2026-08-22T00:14:59+02:00 scenario=vpa_idle_request_wait pod=open5gs-upf-5b9db6d44-nsbqz uid=7b5b8ef7-a2a2-4fe9-a3e1-74acd17bd88f restarts=6 usage_cpu=1m usage_mem=35Mi request_cpu=511m request_mem=250Mi limit_cpu=none limit_mem=none vpa_target_cpu=511m vpa_target_mem=250Mi vpa_uncapped_cpu=511m vpa_uncapped_mem=250Mi vpa_lower_cpu=168m vpa_lower_mem=250Mi vpa_upper_cpu=1500m vpa_upper_mem=512Mi
[2026-08-22T00:15:02+02:00] UPF_IDLE_REQUEST_WAIT_PROGRESS timestamp=2026-08-22T00:15:02+02:00 elapsed_s=30 expected_request_cpu=25m baseline='request_cpu=511m request_mem=250Mi limit_cpu=none limit_mem=none' current='request_cpu=511m request_mem=250Mi limit_cpu=none limit_mem=none' request_cpu=511m pod=open5gs-upf-5b9db6d44-nsbqz usage_cpu=1m usage_mem=35Mi vpa_target_cpu=511m vpa_target_mem=250Mi vpa_uncapped_cpu=511m vpa_uncapped_mem=250Mi vpa_lower_cpu=168m vpa_lower_mem=250Mi vpa_upper_cpu=1500m vpa_upper_mem=512Mi
[2026-08-22T00:15:04+02:00] UPF_CONTROL_SAMPLE timestamp=2026-08-22T00:15:02+02:00 scenario=vpa_idle_request_wait pod=open5gs-upf-5b9db6d44-nsbqz uid=7b5b8ef7-a2a2-4fe9-a3e1-74acd17bd88f restarts=6 usage_cpu=1m usage_mem=35Mi request_cpu=511m request_mem=250Mi limit_cpu=none limit_mem=none vpa_target_cpu=511m vpa_target_mem=250Mi vpa_uncapped_cpu=511m vpa_uncapped_mem=250Mi vpa_lower_cpu=168m vpa_lower_mem=250Mi vpa_upper_cpu=1500m vpa_upper_mem=512Mi
[2026-08-22T00:15:08+02:00] UPF_CONTROL_SAMPLE timestamp=2026-08-22T00:15:05+02:00 scenario=vpa_idle_request_wait pod=open5gs-upf-5b9db6d44-nsbqz uid=7b5b8ef7-a2a2-4fe9-a3e1-74acd17bd88f restarts=6 usage_cpu=1m usage_mem=35Mi request_cpu=511m request_mem=250Mi limit_cpu=none limit_mem=none vpa_target_cpu=511m vpa_target_mem=250Mi vpa_uncapped_cpu=511m vpa_uncapped_mem=250Mi vpa_lower_cpu=168m vpa_lower_mem=250Mi vpa_upper_cpu=1500m vpa_upper_mem=512Mi
[2026-08-22T00:15:12+02:00] UPF_CONTROL_SAMPLE timestamp=2026-08-22T00:15:09+02:00 scenario=vpa_idle_request_wait pod=open5gs-upf-5b9db6d44-nsbqz uid=7b5b8ef7-a2a2-4fe9-a3e1-74acd17bd88f restarts=6 usage_cpu=1m usage_mem=35Mi request_cpu=511m request_mem=250Mi limit_cpu=none limit_mem=none vpa_target_cpu=511m vpa_target_mem=250Mi vpa_uncapped_cpu=511m vpa_uncapped_mem=250Mi vpa_lower_cpu=168m vpa_lower_mem=250Mi vpa_upper_cpu=1500m vpa_upper_mem=512Mi
[2026-08-22T00:15:15+02:00] UPF_CONTROL_SAMPLE timestamp=2026-08-22T00:15:13+02:00 scenario=vpa_idle_request_wait pod=open5gs-upf-5b9db6d44-nsbqz uid=7b5b8ef7-a2a2-4fe9-a3e1-74acd17bd88f restarts=6 usage_cpu=1m usage_mem=35Mi request_cpu=511m request_mem=250Mi limit_cpu=none limit_mem=none vpa_target_cpu=511m vpa_target_mem=250Mi vpa_uncapped_cpu=511m vpa_uncapped_mem=250Mi vpa_lower_cpu=168m vpa_lower_mem=250Mi vpa_upper_cpu=1500m vpa_upper_mem=512Mi
[2026-08-22T00:15:18+02:00] UPF_CONTROL_SAMPLE timestamp=2026-08-22T00:15:16+02:00 scenario=vpa_idle_request_wait pod=open5gs-upf-5b9db6d44-nsbqz uid=7b5b8ef7-a2a2-4fe9-a3e1-74acd17bd88f restarts=6 usage_cpu=1m usage_mem=35Mi request_cpu=511m request_mem=250Mi limit_cpu=none limit_mem=none vpa_target_cpu=511m vpa_target_mem=250Mi vpa_uncapped_cpu=511m vpa_uncapped_mem=250Mi vpa_lower_cpu=168m vpa_lower_mem=250Mi vpa_upper_cpu=1500m vpa_upper_mem=512Mi
[2026-08-22T00:15:21+02:00] UPF_CONTROL_SAMPLE timestamp=2026-08-22T00:15:19+02:00 scenario=vpa_idle_request_wait pod=open5gs-upf-5b9db6d44-nsbqz uid=7b5b8ef7-a2a2-4fe9-a3e1-74acd17bd88f restarts=6 usage_cpu=1m usage_mem=35Mi request_cpu=511m request_mem=250Mi limit_cpu=none limit_mem=none vpa_target_cpu=511m vpa_target_mem=250Mi vpa_uncapped_cpu=511m vpa_uncapped_mem=250Mi vpa_lower_cpu=168m vpa_lower_mem=250Mi vpa_upper_cpu=1500m vpa_upper_mem=512Mi
[2026-08-22T00:15:24+02:00] UPF_CONTROL_SAMPLE timestamp=2026-08-22T00:15:22+02:00 scenario=vpa_idle_request_wait pod=open5gs-upf-5b9db6d44-nsbqz uid=7b5b8ef7-a2a2-4fe9-a3e1-74acd17bd88f restarts=6 usage_cpu=1m usage_mem=35Mi request_cpu=511m request_mem=250Mi limit_cpu=none limit_mem=none vpa_target_cpu=511m vpa_target_mem=250Mi vpa_uncapped_cpu=511m vpa_uncapped_mem=250Mi vpa_lower_cpu=168m vpa_lower_mem=250Mi vpa_upper_cpu=1500m vpa_upper_mem=512Mi
[2026-08-22T00:15:27+02:00] UPF_CONTROL_SAMPLE timestamp=2026-08-22T00:15:25+02:00 scenario=vpa_idle_request_wait pod=open5gs-upf-5b9db6d44-nsbqz uid=7b5b8ef7-a2a2-4fe9-a3e1-74acd17bd88f restarts=6 usage_cpu=1m usage_mem=35Mi request_cpu=511m request_mem=250Mi limit_cpu=none limit_mem=none vpa_target_cpu=511m vpa_target_mem=250Mi vpa_uncapped_cpu=511m vpa_uncapped_mem=250Mi vpa_lower_cpu=168m vpa_lower_mem=250Mi vpa_upper_cpu=1500m vpa_upper_mem=512Mi
[2026-08-22T00:15:30+02:00] UPF_CONTROL_SAMPLE timestamp=2026-08-22T00:15:28+02:00 scenario=vpa_idle_request_wait pod=open5gs-upf-5b9db6d44-nsbqz uid=7b5b8ef7-a2a2-4fe9-a3e1-74acd17bd88f restarts=6 usage_cpu=1m usage_mem=35Mi request_cpu=511m request_mem=250Mi limit_cpu=none limit_mem=none vpa_target_cpu=511m vpa_target_mem=250Mi vpa_uncapped_cpu=511m vpa_uncapped_mem=250Mi vpa_lower_cpu=168m vpa_lower_mem=250Mi vpa_upper_cpu=1500m vpa_upper_mem=512Mi
[2026-08-22T00:15:33+02:00] VPA_RECOMMENDATION_CHANGE timestamp=2026-08-22T00:15:31+02:00 scenario=vpa_idle_request_wait old='vpa_target_cpu=511m vpa_target_mem=250Mi vpa_uncapped_cpu=511m vpa_uncapped_mem=250Mi vpa_lower_cpu=168m vpa_lower_mem=250Mi vpa_upper_cpu=1500m vpa_upper_mem=512Mi' new='vpa_target_cpu=25m vpa_target_mem=250Mi vpa_uncapped_cpu=25m vpa_uncapped_mem=250Mi vpa_lower_cpu=25m vpa_lower_mem=250Mi vpa_upper_cpu=1500m vpa_upper_mem=512Mi' previous_5s_sample='timestamp=2026-08-22T00:15:25+02:00 scenario=vpa_idle_request_wait pod=open5gs-upf-5b9db6d44-nsbqz uid=7b5b8ef7-a2a2-4fe9-a3e1-74acd17bd88f restarts=6 usage_cpu=1m usage_mem=35Mi request_cpu=511m request_mem=250Mi limit_cpu=none limit_mem=none vpa_target_cpu=511m vpa_target_mem=250Mi vpa_uncapped_cpu=511m vpa_uncapped_mem=250Mi vpa_lower_cpu=168m vpa_lower_mem=250Mi vpa_upper_cpu=1500m vpa_upper_mem=512Mi' current_sample='timestamp=2026-08-22T00:15:31+02:00 scenario=vpa_idle_request_wait pod=open5gs-upf-5b9db6d44-nsbqz uid=7b5b8ef7-a2a2-4fe9-a3e1-74acd17bd88f restarts=6 usage_cpu=1m usage_mem=35Mi request_cpu=511m request_mem=250Mi limit_cpu=none limit_mem=none vpa_target_cpu=25m vpa_target_mem=250Mi vpa_uncapped_cpu=25m vpa_uncapped_mem=250Mi vpa_lower_cpu=25m vpa_lower_mem=250Mi vpa_upper_cpu=1500m vpa_upper_mem=512Mi'
[2026-08-22T00:15:33+02:00] UPF_CONTROL_SAMPLE timestamp=2026-08-22T00:15:31+02:00 scenario=vpa_idle_request_wait pod=open5gs-upf-5b9db6d44-nsbqz uid=7b5b8ef7-a2a2-4fe9-a3e1-74acd17bd88f restarts=6 usage_cpu=1m usage_mem=35Mi request_cpu=511m request_mem=250Mi limit_cpu=none limit_mem=none vpa_target_cpu=25m vpa_target_mem=250Mi vpa_uncapped_cpu=25m vpa_uncapped_mem=250Mi vpa_lower_cpu=25m vpa_lower_mem=250Mi vpa_upper_cpu=1500m vpa_upper_mem=512Mi
[2026-08-22T00:15:37+02:00] UPF_CONTROL_SAMPLE timestamp=2026-08-22T00:15:34+02:00 scenario=vpa_idle_request_wait pod=open5gs-upf-5b9db6d44-nsbqz uid=7b5b8ef7-a2a2-4fe9-a3e1-74acd17bd88f restarts=6 usage_cpu=1m usage_mem=35Mi request_cpu=511m request_mem=250Mi limit_cpu=none limit_mem=none vpa_target_cpu=25m vpa_target_mem=250Mi vpa_uncapped_cpu=25m vpa_uncapped_mem=250Mi vpa_lower_cpu=25m vpa_lower_mem=250Mi vpa_upper_cpu=1500m vpa_upper_mem=512Mi
[2026-08-22T00:15:40+02:00] UPF_CONTROL_SAMPLE timestamp=2026-08-22T00:15:38+02:00 scenario=vpa_idle_request_wait pod=open5gs-upf-5b9db6d44-nsbqz uid=7b5b8ef7-a2a2-4fe9-a3e1-74acd17bd88f restarts=6 usage_cpu=1m usage_mem=35Mi request_cpu=511m request_mem=250Mi limit_cpu=none limit_mem=none vpa_target_cpu=25m vpa_target_mem=250Mi vpa_uncapped_cpu=25m vpa_uncapped_mem=250Mi vpa_lower_cpu=25m vpa_lower_mem=250Mi vpa_upper_cpu=1500m vpa_upper_mem=512Mi
[2026-08-22T00:15:42+02:00] UPF_IDLE_REQUEST_WAIT_PROGRESS timestamp=2026-08-22T00:15:42+02:00 elapsed_s=70 expected_request_cpu=25m baseline='request_cpu=511m request_mem=250Mi limit_cpu=none limit_mem=none' current='request_cpu=511m request_mem=250Mi limit_cpu=none limit_mem=none' request_cpu=511m pod=open5gs-upf-5b9db6d44-nsbqz usage_cpu=1m usage_mem=35Mi vpa_target_cpu=25m vpa_target_mem=250Mi vpa_uncapped_cpu=25m vpa_uncapped_mem=250Mi vpa_lower_cpu=25m vpa_lower_mem=250Mi vpa_upper_cpu=1500m vpa_upper_mem=512Mi
[2026-08-22T00:15:43+02:00] UPF_CONTROL_SAMPLE timestamp=2026-08-22T00:15:41+02:00 scenario=vpa_idle_request_wait pod=open5gs-upf-5b9db6d44-nsbqz uid=7b5b8ef7-a2a2-4fe9-a3e1-74acd17bd88f restarts=6 usage_cpu=1m usage_mem=35Mi request_cpu=511m request_mem=250Mi limit_cpu=none limit_mem=none vpa_target_cpu=25m vpa_target_mem=250Mi vpa_uncapped_cpu=25m vpa_uncapped_mem=250Mi vpa_lower_cpu=25m vpa_lower_mem=250Mi vpa_upper_cpu=1500m vpa_upper_mem=512Mi
[2026-08-22T00:15:46+02:00] UPF_CONTROL_SAMPLE timestamp=2026-08-22T00:15:44+02:00 scenario=vpa_idle_request_wait pod=open5gs-upf-5b9db6d44-nsbqz uid=7b5b8ef7-a2a2-4fe9-a3e1-74acd17bd88f restarts=6 usage_cpu=1m usage_mem=35Mi request_cpu=511m request_mem=250Mi limit_cpu=none limit_mem=none vpa_target_cpu=25m vpa_target_mem=250Mi vpa_uncapped_cpu=25m vpa_uncapped_mem=250Mi vpa_lower_cpu=25m vpa_lower_mem=250Mi vpa_upper_cpu=1500m vpa_upper_mem=512Mi
[2026-08-22T00:15:50+02:00] UPF_CONTROL_SAMPLE timestamp=2026-08-22T00:15:47+02:00 scenario=vpa_idle_request_wait pod=open5gs-upf-5b9db6d44-nsbqz uid=7b5b8ef7-a2a2-4fe9-a3e1-74acd17bd88f restarts=6 usage_cpu=1m usage_mem=35Mi request_cpu=511m request_mem=250Mi limit_cpu=none limit_mem=none vpa_target_cpu=25m vpa_target_mem=250Mi vpa_uncapped_cpu=25m vpa_uncapped_mem=250Mi vpa_lower_cpu=25m vpa_lower_mem=250Mi vpa_upper_cpu=1500m vpa_upper_mem=512Mi
[2026-08-22T00:15:54+02:00] UPF_CONTROL_SAMPLE timestamp=2026-08-22T00:15:51+02:00 scenario=vpa_idle_request_wait pod=open5gs-upf-5b9db6d44-nsbqz uid=7b5b8ef7-a2a2-4fe9-a3e1-74acd17bd88f restarts=6 usage_cpu=1m usage_mem=35Mi request_cpu=511m request_mem=250Mi limit_cpu=none limit_mem=none vpa_target_cpu=25m vpa_target_mem=250Mi vpa_uncapped_cpu=25m vpa_uncapped_mem=250Mi vpa_lower_cpu=25m vpa_lower_mem=250Mi vpa_upper_cpu=1500m vpa_upper_mem=512Mi
[2026-08-22T00:15:57+02:00] UPF_CONTROL_SAMPLE timestamp=2026-08-22T00:15:55+02:00 scenario=vpa_idle_request_wait pod=open5gs-upf-5b9db6d44-nsbqz uid=7b5b8ef7-a2a2-4fe9-a3e1-74acd17bd88f restarts=6 usage_cpu=1m usage_mem=35Mi request_cpu=511m request_mem=250Mi limit_cpu=none limit_mem=none vpa_target_cpu=25m vpa_target_mem=250Mi vpa_uncapped_cpu=25m vpa_uncapped_mem=250Mi vpa_lower_cpu=25m vpa_lower_mem=250Mi vpa_upper_cpu=1500m vpa_upper_mem=512Mi
[2026-08-22T00:16:00+02:00] UPF_CONTROL_SAMPLE timestamp=2026-08-22T00:15:58+02:00 scenario=vpa_idle_request_wait pod=open5gs-upf-5b9db6d44-nsbqz uid=7b5b8ef7-a2a2-4fe9-a3e1-74acd17bd88f restarts=6 usage_cpu=1m usage_mem=35Mi request_cpu=511m request_mem=250Mi limit_cpu=none limit_mem=none vpa_target_cpu=25m vpa_target_mem=250Mi vpa_uncapped_cpu=25m vpa_uncapped_mem=250Mi vpa_lower_cpu=25m vpa_lower_mem=250Mi vpa_upper_cpu=1500m vpa_upper_mem=512Mi
[2026-08-22T00:16:04+02:00] UPF_CONTROL_SAMPLE timestamp=2026-08-22T00:16:01+02:00 scenario=vpa_idle_request_wait pod=open5gs-upf-5b9db6d44-nsbqz uid=7b5b8ef7-a2a2-4fe9-a3e1-74acd17bd88f restarts=6 usage_cpu=1m usage_mem=35Mi request_cpu=511m request_mem=250Mi limit_cpu=none limit_mem=none vpa_target_cpu=25m vpa_target_mem=250Mi vpa_uncapped_cpu=25m vpa_uncapped_mem=250Mi vpa_lower_cpu=25m vpa_lower_mem=250Mi vpa_upper_cpu=1500m vpa_upper_mem=512Mi
[2026-08-22T00:16:07+02:00] UPF_CONTROL_SAMPLE timestamp=2026-08-22T00:16:05+02:00 scenario=vpa_idle_request_wait pod=open5gs-upf-5b9db6d44-nsbqz uid=7b5b8ef7-a2a2-4fe9-a3e1-74acd17bd88f restarts=6 usage_cpu=1m usage_mem=35Mi request_cpu=511m request_mem=250Mi limit_cpu=none limit_mem=none vpa_target_cpu=25m vpa_target_mem=250Mi vpa_uncapped_cpu=25m vpa_uncapped_mem=250Mi vpa_lower_cpu=25m vpa_lower_mem=250Mi vpa_upper_cpu=1500m vpa_upper_mem=512Mi
[2026-08-22T00:16:10+02:00] UPF_CONTROL_SAMPLE timestamp=2026-08-22T00:16:08+02:00 scenario=vpa_idle_request_wait pod=open5gs-upf-5b9db6d44-nsbqz uid=7b5b8ef7-a2a2-4fe9-a3e1-74acd17bd88f restarts=6 usage_cpu=1m usage_mem=35Mi request_cpu=511m request_mem=250Mi limit_cpu=none limit_mem=none vpa_target_cpu=25m vpa_target_mem=250Mi vpa_uncapped_cpu=25m vpa_uncapped_mem=250Mi vpa_lower_cpu=25m vpa_lower_mem=250Mi vpa_upper_cpu=1500m vpa_upper_mem=512Mi
[2026-08-22T00:16:13+02:00] UPF_CONTROL_SAMPLE timestamp=2026-08-22T00:16:11+02:00 scenario=vpa_idle_request_wait pod=open5gs-upf-5b9db6d44-nsbqz uid=7b5b8ef7-a2a2-4fe9-a3e1-74acd17bd88f restarts=6 usage_cpu=1m usage_mem=35Mi request_cpu=511m request_mem=250Mi limit_cpu=none limit_mem=none vpa_target_cpu=25m vpa_target_mem=250Mi vpa_uncapped_cpu=25m vpa_uncapped_mem=250Mi vpa_lower_cpu=25m vpa_lower_mem=250Mi vpa_upper_cpu=1500m vpa_upper_mem=512Mi
[2026-08-22T00:16:15+02:00] UPF_CONTROL_SAMPLE timestamp=2026-08-22T00:16:14+02:00 scenario=vpa_idle_request_wait pod=open5gs-upf-5b9db6d44-nsbqz uid=7b5b8ef7-a2a2-4fe9-a3e1-74acd17bd88f restarts=6 usage_cpu=1m usage_mem=35Mi request_cpu=511m request_mem=250Mi limit_cpu=none limit_mem=none vpa_target_cpu=25m vpa_target_mem=250Mi vpa_uncapped_cpu=25m vpa_uncapped_mem=250Mi vpa_lower_cpu=25m vpa_lower_mem=250Mi vpa_upper_cpu=1500m vpa_upper_mem=512Mi
[2026-08-22T00:16:19+02:00] UPF_CONTROL_SAMPLE timestamp=2026-08-22T00:16:16+02:00 scenario=vpa_idle_request_wait pod=open5gs-upf-5b9db6d44-nsbqz uid=7b5b8ef7-a2a2-4fe9-a3e1-74acd17bd88f restarts=6 usage_cpu=1m usage_mem=35Mi request_cpu=511m request_mem=250Mi limit_cpu=none limit_mem=none vpa_target_cpu=25m vpa_target_mem=250Mi vpa_uncapped_cpu=25m vpa_uncapped_mem=250Mi vpa_lower_cpu=25m vpa_lower_mem=250Mi vpa_upper_cpu=1500m vpa_upper_mem=512Mi
[2026-08-22T00:16:22+02:00] UPF_CONTROL_SAMPLE timestamp=2026-08-22T00:16:20+02:00 scenario=vpa_idle_request_wait pod=open5gs-upf-5b9db6d44-nsbqz uid=7b5b8ef7-a2a2-4fe9-a3e1-74acd17bd88f restarts=6 usage_cpu=1m usage_mem=35Mi request_cpu=511m request_mem=250Mi limit_cpu=none limit_mem=none vpa_target_cpu=25m vpa_target_mem=250Mi vpa_uncapped_cpu=25m vpa_uncapped_mem=250Mi vpa_lower_cpu=25m vpa_lower_mem=250Mi vpa_upper_cpu=1500m vpa_upper_mem=512Mi
[2026-08-22T00:16:22+02:00] UPF_IDLE_REQUEST_WAIT_PROGRESS timestamp=2026-08-22T00:16:22+02:00 elapsed_s=110 expected_request_cpu=25m baseline='request_cpu=511m request_mem=250Mi limit_cpu=none limit_mem=none' current='request_cpu=511m request_mem=250Mi limit_cpu=none limit_mem=none' request_cpu=511m pod=open5gs-upf-5b9db6d44-nsbqz usage_cpu=1m usage_mem=35Mi vpa_target_cpu=25m vpa_target_mem=250Mi vpa_uncapped_cpu=25m vpa_uncapped_mem=250Mi vpa_lower_cpu=25m vpa_lower_mem=250Mi vpa_upper_cpu=1500m vpa_upper_mem=512Mi
[2026-08-22T00:16:24+02:00] UPF_CONTROL_SAMPLE timestamp=2026-08-22T00:16:23+02:00 scenario=vpa_idle_request_wait pod=open5gs-upf-5b9db6d44-nsbqz uid=7b5b8ef7-a2a2-4fe9-a3e1-74acd17bd88f restarts=6 usage_cpu=1m usage_mem=35Mi request_cpu=511m request_mem=250Mi limit_cpu=none limit_mem=none vpa_target_cpu=25m vpa_target_mem=250Mi vpa_uncapped_cpu=25m vpa_uncapped_mem=250Mi vpa_lower_cpu=25m vpa_lower_mem=250Mi vpa_upper_cpu=1500m vpa_upper_mem=512Mi
[2026-08-22T00:16:27+02:00] UPF_REQUEST_CHANGE timestamp=2026-08-22T00:16:25+02:00 scenario=vpa_idle_request_wait pod=open5gs-upf-5b9db6d44-nsbqz uid=7b5b8ef7-a2a2-4fe9-a3e1-74acd17bd88f restarts=6 old='request_cpu=511m request_mem=250Mi limit_cpu=none limit_mem=none' new='request_cpu=25m request_mem=250Mi limit_cpu=none limit_mem=none' previous_5s_sample='timestamp=2026-08-22T00:16:20+02:00 scenario=vpa_idle_request_wait pod=open5gs-upf-5b9db6d44-nsbqz uid=7b5b8ef7-a2a2-4fe9-a3e1-74acd17bd88f restarts=6 usage_cpu=1m usage_mem=35Mi request_cpu=511m request_mem=250Mi limit_cpu=none limit_mem=none vpa_target_cpu=25m vpa_target_mem=250Mi vpa_uncapped_cpu=25m vpa_uncapped_mem=250Mi vpa_lower_cpu=25m vpa_lower_mem=250Mi vpa_upper_cpu=1500m vpa_upper_mem=512Mi' current_sample='timestamp=2026-08-22T00:16:25+02:00 scenario=vpa_idle_request_wait pod=open5gs-upf-5b9db6d44-nsbqz uid=7b5b8ef7-a2a2-4fe9-a3e1-74acd17bd88f restarts=6 usage_cpu=1m usage_mem=35Mi request_cpu=25m request_mem=250Mi limit_cpu=none limit_mem=none vpa_target_cpu=25m vpa_target_mem=250Mi vpa_uncapped_cpu=25m vpa_uncapped_mem=250Mi vpa_lower_cpu=25m vpa_lower_mem=250Mi vpa_upper_cpu=1500m vpa_upper_mem=512Mi'
[2026-08-22T00:16:27+02:00] UPF_CONTROL_SAMPLE timestamp=2026-08-22T00:16:25+02:00 scenario=vpa_idle_request_wait pod=open5gs-upf-5b9db6d44-nsbqz uid=7b5b8ef7-a2a2-4fe9-a3e1-74acd17bd88f restarts=6 usage_cpu=1m usage_mem=35Mi request_cpu=25m request_mem=250Mi limit_cpu=none limit_mem=none vpa_target_cpu=25m vpa_target_mem=250Mi vpa_uncapped_cpu=25m vpa_uncapped_mem=250Mi vpa_lower_cpu=25m vpa_lower_mem=250Mi vpa_upper_cpu=1500m vpa_upper_mem=512Mi
[2026-08-22T00:16:29+02:00] UPF_IDLE_REQUEST_WAIT_END timestamp=2026-08-22T00:16:29+02:00 result=idle_request_ready elapsed_s=117 pod=open5gs-upf-5b9db6d44-nsbqz expected_request_cpu=25m baseline='request_cpu=511m request_mem=250Mi limit_cpu=none limit_mem=none' current='request_cpu=25m request_mem=250Mi limit_cpu=none limit_mem=none' usage_cpu=1m usage_mem=35Mi vpa_target_cpu=25m vpa_target_mem=250Mi vpa_uncapped_cpu=25m vpa_uncapped_mem=250Mi vpa_lower_cpu=25m vpa_lower_mem=250Mi vpa_upper_cpu=1500m vpa_upper_mem=512Mi
[2026-08-22T00:16:29+02:00] SCENARIO LOOP START timestamp=2026-08-22T00:16:29+02:00 scenarios="1 3 5 7 9 11 13 15 17 19 21 23 25 27 29 31 33 35"
[2026-08-22T00:16:29+02:00] ================================================================
[2026-08-22T00:16:29+02:00] SCENARIO START timestamp=2026-08-22T00:16:29+02:00 active_ue=1 registered_ue_pool=50 target_host=192.168.1.211 ports=5201-5201 replacement_ports=5251-5265 bitrate_per_ue=1M start_delay=0.05 replacement_min_duration=5 adaptive_extension_max=1
[2026-08-22T00:16:29+02:00] ================================================================
[2026-08-22T00:16:30+02:00] SCENARIO TUNNEL CHECK timestamp=2026-08-22T00:16:30+02:00 active_ue=1 current_tunnels=50 required=50
[2026-08-22T00:16:31+02:00] UPF_CONTROL_SAMPLE timestamp=2026-08-22T00:16:28+02:00 scenario=vpa_idle_request_wait pod=open5gs-upf-5b9db6d44-nsbqz uid=7b5b8ef7-a2a2-4fe9-a3e1-74acd17bd88f restarts=6 usage_cpu=1m usage_mem=35Mi request_cpu=25m request_mem=250Mi limit_cpu=none limit_mem=none vpa_target_cpu=25m vpa_target_mem=250Mi vpa_uncapped_cpu=25m vpa_uncapped_mem=250Mi vpa_lower_cpu=25m vpa_lower_mem=250Mi vpa_upper_cpu=1500m vpa_upper_mem=512Mi
[2026-08-22T00:16:31+02:00] SCENARIO UPF BEFORE timestamp=2026-08-22T00:16:31+02:00 active_ue=1 pod=open5gs-upf-5b9db6d44-nsbqz uid=7b5b8ef7-a2a2-4fe9-a3e1-74acd17bd88f restarts=6
[2026-08-22T00:16:31+02:00] REMOTE_IPERF_PER_UE_START timestamp=2026-08-21T22:16:31+00:00 active_ues=1 tag=ue_1 iperf_host=192.168.1.211 base_port=5201 replacement_base_port=5251 duration=80 bitrate=1M start_delay=0.05 detection=no_rx_counter connect_timeout_s=4 stall_seconds=5 replacement_limit=15 replacement_min_duration_s=5 adaptive_extension_max_s=1 iperf_exit_grace_s=3 server_busy_port_rebinds=1 late_replacement_after_end=disabled wait_for_iperf_exit=until_timeout global_suspect_policy=soft_reuse ramp_supervision=after_initial_start
[2026-08-22T00:16:31+02:00] UE_POOL_STATUS timestamp=2026-08-21T22:16:31+00:00 active_ues=1 registered_tunnels=50 existing_global_suspect_ues=0 used_ues=0 policy=soft_reuse_global_suspects
[2026-08-22T00:16:31+02:00] UE_SLOT_ASSIGN timestamp=2026-08-21T22:16:31+00:00 active_ues=1 slot=0 ue_idx=0 ue_if=uesimtun0 ue_ip=10.45.1.46 candidate_reused_global_suspect=0
[2026-08-22T00:16:31+02:00] UE_SLOT_START timestamp=2026-08-21T22:16:31+00:00 active_ues=1 slot=0 attempt=1 ue_idx=0 ue_if=uesimtun0 ue_ip=10.45.1.46 target=192.168.1.211:5201 bitrate=1M duration_s=80 planned_end_epoch=1787350671 timeout_s=90 hard_timeout_epoch=1787350686 start_rx_bytes=5390
[2026-08-22T00:16:31+02:00] UE_SLOT_PID timestamp=2026-08-21T22:16:31+00:00 active_ues=1 slot=0 attempt=1 ue_idx=0 pid=924
[2026-08-22T00:16:32+02:00] IPERF_MAPPING_SUMMARY timestamp=2026-08-21T22:16:32+00:00 active_ues=1 registered_tunnels=50 initial_ports=5201-5201 replacement_ports=5251-5265 bitrate=1M start_delay=0.05 detection=no_rx_counter replacement_min_duration_s=5 adaptive_extension_max_s=1 iperf_exit_grace_s=3 server_busy_port_rebinds=1 late_replacement_after_end=disabled wait_for_iperf_exit=until_timeout global_suspect_policy=soft_reuse ramp_supervision=after_initial_start
[2026-08-22T00:16:34+02:00] UPF_CONTROL_SAMPLE timestamp=2026-08-22T00:16:32+02:00 scenario=ue_1 pod=open5gs-upf-5b9db6d44-nsbqz uid=7b5b8ef7-a2a2-4fe9-a3e1-74acd17bd88f restarts=6 usage_cpu=1m usage_mem=35Mi request_cpu=25m request_mem=250Mi limit_cpu=none limit_mem=none vpa_target_cpu=25m vpa_target_mem=250Mi vpa_uncapped_cpu=25m vpa_uncapped_mem=250Mi vpa_lower_cpu=25m vpa_lower_mem=250Mi vpa_upper_cpu=1500m vpa_upper_mem=512Mi
[2026-08-22T00:16:36+02:00] UPF_CONTROL_SAMPLE timestamp=2026-08-22T00:16:35+02:00 scenario=ue_1 pod=open5gs-upf-5b9db6d44-nsbqz uid=7b5b8ef7-a2a2-4fe9-a3e1-74acd17bd88f restarts=6 usage_cpu=1m usage_mem=35Mi request_cpu=25m request_mem=250Mi limit_cpu=none limit_mem=none vpa_target_cpu=25m vpa_target_mem=250Mi vpa_uncapped_cpu=25m vpa_uncapped_mem=250Mi vpa_lower_cpu=25m vpa_lower_mem=250Mi vpa_upper_cpu=1500m vpa_upper_mem=512Mi
[2026-08-22T00:16:39+02:00] UPF_CONTROL_SAMPLE timestamp=2026-08-22T00:16:38+02:00 scenario=ue_1 pod=open5gs-upf-5b9db6d44-nsbqz uid=7b5b8ef7-a2a2-4fe9-a3e1-74acd17bd88f restarts=6 usage_cpu=1m usage_mem=35Mi request_cpu=25m request_mem=250Mi limit_cpu=none limit_mem=none vpa_target_cpu=25m vpa_target_mem=250Mi vpa_uncapped_cpu=25m vpa_uncapped_mem=250Mi vpa_lower_cpu=25m vpa_lower_mem=250Mi vpa_upper_cpu=1500m vpa_upper_mem=512Mi
[2026-08-22T00:16:42+02:00] UPF_CONTROL_SAMPLE timestamp=2026-08-22T00:16:40+02:00 scenario=ue_1 pod=open5gs-upf-5b9db6d44-nsbqz uid=7b5b8ef7-a2a2-4fe9-a3e1-74acd17bd88f restarts=6 usage_cpu=1m usage_mem=35Mi request_cpu=25m request_mem=250Mi limit_cpu=none limit_mem=none vpa_target_cpu=25m vpa_target_mem=250Mi vpa_uncapped_cpu=25m vpa_uncapped_mem=250Mi vpa_lower_cpu=25m vpa_lower_mem=250Mi vpa_upper_cpu=1500m vpa_upper_mem=512Mi
[2026-08-22T00:16:45+02:00] UPF_CONTROL_SAMPLE timestamp=2026-08-22T00:16:43+02:00 scenario=ue_1 pod=open5gs-upf-5b9db6d44-nsbqz uid=7b5b8ef7-a2a2-4fe9-a3e1-74acd17bd88f restarts=6 usage_cpu=1m usage_mem=35Mi request_cpu=25m request_mem=250Mi limit_cpu=none limit_mem=none vpa_target_cpu=25m vpa_target_mem=250Mi vpa_uncapped_cpu=25m vpa_uncapped_mem=250Mi vpa_lower_cpu=25m vpa_lower_mem=250Mi vpa_upper_cpu=1500m vpa_upper_mem=512Mi
[2026-08-22T00:16:47+02:00] UPF_CONTROL_SAMPLE timestamp=2026-08-22T00:16:46+02:00 scenario=ue_1 pod=open5gs-upf-5b9db6d44-nsbqz uid=7b5b8ef7-a2a2-4fe9-a3e1-74acd17bd88f restarts=6 usage_cpu=1m usage_mem=35Mi request_cpu=25m request_mem=250Mi limit_cpu=none limit_mem=none vpa_target_cpu=25m vpa_target_mem=250Mi vpa_uncapped_cpu=25m vpa_uncapped_mem=250Mi vpa_lower_cpu=25m vpa_lower_mem=250Mi vpa_upper_cpu=1500m vpa_upper_mem=512Mi
[2026-08-22T00:16:50+02:00] UPF_CONTROL_SAMPLE timestamp=2026-08-22T00:16:48+02:00 scenario=ue_1 pod=open5gs-upf-5b9db6d44-nsbqz uid=7b5b8ef7-a2a2-4fe9-a3e1-74acd17bd88f restarts=6 usage_cpu=1m usage_mem=35Mi request_cpu=25m request_mem=250Mi limit_cpu=none limit_mem=none vpa_target_cpu=25m vpa_target_mem=250Mi vpa_uncapped_cpu=25m vpa_uncapped_mem=250Mi vpa_lower_cpu=25m vpa_lower_mem=250Mi vpa_upper_cpu=1500m vpa_upper_mem=512Mi
[2026-08-22T00:16:52+02:00] UPF_CONTROL_SAMPLE timestamp=2026-08-22T00:16:51+02:00 scenario=ue_1 pod=open5gs-upf-5b9db6d44-nsbqz uid=7b5b8ef7-a2a2-4fe9-a3e1-74acd17bd88f restarts=6 usage_cpu=1m usage_mem=35Mi request_cpu=25m request_mem=250Mi limit_cpu=none limit_mem=none vpa_target_cpu=25m vpa_target_mem=250Mi vpa_uncapped_cpu=25m vpa_uncapped_mem=250Mi vpa_lower_cpu=25m vpa_lower_mem=250Mi vpa_upper_cpu=1500m vpa_upper_mem=512Mi
[2026-08-22T00:16:55+02:00] UPF_CONTROL_SAMPLE timestamp=2026-08-22T00:16:54+02:00 scenario=ue_1 pod=open5gs-upf-5b9db6d44-nsbqz uid=7b5b8ef7-a2a2-4fe9-a3e1-74acd17bd88f restarts=6 usage_cpu=1m usage_mem=35Mi request_cpu=25m request_mem=250Mi limit_cpu=none limit_mem=none vpa_target_cpu=25m vpa_target_mem=250Mi vpa_uncapped_cpu=25m vpa_uncapped_mem=250Mi vpa_lower_cpu=25m vpa_lower_mem=250Mi vpa_upper_cpu=1500m vpa_upper_mem=512Mi
[2026-08-22T00:16:57+02:00] UPF_CONTROL_SAMPLE timestamp=2026-08-22T00:16:56+02:00 scenario=ue_1 pod=open5gs-upf-5b9db6d44-nsbqz uid=7b5b8ef7-a2a2-4fe9-a3e1-74acd17bd88f restarts=6 usage_cpu=17m usage_mem=35Mi request_cpu=25m request_mem=250Mi limit_cpu=none limit_mem=none vpa_target_cpu=25m vpa_target_mem=250Mi vpa_uncapped_cpu=25m vpa_uncapped_mem=250Mi vpa_lower_cpu=25m vpa_lower_mem=250Mi vpa_upper_cpu=1500m vpa_upper_mem=512Mi
[2026-08-22T00:17:00+02:00] UPF_CONTROL_SAMPLE timestamp=2026-08-22T00:16:58+02:00 scenario=ue_1 pod=open5gs-upf-5b9db6d44-nsbqz uid=7b5b8ef7-a2a2-4fe9-a3e1-74acd17bd88f restarts=6 usage_cpu=17m usage_mem=35Mi request_cpu=25m request_mem=250Mi limit_cpu=none limit_mem=none vpa_target_cpu=25m vpa_target_mem=250Mi vpa_uncapped_cpu=25m vpa_uncapped_mem=250Mi vpa_lower_cpu=25m vpa_lower_mem=250Mi vpa_upper_cpu=1500m vpa_upper_mem=512Mi
[2026-08-22T00:17:03+02:00] UPF_CONTROL_SAMPLE timestamp=2026-08-22T00:17:01+02:00 scenario=ue_1 pod=open5gs-upf-5b9db6d44-nsbqz uid=7b5b8ef7-a2a2-4fe9-a3e1-74acd17bd88f restarts=6 usage_cpu=17m usage_mem=35Mi request_cpu=25m request_mem=250Mi limit_cpu=none limit_mem=none vpa_target_cpu=25m vpa_target_mem=250Mi vpa_uncapped_cpu=25m vpa_uncapped_mem=250Mi vpa_lower_cpu=25m vpa_lower_mem=250Mi vpa_upper_cpu=1500m vpa_upper_mem=512Mi
[2026-08-22T00:17:07+02:00] UPF_CONTROL_SAMPLE timestamp=2026-08-22T00:17:04+02:00 scenario=ue_1 pod=open5gs-upf-5b9db6d44-nsbqz uid=7b5b8ef7-a2a2-4fe9-a3e1-74acd17bd88f restarts=6 usage_cpu=17m usage_mem=35Mi request_cpu=25m request_mem=250Mi limit_cpu=none limit_mem=none vpa_target_cpu=25m vpa_target_mem=250Mi vpa_uncapped_cpu=25m vpa_uncapped_mem=250Mi vpa_lower_cpu=25m vpa_lower_mem=250Mi vpa_upper_cpu=1500m vpa_upper_mem=512Mi
[2026-08-22T00:17:11+02:00] UPF_CONTROL_SAMPLE timestamp=2026-08-22T00:17:08+02:00 scenario=ue_1 pod=open5gs-upf-5b9db6d44-nsbqz uid=7b5b8ef7-a2a2-4fe9-a3e1-74acd17bd88f restarts=6 usage_cpu=17m usage_mem=35Mi request_cpu=25m request_mem=250Mi limit_cpu=none limit_mem=none vpa_target_cpu=25m vpa_target_mem=250Mi vpa_uncapped_cpu=25m vpa_uncapped_mem=250Mi vpa_lower_cpu=25m vpa_lower_mem=250Mi vpa_upper_cpu=1500m vpa_upper_mem=512Mi
[2026-08-22T00:17:14+02:00] UPF_CONTROL_SAMPLE timestamp=2026-08-22T00:17:12+02:00 scenario=ue_1 pod=open5gs-upf-5b9db6d44-nsbqz uid=7b5b8ef7-a2a2-4fe9-a3e1-74acd17bd88f restarts=6 usage_cpu=17m usage_mem=35Mi request_cpu=25m request_mem=250Mi limit_cpu=none limit_mem=none vpa_target_cpu=25m vpa_target_mem=250Mi vpa_uncapped_cpu=25m vpa_uncapped_mem=250Mi vpa_lower_cpu=25m vpa_lower_mem=250Mi vpa_upper_cpu=1500m vpa_upper_mem=512Mi
[2026-08-22T00:17:17+02:00] UPF_CONTROL_SAMPLE timestamp=2026-08-22T00:17:15+02:00 scenario=ue_1 pod=open5gs-upf-5b9db6d44-nsbqz uid=7b5b8ef7-a2a2-4fe9-a3e1-74acd17bd88f restarts=6 usage_cpu=17m usage_mem=35Mi request_cpu=25m request_mem=250Mi limit_cpu=none limit_mem=none vpa_target_cpu=25m vpa_target_mem=250Mi vpa_uncapped_cpu=25m vpa_uncapped_mem=250Mi vpa_lower_cpu=25m vpa_lower_mem=250Mi vpa_upper_cpu=1500m vpa_upper_mem=512Mi
[2026-08-22T00:17:21+02:00] UPF_CONTROL_SAMPLE timestamp=2026-08-22T00:17:19+02:00 scenario=ue_1 pod=open5gs-upf-5b9db6d44-nsbqz uid=7b5b8ef7-a2a2-4fe9-a3e1-74acd17bd88f restarts=6 usage_cpu=17m usage_mem=35Mi request_cpu=25m request_mem=250Mi limit_cpu=none limit_mem=none vpa_target_cpu=25m vpa_target_mem=250Mi vpa_uncapped_cpu=25m vpa_uncapped_mem=250Mi vpa_lower_cpu=25m vpa_lower_mem=250Mi vpa_upper_cpu=1500m vpa_upper_mem=512Mi
[2026-08-22T00:17:23+02:00] UPF_CONTROL_SAMPLE timestamp=2026-08-22T00:17:22+02:00 scenario=ue_1 pod=open5gs-upf-5b9db6d44-nsbqz uid=7b5b8ef7-a2a2-4fe9-a3e1-74acd17bd88f restarts=6 usage_cpu=17m usage_mem=35Mi request_cpu=25m request_mem=250Mi limit_cpu=none limit_mem=none vpa_target_cpu=25m vpa_target_mem=250Mi vpa_uncapped_cpu=25m vpa_uncapped_mem=250Mi vpa_lower_cpu=25m vpa_lower_mem=250Mi vpa_upper_cpu=1500m vpa_upper_mem=512Mi
[2026-08-22T00:17:26+02:00] UPF_CONTROL_SAMPLE timestamp=2026-08-22T00:17:24+02:00 scenario=ue_1 pod=open5gs-upf-5b9db6d44-nsbqz uid=7b5b8ef7-a2a2-4fe9-a3e1-74acd17bd88f restarts=6 usage_cpu=17m usage_mem=35Mi request_cpu=25m request_mem=250Mi limit_cpu=none limit_mem=none vpa_target_cpu=25m vpa_target_mem=250Mi vpa_uncapped_cpu=25m vpa_uncapped_mem=250Mi vpa_lower_cpu=25m vpa_lower_mem=250Mi vpa_upper_cpu=1500m vpa_upper_mem=512Mi
[2026-08-22T00:17:30+02:00] UPF_CONTROL_SAMPLE timestamp=2026-08-22T00:17:27+02:00 scenario=ue_1 pod=open5gs-upf-5b9db6d44-nsbqz uid=7b5b8ef7-a2a2-4fe9-a3e1-74acd17bd88f restarts=6 usage_cpu=17m usage_mem=35Mi request_cpu=25m request_mem=250Mi limit_cpu=none limit_mem=none vpa_target_cpu=25m vpa_target_mem=250Mi vpa_uncapped_cpu=25m vpa_uncapped_mem=250Mi vpa_lower_cpu=25m vpa_lower_mem=250Mi vpa_upper_cpu=1500m vpa_upper_mem=512Mi
[2026-08-22T00:17:33+02:00] UPF_CONTROL_SAMPLE timestamp=2026-08-22T00:17:31+02:00 scenario=ue_1 pod=open5gs-upf-5b9db6d44-nsbqz uid=7b5b8ef7-a2a2-4fe9-a3e1-74acd17bd88f restarts=6 usage_cpu=17m usage_mem=35Mi request_cpu=25m request_mem=250Mi limit_cpu=none limit_mem=none vpa_target_cpu=25m vpa_target_mem=250Mi vpa_uncapped_cpu=25m vpa_uncapped_mem=250Mi vpa_lower_cpu=25m vpa_lower_mem=250Mi vpa_upper_cpu=1500m vpa_upper_mem=512Mi
[2026-08-22T00:17:36+02:00] UPF_CONTROL_SAMPLE timestamp=2026-08-22T00:17:34+02:00 scenario=ue_1 pod=open5gs-upf-5b9db6d44-nsbqz uid=7b5b8ef7-a2a2-4fe9-a3e1-74acd17bd88f restarts=6 usage_cpu=17m usage_mem=35Mi request_cpu=25m request_mem=250Mi limit_cpu=none limit_mem=none vpa_target_cpu=25m vpa_target_mem=250Mi vpa_uncapped_cpu=25m vpa_uncapped_mem=250Mi vpa_lower_cpu=25m vpa_lower_mem=250Mi vpa_upper_cpu=1500m vpa_upper_mem=512Mi
[2026-08-22T00:17:38+02:00] UPF_CONTROL_SAMPLE timestamp=2026-08-22T00:17:37+02:00 scenario=ue_1 pod=open5gs-upf-5b9db6d44-nsbqz uid=7b5b8ef7-a2a2-4fe9-a3e1-74acd17bd88f restarts=6 usage_cpu=17m usage_mem=35Mi request_cpu=25m request_mem=250Mi limit_cpu=none limit_mem=none vpa_target_cpu=25m vpa_target_mem=250Mi vpa_uncapped_cpu=25m vpa_uncapped_mem=250Mi vpa_lower_cpu=25m vpa_lower_mem=250Mi vpa_upper_cpu=1500m vpa_upper_mem=512Mi
[2026-08-22T00:17:40+02:00] UPF_CONTROL_SAMPLE timestamp=2026-08-22T00:17:39+02:00 scenario=ue_1 pod=open5gs-upf-5b9db6d44-nsbqz uid=7b5b8ef7-a2a2-4fe9-a3e1-74acd17bd88f restarts=6 usage_cpu=18m usage_mem=35Mi request_cpu=25m request_mem=250Mi limit_cpu=none limit_mem=none vpa_target_cpu=25m vpa_target_mem=250Mi vpa_uncapped_cpu=25m vpa_uncapped_mem=250Mi vpa_lower_cpu=25m vpa_lower_mem=250Mi vpa_upper_cpu=1500m vpa_upper_mem=512Mi
[2026-08-22T00:17:43+02:00] UPF_CONTROL_SAMPLE timestamp=2026-08-22T00:17:41+02:00 scenario=ue_1 pod=open5gs-upf-5b9db6d44-nsbqz uid=7b5b8ef7-a2a2-4fe9-a3e1-74acd17bd88f restarts=6 usage_cpu=18m usage_mem=35Mi request_cpu=25m request_mem=250Mi limit_cpu=none limit_mem=none vpa_target_cpu=25m vpa_target_mem=250Mi vpa_uncapped_cpu=25m vpa_uncapped_mem=250Mi vpa_lower_cpu=25m vpa_lower_mem=250Mi vpa_upper_cpu=1500m vpa_upper_mem=512Mi
[2026-08-22T00:17:46+02:00] UPF_CONTROL_SAMPLE timestamp=2026-08-22T00:17:44+02:00 scenario=ue_1 pod=open5gs-upf-5b9db6d44-nsbqz uid=7b5b8ef7-a2a2-4fe9-a3e1-74acd17bd88f restarts=6 usage_cpu=18m usage_mem=35Mi request_cpu=25m request_mem=250Mi limit_cpu=none limit_mem=none vpa_target_cpu=25m vpa_target_mem=250Mi vpa_uncapped_cpu=25m vpa_uncapped_mem=250Mi vpa_lower_cpu=25m vpa_lower_mem=250Mi vpa_upper_cpu=1500m vpa_upper_mem=512Mi
[2026-08-22T00:17:49+02:00] UPF_CONTROL_SAMPLE timestamp=2026-08-22T00:17:47+02:00 scenario=ue_1 pod=open5gs-upf-5b9db6d44-nsbqz uid=7b5b8ef7-a2a2-4fe9-a3e1-74acd17bd88f restarts=6 usage_cpu=18m usage_mem=35Mi request_cpu=25m request_mem=250Mi limit_cpu=none limit_mem=none vpa_target_cpu=25m vpa_target_mem=250Mi vpa_uncapped_cpu=25m vpa_uncapped_mem=250Mi vpa_lower_cpu=25m vpa_lower_mem=250Mi vpa_upper_cpu=1500m vpa_upper_mem=512Mi
[2026-08-22T00:17:51+02:00] UPF_CONTROL_SAMPLE timestamp=2026-08-22T00:17:50+02:00 scenario=ue_1 pod=open5gs-upf-5b9db6d44-nsbqz uid=7b5b8ef7-a2a2-4fe9-a3e1-74acd17bd88f restarts=6 usage_cpu=18m usage_mem=35Mi request_cpu=25m request_mem=250Mi limit_cpu=none limit_mem=none vpa_target_cpu=25m vpa_target_mem=250Mi vpa_uncapped_cpu=25m vpa_uncapped_mem=250Mi vpa_lower_cpu=25m vpa_lower_mem=250Mi vpa_upper_cpu=1500m vpa_upper_mem=512Mi
[2026-08-22T00:17:52+02:00] UE_SLOT_DONE timestamp=2026-08-21T22:17:52+00:00 active_ues=1 slot=0 attempt=1 ue_idx=0 ue_if=uesimtun0 ue_ip=10.45.1.46 port=5201 rc=0 replacements_for_slot=0 server_busy_retries_for_slot=0
[2026-08-22T00:17:53+02:00] TRAFFIC_SUMMARY timestamp=2026-08-21T22:17:53+00:00 registered_tunnels=50 active_ues=1 target_slots=1 completed_slots=1 final_failed_slots=0 replacements=0 problematic_ues=0 zombie_ues=0 connect_timeouts=0 stalls=0 deferred_stalls=0 process_failures=0 server_busy_retries=0 server_busy_failures=0 late_timeouts_accepted=0 scenario_bad_ues=0 global_suspect_ues=0 used_ues=1 target_host=192.168.1.211 initial_ports=5201-5201 replacement_ports=5251-5265 bitrate=1M start_delay=0.05 detection=no_rx_counter replacement_min_duration_s=5 adaptive_extension_max_s=1 iperf_exit_grace_s=3 server_busy_retries_limit=1 server_busy_retry_delay_s=2 late_replacement_after_end=disabled wait_for_iperf_exit=until_timeout global_suspect_policy=soft_reuse ramp_supervision=after_initial_start
[2026-08-22T00:17:53+02:00] UE_POOL_SCENARIO_BAD_CURRENT timestamp=2026-08-21T22:17:53+00:00 active_ues=1 indexes=
[2026-08-22T00:17:53+02:00] UE_POOL_GLOBAL_SUSPECT_CURRENT timestamp=2026-08-21T22:17:53+00:00 active_ues=1 indexes=
[2026-08-22T00:17:53+02:00] REMOTE_IPERF_PER_UE_END timestamp=2026-08-21T22:17:53+00:00 active_ues=1 tag=ue_1 final_rc=0 completed_slots=1 replacements=0 problematic_ues=0 server_busy_retries=0 deferred_stalls=0 late_timeouts_accepted=0
[2026-08-22T00:17:53+02:00] SCENARIO TRAFFIC COMMAND END timestamp=2026-08-22T00:17:53+02:00 active_ue=1 rc=0
[2026-08-22T00:17:54+02:00] SCENARIO UPF AFTER timestamp=2026-08-22T00:17:54+02:00 active_ue=1 pod=open5gs-upf-5b9db6d44-nsbqz uid=7b5b8ef7-a2a2-4fe9-a3e1-74acd17bd88f restarts=6
[2026-08-22T00:17:54+02:00] SCENARIO END timestamp=2026-08-22T00:17:54+02:00 active_ue=1 rc=0
[2026-08-22T00:17:54+02:00] ================================================================
[2026-08-22T00:17:54+02:00] SCENARIO START timestamp=2026-08-22T00:17:54+02:00 active_ue=3 registered_ue_pool=50 target_host=192.168.1.211 ports=5201-5203 replacement_ports=5251-5265 bitrate_per_ue=1M start_delay=0.05 replacement_min_duration=5 adaptive_extension_max=1
[2026-08-22T00:17:54+02:00] ================================================================
[2026-08-22T00:17:54+02:00] UPF_CONTROL_SAMPLE timestamp=2026-08-22T00:17:53+02:00 scenario=ue_1 pod=open5gs-upf-5b9db6d44-nsbqz uid=7b5b8ef7-a2a2-4fe9-a3e1-74acd17bd88f restarts=6 usage_cpu=18m usage_mem=35Mi request_cpu=25m request_mem=250Mi limit_cpu=none limit_mem=none vpa_target_cpu=25m vpa_target_mem=250Mi vpa_uncapped_cpu=25m vpa_uncapped_mem=250Mi vpa_lower_cpu=25m vpa_lower_mem=250Mi vpa_upper_cpu=1500m vpa_upper_mem=512Mi
[2026-08-22T00:17:54+02:00] SCENARIO TUNNEL CHECK timestamp=2026-08-22T00:17:54+02:00 active_ue=3 current_tunnels=50 required=50
[2026-08-22T00:17:55+02:00] SCENARIO UPF BEFORE timestamp=2026-08-22T00:17:55+02:00 active_ue=3 pod=open5gs-upf-5b9db6d44-nsbqz uid=7b5b8ef7-a2a2-4fe9-a3e1-74acd17bd88f restarts=6
[2026-08-22T00:17:56+02:00] REMOTE_IPERF_PER_UE_START timestamp=2026-08-21T22:17:56+00:00 active_ues=3 tag=ue_3 iperf_host=192.168.1.211 base_port=5201 replacement_base_port=5251 duration=80 bitrate=1M start_delay=0.05 detection=no_rx_counter connect_timeout_s=4 stall_seconds=5 replacement_limit=15 replacement_min_duration_s=5 adaptive_extension_max_s=1 iperf_exit_grace_s=3 server_busy_port_rebinds=1 late_replacement_after_end=disabled wait_for_iperf_exit=until_timeout global_suspect_policy=soft_reuse ramp_supervision=after_initial_start
[2026-08-22T00:17:56+02:00] UE_POOL_STATUS timestamp=2026-08-21T22:17:56+00:00 active_ues=3 registered_tunnels=50 existing_global_suspect_ues=0 used_ues=0 policy=soft_reuse_global_suspects
[2026-08-22T00:17:56+02:00] UE_SLOT_ASSIGN timestamp=2026-08-21T22:17:56+00:00 active_ues=3 slot=0 ue_idx=0 ue_if=uesimtun0 ue_ip=10.45.1.46 candidate_reused_global_suspect=0
[2026-08-22T00:17:56+02:00] UE_SLOT_START timestamp=2026-08-21T22:17:56+00:00 active_ues=3 slot=0 attempt=1 ue_idx=0 ue_if=uesimtun0 ue_ip=10.45.1.46 target=192.168.1.211:5201 bitrate=1M duration_s=80 planned_end_epoch=1787350756 timeout_s=90 hard_timeout_epoch=1787350771 start_rx_bytes=95030
[2026-08-22T00:17:56+02:00] UE_SLOT_PID timestamp=2026-08-21T22:17:56+00:00 active_ues=3 slot=0 attempt=1 ue_idx=0 pid=1890
[2026-08-22T00:17:56+02:00] UE_SLOT_ASSIGN timestamp=2026-08-21T22:17:56+00:00 active_ues=3 slot=1 ue_idx=1 ue_if=uesimtun1 ue_ip=10.45.1.47 candidate_reused_global_suspect=0
[2026-08-22T00:17:56+02:00] UE_SLOT_START timestamp=2026-08-21T22:17:56+00:00 active_ues=3 slot=1 attempt=1 ue_idx=1 ue_if=uesimtun1 ue_ip=10.45.1.47 target=192.168.1.211:5202 bitrate=1M duration_s=80 planned_end_epoch=1787350756 timeout_s=90 hard_timeout_epoch=1787350771 start_rx_bytes=0
[2026-08-22T00:17:56+02:00] UE_SLOT_PID timestamp=2026-08-21T22:17:56+00:00 active_ues=3 slot=1 attempt=1 ue_idx=1 pid=1915
[2026-08-22T00:17:56+02:00] UE_SLOT_ASSIGN timestamp=2026-08-21T22:17:56+00:00 active_ues=3 slot=2 ue_idx=2 ue_if=uesimtun2 ue_ip=10.45.1.48 candidate_reused_global_suspect=0
[2026-08-22T00:17:57+02:00] UE_SLOT_START timestamp=2026-08-21T22:17:57+00:00 active_ues=3 slot=2 attempt=1 ue_idx=2 ue_if=uesimtun2 ue_ip=10.45.1.48 target=192.168.1.211:5203 bitrate=1M duration_s=80 planned_end_epoch=1787350756 timeout_s=90 hard_timeout_epoch=1787350771 start_rx_bytes=0
[2026-08-22T00:17:57+02:00] UE_SLOT_PID timestamp=2026-08-21T22:17:57+00:00 active_ues=3 slot=2 attempt=1 ue_idx=2 pid=1940
[2026-08-22T00:17:57+02:00] IPERF_MAPPING_SUMMARY timestamp=2026-08-21T22:17:57+00:00 active_ues=3 registered_tunnels=50 initial_ports=5201-5203 replacement_ports=5251-5265 bitrate=1M start_delay=0.05 detection=no_rx_counter replacement_min_duration_s=5 adaptive_extension_max_s=1 iperf_exit_grace_s=3 server_busy_port_rebinds=1 late_replacement_after_end=disabled wait_for_iperf_exit=until_timeout global_suspect_policy=soft_reuse ramp_supervision=after_initial_start
[2026-08-22T00:17:57+02:00] UPF_CONTROL_SAMPLE timestamp=2026-08-22T00:17:55+02:00 scenario=ue_3 pod=open5gs-upf-5b9db6d44-nsbqz uid=7b5b8ef7-a2a2-4fe9-a3e1-74acd17bd88f restarts=6 usage_cpu=18m usage_mem=35Mi request_cpu=25m request_mem=250Mi limit_cpu=none limit_mem=none vpa_target_cpu=25m vpa_target_mem=250Mi vpa_uncapped_cpu=25m vpa_uncapped_mem=250Mi vpa_lower_cpu=25m vpa_lower_mem=250Mi vpa_upper_cpu=1500m vpa_upper_mem=512Mi
[2026-08-22T00:17:59+02:00] UPF_CONTROL_SAMPLE timestamp=2026-08-22T00:17:58+02:00 scenario=ue_3 pod=open5gs-upf-5b9db6d44-nsbqz uid=7b5b8ef7-a2a2-4fe9-a3e1-74acd17bd88f restarts=6 usage_cpu=18m usage_mem=35Mi request_cpu=25m request_mem=250Mi limit_cpu=none limit_mem=none vpa_target_cpu=25m vpa_target_mem=250Mi vpa_uncapped_cpu=25m vpa_uncapped_mem=250Mi vpa_lower_cpu=25m vpa_lower_mem=250Mi vpa_upper_cpu=1500m vpa_upper_mem=512Mi
[2026-08-22T00:18:03+02:00] UPF_CONTROL_SAMPLE timestamp=2026-08-22T00:18:01+02:00 scenario=ue_3 pod=open5gs-upf-5b9db6d44-nsbqz uid=7b5b8ef7-a2a2-4fe9-a3e1-74acd17bd88f restarts=6 usage_cpu=18m usage_mem=35Mi request_cpu=25m request_mem=250Mi limit_cpu=none limit_mem=none vpa_target_cpu=25m vpa_target_mem=250Mi vpa_uncapped_cpu=25m vpa_uncapped_mem=250Mi vpa_lower_cpu=25m vpa_lower_mem=250Mi vpa_upper_cpu=1500m vpa_upper_mem=512Mi
[2026-08-22T00:18:05+02:00] UPF_CONTROL_SAMPLE timestamp=2026-08-22T00:18:04+02:00 scenario=ue_3 pod=open5gs-upf-5b9db6d44-nsbqz uid=7b5b8ef7-a2a2-4fe9-a3e1-74acd17bd88f restarts=6 usage_cpu=18m usage_mem=35Mi request_cpu=25m request_mem=250Mi limit_cpu=none limit_mem=none vpa_target_cpu=25m vpa_target_mem=250Mi vpa_uncapped_cpu=25m vpa_uncapped_mem=250Mi vpa_lower_cpu=25m vpa_lower_mem=250Mi vpa_upper_cpu=1500m vpa_upper_mem=512Mi
[2026-08-22T00:18:10+02:00] UPF_CONTROL_SAMPLE timestamp=2026-08-22T00:18:06+02:00 scenario=ue_3 pod=open5gs-upf-5b9db6d44-nsbqz uid=7b5b8ef7-a2a2-4fe9-a3e1-74acd17bd88f restarts=6 usage_cpu=18m usage_mem=35Mi request_cpu=25m request_mem=250Mi limit_cpu=none limit_mem=none vpa_target_cpu=25m vpa_target_mem=250Mi vpa_uncapped_cpu=25m vpa_uncapped_mem=250Mi vpa_lower_cpu=25m vpa_lower_mem=250Mi vpa_upper_cpu=1500m vpa_upper_mem=512Mi
[2026-08-22T00:18:13+02:00] UPF_CONTROL_SAMPLE timestamp=2026-08-22T00:18:11+02:00 scenario=ue_3 pod=open5gs-upf-5b9db6d44-nsbqz uid=7b5b8ef7-a2a2-4fe9-a3e1-74acd17bd88f restarts=6 usage_cpu=26m usage_mem=36Mi request_cpu=25m request_mem=250Mi limit_cpu=none limit_mem=none vpa_target_cpu=25m vpa_target_mem=250Mi vpa_uncapped_cpu=25m vpa_uncapped_mem=250Mi vpa_lower_cpu=25m vpa_lower_mem=250Mi vpa_upper_cpu=1500m vpa_upper_mem=512Mi
[2026-08-22T00:18:15+02:00] UPF_CONTROL_SAMPLE timestamp=2026-08-22T00:18:14+02:00 scenario=ue_3 pod=open5gs-upf-5b9db6d44-nsbqz uid=7b5b8ef7-a2a2-4fe9-a3e1-74acd17bd88f restarts=6 usage_cpu=26m usage_mem=36Mi request_cpu=25m request_mem=250Mi limit_cpu=none limit_mem=none vpa_target_cpu=25m vpa_target_mem=250Mi vpa_uncapped_cpu=25m vpa_uncapped_mem=250Mi vpa_lower_cpu=25m vpa_lower_mem=250Mi vpa_upper_cpu=1500m vpa_upper_mem=512Mi
[2026-08-22T00:18:18+02:00] UPF_CONTROL_SAMPLE timestamp=2026-08-22T00:18:16+02:00 scenario=ue_3 pod=open5gs-upf-5b9db6d44-nsbqz uid=7b5b8ef7-a2a2-4fe9-a3e1-74acd17bd88f restarts=6 usage_cpu=26m usage_mem=36Mi request_cpu=25m request_mem=250Mi limit_cpu=none limit_mem=none vpa_target_cpu=25m vpa_target_mem=250Mi vpa_uncapped_cpu=25m vpa_uncapped_mem=250Mi vpa_lower_cpu=25m vpa_lower_mem=250Mi vpa_upper_cpu=1500m vpa_upper_mem=512Mi
[2026-08-22T00:18:20+02:00] UPF_CONTROL_SAMPLE timestamp=2026-08-22T00:18:19+02:00 scenario=ue_3 pod=open5gs-upf-5b9db6d44-nsbqz uid=7b5b8ef7-a2a2-4fe9-a3e1-74acd17bd88f restarts=6 usage_cpu=26m usage_mem=36Mi request_cpu=25m request_mem=250Mi limit_cpu=none limit_mem=none vpa_target_cpu=25m vpa_target_mem=250Mi vpa_uncapped_cpu=25m vpa_uncapped_mem=250Mi vpa_lower_cpu=25m vpa_lower_mem=250Mi vpa_upper_cpu=1500m vpa_upper_mem=512Mi
[2026-08-22T00:18:23+02:00] UPF_CONTROL_SAMPLE timestamp=2026-08-22T00:18:21+02:00 scenario=ue_3 pod=open5gs-upf-5b9db6d44-nsbqz uid=7b5b8ef7-a2a2-4fe9-a3e1-74acd17bd88f restarts=6 usage_cpu=26m usage_mem=36Mi request_cpu=25m request_mem=250Mi limit_cpu=none limit_mem=none vpa_target_cpu=25m vpa_target_mem=250Mi vpa_uncapped_cpu=25m vpa_uncapped_mem=250Mi vpa_lower_cpu=25m vpa_lower_mem=250Mi vpa_upper_cpu=1500m vpa_upper_mem=512Mi
[2026-08-22T00:18:26+02:00] UPF_CONTROL_SAMPLE timestamp=2026-08-22T00:18:24+02:00 scenario=ue_3 pod=open5gs-upf-5b9db6d44-nsbqz uid=7b5b8ef7-a2a2-4fe9-a3e1-74acd17bd88f restarts=6 usage_cpu=47m usage_mem=35Mi request_cpu=25m request_mem=250Mi limit_cpu=none limit_mem=none vpa_target_cpu=25m vpa_target_mem=250Mi vpa_uncapped_cpu=25m vpa_uncapped_mem=250Mi vpa_lower_cpu=25m vpa_lower_mem=250Mi vpa_upper_cpu=1500m vpa_upper_mem=512Mi
[2026-08-22T00:18:28+02:00] UPF_CONTROL_SAMPLE timestamp=2026-08-22T00:18:27+02:00 scenario=ue_3 pod=open5gs-upf-5b9db6d44-nsbqz uid=7b5b8ef7-a2a2-4fe9-a3e1-74acd17bd88f restarts=6 usage_cpu=47m usage_mem=35Mi request_cpu=25m request_mem=250Mi limit_cpu=none limit_mem=none vpa_target_cpu=25m vpa_target_mem=250Mi vpa_uncapped_cpu=25m vpa_uncapped_mem=250Mi vpa_lower_cpu=25m vpa_lower_mem=250Mi vpa_upper_cpu=1500m vpa_upper_mem=512Mi
[2026-08-22T00:18:30+02:00] UPF_CONTROL_SAMPLE timestamp=2026-08-22T00:18:29+02:00 scenario=ue_3 pod=open5gs-upf-5b9db6d44-nsbqz uid=7b5b8ef7-a2a2-4fe9-a3e1-74acd17bd88f restarts=6 usage_cpu=47m usage_mem=35Mi request_cpu=25m request_mem=250Mi limit_cpu=none limit_mem=none vpa_target_cpu=25m vpa_target_mem=250Mi vpa_uncapped_cpu=25m vpa_uncapped_mem=250Mi vpa_lower_cpu=25m vpa_lower_mem=250Mi vpa_upper_cpu=1500m vpa_upper_mem=512Mi
[2026-08-22T00:18:33+02:00] VPA_RECOMMENDATION_CHANGE timestamp=2026-08-22T00:18:31+02:00 scenario=ue_3 old='vpa_target_cpu=25m vpa_target_mem=250Mi vpa_uncapped_cpu=25m vpa_uncapped_mem=250Mi vpa_lower_cpu=25m vpa_lower_mem=250Mi vpa_upper_cpu=1500m vpa_upper_mem=512Mi' new='vpa_target_cpu=63m vpa_target_mem=250Mi vpa_uncapped_cpu=63m vpa_uncapped_mem=250Mi vpa_lower_cpu=25m vpa_lower_mem=250Mi vpa_upper_cpu=1500m vpa_upper_mem=512Mi' previous_5s_sample='timestamp=2026-08-22T00:18:24+02:00 scenario=ue_3 pod=open5gs-upf-5b9db6d44-nsbqz uid=7b5b8ef7-a2a2-4fe9-a3e1-74acd17bd88f restarts=6 usage_cpu=47m usage_mem=35Mi request_cpu=25m request_mem=250Mi limit_cpu=none limit_mem=none vpa_target_cpu=25m vpa_target_mem=250Mi vpa_uncapped_cpu=25m vpa_uncapped_mem=250Mi vpa_lower_cpu=25m vpa_lower_mem=250Mi vpa_upper_cpu=1500m vpa_upper_mem=512Mi' current_sample='timestamp=2026-08-22T00:18:31+02:00 scenario=ue_3 pod=open5gs-upf-5b9db6d44-nsbqz uid=7b5b8ef7-a2a2-4fe9-a3e1-74acd17bd88f restarts=6 usage_cpu=47m usage_mem=35Mi request_cpu=25m request_mem=250Mi limit_cpu=none limit_mem=none vpa_target_cpu=63m vpa_target_mem=250Mi vpa_uncapped_cpu=63m vpa_uncapped_mem=250Mi vpa_lower_cpu=25m vpa_lower_mem=250Mi vpa_upper_cpu=1500m vpa_upper_mem=512Mi'
[2026-08-22T00:18:33+02:00] UPF_CONTROL_SAMPLE timestamp=2026-08-22T00:18:31+02:00 scenario=ue_3 pod=open5gs-upf-5b9db6d44-nsbqz uid=7b5b8ef7-a2a2-4fe9-a3e1-74acd17bd88f restarts=6 usage_cpu=47m usage_mem=35Mi request_cpu=25m request_mem=250Mi limit_cpu=none limit_mem=none vpa_target_cpu=63m vpa_target_mem=250Mi vpa_uncapped_cpu=63m vpa_uncapped_mem=250Mi vpa_lower_cpu=25m vpa_lower_mem=250Mi vpa_upper_cpu=1500m vpa_upper_mem=512Mi
[2026-08-22T00:18:35+02:00] UPF_CONTROL_SAMPLE timestamp=2026-08-22T00:18:34+02:00 scenario=ue_3 pod=open5gs-upf-5b9db6d44-nsbqz uid=7b5b8ef7-a2a2-4fe9-a3e1-74acd17bd88f restarts=6 usage_cpu=47m usage_mem=35Mi request_cpu=25m request_mem=250Mi limit_cpu=none limit_mem=none vpa_target_cpu=63m vpa_target_mem=250Mi vpa_uncapped_cpu=63m vpa_uncapped_mem=250Mi vpa_lower_cpu=25m vpa_lower_mem=250Mi vpa_upper_cpu=1500m vpa_upper_mem=512Mi
[2026-08-22T00:18:38+02:00] UPF_CONTROL_SAMPLE timestamp=2026-08-22T00:18:36+02:00 scenario=ue_3 pod=open5gs-upf-5b9db6d44-nsbqz uid=7b5b8ef7-a2a2-4fe9-a3e1-74acd17bd88f restarts=6 usage_cpu=47m usage_mem=35Mi request_cpu=25m request_mem=250Mi limit_cpu=none limit_mem=none vpa_target_cpu=63m vpa_target_mem=250Mi vpa_uncapped_cpu=63m vpa_uncapped_mem=250Mi vpa_lower_cpu=25m vpa_lower_mem=250Mi vpa_upper_cpu=1500m vpa_upper_mem=512Mi
[2026-08-22T00:18:40+02:00] UPF_CONTROL_SAMPLE timestamp=2026-08-22T00:18:39+02:00 scenario=ue_3 pod=open5gs-upf-5b9db6d44-nsbqz uid=7b5b8ef7-a2a2-4fe9-a3e1-74acd17bd88f restarts=6 usage_cpu=47m usage_mem=35Mi request_cpu=25m request_mem=250Mi limit_cpu=none limit_mem=none vpa_target_cpu=63m vpa_target_mem=250Mi vpa_uncapped_cpu=63m vpa_uncapped_mem=250Mi vpa_lower_cpu=25m vpa_lower_mem=250Mi vpa_upper_cpu=1500m vpa_upper_mem=512Mi
[2026-08-22T00:18:42+02:00] UPF_CONTROL_SAMPLE timestamp=2026-08-22T00:18:41+02:00 scenario=ue_3 pod=open5gs-upf-5b9db6d44-nsbqz uid=7b5b8ef7-a2a2-4fe9-a3e1-74acd17bd88f restarts=6 usage_cpu=50m usage_mem=36Mi request_cpu=25m request_mem=250Mi limit_cpu=none limit_mem=none vpa_target_cpu=63m vpa_target_mem=250Mi vpa_uncapped_cpu=63m vpa_uncapped_mem=250Mi vpa_lower_cpu=25m vpa_lower_mem=250Mi vpa_upper_cpu=1500m vpa_upper_mem=512Mi
[2026-08-22T00:18:45+02:00] UPF_CONTROL_SAMPLE timestamp=2026-08-22T00:18:43+02:00 scenario=ue_3 pod=open5gs-upf-5b9db6d44-nsbqz uid=7b5b8ef7-a2a2-4fe9-a3e1-74acd17bd88f restarts=6 usage_cpu=50m usage_mem=36Mi request_cpu=25m request_mem=250Mi limit_cpu=none limit_mem=none vpa_target_cpu=63m vpa_target_mem=250Mi vpa_uncapped_cpu=63m vpa_uncapped_mem=250Mi vpa_lower_cpu=25m vpa_lower_mem=250Mi vpa_upper_cpu=1500m vpa_upper_mem=512Mi
[2026-08-22T00:18:47+02:00] UPF_CONTROL_SAMPLE timestamp=2026-08-22T00:18:46+02:00 scenario=ue_3 pod=open5gs-upf-5b9db6d44-nsbqz uid=7b5b8ef7-a2a2-4fe9-a3e1-74acd17bd88f restarts=6 usage_cpu=50m usage_mem=36Mi request_cpu=25m request_mem=250Mi limit_cpu=none limit_mem=none vpa_target_cpu=63m vpa_target_mem=250Mi vpa_uncapped_cpu=63m vpa_uncapped_mem=250Mi vpa_lower_cpu=25m vpa_lower_mem=250Mi vpa_upper_cpu=1500m vpa_upper_mem=512Mi
[2026-08-22T00:18:50+02:00] UPF_CONTROL_SAMPLE timestamp=2026-08-22T00:18:48+02:00 scenario=ue_3 pod=open5gs-upf-5b9db6d44-nsbqz uid=7b5b8ef7-a2a2-4fe9-a3e1-74acd17bd88f restarts=6 usage_cpu=50m usage_mem=36Mi request_cpu=25m request_mem=250Mi limit_cpu=none limit_mem=none vpa_target_cpu=63m vpa_target_mem=250Mi vpa_uncapped_cpu=63m vpa_uncapped_mem=250Mi vpa_lower_cpu=25m vpa_lower_mem=250Mi vpa_upper_cpu=1500m vpa_upper_mem=512Mi
[2026-08-22T00:18:52+02:00] UPF_CONTROL_SAMPLE timestamp=2026-08-22T00:18:51+02:00 scenario=ue_3 pod=open5gs-upf-5b9db6d44-nsbqz uid=7b5b8ef7-a2a2-4fe9-a3e1-74acd17bd88f restarts=6 usage_cpu=50m usage_mem=36Mi request_cpu=25m request_mem=250Mi limit_cpu=none limit_mem=none vpa_target_cpu=63m vpa_target_mem=250Mi vpa_uncapped_cpu=63m vpa_uncapped_mem=250Mi vpa_lower_cpu=25m vpa_lower_mem=250Mi vpa_upper_cpu=1500m vpa_upper_mem=512Mi
[2026-08-22T00:18:54+02:00] UPF_CONTROL_SAMPLE timestamp=2026-08-22T00:18:53+02:00 scenario=ue_3 pod=open5gs-upf-5b9db6d44-nsbqz uid=7b5b8ef7-a2a2-4fe9-a3e1-74acd17bd88f restarts=6 usage_cpu=50m usage_mem=36Mi request_cpu=25m request_mem=250Mi limit_cpu=none limit_mem=none vpa_target_cpu=63m vpa_target_mem=250Mi vpa_uncapped_cpu=63m vpa_uncapped_mem=250Mi vpa_lower_cpu=25m vpa_lower_mem=250Mi vpa_upper_cpu=1500m vpa_upper_mem=512Mi
[2026-08-22T00:18:57+02:00] UPF_CONTROL_SAMPLE timestamp=2026-08-22T00:18:55+02:00 scenario=ue_3 pod=open5gs-upf-5b9db6d44-nsbqz uid=7b5b8ef7-a2a2-4fe9-a3e1-74acd17bd88f restarts=6 usage_cpu=50m usage_mem=36Mi request_cpu=25m request_mem=250Mi limit_cpu=none limit_mem=none vpa_target_cpu=63m vpa_target_mem=250Mi vpa_uncapped_cpu=63m vpa_uncapped_mem=250Mi vpa_lower_cpu=25m vpa_lower_mem=250Mi vpa_upper_cpu=1500m vpa_upper_mem=512Mi
[2026-08-22T00:18:59+02:00] UPF_CONTROL_SAMPLE timestamp=2026-08-22T00:18:58+02:00 scenario=ue_3 pod=open5gs-upf-5b9db6d44-nsbqz uid=7b5b8ef7-a2a2-4fe9-a3e1-74acd17bd88f restarts=6 usage_cpu=50m usage_mem=36Mi request_cpu=25m request_mem=250Mi limit_cpu=none limit_mem=none vpa_target_cpu=63m vpa_target_mem=250Mi vpa_uncapped_cpu=63m vpa_uncapped_mem=250Mi vpa_lower_cpu=25m vpa_lower_mem=250Mi vpa_upper_cpu=1500m vpa_upper_mem=512Mi
[2026-08-22T00:19:01+02:00] UPF_CONTROL_SAMPLE timestamp=2026-08-22T00:19:00+02:00 scenario=ue_3 pod=open5gs-upf-5b9db6d44-nsbqz uid=7b5b8ef7-a2a2-4fe9-a3e1-74acd17bd88f restarts=6 usage_cpu=50m usage_mem=36Mi request_cpu=25m request_mem=250Mi limit_cpu=none limit_mem=none vpa_target_cpu=63m vpa_target_mem=250Mi vpa_uncapped_cpu=63m vpa_uncapped_mem=250Mi vpa_lower_cpu=25m vpa_lower_mem=250Mi vpa_upper_cpu=1500m vpa_upper_mem=512Mi
[2026-08-22T00:19:03+02:00] UPF_CONTROL_SAMPLE timestamp=2026-08-22T00:19:02+02:00 scenario=ue_3 pod=open5gs-upf-5b9db6d44-nsbqz uid=7b5b8ef7-a2a2-4fe9-a3e1-74acd17bd88f restarts=6 usage_cpu=50m usage_mem=36Mi request_cpu=25m request_mem=250Mi limit_cpu=none limit_mem=none vpa_target_cpu=63m vpa_target_mem=250Mi vpa_uncapped_cpu=63m vpa_uncapped_mem=250Mi vpa_lower_cpu=25m vpa_lower_mem=250Mi vpa_upper_cpu=1500m vpa_upper_mem=512Mi
[2026-08-22T00:19:06+02:00] UPF_CONTROL_SAMPLE timestamp=2026-08-22T00:19:04+02:00 scenario=ue_3 pod=open5gs-upf-5b9db6d44-nsbqz uid=7b5b8ef7-a2a2-4fe9-a3e1-74acd17bd88f restarts=6 usage_cpu=50m usage_mem=36Mi request_cpu=25m request_mem=250Mi limit_cpu=none limit_mem=none vpa_target_cpu=63m vpa_target_mem=250Mi vpa_uncapped_cpu=63m vpa_uncapped_mem=250Mi vpa_lower_cpu=25m vpa_lower_mem=250Mi vpa_upper_cpu=1500m vpa_upper_mem=512Mi
[2026-08-22T00:19:08+02:00] UPF_CONTROL_SAMPLE timestamp=2026-08-22T00:19:07+02:00 scenario=ue_3 pod=open5gs-upf-5b9db6d44-nsbqz uid=7b5b8ef7-a2a2-4fe9-a3e1-74acd17bd88f restarts=6 usage_cpu=50m usage_mem=36Mi request_cpu=25m request_mem=250Mi limit_cpu=none limit_mem=none vpa_target_cpu=63m vpa_target_mem=250Mi vpa_uncapped_cpu=63m vpa_uncapped_mem=250Mi vpa_lower_cpu=25m vpa_lower_mem=250Mi vpa_upper_cpu=1500m vpa_upper_mem=512Mi
[2026-08-22T00:19:10+02:00] UPF_CONTROL_SAMPLE timestamp=2026-08-22T00:19:09+02:00 scenario=ue_3 pod=open5gs-upf-5b9db6d44-nsbqz uid=7b5b8ef7-a2a2-4fe9-a3e1-74acd17bd88f restarts=6 usage_cpu=52m usage_mem=35Mi request_cpu=25m request_mem=250Mi limit_cpu=none limit_mem=none vpa_target_cpu=63m vpa_target_mem=250Mi vpa_uncapped_cpu=63m vpa_uncapped_mem=250Mi vpa_lower_cpu=25m vpa_lower_mem=250Mi vpa_upper_cpu=1500m vpa_upper_mem=512Mi
[2026-08-22T00:19:13+02:00] UPF_CONTROL_SAMPLE timestamp=2026-08-22T00:19:11+02:00 scenario=ue_3 pod=open5gs-upf-5b9db6d44-nsbqz uid=7b5b8ef7-a2a2-4fe9-a3e1-74acd17bd88f restarts=6 usage_cpu=52m usage_mem=35Mi request_cpu=25m request_mem=250Mi limit_cpu=none limit_mem=none vpa_target_cpu=63m vpa_target_mem=250Mi vpa_uncapped_cpu=63m vpa_uncapped_mem=250Mi vpa_lower_cpu=25m vpa_lower_mem=250Mi vpa_upper_cpu=1500m vpa_upper_mem=512Mi
[2026-08-22T00:19:16+02:00] UPF_CONTROL_SAMPLE timestamp=2026-08-22T00:19:14+02:00 scenario=ue_3 pod=open5gs-upf-5b9db6d44-nsbqz uid=7b5b8ef7-a2a2-4fe9-a3e1-74acd17bd88f restarts=6 usage_cpu=52m usage_mem=35Mi request_cpu=25m request_mem=250Mi limit_cpu=none limit_mem=none vpa_target_cpu=63m vpa_target_mem=250Mi vpa_uncapped_cpu=63m vpa_uncapped_mem=250Mi vpa_lower_cpu=25m vpa_lower_mem=250Mi vpa_upper_cpu=1500m vpa_upper_mem=512Mi
[2026-08-22T00:19:17+02:00] UE_SLOT_DONE timestamp=2026-08-21T22:19:17+00:00 active_ues=3 slot=0 attempt=1 ue_idx=0 ue_if=uesimtun0 ue_ip=10.45.1.46 port=5201 rc=0 replacements_for_slot=0 server_busy_retries_for_slot=0
[2026-08-22T00:19:17+02:00] UE_SLOT_DONE timestamp=2026-08-21T22:19:17+00:00 active_ues=3 slot=1 attempt=1 ue_idx=1 ue_if=uesimtun1 ue_ip=10.45.1.47 port=5202 rc=0 replacements_for_slot=0 server_busy_retries_for_slot=0
[2026-08-22T00:19:17+02:00] UE_SLOT_DONE timestamp=2026-08-21T22:19:17+00:00 active_ues=3 slot=2 attempt=1 ue_idx=2 ue_if=uesimtun2 ue_ip=10.45.1.48 port=5203 rc=0 replacements_for_slot=0 server_busy_retries_for_slot=0
[2026-08-22T00:19:18+02:00] UPF_CONTROL_SAMPLE timestamp=2026-08-22T00:19:17+02:00 scenario=ue_3 pod=open5gs-upf-5b9db6d44-nsbqz uid=7b5b8ef7-a2a2-4fe9-a3e1-74acd17bd88f restarts=6 usage_cpu=52m usage_mem=35Mi request_cpu=25m request_mem=250Mi limit_cpu=none limit_mem=none vpa_target_cpu=63m vpa_target_mem=250Mi vpa_uncapped_cpu=63m vpa_uncapped_mem=250Mi vpa_lower_cpu=25m vpa_lower_mem=250Mi vpa_upper_cpu=1500m vpa_upper_mem=512Mi
[2026-08-22T00:19:19+02:00] TRAFFIC_SUMMARY timestamp=2026-08-21T22:19:19+00:00 registered_tunnels=50 active_ues=3 target_slots=3 completed_slots=3 final_failed_slots=0 replacements=0 problematic_ues=0 zombie_ues=0 connect_timeouts=0 stalls=0 deferred_stalls=0 process_failures=0 server_busy_retries=0 server_busy_failures=0 late_timeouts_accepted=0 scenario_bad_ues=0 global_suspect_ues=0 used_ues=3 target_host=192.168.1.211 initial_ports=5201-5203 replacement_ports=5251-5265 bitrate=1M start_delay=0.05 detection=no_rx_counter replacement_min_duration_s=5 adaptive_extension_max_s=1 iperf_exit_grace_s=3 server_busy_retries_limit=1 server_busy_retry_delay_s=2 late_replacement_after_end=disabled wait_for_iperf_exit=until_timeout global_suspect_policy=soft_reuse ramp_supervision=after_initial_start
[2026-08-22T00:19:19+02:00] UE_POOL_SCENARIO_BAD_CURRENT timestamp=2026-08-21T22:19:19+00:00 active_ues=3 indexes=
[2026-08-22T00:19:19+02:00] UE_POOL_GLOBAL_SUSPECT_CURRENT timestamp=2026-08-21T22:19:19+00:00 active_ues=3 indexes=
[2026-08-22T00:19:19+02:00] REMOTE_IPERF_PER_UE_END timestamp=2026-08-21T22:19:19+00:00 active_ues=3 tag=ue_3 final_rc=0 completed_slots=3 replacements=0 problematic_ues=0 server_busy_retries=0 deferred_stalls=0 late_timeouts_accepted=0
[2026-08-22T00:19:19+02:00] SCENARIO TRAFFIC COMMAND END timestamp=2026-08-22T00:19:19+02:00 active_ue=3 rc=0
[2026-08-22T00:19:19+02:00] SCENARIO UPF AFTER timestamp=2026-08-22T00:19:19+02:00 active_ue=3 pod=open5gs-upf-5b9db6d44-nsbqz uid=7b5b8ef7-a2a2-4fe9-a3e1-74acd17bd88f restarts=6
[2026-08-22T00:19:19+02:00] SCENARIO END timestamp=2026-08-22T00:19:19+02:00 active_ue=3 rc=0
[2026-08-22T00:19:19+02:00] ================================================================
[2026-08-22T00:19:19+02:00] SCENARIO START timestamp=2026-08-22T00:19:19+02:00 active_ue=5 registered_ue_pool=50 target_host=192.168.1.211 ports=5201-5205 replacement_ports=5251-5265 bitrate_per_ue=1M start_delay=0.05 replacement_min_duration=5 adaptive_extension_max=1
[2026-08-22T00:19:19+02:00] ================================================================
[2026-08-22T00:19:20+02:00] SCENARIO TUNNEL CHECK timestamp=2026-08-22T00:19:20+02:00 active_ue=5 current_tunnels=50 required=50
[2026-08-22T00:19:21+02:00] SCENARIO UPF BEFORE timestamp=2026-08-22T00:19:21+02:00 active_ue=5 pod=open5gs-upf-5b9db6d44-nsbqz uid=7b5b8ef7-a2a2-4fe9-a3e1-74acd17bd88f restarts=6
[2026-08-22T00:19:21+02:00] UPF_CONTROL_SAMPLE timestamp=2026-08-22T00:19:19+02:00 scenario=ue_5 pod=open5gs-upf-5b9db6d44-nsbqz uid=7b5b8ef7-a2a2-4fe9-a3e1-74acd17bd88f restarts=6 usage_cpu=52m usage_mem=35Mi request_cpu=25m request_mem=250Mi limit_cpu=none limit_mem=none vpa_target_cpu=63m vpa_target_mem=250Mi vpa_uncapped_cpu=63m vpa_uncapped_mem=250Mi vpa_lower_cpu=25m vpa_lower_mem=250Mi vpa_upper_cpu=1500m vpa_upper_mem=512Mi
[2026-08-22T00:19:21+02:00] REMOTE_IPERF_PER_UE_START timestamp=2026-08-21T22:19:21+00:00 active_ues=5 tag=ue_5 iperf_host=192.168.1.211 base_port=5201 replacement_base_port=5251 duration=80 bitrate=1M start_delay=0.05 detection=no_rx_counter connect_timeout_s=4 stall_seconds=5 replacement_limit=15 replacement_min_duration_s=5 adaptive_extension_max_s=1 iperf_exit_grace_s=3 server_busy_port_rebinds=1 late_replacement_after_end=disabled wait_for_iperf_exit=until_timeout global_suspect_policy=soft_reuse ramp_supervision=after_initial_start
[2026-08-22T00:19:21+02:00] UE_POOL_STATUS timestamp=2026-08-21T22:19:21+00:00 active_ues=5 registered_tunnels=50 existing_global_suspect_ues=0 used_ues=0 policy=soft_reuse_global_suspects
[2026-08-22T00:19:22+02:00] UE_SLOT_ASSIGN timestamp=2026-08-21T22:19:22+00:00 active_ues=5 slot=0 ue_idx=0 ue_if=uesimtun0 ue_ip=10.45.1.46 candidate_reused_global_suspect=0
[2026-08-22T00:19:22+02:00] UE_SLOT_START timestamp=2026-08-21T22:19:22+00:00 active_ues=5 slot=0 attempt=1 ue_idx=0 ue_if=uesimtun0 ue_ip=10.45.1.46 target=192.168.1.211:5201 bitrate=1M duration_s=80 planned_end_epoch=1787350842 timeout_s=90 hard_timeout_epoch=1787350857 start_rx_bytes=179098
[2026-08-22T00:19:22+02:00] UE_SLOT_PID timestamp=2026-08-21T22:19:22+00:00 active_ues=5 slot=0 attempt=1 ue_idx=0 pid=3289
[2026-08-22T00:19:22+02:00] UE_SLOT_ASSIGN timestamp=2026-08-21T22:19:22+00:00 active_ues=5 slot=1 ue_idx=1 ue_if=uesimtun1 ue_ip=10.45.1.47 candidate_reused_global_suspect=0
[2026-08-22T00:19:22+02:00] UE_SLOT_START timestamp=2026-08-21T22:19:22+00:00 active_ues=5 slot=1 attempt=1 ue_idx=1 ue_if=uesimtun1 ue_ip=10.45.1.47 target=192.168.1.211:5202 bitrate=1M duration_s=80 planned_end_epoch=1787350842 timeout_s=90 hard_timeout_epoch=1787350857 start_rx_bytes=84856
[2026-08-22T00:19:22+02:00] UE_SLOT_PID timestamp=2026-08-21T22:19:22+00:00 active_ues=5 slot=1 attempt=1 ue_idx=1 pid=3314
[2026-08-22T00:19:22+02:00] UE_SLOT_ASSIGN timestamp=2026-08-21T22:19:22+00:00 active_ues=5 slot=2 ue_idx=2 ue_if=uesimtun2 ue_ip=10.45.1.48 candidate_reused_global_suspect=0
[2026-08-22T00:19:22+02:00] UE_SLOT_START timestamp=2026-08-21T22:19:22+00:00 active_ues=5 slot=2 attempt=1 ue_idx=2 ue_if=uesimtun2 ue_ip=10.45.1.48 target=192.168.1.211:5203 bitrate=1M duration_s=80 planned_end_epoch=1787350842 timeout_s=90 hard_timeout_epoch=1787350857 start_rx_bytes=84545
[2026-08-22T00:19:22+02:00] UE_SLOT_PID timestamp=2026-08-21T22:19:22+00:00 active_ues=5 slot=2 attempt=1 ue_idx=2 pid=3339
[2026-08-22T00:19:22+02:00] UE_SLOT_ASSIGN timestamp=2026-08-21T22:19:22+00:00 active_ues=5 slot=3 ue_idx=3 ue_if=uesimtun3 ue_ip=10.45.1.49 candidate_reused_global_suspect=0
[2026-08-22T00:19:22+02:00] UE_SLOT_START timestamp=2026-08-21T22:19:22+00:00 active_ues=5 slot=3 attempt=1 ue_idx=3 ue_if=uesimtun3 ue_ip=10.45.1.49 target=192.168.1.211:5204 bitrate=1M duration_s=80 planned_end_epoch=1787350842 timeout_s=90 hard_timeout_epoch=1787350857 start_rx_bytes=0
[2026-08-22T00:19:22+02:00] UE_SLOT_PID timestamp=2026-08-21T22:19:22+00:00 active_ues=5 slot=3 attempt=1 ue_idx=3 pid=3364
[2026-08-22T00:19:22+02:00] UE_SLOT_ASSIGN timestamp=2026-08-21T22:19:22+00:00 active_ues=5 slot=4 ue_idx=4 ue_if=uesimtun4 ue_ip=10.45.1.51 candidate_reused_global_suspect=0
[2026-08-22T00:19:22+02:00] UE_SLOT_START timestamp=2026-08-21T22:19:22+00:00 active_ues=5 slot=4 attempt=1 ue_idx=4 ue_if=uesimtun4 ue_ip=10.45.1.51 target=192.168.1.211:5205 bitrate=1M duration_s=80 planned_end_epoch=1787350842 timeout_s=90 hard_timeout_epoch=1787350857 start_rx_bytes=0
[2026-08-22T00:19:23+02:00] UE_SLOT_PID timestamp=2026-08-21T22:19:23+00:00 active_ues=5 slot=4 attempt=1 ue_idx=4 pid=3389
[2026-08-22T00:19:23+02:00] IPERF_MAPPING_SUMMARY timestamp=2026-08-21T22:19:23+00:00 active_ues=5 registered_tunnels=50 initial_ports=5201-5205 replacement_ports=5251-5265 bitrate=1M start_delay=0.05 detection=no_rx_counter replacement_min_duration_s=5 adaptive_extension_max_s=1 iperf_exit_grace_s=3 server_busy_port_rebinds=1 late_replacement_after_end=disabled wait_for_iperf_exit=until_timeout global_suspect_policy=soft_reuse ramp_supervision=after_initial_start
[2026-08-22T00:19:23+02:00] UPF_CONTROL_SAMPLE timestamp=2026-08-22T00:19:22+02:00 scenario=ue_5 pod=open5gs-upf-5b9db6d44-nsbqz uid=7b5b8ef7-a2a2-4fe9-a3e1-74acd17bd88f restarts=6 usage_cpu=52m usage_mem=35Mi request_cpu=25m request_mem=250Mi limit_cpu=none limit_mem=none vpa_target_cpu=63m vpa_target_mem=250Mi vpa_uncapped_cpu=63m vpa_uncapped_mem=250Mi vpa_lower_cpu=25m vpa_lower_mem=250Mi vpa_upper_cpu=1500m vpa_upper_mem=512Mi
[2026-08-22T00:19:26+02:00] UPF_CONTROL_SAMPLE timestamp=2026-08-22T00:19:25+02:00 scenario=ue_5 pod=open5gs-upf-5b9db6d44-nsbqz uid=7b5b8ef7-a2a2-4fe9-a3e1-74acd17bd88f restarts=6 usage_cpu=50m usage_mem=35Mi request_cpu=25m request_mem=250Mi limit_cpu=none limit_mem=none vpa_target_cpu=63m vpa_target_mem=250Mi vpa_uncapped_cpu=63m vpa_uncapped_mem=250Mi vpa_lower_cpu=25m vpa_lower_mem=250Mi vpa_upper_cpu=1500m vpa_upper_mem=512Mi
[2026-08-22T00:19:28+02:00] UPF_REQUEST_CHANGE timestamp=2026-08-22T00:19:27+02:00 scenario=ue_5 pod=open5gs-upf-5b9db6d44-nsbqz uid=7b5b8ef7-a2a2-4fe9-a3e1-74acd17bd88f restarts=6 old='request_cpu=25m request_mem=250Mi limit_cpu=none limit_mem=none' new='request_cpu=63m request_mem=250Mi limit_cpu=none limit_mem=none' previous_5s_sample='timestamp=2026-08-22T00:19:22+02:00 scenario=ue_5 pod=open5gs-upf-5b9db6d44-nsbqz uid=7b5b8ef7-a2a2-4fe9-a3e1-74acd17bd88f restarts=6 usage_cpu=52m usage_mem=35Mi request_cpu=25m request_mem=250Mi limit_cpu=none limit_mem=none vpa_target_cpu=63m vpa_target_mem=250Mi vpa_uncapped_cpu=63m vpa_uncapped_mem=250Mi vpa_lower_cpu=25m vpa_lower_mem=250Mi vpa_upper_cpu=1500m vpa_upper_mem=512Mi' current_sample='timestamp=2026-08-22T00:19:27+02:00 scenario=ue_5 pod=open5gs-upf-5b9db6d44-nsbqz uid=7b5b8ef7-a2a2-4fe9-a3e1-74acd17bd88f restarts=6 usage_cpu=50m usage_mem=35Mi request_cpu=63m request_mem=250Mi limit_cpu=none limit_mem=none vpa_target_cpu=63m vpa_target_mem=250Mi vpa_uncapped_cpu=63m vpa_uncapped_mem=250Mi vpa_lower_cpu=25m vpa_lower_mem=250Mi vpa_upper_cpu=1500m vpa_upper_mem=512Mi'
[2026-08-22T00:19:28+02:00] UPF_CONTROL_SAMPLE timestamp=2026-08-22T00:19:27+02:00 scenario=ue_5 pod=open5gs-upf-5b9db6d44-nsbqz uid=7b5b8ef7-a2a2-4fe9-a3e1-74acd17bd88f restarts=6 usage_cpu=50m usage_mem=35Mi request_cpu=63m request_mem=250Mi limit_cpu=none limit_mem=none vpa_target_cpu=63m vpa_target_mem=250Mi vpa_uncapped_cpu=63m vpa_uncapped_mem=250Mi vpa_lower_cpu=25m vpa_lower_mem=250Mi vpa_upper_cpu=1500m vpa_upper_mem=512Mi
[2026-08-22T00:19:30+02:00] UPF_CONTROL_SAMPLE timestamp=2026-08-22T00:19:29+02:00 scenario=ue_5 pod=open5gs-upf-5b9db6d44-nsbqz uid=7b5b8ef7-a2a2-4fe9-a3e1-74acd17bd88f restarts=6 usage_cpu=50m usage_mem=35Mi request_cpu=63m request_mem=250Mi limit_cpu=none limit_mem=none vpa_target_cpu=63m vpa_target_mem=250Mi vpa_uncapped_cpu=63m vpa_uncapped_mem=250Mi vpa_lower_cpu=25m vpa_lower_mem=250Mi vpa_upper_cpu=1500m vpa_upper_mem=512Mi
[2026-08-22T00:19:33+02:00] UPF_CONTROL_SAMPLE timestamp=2026-08-22T00:19:32+02:00 scenario=ue_5 pod=open5gs-upf-5b9db6d44-nsbqz uid=7b5b8ef7-a2a2-4fe9-a3e1-74acd17bd88f restarts=6 usage_cpu=50m usage_mem=35Mi request_cpu=63m request_mem=250Mi limit_cpu=none limit_mem=none vpa_target_cpu=63m vpa_target_mem=250Mi vpa_uncapped_cpu=63m vpa_uncapped_mem=250Mi vpa_lower_cpu=25m vpa_lower_mem=250Mi vpa_upper_cpu=1500m vpa_upper_mem=512Mi
[2026-08-22T00:19:35+02:00] UPF_CONTROL_SAMPLE timestamp=2026-08-22T00:19:34+02:00 scenario=ue_5 pod=open5gs-upf-5b9db6d44-nsbqz uid=7b5b8ef7-a2a2-4fe9-a3e1-74acd17bd88f restarts=6 usage_cpu=50m usage_mem=35Mi request_cpu=63m request_mem=250Mi limit_cpu=none limit_mem=none vpa_target_cpu=63m vpa_target_mem=250Mi vpa_uncapped_cpu=63m vpa_uncapped_mem=250Mi vpa_lower_cpu=25m vpa_lower_mem=250Mi vpa_upper_cpu=1500m vpa_upper_mem=512Mi
[2026-08-22T00:19:38+02:00] UPF_CONTROL_SAMPLE timestamp=2026-08-22T00:19:36+02:00 scenario=ue_5 pod=open5gs-upf-5b9db6d44-nsbqz uid=7b5b8ef7-a2a2-4fe9-a3e1-74acd17bd88f restarts=6 usage_cpu=50m usage_mem=35Mi request_cpu=63m request_mem=250Mi limit_cpu=none limit_mem=none vpa_target_cpu=63m vpa_target_mem=250Mi vpa_uncapped_cpu=63m vpa_uncapped_mem=250Mi vpa_lower_cpu=25m vpa_lower_mem=250Mi vpa_upper_cpu=1500m vpa_upper_mem=512Mi
[2026-08-22T00:19:40+02:00] UPF_CONTROL_SAMPLE timestamp=2026-08-22T00:19:39+02:00 scenario=ue_5 pod=open5gs-upf-5b9db6d44-nsbqz uid=7b5b8ef7-a2a2-4fe9-a3e1-74acd17bd88f restarts=6 usage_cpu=50m usage_mem=35Mi request_cpu=63m request_mem=250Mi limit_cpu=none limit_mem=none vpa_target_cpu=63m vpa_target_mem=250Mi vpa_uncapped_cpu=63m vpa_uncapped_mem=250Mi vpa_lower_cpu=25m vpa_lower_mem=250Mi vpa_upper_cpu=1500m vpa_upper_mem=512Mi
[2026-08-22T00:19:42+02:00] UPF_CONTROL_SAMPLE timestamp=2026-08-22T00:19:41+02:00 scenario=ue_5 pod=open5gs-upf-5b9db6d44-nsbqz uid=7b5b8ef7-a2a2-4fe9-a3e1-74acd17bd88f restarts=6 usage_cpu=45m usage_mem=35Mi request_cpu=63m request_mem=250Mi limit_cpu=none limit_mem=none vpa_target_cpu=63m vpa_target_mem=250Mi vpa_uncapped_cpu=63m vpa_uncapped_mem=250Mi vpa_lower_cpu=25m vpa_lower_mem=250Mi vpa_upper_cpu=1500m vpa_upper_mem=512Mi
[2026-08-22T00:19:45+02:00] UPF_CONTROL_SAMPLE timestamp=2026-08-22T00:19:43+02:00 scenario=ue_5 pod=open5gs-upf-5b9db6d44-nsbqz uid=7b5b8ef7-a2a2-4fe9-a3e1-74acd17bd88f restarts=6 usage_cpu=45m usage_mem=35Mi request_cpu=63m request_mem=250Mi limit_cpu=none limit_mem=none vpa_target_cpu=63m vpa_target_mem=250Mi vpa_uncapped_cpu=63m vpa_uncapped_mem=250Mi vpa_lower_cpu=25m vpa_lower_mem=250Mi vpa_upper_cpu=1500m vpa_upper_mem=512Mi
[2026-08-22T00:19:47+02:00] UPF_CONTROL_SAMPLE timestamp=2026-08-22T00:19:46+02:00 scenario=ue_5 pod=open5gs-upf-5b9db6d44-nsbqz uid=7b5b8ef7-a2a2-4fe9-a3e1-74acd17bd88f restarts=6 usage_cpu=45m usage_mem=35Mi request_cpu=63m request_mem=250Mi limit_cpu=none limit_mem=none vpa_target_cpu=63m vpa_target_mem=250Mi vpa_uncapped_cpu=63m vpa_uncapped_mem=250Mi vpa_lower_cpu=25m vpa_lower_mem=250Mi vpa_upper_cpu=1500m vpa_upper_mem=512Mi
[2026-08-22T00:19:49+02:00] UPF_CONTROL_SAMPLE timestamp=2026-08-22T00:19:48+02:00 scenario=ue_5 pod=open5gs-upf-5b9db6d44-nsbqz uid=7b5b8ef7-a2a2-4fe9-a3e1-74acd17bd88f restarts=6 usage_cpu=45m usage_mem=35Mi request_cpu=63m request_mem=250Mi limit_cpu=none limit_mem=none vpa_target_cpu=63m vpa_target_mem=250Mi vpa_uncapped_cpu=63m vpa_uncapped_mem=250Mi vpa_lower_cpu=25m vpa_lower_mem=250Mi vpa_upper_cpu=1500m vpa_upper_mem=512Mi
[2026-08-22T00:19:52+02:00] UPF_CONTROL_SAMPLE timestamp=2026-08-22T00:19:50+02:00 scenario=ue_5 pod=open5gs-upf-5b9db6d44-nsbqz uid=7b5b8ef7-a2a2-4fe9-a3e1-74acd17bd88f restarts=6 usage_cpu=45m usage_mem=35Mi request_cpu=63m request_mem=250Mi limit_cpu=none limit_mem=none vpa_target_cpu=63m vpa_target_mem=250Mi vpa_uncapped_cpu=63m vpa_uncapped_mem=250Mi vpa_lower_cpu=25m vpa_lower_mem=250Mi vpa_upper_cpu=1500m vpa_upper_mem=512Mi
[2026-08-22T00:19:54+02:00] UPF_CONTROL_SAMPLE timestamp=2026-08-22T00:19:53+02:00 scenario=ue_5 pod=open5gs-upf-5b9db6d44-nsbqz uid=7b5b8ef7-a2a2-4fe9-a3e1-74acd17bd88f restarts=6 usage_cpu=45m usage_mem=35Mi request_cpu=63m request_mem=250Mi limit_cpu=none limit_mem=none vpa_target_cpu=63m vpa_target_mem=250Mi vpa_uncapped_cpu=63m vpa_uncapped_mem=250Mi vpa_lower_cpu=25m vpa_lower_mem=250Mi vpa_upper_cpu=1500m vpa_upper_mem=512Mi
[2026-08-22T00:19:56+02:00] UPF_CONTROL_SAMPLE timestamp=2026-08-22T00:19:55+02:00 scenario=ue_5 pod=open5gs-upf-5b9db6d44-nsbqz uid=7b5b8ef7-a2a2-4fe9-a3e1-74acd17bd88f restarts=6 usage_cpu=80m usage_mem=35Mi request_cpu=63m request_mem=250Mi limit_cpu=none limit_mem=none vpa_target_cpu=63m vpa_target_mem=250Mi vpa_uncapped_cpu=63m vpa_uncapped_mem=250Mi vpa_lower_cpu=25m vpa_lower_mem=250Mi vpa_upper_cpu=1500m vpa_upper_mem=512Mi
[2026-08-22T00:19:58+02:00] UPF_CONTROL_SAMPLE timestamp=2026-08-22T00:19:57+02:00 scenario=ue_5 pod=open5gs-upf-5b9db6d44-nsbqz uid=7b5b8ef7-a2a2-4fe9-a3e1-74acd17bd88f restarts=6 usage_cpu=80m usage_mem=35Mi request_cpu=63m request_mem=250Mi limit_cpu=none limit_mem=none vpa_target_cpu=63m vpa_target_mem=250Mi vpa_uncapped_cpu=63m vpa_uncapped_mem=250Mi vpa_lower_cpu=25m vpa_lower_mem=250Mi vpa_upper_cpu=1500m vpa_upper_mem=512Mi
[2026-08-22T00:20:01+02:00] UPF_CONTROL_SAMPLE timestamp=2026-08-22T00:19:59+02:00 scenario=ue_5 pod=open5gs-upf-5b9db6d44-nsbqz uid=7b5b8ef7-a2a2-4fe9-a3e1-74acd17bd88f restarts=6 usage_cpu=80m usage_mem=35Mi request_cpu=63m request_mem=250Mi limit_cpu=none limit_mem=none vpa_target_cpu=63m vpa_target_mem=250Mi vpa_uncapped_cpu=63m vpa_uncapped_mem=250Mi vpa_lower_cpu=25m vpa_lower_mem=250Mi vpa_upper_cpu=1500m vpa_upper_mem=512Mi
[2026-08-22T00:20:03+02:00] UPF_CONTROL_SAMPLE timestamp=2026-08-22T00:20:02+02:00 scenario=ue_5 pod=open5gs-upf-5b9db6d44-nsbqz uid=7b5b8ef7-a2a2-4fe9-a3e1-74acd17bd88f restarts=6 usage_cpu=80m usage_mem=35Mi request_cpu=63m request_mem=250Mi limit_cpu=none limit_mem=none vpa_target_cpu=63m vpa_target_mem=250Mi vpa_uncapped_cpu=63m vpa_uncapped_mem=250Mi vpa_lower_cpu=25m vpa_lower_mem=250Mi vpa_upper_cpu=1500m vpa_upper_mem=512Mi
[2026-08-22T00:20:05+02:00] UPF_CONTROL_SAMPLE timestamp=2026-08-22T00:20:04+02:00 scenario=ue_5 pod=open5gs-upf-5b9db6d44-nsbqz uid=7b5b8ef7-a2a2-4fe9-a3e1-74acd17bd88f restarts=6 usage_cpu=80m usage_mem=35Mi request_cpu=63m request_mem=250Mi limit_cpu=none limit_mem=none vpa_target_cpu=63m vpa_target_mem=250Mi vpa_uncapped_cpu=63m vpa_uncapped_mem=250Mi vpa_lower_cpu=25m vpa_lower_mem=250Mi vpa_upper_cpu=1500m vpa_upper_mem=512Mi
[2026-08-22T00:20:08+02:00] UPF_CONTROL_SAMPLE timestamp=2026-08-22T00:20:06+02:00 scenario=ue_5 pod=open5gs-upf-5b9db6d44-nsbqz uid=7b5b8ef7-a2a2-4fe9-a3e1-74acd17bd88f restarts=6 usage_cpu=80m usage_mem=35Mi request_cpu=63m request_mem=250Mi limit_cpu=none limit_mem=none vpa_target_cpu=63m vpa_target_mem=250Mi vpa_uncapped_cpu=63m vpa_uncapped_mem=250Mi vpa_lower_cpu=25m vpa_lower_mem=250Mi vpa_upper_cpu=1500m vpa_upper_mem=512Mi
[2026-08-22T00:20:10+02:00] UPF_CONTROL_SAMPLE timestamp=2026-08-22T00:20:09+02:00 scenario=ue_5 pod=open5gs-upf-5b9db6d44-nsbqz uid=7b5b8ef7-a2a2-4fe9-a3e1-74acd17bd88f restarts=6 usage_cpu=80m usage_mem=35Mi request_cpu=63m request_mem=250Mi limit_cpu=none limit_mem=none vpa_target_cpu=63m vpa_target_mem=250Mi vpa_uncapped_cpu=63m vpa_uncapped_mem=250Mi vpa_lower_cpu=25m vpa_lower_mem=250Mi vpa_upper_cpu=1500m vpa_upper_mem=512Mi
[2026-08-22T00:20:12+02:00] UPF_CONTROL_SAMPLE timestamp=2026-08-22T00:20:11+02:00 scenario=ue_5 pod=open5gs-upf-5b9db6d44-nsbqz uid=7b5b8ef7-a2a2-4fe9-a3e1-74acd17bd88f restarts=6 usage_cpu=83m usage_mem=36Mi request_cpu=63m request_mem=250Mi limit_cpu=none limit_mem=none vpa_target_cpu=63m vpa_target_mem=250Mi vpa_uncapped_cpu=63m vpa_uncapped_mem=250Mi vpa_lower_cpu=25m vpa_lower_mem=250Mi vpa_upper_cpu=1500m vpa_upper_mem=512Mi
[2026-08-22T00:20:15+02:00] UPF_CONTROL_SAMPLE timestamp=2026-08-22T00:20:13+02:00 scenario=ue_5 pod=open5gs-upf-5b9db6d44-nsbqz uid=7b5b8ef7-a2a2-4fe9-a3e1-74acd17bd88f restarts=6 usage_cpu=83m usage_mem=36Mi request_cpu=63m request_mem=250Mi limit_cpu=none limit_mem=none vpa_target_cpu=63m vpa_target_mem=250Mi vpa_uncapped_cpu=63m vpa_uncapped_mem=250Mi vpa_lower_cpu=25m vpa_lower_mem=250Mi vpa_upper_cpu=1500m vpa_upper_mem=512Mi
[2026-08-22T00:20:17+02:00] UPF_CONTROL_SAMPLE timestamp=2026-08-22T00:20:16+02:00 scenario=ue_5 pod=open5gs-upf-5b9db6d44-nsbqz uid=7b5b8ef7-a2a2-4fe9-a3e1-74acd17bd88f restarts=6 usage_cpu=83m usage_mem=36Mi request_cpu=63m request_mem=250Mi limit_cpu=none limit_mem=none vpa_target_cpu=63m vpa_target_mem=250Mi vpa_uncapped_cpu=63m vpa_uncapped_mem=250Mi vpa_lower_cpu=25m vpa_lower_mem=250Mi vpa_upper_cpu=1500m vpa_upper_mem=512Mi
[2026-08-22T00:20:19+02:00] UPF_CONTROL_SAMPLE timestamp=2026-08-22T00:20:18+02:00 scenario=ue_5 pod=open5gs-upf-5b9db6d44-nsbqz uid=7b5b8ef7-a2a2-4fe9-a3e1-74acd17bd88f restarts=6 usage_cpu=83m usage_mem=36Mi request_cpu=63m request_mem=250Mi limit_cpu=none limit_mem=none vpa_target_cpu=63m vpa_target_mem=250Mi vpa_uncapped_cpu=63m vpa_uncapped_mem=250Mi vpa_lower_cpu=25m vpa_lower_mem=250Mi vpa_upper_cpu=1500m vpa_upper_mem=512Mi
[2026-08-22T00:20:21+02:00] UPF_CONTROL_SAMPLE timestamp=2026-08-22T00:20:20+02:00 scenario=ue_5 pod=open5gs-upf-5b9db6d44-nsbqz uid=7b5b8ef7-a2a2-4fe9-a3e1-74acd17bd88f restarts=6 usage_cpu=83m usage_mem=36Mi request_cpu=63m request_mem=250Mi limit_cpu=none limit_mem=none vpa_target_cpu=63m vpa_target_mem=250Mi vpa_uncapped_cpu=63m vpa_uncapped_mem=250Mi vpa_lower_cpu=25m vpa_lower_mem=250Mi vpa_upper_cpu=1500m vpa_upper_mem=512Mi
[2026-08-22T00:20:24+02:00] UPF_CONTROL_SAMPLE timestamp=2026-08-22T00:20:23+02:00 scenario=ue_5 pod=open5gs-upf-5b9db6d44-nsbqz uid=7b5b8ef7-a2a2-4fe9-a3e1-74acd17bd88f restarts=6 usage_cpu=83m usage_mem=36Mi request_cpu=63m request_mem=250Mi limit_cpu=none limit_mem=none vpa_target_cpu=63m vpa_target_mem=250Mi vpa_uncapped_cpu=63m vpa_uncapped_mem=250Mi vpa_lower_cpu=25m vpa_lower_mem=250Mi vpa_upper_cpu=1500m vpa_upper_mem=512Mi
[2026-08-22T00:20:26+02:00] UPF_CONTROL_SAMPLE timestamp=2026-08-22T00:20:25+02:00 scenario=ue_5 pod=open5gs-upf-5b9db6d44-nsbqz uid=7b5b8ef7-a2a2-4fe9-a3e1-74acd17bd88f restarts=6 usage_cpu=81m usage_mem=35Mi request_cpu=63m request_mem=250Mi limit_cpu=none limit_mem=none vpa_target_cpu=63m vpa_target_mem=250Mi vpa_uncapped_cpu=63m vpa_uncapped_mem=250Mi vpa_lower_cpu=25m vpa_lower_mem=250Mi vpa_upper_cpu=1500m vpa_upper_mem=512Mi
[2026-08-22T00:20:28+02:00] UPF_CONTROL_SAMPLE timestamp=2026-08-22T00:20:27+02:00 scenario=ue_5 pod=open5gs-upf-5b9db6d44-nsbqz uid=7b5b8ef7-a2a2-4fe9-a3e1-74acd17bd88f restarts=6 usage_cpu=81m usage_mem=35Mi request_cpu=63m request_mem=250Mi limit_cpu=none limit_mem=none vpa_target_cpu=63m vpa_target_mem=250Mi vpa_uncapped_cpu=63m vpa_uncapped_mem=250Mi vpa_lower_cpu=25m vpa_lower_mem=250Mi vpa_upper_cpu=1500m vpa_upper_mem=512Mi
[2026-08-22T00:20:31+02:00] UPF_CONTROL_SAMPLE timestamp=2026-08-22T00:20:29+02:00 scenario=ue_5 pod=open5gs-upf-5b9db6d44-nsbqz uid=7b5b8ef7-a2a2-4fe9-a3e1-74acd17bd88f restarts=6 usage_cpu=81m usage_mem=35Mi request_cpu=63m request_mem=250Mi limit_cpu=none limit_mem=none vpa_target_cpu=63m vpa_target_mem=250Mi vpa_uncapped_cpu=63m vpa_uncapped_mem=250Mi vpa_lower_cpu=25m vpa_lower_mem=250Mi vpa_upper_cpu=1500m vpa_upper_mem=512Mi
[2026-08-22T00:20:33+02:00] VPA_RECOMMENDATION_CHANGE timestamp=2026-08-22T00:20:32+02:00 scenario=ue_5 old='vpa_target_cpu=63m vpa_target_mem=250Mi vpa_uncapped_cpu=63m vpa_uncapped_mem=250Mi vpa_lower_cpu=25m vpa_lower_mem=250Mi vpa_upper_cpu=1500m vpa_upper_mem=512Mi' new='vpa_target_cpu=93m vpa_target_mem=250Mi vpa_uncapped_cpu=93m vpa_uncapped_mem=250Mi vpa_lower_cpu=38m vpa_lower_mem=250Mi vpa_upper_cpu=1500m vpa_upper_mem=512Mi' previous_5s_sample='timestamp=2026-08-22T00:20:27+02:00 scenario=ue_5 pod=open5gs-upf-5b9db6d44-nsbqz uid=7b5b8ef7-a2a2-4fe9-a3e1-74acd17bd88f restarts=6 usage_cpu=81m usage_mem=35Mi request_cpu=63m request_mem=250Mi limit_cpu=none limit_mem=none vpa_target_cpu=63m vpa_target_mem=250Mi vpa_uncapped_cpu=63m vpa_uncapped_mem=250Mi vpa_lower_cpu=25m vpa_lower_mem=250Mi vpa_upper_cpu=1500m vpa_upper_mem=512Mi' current_sample='timestamp=2026-08-22T00:20:32+02:00 scenario=ue_5 pod=open5gs-upf-5b9db6d44-nsbqz uid=7b5b8ef7-a2a2-4fe9-a3e1-74acd17bd88f restarts=6 usage_cpu=81m usage_mem=35Mi request_cpu=63m request_mem=250Mi limit_cpu=none limit_mem=none vpa_target_cpu=93m vpa_target_mem=250Mi vpa_uncapped_cpu=93m vpa_uncapped_mem=250Mi vpa_lower_cpu=38m vpa_lower_mem=250Mi vpa_upper_cpu=1500m vpa_upper_mem=512Mi'
[2026-08-22T00:20:33+02:00] UPF_CONTROL_SAMPLE timestamp=2026-08-22T00:20:32+02:00 scenario=ue_5 pod=open5gs-upf-5b9db6d44-nsbqz uid=7b5b8ef7-a2a2-4fe9-a3e1-74acd17bd88f restarts=6 usage_cpu=81m usage_mem=35Mi request_cpu=63m request_mem=250Mi limit_cpu=none limit_mem=none vpa_target_cpu=93m vpa_target_mem=250Mi vpa_uncapped_cpu=93m vpa_uncapped_mem=250Mi vpa_lower_cpu=38m vpa_lower_mem=250Mi vpa_upper_cpu=1500m vpa_upper_mem=512Mi
[2026-08-22T00:20:35+02:00] UPF_CONTROL_SAMPLE timestamp=2026-08-22T00:20:34+02:00 scenario=ue_5 pod=open5gs-upf-5b9db6d44-nsbqz uid=7b5b8ef7-a2a2-4fe9-a3e1-74acd17bd88f restarts=6 usage_cpu=81m usage_mem=35Mi request_cpu=63m request_mem=250Mi limit_cpu=none limit_mem=none vpa_target_cpu=93m vpa_target_mem=250Mi vpa_uncapped_cpu=93m vpa_uncapped_mem=250Mi vpa_lower_cpu=38m vpa_lower_mem=250Mi vpa_upper_cpu=1500m vpa_upper_mem=512Mi
[2026-08-22T00:20:38+02:00] UPF_CONTROL_SAMPLE timestamp=2026-08-22T00:20:36+02:00 scenario=ue_5 pod=open5gs-upf-5b9db6d44-nsbqz uid=7b5b8ef7-a2a2-4fe9-a3e1-74acd17bd88f restarts=6 usage_cpu=81m usage_mem=35Mi request_cpu=63m request_mem=250Mi limit_cpu=none limit_mem=none vpa_target_cpu=93m vpa_target_mem=250Mi vpa_uncapped_cpu=93m vpa_uncapped_mem=250Mi vpa_lower_cpu=38m vpa_lower_mem=250Mi vpa_upper_cpu=1500m vpa_upper_mem=512Mi
[2026-08-22T00:20:40+02:00] UPF_CONTROL_SAMPLE timestamp=2026-08-22T00:20:39+02:00 scenario=ue_5 pod=open5gs-upf-5b9db6d44-nsbqz uid=7b5b8ef7-a2a2-4fe9-a3e1-74acd17bd88f restarts=6 usage_cpu=81m usage_mem=35Mi request_cpu=63m request_mem=250Mi limit_cpu=none limit_mem=none vpa_target_cpu=93m vpa_target_mem=250Mi vpa_uncapped_cpu=93m vpa_uncapped_mem=250Mi vpa_lower_cpu=38m vpa_lower_mem=250Mi vpa_upper_cpu=1500m vpa_upper_mem=512Mi
[2026-08-22T00:20:42+02:00] UPF_CONTROL_SAMPLE timestamp=2026-08-22T00:20:41+02:00 scenario=ue_5 pod=open5gs-upf-5b9db6d44-nsbqz uid=7b5b8ef7-a2a2-4fe9-a3e1-74acd17bd88f restarts=6 usage_cpu=80m usage_mem=36Mi request_cpu=63m request_mem=250Mi limit_cpu=none limit_mem=none vpa_target_cpu=93m vpa_target_mem=250Mi vpa_uncapped_cpu=93m vpa_uncapped_mem=250Mi vpa_lower_cpu=38m vpa_lower_mem=250Mi vpa_upper_cpu=1500m vpa_upper_mem=512Mi
[2026-08-22T00:20:42+02:00] UE_SLOT_DONE timestamp=2026-08-21T22:20:42+00:00 active_ues=5 slot=0 attempt=1 ue_idx=0 ue_if=uesimtun0 ue_ip=10.45.1.46 port=5201 rc=0 replacements_for_slot=0 server_busy_retries_for_slot=0
[2026-08-22T00:20:42+02:00] UE_SLOT_DONE timestamp=2026-08-21T22:20:42+00:00 active_ues=5 slot=1 attempt=1 ue_idx=1 ue_if=uesimtun1 ue_ip=10.45.1.47 port=5202 rc=0 replacements_for_slot=0 server_busy_retries_for_slot=0
[2026-08-22T00:20:42+02:00] UE_SLOT_DONE timestamp=2026-08-21T22:20:42+00:00 active_ues=5 slot=2 attempt=1 ue_idx=2 ue_if=uesimtun2 ue_ip=10.45.1.48 port=5203 rc=0 replacements_for_slot=0 server_busy_retries_for_slot=0
[2026-08-22T00:20:44+02:00] UE_SLOT_DONE timestamp=2026-08-21T22:20:44+00:00 active_ues=5 slot=3 attempt=1 ue_idx=3 ue_if=uesimtun3 ue_ip=10.45.1.49 port=5204 rc=0 replacements_for_slot=0 server_busy_retries_for_slot=0
[2026-08-22T00:20:44+02:00] UE_SLOT_DONE timestamp=2026-08-21T22:20:44+00:00 active_ues=5 slot=4 attempt=1 ue_idx=4 ue_if=uesimtun4 ue_ip=10.45.1.51 port=5205 rc=0 replacements_for_slot=0 server_busy_retries_for_slot=0
[2026-08-22T00:20:45+02:00] UPF_CONTROL_SAMPLE timestamp=2026-08-22T00:20:43+02:00 scenario=ue_5 pod=open5gs-upf-5b9db6d44-nsbqz uid=7b5b8ef7-a2a2-4fe9-a3e1-74acd17bd88f restarts=6 usage_cpu=80m usage_mem=36Mi request_cpu=63m request_mem=250Mi limit_cpu=none limit_mem=none vpa_target_cpu=93m vpa_target_mem=250Mi vpa_uncapped_cpu=93m vpa_uncapped_mem=250Mi vpa_lower_cpu=38m vpa_lower_mem=250Mi vpa_upper_cpu=1500m vpa_upper_mem=512Mi
[2026-08-22T00:20:45+02:00] TRAFFIC_SUMMARY timestamp=2026-08-21T22:20:45+00:00 registered_tunnels=50 active_ues=5 target_slots=5 completed_slots=5 final_failed_slots=0 replacements=0 problematic_ues=0 zombie_ues=0 connect_timeouts=0 stalls=0 deferred_stalls=0 process_failures=0 server_busy_retries=0 server_busy_failures=0 late_timeouts_accepted=0 scenario_bad_ues=0 global_suspect_ues=0 used_ues=5 target_host=192.168.1.211 initial_ports=5201-5205 replacement_ports=5251-5265 bitrate=1M start_delay=0.05 detection=no_rx_counter replacement_min_duration_s=5 adaptive_extension_max_s=1 iperf_exit_grace_s=3 server_busy_retries_limit=1 server_busy_retry_delay_s=2 late_replacement_after_end=disabled wait_for_iperf_exit=until_timeout global_suspect_policy=soft_reuse ramp_supervision=after_initial_start
[2026-08-22T00:20:45+02:00] UE_POOL_SCENARIO_BAD_CURRENT timestamp=2026-08-21T22:20:45+00:00 active_ues=5 indexes=
[2026-08-22T00:20:45+02:00] UE_POOL_GLOBAL_SUSPECT_CURRENT timestamp=2026-08-21T22:20:45+00:00 active_ues=5 indexes=
[2026-08-22T00:20:45+02:00] REMOTE_IPERF_PER_UE_END timestamp=2026-08-21T22:20:45+00:00 active_ues=5 tag=ue_5 final_rc=0 completed_slots=5 replacements=0 problematic_ues=0 server_busy_retries=0 deferred_stalls=0 late_timeouts_accepted=0
[2026-08-22T00:20:45+02:00] SCENARIO TRAFFIC COMMAND END timestamp=2026-08-22T00:20:45+02:00 active_ue=5 rc=0
[2026-08-22T00:20:46+02:00] SCENARIO UPF AFTER timestamp=2026-08-22T00:20:46+02:00 active_ue=5 pod=open5gs-upf-5b9db6d44-nsbqz uid=7b5b8ef7-a2a2-4fe9-a3e1-74acd17bd88f restarts=6
[2026-08-22T00:20:46+02:00] SCENARIO END timestamp=2026-08-22T00:20:46+02:00 active_ue=5 rc=0
[2026-08-22T00:20:46+02:00] ================================================================
[2026-08-22T00:20:46+02:00] SCENARIO START timestamp=2026-08-22T00:20:46+02:00 active_ue=7 registered_ue_pool=50 target_host=192.168.1.211 ports=5201-5207 replacement_ports=5251-5265 bitrate_per_ue=1M start_delay=0.05 replacement_min_duration=5 adaptive_extension_max=1
[2026-08-22T00:20:46+02:00] ================================================================
[2026-08-22T00:20:46+02:00] SCENARIO TUNNEL CHECK timestamp=2026-08-22T00:20:46+02:00 active_ue=7 current_tunnels=50 required=50
[2026-08-22T00:20:47+02:00] SCENARIO UPF BEFORE timestamp=2026-08-22T00:20:47+02:00 active_ue=7 pod=open5gs-upf-5b9db6d44-nsbqz uid=7b5b8ef7-a2a2-4fe9-a3e1-74acd17bd88f restarts=6
[2026-08-22T00:20:47+02:00] UPF_CONTROL_SAMPLE timestamp=2026-08-22T00:20:46+02:00 scenario=ue_7 pod=open5gs-upf-5b9db6d44-nsbqz uid=7b5b8ef7-a2a2-4fe9-a3e1-74acd17bd88f restarts=6 usage_cpu=80m usage_mem=36Mi request_cpu=63m request_mem=250Mi limit_cpu=none limit_mem=none vpa_target_cpu=93m vpa_target_mem=250Mi vpa_uncapped_cpu=93m vpa_uncapped_mem=250Mi vpa_lower_cpu=38m vpa_lower_mem=250Mi vpa_upper_cpu=1500m vpa_upper_mem=512Mi
[2026-08-22T00:20:47+02:00] REMOTE_IPERF_PER_UE_START timestamp=2026-08-21T22:20:47+00:00 active_ues=7 tag=ue_7 iperf_host=192.168.1.211 base_port=5201 replacement_base_port=5251 duration=80 bitrate=1M start_delay=0.05 detection=no_rx_counter connect_timeout_s=4 stall_seconds=5 replacement_limit=15 replacement_min_duration_s=5 adaptive_extension_max_s=1 iperf_exit_grace_s=3 server_busy_port_rebinds=1 late_replacement_after_end=disabled wait_for_iperf_exit=until_timeout global_suspect_policy=soft_reuse ramp_supervision=after_initial_start
[2026-08-22T00:20:48+02:00] UE_POOL_STATUS timestamp=2026-08-21T22:20:48+00:00 active_ues=7 registered_tunnels=50 existing_global_suspect_ues=0 used_ues=0 policy=soft_reuse_global_suspects
[2026-08-22T00:20:48+02:00] UE_SLOT_ASSIGN timestamp=2026-08-21T22:20:48+00:00 active_ues=7 slot=0 ue_idx=0 ue_if=uesimtun0 ue_ip=10.45.1.46 candidate_reused_global_suspect=0
[2026-08-22T00:20:48+02:00] UE_SLOT_START timestamp=2026-08-21T22:20:48+00:00 active_ues=7 slot=0 attempt=1 ue_idx=0 ue_if=uesimtun0 ue_ip=10.45.1.46 target=192.168.1.211:5201 bitrate=1M duration_s=80 planned_end_epoch=1787350928 timeout_s=90 hard_timeout_epoch=1787350943 start_rx_bytes=265851
[2026-08-22T00:20:48+02:00] UE_SLOT_PID timestamp=2026-08-21T22:20:48+00:00 active_ues=7 slot=0 attempt=1 ue_idx=0 pid=5080
[2026-08-22T00:20:48+02:00] UE_SLOT_ASSIGN timestamp=2026-08-21T22:20:48+00:00 active_ues=7 slot=1 ue_idx=1 ue_if=uesimtun1 ue_ip=10.45.1.47 candidate_reused_global_suspect=0
[2026-08-22T00:20:48+02:00] UE_SLOT_START timestamp=2026-08-21T22:20:48+00:00 active_ues=7 slot=1 attempt=1 ue_idx=1 ue_if=uesimtun1 ue_ip=10.45.1.47 target=192.168.1.211:5202 bitrate=1M duration_s=80 planned_end_epoch=1787350928 timeout_s=90 hard_timeout_epoch=1787350943 start_rx_bytes=170804
[2026-08-22T00:20:48+02:00] UE_SLOT_PID timestamp=2026-08-21T22:20:48+00:00 active_ues=7 slot=1 attempt=1 ue_idx=1 pid=5105
[2026-08-22T00:20:48+02:00] UE_SLOT_ASSIGN timestamp=2026-08-21T22:20:48+00:00 active_ues=7 slot=2 ue_idx=2 ue_if=uesimtun2 ue_ip=10.45.1.48 candidate_reused_global_suspect=0
[2026-08-22T00:20:48+02:00] UE_SLOT_START timestamp=2026-08-21T22:20:48+00:00 active_ues=7 slot=2 attempt=1 ue_idx=2 ue_if=uesimtun2 ue_ip=10.45.1.48 target=192.168.1.211:5203 bitrate=1M duration_s=80 planned_end_epoch=1787350928 timeout_s=90 hard_timeout_epoch=1787350943 start_rx_bytes=166800
[2026-08-22T00:20:48+02:00] UE_SLOT_PID timestamp=2026-08-21T22:20:48+00:00 active_ues=7 slot=2 attempt=1 ue_idx=2 pid=5130
[2026-08-22T00:20:48+02:00] UE_SLOT_ASSIGN timestamp=2026-08-21T22:20:48+00:00 active_ues=7 slot=3 ue_idx=3 ue_if=uesimtun3 ue_ip=10.45.1.49 candidate_reused_global_suspect=0
[2026-08-22T00:20:48+02:00] UE_SLOT_START timestamp=2026-08-21T22:20:48+00:00 active_ues=7 slot=3 attempt=1 ue_idx=3 ue_if=uesimtun3 ue_ip=10.45.1.49 target=192.168.1.211:5204 bitrate=1M duration_s=80 planned_end_epoch=1787350928 timeout_s=90 hard_timeout_epoch=1787350943 start_rx_bytes=86778
[2026-08-22T00:20:48+02:00] UE_SLOT_PID timestamp=2026-08-21T22:20:48+00:00 active_ues=7 slot=3 attempt=1 ue_idx=3 pid=5155
[2026-08-22T00:20:49+02:00] UE_SLOT_ASSIGN timestamp=2026-08-21T22:20:49+00:00 active_ues=7 slot=4 ue_idx=4 ue_if=uesimtun4 ue_ip=10.45.1.51 candidate_reused_global_suspect=0
[2026-08-22T00:20:49+02:00] UE_SLOT_START timestamp=2026-08-21T22:20:49+00:00 active_ues=7 slot=4 attempt=1 ue_idx=4 ue_if=uesimtun4 ue_ip=10.45.1.51 target=192.168.1.211:5205 bitrate=1M duration_s=80 planned_end_epoch=1787350928 timeout_s=90 hard_timeout_epoch=1787350944 start_rx_bytes=84191
[2026-08-22T00:20:49+02:00] UE_SLOT_PID timestamp=2026-08-21T22:20:49+00:00 active_ues=7 slot=4 attempt=1 ue_idx=4 pid=5180
[2026-08-22T00:20:49+02:00] UE_SLOT_ASSIGN timestamp=2026-08-21T22:20:49+00:00 active_ues=7 slot=5 ue_idx=5 ue_if=uesimtun5 ue_ip=10.45.1.52 candidate_reused_global_suspect=0
[2026-08-22T00:20:49+02:00] UE_SLOT_START timestamp=2026-08-21T22:20:49+00:00 active_ues=7 slot=5 attempt=1 ue_idx=5 ue_if=uesimtun5 ue_ip=10.45.1.52 target=192.168.1.211:5206 bitrate=1M duration_s=80 planned_end_epoch=1787350929 timeout_s=90 hard_timeout_epoch=1787350944 start_rx_bytes=0
[2026-08-22T00:20:49+02:00] UE_SLOT_PID timestamp=2026-08-21T22:20:49+00:00 active_ues=7 slot=5 attempt=1 ue_idx=5 pid=5205
[2026-08-22T00:20:49+02:00] UE_SLOT_ASSIGN timestamp=2026-08-21T22:20:49+00:00 active_ues=7 slot=6 ue_idx=6 ue_if=uesimtun6 ue_ip=10.45.1.53 candidate_reused_global_suspect=0
[2026-08-22T00:20:49+02:00] UE_SLOT_START timestamp=2026-08-21T22:20:49+00:00 active_ues=7 slot=6 attempt=1 ue_idx=6 ue_if=uesimtun6 ue_ip=10.45.1.53 target=192.168.1.211:5207 bitrate=1M duration_s=80 planned_end_epoch=1787350929 timeout_s=90 hard_timeout_epoch=1787350944 start_rx_bytes=0
[2026-08-22T00:20:49+02:00] UE_SLOT_PID timestamp=2026-08-21T22:20:49+00:00 active_ues=7 slot=6 attempt=1 ue_idx=6 pid=5230
[2026-08-22T00:20:49+02:00] IPERF_MAPPING_SUMMARY timestamp=2026-08-21T22:20:49+00:00 active_ues=7 registered_tunnels=50 initial_ports=5201-5207 replacement_ports=5251-5265 bitrate=1M start_delay=0.05 detection=no_rx_counter replacement_min_duration_s=5 adaptive_extension_max_s=1 iperf_exit_grace_s=3 server_busy_port_rebinds=1 late_replacement_after_end=disabled wait_for_iperf_exit=until_timeout global_suspect_policy=soft_reuse ramp_supervision=after_initial_start
[2026-08-22T00:20:50+02:00] UPF_CONTROL_SAMPLE timestamp=2026-08-22T00:20:48+02:00 scenario=ue_7 pod=open5gs-upf-5b9db6d44-nsbqz uid=7b5b8ef7-a2a2-4fe9-a3e1-74acd17bd88f restarts=6 usage_cpu=80m usage_mem=36Mi request_cpu=63m request_mem=250Mi limit_cpu=none limit_mem=none vpa_target_cpu=93m vpa_target_mem=250Mi vpa_uncapped_cpu=93m vpa_uncapped_mem=250Mi vpa_lower_cpu=38m vpa_lower_mem=250Mi vpa_upper_cpu=1500m vpa_upper_mem=512Mi
[2026-08-22T00:20:52+02:00] UPF_CONTROL_SAMPLE timestamp=2026-08-22T00:20:51+02:00 scenario=ue_7 pod=open5gs-upf-5b9db6d44-nsbqz uid=7b5b8ef7-a2a2-4fe9-a3e1-74acd17bd88f restarts=6 usage_cpu=80m usage_mem=36Mi request_cpu=63m request_mem=250Mi limit_cpu=none limit_mem=none vpa_target_cpu=93m vpa_target_mem=250Mi vpa_uncapped_cpu=93m vpa_uncapped_mem=250Mi vpa_lower_cpu=38m vpa_lower_mem=250Mi vpa_upper_cpu=1500m vpa_upper_mem=512Mi
[2026-08-22T00:20:54+02:00] UPF_CONTROL_SAMPLE timestamp=2026-08-22T00:20:53+02:00 scenario=ue_7 pod=open5gs-upf-5b9db6d44-nsbqz uid=7b5b8ef7-a2a2-4fe9-a3e1-74acd17bd88f restarts=6 usage_cpu=80m usage_mem=36Mi request_cpu=63m request_mem=250Mi limit_cpu=none limit_mem=none vpa_target_cpu=93m vpa_target_mem=250Mi vpa_uncapped_cpu=93m vpa_uncapped_mem=250Mi vpa_lower_cpu=38m vpa_lower_mem=250Mi vpa_upper_cpu=1500m vpa_upper_mem=512Mi
[2026-08-22T00:20:57+02:00] UPF_CONTROL_SAMPLE timestamp=2026-08-22T00:20:55+02:00 scenario=ue_7 pod=open5gs-upf-5b9db6d44-nsbqz uid=7b5b8ef7-a2a2-4fe9-a3e1-74acd17bd88f restarts=6 usage_cpu=57m usage_mem=35Mi request_cpu=63m request_mem=250Mi limit_cpu=none limit_mem=none vpa_target_cpu=93m vpa_target_mem=250Mi vpa_uncapped_cpu=93m vpa_uncapped_mem=250Mi vpa_lower_cpu=38m vpa_lower_mem=250Mi vpa_upper_cpu=1500m vpa_upper_mem=512Mi
[2026-08-22T00:20:59+02:00] UPF_CONTROL_SAMPLE timestamp=2026-08-22T00:20:58+02:00 scenario=ue_7 pod=open5gs-upf-5b9db6d44-nsbqz uid=7b5b8ef7-a2a2-4fe9-a3e1-74acd17bd88f restarts=6 usage_cpu=57m usage_mem=35Mi request_cpu=63m request_mem=250Mi limit_cpu=none limit_mem=none vpa_target_cpu=93m vpa_target_mem=250Mi vpa_uncapped_cpu=93m vpa_uncapped_mem=250Mi vpa_lower_cpu=38m vpa_lower_mem=250Mi vpa_upper_cpu=1500m vpa_upper_mem=512Mi
[2026-08-22T00:21:01+02:00] UPF_CONTROL_SAMPLE timestamp=2026-08-22T00:21:00+02:00 scenario=ue_7 pod=open5gs-upf-5b9db6d44-nsbqz uid=7b5b8ef7-a2a2-4fe9-a3e1-74acd17bd88f restarts=6 usage_cpu=57m usage_mem=35Mi request_cpu=63m request_mem=250Mi limit_cpu=none limit_mem=none vpa_target_cpu=93m vpa_target_mem=250Mi vpa_uncapped_cpu=93m vpa_uncapped_mem=250Mi vpa_lower_cpu=38m vpa_lower_mem=250Mi vpa_upper_cpu=1500m vpa_upper_mem=512Mi
[2026-08-22T00:21:04+02:00] UPF_CONTROL_SAMPLE timestamp=2026-08-22T00:21:02+02:00 scenario=ue_7 pod=open5gs-upf-5b9db6d44-nsbqz uid=7b5b8ef7-a2a2-4fe9-a3e1-74acd17bd88f restarts=6 usage_cpu=57m usage_mem=35Mi request_cpu=63m request_mem=250Mi limit_cpu=none limit_mem=none vpa_target_cpu=93m vpa_target_mem=250Mi vpa_uncapped_cpu=93m vpa_uncapped_mem=250Mi vpa_lower_cpu=38m vpa_lower_mem=250Mi vpa_upper_cpu=1500m vpa_upper_mem=512Mi
[2026-08-22T00:21:06+02:00] UPF_CONTROL_SAMPLE timestamp=2026-08-22T00:21:05+02:00 scenario=ue_7 pod=open5gs-upf-5b9db6d44-nsbqz uid=7b5b8ef7-a2a2-4fe9-a3e1-74acd17bd88f restarts=6 usage_cpu=57m usage_mem=35Mi request_cpu=63m request_mem=250Mi limit_cpu=none limit_mem=none vpa_target_cpu=93m vpa_target_mem=250Mi vpa_uncapped_cpu=93m vpa_uncapped_mem=250Mi vpa_lower_cpu=38m vpa_lower_mem=250Mi vpa_upper_cpu=1500m vpa_upper_mem=512Mi
[2026-08-22T00:21:09+02:00] UPF_CONTROL_SAMPLE timestamp=2026-08-22T00:21:07+02:00 scenario=ue_7 pod=open5gs-upf-5b9db6d44-nsbqz uid=7b5b8ef7-a2a2-4fe9-a3e1-74acd17bd88f restarts=6 usage_cpu=57m usage_mem=35Mi request_cpu=63m request_mem=250Mi limit_cpu=none limit_mem=none vpa_target_cpu=93m vpa_target_mem=250Mi vpa_uncapped_cpu=93m vpa_uncapped_mem=250Mi vpa_lower_cpu=38m vpa_lower_mem=250Mi vpa_upper_cpu=1500m vpa_upper_mem=512Mi
[2026-08-22T00:21:11+02:00] UPF_CONTROL_SAMPLE timestamp=2026-08-22T00:21:10+02:00 scenario=ue_7 pod=open5gs-upf-5b9db6d44-nsbqz uid=7b5b8ef7-a2a2-4fe9-a3e1-74acd17bd88f restarts=6 usage_cpu=101m usage_mem=35Mi request_cpu=63m request_mem=250Mi limit_cpu=none limit_mem=none vpa_target_cpu=93m vpa_target_mem=250Mi vpa_uncapped_cpu=93m vpa_uncapped_mem=250Mi vpa_lower_cpu=38m vpa_lower_mem=250Mi vpa_upper_cpu=1500m vpa_upper_mem=512Mi
[2026-08-22T00:21:13+02:00] UPF_CONTROL_SAMPLE timestamp=2026-08-22T00:21:12+02:00 scenario=ue_7 pod=open5gs-upf-5b9db6d44-nsbqz uid=7b5b8ef7-a2a2-4fe9-a3e1-74acd17bd88f restarts=6 usage_cpu=101m usage_mem=35Mi request_cpu=63m request_mem=250Mi limit_cpu=none limit_mem=none vpa_target_cpu=93m vpa_target_mem=250Mi vpa_uncapped_cpu=93m vpa_uncapped_mem=250Mi vpa_lower_cpu=38m vpa_lower_mem=250Mi vpa_upper_cpu=1500m vpa_upper_mem=512Mi
[2026-08-22T00:21:16+02:00] UPF_CONTROL_SAMPLE timestamp=2026-08-22T00:21:14+02:00 scenario=ue_7 pod=open5gs-upf-5b9db6d44-nsbqz uid=7b5b8ef7-a2a2-4fe9-a3e1-74acd17bd88f restarts=6 usage_cpu=101m usage_mem=35Mi request_cpu=63m request_mem=250Mi limit_cpu=none limit_mem=none vpa_target_cpu=93m vpa_target_mem=250Mi vpa_uncapped_cpu=93m vpa_uncapped_mem=250Mi vpa_lower_cpu=38m vpa_lower_mem=250Mi vpa_upper_cpu=1500m vpa_upper_mem=512Mi
[2026-08-22T00:21:18+02:00] UPF_CONTROL_SAMPLE timestamp=2026-08-22T00:21:17+02:00 scenario=ue_7 pod=open5gs-upf-5b9db6d44-nsbqz uid=7b5b8ef7-a2a2-4fe9-a3e1-74acd17bd88f restarts=6 usage_cpu=101m usage_mem=35Mi request_cpu=63m request_mem=250Mi limit_cpu=none limit_mem=none vpa_target_cpu=93m vpa_target_mem=250Mi vpa_uncapped_cpu=93m vpa_uncapped_mem=250Mi vpa_lower_cpu=38m vpa_lower_mem=250Mi vpa_upper_cpu=1500m vpa_upper_mem=512Mi
[2026-08-22T00:21:20+02:00] UPF_CONTROL_SAMPLE timestamp=2026-08-22T00:21:19+02:00 scenario=ue_7 pod=open5gs-upf-5b9db6d44-nsbqz uid=7b5b8ef7-a2a2-4fe9-a3e1-74acd17bd88f restarts=6 usage_cpu=101m usage_mem=35Mi request_cpu=63m request_mem=250Mi limit_cpu=none limit_mem=none vpa_target_cpu=93m vpa_target_mem=250Mi vpa_uncapped_cpu=93m vpa_uncapped_mem=250Mi vpa_lower_cpu=38m vpa_lower_mem=250Mi vpa_upper_cpu=1500m vpa_upper_mem=512Mi
[2026-08-22T00:21:23+02:00] UPF_CONTROL_SAMPLE timestamp=2026-08-22T00:21:22+02:00 scenario=ue_7 pod=open5gs-upf-5b9db6d44-nsbqz uid=7b5b8ef7-a2a2-4fe9-a3e1-74acd17bd88f restarts=6 usage_cpu=101m usage_mem=35Mi request_cpu=63m request_mem=250Mi limit_cpu=none limit_mem=none vpa_target_cpu=93m vpa_target_mem=250Mi vpa_uncapped_cpu=93m vpa_uncapped_mem=250Mi vpa_lower_cpu=38m vpa_lower_mem=250Mi vpa_upper_cpu=1500m vpa_upper_mem=512Mi
[2026-08-22T00:21:25+02:00] UPF_CONTROL_SAMPLE timestamp=2026-08-22T00:21:24+02:00 scenario=ue_7 pod=open5gs-upf-5b9db6d44-nsbqz uid=7b5b8ef7-a2a2-4fe9-a3e1-74acd17bd88f restarts=6 usage_cpu=101m usage_mem=35Mi request_cpu=63m request_mem=250Mi limit_cpu=none limit_mem=none vpa_target_cpu=93m vpa_target_mem=250Mi vpa_uncapped_cpu=93m vpa_uncapped_mem=250Mi vpa_lower_cpu=38m vpa_lower_mem=250Mi vpa_upper_cpu=1500m vpa_upper_mem=512Mi
[2026-08-22T00:21:27+02:00] UPF_REQUEST_CHANGE timestamp=2026-08-22T00:21:26+02:00 scenario=ue_7 pod=open5gs-upf-5b9db6d44-nsbqz uid=7b5b8ef7-a2a2-4fe9-a3e1-74acd17bd88f restarts=6 old='request_cpu=63m request_mem=250Mi limit_cpu=none limit_mem=none' new='request_cpu=93m request_mem=250Mi limit_cpu=none limit_mem=none' previous_5s_sample='timestamp=2026-08-22T00:21:19+02:00 scenario=ue_7 pod=open5gs-upf-5b9db6d44-nsbqz uid=7b5b8ef7-a2a2-4fe9-a3e1-74acd17bd88f restarts=6 usage_cpu=101m usage_mem=35Mi request_cpu=63m request_mem=250Mi limit_cpu=none limit_mem=none vpa_target_cpu=93m vpa_target_mem=250Mi vpa_uncapped_cpu=93m vpa_uncapped_mem=250Mi vpa_lower_cpu=38m vpa_lower_mem=250Mi vpa_upper_cpu=1500m vpa_upper_mem=512Mi' current_sample='timestamp=2026-08-22T00:21:26+02:00 scenario=ue_7 pod=open5gs-upf-5b9db6d44-nsbqz uid=7b5b8ef7-a2a2-4fe9-a3e1-74acd17bd88f restarts=6 usage_cpu=109m usage_mem=35Mi request_cpu=93m request_mem=250Mi limit_cpu=none limit_mem=none vpa_target_cpu=93m vpa_target_mem=250Mi vpa_uncapped_cpu=93m vpa_uncapped_mem=250Mi vpa_lower_cpu=38m vpa_lower_mem=250Mi vpa_upper_cpu=1500m vpa_upper_mem=512Mi'
[2026-08-22T00:21:27+02:00] UPF_CONTROL_SAMPLE timestamp=2026-08-22T00:21:26+02:00 scenario=ue_7 pod=open5gs-upf-5b9db6d44-nsbqz uid=7b5b8ef7-a2a2-4fe9-a3e1-74acd17bd88f restarts=6 usage_cpu=109m usage_mem=35Mi request_cpu=93m request_mem=250Mi limit_cpu=none limit_mem=none vpa_target_cpu=93m vpa_target_mem=250Mi vpa_uncapped_cpu=93m vpa_uncapped_mem=250Mi vpa_lower_cpu=38m vpa_lower_mem=250Mi vpa_upper_cpu=1500m vpa_upper_mem=512Mi
[2026-08-22T00:21:30+02:00] UPF_CONTROL_SAMPLE timestamp=2026-08-22T00:21:28+02:00 scenario=ue_7 pod=open5gs-upf-5b9db6d44-nsbqz uid=7b5b8ef7-a2a2-4fe9-a3e1-74acd17bd88f restarts=6 usage_cpu=109m usage_mem=35Mi request_cpu=93m request_mem=250Mi limit_cpu=none limit_mem=none vpa_target_cpu=93m vpa_target_mem=250Mi vpa_uncapped_cpu=93m vpa_uncapped_mem=250Mi vpa_lower_cpu=38m vpa_lower_mem=250Mi vpa_upper_cpu=1500m vpa_upper_mem=512Mi
[2026-08-22T00:21:32+02:00] VPA_RECOMMENDATION_CHANGE timestamp=2026-08-22T00:21:31+02:00 scenario=ue_7 old='vpa_target_cpu=93m vpa_target_mem=250Mi vpa_uncapped_cpu=93m vpa_uncapped_mem=250Mi vpa_lower_cpu=38m vpa_lower_mem=250Mi vpa_upper_cpu=1500m vpa_upper_mem=512Mi' new='vpa_target_cpu=126m vpa_target_mem=250Mi vpa_uncapped_cpu=126m vpa_uncapped_mem=250Mi vpa_lower_cpu=41m vpa_lower_mem=250Mi vpa_upper_cpu=1500m vpa_upper_mem=512Mi' previous_5s_sample='timestamp=2026-08-22T00:21:26+02:00 scenario=ue_7 pod=open5gs-upf-5b9db6d44-nsbqz uid=7b5b8ef7-a2a2-4fe9-a3e1-74acd17bd88f restarts=6 usage_cpu=109m usage_mem=35Mi request_cpu=93m request_mem=250Mi limit_cpu=none limit_mem=none vpa_target_cpu=93m vpa_target_mem=250Mi vpa_uncapped_cpu=93m vpa_uncapped_mem=250Mi vpa_lower_cpu=38m vpa_lower_mem=250Mi vpa_upper_cpu=1500m vpa_upper_mem=512Mi' current_sample='timestamp=2026-08-22T00:21:31+02:00 scenario=ue_7 pod=open5gs-upf-5b9db6d44-nsbqz uid=7b5b8ef7-a2a2-4fe9-a3e1-74acd17bd88f restarts=6 usage_cpu=109m usage_mem=35Mi request_cpu=93m request_mem=250Mi limit_cpu=none limit_mem=none vpa_target_cpu=126m vpa_target_mem=250Mi vpa_uncapped_cpu=126m vpa_uncapped_mem=250Mi vpa_lower_cpu=41m vpa_lower_mem=250Mi vpa_upper_cpu=1500m vpa_upper_mem=512Mi'
[2026-08-22T00:21:32+02:00] UPF_CONTROL_SAMPLE timestamp=2026-08-22T00:21:31+02:00 scenario=ue_7 pod=open5gs-upf-5b9db6d44-nsbqz uid=7b5b8ef7-a2a2-4fe9-a3e1-74acd17bd88f restarts=6 usage_cpu=109m usage_mem=35Mi request_cpu=93m request_mem=250Mi limit_cpu=none limit_mem=none vpa_target_cpu=126m vpa_target_mem=250Mi vpa_uncapped_cpu=126m vpa_uncapped_mem=250Mi vpa_lower_cpu=41m vpa_lower_mem=250Mi vpa_upper_cpu=1500m vpa_upper_mem=512Mi
[2026-08-22T00:21:35+02:00] UPF_CONTROL_SAMPLE timestamp=2026-08-22T00:21:33+02:00 scenario=ue_7 pod=open5gs-upf-5b9db6d44-nsbqz uid=7b5b8ef7-a2a2-4fe9-a3e1-74acd17bd88f restarts=6 usage_cpu=109m usage_mem=35Mi request_cpu=93m request_mem=250Mi limit_cpu=none limit_mem=none vpa_target_cpu=126m vpa_target_mem=250Mi vpa_uncapped_cpu=126m vpa_uncapped_mem=250Mi vpa_lower_cpu=41m vpa_lower_mem=250Mi vpa_upper_cpu=1500m vpa_upper_mem=512Mi
[2026-08-22T00:21:37+02:00] UPF_CONTROL_SAMPLE timestamp=2026-08-22T00:21:36+02:00 scenario=ue_7 pod=open5gs-upf-5b9db6d44-nsbqz uid=7b5b8ef7-a2a2-4fe9-a3e1-74acd17bd88f restarts=6 usage_cpu=109m usage_mem=35Mi request_cpu=93m request_mem=250Mi limit_cpu=none limit_mem=none vpa_target_cpu=126m vpa_target_mem=250Mi vpa_uncapped_cpu=126m vpa_uncapped_mem=250Mi vpa_lower_cpu=41m vpa_lower_mem=250Mi vpa_upper_cpu=1500m vpa_upper_mem=512Mi
[2026-08-22T00:21:39+02:00] UPF_CONTROL_SAMPLE timestamp=2026-08-22T00:21:38+02:00 scenario=ue_7 pod=open5gs-upf-5b9db6d44-nsbqz uid=7b5b8ef7-a2a2-4fe9-a3e1-74acd17bd88f restarts=6 usage_cpu=109m usage_mem=35Mi request_cpu=93m request_mem=250Mi limit_cpu=none limit_mem=none vpa_target_cpu=126m vpa_target_mem=250Mi vpa_uncapped_cpu=126m vpa_uncapped_mem=250Mi vpa_lower_cpu=41m vpa_lower_mem=250Mi vpa_upper_cpu=1500m vpa_upper_mem=512Mi
[2026-08-22T00:21:42+02:00] UPF_CONTROL_SAMPLE timestamp=2026-08-22T00:21:40+02:00 scenario=ue_7 pod=open5gs-upf-5b9db6d44-nsbqz uid=7b5b8ef7-a2a2-4fe9-a3e1-74acd17bd88f restarts=6 usage_cpu=109m usage_mem=36Mi request_cpu=93m request_mem=250Mi limit_cpu=none limit_mem=none vpa_target_cpu=126m vpa_target_mem=250Mi vpa_uncapped_cpu=126m vpa_uncapped_mem=250Mi vpa_lower_cpu=41m vpa_lower_mem=250Mi vpa_upper_cpu=1500m vpa_upper_mem=512Mi
[2026-08-22T00:21:44+02:00] UPF_CONTROL_SAMPLE timestamp=2026-08-22T00:21:43+02:00 scenario=ue_7 pod=open5gs-upf-5b9db6d44-nsbqz uid=7b5b8ef7-a2a2-4fe9-a3e1-74acd17bd88f restarts=6 usage_cpu=109m usage_mem=36Mi request_cpu=93m request_mem=250Mi limit_cpu=none limit_mem=none vpa_target_cpu=126m vpa_target_mem=250Mi vpa_uncapped_cpu=126m vpa_uncapped_mem=250Mi vpa_lower_cpu=41m vpa_lower_mem=250Mi vpa_upper_cpu=1500m vpa_upper_mem=512Mi
[2026-08-22T00:21:46+02:00] UPF_CONTROL_SAMPLE timestamp=2026-08-22T00:21:45+02:00 scenario=ue_7 pod=open5gs-upf-5b9db6d44-nsbqz uid=7b5b8ef7-a2a2-4fe9-a3e1-74acd17bd88f restarts=6 usage_cpu=109m usage_mem=36Mi request_cpu=93m request_mem=250Mi limit_cpu=none limit_mem=none vpa_target_cpu=126m vpa_target_mem=250Mi vpa_uncapped_cpu=126m vpa_uncapped_mem=250Mi vpa_lower_cpu=41m vpa_lower_mem=250Mi vpa_upper_cpu=1500m vpa_upper_mem=512Mi
[2026-08-22T00:21:49+02:00] UPF_CONTROL_SAMPLE timestamp=2026-08-22T00:21:47+02:00 scenario=ue_7 pod=open5gs-upf-5b9db6d44-nsbqz uid=7b5b8ef7-a2a2-4fe9-a3e1-74acd17bd88f restarts=6 usage_cpu=109m usage_mem=36Mi request_cpu=93m request_mem=250Mi limit_cpu=none limit_mem=none vpa_target_cpu=126m vpa_target_mem=250Mi vpa_uncapped_cpu=126m vpa_uncapped_mem=250Mi vpa_lower_cpu=41m vpa_lower_mem=250Mi vpa_upper_cpu=1500m vpa_upper_mem=512Mi
[2026-08-22T00:21:51+02:00] UPF_CONTROL_SAMPLE timestamp=2026-08-22T00:21:50+02:00 scenario=ue_7 pod=open5gs-upf-5b9db6d44-nsbqz uid=7b5b8ef7-a2a2-4fe9-a3e1-74acd17bd88f restarts=6 usage_cpu=109m usage_mem=36Mi request_cpu=93m request_mem=250Mi limit_cpu=none limit_mem=none vpa_target_cpu=126m vpa_target_mem=250Mi vpa_uncapped_cpu=126m vpa_uncapped_mem=250Mi vpa_lower_cpu=41m vpa_lower_mem=250Mi vpa_upper_cpu=1500m vpa_upper_mem=512Mi
[2026-08-22T00:21:54+02:00] UPF_CONTROL_SAMPLE timestamp=2026-08-22T00:21:52+02:00 scenario=ue_7 pod=open5gs-upf-5b9db6d44-nsbqz uid=7b5b8ef7-a2a2-4fe9-a3e1-74acd17bd88f restarts=6 usage_cpu=109m usage_mem=36Mi request_cpu=93m request_mem=250Mi limit_cpu=none limit_mem=none vpa_target_cpu=126m vpa_target_mem=250Mi vpa_uncapped_cpu=126m vpa_uncapped_mem=250Mi vpa_lower_cpu=41m vpa_lower_mem=250Mi vpa_upper_cpu=1500m vpa_upper_mem=512Mi
[2026-08-22T00:21:56+02:00] UPF_CONTROL_SAMPLE timestamp=2026-08-22T00:21:55+02:00 scenario=ue_7 pod=open5gs-upf-5b9db6d44-nsbqz uid=7b5b8ef7-a2a2-4fe9-a3e1-74acd17bd88f restarts=6 usage_cpu=113m usage_mem=35Mi request_cpu=93m request_mem=250Mi limit_cpu=none limit_mem=none vpa_target_cpu=126m vpa_target_mem=250Mi vpa_uncapped_cpu=126m vpa_uncapped_mem=250Mi vpa_lower_cpu=41m vpa_lower_mem=250Mi vpa_upper_cpu=1500m vpa_upper_mem=512Mi
[2026-08-22T00:21:59+02:00] UPF_CONTROL_SAMPLE timestamp=2026-08-22T00:21:57+02:00 scenario=ue_7 pod=open5gs-upf-5b9db6d44-nsbqz uid=7b5b8ef7-a2a2-4fe9-a3e1-74acd17bd88f restarts=6 usage_cpu=113m usage_mem=35Mi request_cpu=93m request_mem=250Mi limit_cpu=none limit_mem=none vpa_target_cpu=126m vpa_target_mem=250Mi vpa_uncapped_cpu=126m vpa_uncapped_mem=250Mi vpa_lower_cpu=41m vpa_lower_mem=250Mi vpa_upper_cpu=1500m vpa_upper_mem=512Mi
[2026-08-22T00:22:01+02:00] UPF_CONTROL_SAMPLE timestamp=2026-08-22T00:22:00+02:00 scenario=ue_7 pod=open5gs-upf-5b9db6d44-nsbqz uid=7b5b8ef7-a2a2-4fe9-a3e1-74acd17bd88f restarts=6 usage_cpu=113m usage_mem=35Mi request_cpu=93m request_mem=250Mi limit_cpu=none limit_mem=none vpa_target_cpu=126m vpa_target_mem=250Mi vpa_uncapped_cpu=126m vpa_uncapped_mem=250Mi vpa_lower_cpu=41m vpa_lower_mem=250Mi vpa_upper_cpu=1500m vpa_upper_mem=512Mi
[2026-08-22T00:22:03+02:00] UPF_CONTROL_SAMPLE timestamp=2026-08-22T00:22:02+02:00 scenario=ue_7 pod=open5gs-upf-5b9db6d44-nsbqz uid=7b5b8ef7-a2a2-4fe9-a3e1-74acd17bd88f restarts=6 usage_cpu=113m usage_mem=35Mi request_cpu=93m request_mem=250Mi limit_cpu=none limit_mem=none vpa_target_cpu=126m vpa_target_mem=250Mi vpa_uncapped_cpu=126m vpa_uncapped_mem=250Mi vpa_lower_cpu=41m vpa_lower_mem=250Mi vpa_upper_cpu=1500m vpa_upper_mem=512Mi
[2026-08-22T00:22:06+02:00] UPF_CONTROL_SAMPLE timestamp=2026-08-22T00:22:05+02:00 scenario=ue_7 pod=open5gs-upf-5b9db6d44-nsbqz uid=7b5b8ef7-a2a2-4fe9-a3e1-74acd17bd88f restarts=6 usage_cpu=113m usage_mem=35Mi request_cpu=93m request_mem=250Mi limit_cpu=none limit_mem=none vpa_target_cpu=126m vpa_target_mem=250Mi vpa_uncapped_cpu=126m vpa_uncapped_mem=250Mi vpa_lower_cpu=41m vpa_lower_mem=250Mi vpa_upper_cpu=1500m vpa_upper_mem=512Mi
[2026-08-22T00:22:08+02:00] UPF_CONTROL_SAMPLE timestamp=2026-08-22T00:22:07+02:00 scenario=ue_7 pod=open5gs-upf-5b9db6d44-nsbqz uid=7b5b8ef7-a2a2-4fe9-a3e1-74acd17bd88f restarts=6 usage_cpu=113m usage_mem=35Mi request_cpu=93m request_mem=250Mi limit_cpu=none limit_mem=none vpa_target_cpu=126m vpa_target_mem=250Mi vpa_uncapped_cpu=126m vpa_uncapped_mem=250Mi vpa_lower_cpu=41m vpa_lower_mem=250Mi vpa_upper_cpu=1500m vpa_upper_mem=512Mi
[2026-08-22T00:22:09+02:00] UE_SLOT_DONE timestamp=2026-08-21T22:22:09+00:00 active_ues=7 slot=0 attempt=1 ue_idx=0 ue_if=uesimtun0 ue_ip=10.45.1.46 port=5201 rc=0 replacements_for_slot=0 server_busy_retries_for_slot=0
[2026-08-22T00:22:09+02:00] UE_SLOT_DONE timestamp=2026-08-21T22:22:09+00:00 active_ues=7 slot=1 attempt=1 ue_idx=1 ue_if=uesimtun1 ue_ip=10.45.1.47 port=5202 rc=0 replacements_for_slot=0 server_busy_retries_for_slot=0
[2026-08-22T00:22:09+02:00] UE_SLOT_DONE timestamp=2026-08-21T22:22:09+00:00 active_ues=7 slot=2 attempt=1 ue_idx=2 ue_if=uesimtun2 ue_ip=10.45.1.48 port=5203 rc=0 replacements_for_slot=0 server_busy_retries_for_slot=0
[2026-08-22T00:22:09+02:00] UE_SLOT_DONE timestamp=2026-08-21T22:22:09+00:00 active_ues=7 slot=3 attempt=1 ue_idx=3 ue_if=uesimtun3 ue_ip=10.45.1.49 port=5204 rc=0 replacements_for_slot=0 server_busy_retries_for_slot=0
[2026-08-22T00:22:10+02:00] UE_SLOT_DONE timestamp=2026-08-21T22:22:10+00:00 active_ues=7 slot=4 attempt=1 ue_idx=4 ue_if=uesimtun4 ue_ip=10.45.1.51 port=5205 rc=0 replacements_for_slot=0 server_busy_retries_for_slot=0
[2026-08-22T00:22:10+02:00] UE_SLOT_DONE timestamp=2026-08-21T22:22:10+00:00 active_ues=7 slot=5 attempt=1 ue_idx=5 ue_if=uesimtun5 ue_ip=10.45.1.52 port=5206 rc=0 replacements_for_slot=0 server_busy_retries_for_slot=0
[2026-08-22T00:22:10+02:00] UE_SLOT_DONE timestamp=2026-08-21T22:22:10+00:00 active_ues=7 slot=6 attempt=1 ue_idx=6 ue_if=uesimtun6 ue_ip=10.45.1.53 port=5207 rc=0 replacements_for_slot=0 server_busy_retries_for_slot=0
[2026-08-22T00:22:11+02:00] UPF_CONTROL_SAMPLE timestamp=2026-08-22T00:22:09+02:00 scenario=ue_7 pod=open5gs-upf-5b9db6d44-nsbqz uid=7b5b8ef7-a2a2-4fe9-a3e1-74acd17bd88f restarts=6 usage_cpu=109m usage_mem=36Mi request_cpu=93m request_mem=250Mi limit_cpu=none limit_mem=none vpa_target_cpu=126m vpa_target_mem=250Mi vpa_uncapped_cpu=126m vpa_uncapped_mem=250Mi vpa_lower_cpu=41m vpa_lower_mem=250Mi vpa_upper_cpu=1500m vpa_upper_mem=512Mi
[2026-08-22T00:22:11+02:00] TRAFFIC_SUMMARY timestamp=2026-08-21T22:22:11+00:00 registered_tunnels=50 active_ues=7 target_slots=7 completed_slots=7 final_failed_slots=0 replacements=0 problematic_ues=0 zombie_ues=0 connect_timeouts=0 stalls=0 deferred_stalls=0 process_failures=0 server_busy_retries=0 server_busy_failures=0 late_timeouts_accepted=0 scenario_bad_ues=0 global_suspect_ues=0 used_ues=7 target_host=192.168.1.211 initial_ports=5201-5207 replacement_ports=5251-5265 bitrate=1M start_delay=0.05 detection=no_rx_counter replacement_min_duration_s=5 adaptive_extension_max_s=1 iperf_exit_grace_s=3 server_busy_retries_limit=1 server_busy_retry_delay_s=2 late_replacement_after_end=disabled wait_for_iperf_exit=until_timeout global_suspect_policy=soft_reuse ramp_supervision=after_initial_start
[2026-08-22T00:22:11+02:00] UE_POOL_SCENARIO_BAD_CURRENT timestamp=2026-08-21T22:22:11+00:00 active_ues=7 indexes=
[2026-08-22T00:22:11+02:00] UE_POOL_GLOBAL_SUSPECT_CURRENT timestamp=2026-08-21T22:22:11+00:00 active_ues=7 indexes=
[2026-08-22T00:22:11+02:00] REMOTE_IPERF_PER_UE_END timestamp=2026-08-21T22:22:11+00:00 active_ues=7 tag=ue_7 final_rc=0 completed_slots=7 replacements=0 problematic_ues=0 server_busy_retries=0 deferred_stalls=0 late_timeouts_accepted=0
[2026-08-22T00:22:11+02:00] SCENARIO TRAFFIC COMMAND END timestamp=2026-08-22T00:22:11+02:00 active_ue=7 rc=0
[2026-08-22T00:22:12+02:00] SCENARIO UPF AFTER timestamp=2026-08-22T00:22:12+02:00 active_ue=7 pod=open5gs-upf-5b9db6d44-nsbqz uid=7b5b8ef7-a2a2-4fe9-a3e1-74acd17bd88f restarts=6
[2026-08-22T00:22:12+02:00] SCENARIO END timestamp=2026-08-22T00:22:12+02:00 active_ue=7 rc=0
[2026-08-22T00:22:12+02:00] ================================================================
[2026-08-22T00:22:12+02:00] SCENARIO START timestamp=2026-08-22T00:22:12+02:00 active_ue=9 registered_ue_pool=50 target_host=192.168.1.211 ports=5201-5209 replacement_ports=5251-5265 bitrate_per_ue=1M start_delay=0.05 replacement_min_duration=5 adaptive_extension_max=1
[2026-08-22T00:22:12+02:00] ================================================================
[2026-08-22T00:22:13+02:00] SCENARIO TUNNEL CHECK timestamp=2026-08-22T00:22:13+02:00 active_ue=9 current_tunnels=50 required=50
[2026-08-22T00:22:13+02:00] SCENARIO UPF BEFORE timestamp=2026-08-22T00:22:13+02:00 active_ue=9 pod=open5gs-upf-5b9db6d44-nsbqz uid=7b5b8ef7-a2a2-4fe9-a3e1-74acd17bd88f restarts=6
[2026-08-22T00:22:14+02:00] UPF_CONTROL_SAMPLE timestamp=2026-08-22T00:22:12+02:00 scenario=ue_7 pod=open5gs-upf-5b9db6d44-nsbqz uid=7b5b8ef7-a2a2-4fe9-a3e1-74acd17bd88f restarts=6 usage_cpu=109m usage_mem=36Mi request_cpu=93m request_mem=250Mi limit_cpu=none limit_mem=none vpa_target_cpu=126m vpa_target_mem=250Mi vpa_uncapped_cpu=126m vpa_uncapped_mem=250Mi vpa_lower_cpu=41m vpa_lower_mem=250Mi vpa_upper_cpu=1500m vpa_upper_mem=512Mi
[2026-08-22T00:22:14+02:00] REMOTE_IPERF_PER_UE_START timestamp=2026-08-21T22:22:14+00:00 active_ues=9 tag=ue_9 iperf_host=192.168.1.211 base_port=5201 replacement_base_port=5251 duration=80 bitrate=1M start_delay=0.05 detection=no_rx_counter connect_timeout_s=4 stall_seconds=5 replacement_limit=15 replacement_min_duration_s=5 adaptive_extension_max_s=1 iperf_exit_grace_s=3 server_busy_port_rebinds=1 late_replacement_after_end=disabled wait_for_iperf_exit=until_timeout global_suspect_policy=soft_reuse ramp_supervision=after_initial_start
[2026-08-22T00:22:14+02:00] UE_POOL_STATUS timestamp=2026-08-21T22:22:14+00:00 active_ues=9 registered_tunnels=50 existing_global_suspect_ues=0 used_ues=0 policy=soft_reuse_global_suspects
[2026-08-22T00:22:14+02:00] UE_SLOT_ASSIGN timestamp=2026-08-21T22:22:14+00:00 active_ues=9 slot=0 ue_idx=0 ue_if=uesimtun0 ue_ip=10.45.1.46 candidate_reused_global_suspect=0
[2026-08-22T00:22:14+02:00] UE_SLOT_START timestamp=2026-08-21T22:22:14+00:00 active_ues=9 slot=0 attempt=1 ue_idx=0 ue_if=uesimtun0 ue_ip=10.45.1.46 target=192.168.1.211:5201 bitrate=1M duration_s=80 planned_end_epoch=1787351014 timeout_s=90 hard_timeout_epoch=1787351029 start_rx_bytes=353340
[2026-08-22T00:22:14+02:00] UE_SLOT_PID timestamp=2026-08-21T22:22:14+00:00 active_ues=9 slot=0 attempt=1 ue_idx=0 pid=7230
[2026-08-22T00:22:14+02:00] UE_SLOT_ASSIGN timestamp=2026-08-21T22:22:14+00:00 active_ues=9 slot=1 ue_idx=1 ue_if=uesimtun1 ue_ip=10.45.1.47 candidate_reused_global_suspect=0
[2026-08-22T00:22:14+02:00] UE_SLOT_START timestamp=2026-08-21T22:22:14+00:00 active_ues=9 slot=1 attempt=1 ue_idx=1 ue_if=uesimtun1 ue_ip=10.45.1.47 target=192.168.1.211:5202 bitrate=1M duration_s=80 planned_end_epoch=1787351014 timeout_s=90 hard_timeout_epoch=1787351029 start_rx_bytes=258674
[2026-08-22T00:22:14+02:00] UE_SLOT_PID timestamp=2026-08-21T22:22:14+00:00 active_ues=9 slot=1 attempt=1 ue_idx=1 pid=7255
[2026-08-22T00:22:14+02:00] UE_SLOT_ASSIGN timestamp=2026-08-21T22:22:15+00:00 active_ues=9 slot=2 ue_idx=2 ue_if=uesimtun2 ue_ip=10.45.1.48 candidate_reused_global_suspect=0
[2026-08-22T00:22:15+02:00] UE_SLOT_START timestamp=2026-08-21T22:22:15+00:00 active_ues=9 slot=2 attempt=1 ue_idx=2 ue_if=uesimtun2 ue_ip=10.45.1.48 target=192.168.1.211:5203 bitrate=1M duration_s=80 planned_end_epoch=1787351014 timeout_s=90 hard_timeout_epoch=1787351030 start_rx_bytes=253299
[2026-08-22T00:22:15+02:00] UE_SLOT_PID timestamp=2026-08-21T22:22:15+00:00 active_ues=9 slot=2 attempt=1 ue_idx=2 pid=7280
[2026-08-22T00:22:15+02:00] UE_SLOT_ASSIGN timestamp=2026-08-21T22:22:15+00:00 active_ues=9 slot=3 ue_idx=3 ue_if=uesimtun3 ue_ip=10.45.1.49 candidate_reused_global_suspect=0
[2026-08-22T00:22:15+02:00] UE_SLOT_START timestamp=2026-08-21T22:22:15+00:00 active_ues=9 slot=3 attempt=1 ue_idx=3 ue_if=uesimtun3 ue_ip=10.45.1.49 target=192.168.1.211:5204 bitrate=1M duration_s=80 planned_end_epoch=1787351015 timeout_s=90 hard_timeout_epoch=1787351030 start_rx_bytes=174231
[2026-08-22T00:22:15+02:00] UE_SLOT_PID timestamp=2026-08-21T22:22:15+00:00 active_ues=9 slot=3 attempt=1 ue_idx=3 pid=7305
[2026-08-22T00:22:15+02:00] UE_SLOT_ASSIGN timestamp=2026-08-21T22:22:15+00:00 active_ues=9 slot=4 ue_idx=4 ue_if=uesimtun4 ue_ip=10.45.1.51 candidate_reused_global_suspect=0
[2026-08-22T00:22:15+02:00] UE_SLOT_START timestamp=2026-08-21T22:22:15+00:00 active_ues=9 slot=4 attempt=1 ue_idx=4 ue_if=uesimtun4 ue_ip=10.45.1.51 target=192.168.1.211:5205 bitrate=1M duration_s=80 planned_end_epoch=1787351015 timeout_s=90 hard_timeout_epoch=1787351030 start_rx_bytes=170812
[2026-08-22T00:22:15+02:00] UE_SLOT_PID timestamp=2026-08-21T22:22:15+00:00 active_ues=9 slot=4 attempt=1 ue_idx=4 pid=7330
[2026-08-22T00:22:15+02:00] UE_SLOT_ASSIGN timestamp=2026-08-21T22:22:15+00:00 active_ues=9 slot=5 ue_idx=5 ue_if=uesimtun5 ue_ip=10.45.1.52 candidate_reused_global_suspect=0
[2026-08-22T00:22:15+02:00] UE_SLOT_START timestamp=2026-08-21T22:22:15+00:00 active_ues=9 slot=5 attempt=1 ue_idx=5 ue_if=uesimtun5 ue_ip=10.45.1.52 target=192.168.1.211:5206 bitrate=1M duration_s=80 planned_end_epoch=1787351015 timeout_s=90 hard_timeout_epoch=1787351030 start_rx_bytes=81748
[2026-08-22T00:22:15+02:00] UE_SLOT_PID timestamp=2026-08-21T22:22:15+00:00 active_ues=9 slot=5 attempt=1 ue_idx=5 pid=7355
[2026-08-22T00:22:15+02:00] UE_SLOT_ASSIGN timestamp=2026-08-21T22:22:15+00:00 active_ues=9 slot=6 ue_idx=6 ue_if=uesimtun6 ue_ip=10.45.1.53 candidate_reused_global_suspect=0
[2026-08-22T00:22:15+02:00] UE_SLOT_START timestamp=2026-08-21T22:22:15+00:00 active_ues=9 slot=6 attempt=1 ue_idx=6 ue_if=uesimtun6 ue_ip=10.45.1.53 target=192.168.1.211:5207 bitrate=1M duration_s=80 planned_end_epoch=1787351015 timeout_s=90 hard_timeout_epoch=1787351030 start_rx_bytes=85224
[2026-08-22T00:22:15+02:00] UE_SLOT_PID timestamp=2026-08-21T22:22:15+00:00 active_ues=9 slot=6 attempt=1 ue_idx=6 pid=7380
[2026-08-22T00:22:16+02:00] UE_SLOT_ASSIGN timestamp=2026-08-21T22:22:16+00:00 active_ues=9 slot=7 ue_idx=7 ue_if=uesimtun7 ue_ip=10.45.1.54 candidate_reused_global_suspect=0
[2026-08-22T00:22:16+02:00] UE_SLOT_START timestamp=2026-08-21T22:22:16+00:00 active_ues=9 slot=7 attempt=1 ue_idx=7 ue_if=uesimtun7 ue_ip=10.45.1.54 target=192.168.1.211:5208 bitrate=1M duration_s=80 planned_end_epoch=1787351016 timeout_s=90 hard_timeout_epoch=1787351031 start_rx_bytes=0
[2026-08-22T00:22:16+02:00] UE_SLOT_PID timestamp=2026-08-21T22:22:16+00:00 active_ues=9 slot=7 attempt=1 ue_idx=7 pid=7405
[2026-08-22T00:22:16+02:00] UE_SLOT_ASSIGN timestamp=2026-08-21T22:22:16+00:00 active_ues=9 slot=8 ue_idx=8 ue_if=uesimtun8 ue_ip=10.45.1.56 candidate_reused_global_suspect=0
[2026-08-22T00:22:16+02:00] UE_SLOT_START timestamp=2026-08-21T22:22:16+00:00 active_ues=9 slot=8 attempt=1 ue_idx=8 ue_if=uesimtun8 ue_ip=10.45.1.56 target=192.168.1.211:5209 bitrate=1M duration_s=80 planned_end_epoch=1787351016 timeout_s=90 hard_timeout_epoch=1787351031 start_rx_bytes=0
[2026-08-22T00:22:16+02:00] UE_SLOT_PID timestamp=2026-08-21T22:22:16+00:00 active_ues=9 slot=8 attempt=1 ue_idx=8 pid=7430
[2026-08-22T00:22:16+02:00] IPERF_MAPPING_SUMMARY timestamp=2026-08-21T22:22:16+00:00 active_ues=9 registered_tunnels=50 initial_ports=5201-5209 replacement_ports=5251-5265 bitrate=1M start_delay=0.05 detection=no_rx_counter replacement_min_duration_s=5 adaptive_extension_max_s=1 iperf_exit_grace_s=3 server_busy_port_rebinds=1 late_replacement_after_end=disabled wait_for_iperf_exit=until_timeout global_suspect_policy=soft_reuse ramp_supervision=after_initial_start
[2026-08-22T00:22:16+02:00] UPF_CONTROL_SAMPLE timestamp=2026-08-22T00:22:15+02:00 scenario=ue_9 pod=open5gs-upf-5b9db6d44-nsbqz uid=7b5b8ef7-a2a2-4fe9-a3e1-74acd17bd88f restarts=6 usage_cpu=109m usage_mem=36Mi request_cpu=93m request_mem=250Mi limit_cpu=none limit_mem=none vpa_target_cpu=126m vpa_target_mem=250Mi vpa_uncapped_cpu=126m vpa_uncapped_mem=250Mi vpa_lower_cpu=41m vpa_lower_mem=250Mi vpa_upper_cpu=1500m vpa_upper_mem=512Mi
[2026-08-22T00:22:18+02:00] UPF_CONTROL_SAMPLE timestamp=2026-08-22T00:22:17+02:00 scenario=ue_9 pod=open5gs-upf-5b9db6d44-nsbqz uid=7b5b8ef7-a2a2-4fe9-a3e1-74acd17bd88f restarts=6 usage_cpu=109m usage_mem=36Mi request_cpu=93m request_mem=250Mi limit_cpu=none limit_mem=none vpa_target_cpu=126m vpa_target_mem=250Mi vpa_uncapped_cpu=126m vpa_uncapped_mem=250Mi vpa_lower_cpu=41m vpa_lower_mem=250Mi vpa_upper_cpu=1500m vpa_upper_mem=512Mi
[2026-08-22T00:22:21+02:00] UPF_CONTROL_SAMPLE timestamp=2026-08-22T00:22:19+02:00 scenario=ue_9 pod=open5gs-upf-5b9db6d44-nsbqz uid=7b5b8ef7-a2a2-4fe9-a3e1-74acd17bd88f restarts=6 usage_cpu=109m usage_mem=36Mi request_cpu=93m request_mem=250Mi limit_cpu=none limit_mem=none vpa_target_cpu=126m vpa_target_mem=250Mi vpa_uncapped_cpu=126m vpa_uncapped_mem=250Mi vpa_lower_cpu=41m vpa_lower_mem=250Mi vpa_upper_cpu=1500m vpa_upper_mem=512Mi
[2026-08-22T00:22:23+02:00] UPF_CONTROL_SAMPLE timestamp=2026-08-22T00:22:22+02:00 scenario=ue_9 pod=open5gs-upf-5b9db6d44-nsbqz uid=7b5b8ef7-a2a2-4fe9-a3e1-74acd17bd88f restarts=6 usage_cpu=109m usage_mem=36Mi request_cpu=93m request_mem=250Mi limit_cpu=none limit_mem=none vpa_target_cpu=126m vpa_target_mem=250Mi vpa_uncapped_cpu=126m vpa_uncapped_mem=250Mi vpa_lower_cpu=41m vpa_lower_mem=250Mi vpa_upper_cpu=1500m vpa_upper_mem=512Mi
[2026-08-22T00:22:25+02:00] UPF_CONTROL_SAMPLE timestamp=2026-08-22T00:22:24+02:00 scenario=ue_9 pod=open5gs-upf-5b9db6d44-nsbqz uid=7b5b8ef7-a2a2-4fe9-a3e1-74acd17bd88f restarts=6 usage_cpu=79m usage_mem=36Mi request_cpu=93m request_mem=250Mi limit_cpu=none limit_mem=none vpa_target_cpu=126m vpa_target_mem=250Mi vpa_uncapped_cpu=126m vpa_uncapped_mem=250Mi vpa_lower_cpu=41m vpa_lower_mem=250Mi vpa_upper_cpu=1500m vpa_upper_mem=512Mi
[2026-08-22T00:22:28+02:00] UPF_REQUEST_CHANGE timestamp=2026-08-22T00:22:26+02:00 scenario=ue_9 pod=open5gs-upf-5b9db6d44-nsbqz uid=7b5b8ef7-a2a2-4fe9-a3e1-74acd17bd88f restarts=6 old='request_cpu=93m request_mem=250Mi limit_cpu=none limit_mem=none' new='request_cpu=126m request_mem=250Mi limit_cpu=none limit_mem=none' previous_5s_sample='timestamp=2026-08-22T00:22:19+02:00 scenario=ue_9 pod=open5gs-upf-5b9db6d44-nsbqz uid=7b5b8ef7-a2a2-4fe9-a3e1-74acd17bd88f restarts=6 usage_cpu=109m usage_mem=36Mi request_cpu=93m request_mem=250Mi limit_cpu=none limit_mem=none vpa_target_cpu=126m vpa_target_mem=250Mi vpa_uncapped_cpu=126m vpa_uncapped_mem=250Mi vpa_lower_cpu=41m vpa_lower_mem=250Mi vpa_upper_cpu=1500m vpa_upper_mem=512Mi' current_sample='timestamp=2026-08-22T00:22:26+02:00 scenario=ue_9 pod=open5gs-upf-5b9db6d44-nsbqz uid=7b5b8ef7-a2a2-4fe9-a3e1-74acd17bd88f restarts=6 usage_cpu=79m usage_mem=36Mi request_cpu=126m request_mem=250Mi limit_cpu=none limit_mem=none vpa_target_cpu=126m vpa_target_mem=250Mi vpa_uncapped_cpu=126m vpa_uncapped_mem=250Mi vpa_lower_cpu=41m vpa_lower_mem=250Mi vpa_upper_cpu=1500m vpa_upper_mem=512Mi'
[2026-08-22T00:22:28+02:00] UPF_CONTROL_SAMPLE timestamp=2026-08-22T00:22:26+02:00 scenario=ue_9 pod=open5gs-upf-5b9db6d44-nsbqz uid=7b5b8ef7-a2a2-4fe9-a3e1-74acd17bd88f restarts=6 usage_cpu=79m usage_mem=36Mi request_cpu=126m request_mem=250Mi limit_cpu=none limit_mem=none vpa_target_cpu=126m vpa_target_mem=250Mi vpa_uncapped_cpu=126m vpa_uncapped_mem=250Mi vpa_lower_cpu=41m vpa_lower_mem=250Mi vpa_upper_cpu=1500m vpa_upper_mem=512Mi
[2026-08-22T00:22:30+02:00] UPF_CONTROL_SAMPLE timestamp=2026-08-22T00:22:29+02:00 scenario=ue_9 pod=open5gs-upf-5b9db6d44-nsbqz uid=7b5b8ef7-a2a2-4fe9-a3e1-74acd17bd88f restarts=6 usage_cpu=79m usage_mem=36Mi request_cpu=126m request_mem=250Mi limit_cpu=none limit_mem=none vpa_target_cpu=126m vpa_target_mem=250Mi vpa_uncapped_cpu=126m vpa_uncapped_mem=250Mi vpa_lower_cpu=41m vpa_lower_mem=250Mi vpa_upper_cpu=1500m vpa_upper_mem=512Mi
[2026-08-22T00:22:33+02:00] VPA_RECOMMENDATION_CHANGE timestamp=2026-08-22T00:22:31+02:00 scenario=ue_9 old='vpa_target_cpu=126m vpa_target_mem=250Mi vpa_uncapped_cpu=126m vpa_uncapped_mem=250Mi vpa_lower_cpu=41m vpa_lower_mem=250Mi vpa_upper_cpu=1500m vpa_upper_mem=512Mi' new='vpa_target_cpu=126m vpa_target_mem=250Mi vpa_uncapped_cpu=126m vpa_uncapped_mem=250Mi vpa_lower_cpu=43m vpa_lower_mem=250Mi vpa_upper_cpu=1500m vpa_upper_mem=512Mi' previous_5s_sample='timestamp=2026-08-22T00:22:26+02:00 scenario=ue_9 pod=open5gs-upf-5b9db6d44-nsbqz uid=7b5b8ef7-a2a2-4fe9-a3e1-74acd17bd88f restarts=6 usage_cpu=79m usage_mem=36Mi request_cpu=126m request_mem=250Mi limit_cpu=none limit_mem=none vpa_target_cpu=126m vpa_target_mem=250Mi vpa_uncapped_cpu=126m vpa_uncapped_mem=250Mi vpa_lower_cpu=41m vpa_lower_mem=250Mi vpa_upper_cpu=1500m vpa_upper_mem=512Mi' current_sample='timestamp=2026-08-22T00:22:31+02:00 scenario=ue_9 pod=open5gs-upf-5b9db6d44-nsbqz uid=7b5b8ef7-a2a2-4fe9-a3e1-74acd17bd88f restarts=6 usage_cpu=79m usage_mem=36Mi request_cpu=126m request_mem=250Mi limit_cpu=none limit_mem=none vpa_target_cpu=126m vpa_target_mem=250Mi vpa_uncapped_cpu=126m vpa_uncapped_mem=250Mi vpa_lower_cpu=43m vpa_lower_mem=250Mi vpa_upper_cpu=1500m vpa_upper_mem=512Mi'
[2026-08-22T00:22:33+02:00] UPF_CONTROL_SAMPLE timestamp=2026-08-22T00:22:31+02:00 scenario=ue_9 pod=open5gs-upf-5b9db6d44-nsbqz uid=7b5b8ef7-a2a2-4fe9-a3e1-74acd17bd88f restarts=6 usage_cpu=79m usage_mem=36Mi request_cpu=126m request_mem=250Mi limit_cpu=none limit_mem=none vpa_target_cpu=126m vpa_target_mem=250Mi vpa_uncapped_cpu=126m vpa_uncapped_mem=250Mi vpa_lower_cpu=43m vpa_lower_mem=250Mi vpa_upper_cpu=1500m vpa_upper_mem=512Mi
[2026-08-22T00:22:35+02:00] UPF_CONTROL_SAMPLE timestamp=2026-08-22T00:22:34+02:00 scenario=ue_9 pod=open5gs-upf-5b9db6d44-nsbqz uid=7b5b8ef7-a2a2-4fe9-a3e1-74acd17bd88f restarts=6 usage_cpu=79m usage_mem=36Mi request_cpu=126m request_mem=250Mi limit_cpu=none limit_mem=none vpa_target_cpu=126m vpa_target_mem=250Mi vpa_uncapped_cpu=126m vpa_uncapped_mem=250Mi vpa_lower_cpu=43m vpa_lower_mem=250Mi vpa_upper_cpu=1500m vpa_upper_mem=512Mi
[2026-08-22T00:22:37+02:00] UPF_CONTROL_SAMPLE timestamp=2026-08-22T00:22:36+02:00 scenario=ue_9 pod=open5gs-upf-5b9db6d44-nsbqz uid=7b5b8ef7-a2a2-4fe9-a3e1-74acd17bd88f restarts=6 usage_cpu=79m usage_mem=36Mi request_cpu=126m request_mem=250Mi limit_cpu=none limit_mem=none vpa_target_cpu=126m vpa_target_mem=250Mi vpa_uncapped_cpu=126m vpa_uncapped_mem=250Mi vpa_lower_cpu=43m vpa_lower_mem=250Mi vpa_upper_cpu=1500m vpa_upper_mem=512Mi
[2026-08-22T00:22:40+02:00] UPF_CONTROL_SAMPLE timestamp=2026-08-22T00:22:38+02:00 scenario=ue_9 pod=open5gs-upf-5b9db6d44-nsbqz uid=7b5b8ef7-a2a2-4fe9-a3e1-74acd17bd88f restarts=6 usage_cpu=79m usage_mem=36Mi request_cpu=126m request_mem=250Mi limit_cpu=none limit_mem=none vpa_target_cpu=126m vpa_target_mem=250Mi vpa_uncapped_cpu=126m vpa_uncapped_mem=250Mi vpa_lower_cpu=43m vpa_lower_mem=250Mi vpa_upper_cpu=1500m vpa_upper_mem=512Mi
[2026-08-22T00:22:42+02:00] UPF_CONTROL_SAMPLE timestamp=2026-08-22T00:22:41+02:00 scenario=ue_9 pod=open5gs-upf-5b9db6d44-nsbqz uid=7b5b8ef7-a2a2-4fe9-a3e1-74acd17bd88f restarts=6 usage_cpu=149m usage_mem=35Mi request_cpu=126m request_mem=250Mi limit_cpu=none limit_mem=none vpa_target_cpu=126m vpa_target_mem=250Mi vpa_uncapped_cpu=126m vpa_uncapped_mem=250Mi vpa_lower_cpu=43m vpa_lower_mem=250Mi vpa_upper_cpu=1500m vpa_upper_mem=512Mi
[2026-08-22T00:22:45+02:00] UPF_CONTROL_SAMPLE timestamp=2026-08-22T00:22:43+02:00 scenario=ue_9 pod=open5gs-upf-5b9db6d44-nsbqz uid=7b5b8ef7-a2a2-4fe9-a3e1-74acd17bd88f restarts=6 usage_cpu=149m usage_mem=35Mi request_cpu=126m request_mem=250Mi limit_cpu=none limit_mem=none vpa_target_cpu=126m vpa_target_mem=250Mi vpa_uncapped_cpu=126m vpa_uncapped_mem=250Mi vpa_lower_cpu=43m vpa_lower_mem=250Mi vpa_upper_cpu=1500m vpa_upper_mem=512Mi
[2026-08-22T00:22:47+02:00] UPF_CONTROL_SAMPLE timestamp=2026-08-22T00:22:46+02:00 scenario=ue_9 pod=open5gs-upf-5b9db6d44-nsbqz uid=7b5b8ef7-a2a2-4fe9-a3e1-74acd17bd88f restarts=6 usage_cpu=149m usage_mem=35Mi request_cpu=126m request_mem=250Mi limit_cpu=none limit_mem=none vpa_target_cpu=126m vpa_target_mem=250Mi vpa_uncapped_cpu=126m vpa_uncapped_mem=250Mi vpa_lower_cpu=43m vpa_lower_mem=250Mi vpa_upper_cpu=1500m vpa_upper_mem=512Mi
[2026-08-22T00:22:49+02:00] UPF_CONTROL_SAMPLE timestamp=2026-08-22T00:22:48+02:00 scenario=ue_9 pod=open5gs-upf-5b9db6d44-nsbqz uid=7b5b8ef7-a2a2-4fe9-a3e1-74acd17bd88f restarts=6 usage_cpu=149m usage_mem=35Mi request_cpu=126m request_mem=250Mi limit_cpu=none limit_mem=none vpa_target_cpu=126m vpa_target_mem=250Mi vpa_uncapped_cpu=126m vpa_uncapped_mem=250Mi vpa_lower_cpu=43m vpa_lower_mem=250Mi vpa_upper_cpu=1500m vpa_upper_mem=512Mi
[2026-08-22T00:22:52+02:00] UPF_CONTROL_SAMPLE timestamp=2026-08-22T00:22:51+02:00 scenario=ue_9 pod=open5gs-upf-5b9db6d44-nsbqz uid=7b5b8ef7-a2a2-4fe9-a3e1-74acd17bd88f restarts=6 usage_cpu=149m usage_mem=35Mi request_cpu=126m request_mem=250Mi limit_cpu=none limit_mem=none vpa_target_cpu=126m vpa_target_mem=250Mi vpa_uncapped_cpu=126m vpa_uncapped_mem=250Mi vpa_lower_cpu=43m vpa_lower_mem=250Mi vpa_upper_cpu=1500m vpa_upper_mem=512Mi
[2026-08-22T00:22:54+02:00] UPF_CONTROL_SAMPLE timestamp=2026-08-22T00:22:53+02:00 scenario=ue_9 pod=open5gs-upf-5b9db6d44-nsbqz uid=7b5b8ef7-a2a2-4fe9-a3e1-74acd17bd88f restarts=6 usage_cpu=149m usage_mem=35Mi request_cpu=126m request_mem=250Mi limit_cpu=none limit_mem=none vpa_target_cpu=126m vpa_target_mem=250Mi vpa_uncapped_cpu=126m vpa_uncapped_mem=250Mi vpa_lower_cpu=43m vpa_lower_mem=250Mi vpa_upper_cpu=1500m vpa_upper_mem=512Mi
[2026-08-22T00:22:57+02:00] UPF_CONTROL_SAMPLE timestamp=2026-08-22T00:22:55+02:00 scenario=ue_9 pod=open5gs-upf-5b9db6d44-nsbqz uid=7b5b8ef7-a2a2-4fe9-a3e1-74acd17bd88f restarts=6 usage_cpu=146m usage_mem=35Mi request_cpu=126m request_mem=250Mi limit_cpu=none limit_mem=none vpa_target_cpu=126m vpa_target_mem=250Mi vpa_uncapped_cpu=126m vpa_uncapped_mem=250Mi vpa_lower_cpu=43m vpa_lower_mem=250Mi vpa_upper_cpu=1500m vpa_upper_mem=512Mi
[2026-08-22T00:22:59+02:00] UPF_CONTROL_SAMPLE timestamp=2026-08-22T00:22:58+02:00 scenario=ue_9 pod=open5gs-upf-5b9db6d44-nsbqz uid=7b5b8ef7-a2a2-4fe9-a3e1-74acd17bd88f restarts=6 usage_cpu=146m usage_mem=35Mi request_cpu=126m request_mem=250Mi limit_cpu=none limit_mem=none vpa_target_cpu=126m vpa_target_mem=250Mi vpa_uncapped_cpu=126m vpa_uncapped_mem=250Mi vpa_lower_cpu=43m vpa_lower_mem=250Mi vpa_upper_cpu=1500m vpa_upper_mem=512Mi
[2026-08-22T00:23:01+02:00] UPF_CONTROL_SAMPLE timestamp=2026-08-22T00:23:00+02:00 scenario=ue_9 pod=open5gs-upf-5b9db6d44-nsbqz uid=7b5b8ef7-a2a2-4fe9-a3e1-74acd17bd88f restarts=6 usage_cpu=146m usage_mem=35Mi request_cpu=126m request_mem=250Mi limit_cpu=none limit_mem=none vpa_target_cpu=126m vpa_target_mem=250Mi vpa_uncapped_cpu=126m vpa_uncapped_mem=250Mi vpa_lower_cpu=43m vpa_lower_mem=250Mi vpa_upper_cpu=1500m vpa_upper_mem=512Mi
[2026-08-22T00:23:04+02:00] UPF_CONTROL_SAMPLE timestamp=2026-08-22T00:23:02+02:00 scenario=ue_9 pod=open5gs-upf-5b9db6d44-nsbqz uid=7b5b8ef7-a2a2-4fe9-a3e1-74acd17bd88f restarts=6 usage_cpu=146m usage_mem=35Mi request_cpu=126m request_mem=250Mi limit_cpu=none limit_mem=none vpa_target_cpu=126m vpa_target_mem=250Mi vpa_uncapped_cpu=126m vpa_uncapped_mem=250Mi vpa_lower_cpu=43m vpa_lower_mem=250Mi vpa_upper_cpu=1500m vpa_upper_mem=512Mi
[2026-08-22T00:23:06+02:00] UPF_CONTROL_SAMPLE timestamp=2026-08-22T00:23:05+02:00 scenario=ue_9 pod=open5gs-upf-5b9db6d44-nsbqz uid=7b5b8ef7-a2a2-4fe9-a3e1-74acd17bd88f restarts=6 usage_cpu=146m usage_mem=35Mi request_cpu=126m request_mem=250Mi limit_cpu=none limit_mem=none vpa_target_cpu=126m vpa_target_mem=250Mi vpa_uncapped_cpu=126m vpa_uncapped_mem=250Mi vpa_lower_cpu=43m vpa_lower_mem=250Mi vpa_upper_cpu=1500m vpa_upper_mem=512Mi
[2026-08-22T00:23:08+02:00] UPF_CONTROL_SAMPLE timestamp=2026-08-22T00:23:07+02:00 scenario=ue_9 pod=open5gs-upf-5b9db6d44-nsbqz uid=7b5b8ef7-a2a2-4fe9-a3e1-74acd17bd88f restarts=6 usage_cpu=146m usage_mem=35Mi request_cpu=126m request_mem=250Mi limit_cpu=none limit_mem=none vpa_target_cpu=126m vpa_target_mem=250Mi vpa_uncapped_cpu=126m vpa_uncapped_mem=250Mi vpa_lower_cpu=43m vpa_lower_mem=250Mi vpa_upper_cpu=1500m vpa_upper_mem=512Mi
[2026-08-22T00:23:11+02:00] UPF_CONTROL_SAMPLE timestamp=2026-08-22T00:23:09+02:00 scenario=ue_9 pod=open5gs-upf-5b9db6d44-nsbqz uid=7b5b8ef7-a2a2-4fe9-a3e1-74acd17bd88f restarts=6 usage_cpu=142m usage_mem=36Mi request_cpu=126m request_mem=250Mi limit_cpu=none limit_mem=none vpa_target_cpu=126m vpa_target_mem=250Mi vpa_uncapped_cpu=126m vpa_uncapped_mem=250Mi vpa_lower_cpu=43m vpa_lower_mem=250Mi vpa_upper_cpu=1500m vpa_upper_mem=512Mi
[2026-08-22T00:23:13+02:00] UPF_CONTROL_SAMPLE timestamp=2026-08-22T00:23:12+02:00 scenario=ue_9 pod=open5gs-upf-5b9db6d44-nsbqz uid=7b5b8ef7-a2a2-4fe9-a3e1-74acd17bd88f restarts=6 usage_cpu=142m usage_mem=36Mi request_cpu=126m request_mem=250Mi limit_cpu=none limit_mem=none vpa_target_cpu=126m vpa_target_mem=250Mi vpa_uncapped_cpu=126m vpa_uncapped_mem=250Mi vpa_lower_cpu=43m vpa_lower_mem=250Mi vpa_upper_cpu=1500m vpa_upper_mem=512Mi
[2026-08-22T00:23:15+02:00] UPF_CONTROL_SAMPLE timestamp=2026-08-22T00:23:14+02:00 scenario=ue_9 pod=open5gs-upf-5b9db6d44-nsbqz uid=7b5b8ef7-a2a2-4fe9-a3e1-74acd17bd88f restarts=6 usage_cpu=142m usage_mem=36Mi request_cpu=126m request_mem=250Mi limit_cpu=none limit_mem=none vpa_target_cpu=126m vpa_target_mem=250Mi vpa_uncapped_cpu=126m vpa_uncapped_mem=250Mi vpa_lower_cpu=43m vpa_lower_mem=250Mi vpa_upper_cpu=1500m vpa_upper_mem=512Mi
[2026-08-22T00:23:18+02:00] UPF_CONTROL_SAMPLE timestamp=2026-08-22T00:23:16+02:00 scenario=ue_9 pod=open5gs-upf-5b9db6d44-nsbqz uid=7b5b8ef7-a2a2-4fe9-a3e1-74acd17bd88f restarts=6 usage_cpu=142m usage_mem=36Mi request_cpu=126m request_mem=250Mi limit_cpu=none limit_mem=none vpa_target_cpu=126m vpa_target_mem=250Mi vpa_uncapped_cpu=126m vpa_uncapped_mem=250Mi vpa_lower_cpu=43m vpa_lower_mem=250Mi vpa_upper_cpu=1500m vpa_upper_mem=512Mi
[2026-08-22T00:23:20+02:00] UPF_CONTROL_SAMPLE timestamp=2026-08-22T00:23:19+02:00 scenario=ue_9 pod=open5gs-upf-5b9db6d44-nsbqz uid=7b5b8ef7-a2a2-4fe9-a3e1-74acd17bd88f restarts=6 usage_cpu=142m usage_mem=36Mi request_cpu=126m request_mem=250Mi limit_cpu=none limit_mem=none vpa_target_cpu=126m vpa_target_mem=250Mi vpa_uncapped_cpu=126m vpa_uncapped_mem=250Mi vpa_lower_cpu=43m vpa_lower_mem=250Mi vpa_upper_cpu=1500m vpa_upper_mem=512Mi
[2026-08-22T00:23:23+02:00] UPF_CONTROL_SAMPLE timestamp=2026-08-22T00:23:21+02:00 scenario=ue_9 pod=open5gs-upf-5b9db6d44-nsbqz uid=7b5b8ef7-a2a2-4fe9-a3e1-74acd17bd88f restarts=6 usage_cpu=142m usage_mem=36Mi request_cpu=126m request_mem=250Mi limit_cpu=none limit_mem=none vpa_target_cpu=126m vpa_target_mem=250Mi vpa_uncapped_cpu=126m vpa_uncapped_mem=250Mi vpa_lower_cpu=43m vpa_lower_mem=250Mi vpa_upper_cpu=1500m vpa_upper_mem=512Mi
[2026-08-22T00:23:25+02:00] UPF_CONTROL_SAMPLE timestamp=2026-08-22T00:23:24+02:00 scenario=ue_9 pod=open5gs-upf-5b9db6d44-nsbqz uid=7b5b8ef7-a2a2-4fe9-a3e1-74acd17bd88f restarts=6 usage_cpu=142m usage_mem=36Mi request_cpu=126m request_mem=250Mi limit_cpu=none limit_mem=none vpa_target_cpu=126m vpa_target_mem=250Mi vpa_uncapped_cpu=126m vpa_uncapped_mem=250Mi vpa_lower_cpu=43m vpa_lower_mem=250Mi vpa_upper_cpu=1500m vpa_upper_mem=512Mi
[2026-08-22T00:23:27+02:00] UPF_CONTROL_SAMPLE timestamp=2026-08-22T00:23:26+02:00 scenario=ue_9 pod=open5gs-upf-5b9db6d44-nsbqz uid=7b5b8ef7-a2a2-4fe9-a3e1-74acd17bd88f restarts=6 usage_cpu=143m usage_mem=36Mi request_cpu=126m request_mem=250Mi limit_cpu=none limit_mem=none vpa_target_cpu=126m vpa_target_mem=250Mi vpa_uncapped_cpu=126m vpa_uncapped_mem=250Mi vpa_lower_cpu=43m vpa_lower_mem=250Mi vpa_upper_cpu=1500m vpa_upper_mem=512Mi
[2026-08-22T00:23:30+02:00] UPF_CONTROL_SAMPLE timestamp=2026-08-22T00:23:28+02:00 scenario=ue_9 pod=open5gs-upf-5b9db6d44-nsbqz uid=7b5b8ef7-a2a2-4fe9-a3e1-74acd17bd88f restarts=6 usage_cpu=143m usage_mem=36Mi request_cpu=126m request_mem=250Mi limit_cpu=none limit_mem=none vpa_target_cpu=126m vpa_target_mem=250Mi vpa_uncapped_cpu=126m vpa_uncapped_mem=250Mi vpa_lower_cpu=43m vpa_lower_mem=250Mi vpa_upper_cpu=1500m vpa_upper_mem=512Mi
[2026-08-22T00:23:32+02:00] VPA_RECOMMENDATION_CHANGE timestamp=2026-08-22T00:23:31+02:00 scenario=ue_9 old='vpa_target_cpu=126m vpa_target_mem=250Mi vpa_uncapped_cpu=126m vpa_uncapped_mem=250Mi vpa_lower_cpu=43m vpa_lower_mem=250Mi vpa_upper_cpu=1500m vpa_upper_mem=512Mi' new='vpa_target_cpu=182m vpa_target_mem=250Mi vpa_uncapped_cpu=182m vpa_uncapped_mem=250Mi vpa_lower_cpu=45m vpa_lower_mem=250Mi vpa_upper_cpu=1500m vpa_upper_mem=512Mi' previous_5s_sample='timestamp=2026-08-22T00:23:26+02:00 scenario=ue_9 pod=open5gs-upf-5b9db6d44-nsbqz uid=7b5b8ef7-a2a2-4fe9-a3e1-74acd17bd88f restarts=6 usage_cpu=143m usage_mem=36Mi request_cpu=126m request_mem=250Mi limit_cpu=none limit_mem=none vpa_target_cpu=126m vpa_target_mem=250Mi vpa_uncapped_cpu=126m vpa_uncapped_mem=250Mi vpa_lower_cpu=43m vpa_lower_mem=250Mi vpa_upper_cpu=1500m vpa_upper_mem=512Mi' current_sample='timestamp=2026-08-22T00:23:31+02:00 scenario=ue_9 pod=open5gs-upf-5b9db6d44-nsbqz uid=7b5b8ef7-a2a2-4fe9-a3e1-74acd17bd88f restarts=6 usage_cpu=143m usage_mem=36Mi request_cpu=126m request_mem=250Mi limit_cpu=none limit_mem=none vpa_target_cpu=182m vpa_target_mem=250Mi vpa_uncapped_cpu=182m vpa_uncapped_mem=250Mi vpa_lower_cpu=45m vpa_lower_mem=250Mi vpa_upper_cpu=1500m vpa_upper_mem=512Mi'
[2026-08-22T00:23:32+02:00] UPF_CONTROL_SAMPLE timestamp=2026-08-22T00:23:31+02:00 scenario=ue_9 pod=open5gs-upf-5b9db6d44-nsbqz uid=7b5b8ef7-a2a2-4fe9-a3e1-74acd17bd88f restarts=6 usage_cpu=143m usage_mem=36Mi request_cpu=126m request_mem=250Mi limit_cpu=none limit_mem=none vpa_target_cpu=182m vpa_target_mem=250Mi vpa_uncapped_cpu=182m vpa_uncapped_mem=250Mi vpa_lower_cpu=45m vpa_lower_mem=250Mi vpa_upper_cpu=1500m vpa_upper_mem=512Mi
[2026-08-22T00:23:35+02:00] UPF_CONTROL_SAMPLE timestamp=2026-08-22T00:23:33+02:00 scenario=ue_9 pod=open5gs-upf-5b9db6d44-nsbqz uid=7b5b8ef7-a2a2-4fe9-a3e1-74acd17bd88f restarts=6 usage_cpu=143m usage_mem=36Mi request_cpu=126m request_mem=250Mi limit_cpu=none limit_mem=none vpa_target_cpu=182m vpa_target_mem=250Mi vpa_uncapped_cpu=182m vpa_uncapped_mem=250Mi vpa_lower_cpu=45m vpa_lower_mem=250Mi vpa_upper_cpu=1500m vpa_upper_mem=512Mi
[2026-08-22T00:23:35+02:00] UE_SLOT_DONE timestamp=2026-08-21T22:23:35+00:00 active_ues=9 slot=0 attempt=1 ue_idx=0 ue_if=uesimtun0 ue_ip=10.45.1.46 port=5201 rc=0 replacements_for_slot=0 server_busy_retries_for_slot=0
[2026-08-22T00:23:35+02:00] UE_SLOT_DONE timestamp=2026-08-21T22:23:35+00:00 active_ues=9 slot=1 attempt=1 ue_idx=1 ue_if=uesimtun1 ue_ip=10.45.1.47 port=5202 rc=0 replacements_for_slot=0 server_busy_retries_for_slot=0
[2026-08-22T00:23:35+02:00] UE_SLOT_DONE timestamp=2026-08-21T22:23:35+00:00 active_ues=9 slot=2 attempt=1 ue_idx=2 ue_if=uesimtun2 ue_ip=10.45.1.48 port=5203 rc=0 replacements_for_slot=0 server_busy_retries_for_slot=0
[2026-08-22T00:23:35+02:00] UE_SLOT_DONE timestamp=2026-08-21T22:23:35+00:00 active_ues=9 slot=3 attempt=1 ue_idx=3 ue_if=uesimtun3 ue_ip=10.45.1.49 port=5204 rc=0 replacements_for_slot=0 server_busy_retries_for_slot=0
[2026-08-22T00:23:36+02:00] UE_SLOT_DONE timestamp=2026-08-21T22:23:36+00:00 active_ues=9 slot=4 attempt=1 ue_idx=4 ue_if=uesimtun4 ue_ip=10.45.1.51 port=5205 rc=0 replacements_for_slot=0 server_busy_retries_for_slot=0
[2026-08-22T00:23:36+02:00] UE_SLOT_DONE timestamp=2026-08-21T22:23:36+00:00 active_ues=9 slot=5 attempt=1 ue_idx=5 ue_if=uesimtun5 ue_ip=10.45.1.52 port=5206 rc=0 replacements_for_slot=0 server_busy_retries_for_slot=0
[2026-08-22T00:23:36+02:00] UE_SLOT_DONE timestamp=2026-08-21T22:23:36+00:00 active_ues=9 slot=6 attempt=1 ue_idx=6 ue_if=uesimtun6 ue_ip=10.45.1.53 port=5207 rc=0 replacements_for_slot=0 server_busy_retries_for_slot=0
[2026-08-22T00:23:36+02:00] UE_SLOT_DONE timestamp=2026-08-21T22:23:36+00:00 active_ues=9 slot=7 attempt=1 ue_idx=7 ue_if=uesimtun7 ue_ip=10.45.1.54 port=5208 rc=0 replacements_for_slot=0 server_busy_retries_for_slot=0
[2026-08-22T00:23:36+02:00] UE_SLOT_DONE timestamp=2026-08-21T22:23:36+00:00 active_ues=9 slot=8 attempt=1 ue_idx=8 ue_if=uesimtun8 ue_ip=10.45.1.56 port=5209 rc=0 replacements_for_slot=0 server_busy_retries_for_slot=0
[2026-08-22T00:23:37+02:00] UPF_CONTROL_SAMPLE timestamp=2026-08-22T00:23:36+02:00 scenario=ue_9 pod=open5gs-upf-5b9db6d44-nsbqz uid=7b5b8ef7-a2a2-4fe9-a3e1-74acd17bd88f restarts=6 usage_cpu=143m usage_mem=36Mi request_cpu=126m request_mem=250Mi limit_cpu=none limit_mem=none vpa_target_cpu=182m vpa_target_mem=250Mi vpa_uncapped_cpu=182m vpa_uncapped_mem=250Mi vpa_lower_cpu=45m vpa_lower_mem=250Mi vpa_upper_cpu=1500m vpa_upper_mem=512Mi
[2026-08-22T00:23:38+02:00] TRAFFIC_SUMMARY timestamp=2026-08-21T22:23:38+00:00 registered_tunnels=50 active_ues=9 target_slots=9 completed_slots=9 final_failed_slots=0 replacements=0 problematic_ues=0 zombie_ues=0 connect_timeouts=0 stalls=0 deferred_stalls=0 process_failures=0 server_busy_retries=0 server_busy_failures=0 late_timeouts_accepted=0 scenario_bad_ues=0 global_suspect_ues=0 used_ues=9 target_host=192.168.1.211 initial_ports=5201-5209 replacement_ports=5251-5265 bitrate=1M start_delay=0.05 detection=no_rx_counter replacement_min_duration_s=5 adaptive_extension_max_s=1 iperf_exit_grace_s=3 server_busy_retries_limit=1 server_busy_retry_delay_s=2 late_replacement_after_end=disabled wait_for_iperf_exit=until_timeout global_suspect_policy=soft_reuse ramp_supervision=after_initial_start
[2026-08-22T00:23:38+02:00] UE_POOL_SCENARIO_BAD_CURRENT timestamp=2026-08-21T22:23:38+00:00 active_ues=9 indexes=
[2026-08-22T00:23:38+02:00] UE_POOL_GLOBAL_SUSPECT_CURRENT timestamp=2026-08-21T22:23:38+00:00 active_ues=9 indexes=
[2026-08-22T00:23:38+02:00] REMOTE_IPERF_PER_UE_END timestamp=2026-08-21T22:23:38+00:00 active_ues=9 tag=ue_9 final_rc=0 completed_slots=9 replacements=0 problematic_ues=0 server_busy_retries=0 deferred_stalls=0 late_timeouts_accepted=0
[2026-08-22T00:23:38+02:00] SCENARIO TRAFFIC COMMAND END timestamp=2026-08-22T00:23:38+02:00 active_ue=9 rc=0
[2026-08-22T00:23:38+02:00] SCENARIO UPF AFTER timestamp=2026-08-22T00:23:38+02:00 active_ue=9 pod=open5gs-upf-5b9db6d44-nsbqz uid=7b5b8ef7-a2a2-4fe9-a3e1-74acd17bd88f restarts=6
[2026-08-22T00:23:38+02:00] SCENARIO END timestamp=2026-08-22T00:23:38+02:00 active_ue=9 rc=0
[2026-08-22T00:23:38+02:00] ================================================================
[2026-08-22T00:23:38+02:00] SCENARIO START timestamp=2026-08-22T00:23:38+02:00 active_ue=11 registered_ue_pool=50 target_host=192.168.1.211 ports=5201-5211 replacement_ports=5251-5265 bitrate_per_ue=1M start_delay=0.05 replacement_min_duration=5 adaptive_extension_max=1
[2026-08-22T00:23:38+02:00] ================================================================
[2026-08-22T00:23:39+02:00] SCENARIO TUNNEL CHECK timestamp=2026-08-22T00:23:39+02:00 active_ue=11 current_tunnels=50 required=50
[2026-08-22T00:23:40+02:00] SCENARIO UPF BEFORE timestamp=2026-08-22T00:23:40+02:00 active_ue=11 pod=open5gs-upf-5b9db6d44-nsbqz uid=7b5b8ef7-a2a2-4fe9-a3e1-74acd17bd88f restarts=6
[2026-08-22T00:23:40+02:00] UPF_CONTROL_SAMPLE timestamp=2026-08-22T00:23:38+02:00 scenario=ue_9 pod=open5gs-upf-5b9db6d44-nsbqz uid=7b5b8ef7-a2a2-4fe9-a3e1-74acd17bd88f restarts=6 usage_cpu=143m usage_mem=36Mi request_cpu=126m request_mem=250Mi limit_cpu=none limit_mem=none vpa_target_cpu=182m vpa_target_mem=250Mi vpa_uncapped_cpu=182m vpa_uncapped_mem=250Mi vpa_lower_cpu=45m vpa_lower_mem=250Mi vpa_upper_cpu=1500m vpa_upper_mem=512Mi
[2026-08-22T00:23:40+02:00] REMOTE_IPERF_PER_UE_START timestamp=2026-08-21T22:23:40+00:00 active_ues=11 tag=ue_11 iperf_host=192.168.1.211 base_port=5201 replacement_base_port=5251 duration=80 bitrate=1M start_delay=0.05 detection=no_rx_counter connect_timeout_s=4 stall_seconds=5 replacement_limit=15 replacement_min_duration_s=5 adaptive_extension_max_s=1 iperf_exit_grace_s=3 server_busy_port_rebinds=1 late_replacement_after_end=disabled wait_for_iperf_exit=until_timeout global_suspect_policy=soft_reuse ramp_supervision=after_initial_start
[2026-08-22T00:23:40+02:00] UE_POOL_STATUS timestamp=2026-08-21T22:23:40+00:00 active_ues=11 registered_tunnels=50 existing_global_suspect_ues=0 used_ues=0 policy=soft_reuse_global_suspects
[2026-08-22T00:23:40+02:00] UE_SLOT_ASSIGN timestamp=2026-08-21T22:23:40+00:00 active_ues=11 slot=0 ue_idx=0 ue_if=uesimtun0 ue_ip=10.45.1.46 candidate_reused_global_suspect=0
[2026-08-22T00:23:41+02:00] UE_SLOT_START timestamp=2026-08-21T22:23:41+00:00 active_ues=11 slot=0 attempt=1 ue_idx=0 ue_if=uesimtun0 ue_ip=10.45.1.46 target=192.168.1.211:5201 bitrate=1M duration_s=80 planned_end_epoch=1787351100 timeout_s=90 hard_timeout_epoch=1787351116 start_rx_bytes=440118
[2026-08-22T00:23:41+02:00] UE_SLOT_PID timestamp=2026-08-21T22:23:41+00:00 active_ues=11 slot=0 attempt=1 ue_idx=0 pid=9702
[2026-08-22T00:23:41+02:00] UE_SLOT_ASSIGN timestamp=2026-08-21T22:23:41+00:00 active_ues=11 slot=1 ue_idx=1 ue_if=uesimtun1 ue_ip=10.45.1.47 candidate_reused_global_suspect=0
[2026-08-22T00:23:41+02:00] UE_SLOT_START timestamp=2026-08-21T22:23:41+00:00 active_ues=11 slot=1 attempt=1 ue_idx=1 ue_if=uesimtun1 ue_ip=10.45.1.47 target=192.168.1.211:5202 bitrate=1M duration_s=80 planned_end_epoch=1787351101 timeout_s=90 hard_timeout_epoch=1787351116 start_rx_bytes=345297
[2026-08-22T00:23:41+02:00] UE_SLOT_PID timestamp=2026-08-21T22:23:41+00:00 active_ues=11 slot=1 attempt=1 ue_idx=1 pid=9727
[2026-08-22T00:23:41+02:00] UE_SLOT_ASSIGN timestamp=2026-08-21T22:23:41+00:00 active_ues=11 slot=2 ue_idx=2 ue_if=uesimtun2 ue_ip=10.45.1.48 candidate_reused_global_suspect=0
[2026-08-22T00:23:41+02:00] UE_SLOT_START timestamp=2026-08-21T22:23:41+00:00 active_ues=11 slot=2 attempt=1 ue_idx=2 ue_if=uesimtun2 ue_ip=10.45.1.48 target=192.168.1.211:5203 bitrate=1M duration_s=80 planned_end_epoch=1787351101 timeout_s=90 hard_timeout_epoch=1787351116 start_rx_bytes=340388
[2026-08-22T00:23:41+02:00] UE_SLOT_PID timestamp=2026-08-21T22:23:41+00:00 active_ues=11 slot=2 attempt=1 ue_idx=2 pid=9752
[2026-08-22T00:23:41+02:00] UE_SLOT_ASSIGN timestamp=2026-08-21T22:23:41+00:00 active_ues=11 slot=3 ue_idx=3 ue_if=uesimtun3 ue_ip=10.45.1.49 candidate_reused_global_suspect=0
[2026-08-22T00:23:41+02:00] UE_SLOT_START timestamp=2026-08-21T22:23:41+00:00 active_ues=11 slot=3 attempt=1 ue_idx=3 ue_if=uesimtun3 ue_ip=10.45.1.49 target=192.168.1.211:5204 bitrate=1M duration_s=80 planned_end_epoch=1787351101 timeout_s=90 hard_timeout_epoch=1787351116 start_rx_bytes=260911
[2026-08-22T00:23:41+02:00] UE_SLOT_PID timestamp=2026-08-21T22:23:41+00:00 active_ues=11 slot=3 attempt=1 ue_idx=3 pid=9777
[2026-08-22T00:23:41+02:00] UE_SLOT_ASSIGN timestamp=2026-08-21T22:23:41+00:00 active_ues=11 slot=4 ue_idx=4 ue_if=uesimtun4 ue_ip=10.45.1.51 candidate_reused_global_suspect=0
[2026-08-22T00:23:41+02:00] UE_SLOT_START timestamp=2026-08-21T22:23:41+00:00 active_ues=11 slot=4 attempt=1 ue_idx=4 ue_if=uesimtun4 ue_ip=10.45.1.51 target=192.168.1.211:5205 bitrate=1M duration_s=80 planned_end_epoch=1787351101 timeout_s=90 hard_timeout_epoch=1787351116 start_rx_bytes=257339
[2026-08-22T00:23:41+02:00] UE_SLOT_PID timestamp=2026-08-21T22:23:41+00:00 active_ues=11 slot=4 attempt=1 ue_idx=4 pid=9802
[2026-08-22T00:23:42+02:00] UE_SLOT_ASSIGN timestamp=2026-08-21T22:23:42+00:00 active_ues=11 slot=5 ue_idx=5 ue_if=uesimtun5 ue_ip=10.45.1.52 candidate_reused_global_suspect=0
[2026-08-22T00:23:42+02:00] UE_SLOT_START timestamp=2026-08-21T22:23:42+00:00 active_ues=11 slot=5 attempt=1 ue_idx=5 ue_if=uesimtun5 ue_ip=10.45.1.52 target=192.168.1.211:5206 bitrate=1M duration_s=80 planned_end_epoch=1787351102 timeout_s=90 hard_timeout_epoch=1787351117 start_rx_bytes=157268
[2026-08-22T00:23:42+02:00] UE_SLOT_PID timestamp=2026-08-21T22:23:42+00:00 active_ues=11 slot=5 attempt=1 ue_idx=5 pid=9827
[2026-08-22T00:23:42+02:00] UE_SLOT_ASSIGN timestamp=2026-08-21T22:23:42+00:00 active_ues=11 slot=6 ue_idx=6 ue_if=uesimtun6 ue_ip=10.45.1.53 candidate_reused_global_suspect=0
[2026-08-22T00:23:42+02:00] UE_SLOT_START timestamp=2026-08-21T22:23:42+00:00 active_ues=11 slot=6 attempt=1 ue_idx=6 ue_if=uesimtun6 ue_ip=10.45.1.53 target=192.168.1.211:5207 bitrate=1M duration_s=80 planned_end_epoch=1787351102 timeout_s=90 hard_timeout_epoch=1787351117 start_rx_bytes=165800
[2026-08-22T00:23:42+02:00] UE_SLOT_PID timestamp=2026-08-21T22:23:42+00:00 active_ues=11 slot=6 attempt=1 ue_idx=6 pid=9852
[2026-08-22T00:23:42+02:00] UE_SLOT_ASSIGN timestamp=2026-08-21T22:23:42+00:00 active_ues=11 slot=7 ue_idx=7 ue_if=uesimtun7 ue_ip=10.45.1.54 candidate_reused_global_suspect=0
[2026-08-22T00:23:42+02:00] UE_SLOT_START timestamp=2026-08-21T22:23:42+00:00 active_ues=11 slot=7 attempt=1 ue_idx=7 ue_if=uesimtun7 ue_ip=10.45.1.54 target=192.168.1.211:5208 bitrate=1M duration_s=80 planned_end_epoch=1787351102 timeout_s=90 hard_timeout_epoch=1787351117 start_rx_bytes=82453
[2026-08-22T00:23:42+02:00] UE_SLOT_PID timestamp=2026-08-21T22:23:42+00:00 active_ues=11 slot=7 attempt=1 ue_idx=7 pid=9877
[2026-08-22T00:23:42+02:00] UE_SLOT_ASSIGN timestamp=2026-08-21T22:23:42+00:00 active_ues=11 slot=8 ue_idx=8 ue_if=uesimtun8 ue_ip=10.45.1.56 candidate_reused_global_suspect=0
[2026-08-22T00:23:42+02:00] UE_SLOT_START timestamp=2026-08-21T22:23:42+00:00 active_ues=11 slot=8 attempt=1 ue_idx=8 ue_if=uesimtun8 ue_ip=10.45.1.56 target=192.168.1.211:5209 bitrate=1M duration_s=80 planned_end_epoch=1787351102 timeout_s=90 hard_timeout_epoch=1787351117 start_rx_bytes=85161
[2026-08-22T00:23:42+02:00] UE_SLOT_PID timestamp=2026-08-21T22:23:42+00:00 active_ues=11 slot=8 attempt=1 ue_idx=8 pid=9902
[2026-08-22T00:23:42+02:00] UPF_CONTROL_SAMPLE timestamp=2026-08-22T00:23:41+02:00 scenario=ue_11 pod=open5gs-upf-5b9db6d44-nsbqz uid=7b5b8ef7-a2a2-4fe9-a3e1-74acd17bd88f restarts=6 usage_cpu=143m usage_mem=35Mi request_cpu=126m request_mem=250Mi limit_cpu=none limit_mem=none vpa_target_cpu=182m vpa_target_mem=250Mi vpa_uncapped_cpu=182m vpa_uncapped_mem=250Mi vpa_lower_cpu=45m vpa_lower_mem=250Mi vpa_upper_cpu=1500m vpa_upper_mem=512Mi
[2026-08-22T00:23:43+02:00] UE_SLOT_ASSIGN timestamp=2026-08-21T22:23:43+00:00 active_ues=11 slot=9 ue_idx=9 ue_if=uesimtun9 ue_ip=10.45.1.57 candidate_reused_global_suspect=0
[2026-08-22T00:23:43+02:00] UE_SLOT_START timestamp=2026-08-21T22:23:43+00:00 active_ues=11 slot=9 attempt=1 ue_idx=9 ue_if=uesimtun9 ue_ip=10.45.1.57 target=192.168.1.211:5210 bitrate=1M duration_s=80 planned_end_epoch=1787351102 timeout_s=90 hard_timeout_epoch=1787351118 start_rx_bytes=0
[2026-08-22T00:23:43+02:00] UE_SLOT_PID timestamp=2026-08-21T22:23:43+00:00 active_ues=11 slot=9 attempt=1 ue_idx=9 pid=9927
[2026-08-22T00:23:43+02:00] UE_SLOT_ASSIGN timestamp=2026-08-21T22:23:43+00:00 active_ues=11 slot=10 ue_idx=10 ue_if=uesimtun10 ue_ip=10.45.1.50 candidate_reused_global_suspect=0
[2026-08-22T00:23:43+02:00] UE_SLOT_START timestamp=2026-08-21T22:23:43+00:00 active_ues=11 slot=10 attempt=1 ue_idx=10 ue_if=uesimtun10 ue_ip=10.45.1.50 target=192.168.1.211:5211 bitrate=1M duration_s=80 planned_end_epoch=1787351103 timeout_s=90 hard_timeout_epoch=1787351118 start_rx_bytes=0
[2026-08-22T00:23:43+02:00] UE_SLOT_PID timestamp=2026-08-21T22:23:43+00:00 active_ues=11 slot=10 attempt=1 ue_idx=10 pid=9952
[2026-08-22T00:23:43+02:00] IPERF_MAPPING_SUMMARY timestamp=2026-08-21T22:23:43+00:00 active_ues=11 registered_tunnels=50 initial_ports=5201-5211 replacement_ports=5251-5265 bitrate=1M start_delay=0.05 detection=no_rx_counter replacement_min_duration_s=5 adaptive_extension_max_s=1 iperf_exit_grace_s=3 server_busy_port_rebinds=1 late_replacement_after_end=disabled wait_for_iperf_exit=until_timeout global_suspect_policy=soft_reuse ramp_supervision=after_initial_start
[2026-08-22T00:23:45+02:00] UPF_CONTROL_SAMPLE timestamp=2026-08-22T00:23:43+02:00 scenario=ue_11 pod=open5gs-upf-5b9db6d44-nsbqz uid=7b5b8ef7-a2a2-4fe9-a3e1-74acd17bd88f restarts=6 usage_cpu=143m usage_mem=35Mi request_cpu=126m request_mem=250Mi limit_cpu=none limit_mem=none vpa_target_cpu=182m vpa_target_mem=250Mi vpa_uncapped_cpu=182m vpa_uncapped_mem=250Mi vpa_lower_cpu=45m vpa_lower_mem=250Mi vpa_upper_cpu=1500m vpa_upper_mem=512Mi
[2026-08-22T00:23:47+02:00] UPF_CONTROL_SAMPLE timestamp=2026-08-22T00:23:46+02:00 scenario=ue_11 pod=open5gs-upf-5b9db6d44-nsbqz uid=7b5b8ef7-a2a2-4fe9-a3e1-74acd17bd88f restarts=6 usage_cpu=143m usage_mem=35Mi request_cpu=126m request_mem=250Mi limit_cpu=none limit_mem=none vpa_target_cpu=182m vpa_target_mem=250Mi vpa_uncapped_cpu=182m vpa_uncapped_mem=250Mi vpa_lower_cpu=45m vpa_lower_mem=250Mi vpa_upper_cpu=1500m vpa_upper_mem=512Mi
[2026-08-22T00:23:50+02:00] UPF_CONTROL_SAMPLE timestamp=2026-08-22T00:23:48+02:00 scenario=ue_11 pod=open5gs-upf-5b9db6d44-nsbqz uid=7b5b8ef7-a2a2-4fe9-a3e1-74acd17bd88f restarts=6 usage_cpu=143m usage_mem=35Mi request_cpu=126m request_mem=250Mi limit_cpu=none limit_mem=none vpa_target_cpu=182m vpa_target_mem=250Mi vpa_uncapped_cpu=182m vpa_uncapped_mem=250Mi vpa_lower_cpu=45m vpa_lower_mem=250Mi vpa_upper_cpu=1500m vpa_upper_mem=512Mi
[2026-08-22T00:23:52+02:00] UPF_CONTROL_SAMPLE timestamp=2026-08-22T00:23:51+02:00 scenario=ue_11 pod=open5gs-upf-5b9db6d44-nsbqz uid=7b5b8ef7-a2a2-4fe9-a3e1-74acd17bd88f restarts=6 usage_cpu=143m usage_mem=35Mi request_cpu=126m request_mem=250Mi limit_cpu=none limit_mem=none vpa_target_cpu=182m vpa_target_mem=250Mi vpa_uncapped_cpu=182m vpa_uncapped_mem=250Mi vpa_lower_cpu=45m vpa_lower_mem=250Mi vpa_upper_cpu=1500m vpa_upper_mem=512Mi
[2026-08-22T00:23:54+02:00] UPF_CONTROL_SAMPLE timestamp=2026-08-22T00:23:53+02:00 scenario=ue_11 pod=open5gs-upf-5b9db6d44-nsbqz uid=7b5b8ef7-a2a2-4fe9-a3e1-74acd17bd88f restarts=6 usage_cpu=143m usage_mem=35Mi request_cpu=126m request_mem=250Mi limit_cpu=none limit_mem=none vpa_target_cpu=182m vpa_target_mem=250Mi vpa_uncapped_cpu=182m vpa_uncapped_mem=250Mi vpa_lower_cpu=45m vpa_lower_mem=250Mi vpa_upper_cpu=1500m vpa_upper_mem=512Mi
[2026-08-22T00:23:57+02:00] UPF_CONTROL_SAMPLE timestamp=2026-08-22T00:23:56+02:00 scenario=ue_11 pod=open5gs-upf-5b9db6d44-nsbqz uid=7b5b8ef7-a2a2-4fe9-a3e1-74acd17bd88f restarts=6 usage_cpu=115m usage_mem=36Mi request_cpu=126m request_mem=250Mi limit_cpu=none limit_mem=none vpa_target_cpu=182m vpa_target_mem=250Mi vpa_uncapped_cpu=182m vpa_uncapped_mem=250Mi vpa_lower_cpu=45m vpa_lower_mem=250Mi vpa_upper_cpu=1500m vpa_upper_mem=512Mi
[2026-08-22T00:23:59+02:00] UPF_CONTROL_SAMPLE timestamp=2026-08-22T00:23:58+02:00 scenario=ue_11 pod=open5gs-upf-5b9db6d44-nsbqz uid=7b5b8ef7-a2a2-4fe9-a3e1-74acd17bd88f restarts=6 usage_cpu=115m usage_mem=36Mi request_cpu=126m request_mem=250Mi limit_cpu=none limit_mem=none vpa_target_cpu=182m vpa_target_mem=250Mi vpa_uncapped_cpu=182m vpa_uncapped_mem=250Mi vpa_lower_cpu=45m vpa_lower_mem=250Mi vpa_upper_cpu=1500m vpa_upper_mem=512Mi
[2026-08-22T00:24:02+02:00] UPF_CONTROL_SAMPLE timestamp=2026-08-22T00:24:00+02:00 scenario=ue_11 pod=open5gs-upf-5b9db6d44-nsbqz uid=7b5b8ef7-a2a2-4fe9-a3e1-74acd17bd88f restarts=6 usage_cpu=115m usage_mem=36Mi request_cpu=126m request_mem=250Mi limit_cpu=none limit_mem=none vpa_target_cpu=182m vpa_target_mem=250Mi vpa_uncapped_cpu=182m vpa_uncapped_mem=250Mi vpa_lower_cpu=45m vpa_lower_mem=250Mi vpa_upper_cpu=1500m vpa_upper_mem=512Mi
[2026-08-22T00:24:04+02:00] UPF_CONTROL_SAMPLE timestamp=2026-08-22T00:24:03+02:00 scenario=ue_11 pod=open5gs-upf-5b9db6d44-nsbqz uid=7b5b8ef7-a2a2-4fe9-a3e1-74acd17bd88f restarts=6 usage_cpu=115m usage_mem=36Mi request_cpu=126m request_mem=250Mi limit_cpu=none limit_mem=none vpa_target_cpu=182m vpa_target_mem=250Mi vpa_uncapped_cpu=182m vpa_uncapped_mem=250Mi vpa_lower_cpu=45m vpa_lower_mem=250Mi vpa_upper_cpu=1500m vpa_upper_mem=512Mi
[2026-08-22T00:24:06+02:00] UPF_CONTROL_SAMPLE timestamp=2026-08-22T00:24:05+02:00 scenario=ue_11 pod=open5gs-upf-5b9db6d44-nsbqz uid=7b5b8ef7-a2a2-4fe9-a3e1-74acd17bd88f restarts=6 usage_cpu=115m usage_mem=36Mi request_cpu=126m request_mem=250Mi limit_cpu=none limit_mem=none vpa_target_cpu=182m vpa_target_mem=250Mi vpa_uncapped_cpu=182m vpa_uncapped_mem=250Mi vpa_lower_cpu=45m vpa_lower_mem=250Mi vpa_upper_cpu=1500m vpa_upper_mem=512Mi
[2026-08-22T00:24:09+02:00] UPF_CONTROL_SAMPLE timestamp=2026-08-22T00:24:08+02:00 scenario=ue_11 pod=open5gs-upf-5b9db6d44-nsbqz uid=7b5b8ef7-a2a2-4fe9-a3e1-74acd17bd88f restarts=6 usage_cpu=115m usage_mem=36Mi request_cpu=126m request_mem=250Mi limit_cpu=none limit_mem=none vpa_target_cpu=182m vpa_target_mem=250Mi vpa_uncapped_cpu=182m vpa_uncapped_mem=250Mi vpa_lower_cpu=45m vpa_lower_mem=250Mi vpa_upper_cpu=1500m vpa_upper_mem=512Mi
[2026-08-22T00:24:11+02:00] UPF_CONTROL_SAMPLE timestamp=2026-08-22T00:24:10+02:00 scenario=ue_11 pod=open5gs-upf-5b9db6d44-nsbqz uid=7b5b8ef7-a2a2-4fe9-a3e1-74acd17bd88f restarts=6 usage_cpu=184m usage_mem=36Mi request_cpu=126m request_mem=250Mi limit_cpu=none limit_mem=none vpa_target_cpu=182m vpa_target_mem=250Mi vpa_uncapped_cpu=182m vpa_uncapped_mem=250Mi vpa_lower_cpu=45m vpa_lower_mem=250Mi vpa_upper_cpu=1500m vpa_upper_mem=512Mi
[2026-08-22T00:24:14+02:00] UPF_CONTROL_SAMPLE timestamp=2026-08-22T00:24:12+02:00 scenario=ue_11 pod=open5gs-upf-5b9db6d44-nsbqz uid=7b5b8ef7-a2a2-4fe9-a3e1-74acd17bd88f restarts=6 usage_cpu=184m usage_mem=36Mi request_cpu=126m request_mem=250Mi limit_cpu=none limit_mem=none vpa_target_cpu=182m vpa_target_mem=250Mi vpa_uncapped_cpu=182m vpa_uncapped_mem=250Mi vpa_lower_cpu=45m vpa_lower_mem=250Mi vpa_upper_cpu=1500m vpa_upper_mem=512Mi
[2026-08-22T00:24:16+02:00] UPF_CONTROL_SAMPLE timestamp=2026-08-22T00:24:15+02:00 scenario=ue_11 pod=open5gs-upf-5b9db6d44-nsbqz uid=7b5b8ef7-a2a2-4fe9-a3e1-74acd17bd88f restarts=6 usage_cpu=184m usage_mem=36Mi request_cpu=126m request_mem=250Mi limit_cpu=none limit_mem=none vpa_target_cpu=182m vpa_target_mem=250Mi vpa_uncapped_cpu=182m vpa_uncapped_mem=250Mi vpa_lower_cpu=45m vpa_lower_mem=250Mi vpa_upper_cpu=1500m vpa_upper_mem=512Mi
[2026-08-22T00:24:19+02:00] UPF_CONTROL_SAMPLE timestamp=2026-08-22T00:24:17+02:00 scenario=ue_11 pod=open5gs-upf-5b9db6d44-nsbqz uid=7b5b8ef7-a2a2-4fe9-a3e1-74acd17bd88f restarts=6 usage_cpu=184m usage_mem=36Mi request_cpu=126m request_mem=250Mi limit_cpu=none limit_mem=none vpa_target_cpu=182m vpa_target_mem=250Mi vpa_uncapped_cpu=182m vpa_uncapped_mem=250Mi vpa_lower_cpu=45m vpa_lower_mem=250Mi vpa_upper_cpu=1500m vpa_upper_mem=512Mi
[2026-08-22T00:24:21+02:00] UPF_CONTROL_SAMPLE timestamp=2026-08-22T00:24:20+02:00 scenario=ue_11 pod=open5gs-upf-5b9db6d44-nsbqz uid=7b5b8ef7-a2a2-4fe9-a3e1-74acd17bd88f restarts=6 usage_cpu=184m usage_mem=36Mi request_cpu=126m request_mem=250Mi limit_cpu=none limit_mem=none vpa_target_cpu=182m vpa_target_mem=250Mi vpa_uncapped_cpu=182m vpa_uncapped_mem=250Mi vpa_lower_cpu=45m vpa_lower_mem=250Mi vpa_upper_cpu=1500m vpa_upper_mem=512Mi
[2026-08-22T00:24:24+02:00] UPF_CONTROL_SAMPLE timestamp=2026-08-22T00:24:22+02:00 scenario=ue_11 pod=open5gs-upf-5b9db6d44-nsbqz uid=7b5b8ef7-a2a2-4fe9-a3e1-74acd17bd88f restarts=6 usage_cpu=184m usage_mem=36Mi request_cpu=126m request_mem=250Mi limit_cpu=none limit_mem=none vpa_target_cpu=182m vpa_target_mem=250Mi vpa_uncapped_cpu=182m vpa_uncapped_mem=250Mi vpa_lower_cpu=45m vpa_lower_mem=250Mi vpa_upper_cpu=1500m vpa_upper_mem=512Mi
[2026-08-22T00:24:27+02:00] UPF_REQUEST_CHANGE timestamp=2026-08-22T00:24:25+02:00 scenario=ue_11 pod=open5gs-upf-5b9db6d44-nsbqz uid=7b5b8ef7-a2a2-4fe9-a3e1-74acd17bd88f restarts=6 old='request_cpu=126m request_mem=250Mi limit_cpu=none limit_mem=none' new='request_cpu=182m request_mem=250Mi limit_cpu=none limit_mem=none' previous_5s_sample='timestamp=2026-08-22T00:24:20+02:00 scenario=ue_11 pod=open5gs-upf-5b9db6d44-nsbqz uid=7b5b8ef7-a2a2-4fe9-a3e1-74acd17bd88f restarts=6 usage_cpu=184m usage_mem=36Mi request_cpu=126m request_mem=250Mi limit_cpu=none limit_mem=none vpa_target_cpu=182m vpa_target_mem=250Mi vpa_uncapped_cpu=182m vpa_uncapped_mem=250Mi vpa_lower_cpu=45m vpa_lower_mem=250Mi vpa_upper_cpu=1500m vpa_upper_mem=512Mi' current_sample='timestamp=2026-08-22T00:24:25+02:00 scenario=ue_11 pod=open5gs-upf-5b9db6d44-nsbqz uid=7b5b8ef7-a2a2-4fe9-a3e1-74acd17bd88f restarts=6 usage_cpu=184m usage_mem=36Mi request_cpu=182m request_mem=250Mi limit_cpu=none limit_mem=none vpa_target_cpu=182m vpa_target_mem=250Mi vpa_uncapped_cpu=182m vpa_uncapped_mem=250Mi vpa_lower_cpu=45m vpa_lower_mem=250Mi vpa_upper_cpu=1500m vpa_upper_mem=512Mi'
[2026-08-22T00:24:27+02:00] UPF_CONTROL_SAMPLE timestamp=2026-08-22T00:24:25+02:00 scenario=ue_11 pod=open5gs-upf-5b9db6d44-nsbqz uid=7b5b8ef7-a2a2-4fe9-a3e1-74acd17bd88f restarts=6 usage_cpu=184m usage_mem=36Mi request_cpu=182m request_mem=250Mi limit_cpu=none limit_mem=none vpa_target_cpu=182m vpa_target_mem=250Mi vpa_uncapped_cpu=182m vpa_uncapped_mem=250Mi vpa_lower_cpu=45m vpa_lower_mem=250Mi vpa_upper_cpu=1500m vpa_upper_mem=512Mi
[2026-08-22T00:24:29+02:00] UPF_CONTROL_SAMPLE timestamp=2026-08-22T00:24:28+02:00 scenario=ue_11 pod=open5gs-upf-5b9db6d44-nsbqz uid=7b5b8ef7-a2a2-4fe9-a3e1-74acd17bd88f restarts=6 usage_cpu=184m usage_mem=36Mi request_cpu=182m request_mem=250Mi limit_cpu=none limit_mem=none vpa_target_cpu=182m vpa_target_mem=250Mi vpa_uncapped_cpu=182m vpa_uncapped_mem=250Mi vpa_lower_cpu=45m vpa_lower_mem=250Mi vpa_upper_cpu=1500m vpa_upper_mem=512Mi
[2026-08-22T00:24:32+02:00] VPA_RECOMMENDATION_CHANGE timestamp=2026-08-22T00:24:30+02:00 scenario=ue_11 old='vpa_target_cpu=182m vpa_target_mem=250Mi vpa_uncapped_cpu=182m vpa_uncapped_mem=250Mi vpa_lower_cpu=45m vpa_lower_mem=250Mi vpa_upper_cpu=1500m vpa_upper_mem=512Mi' new='vpa_target_cpu=224m vpa_target_mem=250Mi vpa_uncapped_cpu=224m vpa_uncapped_mem=250Mi vpa_lower_cpu=69m vpa_lower_mem=250Mi vpa_upper_cpu=1500m vpa_upper_mem=512Mi' previous_5s_sample='timestamp=2026-08-22T00:24:25+02:00 scenario=ue_11 pod=open5gs-upf-5b9db6d44-nsbqz uid=7b5b8ef7-a2a2-4fe9-a3e1-74acd17bd88f restarts=6 usage_cpu=184m usage_mem=36Mi request_cpu=182m request_mem=250Mi limit_cpu=none limit_mem=none vpa_target_cpu=182m vpa_target_mem=250Mi vpa_uncapped_cpu=182m vpa_uncapped_mem=250Mi vpa_lower_cpu=45m vpa_lower_mem=250Mi vpa_upper_cpu=1500m vpa_upper_mem=512Mi' current_sample='timestamp=2026-08-22T00:24:30+02:00 scenario=ue_11 pod=open5gs-upf-5b9db6d44-nsbqz uid=7b5b8ef7-a2a2-4fe9-a3e1-74acd17bd88f restarts=6 usage_cpu=184m usage_mem=36Mi request_cpu=182m request_mem=250Mi limit_cpu=none limit_mem=none vpa_target_cpu=224m vpa_target_mem=250Mi vpa_uncapped_cpu=224m vpa_uncapped_mem=250Mi vpa_lower_cpu=69m vpa_lower_mem=250Mi vpa_upper_cpu=1500m vpa_upper_mem=512Mi'
[2026-08-22T00:24:32+02:00] UPF_CONTROL_SAMPLE timestamp=2026-08-22T00:24:30+02:00 scenario=ue_11 pod=open5gs-upf-5b9db6d44-nsbqz uid=7b5b8ef7-a2a2-4fe9-a3e1-74acd17bd88f restarts=6 usage_cpu=184m usage_mem=36Mi request_cpu=182m request_mem=250Mi limit_cpu=none limit_mem=none vpa_target_cpu=224m vpa_target_mem=250Mi vpa_uncapped_cpu=224m vpa_uncapped_mem=250Mi vpa_lower_cpu=69m vpa_lower_mem=250Mi vpa_upper_cpu=1500m vpa_upper_mem=512Mi
[2026-08-22T00:24:34+02:00] UPF_CONTROL_SAMPLE timestamp=2026-08-22T00:24:33+02:00 scenario=ue_11 pod=open5gs-upf-5b9db6d44-nsbqz uid=7b5b8ef7-a2a2-4fe9-a3e1-74acd17bd88f restarts=6 usage_cpu=184m usage_mem=36Mi request_cpu=182m request_mem=250Mi limit_cpu=none limit_mem=none vpa_target_cpu=224m vpa_target_mem=250Mi vpa_uncapped_cpu=224m vpa_uncapped_mem=250Mi vpa_lower_cpu=69m vpa_lower_mem=250Mi vpa_upper_cpu=1500m vpa_upper_mem=512Mi
[2026-08-22T00:24:36+02:00] UPF_CONTROL_SAMPLE timestamp=2026-08-22T00:24:35+02:00 scenario=ue_11 pod=open5gs-upf-5b9db6d44-nsbqz uid=7b5b8ef7-a2a2-4fe9-a3e1-74acd17bd88f restarts=6 usage_cpu=184m usage_mem=36Mi request_cpu=182m request_mem=250Mi limit_cpu=none limit_mem=none vpa_target_cpu=224m vpa_target_mem=250Mi vpa_uncapped_cpu=224m vpa_uncapped_mem=250Mi vpa_lower_cpu=69m vpa_lower_mem=250Mi vpa_upper_cpu=1500m vpa_upper_mem=512Mi
[2026-08-22T00:24:39+02:00] UPF_CONTROL_SAMPLE timestamp=2026-08-22T00:24:37+02:00 scenario=ue_11 pod=open5gs-upf-5b9db6d44-nsbqz uid=7b5b8ef7-a2a2-4fe9-a3e1-74acd17bd88f restarts=6 usage_cpu=184m usage_mem=36Mi request_cpu=182m request_mem=250Mi limit_cpu=none limit_mem=none vpa_target_cpu=224m vpa_target_mem=250Mi vpa_uncapped_cpu=224m vpa_uncapped_mem=250Mi vpa_lower_cpu=69m vpa_lower_mem=250Mi vpa_upper_cpu=1500m vpa_upper_mem=512Mi
[2026-08-22T00:24:41+02:00] UPF_CONTROL_SAMPLE timestamp=2026-08-22T00:24:40+02:00 scenario=ue_11 pod=open5gs-upf-5b9db6d44-nsbqz uid=7b5b8ef7-a2a2-4fe9-a3e1-74acd17bd88f restarts=6 usage_cpu=176m usage_mem=35Mi request_cpu=182m request_mem=250Mi limit_cpu=none limit_mem=none vpa_target_cpu=224m vpa_target_mem=250Mi vpa_uncapped_cpu=224m vpa_uncapped_mem=250Mi vpa_lower_cpu=69m vpa_lower_mem=250Mi vpa_upper_cpu=1500m vpa_upper_mem=512Mi
[2026-08-22T00:24:43+02:00] UPF_CONTROL_SAMPLE timestamp=2026-08-22T00:24:42+02:00 scenario=ue_11 pod=open5gs-upf-5b9db6d44-nsbqz uid=7b5b8ef7-a2a2-4fe9-a3e1-74acd17bd88f restarts=6 usage_cpu=176m usage_mem=35Mi request_cpu=182m request_mem=250Mi limit_cpu=none limit_mem=none vpa_target_cpu=224m vpa_target_mem=250Mi vpa_uncapped_cpu=224m vpa_uncapped_mem=250Mi vpa_lower_cpu=69m vpa_lower_mem=250Mi vpa_upper_cpu=1500m vpa_upper_mem=512Mi
[2026-08-22T00:24:46+02:00] UPF_CONTROL_SAMPLE timestamp=2026-08-22T00:24:44+02:00 scenario=ue_11 pod=open5gs-upf-5b9db6d44-nsbqz uid=7b5b8ef7-a2a2-4fe9-a3e1-74acd17bd88f restarts=6 usage_cpu=176m usage_mem=35Mi request_cpu=182m request_mem=250Mi limit_cpu=none limit_mem=none vpa_target_cpu=224m vpa_target_mem=250Mi vpa_uncapped_cpu=224m vpa_uncapped_mem=250Mi vpa_lower_cpu=69m vpa_lower_mem=250Mi vpa_upper_cpu=1500m vpa_upper_mem=512Mi
[2026-08-22T00:24:48+02:00] UPF_CONTROL_SAMPLE timestamp=2026-08-22T00:24:47+02:00 scenario=ue_11 pod=open5gs-upf-5b9db6d44-nsbqz uid=7b5b8ef7-a2a2-4fe9-a3e1-74acd17bd88f restarts=6 usage_cpu=176m usage_mem=35Mi request_cpu=182m request_mem=250Mi limit_cpu=none limit_mem=none vpa_target_cpu=224m vpa_target_mem=250Mi vpa_uncapped_cpu=224m vpa_uncapped_mem=250Mi vpa_lower_cpu=69m vpa_lower_mem=250Mi vpa_upper_cpu=1500m vpa_upper_mem=512Mi
[2026-08-22T00:24:50+02:00] UPF_CONTROL_SAMPLE timestamp=2026-08-22T00:24:49+02:00 scenario=ue_11 pod=open5gs-upf-5b9db6d44-nsbqz uid=7b5b8ef7-a2a2-4fe9-a3e1-74acd17bd88f restarts=6 usage_cpu=176m usage_mem=35Mi request_cpu=182m request_mem=250Mi limit_cpu=none limit_mem=none vpa_target_cpu=224m vpa_target_mem=250Mi vpa_uncapped_cpu=224m vpa_uncapped_mem=250Mi vpa_lower_cpu=69m vpa_lower_mem=250Mi vpa_upper_cpu=1500m vpa_upper_mem=512Mi
[2026-08-22T00:24:53+02:00] UPF_CONTROL_SAMPLE timestamp=2026-08-22T00:24:51+02:00 scenario=ue_11 pod=open5gs-upf-5b9db6d44-nsbqz uid=7b5b8ef7-a2a2-4fe9-a3e1-74acd17bd88f restarts=6 usage_cpu=176m usage_mem=35Mi request_cpu=182m request_mem=250Mi limit_cpu=none limit_mem=none vpa_target_cpu=224m vpa_target_mem=250Mi vpa_uncapped_cpu=224m vpa_uncapped_mem=250Mi vpa_lower_cpu=69m vpa_lower_mem=250Mi vpa_upper_cpu=1500m vpa_upper_mem=512Mi
[2026-08-22T00:24:55+02:00] UPF_CONTROL_SAMPLE timestamp=2026-08-22T00:24:54+02:00 scenario=ue_11 pod=open5gs-upf-5b9db6d44-nsbqz uid=7b5b8ef7-a2a2-4fe9-a3e1-74acd17bd88f restarts=6 usage_cpu=176m usage_mem=35Mi request_cpu=182m request_mem=250Mi limit_cpu=none limit_mem=none vpa_target_cpu=224m vpa_target_mem=250Mi vpa_uncapped_cpu=224m vpa_uncapped_mem=250Mi vpa_lower_cpu=69m vpa_lower_mem=250Mi vpa_upper_cpu=1500m vpa_upper_mem=512Mi
[2026-08-22T00:24:57+02:00] UPF_CONTROL_SAMPLE timestamp=2026-08-22T00:24:56+02:00 scenario=ue_11 pod=open5gs-upf-5b9db6d44-nsbqz uid=7b5b8ef7-a2a2-4fe9-a3e1-74acd17bd88f restarts=6 usage_cpu=176m usage_mem=35Mi request_cpu=182m request_mem=250Mi limit_cpu=none limit_mem=none vpa_target_cpu=224m vpa_target_mem=250Mi vpa_uncapped_cpu=224m vpa_uncapped_mem=250Mi vpa_lower_cpu=69m vpa_lower_mem=250Mi vpa_upper_cpu=1500m vpa_upper_mem=512Mi
[2026-08-22T00:24:59+02:00] UPF_CONTROL_SAMPLE timestamp=2026-08-22T00:24:58+02:00 scenario=ue_11 pod=open5gs-upf-5b9db6d44-nsbqz uid=7b5b8ef7-a2a2-4fe9-a3e1-74acd17bd88f restarts=6 usage_cpu=176m usage_mem=35Mi request_cpu=182m request_mem=250Mi limit_cpu=none limit_mem=none vpa_target_cpu=224m vpa_target_mem=250Mi vpa_uncapped_cpu=224m vpa_uncapped_mem=250Mi vpa_lower_cpu=69m vpa_lower_mem=250Mi vpa_upper_cpu=1500m vpa_upper_mem=512Mi
[2026-08-22T00:25:01+02:00] UE_SLOT_DONE timestamp=2026-08-21T22:25:01+00:00 active_ues=11 slot=0 attempt=1 ue_idx=0 ue_if=uesimtun0 ue_ip=10.45.1.46 port=5201 rc=0 replacements_for_slot=0 server_busy_retries_for_slot=0
[2026-08-22T00:25:01+02:00] UE_SLOT_DONE timestamp=2026-08-21T22:25:01+00:00 active_ues=11 slot=1 attempt=1 ue_idx=1 ue_if=uesimtun1 ue_ip=10.45.1.47 port=5202 rc=0 replacements_for_slot=0 server_busy_retries_for_slot=0
[2026-08-22T00:25:02+02:00] UE_SLOT_DONE timestamp=2026-08-21T22:25:02+00:00 active_ues=11 slot=2 attempt=1 ue_idx=2 ue_if=uesimtun2 ue_ip=10.45.1.48 port=5203 rc=0 replacements_for_slot=0 server_busy_retries_for_slot=0
[2026-08-22T00:25:02+02:00] UE_SLOT_DONE timestamp=2026-08-21T22:25:02+00:00 active_ues=11 slot=3 attempt=1 ue_idx=3 ue_if=uesimtun3 ue_ip=10.45.1.49 port=5204 rc=0 replacements_for_slot=0 server_busy_retries_for_slot=0
[2026-08-22T00:25:03+02:00] UE_SLOT_DONE timestamp=2026-08-21T22:25:03+00:00 active_ues=11 slot=4 attempt=1 ue_idx=4 ue_if=uesimtun4 ue_ip=10.45.1.51 port=5205 rc=0 replacements_for_slot=0 server_busy_retries_for_slot=0
[2026-08-22T00:25:03+02:00] UE_SLOT_DONE timestamp=2026-08-21T22:25:03+00:00 active_ues=11 slot=5 attempt=1 ue_idx=5 ue_if=uesimtun5 ue_ip=10.45.1.52 port=5206 rc=0 replacements_for_slot=0 server_busy_retries_for_slot=0
[2026-08-22T00:25:03+02:00] UE_SLOT_DONE timestamp=2026-08-21T22:25:03+00:00 active_ues=11 slot=6 attempt=1 ue_idx=6 ue_if=uesimtun6 ue_ip=10.45.1.53 port=5207 rc=0 replacements_for_slot=0 server_busy_retries_for_slot=0
[2026-08-22T00:25:03+02:00] UE_SLOT_DONE timestamp=2026-08-21T22:25:03+00:00 active_ues=11 slot=7 attempt=1 ue_idx=7 ue_if=uesimtun7 ue_ip=10.45.1.54 port=5208 rc=0 replacements_for_slot=0 server_busy_retries_for_slot=0
[2026-08-22T00:25:03+02:00] UE_SLOT_DONE timestamp=2026-08-21T22:25:03+00:00 active_ues=11 slot=8 attempt=1 ue_idx=8 ue_if=uesimtun8 ue_ip=10.45.1.56 port=5209 rc=0 replacements_for_slot=0 server_busy_retries_for_slot=0
[2026-08-22T00:25:03+02:00] UPF_CONTROL_SAMPLE timestamp=2026-08-22T00:25:01+02:00 scenario=ue_11 pod=open5gs-upf-5b9db6d44-nsbqz uid=7b5b8ef7-a2a2-4fe9-a3e1-74acd17bd88f restarts=6 usage_cpu=176m usage_mem=35Mi request_cpu=182m request_mem=250Mi limit_cpu=none limit_mem=none vpa_target_cpu=224m vpa_target_mem=250Mi vpa_uncapped_cpu=224m vpa_uncapped_mem=250Mi vpa_lower_cpu=69m vpa_lower_mem=250Mi vpa_upper_cpu=1500m vpa_upper_mem=512Mi
[2026-08-22T00:25:04+02:00] UE_SLOT_DONE timestamp=2026-08-21T22:25:04+00:00 active_ues=11 slot=9 attempt=1 ue_idx=9 ue_if=uesimtun9 ue_ip=10.45.1.57 port=5210 rc=0 replacements_for_slot=0 server_busy_retries_for_slot=0
[2026-08-22T00:25:04+02:00] UE_SLOT_DONE timestamp=2026-08-21T22:25:04+00:00 active_ues=11 slot=10 attempt=1 ue_idx=10 ue_if=uesimtun10 ue_ip=10.45.1.50 port=5211 rc=0 replacements_for_slot=0 server_busy_retries_for_slot=0
[2026-08-22T00:25:05+02:00] TRAFFIC_SUMMARY timestamp=2026-08-21T22:25:05+00:00 registered_tunnels=50 active_ues=11 target_slots=11 completed_slots=11 final_failed_slots=0 replacements=0 problematic_ues=0 zombie_ues=0 connect_timeouts=0 stalls=0 deferred_stalls=0 process_failures=0 server_busy_retries=0 server_busy_failures=0 late_timeouts_accepted=0 scenario_bad_ues=0 global_suspect_ues=0 used_ues=11 target_host=192.168.1.211 initial_ports=5201-5211 replacement_ports=5251-5265 bitrate=1M start_delay=0.05 detection=no_rx_counter replacement_min_duration_s=5 adaptive_extension_max_s=1 iperf_exit_grace_s=3 server_busy_retries_limit=1 server_busy_retry_delay_s=2 late_replacement_after_end=disabled wait_for_iperf_exit=until_timeout global_suspect_policy=soft_reuse ramp_supervision=after_initial_start
[2026-08-22T00:25:05+02:00] UE_POOL_SCENARIO_BAD_CURRENT timestamp=2026-08-21T22:25:05+00:00 active_ues=11 indexes=
[2026-08-22T00:25:05+02:00] UPF_CONTROL_SAMPLE timestamp=2026-08-22T00:25:04+02:00 scenario=ue_11 pod=open5gs-upf-5b9db6d44-nsbqz uid=7b5b8ef7-a2a2-4fe9-a3e1-74acd17bd88f restarts=6 usage_cpu=176m usage_mem=35Mi request_cpu=182m request_mem=250Mi limit_cpu=none limit_mem=none vpa_target_cpu=224m vpa_target_mem=250Mi vpa_uncapped_cpu=224m vpa_uncapped_mem=250Mi vpa_lower_cpu=69m vpa_lower_mem=250Mi vpa_upper_cpu=1500m vpa_upper_mem=512Mi
[2026-08-22T00:25:05+02:00] UE_POOL_GLOBAL_SUSPECT_CURRENT timestamp=2026-08-21T22:25:05+00:00 active_ues=11 indexes=
[2026-08-22T00:25:05+02:00] REMOTE_IPERF_PER_UE_END timestamp=2026-08-21T22:25:05+00:00 active_ues=11 tag=ue_11 final_rc=0 completed_slots=11 replacements=0 problematic_ues=0 server_busy_retries=0 deferred_stalls=0 late_timeouts_accepted=0
[2026-08-22T00:25:05+02:00] SCENARIO TRAFFIC COMMAND END timestamp=2026-08-22T00:25:05+02:00 active_ue=11 rc=0
[2026-08-22T00:25:06+02:00] SCENARIO UPF AFTER timestamp=2026-08-22T00:25:06+02:00 active_ue=11 pod=open5gs-upf-5b9db6d44-nsbqz uid=7b5b8ef7-a2a2-4fe9-a3e1-74acd17bd88f restarts=6
[2026-08-22T00:25:06+02:00] SCENARIO END timestamp=2026-08-22T00:25:06+02:00 active_ue=11 rc=0
[2026-08-22T00:25:06+02:00] ================================================================
[2026-08-22T00:25:06+02:00] SCENARIO START timestamp=2026-08-22T00:25:06+02:00 active_ue=13 registered_ue_pool=50 target_host=192.168.1.211 ports=5201-5213 replacement_ports=5251-5265 bitrate_per_ue=1M start_delay=0.05 replacement_min_duration=5 adaptive_extension_max=1
[2026-08-22T00:25:06+02:00] ================================================================
[2026-08-22T00:25:06+02:00] SCENARIO TUNNEL CHECK timestamp=2026-08-22T00:25:06+02:00 active_ue=13 current_tunnels=50 required=50
[2026-08-22T00:25:07+02:00] SCENARIO UPF BEFORE timestamp=2026-08-22T00:25:07+02:00 active_ue=13 pod=open5gs-upf-5b9db6d44-nsbqz uid=7b5b8ef7-a2a2-4fe9-a3e1-74acd17bd88f restarts=6
[2026-08-22T00:25:08+02:00] REMOTE_IPERF_PER_UE_START timestamp=2026-08-21T22:25:08+00:00 active_ues=13 tag=ue_13 iperf_host=192.168.1.211 base_port=5201 replacement_base_port=5251 duration=80 bitrate=1M start_delay=0.05 detection=no_rx_counter connect_timeout_s=4 stall_seconds=5 replacement_limit=15 replacement_min_duration_s=5 adaptive_extension_max_s=1 iperf_exit_grace_s=3 server_busy_port_rebinds=1 late_replacement_after_end=disabled wait_for_iperf_exit=until_timeout global_suspect_policy=soft_reuse ramp_supervision=after_initial_start
[2026-08-22T00:25:08+02:00] UPF_CONTROL_SAMPLE timestamp=2026-08-22T00:25:06+02:00 scenario=ue_13 pod=open5gs-upf-5b9db6d44-nsbqz uid=7b5b8ef7-a2a2-4fe9-a3e1-74acd17bd88f restarts=6 usage_cpu=176m usage_mem=35Mi request_cpu=182m request_mem=250Mi limit_cpu=none limit_mem=none vpa_target_cpu=224m vpa_target_mem=250Mi vpa_uncapped_cpu=224m vpa_uncapped_mem=250Mi vpa_lower_cpu=69m vpa_lower_mem=250Mi vpa_upper_cpu=1500m vpa_upper_mem=512Mi
[2026-08-22T00:25:08+02:00] UE_POOL_STATUS timestamp=2026-08-21T22:25:08+00:00 active_ues=13 registered_tunnels=50 existing_global_suspect_ues=0 used_ues=0 policy=soft_reuse_global_suspects
[2026-08-22T00:25:08+02:00] UE_SLOT_ASSIGN timestamp=2026-08-21T22:25:08+00:00 active_ues=13 slot=0 ue_idx=0 ue_if=uesimtun0 ue_ip=10.45.1.46 candidate_reused_global_suspect=0
[2026-08-22T00:25:08+02:00] UE_SLOT_START timestamp=2026-08-21T22:25:08+00:00 active_ues=13 slot=0 attempt=1 ue_idx=0 ue_if=uesimtun0 ue_ip=10.45.1.46 target=192.168.1.211:5201 bitrate=1M duration_s=80 planned_end_epoch=1787351188 timeout_s=90 hard_timeout_epoch=1787351203 start_rx_bytes=527575
[2026-08-22T00:25:08+02:00] UE_SLOT_PID timestamp=2026-08-21T22:25:08+00:00 active_ues=13 slot=0 attempt=1 ue_idx=0 pid=12487
[2026-08-22T00:25:08+02:00] UE_SLOT_ASSIGN timestamp=2026-08-21T22:25:08+00:00 active_ues=13 slot=1 ue_idx=1 ue_if=uesimtun1 ue_ip=10.45.1.47 candidate_reused_global_suspect=0
[2026-08-22T00:25:08+02:00] UE_SLOT_START timestamp=2026-08-21T22:25:08+00:00 active_ues=13 slot=1 attempt=1 ue_idx=1 ue_if=uesimtun1 ue_ip=10.45.1.47 target=192.168.1.211:5202 bitrate=1M duration_s=80 planned_end_epoch=1787351188 timeout_s=90 hard_timeout_epoch=1787351203 start_rx_bytes=428593
[2026-08-22T00:25:08+02:00] UE_SLOT_PID timestamp=2026-08-21T22:25:08+00:00 active_ues=13 slot=1 attempt=1 ue_idx=1 pid=12512
[2026-08-22T00:25:09+02:00] UE_SLOT_ASSIGN timestamp=2026-08-21T22:25:09+00:00 active_ues=13 slot=2 ue_idx=2 ue_if=uesimtun2 ue_ip=10.45.1.48 candidate_reused_global_suspect=0
[2026-08-22T00:25:09+02:00] UE_SLOT_START timestamp=2026-08-21T22:25:09+00:00 active_ues=13 slot=2 attempt=1 ue_idx=2 ue_if=uesimtun2 ue_ip=10.45.1.48 target=192.168.1.211:5203 bitrate=1M duration_s=80 planned_end_epoch=1787351189 timeout_s=90 hard_timeout_epoch=1787351204 start_rx_bytes=426544
[2026-08-22T00:25:09+02:00] UE_SLOT_PID timestamp=2026-08-21T22:25:09+00:00 active_ues=13 slot=2 attempt=1 ue_idx=2 pid=12537
[2026-08-22T00:25:09+02:00] UE_SLOT_ASSIGN timestamp=2026-08-21T22:25:09+00:00 active_ues=13 slot=3 ue_idx=3 ue_if=uesimtun3 ue_ip=10.45.1.49 candidate_reused_global_suspect=0
[2026-08-22T00:25:09+02:00] UE_SLOT_START timestamp=2026-08-21T22:25:09+00:00 active_ues=13 slot=3 attempt=1 ue_idx=3 ue_if=uesimtun3 ue_ip=10.45.1.49 target=192.168.1.211:5204 bitrate=1M duration_s=80 planned_end_epoch=1787351189 timeout_s=90 hard_timeout_epoch=1787351204 start_rx_bytes=345363
[2026-08-22T00:25:09+02:00] UE_SLOT_PID timestamp=2026-08-21T22:25:09+00:00 active_ues=13 slot=3 attempt=1 ue_idx=3 pid=12562
[2026-08-22T00:25:09+02:00] UE_SLOT_ASSIGN timestamp=2026-08-21T22:25:09+00:00 active_ues=13 slot=4 ue_idx=4 ue_if=uesimtun4 ue_ip=10.45.1.51 candidate_reused_global_suspect=0
[2026-08-22T00:25:09+02:00] UE_SLOT_START timestamp=2026-08-21T22:25:09+00:00 active_ues=13 slot=4 attempt=1 ue_idx=4 ue_if=uesimtun4 ue_ip=10.45.1.51 target=192.168.1.211:5205 bitrate=1M duration_s=80 planned_end_epoch=1787351189 timeout_s=90 hard_timeout_epoch=1787351204 start_rx_bytes=342595
[2026-08-22T00:25:09+02:00] UE_SLOT_PID timestamp=2026-08-21T22:25:09+00:00 active_ues=13 slot=4 attempt=1 ue_idx=4 pid=12587
[2026-08-22T00:25:09+02:00] UE_SLOT_ASSIGN timestamp=2026-08-21T22:25:09+00:00 active_ues=13 slot=5 ue_idx=5 ue_if=uesimtun5 ue_ip=10.45.1.52 candidate_reused_global_suspect=0
[2026-08-22T00:25:09+02:00] UE_SLOT_START timestamp=2026-08-21T22:25:09+00:00 active_ues=13 slot=5 attempt=1 ue_idx=5 ue_if=uesimtun5 ue_ip=10.45.1.52 target=192.168.1.211:5206 bitrate=1M duration_s=80 planned_end_epoch=1787351189 timeout_s=90 hard_timeout_epoch=1787351204 start_rx_bytes=239389
[2026-08-22T00:25:09+02:00] UE_SLOT_PID timestamp=2026-08-21T22:25:09+00:00 active_ues=13 slot=5 attempt=1 ue_idx=5 pid=12612
[2026-08-22T00:25:09+02:00] UE_SLOT_ASSIGN timestamp=2026-08-21T22:25:09+00:00 active_ues=13 slot=6 ue_idx=6 ue_if=uesimtun6 ue_ip=10.45.1.53 candidate_reused_global_suspect=0
[2026-08-22T00:25:09+02:00] UE_SLOT_START timestamp=2026-08-21T22:25:09+00:00 active_ues=13 slot=6 attempt=1 ue_idx=6 ue_if=uesimtun6 ue_ip=10.45.1.53 target=192.168.1.211:5207 bitrate=1M duration_s=80 planned_end_epoch=1787351189 timeout_s=90 hard_timeout_epoch=1787351204 start_rx_bytes=249940
[2026-08-22T00:25:09+02:00] UE_SLOT_PID timestamp=2026-08-21T22:25:09+00:00 active_ues=13 slot=6 attempt=1 ue_idx=6 pid=12637
[2026-08-22T00:25:10+02:00] UE_SLOT_ASSIGN timestamp=2026-08-21T22:25:10+00:00 active_ues=13 slot=7 ue_idx=7 ue_if=uesimtun7 ue_ip=10.45.1.54 candidate_reused_global_suspect=0
[2026-08-22T00:25:10+02:00] UE_SLOT_START timestamp=2026-08-21T22:25:10+00:00 active_ues=13 slot=7 attempt=1 ue_idx=7 ue_if=uesimtun7 ue_ip=10.45.1.54 target=192.168.1.211:5208 bitrate=1M duration_s=80 planned_end_epoch=1787351190 timeout_s=90 hard_timeout_epoch=1787351205 start_rx_bytes=162221
[2026-08-22T00:25:10+02:00] UE_SLOT_PID timestamp=2026-08-21T22:25:10+00:00 active_ues=13 slot=7 attempt=1 ue_idx=7 pid=12662
[2026-08-22T00:25:10+02:00] UE_SLOT_ASSIGN timestamp=2026-08-21T22:25:10+00:00 active_ues=13 slot=8 ue_idx=8 ue_if=uesimtun8 ue_ip=10.45.1.56 candidate_reused_global_suspect=0
[2026-08-22T00:25:10+02:00] UE_SLOT_START timestamp=2026-08-21T22:25:10+00:00 active_ues=13 slot=8 attempt=1 ue_idx=8 ue_if=uesimtun8 ue_ip=10.45.1.56 target=192.168.1.211:5209 bitrate=1M duration_s=80 planned_end_epoch=1787351190 timeout_s=90 hard_timeout_epoch=1787351205 start_rx_bytes=166604
[2026-08-22T00:25:10+02:00] UE_SLOT_PID timestamp=2026-08-21T22:25:10+00:00 active_ues=13 slot=8 attempt=1 ue_idx=8 pid=12687
[2026-08-22T00:25:10+02:00] UE_SLOT_ASSIGN timestamp=2026-08-21T22:25:10+00:00 active_ues=13 slot=9 ue_idx=9 ue_if=uesimtun9 ue_ip=10.45.1.57 candidate_reused_global_suspect=0
[2026-08-22T00:25:10+02:00] UE_SLOT_START timestamp=2026-08-21T22:25:10+00:00 active_ues=13 slot=9 attempt=1 ue_idx=9 ue_if=uesimtun9 ue_ip=10.45.1.57 target=192.168.1.211:5210 bitrate=1M duration_s=80 planned_end_epoch=1787351190 timeout_s=90 hard_timeout_epoch=1787351205 start_rx_bytes=84508
[2026-08-22T00:25:10+02:00] UE_SLOT_PID timestamp=2026-08-21T22:25:10+00:00 active_ues=13 slot=9 attempt=1 ue_idx=9 pid=12712
[2026-08-22T00:25:10+02:00] UPF_CONTROL_SAMPLE timestamp=2026-08-22T00:25:09+02:00 scenario=ue_13 pod=open5gs-upf-5b9db6d44-nsbqz uid=7b5b8ef7-a2a2-4fe9-a3e1-74acd17bd88f restarts=6 usage_cpu=179m usage_mem=36Mi request_cpu=182m request_mem=250Mi limit_cpu=none limit_mem=none vpa_target_cpu=224m vpa_target_mem=250Mi vpa_uncapped_cpu=224m vpa_uncapped_mem=250Mi vpa_lower_cpu=69m vpa_lower_mem=250Mi vpa_upper_cpu=1500m vpa_upper_mem=512Mi
[2026-08-22T00:25:10+02:00] UE_SLOT_ASSIGN timestamp=2026-08-21T22:25:10+00:00 active_ues=13 slot=10 ue_idx=10 ue_if=uesimtun10 ue_ip=10.45.1.50 candidate_reused_global_suspect=0
[2026-08-22T00:25:10+02:00] UE_SLOT_START timestamp=2026-08-21T22:25:10+00:00 active_ues=13 slot=10 attempt=1 ue_idx=10 ue_if=uesimtun10 ue_ip=10.45.1.50 target=192.168.1.211:5211 bitrate=1M duration_s=80 planned_end_epoch=1787351190 timeout_s=90 hard_timeout_epoch=1787351205 start_rx_bytes=85008
[2026-08-22T00:25:10+02:00] UE_SLOT_PID timestamp=2026-08-21T22:25:10+00:00 active_ues=13 slot=10 attempt=1 ue_idx=10 pid=12737
[2026-08-22T00:25:11+02:00] UE_SLOT_ASSIGN timestamp=2026-08-21T22:25:11+00:00 active_ues=13 slot=11 ue_idx=11 ue_if=uesimtun11 ue_ip=10.45.1.60 candidate_reused_global_suspect=0
[2026-08-22T00:25:11+02:00] UE_SLOT_START timestamp=2026-08-21T22:25:11+00:00 active_ues=13 slot=11 attempt=1 ue_idx=11 ue_if=uesimtun11 ue_ip=10.45.1.60 target=192.168.1.211:5212 bitrate=1M duration_s=80 planned_end_epoch=1787351191 timeout_s=90 hard_timeout_epoch=1787351206 start_rx_bytes=0
[2026-08-22T00:25:11+02:00] UE_SLOT_PID timestamp=2026-08-21T22:25:11+00:00 active_ues=13 slot=11 attempt=1 ue_idx=11 pid=12762
[2026-08-22T00:25:11+02:00] UE_SLOT_ASSIGN timestamp=2026-08-21T22:25:11+00:00 active_ues=13 slot=12 ue_idx=12 ue_if=uesimtun12 ue_ip=10.45.1.55 candidate_reused_global_suspect=0
[2026-08-22T00:25:11+02:00] UE_SLOT_START timestamp=2026-08-21T22:25:11+00:00 active_ues=13 slot=12 attempt=1 ue_idx=12 ue_if=uesimtun12 ue_ip=10.45.1.55 target=192.168.1.211:5213 bitrate=1M duration_s=80 planned_end_epoch=1787351191 timeout_s=90 hard_timeout_epoch=1787351206 start_rx_bytes=0
[2026-08-22T00:25:11+02:00] UE_SLOT_PID timestamp=2026-08-21T22:25:11+00:00 active_ues=13 slot=12 attempt=1 ue_idx=12 pid=12787
[2026-08-22T00:25:11+02:00] IPERF_MAPPING_SUMMARY timestamp=2026-08-21T22:25:11+00:00 active_ues=13 registered_tunnels=50 initial_ports=5201-5213 replacement_ports=5251-5265 bitrate=1M start_delay=0.05 detection=no_rx_counter replacement_min_duration_s=5 adaptive_extension_max_s=1 iperf_exit_grace_s=3 server_busy_port_rebinds=1 late_replacement_after_end=disabled wait_for_iperf_exit=until_timeout global_suspect_policy=soft_reuse ramp_supervision=after_initial_start
[2026-08-22T00:25:13+02:00] UPF_CONTROL_SAMPLE timestamp=2026-08-22T00:25:11+02:00 scenario=ue_13 pod=open5gs-upf-5b9db6d44-nsbqz uid=7b5b8ef7-a2a2-4fe9-a3e1-74acd17bd88f restarts=6 usage_cpu=179m usage_mem=36Mi request_cpu=182m request_mem=250Mi limit_cpu=none limit_mem=none vpa_target_cpu=224m vpa_target_mem=250Mi vpa_uncapped_cpu=224m vpa_uncapped_mem=250Mi vpa_lower_cpu=69m vpa_lower_mem=250Mi vpa_upper_cpu=1500m vpa_upper_mem=512Mi
[2026-08-22T00:25:16+02:00] UPF_CONTROL_SAMPLE timestamp=2026-08-22T00:25:14+02:00 scenario=ue_13 pod=open5gs-upf-5b9db6d44-nsbqz uid=7b5b8ef7-a2a2-4fe9-a3e1-74acd17bd88f restarts=6 usage_cpu=179m usage_mem=36Mi request_cpu=182m request_mem=250Mi limit_cpu=none limit_mem=none vpa_target_cpu=224m vpa_target_mem=250Mi vpa_uncapped_cpu=224m vpa_uncapped_mem=250Mi vpa_lower_cpu=69m vpa_lower_mem=250Mi vpa_upper_cpu=1500m vpa_upper_mem=512Mi
[2026-08-22T00:25:18+02:00] UPF_CONTROL_SAMPLE timestamp=2026-08-22T00:25:17+02:00 scenario=ue_13 pod=open5gs-upf-5b9db6d44-nsbqz uid=7b5b8ef7-a2a2-4fe9-a3e1-74acd17bd88f restarts=6 usage_cpu=179m usage_mem=36Mi request_cpu=182m request_mem=250Mi limit_cpu=none limit_mem=none vpa_target_cpu=224m vpa_target_mem=250Mi vpa_uncapped_cpu=224m vpa_uncapped_mem=250Mi vpa_lower_cpu=69m vpa_lower_mem=250Mi vpa_upper_cpu=1500m vpa_upper_mem=512Mi
[2026-08-22T00:25:20+02:00] UPF_CONTROL_SAMPLE timestamp=2026-08-22T00:25:19+02:00 scenario=ue_13 pod=open5gs-upf-5b9db6d44-nsbqz uid=7b5b8ef7-a2a2-4fe9-a3e1-74acd17bd88f restarts=6 usage_cpu=179m usage_mem=36Mi request_cpu=182m request_mem=250Mi limit_cpu=none limit_mem=none vpa_target_cpu=224m vpa_target_mem=250Mi vpa_uncapped_cpu=224m vpa_uncapped_mem=250Mi vpa_lower_cpu=69m vpa_lower_mem=250Mi vpa_upper_cpu=1500m vpa_upper_mem=512Mi
[2026-08-22T00:25:23+02:00] UPF_CONTROL_SAMPLE timestamp=2026-08-22T00:25:21+02:00 scenario=ue_13 pod=open5gs-upf-5b9db6d44-nsbqz uid=7b5b8ef7-a2a2-4fe9-a3e1-74acd17bd88f restarts=6 usage_cpu=179m usage_mem=36Mi request_cpu=182m request_mem=250Mi limit_cpu=none limit_mem=none vpa_target_cpu=224m vpa_target_mem=250Mi vpa_uncapped_cpu=224m vpa_uncapped_mem=250Mi vpa_lower_cpu=69m vpa_lower_mem=250Mi vpa_upper_cpu=1500m vpa_upper_mem=512Mi
[2026-08-22T00:25:25+02:00] UPF_CONTROL_SAMPLE timestamp=2026-08-22T00:25:24+02:00 scenario=ue_13 pod=open5gs-upf-5b9db6d44-nsbqz uid=7b5b8ef7-a2a2-4fe9-a3e1-74acd17bd88f restarts=6 usage_cpu=149m usage_mem=35Mi request_cpu=182m request_mem=250Mi limit_cpu=none limit_mem=none vpa_target_cpu=224m vpa_target_mem=250Mi vpa_uncapped_cpu=224m vpa_uncapped_mem=250Mi vpa_lower_cpu=69m vpa_lower_mem=250Mi vpa_upper_cpu=1500m vpa_upper_mem=512Mi
[2026-08-22T00:25:27+02:00] UPF_REQUEST_CHANGE timestamp=2026-08-22T00:25:26+02:00 scenario=ue_13 pod=open5gs-upf-5b9db6d44-nsbqz uid=7b5b8ef7-a2a2-4fe9-a3e1-74acd17bd88f restarts=6 old='request_cpu=182m request_mem=250Mi limit_cpu=none limit_mem=none' new='request_cpu=224m request_mem=250Mi limit_cpu=none limit_mem=none' previous_5s_sample='timestamp=2026-08-22T00:25:21+02:00 scenario=ue_13 pod=open5gs-upf-5b9db6d44-nsbqz uid=7b5b8ef7-a2a2-4fe9-a3e1-74acd17bd88f restarts=6 usage_cpu=179m usage_mem=36Mi request_cpu=182m request_mem=250Mi limit_cpu=none limit_mem=none vpa_target_cpu=224m vpa_target_mem=250Mi vpa_uncapped_cpu=224m vpa_uncapped_mem=250Mi vpa_lower_cpu=69m vpa_lower_mem=250Mi vpa_upper_cpu=1500m vpa_upper_mem=512Mi' current_sample='timestamp=2026-08-22T00:25:26+02:00 scenario=ue_13 pod=open5gs-upf-5b9db6d44-nsbqz uid=7b5b8ef7-a2a2-4fe9-a3e1-74acd17bd88f restarts=6 usage_cpu=149m usage_mem=35Mi request_cpu=224m request_mem=250Mi limit_cpu=none limit_mem=none vpa_target_cpu=224m vpa_target_mem=250Mi vpa_uncapped_cpu=224m vpa_uncapped_mem=250Mi vpa_lower_cpu=69m vpa_lower_mem=250Mi vpa_upper_cpu=1500m vpa_upper_mem=512Mi'
[2026-08-22T00:25:27+02:00] UPF_CONTROL_SAMPLE timestamp=2026-08-22T00:25:26+02:00 scenario=ue_13 pod=open5gs-upf-5b9db6d44-nsbqz uid=7b5b8ef7-a2a2-4fe9-a3e1-74acd17bd88f restarts=6 usage_cpu=149m usage_mem=35Mi request_cpu=224m request_mem=250Mi limit_cpu=none limit_mem=none vpa_target_cpu=224m vpa_target_mem=250Mi vpa_uncapped_cpu=224m vpa_uncapped_mem=250Mi vpa_lower_cpu=69m vpa_lower_mem=250Mi vpa_upper_cpu=1500m vpa_upper_mem=512Mi
[2026-08-22T00:25:30+02:00] UPF_CONTROL_SAMPLE timestamp=2026-08-22T00:25:28+02:00 scenario=ue_13 pod=open5gs-upf-5b9db6d44-nsbqz uid=7b5b8ef7-a2a2-4fe9-a3e1-74acd17bd88f restarts=6 usage_cpu=149m usage_mem=35Mi request_cpu=224m request_mem=250Mi limit_cpu=none limit_mem=none vpa_target_cpu=224m vpa_target_mem=250Mi vpa_uncapped_cpu=224m vpa_uncapped_mem=250Mi vpa_lower_cpu=69m vpa_lower_mem=250Mi vpa_upper_cpu=1500m vpa_upper_mem=512Mi
[2026-08-22T00:25:32+02:00] VPA_RECOMMENDATION_CHANGE timestamp=2026-08-22T00:25:31+02:00 scenario=ue_13 old='vpa_target_cpu=224m vpa_target_mem=250Mi vpa_uncapped_cpu=224m vpa_uncapped_mem=250Mi vpa_lower_cpu=69m vpa_lower_mem=250Mi vpa_upper_cpu=1500m vpa_upper_mem=512Mi' new='vpa_target_cpu=182m vpa_target_mem=250Mi vpa_uncapped_cpu=182m vpa_uncapped_mem=250Mi vpa_lower_cpu=71m vpa_lower_mem=250Mi vpa_upper_cpu=1500m vpa_upper_mem=512Mi' previous_5s_sample='timestamp=2026-08-22T00:25:26+02:00 scenario=ue_13 pod=open5gs-upf-5b9db6d44-nsbqz uid=7b5b8ef7-a2a2-4fe9-a3e1-74acd17bd88f restarts=6 usage_cpu=149m usage_mem=35Mi request_cpu=224m request_mem=250Mi limit_cpu=none limit_mem=none vpa_target_cpu=224m vpa_target_mem=250Mi vpa_uncapped_cpu=224m vpa_uncapped_mem=250Mi vpa_lower_cpu=69m vpa_lower_mem=250Mi vpa_upper_cpu=1500m vpa_upper_mem=512Mi' current_sample='timestamp=2026-08-22T00:25:31+02:00 scenario=ue_13 pod=open5gs-upf-5b9db6d44-nsbqz uid=7b5b8ef7-a2a2-4fe9-a3e1-74acd17bd88f restarts=6 usage_cpu=149m usage_mem=35Mi request_cpu=224m request_mem=250Mi limit_cpu=none limit_mem=none vpa_target_cpu=182m vpa_target_mem=250Mi vpa_uncapped_cpu=182m vpa_uncapped_mem=250Mi vpa_lower_cpu=71m vpa_lower_mem=250Mi vpa_upper_cpu=1500m vpa_upper_mem=512Mi'
[2026-08-22T00:25:32+02:00] UPF_CONTROL_SAMPLE timestamp=2026-08-22T00:25:31+02:00 scenario=ue_13 pod=open5gs-upf-5b9db6d44-nsbqz uid=7b5b8ef7-a2a2-4fe9-a3e1-74acd17bd88f restarts=6 usage_cpu=149m usage_mem=35Mi request_cpu=224m request_mem=250Mi limit_cpu=none limit_mem=none vpa_target_cpu=182m vpa_target_mem=250Mi vpa_uncapped_cpu=182m vpa_uncapped_mem=250Mi vpa_lower_cpu=71m vpa_lower_mem=250Mi vpa_upper_cpu=1500m vpa_upper_mem=512Mi
[2026-08-22T00:25:35+02:00] UPF_CONTROL_SAMPLE timestamp=2026-08-22T00:25:33+02:00 scenario=ue_13 pod=open5gs-upf-5b9db6d44-nsbqz uid=7b5b8ef7-a2a2-4fe9-a3e1-74acd17bd88f restarts=6 usage_cpu=149m usage_mem=35Mi request_cpu=224m request_mem=250Mi limit_cpu=none limit_mem=none vpa_target_cpu=182m vpa_target_mem=250Mi vpa_uncapped_cpu=182m vpa_uncapped_mem=250Mi vpa_lower_cpu=71m vpa_lower_mem=250Mi vpa_upper_cpu=1500m vpa_upper_mem=512Mi
[2026-08-22T00:25:37+02:00] UPF_CONTROL_SAMPLE timestamp=2026-08-22T00:25:36+02:00 scenario=ue_13 pod=open5gs-upf-5b9db6d44-nsbqz uid=7b5b8ef7-a2a2-4fe9-a3e1-74acd17bd88f restarts=6 usage_cpu=149m usage_mem=35Mi request_cpu=224m request_mem=250Mi limit_cpu=none limit_mem=none vpa_target_cpu=182m vpa_target_mem=250Mi vpa_uncapped_cpu=182m vpa_uncapped_mem=250Mi vpa_lower_cpu=71m vpa_lower_mem=250Mi vpa_upper_cpu=1500m vpa_upper_mem=512Mi
[2026-08-22T00:25:39+02:00] UPF_CONTROL_SAMPLE timestamp=2026-08-22T00:25:38+02:00 scenario=ue_13 pod=open5gs-upf-5b9db6d44-nsbqz uid=7b5b8ef7-a2a2-4fe9-a3e1-74acd17bd88f restarts=6 usage_cpu=149m usage_mem=35Mi request_cpu=224m request_mem=250Mi limit_cpu=none limit_mem=none vpa_target_cpu=182m vpa_target_mem=250Mi vpa_uncapped_cpu=182m vpa_uncapped_mem=250Mi vpa_lower_cpu=71m vpa_lower_mem=250Mi vpa_upper_cpu=1500m vpa_upper_mem=512Mi
[2026-08-22T00:25:41+02:00] UPF_CONTROL_SAMPLE timestamp=2026-08-22T00:25:40+02:00 scenario=ue_13 pod=open5gs-upf-5b9db6d44-nsbqz uid=7b5b8ef7-a2a2-4fe9-a3e1-74acd17bd88f restarts=6 usage_cpu=219m usage_mem=36Mi request_cpu=224m request_mem=250Mi limit_cpu=none limit_mem=none vpa_target_cpu=182m vpa_target_mem=250Mi vpa_uncapped_cpu=182m vpa_uncapped_mem=250Mi vpa_lower_cpu=71m vpa_lower_mem=250Mi vpa_upper_cpu=1500m vpa_upper_mem=512Mi
[2026-08-22T00:25:44+02:00] UPF_CONTROL_SAMPLE timestamp=2026-08-22T00:25:43+02:00 scenario=ue_13 pod=open5gs-upf-5b9db6d44-nsbqz uid=7b5b8ef7-a2a2-4fe9-a3e1-74acd17bd88f restarts=6 usage_cpu=219m usage_mem=36Mi request_cpu=224m request_mem=250Mi limit_cpu=none limit_mem=none vpa_target_cpu=182m vpa_target_mem=250Mi vpa_uncapped_cpu=182m vpa_uncapped_mem=250Mi vpa_lower_cpu=71m vpa_lower_mem=250Mi vpa_upper_cpu=1500m vpa_upper_mem=512Mi
[2026-08-22T00:25:46+02:00] UPF_CONTROL_SAMPLE timestamp=2026-08-22T00:25:45+02:00 scenario=ue_13 pod=open5gs-upf-5b9db6d44-nsbqz uid=7b5b8ef7-a2a2-4fe9-a3e1-74acd17bd88f restarts=6 usage_cpu=219m usage_mem=36Mi request_cpu=224m request_mem=250Mi limit_cpu=none limit_mem=none vpa_target_cpu=182m vpa_target_mem=250Mi vpa_uncapped_cpu=182m vpa_uncapped_mem=250Mi vpa_lower_cpu=71m vpa_lower_mem=250Mi vpa_upper_cpu=1500m vpa_upper_mem=512Mi
[2026-08-22T00:25:49+02:00] UPF_CONTROL_SAMPLE timestamp=2026-08-22T00:25:47+02:00 scenario=ue_13 pod=open5gs-upf-5b9db6d44-nsbqz uid=7b5b8ef7-a2a2-4fe9-a3e1-74acd17bd88f restarts=6 usage_cpu=219m usage_mem=36Mi request_cpu=224m request_mem=250Mi limit_cpu=none limit_mem=none vpa_target_cpu=182m vpa_target_mem=250Mi vpa_uncapped_cpu=182m vpa_uncapped_mem=250Mi vpa_lower_cpu=71m vpa_lower_mem=250Mi vpa_upper_cpu=1500m vpa_upper_mem=512Mi
[2026-08-22T00:25:51+02:00] UPF_CONTROL_SAMPLE timestamp=2026-08-22T00:25:50+02:00 scenario=ue_13 pod=open5gs-upf-5b9db6d44-nsbqz uid=7b5b8ef7-a2a2-4fe9-a3e1-74acd17bd88f restarts=6 usage_cpu=219m usage_mem=36Mi request_cpu=224m request_mem=250Mi limit_cpu=none limit_mem=none vpa_target_cpu=182m vpa_target_mem=250Mi vpa_uncapped_cpu=182m vpa_uncapped_mem=250Mi vpa_lower_cpu=71m vpa_lower_mem=250Mi vpa_upper_cpu=1500m vpa_upper_mem=512Mi
[2026-08-22T00:25:53+02:00] UPF_CONTROL_SAMPLE timestamp=2026-08-22T00:25:52+02:00 scenario=ue_13 pod=open5gs-upf-5b9db6d44-nsbqz uid=7b5b8ef7-a2a2-4fe9-a3e1-74acd17bd88f restarts=6 usage_cpu=219m usage_mem=36Mi request_cpu=224m request_mem=250Mi limit_cpu=none limit_mem=none vpa_target_cpu=182m vpa_target_mem=250Mi vpa_uncapped_cpu=182m vpa_uncapped_mem=250Mi vpa_lower_cpu=71m vpa_lower_mem=250Mi vpa_upper_cpu=1500m vpa_upper_mem=512Mi
[2026-08-22T00:25:55+02:00] UPF_CONTROL_SAMPLE timestamp=2026-08-22T00:25:54+02:00 scenario=ue_13 pod=open5gs-upf-5b9db6d44-nsbqz uid=7b5b8ef7-a2a2-4fe9-a3e1-74acd17bd88f restarts=6 usage_cpu=220m usage_mem=35Mi request_cpu=224m request_mem=250Mi limit_cpu=none limit_mem=none vpa_target_cpu=182m vpa_target_mem=250Mi vpa_uncapped_cpu=182m vpa_uncapped_mem=250Mi vpa_lower_cpu=71m vpa_lower_mem=250Mi vpa_upper_cpu=1500m vpa_upper_mem=512Mi
[2026-08-22T00:25:58+02:00] UPF_CONTROL_SAMPLE timestamp=2026-08-22T00:25:56+02:00 scenario=ue_13 pod=open5gs-upf-5b9db6d44-nsbqz uid=7b5b8ef7-a2a2-4fe9-a3e1-74acd17bd88f restarts=6 usage_cpu=220m usage_mem=35Mi request_cpu=224m request_mem=250Mi limit_cpu=none limit_mem=none vpa_target_cpu=182m vpa_target_mem=250Mi vpa_uncapped_cpu=182m vpa_uncapped_mem=250Mi vpa_lower_cpu=71m vpa_lower_mem=250Mi vpa_upper_cpu=1500m vpa_upper_mem=512Mi
[2026-08-22T00:26:00+02:00] UPF_CONTROL_SAMPLE timestamp=2026-08-22T00:25:59+02:00 scenario=ue_13 pod=open5gs-upf-5b9db6d44-nsbqz uid=7b5b8ef7-a2a2-4fe9-a3e1-74acd17bd88f restarts=6 usage_cpu=220m usage_mem=35Mi request_cpu=224m request_mem=250Mi limit_cpu=none limit_mem=none vpa_target_cpu=182m vpa_target_mem=250Mi vpa_uncapped_cpu=182m vpa_uncapped_mem=250Mi vpa_lower_cpu=71m vpa_lower_mem=250Mi vpa_upper_cpu=1500m vpa_upper_mem=512Mi
[2026-08-22T00:26:02+02:00] UPF_CONTROL_SAMPLE timestamp=2026-08-22T00:26:01+02:00 scenario=ue_13 pod=open5gs-upf-5b9db6d44-nsbqz uid=7b5b8ef7-a2a2-4fe9-a3e1-74acd17bd88f restarts=6 usage_cpu=220m usage_mem=35Mi request_cpu=224m request_mem=250Mi limit_cpu=none limit_mem=none vpa_target_cpu=182m vpa_target_mem=250Mi vpa_uncapped_cpu=182m vpa_uncapped_mem=250Mi vpa_lower_cpu=71m vpa_lower_mem=250Mi vpa_upper_cpu=1500m vpa_upper_mem=512Mi
[2026-08-22T00:26:05+02:00] UPF_CONTROL_SAMPLE timestamp=2026-08-22T00:26:03+02:00 scenario=ue_13 pod=open5gs-upf-5b9db6d44-nsbqz uid=7b5b8ef7-a2a2-4fe9-a3e1-74acd17bd88f restarts=6 usage_cpu=220m usage_mem=35Mi request_cpu=224m request_mem=250Mi limit_cpu=none limit_mem=none vpa_target_cpu=182m vpa_target_mem=250Mi vpa_uncapped_cpu=182m vpa_uncapped_mem=250Mi vpa_lower_cpu=71m vpa_lower_mem=250Mi vpa_upper_cpu=1500m vpa_upper_mem=512Mi
[2026-08-22T00:26:07+02:00] UPF_CONTROL_SAMPLE timestamp=2026-08-22T00:26:06+02:00 scenario=ue_13 pod=open5gs-upf-5b9db6d44-nsbqz uid=7b5b8ef7-a2a2-4fe9-a3e1-74acd17bd88f restarts=6 usage_cpu=220m usage_mem=35Mi request_cpu=224m request_mem=250Mi limit_cpu=none limit_mem=none vpa_target_cpu=182m vpa_target_mem=250Mi vpa_uncapped_cpu=182m vpa_uncapped_mem=250Mi vpa_lower_cpu=71m vpa_lower_mem=250Mi vpa_upper_cpu=1500m vpa_upper_mem=512Mi
[2026-08-22T00:26:09+02:00] UPF_CONTROL_SAMPLE timestamp=2026-08-22T00:26:08+02:00 scenario=ue_13 pod=open5gs-upf-5b9db6d44-nsbqz uid=7b5b8ef7-a2a2-4fe9-a3e1-74acd17bd88f restarts=6 usage_cpu=220m usage_mem=35Mi request_cpu=224m request_mem=250Mi limit_cpu=none limit_mem=none vpa_target_cpu=182m vpa_target_mem=250Mi vpa_uncapped_cpu=182m vpa_uncapped_mem=250Mi vpa_lower_cpu=71m vpa_lower_mem=250Mi vpa_upper_cpu=1500m vpa_upper_mem=512Mi
[2026-08-22T00:26:12+02:00] UPF_CONTROL_SAMPLE timestamp=2026-08-22T00:26:10+02:00 scenario=ue_13 pod=open5gs-upf-5b9db6d44-nsbqz uid=7b5b8ef7-a2a2-4fe9-a3e1-74acd17bd88f restarts=6 usage_cpu=205m usage_mem=36Mi request_cpu=224m request_mem=250Mi limit_cpu=none limit_mem=none vpa_target_cpu=182m vpa_target_mem=250Mi vpa_uncapped_cpu=182m vpa_uncapped_mem=250Mi vpa_lower_cpu=71m vpa_lower_mem=250Mi vpa_upper_cpu=1500m vpa_upper_mem=512Mi
[2026-08-22T00:26:14+02:00] UPF_CONTROL_SAMPLE timestamp=2026-08-22T00:26:13+02:00 scenario=ue_13 pod=open5gs-upf-5b9db6d44-nsbqz uid=7b5b8ef7-a2a2-4fe9-a3e1-74acd17bd88f restarts=6 usage_cpu=205m usage_mem=36Mi request_cpu=224m request_mem=250Mi limit_cpu=none limit_mem=none vpa_target_cpu=182m vpa_target_mem=250Mi vpa_uncapped_cpu=182m vpa_uncapped_mem=250Mi vpa_lower_cpu=71m vpa_lower_mem=250Mi vpa_upper_cpu=1500m vpa_upper_mem=512Mi
[2026-08-22T00:26:16+02:00] UPF_CONTROL_SAMPLE timestamp=2026-08-22T00:26:15+02:00 scenario=ue_13 pod=open5gs-upf-5b9db6d44-nsbqz uid=7b5b8ef7-a2a2-4fe9-a3e1-74acd17bd88f restarts=6 usage_cpu=205m usage_mem=36Mi request_cpu=224m request_mem=250Mi limit_cpu=none limit_mem=none vpa_target_cpu=182m vpa_target_mem=250Mi vpa_uncapped_cpu=182m vpa_uncapped_mem=250Mi vpa_lower_cpu=71m vpa_lower_mem=250Mi vpa_upper_cpu=1500m vpa_upper_mem=512Mi
[2026-08-22T00:26:19+02:00] UPF_CONTROL_SAMPLE timestamp=2026-08-22T00:26:17+02:00 scenario=ue_13 pod=open5gs-upf-5b9db6d44-nsbqz uid=7b5b8ef7-a2a2-4fe9-a3e1-74acd17bd88f restarts=6 usage_cpu=205m usage_mem=36Mi request_cpu=224m request_mem=250Mi limit_cpu=none limit_mem=none vpa_target_cpu=182m vpa_target_mem=250Mi vpa_uncapped_cpu=182m vpa_uncapped_mem=250Mi vpa_lower_cpu=71m vpa_lower_mem=250Mi vpa_upper_cpu=1500m vpa_upper_mem=512Mi
[2026-08-22T00:26:21+02:00] UPF_CONTROL_SAMPLE timestamp=2026-08-22T00:26:20+02:00 scenario=ue_13 pod=open5gs-upf-5b9db6d44-nsbqz uid=7b5b8ef7-a2a2-4fe9-a3e1-74acd17bd88f restarts=6 usage_cpu=205m usage_mem=36Mi request_cpu=224m request_mem=250Mi limit_cpu=none limit_mem=none vpa_target_cpu=182m vpa_target_mem=250Mi vpa_uncapped_cpu=182m vpa_uncapped_mem=250Mi vpa_lower_cpu=71m vpa_lower_mem=250Mi vpa_upper_cpu=1500m vpa_upper_mem=512Mi
[2026-08-22T00:26:23+02:00] UPF_CONTROL_SAMPLE timestamp=2026-08-22T00:26:22+02:00 scenario=ue_13 pod=open5gs-upf-5b9db6d44-nsbqz uid=7b5b8ef7-a2a2-4fe9-a3e1-74acd17bd88f restarts=6 usage_cpu=205m usage_mem=36Mi request_cpu=224m request_mem=250Mi limit_cpu=none limit_mem=none vpa_target_cpu=182m vpa_target_mem=250Mi vpa_uncapped_cpu=182m vpa_uncapped_mem=250Mi vpa_lower_cpu=71m vpa_lower_mem=250Mi vpa_upper_cpu=1500m vpa_upper_mem=512Mi
[2026-08-22T00:26:26+02:00] UPF_CONTROL_SAMPLE timestamp=2026-08-22T00:26:24+02:00 scenario=ue_13 pod=open5gs-upf-5b9db6d44-nsbqz uid=7b5b8ef7-a2a2-4fe9-a3e1-74acd17bd88f restarts=6 usage_cpu=205m usage_mem=36Mi request_cpu=224m request_mem=250Mi limit_cpu=none limit_mem=none vpa_target_cpu=182m vpa_target_mem=250Mi vpa_uncapped_cpu=182m vpa_uncapped_mem=250Mi vpa_lower_cpu=71m vpa_lower_mem=250Mi vpa_upper_cpu=1500m vpa_upper_mem=512Mi
[2026-08-22T00:26:28+02:00] UPF_REQUEST_CHANGE timestamp=2026-08-22T00:26:27+02:00 scenario=ue_13 pod=open5gs-upf-5b9db6d44-nsbqz uid=7b5b8ef7-a2a2-4fe9-a3e1-74acd17bd88f restarts=6 old='request_cpu=224m request_mem=250Mi limit_cpu=none limit_mem=none' new='request_cpu=182m request_mem=250Mi limit_cpu=none limit_mem=none' previous_5s_sample='timestamp=2026-08-22T00:26:22+02:00 scenario=ue_13 pod=open5gs-upf-5b9db6d44-nsbqz uid=7b5b8ef7-a2a2-4fe9-a3e1-74acd17bd88f restarts=6 usage_cpu=205m usage_mem=36Mi request_cpu=224m request_mem=250Mi limit_cpu=none limit_mem=none vpa_target_cpu=182m vpa_target_mem=250Mi vpa_uncapped_cpu=182m vpa_uncapped_mem=250Mi vpa_lower_cpu=71m vpa_lower_mem=250Mi vpa_upper_cpu=1500m vpa_upper_mem=512Mi' current_sample='timestamp=2026-08-22T00:26:27+02:00 scenario=ue_13 pod=open5gs-upf-5b9db6d44-nsbqz uid=7b5b8ef7-a2a2-4fe9-a3e1-74acd17bd88f restarts=6 usage_cpu=205m usage_mem=36Mi request_cpu=182m request_mem=250Mi limit_cpu=none limit_mem=none vpa_target_cpu=182m vpa_target_mem=250Mi vpa_uncapped_cpu=182m vpa_uncapped_mem=250Mi vpa_lower_cpu=71m vpa_lower_mem=250Mi vpa_upper_cpu=1500m vpa_upper_mem=512Mi'
[2026-08-22T00:26:28+02:00] UPF_CONTROL_SAMPLE timestamp=2026-08-22T00:26:27+02:00 scenario=ue_13 pod=open5gs-upf-5b9db6d44-nsbqz uid=7b5b8ef7-a2a2-4fe9-a3e1-74acd17bd88f restarts=6 usage_cpu=205m usage_mem=36Mi request_cpu=182m request_mem=250Mi limit_cpu=none limit_mem=none vpa_target_cpu=182m vpa_target_mem=250Mi vpa_uncapped_cpu=182m vpa_uncapped_mem=250Mi vpa_lower_cpu=71m vpa_lower_mem=250Mi vpa_upper_cpu=1500m vpa_upper_mem=512Mi
[2026-08-22T00:26:29+02:00] UE_SLOT_DONE timestamp=2026-08-21T22:26:29+00:00 active_ues=13 slot=0 attempt=1 ue_idx=0 ue_if=uesimtun0 ue_ip=10.45.1.46 port=5201 rc=0 replacements_for_slot=0 server_busy_retries_for_slot=0
[2026-08-22T00:26:29+02:00] UE_SLOT_DONE timestamp=2026-08-21T22:26:29+00:00 active_ues=13 slot=1 attempt=1 ue_idx=1 ue_if=uesimtun1 ue_ip=10.45.1.47 port=5202 rc=0 replacements_for_slot=0 server_busy_retries_for_slot=0
[2026-08-22T00:26:30+02:00] UE_SLOT_DONE timestamp=2026-08-21T22:26:30+00:00 active_ues=13 slot=2 attempt=1 ue_idx=2 ue_if=uesimtun2 ue_ip=10.45.1.48 port=5203 rc=0 replacements_for_slot=0 server_busy_retries_for_slot=0
[2026-08-22T00:26:30+02:00] UE_SLOT_DONE timestamp=2026-08-21T22:26:30+00:00 active_ues=13 slot=3 attempt=1 ue_idx=3 ue_if=uesimtun3 ue_ip=10.45.1.49 port=5204 rc=0 replacements_for_slot=0 server_busy_retries_for_slot=0
[2026-08-22T00:26:30+02:00] UE_SLOT_DONE timestamp=2026-08-21T22:26:30+00:00 active_ues=13 slot=4 attempt=1 ue_idx=4 ue_if=uesimtun4 ue_ip=10.45.1.51 port=5205 rc=0 replacements_for_slot=0 server_busy_retries_for_slot=0
[2026-08-22T00:26:30+02:00] UE_SLOT_DONE timestamp=2026-08-21T22:26:30+00:00 active_ues=13 slot=5 attempt=1 ue_idx=5 ue_if=uesimtun5 ue_ip=10.45.1.52 port=5206 rc=0 replacements_for_slot=0 server_busy_retries_for_slot=0
[2026-08-22T00:26:30+02:00] UE_SLOT_DONE timestamp=2026-08-21T22:26:30+00:00 active_ues=13 slot=6 attempt=1 ue_idx=6 ue_if=uesimtun6 ue_ip=10.45.1.53 port=5207 rc=0 replacements_for_slot=0 server_busy_retries_for_slot=0
[2026-08-22T00:26:30+02:00] UPF_CONTROL_SAMPLE timestamp=2026-08-22T00:26:29+02:00 scenario=ue_13 pod=open5gs-upf-5b9db6d44-nsbqz uid=7b5b8ef7-a2a2-4fe9-a3e1-74acd17bd88f restarts=6 usage_cpu=205m usage_mem=36Mi request_cpu=182m request_mem=250Mi limit_cpu=none limit_mem=none vpa_target_cpu=182m vpa_target_mem=250Mi vpa_uncapped_cpu=182m vpa_uncapped_mem=250Mi vpa_lower_cpu=71m vpa_lower_mem=250Mi vpa_upper_cpu=1500m vpa_upper_mem=512Mi
[2026-08-22T00:26:31+02:00] UE_SLOT_DONE timestamp=2026-08-21T22:26:31+00:00 active_ues=13 slot=7 attempt=1 ue_idx=7 ue_if=uesimtun7 ue_ip=10.45.1.54 port=5208 rc=0 replacements_for_slot=0 server_busy_retries_for_slot=0
[2026-08-22T00:26:31+02:00] UE_SLOT_DONE timestamp=2026-08-21T22:26:31+00:00 active_ues=13 slot=8 attempt=1 ue_idx=8 ue_if=uesimtun8 ue_ip=10.45.1.56 port=5209 rc=0 replacements_for_slot=0 server_busy_retries_for_slot=0
[2026-08-22T00:26:31+02:00] UE_SLOT_DONE timestamp=2026-08-21T22:26:31+00:00 active_ues=13 slot=9 attempt=1 ue_idx=9 ue_if=uesimtun9 ue_ip=10.45.1.57 port=5210 rc=0 replacements_for_slot=0 server_busy_retries_for_slot=0
[2026-08-22T00:26:31+02:00] UE_SLOT_DONE timestamp=2026-08-21T22:26:31+00:00 active_ues=13 slot=10 attempt=1 ue_idx=10 ue_if=uesimtun10 ue_ip=10.45.1.50 port=5211 rc=0 replacements_for_slot=0 server_busy_retries_for_slot=0
[2026-08-22T00:26:31+02:00] UE_SLOT_DONE timestamp=2026-08-21T22:26:31+00:00 active_ues=13 slot=11 attempt=1 ue_idx=11 ue_if=uesimtun11 ue_ip=10.45.1.60 port=5212 rc=0 replacements_for_slot=0 server_busy_retries_for_slot=0
[2026-08-22T00:26:31+02:00] UE_SLOT_DONE timestamp=2026-08-21T22:26:31+00:00 active_ues=13 slot=12 attempt=1 ue_idx=12 ue_if=uesimtun12 ue_ip=10.45.1.55 port=5213 rc=0 replacements_for_slot=0 server_busy_retries_for_slot=0
[2026-08-22T00:26:32+02:00] TRAFFIC_SUMMARY timestamp=2026-08-21T22:26:32+00:00 registered_tunnels=50 active_ues=13 target_slots=13 completed_slots=13 final_failed_slots=0 replacements=0 problematic_ues=0 zombie_ues=0 connect_timeouts=0 stalls=0 deferred_stalls=0 process_failures=0 server_busy_retries=0 server_busy_failures=0 late_timeouts_accepted=0 scenario_bad_ues=0 global_suspect_ues=0 used_ues=13 target_host=192.168.1.211 initial_ports=5201-5213 replacement_ports=5251-5265 bitrate=1M start_delay=0.05 detection=no_rx_counter replacement_min_duration_s=5 adaptive_extension_max_s=1 iperf_exit_grace_s=3 server_busy_retries_limit=1 server_busy_retry_delay_s=2 late_replacement_after_end=disabled wait_for_iperf_exit=until_timeout global_suspect_policy=soft_reuse ramp_supervision=after_initial_start
[2026-08-22T00:26:32+02:00] UE_POOL_SCENARIO_BAD_CURRENT timestamp=2026-08-21T22:26:32+00:00 active_ues=13 indexes=
[2026-08-22T00:26:33+02:00] UE_POOL_GLOBAL_SUSPECT_CURRENT timestamp=2026-08-21T22:26:32+00:00 active_ues=13 indexes=
[2026-08-22T00:26:33+02:00] REMOTE_IPERF_PER_UE_END timestamp=2026-08-21T22:26:33+00:00 active_ues=13 tag=ue_13 final_rc=0 completed_slots=13 replacements=0 problematic_ues=0 server_busy_retries=0 deferred_stalls=0 late_timeouts_accepted=0
[2026-08-22T00:26:33+02:00] SCENARIO TRAFFIC COMMAND END timestamp=2026-08-22T00:26:33+02:00 active_ue=13 rc=0
[2026-08-22T00:26:33+02:00] VPA_RECOMMENDATION_CHANGE timestamp=2026-08-22T00:26:31+02:00 scenario=ue_13 old='vpa_target_cpu=182m vpa_target_mem=250Mi vpa_uncapped_cpu=182m vpa_uncapped_mem=250Mi vpa_lower_cpu=71m vpa_lower_mem=250Mi vpa_upper_cpu=1500m vpa_upper_mem=512Mi' new='vpa_target_cpu=224m vpa_target_mem=250Mi vpa_uncapped_cpu=224m vpa_uncapped_mem=250Mi vpa_lower_cpu=72m vpa_lower_mem=250Mi vpa_upper_cpu=1500m vpa_upper_mem=512Mi' previous_5s_sample='timestamp=2026-08-22T00:26:24+02:00 scenario=ue_13 pod=open5gs-upf-5b9db6d44-nsbqz uid=7b5b8ef7-a2a2-4fe9-a3e1-74acd17bd88f restarts=6 usage_cpu=205m usage_mem=36Mi request_cpu=224m request_mem=250Mi limit_cpu=none limit_mem=none vpa_target_cpu=182m vpa_target_mem=250Mi vpa_uncapped_cpu=182m vpa_uncapped_mem=250Mi vpa_lower_cpu=71m vpa_lower_mem=250Mi vpa_upper_cpu=1500m vpa_upper_mem=512Mi' current_sample='timestamp=2026-08-22T00:26:31+02:00 scenario=ue_13 pod=open5gs-upf-5b9db6d44-nsbqz uid=7b5b8ef7-a2a2-4fe9-a3e1-74acd17bd88f restarts=6 usage_cpu=205m usage_mem=36Mi request_cpu=182m request_mem=250Mi limit_cpu=none limit_mem=none vpa_target_cpu=224m vpa_target_mem=250Mi vpa_uncapped_cpu=224m vpa_uncapped_mem=250Mi vpa_lower_cpu=72m vpa_lower_mem=250Mi vpa_upper_cpu=1500m vpa_upper_mem=512Mi'
[2026-08-22T00:26:33+02:00] UPF_CONTROL_SAMPLE timestamp=2026-08-22T00:26:31+02:00 scenario=ue_13 pod=open5gs-upf-5b9db6d44-nsbqz uid=7b5b8ef7-a2a2-4fe9-a3e1-74acd17bd88f restarts=6 usage_cpu=205m usage_mem=36Mi request_cpu=182m request_mem=250Mi limit_cpu=none limit_mem=none vpa_target_cpu=224m vpa_target_mem=250Mi vpa_uncapped_cpu=224m vpa_uncapped_mem=250Mi vpa_lower_cpu=72m vpa_lower_mem=250Mi vpa_upper_cpu=1500m vpa_upper_mem=512Mi
[2026-08-22T00:26:33+02:00] SCENARIO UPF AFTER timestamp=2026-08-22T00:26:33+02:00 active_ue=13 pod=open5gs-upf-5b9db6d44-nsbqz uid=7b5b8ef7-a2a2-4fe9-a3e1-74acd17bd88f restarts=6
[2026-08-22T00:26:33+02:00] SCENARIO END timestamp=2026-08-22T00:26:33+02:00 active_ue=13 rc=0
[2026-08-22T00:26:33+02:00] ================================================================
[2026-08-22T00:26:33+02:00] SCENARIO START timestamp=2026-08-22T00:26:33+02:00 active_ue=15 registered_ue_pool=50 target_host=192.168.1.211 ports=5201-5215 replacement_ports=5251-5265 bitrate_per_ue=1M start_delay=0.05 replacement_min_duration=5 adaptive_extension_max=1
[2026-08-22T00:26:33+02:00] ================================================================
[2026-08-22T00:26:34+02:00] SCENARIO TUNNEL CHECK timestamp=2026-08-22T00:26:34+02:00 active_ue=15 current_tunnels=50 required=50
[2026-08-22T00:26:35+02:00] SCENARIO UPF BEFORE timestamp=2026-08-22T00:26:35+02:00 active_ue=15 pod=open5gs-upf-5b9db6d44-nsbqz uid=7b5b8ef7-a2a2-4fe9-a3e1-74acd17bd88f restarts=6
[2026-08-22T00:26:35+02:00] UPF_CONTROL_SAMPLE timestamp=2026-08-22T00:26:34+02:00 scenario=ue_15 pod=open5gs-upf-5b9db6d44-nsbqz uid=7b5b8ef7-a2a2-4fe9-a3e1-74acd17bd88f restarts=6 usage_cpu=205m usage_mem=36Mi request_cpu=182m request_mem=250Mi limit_cpu=none limit_mem=none vpa_target_cpu=224m vpa_target_mem=250Mi vpa_uncapped_cpu=224m vpa_uncapped_mem=250Mi vpa_lower_cpu=72m vpa_lower_mem=250Mi vpa_upper_cpu=1500m vpa_upper_mem=512Mi
[2026-08-22T00:26:35+02:00] REMOTE_IPERF_PER_UE_START timestamp=2026-08-21T22:26:35+00:00 active_ues=15 tag=ue_15 iperf_host=192.168.1.211 base_port=5201 replacement_base_port=5251 duration=80 bitrate=1M start_delay=0.05 detection=no_rx_counter connect_timeout_s=4 stall_seconds=5 replacement_limit=15 replacement_min_duration_s=5 adaptive_extension_max_s=1 iperf_exit_grace_s=3 server_busy_port_rebinds=1 late_replacement_after_end=disabled wait_for_iperf_exit=until_timeout global_suspect_policy=soft_reuse ramp_supervision=after_initial_start
[2026-08-22T00:26:35+02:00] UE_POOL_STATUS timestamp=2026-08-21T22:26:35+00:00 active_ues=15 registered_tunnels=50 existing_global_suspect_ues=0 used_ues=0 policy=soft_reuse_global_suspects
[2026-08-22T00:26:35+02:00] UE_SLOT_ASSIGN timestamp=2026-08-21T22:26:35+00:00 active_ues=15 slot=0 ue_idx=0 ue_if=uesimtun0 ue_ip=10.45.1.46 candidate_reused_global_suspect=0
[2026-08-22T00:26:35+02:00] UE_SLOT_START timestamp=2026-08-21T22:26:35+00:00 active_ues=15 slot=0 attempt=1 ue_idx=0 ue_if=uesimtun0 ue_ip=10.45.1.46 target=192.168.1.211:5201 bitrate=1M duration_s=80 planned_end_epoch=1787351275 timeout_s=90 hard_timeout_epoch=1787351290 start_rx_bytes=613783
[2026-08-22T00:26:35+02:00] UE_SLOT_PID timestamp=2026-08-21T22:26:35+00:00 active_ues=15 slot=0 attempt=1 ue_idx=0 pid=15546
[2026-08-22T00:26:36+02:00] UE_SLOT_ASSIGN timestamp=2026-08-21T22:26:36+00:00 active_ues=15 slot=1 ue_idx=1 ue_if=uesimtun1 ue_ip=10.45.1.47 candidate_reused_global_suspect=0
[2026-08-22T00:26:36+02:00] UE_SLOT_START timestamp=2026-08-21T22:26:36+00:00 active_ues=15 slot=1 attempt=1 ue_idx=1 ue_if=uesimtun1 ue_ip=10.45.1.47 target=192.168.1.211:5202 bitrate=1M duration_s=80 planned_end_epoch=1787351276 timeout_s=90 hard_timeout_epoch=1787351291 start_rx_bytes=513923
[2026-08-22T00:26:36+02:00] UE_SLOT_PID timestamp=2026-08-21T22:26:36+00:00 active_ues=15 slot=1 attempt=1 ue_idx=1 pid=15571
[2026-08-22T00:26:36+02:00] UE_SLOT_ASSIGN timestamp=2026-08-21T22:26:36+00:00 active_ues=15 slot=2 ue_idx=2 ue_if=uesimtun2 ue_ip=10.45.1.48 candidate_reused_global_suspect=0
[2026-08-22T00:26:36+02:00] UE_SLOT_START timestamp=2026-08-21T22:26:36+00:00 active_ues=15 slot=2 attempt=1 ue_idx=2 ue_if=uesimtun2 ue_ip=10.45.1.48 target=192.168.1.211:5203 bitrate=1M duration_s=80 planned_end_epoch=1787351276 timeout_s=90 hard_timeout_epoch=1787351291 start_rx_bytes=507810
[2026-08-22T00:26:36+02:00] UE_SLOT_PID timestamp=2026-08-21T22:26:36+00:00 active_ues=15 slot=2 attempt=1 ue_idx=2 pid=15596
[2026-08-22T00:26:36+02:00] UE_SLOT_ASSIGN timestamp=2026-08-21T22:26:36+00:00 active_ues=15 slot=3 ue_idx=3 ue_if=uesimtun3 ue_ip=10.45.1.49 candidate_reused_global_suspect=0
[2026-08-22T00:26:36+02:00] UE_SLOT_START timestamp=2026-08-21T22:26:36+00:00 active_ues=15 slot=3 attempt=1 ue_idx=3 ue_if=uesimtun3 ue_ip=10.45.1.49 target=192.168.1.211:5204 bitrate=1M duration_s=80 planned_end_epoch=1787351276 timeout_s=90 hard_timeout_epoch=1787351291 start_rx_bytes=427567
[2026-08-22T00:26:36+02:00] UE_SLOT_PID timestamp=2026-08-21T22:26:36+00:00 active_ues=15 slot=3 attempt=1 ue_idx=3 pid=15621
[2026-08-22T00:26:36+02:00] UE_SLOT_ASSIGN timestamp=2026-08-21T22:26:36+00:00 active_ues=15 slot=4 ue_idx=4 ue_if=uesimtun4 ue_ip=10.45.1.51 candidate_reused_global_suspect=0
[2026-08-22T00:26:36+02:00] UE_SLOT_START timestamp=2026-08-21T22:26:36+00:00 active_ues=15 slot=4 attempt=1 ue_idx=4 ue_if=uesimtun4 ue_ip=10.45.1.51 target=192.168.1.211:5205 bitrate=1M duration_s=80 planned_end_epoch=1787351276 timeout_s=90 hard_timeout_epoch=1787351291 start_rx_bytes=429810
[2026-08-22T00:26:36+02:00] UE_SLOT_PID timestamp=2026-08-21T22:26:36+00:00 active_ues=15 slot=4 attempt=1 ue_idx=4 pid=15646
[2026-08-22T00:26:36+02:00] UE_SLOT_ASSIGN timestamp=2026-08-21T22:26:36+00:00 active_ues=15 slot=5 ue_idx=5 ue_if=uesimtun5 ue_ip=10.45.1.52 candidate_reused_global_suspect=0
[2026-08-22T00:26:36+02:00] UE_SLOT_START timestamp=2026-08-21T22:26:36+00:00 active_ues=15 slot=5 attempt=1 ue_idx=5 ue_if=uesimtun5 ue_ip=10.45.1.52 target=192.168.1.211:5206 bitrate=1M duration_s=80 planned_end_epoch=1787351276 timeout_s=90 hard_timeout_epoch=1787351291 start_rx_bytes=321722
[2026-08-22T00:26:36+02:00] UE_SLOT_PID timestamp=2026-08-21T22:26:36+00:00 active_ues=15 slot=5 attempt=1 ue_idx=5 pid=15671
[2026-08-22T00:26:37+02:00] UE_SLOT_ASSIGN timestamp=2026-08-21T22:26:37+00:00 active_ues=15 slot=6 ue_idx=6 ue_if=uesimtun6 ue_ip=10.45.1.53 candidate_reused_global_suspect=0
[2026-08-22T00:26:37+02:00] UE_SLOT_START timestamp=2026-08-21T22:26:37+00:00 active_ues=15 slot=6 attempt=1 ue_idx=6 ue_if=uesimtun6 ue_ip=10.45.1.53 target=192.168.1.211:5207 bitrate=1M duration_s=80 planned_end_epoch=1787351277 timeout_s=90 hard_timeout_epoch=1787351292 start_rx_bytes=334220
[2026-08-22T00:26:37+02:00] UE_SLOT_PID timestamp=2026-08-21T22:26:37+00:00 active_ues=15 slot=6 attempt=1 ue_idx=6 pid=15696
[2026-08-22T00:26:37+02:00] UE_SLOT_ASSIGN timestamp=2026-08-21T22:26:37+00:00 active_ues=15 slot=7 ue_idx=7 ue_if=uesimtun7 ue_ip=10.45.1.54 candidate_reused_global_suspect=0
[2026-08-22T00:26:37+02:00] UE_SLOT_START timestamp=2026-08-21T22:26:37+00:00 active_ues=15 slot=7 attempt=1 ue_idx=7 ue_if=uesimtun7 ue_ip=10.45.1.54 target=192.168.1.211:5208 bitrate=1M duration_s=80 planned_end_epoch=1787351277 timeout_s=90 hard_timeout_epoch=1787351292 start_rx_bytes=246694
[2026-08-22T00:26:37+02:00] UE_SLOT_PID timestamp=2026-08-21T22:26:37+00:00 active_ues=15 slot=7 attempt=1 ue_idx=7 pid=15721
[2026-08-22T00:26:37+02:00] UE_SLOT_ASSIGN timestamp=2026-08-21T22:26:37+00:00 active_ues=15 slot=8 ue_idx=8 ue_if=uesimtun8 ue_ip=10.45.1.56 candidate_reused_global_suspect=0
[2026-08-22T00:26:37+02:00] UE_SLOT_START timestamp=2026-08-21T22:26:37+00:00 active_ues=15 slot=8 attempt=1 ue_idx=8 ue_if=uesimtun8 ue_ip=10.45.1.56 target=192.168.1.211:5209 bitrate=1M duration_s=80 planned_end_epoch=1787351277 timeout_s=90 hard_timeout_epoch=1787351292 start_rx_bytes=251328
[2026-08-22T00:26:37+02:00] UE_SLOT_PID timestamp=2026-08-21T22:26:37+00:00 active_ues=15 slot=8 attempt=1 ue_idx=8 pid=15746
[2026-08-22T00:26:37+02:00] UE_SLOT_ASSIGN timestamp=2026-08-21T22:26:37+00:00 active_ues=15 slot=9 ue_idx=9 ue_if=uesimtun9 ue_ip=10.45.1.57 candidate_reused_global_suspect=0
[2026-08-22T00:26:37+02:00] UE_SLOT_START timestamp=2026-08-21T22:26:37+00:00 active_ues=15 slot=9 attempt=1 ue_idx=9 ue_if=uesimtun9 ue_ip=10.45.1.57 target=192.168.1.211:5210 bitrate=1M duration_s=80 planned_end_epoch=1787351277 timeout_s=90 hard_timeout_epoch=1787351292 start_rx_bytes=171502
[2026-08-22T00:26:37+02:00] UE_SLOT_PID timestamp=2026-08-21T22:26:37+00:00 active_ues=15 slot=9 attempt=1 ue_idx=9 pid=15771
[2026-08-22T00:26:37+02:00] UPF_CONTROL_SAMPLE timestamp=2026-08-22T00:26:36+02:00 scenario=ue_15 pod=open5gs-upf-5b9db6d44-nsbqz uid=7b5b8ef7-a2a2-4fe9-a3e1-74acd17bd88f restarts=6 usage_cpu=205m usage_mem=36Mi request_cpu=182m request_mem=250Mi limit_cpu=none limit_mem=none vpa_target_cpu=224m vpa_target_mem=250Mi vpa_uncapped_cpu=224m vpa_uncapped_mem=250Mi vpa_lower_cpu=72m vpa_lower_mem=250Mi vpa_upper_cpu=1500m vpa_upper_mem=512Mi
[2026-08-22T00:26:38+02:00] UE_SLOT_ASSIGN timestamp=2026-08-21T22:26:38+00:00 active_ues=15 slot=10 ue_idx=10 ue_if=uesimtun10 ue_ip=10.45.1.50 candidate_reused_global_suspect=0
[2026-08-22T00:26:38+02:00] UE_SLOT_START timestamp=2026-08-21T22:26:38+00:00 active_ues=15 slot=10 attempt=1 ue_idx=10 ue_if=uesimtun10 ue_ip=10.45.1.50 target=192.168.1.211:5211 bitrate=1M duration_s=80 planned_end_epoch=1787351278 timeout_s=90 hard_timeout_epoch=1787351293 start_rx_bytes=169858
[2026-08-22T00:26:38+02:00] UE_SLOT_PID timestamp=2026-08-21T22:26:38+00:00 active_ues=15 slot=10 attempt=1 ue_idx=10 pid=15796
[2026-08-22T00:26:38+02:00] UE_SLOT_ASSIGN timestamp=2026-08-21T22:26:38+00:00 active_ues=15 slot=11 ue_idx=11 ue_if=uesimtun11 ue_ip=10.45.1.60 candidate_reused_global_suspect=0
[2026-08-22T00:26:38+02:00] UE_SLOT_START timestamp=2026-08-21T22:26:38+00:00 active_ues=15 slot=11 attempt=1 ue_idx=11 ue_if=uesimtun11 ue_ip=10.45.1.60 target=192.168.1.211:5212 bitrate=1M duration_s=80 planned_end_epoch=1787351278 timeout_s=90 hard_timeout_epoch=1787351293 start_rx_bytes=86722
[2026-08-22T00:26:38+02:00] UE_SLOT_PID timestamp=2026-08-21T22:26:38+00:00 active_ues=15 slot=11 attempt=1 ue_idx=11 pid=15821
[2026-08-22T00:26:38+02:00] UE_SLOT_ASSIGN timestamp=2026-08-21T22:26:38+00:00 active_ues=15 slot=12 ue_idx=12 ue_if=uesimtun12 ue_ip=10.45.1.55 candidate_reused_global_suspect=0
[2026-08-22T00:26:38+02:00] UE_SLOT_START timestamp=2026-08-21T22:26:38+00:00 active_ues=15 slot=12 attempt=1 ue_idx=12 ue_if=uesimtun12 ue_ip=10.45.1.55 target=192.168.1.211:5213 bitrate=1M duration_s=80 planned_end_epoch=1787351278 timeout_s=90 hard_timeout_epoch=1787351293 start_rx_bytes=84484
[2026-08-22T00:26:38+02:00] UE_SLOT_PID timestamp=2026-08-21T22:26:38+00:00 active_ues=15 slot=12 attempt=1 ue_idx=12 pid=15846
[2026-08-22T00:26:38+02:00] UE_SLOT_ASSIGN timestamp=2026-08-21T22:26:38+00:00 active_ues=15 slot=13 ue_idx=13 ue_if=uesimtun13 ue_ip=10.45.1.62 candidate_reused_global_suspect=0
[2026-08-22T00:26:38+02:00] UE_SLOT_START timestamp=2026-08-21T22:26:38+00:00 active_ues=15 slot=13 attempt=1 ue_idx=13 ue_if=uesimtun13 ue_ip=10.45.1.62 target=192.168.1.211:5214 bitrate=1M duration_s=80 planned_end_epoch=1787351278 timeout_s=90 hard_timeout_epoch=1787351293 start_rx_bytes=0
[2026-08-22T00:26:38+02:00] UE_SLOT_PID timestamp=2026-08-21T22:26:38+00:00 active_ues=15 slot=13 attempt=1 ue_idx=13 pid=15871
[2026-08-22T00:26:38+02:00] UE_SLOT_ASSIGN timestamp=2026-08-21T22:26:38+00:00 active_ues=15 slot=14 ue_idx=14 ue_if=uesimtun14 ue_ip=10.45.1.66 candidate_reused_global_suspect=0
[2026-08-22T00:26:39+02:00] UE_SLOT_START timestamp=2026-08-21T22:26:39+00:00 active_ues=15 slot=14 attempt=1 ue_idx=14 ue_if=uesimtun14 ue_ip=10.45.1.66 target=192.168.1.211:5215 bitrate=1M duration_s=80 planned_end_epoch=1787351278 timeout_s=90 hard_timeout_epoch=1787351293 start_rx_bytes=0
[2026-08-22T00:26:39+02:00] UE_SLOT_PID timestamp=2026-08-21T22:26:39+00:00 active_ues=15 slot=14 attempt=1 ue_idx=14 pid=15896
[2026-08-22T00:26:39+02:00] IPERF_MAPPING_SUMMARY timestamp=2026-08-21T22:26:39+00:00 active_ues=15 registered_tunnels=50 initial_ports=5201-5215 replacement_ports=5251-5265 bitrate=1M start_delay=0.05 detection=no_rx_counter replacement_min_duration_s=5 adaptive_extension_max_s=1 iperf_exit_grace_s=3 server_busy_port_rebinds=1 late_replacement_after_end=disabled wait_for_iperf_exit=until_timeout global_suspect_policy=soft_reuse ramp_supervision=after_initial_start
[2026-08-22T00:26:40+02:00] UPF_CONTROL_SAMPLE timestamp=2026-08-22T00:26:39+02:00 scenario=ue_15 pod=open5gs-upf-5b9db6d44-nsbqz uid=7b5b8ef7-a2a2-4fe9-a3e1-74acd17bd88f restarts=6 usage_cpu=205m usage_mem=36Mi request_cpu=182m request_mem=250Mi limit_cpu=none limit_mem=none vpa_target_cpu=224m vpa_target_mem=250Mi vpa_uncapped_cpu=224m vpa_uncapped_mem=250Mi vpa_lower_cpu=72m vpa_lower_mem=250Mi vpa_upper_cpu=1500m vpa_upper_mem=512Mi
[2026-08-22T00:26:42+02:00] UPF_CONTROL_SAMPLE timestamp=2026-08-22T00:26:41+02:00 scenario=ue_15 pod=open5gs-upf-5b9db6d44-nsbqz uid=7b5b8ef7-a2a2-4fe9-a3e1-74acd17bd88f restarts=6 usage_cpu=163m usage_mem=36Mi request_cpu=182m request_mem=250Mi limit_cpu=none limit_mem=none vpa_target_cpu=224m vpa_target_mem=250Mi vpa_uncapped_cpu=224m vpa_uncapped_mem=250Mi vpa_lower_cpu=72m vpa_lower_mem=250Mi vpa_upper_cpu=1500m vpa_upper_mem=512Mi
[2026-08-22T00:26:44+02:00] UPF_CONTROL_SAMPLE timestamp=2026-08-22T00:26:43+02:00 scenario=ue_15 pod=open5gs-upf-5b9db6d44-nsbqz uid=7b5b8ef7-a2a2-4fe9-a3e1-74acd17bd88f restarts=6 usage_cpu=163m usage_mem=36Mi request_cpu=182m request_mem=250Mi limit_cpu=none limit_mem=none vpa_target_cpu=224m vpa_target_mem=250Mi vpa_uncapped_cpu=224m vpa_uncapped_mem=250Mi vpa_lower_cpu=72m vpa_lower_mem=250Mi vpa_upper_cpu=1500m vpa_upper_mem=512Mi
[2026-08-22T00:26:48+02:00] UPF_CONTROL_SAMPLE timestamp=2026-08-22T00:26:45+02:00 scenario=ue_15 pod=open5gs-upf-5b9db6d44-nsbqz uid=7b5b8ef7-a2a2-4fe9-a3e1-74acd17bd88f restarts=6 usage_cpu=163m usage_mem=36Mi request_cpu=182m request_mem=250Mi limit_cpu=none limit_mem=none vpa_target_cpu=224m vpa_target_mem=250Mi vpa_uncapped_cpu=224m vpa_uncapped_mem=250Mi vpa_lower_cpu=72m vpa_lower_mem=250Mi vpa_upper_cpu=1500m vpa_upper_mem=512Mi
[2026-08-22T00:26:50+02:00] UPF_CONTROL_SAMPLE timestamp=2026-08-22T00:26:49+02:00 scenario=ue_15 pod=open5gs-upf-5b9db6d44-nsbqz uid=7b5b8ef7-a2a2-4fe9-a3e1-74acd17bd88f restarts=6 usage_cpu=163m usage_mem=36Mi request_cpu=182m request_mem=250Mi limit_cpu=none limit_mem=none vpa_target_cpu=224m vpa_target_mem=250Mi vpa_uncapped_cpu=224m vpa_uncapped_mem=250Mi vpa_lower_cpu=72m vpa_lower_mem=250Mi vpa_upper_cpu=1500m vpa_upper_mem=512Mi
[2026-08-22T00:26:53+02:00] UPF_CONTROL_SAMPLE timestamp=2026-08-22T00:26:51+02:00 scenario=ue_15 pod=open5gs-upf-5b9db6d44-nsbqz uid=7b5b8ef7-a2a2-4fe9-a3e1-74acd17bd88f restarts=6 usage_cpu=163m usage_mem=36Mi request_cpu=182m request_mem=250Mi limit_cpu=none limit_mem=none vpa_target_cpu=224m vpa_target_mem=250Mi vpa_uncapped_cpu=224m vpa_uncapped_mem=250Mi vpa_lower_cpu=72m vpa_lower_mem=250Mi vpa_upper_cpu=1500m vpa_upper_mem=512Mi
[2026-08-22T00:26:55+02:00] UPF_CONTROL_SAMPLE timestamp=2026-08-22T00:26:54+02:00 scenario=ue_15 pod=open5gs-upf-5b9db6d44-nsbqz uid=7b5b8ef7-a2a2-4fe9-a3e1-74acd17bd88f restarts=6 usage_cpu=243m usage_mem=36Mi request_cpu=182m request_mem=250Mi limit_cpu=none limit_mem=none vpa_target_cpu=224m vpa_target_mem=250Mi vpa_uncapped_cpu=224m vpa_uncapped_mem=250Mi vpa_lower_cpu=72m vpa_lower_mem=250Mi vpa_upper_cpu=1500m vpa_upper_mem=512Mi
[2026-08-22T00:26:57+02:00] UPF_CONTROL_SAMPLE timestamp=2026-08-22T00:26:56+02:00 scenario=ue_15 pod=open5gs-upf-5b9db6d44-nsbqz uid=7b5b8ef7-a2a2-4fe9-a3e1-74acd17bd88f restarts=6 usage_cpu=243m usage_mem=36Mi request_cpu=182m request_mem=250Mi limit_cpu=none limit_mem=none vpa_target_cpu=224m vpa_target_mem=250Mi vpa_uncapped_cpu=224m vpa_uncapped_mem=250Mi vpa_lower_cpu=72m vpa_lower_mem=250Mi vpa_upper_cpu=1500m vpa_upper_mem=512Mi
[2026-08-22T00:27:00+02:00] UPF_CONTROL_SAMPLE timestamp=2026-08-22T00:26:58+02:00 scenario=ue_15 pod=open5gs-upf-5b9db6d44-nsbqz uid=7b5b8ef7-a2a2-4fe9-a3e1-74acd17bd88f restarts=6 usage_cpu=243m usage_mem=36Mi request_cpu=182m request_mem=250Mi limit_cpu=none limit_mem=none vpa_target_cpu=224m vpa_target_mem=250Mi vpa_uncapped_cpu=224m vpa_uncapped_mem=250Mi vpa_lower_cpu=72m vpa_lower_mem=250Mi vpa_upper_cpu=1500m vpa_upper_mem=512Mi
[2026-08-22T00:27:02+02:00] UPF_CONTROL_SAMPLE timestamp=2026-08-22T00:27:01+02:00 scenario=ue_15 pod=open5gs-upf-5b9db6d44-nsbqz uid=7b5b8ef7-a2a2-4fe9-a3e1-74acd17bd88f restarts=6 usage_cpu=243m usage_mem=36Mi request_cpu=182m request_mem=250Mi limit_cpu=none limit_mem=none vpa_target_cpu=224m vpa_target_mem=250Mi vpa_uncapped_cpu=224m vpa_uncapped_mem=250Mi vpa_lower_cpu=72m vpa_lower_mem=250Mi vpa_upper_cpu=1500m vpa_upper_mem=512Mi
[2026-08-22T00:27:04+02:00] UPF_CONTROL_SAMPLE timestamp=2026-08-22T00:27:03+02:00 scenario=ue_15 pod=open5gs-upf-5b9db6d44-nsbqz uid=7b5b8ef7-a2a2-4fe9-a3e1-74acd17bd88f restarts=6 usage_cpu=243m usage_mem=36Mi request_cpu=182m request_mem=250Mi limit_cpu=none limit_mem=none vpa_target_cpu=224m vpa_target_mem=250Mi vpa_uncapped_cpu=224m vpa_uncapped_mem=250Mi vpa_lower_cpu=72m vpa_lower_mem=250Mi vpa_upper_cpu=1500m vpa_upper_mem=512Mi
[2026-08-22T00:27:07+02:00] UPF_CONTROL_SAMPLE timestamp=2026-08-22T00:27:06+02:00 scenario=ue_15 pod=open5gs-upf-5b9db6d44-nsbqz uid=7b5b8ef7-a2a2-4fe9-a3e1-74acd17bd88f restarts=6 usage_cpu=243m usage_mem=36Mi request_cpu=182m request_mem=250Mi limit_cpu=none limit_mem=none vpa_target_cpu=224m vpa_target_mem=250Mi vpa_uncapped_cpu=224m vpa_uncapped_mem=250Mi vpa_lower_cpu=72m vpa_lower_mem=250Mi vpa_upper_cpu=1500m vpa_upper_mem=512Mi
[2026-08-22T00:27:09+02:00] UPF_CONTROL_SAMPLE timestamp=2026-08-22T00:27:08+02:00 scenario=ue_15 pod=open5gs-upf-5b9db6d44-nsbqz uid=7b5b8ef7-a2a2-4fe9-a3e1-74acd17bd88f restarts=6 usage_cpu=243m usage_mem=36Mi request_cpu=182m request_mem=250Mi limit_cpu=none limit_mem=none vpa_target_cpu=224m vpa_target_mem=250Mi vpa_uncapped_cpu=224m vpa_uncapped_mem=250Mi vpa_lower_cpu=72m vpa_lower_mem=250Mi vpa_upper_cpu=1500m vpa_upper_mem=512Mi
[2026-08-22T00:27:11+02:00] UPF_CONTROL_SAMPLE timestamp=2026-08-22T00:27:10+02:00 scenario=ue_15 pod=open5gs-upf-5b9db6d44-nsbqz uid=7b5b8ef7-a2a2-4fe9-a3e1-74acd17bd88f restarts=6 usage_cpu=232m usage_mem=36Mi request_cpu=182m request_mem=250Mi limit_cpu=none limit_mem=none vpa_target_cpu=224m vpa_target_mem=250Mi vpa_uncapped_cpu=224m vpa_uncapped_mem=250Mi vpa_lower_cpu=72m vpa_lower_mem=250Mi vpa_upper_cpu=1500m vpa_upper_mem=512Mi
[2026-08-22T00:27:14+02:00] UPF_CONTROL_SAMPLE timestamp=2026-08-22T00:27:12+02:00 scenario=ue_15 pod=open5gs-upf-5b9db6d44-nsbqz uid=7b5b8ef7-a2a2-4fe9-a3e1-74acd17bd88f restarts=6 usage_cpu=232m usage_mem=36Mi request_cpu=182m request_mem=250Mi limit_cpu=none limit_mem=none vpa_target_cpu=224m vpa_target_mem=250Mi vpa_uncapped_cpu=224m vpa_uncapped_mem=250Mi vpa_lower_cpu=72m vpa_lower_mem=250Mi vpa_upper_cpu=1500m vpa_upper_mem=512Mi
[2026-08-22T00:27:16+02:00] UPF_CONTROL_SAMPLE timestamp=2026-08-22T00:27:15+02:00 scenario=ue_15 pod=open5gs-upf-5b9db6d44-nsbqz uid=7b5b8ef7-a2a2-4fe9-a3e1-74acd17bd88f restarts=6 usage_cpu=232m usage_mem=36Mi request_cpu=182m request_mem=250Mi limit_cpu=none limit_mem=none vpa_target_cpu=224m vpa_target_mem=250Mi vpa_uncapped_cpu=224m vpa_uncapped_mem=250Mi vpa_lower_cpu=72m vpa_lower_mem=250Mi vpa_upper_cpu=1500m vpa_upper_mem=512Mi
[2026-08-22T00:27:18+02:00] UPF_CONTROL_SAMPLE timestamp=2026-08-22T00:27:17+02:00 scenario=ue_15 pod=open5gs-upf-5b9db6d44-nsbqz uid=7b5b8ef7-a2a2-4fe9-a3e1-74acd17bd88f restarts=6 usage_cpu=232m usage_mem=36Mi request_cpu=182m request_mem=250Mi limit_cpu=none limit_mem=none vpa_target_cpu=224m vpa_target_mem=250Mi vpa_uncapped_cpu=224m vpa_uncapped_mem=250Mi vpa_lower_cpu=72m vpa_lower_mem=250Mi vpa_upper_cpu=1500m vpa_upper_mem=512Mi
[2026-08-22T00:27:20+02:00] UPF_CONTROL_SAMPLE timestamp=2026-08-22T00:27:19+02:00 scenario=ue_15 pod=open5gs-upf-5b9db6d44-nsbqz uid=7b5b8ef7-a2a2-4fe9-a3e1-74acd17bd88f restarts=6 usage_cpu=232m usage_mem=36Mi request_cpu=182m request_mem=250Mi limit_cpu=none limit_mem=none vpa_target_cpu=224m vpa_target_mem=250Mi vpa_uncapped_cpu=224m vpa_uncapped_mem=250Mi vpa_lower_cpu=72m vpa_lower_mem=250Mi vpa_upper_cpu=1500m vpa_upper_mem=512Mi
[2026-08-22T00:27:23+02:00] UPF_CONTROL_SAMPLE timestamp=2026-08-22T00:27:21+02:00 scenario=ue_15 pod=open5gs-upf-5b9db6d44-nsbqz uid=7b5b8ef7-a2a2-4fe9-a3e1-74acd17bd88f restarts=6 usage_cpu=232m usage_mem=36Mi request_cpu=182m request_mem=250Mi limit_cpu=none limit_mem=none vpa_target_cpu=224m vpa_target_mem=250Mi vpa_uncapped_cpu=224m vpa_uncapped_mem=250Mi vpa_lower_cpu=72m vpa_lower_mem=250Mi vpa_upper_cpu=1500m vpa_upper_mem=512Mi
[2026-08-22T00:27:26+02:00] UPF_CONTROL_SAMPLE timestamp=2026-08-22T00:27:24+02:00 scenario=ue_15 pod=open5gs-upf-5b9db6d44-nsbqz uid=7b5b8ef7-a2a2-4fe9-a3e1-74acd17bd88f restarts=6 usage_cpu=248m usage_mem=36Mi request_cpu=182m request_mem=250Mi limit_cpu=none limit_mem=none vpa_target_cpu=224m vpa_target_mem=250Mi vpa_uncapped_cpu=224m vpa_uncapped_mem=250Mi vpa_lower_cpu=72m vpa_lower_mem=250Mi vpa_upper_cpu=1500m vpa_upper_mem=512Mi
[2026-08-22T00:27:28+02:00] UPF_REQUEST_CHANGE timestamp=2026-08-22T00:27:27+02:00 scenario=ue_15 pod=open5gs-upf-5b9db6d44-nsbqz uid=7b5b8ef7-a2a2-4fe9-a3e1-74acd17bd88f restarts=6 old='request_cpu=182m request_mem=250Mi limit_cpu=none limit_mem=none' new='request_cpu=224m request_mem=250Mi limit_cpu=none limit_mem=none' previous_5s_sample='timestamp=2026-08-22T00:27:21+02:00 scenario=ue_15 pod=open5gs-upf-5b9db6d44-nsbqz uid=7b5b8ef7-a2a2-4fe9-a3e1-74acd17bd88f restarts=6 usage_cpu=232m usage_mem=36Mi request_cpu=182m request_mem=250Mi limit_cpu=none limit_mem=none vpa_target_cpu=224m vpa_target_mem=250Mi vpa_uncapped_cpu=224m vpa_uncapped_mem=250Mi vpa_lower_cpu=72m vpa_lower_mem=250Mi vpa_upper_cpu=1500m vpa_upper_mem=512Mi' current_sample='timestamp=2026-08-22T00:27:27+02:00 scenario=ue_15 pod=open5gs-upf-5b9db6d44-nsbqz uid=7b5b8ef7-a2a2-4fe9-a3e1-74acd17bd88f restarts=6 usage_cpu=248m usage_mem=36Mi request_cpu=224m request_mem=250Mi limit_cpu=none limit_mem=none vpa_target_cpu=224m vpa_target_mem=250Mi vpa_uncapped_cpu=224m vpa_uncapped_mem=250Mi vpa_lower_cpu=72m vpa_lower_mem=250Mi vpa_upper_cpu=1500m vpa_upper_mem=512Mi'
[2026-08-22T00:27:28+02:00] UPF_CONTROL_SAMPLE timestamp=2026-08-22T00:27:27+02:00 scenario=ue_15 pod=open5gs-upf-5b9db6d44-nsbqz uid=7b5b8ef7-a2a2-4fe9-a3e1-74acd17bd88f restarts=6 usage_cpu=248m usage_mem=36Mi request_cpu=224m request_mem=250Mi limit_cpu=none limit_mem=none vpa_target_cpu=224m vpa_target_mem=250Mi vpa_uncapped_cpu=224m vpa_uncapped_mem=250Mi vpa_lower_cpu=72m vpa_lower_mem=250Mi vpa_upper_cpu=1500m vpa_upper_mem=512Mi
[2026-08-22T00:27:30+02:00] UPF_CONTROL_SAMPLE timestamp=2026-08-22T00:27:29+02:00 scenario=ue_15 pod=open5gs-upf-5b9db6d44-nsbqz uid=7b5b8ef7-a2a2-4fe9-a3e1-74acd17bd88f restarts=6 usage_cpu=248m usage_mem=36Mi request_cpu=224m request_mem=250Mi limit_cpu=none limit_mem=none vpa_target_cpu=224m vpa_target_mem=250Mi vpa_uncapped_cpu=224m vpa_uncapped_mem=250Mi vpa_lower_cpu=72m vpa_lower_mem=250Mi vpa_upper_cpu=1500m vpa_upper_mem=512Mi
[2026-08-22T00:27:33+02:00] VPA_RECOMMENDATION_CHANGE timestamp=2026-08-22T00:27:31+02:00 scenario=ue_15 old='vpa_target_cpu=224m vpa_target_mem=250Mi vpa_uncapped_cpu=224m vpa_uncapped_mem=250Mi vpa_lower_cpu=72m vpa_lower_mem=250Mi vpa_upper_cpu=1500m vpa_upper_mem=512Mi' new='vpa_target_cpu=247m vpa_target_mem=250Mi vpa_uncapped_cpu=247m vpa_uncapped_mem=250Mi vpa_lower_cpu=74m vpa_lower_mem=250Mi vpa_upper_cpu=1500m vpa_upper_mem=512Mi' previous_5s_sample='timestamp=2026-08-22T00:27:24+02:00 scenario=ue_15 pod=open5gs-upf-5b9db6d44-nsbqz uid=7b5b8ef7-a2a2-4fe9-a3e1-74acd17bd88f restarts=6 usage_cpu=248m usage_mem=36Mi request_cpu=182m request_mem=250Mi limit_cpu=none limit_mem=none vpa_target_cpu=224m vpa_target_mem=250Mi vpa_uncapped_cpu=224m vpa_uncapped_mem=250Mi vpa_lower_cpu=72m vpa_lower_mem=250Mi vpa_upper_cpu=1500m vpa_upper_mem=512Mi' current_sample='timestamp=2026-08-22T00:27:31+02:00 scenario=ue_15 pod=open5gs-upf-5b9db6d44-nsbqz uid=7b5b8ef7-a2a2-4fe9-a3e1-74acd17bd88f restarts=6 usage_cpu=248m usage_mem=36Mi request_cpu=224m request_mem=250Mi limit_cpu=none limit_mem=none vpa_target_cpu=247m vpa_target_mem=250Mi vpa_uncapped_cpu=247m vpa_uncapped_mem=250Mi vpa_lower_cpu=74m vpa_lower_mem=250Mi vpa_upper_cpu=1500m vpa_upper_mem=512Mi'
[2026-08-22T00:27:33+02:00] UPF_CONTROL_SAMPLE timestamp=2026-08-22T00:27:31+02:00 scenario=ue_15 pod=open5gs-upf-5b9db6d44-nsbqz uid=7b5b8ef7-a2a2-4fe9-a3e1-74acd17bd88f restarts=6 usage_cpu=248m usage_mem=36Mi request_cpu=224m request_mem=250Mi limit_cpu=none limit_mem=none vpa_target_cpu=247m vpa_target_mem=250Mi vpa_uncapped_cpu=247m vpa_uncapped_mem=250Mi vpa_lower_cpu=74m vpa_lower_mem=250Mi vpa_upper_cpu=1500m vpa_upper_mem=512Mi
[2026-08-22T00:27:36+02:00] UPF_CONTROL_SAMPLE timestamp=2026-08-22T00:27:34+02:00 scenario=ue_15 pod=open5gs-upf-5b9db6d44-nsbqz uid=7b5b8ef7-a2a2-4fe9-a3e1-74acd17bd88f restarts=6 usage_cpu=248m usage_mem=36Mi request_cpu=224m request_mem=250Mi limit_cpu=none limit_mem=none vpa_target_cpu=247m vpa_target_mem=250Mi vpa_uncapped_cpu=247m vpa_uncapped_mem=250Mi vpa_lower_cpu=74m vpa_lower_mem=250Mi vpa_upper_cpu=1500m vpa_upper_mem=512Mi
[2026-08-22T00:27:39+02:00] UPF_CONTROL_SAMPLE timestamp=2026-08-22T00:27:37+02:00 scenario=ue_15 pod=open5gs-upf-5b9db6d44-nsbqz uid=7b5b8ef7-a2a2-4fe9-a3e1-74acd17bd88f restarts=6 usage_cpu=248m usage_mem=36Mi request_cpu=224m request_mem=250Mi limit_cpu=none limit_mem=none vpa_target_cpu=247m vpa_target_mem=250Mi vpa_uncapped_cpu=247m vpa_uncapped_mem=250Mi vpa_lower_cpu=74m vpa_lower_mem=250Mi vpa_upper_cpu=1500m vpa_upper_mem=512Mi
[2026-08-22T00:27:41+02:00] UPF_CONTROL_SAMPLE timestamp=2026-08-22T00:27:40+02:00 scenario=ue_15 pod=open5gs-upf-5b9db6d44-nsbqz uid=7b5b8ef7-a2a2-4fe9-a3e1-74acd17bd88f restarts=6 usage_cpu=233m usage_mem=36Mi request_cpu=224m request_mem=250Mi limit_cpu=none limit_mem=none vpa_target_cpu=247m vpa_target_mem=250Mi vpa_uncapped_cpu=247m vpa_uncapped_mem=250Mi vpa_lower_cpu=74m vpa_lower_mem=250Mi vpa_upper_cpu=1500m vpa_upper_mem=512Mi
[2026-08-22T00:27:44+02:00] UPF_CONTROL_SAMPLE timestamp=2026-08-22T00:27:42+02:00 scenario=ue_15 pod=open5gs-upf-5b9db6d44-nsbqz uid=7b5b8ef7-a2a2-4fe9-a3e1-74acd17bd88f restarts=6 usage_cpu=233m usage_mem=36Mi request_cpu=224m request_mem=250Mi limit_cpu=none limit_mem=none vpa_target_cpu=247m vpa_target_mem=250Mi vpa_uncapped_cpu=247m vpa_uncapped_mem=250Mi vpa_lower_cpu=74m vpa_lower_mem=250Mi vpa_upper_cpu=1500m vpa_upper_mem=512Mi
[2026-08-22T00:27:46+02:00] UPF_CONTROL_SAMPLE timestamp=2026-08-22T00:27:45+02:00 scenario=ue_15 pod=open5gs-upf-5b9db6d44-nsbqz uid=7b5b8ef7-a2a2-4fe9-a3e1-74acd17bd88f restarts=6 usage_cpu=233m usage_mem=36Mi request_cpu=224m request_mem=250Mi limit_cpu=none limit_mem=none vpa_target_cpu=247m vpa_target_mem=250Mi vpa_uncapped_cpu=247m vpa_uncapped_mem=250Mi vpa_lower_cpu=74m vpa_lower_mem=250Mi vpa_upper_cpu=1500m vpa_upper_mem=512Mi
[2026-08-22T00:27:49+02:00] UPF_CONTROL_SAMPLE timestamp=2026-08-22T00:27:47+02:00 scenario=ue_15 pod=open5gs-upf-5b9db6d44-nsbqz uid=7b5b8ef7-a2a2-4fe9-a3e1-74acd17bd88f restarts=6 usage_cpu=233m usage_mem=36Mi request_cpu=224m request_mem=250Mi limit_cpu=none limit_mem=none vpa_target_cpu=247m vpa_target_mem=250Mi vpa_uncapped_cpu=247m vpa_uncapped_mem=250Mi vpa_lower_cpu=74m vpa_lower_mem=250Mi vpa_upper_cpu=1500m vpa_upper_mem=512Mi
[2026-08-22T00:27:51+02:00] UPF_CONTROL_SAMPLE timestamp=2026-08-22T00:27:50+02:00 scenario=ue_15 pod=open5gs-upf-5b9db6d44-nsbqz uid=7b5b8ef7-a2a2-4fe9-a3e1-74acd17bd88f restarts=6 usage_cpu=233m usage_mem=36Mi request_cpu=224m request_mem=250Mi limit_cpu=none limit_mem=none vpa_target_cpu=247m vpa_target_mem=250Mi vpa_uncapped_cpu=247m vpa_uncapped_mem=250Mi vpa_lower_cpu=74m vpa_lower_mem=250Mi vpa_upper_cpu=1500m vpa_upper_mem=512Mi
[2026-08-22T00:27:53+02:00] UPF_CONTROL_SAMPLE timestamp=2026-08-22T00:27:52+02:00 scenario=ue_15 pod=open5gs-upf-5b9db6d44-nsbqz uid=7b5b8ef7-a2a2-4fe9-a3e1-74acd17bd88f restarts=6 usage_cpu=233m usage_mem=36Mi request_cpu=224m request_mem=250Mi limit_cpu=none limit_mem=none vpa_target_cpu=247m vpa_target_mem=250Mi vpa_uncapped_cpu=247m vpa_uncapped_mem=250Mi vpa_lower_cpu=74m vpa_lower_mem=250Mi vpa_upper_cpu=1500m vpa_upper_mem=512Mi
[2026-08-22T00:27:56+02:00] UPF_CONTROL_SAMPLE timestamp=2026-08-22T00:27:54+02:00 scenario=ue_15 pod=open5gs-upf-5b9db6d44-nsbqz uid=7b5b8ef7-a2a2-4fe9-a3e1-74acd17bd88f restarts=6 usage_cpu=234m usage_mem=36Mi request_cpu=224m request_mem=250Mi limit_cpu=none limit_mem=none vpa_target_cpu=247m vpa_target_mem=250Mi vpa_uncapped_cpu=247m vpa_uncapped_mem=250Mi vpa_lower_cpu=74m vpa_lower_mem=250Mi vpa_upper_cpu=1500m vpa_upper_mem=512Mi
[2026-08-22T00:27:56+02:00] UE_SLOT_DONE timestamp=2026-08-21T22:27:56+00:00 active_ues=15 slot=0 attempt=1 ue_idx=0 ue_if=uesimtun0 ue_ip=10.45.1.46 port=5201 rc=0 replacements_for_slot=0 server_busy_retries_for_slot=0
[2026-08-22T00:27:56+02:00] UE_SLOT_DONE timestamp=2026-08-21T22:27:56+00:00 active_ues=15 slot=1 attempt=1 ue_idx=1 ue_if=uesimtun1 ue_ip=10.45.1.47 port=5202 rc=0 replacements_for_slot=0 server_busy_retries_for_slot=0
[2026-08-22T00:27:57+02:00] UE_SLOT_DONE timestamp=2026-08-21T22:27:57+00:00 active_ues=15 slot=2 attempt=1 ue_idx=2 ue_if=uesimtun2 ue_ip=10.45.1.48 port=5203 rc=0 replacements_for_slot=0 server_busy_retries_for_slot=0
[2026-08-22T00:27:57+02:00] UE_SLOT_DONE timestamp=2026-08-21T22:27:57+00:00 active_ues=15 slot=3 attempt=1 ue_idx=3 ue_if=uesimtun3 ue_ip=10.45.1.49 port=5204 rc=0 replacements_for_slot=0 server_busy_retries_for_slot=0
[2026-08-22T00:27:57+02:00] UE_SLOT_DONE timestamp=2026-08-21T22:27:57+00:00 active_ues=15 slot=4 attempt=1 ue_idx=4 ue_if=uesimtun4 ue_ip=10.45.1.51 port=5205 rc=0 replacements_for_slot=0 server_busy_retries_for_slot=0
[2026-08-22T00:27:57+02:00] UE_SLOT_DONE timestamp=2026-08-21T22:27:57+00:00 active_ues=15 slot=5 attempt=1 ue_idx=5 ue_if=uesimtun5 ue_ip=10.45.1.52 port=5206 rc=0 replacements_for_slot=0 server_busy_retries_for_slot=0
[2026-08-22T00:27:57+02:00] UE_SLOT_DONE timestamp=2026-08-21T22:27:57+00:00 active_ues=15 slot=6 attempt=1 ue_idx=6 ue_if=uesimtun6 ue_ip=10.45.1.53 port=5207 rc=0 replacements_for_slot=0 server_busy_retries_for_slot=0
[2026-08-22T00:27:58+02:00] UE_SLOT_DONE timestamp=2026-08-21T22:27:58+00:00 active_ues=15 slot=7 attempt=1 ue_idx=7 ue_if=uesimtun7 ue_ip=10.45.1.54 port=5208 rc=0 replacements_for_slot=0 server_busy_retries_for_slot=0
[2026-08-22T00:27:58+02:00] UE_SLOT_DONE timestamp=2026-08-21T22:27:58+00:00 active_ues=15 slot=8 attempt=1 ue_idx=8 ue_if=uesimtun8 ue_ip=10.45.1.56 port=5209 rc=0 replacements_for_slot=0 server_busy_retries_for_slot=0
[2026-08-22T00:27:58+02:00] UE_SLOT_DONE timestamp=2026-08-21T22:27:58+00:00 active_ues=15 slot=9 attempt=1 ue_idx=9 ue_if=uesimtun9 ue_ip=10.45.1.57 port=5210 rc=0 replacements_for_slot=0 server_busy_retries_for_slot=0
[2026-08-22T00:27:58+02:00] UPF_CONTROL_SAMPLE timestamp=2026-08-22T00:27:57+02:00 scenario=ue_15 pod=open5gs-upf-5b9db6d44-nsbqz uid=7b5b8ef7-a2a2-4fe9-a3e1-74acd17bd88f restarts=6 usage_cpu=234m usage_mem=36Mi request_cpu=224m request_mem=250Mi limit_cpu=none limit_mem=none vpa_target_cpu=247m vpa_target_mem=250Mi vpa_uncapped_cpu=247m vpa_uncapped_mem=250Mi vpa_lower_cpu=74m vpa_lower_mem=250Mi vpa_upper_cpu=1500m vpa_upper_mem=512Mi
[2026-08-22T00:27:59+02:00] UE_SLOT_DONE timestamp=2026-08-21T22:27:59+00:00 active_ues=15 slot=10 attempt=1 ue_idx=10 ue_if=uesimtun10 ue_ip=10.45.1.50 port=5211 rc=0 replacements_for_slot=0 server_busy_retries_for_slot=0
[2026-08-22T00:27:59+02:00] UE_SLOT_DONE timestamp=2026-08-21T22:27:59+00:00 active_ues=15 slot=11 attempt=1 ue_idx=11 ue_if=uesimtun11 ue_ip=10.45.1.60 port=5212 rc=0 replacements_for_slot=0 server_busy_retries_for_slot=0
[2026-08-22T00:27:59+02:00] UE_SLOT_DONE timestamp=2026-08-21T22:27:59+00:00 active_ues=15 slot=12 attempt=1 ue_idx=12 ue_if=uesimtun12 ue_ip=10.45.1.55 port=5213 rc=0 replacements_for_slot=0 server_busy_retries_for_slot=0
[2026-08-22T00:27:59+02:00] UE_SLOT_DONE timestamp=2026-08-21T22:27:59+00:00 active_ues=15 slot=13 attempt=1 ue_idx=13 ue_if=uesimtun13 ue_ip=10.45.1.62 port=5214 rc=0 replacements_for_slot=0 server_busy_retries_for_slot=0
[2026-08-22T00:27:59+02:00] UE_SLOT_DONE timestamp=2026-08-21T22:27:59+00:00 active_ues=15 slot=14 attempt=1 ue_idx=14 ue_if=uesimtun14 ue_ip=10.45.1.66 port=5215 rc=0 replacements_for_slot=0 server_busy_retries_for_slot=0
[2026-08-22T00:28:00+02:00] TRAFFIC_SUMMARY timestamp=2026-08-21T22:28:00+00:00 registered_tunnels=50 active_ues=15 target_slots=15 completed_slots=15 final_failed_slots=0 replacements=0 problematic_ues=0 zombie_ues=0 connect_timeouts=0 stalls=0 deferred_stalls=0 process_failures=0 server_busy_retries=0 server_busy_failures=0 late_timeouts_accepted=0 scenario_bad_ues=0 global_suspect_ues=0 used_ues=15 target_host=192.168.1.211 initial_ports=5201-5215 replacement_ports=5251-5265 bitrate=1M start_delay=0.05 detection=no_rx_counter replacement_min_duration_s=5 adaptive_extension_max_s=1 iperf_exit_grace_s=3 server_busy_retries_limit=1 server_busy_retry_delay_s=2 late_replacement_after_end=disabled wait_for_iperf_exit=until_timeout global_suspect_policy=soft_reuse ramp_supervision=after_initial_start
[2026-08-22T00:28:00+02:00] UE_POOL_SCENARIO_BAD_CURRENT timestamp=2026-08-21T22:28:00+00:00 active_ues=15 indexes=
[2026-08-22T00:28:00+02:00] UE_POOL_GLOBAL_SUSPECT_CURRENT timestamp=2026-08-21T22:28:00+00:00 active_ues=15 indexes=
[2026-08-22T00:28:00+02:00] REMOTE_IPERF_PER_UE_END timestamp=2026-08-21T22:28:00+00:00 active_ues=15 tag=ue_15 final_rc=0 completed_slots=15 replacements=0 problematic_ues=0 server_busy_retries=0 deferred_stalls=0 late_timeouts_accepted=0
[2026-08-22T00:28:00+02:00] SCENARIO TRAFFIC COMMAND END timestamp=2026-08-22T00:28:00+02:00 active_ue=15 rc=0
[2026-08-22T00:28:00+02:00] UPF_CONTROL_SAMPLE timestamp=2026-08-22T00:27:59+02:00 scenario=ue_15 pod=open5gs-upf-5b9db6d44-nsbqz uid=7b5b8ef7-a2a2-4fe9-a3e1-74acd17bd88f restarts=6 usage_cpu=234m usage_mem=36Mi request_cpu=224m request_mem=250Mi limit_cpu=none limit_mem=none vpa_target_cpu=247m vpa_target_mem=250Mi vpa_uncapped_cpu=247m vpa_uncapped_mem=250Mi vpa_lower_cpu=74m vpa_lower_mem=250Mi vpa_upper_cpu=1500m vpa_upper_mem=512Mi
[2026-08-22T00:28:01+02:00] SCENARIO UPF AFTER timestamp=2026-08-22T00:28:01+02:00 active_ue=15 pod=open5gs-upf-5b9db6d44-nsbqz uid=7b5b8ef7-a2a2-4fe9-a3e1-74acd17bd88f restarts=6
[2026-08-22T00:28:01+02:00] SCENARIO END timestamp=2026-08-22T00:28:01+02:00 active_ue=15 rc=0
[2026-08-22T00:28:01+02:00] ================================================================
[2026-08-22T00:28:01+02:00] SCENARIO START timestamp=2026-08-22T00:28:01+02:00 active_ue=17 registered_ue_pool=50 target_host=192.168.1.211 ports=5201-5217 replacement_ports=5251-5265 bitrate_per_ue=1M start_delay=0.05 replacement_min_duration=5 adaptive_extension_max=1
[2026-08-22T00:28:01+02:00] ================================================================
[2026-08-22T00:28:01+02:00] SCENARIO TUNNEL CHECK timestamp=2026-08-22T00:28:01+02:00 active_ue=17 current_tunnels=50 required=50
[2026-08-22T00:28:02+02:00] SCENARIO UPF BEFORE timestamp=2026-08-22T00:28:02+02:00 active_ue=17 pod=open5gs-upf-5b9db6d44-nsbqz uid=7b5b8ef7-a2a2-4fe9-a3e1-74acd17bd88f restarts=6
[2026-08-22T00:28:04+02:00] REMOTE_IPERF_PER_UE_START timestamp=2026-08-21T22:28:04+00:00 active_ues=17 tag=ue_17 iperf_host=192.168.1.211 base_port=5201 replacement_base_port=5251 duration=80 bitrate=1M start_delay=0.05 detection=no_rx_counter connect_timeout_s=4 stall_seconds=5 replacement_limit=15 replacement_min_duration_s=5 adaptive_extension_max_s=1 iperf_exit_grace_s=3 server_busy_port_rebinds=1 late_replacement_after_end=disabled wait_for_iperf_exit=until_timeout global_suspect_policy=soft_reuse ramp_supervision=after_initial_start
[2026-08-22T00:28:04+02:00] UE_POOL_STATUS timestamp=2026-08-21T22:28:04+00:00 active_ues=17 registered_tunnels=50 existing_global_suspect_ues=0 used_ues=0 policy=soft_reuse_global_suspects
[2026-08-22T00:28:04+02:00] UE_SLOT_ASSIGN timestamp=2026-08-21T22:28:04+00:00 active_ues=17 slot=0 ue_idx=0 ue_if=uesimtun0 ue_ip=10.45.1.46 candidate_reused_global_suspect=0
[2026-08-22T00:28:04+02:00] UE_SLOT_START timestamp=2026-08-21T22:28:04+00:00 active_ues=17 slot=0 attempt=1 ue_idx=0 ue_if=uesimtun0 ue_ip=10.45.1.46 target=192.168.1.211:5201 bitrate=1M duration_s=80 planned_end_epoch=1787351364 timeout_s=90 hard_timeout_epoch=1787351379 start_rx_bytes=708331
[2026-08-22T00:28:04+02:00] UE_SLOT_PID timestamp=2026-08-21T22:28:04+00:00 active_ues=17 slot=0 attempt=1 ue_idx=0 pid=18864
[2026-08-22T00:28:04+02:00] UPF_CONTROL_SAMPLE timestamp=2026-08-22T00:28:02+02:00 scenario=ue_17 pod=open5gs-upf-5b9db6d44-nsbqz uid=7b5b8ef7-a2a2-4fe9-a3e1-74acd17bd88f restarts=6 usage_cpu=234m usage_mem=36Mi request_cpu=224m request_mem=250Mi limit_cpu=none limit_mem=none vpa_target_cpu=247m vpa_target_mem=250Mi vpa_uncapped_cpu=247m vpa_uncapped_mem=250Mi vpa_lower_cpu=74m vpa_lower_mem=250Mi vpa_upper_cpu=1500m vpa_upper_mem=512Mi
[2026-08-22T00:28:05+02:00] UE_SLOT_ASSIGN timestamp=2026-08-21T22:28:05+00:00 active_ues=17 slot=1 ue_idx=1 ue_if=uesimtun1 ue_ip=10.45.1.47 candidate_reused_global_suspect=0
[2026-08-22T00:28:05+02:00] UE_SLOT_START timestamp=2026-08-21T22:28:05+00:00 active_ues=17 slot=1 attempt=1 ue_idx=1 ue_if=uesimtun1 ue_ip=10.45.1.47 target=192.168.1.211:5202 bitrate=1M duration_s=80 planned_end_epoch=1787351364 timeout_s=90 hard_timeout_epoch=1787351380 start_rx_bytes=604115
[2026-08-22T00:28:05+02:00] UE_SLOT_PID timestamp=2026-08-21T22:28:05+00:00 active_ues=17 slot=1 attempt=1 ue_idx=1 pid=18889
[2026-08-22T00:28:05+02:00] UE_SLOT_ASSIGN timestamp=2026-08-21T22:28:05+00:00 active_ues=17 slot=2 ue_idx=2 ue_if=uesimtun2 ue_ip=10.45.1.48 candidate_reused_global_suspect=0
[2026-08-22T00:28:05+02:00] UE_SLOT_START timestamp=2026-08-21T22:28:05+00:00 active_ues=17 slot=2 attempt=1 ue_idx=2 ue_if=uesimtun2 ue_ip=10.45.1.48 target=192.168.1.211:5203 bitrate=1M duration_s=80 planned_end_epoch=1787351365 timeout_s=90 hard_timeout_epoch=1787351380 start_rx_bytes=599405
[2026-08-22T00:28:05+02:00] UE_SLOT_PID timestamp=2026-08-21T22:28:05+00:00 active_ues=17 slot=2 attempt=1 ue_idx=2 pid=18914
[2026-08-22T00:28:05+02:00] UE_SLOT_ASSIGN timestamp=2026-08-21T22:28:05+00:00 active_ues=17 slot=3 ue_idx=3 ue_if=uesimtun3 ue_ip=10.45.1.49 candidate_reused_global_suspect=0
[2026-08-22T00:28:05+02:00] UE_SLOT_START timestamp=2026-08-21T22:28:05+00:00 active_ues=17 slot=3 attempt=1 ue_idx=3 ue_if=uesimtun3 ue_ip=10.45.1.49 target=192.168.1.211:5204 bitrate=1M duration_s=80 planned_end_epoch=1787351365 timeout_s=90 hard_timeout_epoch=1787351380 start_rx_bytes=519390
[2026-08-22T00:28:05+02:00] UE_SLOT_PID timestamp=2026-08-21T22:28:05+00:00 active_ues=17 slot=3 attempt=1 ue_idx=3 pid=18939
[2026-08-22T00:28:05+02:00] UE_SLOT_ASSIGN timestamp=2026-08-21T22:28:05+00:00 active_ues=17 slot=4 ue_idx=4 ue_if=uesimtun4 ue_ip=10.45.1.51 candidate_reused_global_suspect=0
[2026-08-22T00:28:05+02:00] UE_SLOT_START timestamp=2026-08-21T22:28:05+00:00 active_ues=17 slot=4 attempt=1 ue_idx=4 ue_if=uesimtun4 ue_ip=10.45.1.51 target=192.168.1.211:5205 bitrate=1M duration_s=80 planned_end_epoch=1787351365 timeout_s=90 hard_timeout_epoch=1787351380 start_rx_bytes=516708
[2026-08-22T00:28:05+02:00] UE_SLOT_PID timestamp=2026-08-21T22:28:05+00:00 active_ues=17 slot=4 attempt=1 ue_idx=4 pid=18964
[2026-08-22T00:28:05+02:00] UE_SLOT_ASSIGN timestamp=2026-08-21T22:28:05+00:00 active_ues=17 slot=5 ue_idx=5 ue_if=uesimtun5 ue_ip=10.45.1.52 candidate_reused_global_suspect=0
[2026-08-22T00:28:05+02:00] UE_SLOT_START timestamp=2026-08-21T22:28:05+00:00 active_ues=17 slot=5 attempt=1 ue_idx=5 ue_if=uesimtun5 ue_ip=10.45.1.52 target=192.168.1.211:5206 bitrate=1M duration_s=80 planned_end_epoch=1787351365 timeout_s=90 hard_timeout_epoch=1787351380 start_rx_bytes=403206
[2026-08-22T00:28:05+02:00] UE_SLOT_PID timestamp=2026-08-21T22:28:05+00:00 active_ues=17 slot=5 attempt=1 ue_idx=5 pid=18989
[2026-08-22T00:28:06+02:00] UE_SLOT_ASSIGN timestamp=2026-08-21T22:28:06+00:00 active_ues=17 slot=6 ue_idx=6 ue_if=uesimtun6 ue_ip=10.45.1.53 candidate_reused_global_suspect=0
[2026-08-22T00:28:06+02:00] UE_SLOT_START timestamp=2026-08-21T22:28:06+00:00 active_ues=17 slot=6 attempt=1 ue_idx=6 ue_if=uesimtun6 ue_ip=10.45.1.53 target=192.168.1.211:5207 bitrate=1M duration_s=80 planned_end_epoch=1787351366 timeout_s=90 hard_timeout_epoch=1787351381 start_rx_bytes=424248
[2026-08-22T00:28:06+02:00] UE_SLOT_PID timestamp=2026-08-21T22:28:06+00:00 active_ues=17 slot=6 attempt=1 ue_idx=6 pid=19014
[2026-08-22T00:28:06+02:00] UE_SLOT_ASSIGN timestamp=2026-08-21T22:28:06+00:00 active_ues=17 slot=7 ue_idx=7 ue_if=uesimtun7 ue_ip=10.45.1.54 candidate_reused_global_suspect=0
[2026-08-22T00:28:06+02:00] UE_SLOT_START timestamp=2026-08-21T22:28:06+00:00 active_ues=17 slot=7 attempt=1 ue_idx=7 ue_if=uesimtun7 ue_ip=10.45.1.54 target=192.168.1.211:5208 bitrate=1M duration_s=80 planned_end_epoch=1787351366 timeout_s=90 hard_timeout_epoch=1787351381 start_rx_bytes=338371
[2026-08-22T00:28:06+02:00] UE_SLOT_PID timestamp=2026-08-21T22:28:06+00:00 active_ues=17 slot=7 attempt=1 ue_idx=7 pid=19039
[2026-08-22T00:28:06+02:00] UE_SLOT_ASSIGN timestamp=2026-08-21T22:28:06+00:00 active_ues=17 slot=8 ue_idx=8 ue_if=uesimtun8 ue_ip=10.45.1.56 candidate_reused_global_suspect=0
[2026-08-22T00:28:06+02:00] UE_SLOT_START timestamp=2026-08-21T22:28:06+00:00 active_ues=17 slot=8 attempt=1 ue_idx=8 ue_if=uesimtun8 ue_ip=10.45.1.56 target=192.168.1.211:5209 bitrate=1M duration_s=80 planned_end_epoch=1787351366 timeout_s=90 hard_timeout_epoch=1787351381 start_rx_bytes=338092
[2026-08-22T00:28:06+02:00] UE_SLOT_PID timestamp=2026-08-21T22:28:06+00:00 active_ues=17 slot=8 attempt=1 ue_idx=8 pid=19064
[2026-08-22T00:28:06+02:00] UE_SLOT_ASSIGN timestamp=2026-08-21T22:28:06+00:00 active_ues=17 slot=9 ue_idx=9 ue_if=uesimtun9 ue_ip=10.45.1.57 candidate_reused_global_suspect=0
[2026-08-22T00:28:06+02:00] UE_SLOT_START timestamp=2026-08-21T22:28:06+00:00 active_ues=17 slot=9 attempt=1 ue_idx=9 ue_if=uesimtun9 ue_ip=10.45.1.57 target=192.168.1.211:5210 bitrate=1M duration_s=80 planned_end_epoch=1787351366 timeout_s=90 hard_timeout_epoch=1787351381 start_rx_bytes=260540
[2026-08-22T00:28:06+02:00] UE_SLOT_PID timestamp=2026-08-21T22:28:06+00:00 active_ues=17 slot=9 attempt=1 ue_idx=9 pid=19089
[2026-08-22T00:28:07+02:00] UE_SLOT_ASSIGN timestamp=2026-08-21T22:28:07+00:00 active_ues=17 slot=10 ue_idx=10 ue_if=uesimtun10 ue_ip=10.45.1.50 candidate_reused_global_suspect=0
[2026-08-22T00:28:07+02:00] UE_SLOT_START timestamp=2026-08-21T22:28:07+00:00 active_ues=17 slot=10 attempt=1 ue_idx=10 ue_if=uesimtun10 ue_ip=10.45.1.50 target=192.168.1.211:5211 bitrate=1M duration_s=80 planned_end_epoch=1787351367 timeout_s=90 hard_timeout_epoch=1787351382 start_rx_bytes=258207
[2026-08-22T00:28:07+02:00] UE_SLOT_PID timestamp=2026-08-21T22:28:07+00:00 active_ues=17 slot=10 attempt=1 ue_idx=10 pid=19114
[2026-08-22T00:28:07+02:00] UE_SLOT_ASSIGN timestamp=2026-08-21T22:28:07+00:00 active_ues=17 slot=11 ue_idx=11 ue_if=uesimtun11 ue_ip=10.45.1.60 candidate_reused_global_suspect=0
[2026-08-22T00:28:07+02:00] UE_SLOT_START timestamp=2026-08-21T22:28:07+00:00 active_ues=17 slot=11 attempt=1 ue_idx=11 ue_if=uesimtun11 ue_ip=10.45.1.60 target=192.168.1.211:5212 bitrate=1M duration_s=80 planned_end_epoch=1787351367 timeout_s=90 hard_timeout_epoch=1787351382 start_rx_bytes=177268
[2026-08-22T00:28:07+02:00] UPF_CONTROL_SAMPLE timestamp=2026-08-22T00:28:05+02:00 scenario=ue_17 pod=open5gs-upf-5b9db6d44-nsbqz uid=7b5b8ef7-a2a2-4fe9-a3e1-74acd17bd88f restarts=6 usage_cpu=234m usage_mem=36Mi request_cpu=224m request_mem=250Mi limit_cpu=none limit_mem=none vpa_target_cpu=247m vpa_target_mem=250Mi vpa_uncapped_cpu=247m vpa_uncapped_mem=250Mi vpa_lower_cpu=74m vpa_lower_mem=250Mi vpa_upper_cpu=1500m vpa_upper_mem=512Mi
[2026-08-22T00:28:07+02:00] UE_SLOT_PID timestamp=2026-08-21T22:28:07+00:00 active_ues=17 slot=11 attempt=1 ue_idx=11 pid=19139
[2026-08-22T00:28:07+02:00] UE_SLOT_ASSIGN timestamp=2026-08-21T22:28:07+00:00 active_ues=17 slot=12 ue_idx=12 ue_if=uesimtun12 ue_ip=10.45.1.55 candidate_reused_global_suspect=0
[2026-08-22T00:28:07+02:00] UE_SLOT_START timestamp=2026-08-21T22:28:07+00:00 active_ues=17 slot=12 attempt=1 ue_idx=12 ue_if=uesimtun12 ue_ip=10.45.1.55 target=192.168.1.211:5213 bitrate=1M duration_s=80 planned_end_epoch=1787351367 timeout_s=90 hard_timeout_epoch=1787351382 start_rx_bytes=178520
[2026-08-22T00:28:07+02:00] UE_SLOT_PID timestamp=2026-08-21T22:28:07+00:00 active_ues=17 slot=12 attempt=1 ue_idx=12 pid=19164
[2026-08-22T00:28:07+02:00] UE_SLOT_ASSIGN timestamp=2026-08-21T22:28:07+00:00 active_ues=17 slot=13 ue_idx=13 ue_if=uesimtun13 ue_ip=10.45.1.62 candidate_reused_global_suspect=0
[2026-08-22T00:28:07+02:00] UE_SLOT_START timestamp=2026-08-21T22:28:07+00:00 active_ues=17 slot=13 attempt=1 ue_idx=13 ue_if=uesimtun13 ue_ip=10.45.1.62 target=192.168.1.211:5214 bitrate=1M duration_s=80 planned_end_epoch=1787351367 timeout_s=90 hard_timeout_epoch=1787351382 start_rx_bytes=88492
[2026-08-22T00:28:07+02:00] UE_SLOT_PID timestamp=2026-08-21T22:28:07+00:00 active_ues=17 slot=13 attempt=1 ue_idx=13 pid=19189
[2026-08-22T00:28:07+02:00] UE_SLOT_ASSIGN timestamp=2026-08-21T22:28:07+00:00 active_ues=17 slot=14 ue_idx=14 ue_if=uesimtun14 ue_ip=10.45.1.66 candidate_reused_global_suspect=0
[2026-08-22T00:28:07+02:00] UE_SLOT_START timestamp=2026-08-21T22:28:07+00:00 active_ues=17 slot=14 attempt=1 ue_idx=14 ue_if=uesimtun14 ue_ip=10.45.1.66 target=192.168.1.211:5215 bitrate=1M duration_s=80 planned_end_epoch=1787351367 timeout_s=90 hard_timeout_epoch=1787351382 start_rx_bytes=93672
[2026-08-22T00:28:07+02:00] UE_SLOT_PID timestamp=2026-08-21T22:28:07+00:00 active_ues=17 slot=14 attempt=1 ue_idx=14 pid=19214
[2026-08-22T00:28:08+02:00] UE_SLOT_ASSIGN timestamp=2026-08-21T22:28:08+00:00 active_ues=17 slot=15 ue_idx=15 ue_if=uesimtun15 ue_ip=10.45.1.64 candidate_reused_global_suspect=0
[2026-08-22T00:28:08+02:00] UE_SLOT_START timestamp=2026-08-21T22:28:08+00:00 active_ues=17 slot=15 attempt=1 ue_idx=15 ue_if=uesimtun15 ue_ip=10.45.1.64 target=192.168.1.211:5216 bitrate=1M duration_s=80 planned_end_epoch=1787351368 timeout_s=90 hard_timeout_epoch=1787351383 start_rx_bytes=0
[2026-08-22T00:28:08+02:00] UE_SLOT_PID timestamp=2026-08-21T22:28:08+00:00 active_ues=17 slot=15 attempt=1 ue_idx=15 pid=19239
[2026-08-22T00:28:08+02:00] UE_SLOT_ASSIGN timestamp=2026-08-21T22:28:08+00:00 active_ues=17 slot=16 ue_idx=16 ue_if=uesimtun16 ue_ip=10.45.1.68 candidate_reused_global_suspect=0
[2026-08-22T00:28:08+02:00] UE_SLOT_START timestamp=2026-08-21T22:28:08+00:00 active_ues=17 slot=16 attempt=1 ue_idx=16 ue_if=uesimtun16 ue_ip=10.45.1.68 target=192.168.1.211:5217 bitrate=1M duration_s=80 planned_end_epoch=1787351368 timeout_s=90 hard_timeout_epoch=1787351383 start_rx_bytes=0
[2026-08-22T00:28:08+02:00] UE_SLOT_PID timestamp=2026-08-21T22:28:08+00:00 active_ues=17 slot=16 attempt=1 ue_idx=16 pid=19264
[2026-08-22T00:28:08+02:00] IPERF_MAPPING_SUMMARY timestamp=2026-08-21T22:28:08+00:00 active_ues=17 registered_tunnels=50 initial_ports=5201-5217 replacement_ports=5251-5265 bitrate=1M start_delay=0.05 detection=no_rx_counter replacement_min_duration_s=5 adaptive_extension_max_s=1 iperf_exit_grace_s=3 server_busy_port_rebinds=1 late_replacement_after_end=disabled wait_for_iperf_exit=until_timeout global_suspect_policy=soft_reuse ramp_supervision=after_initial_start
[2026-08-22T00:28:09+02:00] UPF_CONTROL_SAMPLE timestamp=2026-08-22T00:28:08+02:00 scenario=ue_17 pod=open5gs-upf-5b9db6d44-nsbqz uid=7b5b8ef7-a2a2-4fe9-a3e1-74acd17bd88f restarts=6 usage_cpu=234m usage_mem=36Mi request_cpu=224m request_mem=250Mi limit_cpu=none limit_mem=none vpa_target_cpu=247m vpa_target_mem=250Mi vpa_uncapped_cpu=247m vpa_uncapped_mem=250Mi vpa_lower_cpu=74m vpa_lower_mem=250Mi vpa_upper_cpu=1500m vpa_upper_mem=512Mi
[2026-08-22T00:28:12+02:00] UPF_CONTROL_SAMPLE timestamp=2026-08-22T00:28:10+02:00 scenario=ue_17 pod=open5gs-upf-5b9db6d44-nsbqz uid=7b5b8ef7-a2a2-4fe9-a3e1-74acd17bd88f restarts=6 usage_cpu=188m usage_mem=35Mi request_cpu=224m request_mem=250Mi limit_cpu=none limit_mem=none vpa_target_cpu=247m vpa_target_mem=250Mi vpa_uncapped_cpu=247m vpa_uncapped_mem=250Mi vpa_lower_cpu=74m vpa_lower_mem=250Mi vpa_upper_cpu=1500m vpa_upper_mem=512Mi
[2026-08-22T00:28:14+02:00] UPF_CONTROL_SAMPLE timestamp=2026-08-22T00:28:13+02:00 scenario=ue_17 pod=open5gs-upf-5b9db6d44-nsbqz uid=7b5b8ef7-a2a2-4fe9-a3e1-74acd17bd88f restarts=6 usage_cpu=188m usage_mem=35Mi request_cpu=224m request_mem=250Mi limit_cpu=none limit_mem=none vpa_target_cpu=247m vpa_target_mem=250Mi vpa_uncapped_cpu=247m vpa_uncapped_mem=250Mi vpa_lower_cpu=74m vpa_lower_mem=250Mi vpa_upper_cpu=1500m vpa_upper_mem=512Mi
[2026-08-22T00:28:16+02:00] UPF_CONTROL_SAMPLE timestamp=2026-08-22T00:28:15+02:00 scenario=ue_17 pod=open5gs-upf-5b9db6d44-nsbqz uid=7b5b8ef7-a2a2-4fe9-a3e1-74acd17bd88f restarts=6 usage_cpu=188m usage_mem=35Mi request_cpu=224m request_mem=250Mi limit_cpu=none limit_mem=none vpa_target_cpu=247m vpa_target_mem=250Mi vpa_uncapped_cpu=247m vpa_uncapped_mem=250Mi vpa_lower_cpu=74m vpa_lower_mem=250Mi vpa_upper_cpu=1500m vpa_upper_mem=512Mi
[2026-08-22T00:28:19+02:00] UPF_CONTROL_SAMPLE timestamp=2026-08-22T00:28:17+02:00 scenario=ue_17 pod=open5gs-upf-5b9db6d44-nsbqz uid=7b5b8ef7-a2a2-4fe9-a3e1-74acd17bd88f restarts=6 usage_cpu=188m usage_mem=35Mi request_cpu=224m request_mem=250Mi limit_cpu=none limit_mem=none vpa_target_cpu=247m vpa_target_mem=250Mi vpa_uncapped_cpu=247m vpa_uncapped_mem=250Mi vpa_lower_cpu=74m vpa_lower_mem=250Mi vpa_upper_cpu=1500m vpa_upper_mem=512Mi
[2026-08-22T00:28:21+02:00] UPF_CONTROL_SAMPLE timestamp=2026-08-22T00:28:20+02:00 scenario=ue_17 pod=open5gs-upf-5b9db6d44-nsbqz uid=7b5b8ef7-a2a2-4fe9-a3e1-74acd17bd88f restarts=6 usage_cpu=188m usage_mem=35Mi request_cpu=224m request_mem=250Mi limit_cpu=none limit_mem=none vpa_target_cpu=247m vpa_target_mem=250Mi vpa_uncapped_cpu=247m vpa_uncapped_mem=250Mi vpa_lower_cpu=74m vpa_lower_mem=250Mi vpa_upper_cpu=1500m vpa_upper_mem=512Mi
[2026-08-22T00:28:23+02:00] UPF_CONTROL_SAMPLE timestamp=2026-08-22T00:28:22+02:00 scenario=ue_17 pod=open5gs-upf-5b9db6d44-nsbqz uid=7b5b8ef7-a2a2-4fe9-a3e1-74acd17bd88f restarts=6 usage_cpu=188m usage_mem=35Mi request_cpu=224m request_mem=250Mi limit_cpu=none limit_mem=none vpa_target_cpu=247m vpa_target_mem=250Mi vpa_uncapped_cpu=247m vpa_uncapped_mem=250Mi vpa_lower_cpu=74m vpa_lower_mem=250Mi vpa_upper_cpu=1500m vpa_upper_mem=512Mi
[2026-08-22T00:28:26+02:00] UPF_CONTROL_SAMPLE timestamp=2026-08-22T00:28:24+02:00 scenario=ue_17 pod=open5gs-upf-5b9db6d44-nsbqz uid=7b5b8ef7-a2a2-4fe9-a3e1-74acd17bd88f restarts=6 usage_cpu=172m usage_mem=36Mi request_cpu=224m request_mem=250Mi limit_cpu=none limit_mem=none vpa_target_cpu=247m vpa_target_mem=250Mi vpa_uncapped_cpu=247m vpa_uncapped_mem=250Mi vpa_lower_cpu=74m vpa_lower_mem=250Mi vpa_upper_cpu=1500m vpa_upper_mem=512Mi
[2026-08-22T00:28:28+02:00] UPF_REQUEST_CHANGE timestamp=2026-08-22T00:28:27+02:00 scenario=ue_17 pod=open5gs-upf-5b9db6d44-nsbqz uid=7b5b8ef7-a2a2-4fe9-a3e1-74acd17bd88f restarts=6 old='request_cpu=224m request_mem=250Mi limit_cpu=none limit_mem=none' new='request_cpu=247m request_mem=250Mi limit_cpu=none limit_mem=none' previous_5s_sample='timestamp=2026-08-22T00:28:22+02:00 scenario=ue_17 pod=open5gs-upf-5b9db6d44-nsbqz uid=7b5b8ef7-a2a2-4fe9-a3e1-74acd17bd88f restarts=6 usage_cpu=188m usage_mem=35Mi request_cpu=224m request_mem=250Mi limit_cpu=none limit_mem=none vpa_target_cpu=247m vpa_target_mem=250Mi vpa_uncapped_cpu=247m vpa_uncapped_mem=250Mi vpa_lower_cpu=74m vpa_lower_mem=250Mi vpa_upper_cpu=1500m vpa_upper_mem=512Mi' current_sample='timestamp=2026-08-22T00:28:27+02:00 scenario=ue_17 pod=open5gs-upf-5b9db6d44-nsbqz uid=7b5b8ef7-a2a2-4fe9-a3e1-74acd17bd88f restarts=6 usage_cpu=172m usage_mem=36Mi request_cpu=247m request_mem=250Mi limit_cpu=none limit_mem=none vpa_target_cpu=247m vpa_target_mem=250Mi vpa_uncapped_cpu=247m vpa_uncapped_mem=250Mi vpa_lower_cpu=74m vpa_lower_mem=250Mi vpa_upper_cpu=1500m vpa_upper_mem=512Mi'
[2026-08-22T00:28:28+02:00] UPF_CONTROL_SAMPLE timestamp=2026-08-22T00:28:27+02:00 scenario=ue_17 pod=open5gs-upf-5b9db6d44-nsbqz uid=7b5b8ef7-a2a2-4fe9-a3e1-74acd17bd88f restarts=6 usage_cpu=172m usage_mem=36Mi request_cpu=247m request_mem=250Mi limit_cpu=none limit_mem=none vpa_target_cpu=247m vpa_target_mem=250Mi vpa_uncapped_cpu=247m vpa_uncapped_mem=250Mi vpa_lower_cpu=74m vpa_lower_mem=250Mi vpa_upper_cpu=1500m vpa_upper_mem=512Mi
[2026-08-22T00:28:30+02:00] UPF_CONTROL_SAMPLE timestamp=2026-08-22T00:28:29+02:00 scenario=ue_17 pod=open5gs-upf-5b9db6d44-nsbqz uid=7b5b8ef7-a2a2-4fe9-a3e1-74acd17bd88f restarts=6 usage_cpu=172m usage_mem=36Mi request_cpu=247m request_mem=250Mi limit_cpu=none limit_mem=none vpa_target_cpu=247m vpa_target_mem=250Mi vpa_uncapped_cpu=247m vpa_uncapped_mem=250Mi vpa_lower_cpu=74m vpa_lower_mem=250Mi vpa_upper_cpu=1500m vpa_upper_mem=512Mi
[2026-08-22T00:28:33+02:00] VPA_RECOMMENDATION_CHANGE timestamp=2026-08-22T00:28:31+02:00 scenario=ue_17 old='vpa_target_cpu=247m vpa_target_mem=250Mi vpa_uncapped_cpu=247m vpa_uncapped_mem=250Mi vpa_lower_cpu=74m vpa_lower_mem=250Mi vpa_upper_cpu=1500m vpa_upper_mem=512Mi' new='vpa_target_cpu=247m vpa_target_mem=250Mi vpa_uncapped_cpu=247m vpa_uncapped_mem=250Mi vpa_lower_cpu=102m vpa_lower_mem=250Mi vpa_upper_cpu=1500m vpa_upper_mem=512Mi' previous_5s_sample='timestamp=2026-08-22T00:28:24+02:00 scenario=ue_17 pod=open5gs-upf-5b9db6d44-nsbqz uid=7b5b8ef7-a2a2-4fe9-a3e1-74acd17bd88f restarts=6 usage_cpu=172m usage_mem=36Mi request_cpu=224m request_mem=250Mi limit_cpu=none limit_mem=none vpa_target_cpu=247m vpa_target_mem=250Mi vpa_uncapped_cpu=247m vpa_uncapped_mem=250Mi vpa_lower_cpu=74m vpa_lower_mem=250Mi vpa_upper_cpu=1500m vpa_upper_mem=512Mi' current_sample='timestamp=2026-08-22T00:28:31+02:00 scenario=ue_17 pod=open5gs-upf-5b9db6d44-nsbqz uid=7b5b8ef7-a2a2-4fe9-a3e1-74acd17bd88f restarts=6 usage_cpu=172m usage_mem=36Mi request_cpu=247m request_mem=250Mi limit_cpu=none limit_mem=none vpa_target_cpu=247m vpa_target_mem=250Mi vpa_uncapped_cpu=247m vpa_uncapped_mem=250Mi vpa_lower_cpu=102m vpa_lower_mem=250Mi vpa_upper_cpu=1500m vpa_upper_mem=512Mi'
[2026-08-22T00:28:33+02:00] UPF_CONTROL_SAMPLE timestamp=2026-08-22T00:28:31+02:00 scenario=ue_17 pod=open5gs-upf-5b9db6d44-nsbqz uid=7b5b8ef7-a2a2-4fe9-a3e1-74acd17bd88f restarts=6 usage_cpu=172m usage_mem=36Mi request_cpu=247m request_mem=250Mi limit_cpu=none limit_mem=none vpa_target_cpu=247m vpa_target_mem=250Mi vpa_uncapped_cpu=247m vpa_uncapped_mem=250Mi vpa_lower_cpu=102m vpa_lower_mem=250Mi vpa_upper_cpu=1500m vpa_upper_mem=512Mi
[2026-08-22T00:28:35+02:00] UPF_CONTROL_SAMPLE timestamp=2026-08-22T00:28:34+02:00 scenario=ue_17 pod=open5gs-upf-5b9db6d44-nsbqz uid=7b5b8ef7-a2a2-4fe9-a3e1-74acd17bd88f restarts=6 usage_cpu=172m usage_mem=36Mi request_cpu=247m request_mem=250Mi limit_cpu=none limit_mem=none vpa_target_cpu=247m vpa_target_mem=250Mi vpa_uncapped_cpu=247m vpa_uncapped_mem=250Mi vpa_lower_cpu=102m vpa_lower_mem=250Mi vpa_upper_cpu=1500m vpa_upper_mem=512Mi
[2026-08-22T00:28:37+02:00] UPF_CONTROL_SAMPLE timestamp=2026-08-22T00:28:36+02:00 scenario=ue_17 pod=open5gs-upf-5b9db6d44-nsbqz uid=7b5b8ef7-a2a2-4fe9-a3e1-74acd17bd88f restarts=6 usage_cpu=172m usage_mem=36Mi request_cpu=247m request_mem=250Mi limit_cpu=none limit_mem=none vpa_target_cpu=247m vpa_target_mem=250Mi vpa_uncapped_cpu=247m vpa_uncapped_mem=250Mi vpa_lower_cpu=102m vpa_lower_mem=250Mi vpa_upper_cpu=1500m vpa_upper_mem=512Mi
[2026-08-22T00:28:40+02:00] UPF_CONTROL_SAMPLE timestamp=2026-08-22T00:28:38+02:00 scenario=ue_17 pod=open5gs-upf-5b9db6d44-nsbqz uid=7b5b8ef7-a2a2-4fe9-a3e1-74acd17bd88f restarts=6 usage_cpu=172m usage_mem=36Mi request_cpu=247m request_mem=250Mi limit_cpu=none limit_mem=none vpa_target_cpu=247m vpa_target_mem=250Mi vpa_uncapped_cpu=247m vpa_uncapped_mem=250Mi vpa_lower_cpu=102m vpa_lower_mem=250Mi vpa_upper_cpu=1500m vpa_upper_mem=512Mi
[2026-08-22T00:28:42+02:00] UPF_CONTROL_SAMPLE timestamp=2026-08-22T00:28:41+02:00 scenario=ue_17 pod=open5gs-upf-5b9db6d44-nsbqz uid=7b5b8ef7-a2a2-4fe9-a3e1-74acd17bd88f restarts=6 usage_cpu=267m usage_mem=36Mi request_cpu=247m request_mem=250Mi limit_cpu=none limit_mem=none vpa_target_cpu=247m vpa_target_mem=250Mi vpa_uncapped_cpu=247m vpa_uncapped_mem=250Mi vpa_lower_cpu=102m vpa_lower_mem=250Mi vpa_upper_cpu=1500m vpa_upper_mem=512Mi
[2026-08-22T00:28:44+02:00] UPF_CONTROL_SAMPLE timestamp=2026-08-22T00:28:43+02:00 scenario=ue_17 pod=open5gs-upf-5b9db6d44-nsbqz uid=7b5b8ef7-a2a2-4fe9-a3e1-74acd17bd88f restarts=6 usage_cpu=267m usage_mem=36Mi request_cpu=247m request_mem=250Mi limit_cpu=none limit_mem=none vpa_target_cpu=247m vpa_target_mem=250Mi vpa_uncapped_cpu=247m vpa_uncapped_mem=250Mi vpa_lower_cpu=102m vpa_lower_mem=250Mi vpa_upper_cpu=1500m vpa_upper_mem=512Mi
[2026-08-22T00:28:47+02:00] UPF_CONTROL_SAMPLE timestamp=2026-08-22T00:28:45+02:00 scenario=ue_17 pod=open5gs-upf-5b9db6d44-nsbqz uid=7b5b8ef7-a2a2-4fe9-a3e1-74acd17bd88f restarts=6 usage_cpu=267m usage_mem=36Mi request_cpu=247m request_mem=250Mi limit_cpu=none limit_mem=none vpa_target_cpu=247m vpa_target_mem=250Mi vpa_uncapped_cpu=247m vpa_uncapped_mem=250Mi vpa_lower_cpu=102m vpa_lower_mem=250Mi vpa_upper_cpu=1500m vpa_upper_mem=512Mi
[2026-08-22T00:28:49+02:00] UPF_CONTROL_SAMPLE timestamp=2026-08-22T00:28:48+02:00 scenario=ue_17 pod=open5gs-upf-5b9db6d44-nsbqz uid=7b5b8ef7-a2a2-4fe9-a3e1-74acd17bd88f restarts=6 usage_cpu=267m usage_mem=36Mi request_cpu=247m request_mem=250Mi limit_cpu=none limit_mem=none vpa_target_cpu=247m vpa_target_mem=250Mi vpa_uncapped_cpu=247m vpa_uncapped_mem=250Mi vpa_lower_cpu=102m vpa_lower_mem=250Mi vpa_upper_cpu=1500m vpa_upper_mem=512Mi
[2026-08-22T00:28:52+02:00] UPF_CONTROL_SAMPLE timestamp=2026-08-22T00:28:50+02:00 scenario=ue_17 pod=open5gs-upf-5b9db6d44-nsbqz uid=7b5b8ef7-a2a2-4fe9-a3e1-74acd17bd88f restarts=6 usage_cpu=267m usage_mem=36Mi request_cpu=247m request_mem=250Mi limit_cpu=none limit_mem=none vpa_target_cpu=247m vpa_target_mem=250Mi vpa_uncapped_cpu=247m vpa_uncapped_mem=250Mi vpa_lower_cpu=102m vpa_lower_mem=250Mi vpa_upper_cpu=1500m vpa_upper_mem=512Mi
[2026-08-22T00:28:54+02:00] UPF_CONTROL_SAMPLE timestamp=2026-08-22T00:28:53+02:00 scenario=ue_17 pod=open5gs-upf-5b9db6d44-nsbqz uid=7b5b8ef7-a2a2-4fe9-a3e1-74acd17bd88f restarts=6 usage_cpu=267m usage_mem=36Mi request_cpu=247m request_mem=250Mi limit_cpu=none limit_mem=none vpa_target_cpu=247m vpa_target_mem=250Mi vpa_uncapped_cpu=247m vpa_uncapped_mem=250Mi vpa_lower_cpu=102m vpa_lower_mem=250Mi vpa_upper_cpu=1500m vpa_upper_mem=512Mi
[2026-08-22T00:28:56+02:00] UPF_CONTROL_SAMPLE timestamp=2026-08-22T00:28:55+02:00 scenario=ue_17 pod=open5gs-upf-5b9db6d44-nsbqz uid=7b5b8ef7-a2a2-4fe9-a3e1-74acd17bd88f restarts=6 usage_cpu=270m usage_mem=36Mi request_cpu=247m request_mem=250Mi limit_cpu=none limit_mem=none vpa_target_cpu=247m vpa_target_mem=250Mi vpa_uncapped_cpu=247m vpa_uncapped_mem=250Mi vpa_lower_cpu=102m vpa_lower_mem=250Mi vpa_upper_cpu=1500m vpa_upper_mem=512Mi
[2026-08-22T00:28:59+02:00] UPF_CONTROL_SAMPLE timestamp=2026-08-22T00:28:57+02:00 scenario=ue_17 pod=open5gs-upf-5b9db6d44-nsbqz uid=7b5b8ef7-a2a2-4fe9-a3e1-74acd17bd88f restarts=6 usage_cpu=270m usage_mem=36Mi request_cpu=247m request_mem=250Mi limit_cpu=none limit_mem=none vpa_target_cpu=247m vpa_target_mem=250Mi vpa_uncapped_cpu=247m vpa_uncapped_mem=250Mi vpa_lower_cpu=102m vpa_lower_mem=250Mi vpa_upper_cpu=1500m vpa_upper_mem=512Mi
[2026-08-22T00:29:01+02:00] UPF_CONTROL_SAMPLE timestamp=2026-08-22T00:29:00+02:00 scenario=ue_17 pod=open5gs-upf-5b9db6d44-nsbqz uid=7b5b8ef7-a2a2-4fe9-a3e1-74acd17bd88f restarts=6 usage_cpu=270m usage_mem=36Mi request_cpu=247m request_mem=250Mi limit_cpu=none limit_mem=none vpa_target_cpu=247m vpa_target_mem=250Mi vpa_uncapped_cpu=247m vpa_uncapped_mem=250Mi vpa_lower_cpu=102m vpa_lower_mem=250Mi vpa_upper_cpu=1500m vpa_upper_mem=512Mi
[2026-08-22T00:29:03+02:00] UPF_CONTROL_SAMPLE timestamp=2026-08-22T00:29:02+02:00 scenario=ue_17 pod=open5gs-upf-5b9db6d44-nsbqz uid=7b5b8ef7-a2a2-4fe9-a3e1-74acd17bd88f restarts=6 usage_cpu=270m usage_mem=36Mi request_cpu=247m request_mem=250Mi limit_cpu=none limit_mem=none vpa_target_cpu=247m vpa_target_mem=250Mi vpa_uncapped_cpu=247m vpa_uncapped_mem=250Mi vpa_lower_cpu=102m vpa_lower_mem=250Mi vpa_upper_cpu=1500m vpa_upper_mem=512Mi
[2026-08-22T00:29:05+02:00] UPF_CONTROL_SAMPLE timestamp=2026-08-22T00:29:04+02:00 scenario=ue_17 pod=open5gs-upf-5b9db6d44-nsbqz uid=7b5b8ef7-a2a2-4fe9-a3e1-74acd17bd88f restarts=6 usage_cpu=270m usage_mem=36Mi request_cpu=247m request_mem=250Mi limit_cpu=none limit_mem=none vpa_target_cpu=247m vpa_target_mem=250Mi vpa_uncapped_cpu=247m vpa_uncapped_mem=250Mi vpa_lower_cpu=102m vpa_lower_mem=250Mi vpa_upper_cpu=1500m vpa_upper_mem=512Mi
[2026-08-22T00:29:08+02:00] UPF_CONTROL_SAMPLE timestamp=2026-08-22T00:29:07+02:00 scenario=ue_17 pod=open5gs-upf-5b9db6d44-nsbqz uid=7b5b8ef7-a2a2-4fe9-a3e1-74acd17bd88f restarts=6 usage_cpu=270m usage_mem=36Mi request_cpu=247m request_mem=250Mi limit_cpu=none limit_mem=none vpa_target_cpu=247m vpa_target_mem=250Mi vpa_uncapped_cpu=247m vpa_uncapped_mem=250Mi vpa_lower_cpu=102m vpa_lower_mem=250Mi vpa_upper_cpu=1500m vpa_upper_mem=512Mi
[2026-08-22T00:29:10+02:00] UPF_CONTROL_SAMPLE timestamp=2026-08-22T00:29:09+02:00 scenario=ue_17 pod=open5gs-upf-5b9db6d44-nsbqz uid=7b5b8ef7-a2a2-4fe9-a3e1-74acd17bd88f restarts=6 usage_cpu=270m usage_mem=36Mi request_cpu=247m request_mem=250Mi limit_cpu=none limit_mem=none vpa_target_cpu=247m vpa_target_mem=250Mi vpa_uncapped_cpu=247m vpa_uncapped_mem=250Mi vpa_lower_cpu=102m vpa_lower_mem=250Mi vpa_upper_cpu=1500m vpa_upper_mem=512Mi
[2026-08-22T00:29:12+02:00] UPF_CONTROL_SAMPLE timestamp=2026-08-22T00:29:11+02:00 scenario=ue_17 pod=open5gs-upf-5b9db6d44-nsbqz uid=7b5b8ef7-a2a2-4fe9-a3e1-74acd17bd88f restarts=6 usage_cpu=268m usage_mem=36Mi request_cpu=247m request_mem=250Mi limit_cpu=none limit_mem=none vpa_target_cpu=247m vpa_target_mem=250Mi vpa_uncapped_cpu=247m vpa_uncapped_mem=250Mi vpa_lower_cpu=102m vpa_lower_mem=250Mi vpa_upper_cpu=1500m vpa_upper_mem=512Mi
[2026-08-22T00:29:15+02:00] UPF_CONTROL_SAMPLE timestamp=2026-08-22T00:29:13+02:00 scenario=ue_17 pod=open5gs-upf-5b9db6d44-nsbqz uid=7b5b8ef7-a2a2-4fe9-a3e1-74acd17bd88f restarts=6 usage_cpu=268m usage_mem=36Mi request_cpu=247m request_mem=250Mi limit_cpu=none limit_mem=none vpa_target_cpu=247m vpa_target_mem=250Mi vpa_uncapped_cpu=247m vpa_uncapped_mem=250Mi vpa_lower_cpu=102m vpa_lower_mem=250Mi vpa_upper_cpu=1500m vpa_upper_mem=512Mi
[2026-08-22T00:29:17+02:00] UPF_CONTROL_SAMPLE timestamp=2026-08-22T00:29:16+02:00 scenario=ue_17 pod=open5gs-upf-5b9db6d44-nsbqz uid=7b5b8ef7-a2a2-4fe9-a3e1-74acd17bd88f restarts=6 usage_cpu=268m usage_mem=36Mi request_cpu=247m request_mem=250Mi limit_cpu=none limit_mem=none vpa_target_cpu=247m vpa_target_mem=250Mi vpa_uncapped_cpu=247m vpa_uncapped_mem=250Mi vpa_lower_cpu=102m vpa_lower_mem=250Mi vpa_upper_cpu=1500m vpa_upper_mem=512Mi
[2026-08-22T00:29:19+02:00] UPF_CONTROL_SAMPLE timestamp=2026-08-22T00:29:18+02:00 scenario=ue_17 pod=open5gs-upf-5b9db6d44-nsbqz uid=7b5b8ef7-a2a2-4fe9-a3e1-74acd17bd88f restarts=6 usage_cpu=268m usage_mem=36Mi request_cpu=247m request_mem=250Mi limit_cpu=none limit_mem=none vpa_target_cpu=247m vpa_target_mem=250Mi vpa_uncapped_cpu=247m vpa_uncapped_mem=250Mi vpa_lower_cpu=102m vpa_lower_mem=250Mi vpa_upper_cpu=1500m vpa_upper_mem=512Mi
[2026-08-22T00:29:22+02:00] UPF_CONTROL_SAMPLE timestamp=2026-08-22T00:29:20+02:00 scenario=ue_17 pod=open5gs-upf-5b9db6d44-nsbqz uid=7b5b8ef7-a2a2-4fe9-a3e1-74acd17bd88f restarts=6 usage_cpu=268m usage_mem=36Mi request_cpu=247m request_mem=250Mi limit_cpu=none limit_mem=none vpa_target_cpu=247m vpa_target_mem=250Mi vpa_uncapped_cpu=247m vpa_uncapped_mem=250Mi vpa_lower_cpu=102m vpa_lower_mem=250Mi vpa_upper_cpu=1500m vpa_upper_mem=512Mi
[2026-08-22T00:29:24+02:00] UPF_CONTROL_SAMPLE timestamp=2026-08-22T00:29:23+02:00 scenario=ue_17 pod=open5gs-upf-5b9db6d44-nsbqz uid=7b5b8ef7-a2a2-4fe9-a3e1-74acd17bd88f restarts=6 usage_cpu=268m usage_mem=36Mi request_cpu=247m request_mem=250Mi limit_cpu=none limit_mem=none vpa_target_cpu=247m vpa_target_mem=250Mi vpa_uncapped_cpu=247m vpa_uncapped_mem=250Mi vpa_lower_cpu=102m vpa_lower_mem=250Mi vpa_upper_cpu=1500m vpa_upper_mem=512Mi
[2026-08-22T00:29:25+02:00] UE_SLOT_DONE timestamp=2026-08-21T22:29:25+00:00 active_ues=17 slot=0 attempt=1 ue_idx=0 ue_if=uesimtun0 ue_ip=10.45.1.46 port=5201 rc=0 replacements_for_slot=0 server_busy_retries_for_slot=0
[2026-08-22T00:29:25+02:00] UE_SLOT_DONE timestamp=2026-08-21T22:29:25+00:00 active_ues=17 slot=1 attempt=1 ue_idx=1 ue_if=uesimtun1 ue_ip=10.45.1.47 port=5202 rc=0 replacements_for_slot=0 server_busy_retries_for_slot=0
[2026-08-22T00:29:26+02:00] UE_SLOT_DONE timestamp=2026-08-21T22:29:26+00:00 active_ues=17 slot=2 attempt=1 ue_idx=2 ue_if=uesimtun2 ue_ip=10.45.1.48 port=5203 rc=0 replacements_for_slot=0 server_busy_retries_for_slot=0
[2026-08-22T00:29:26+02:00] UE_SLOT_DONE timestamp=2026-08-21T22:29:26+00:00 active_ues=17 slot=3 attempt=1 ue_idx=3 ue_if=uesimtun3 ue_ip=10.45.1.49 port=5204 rc=0 replacements_for_slot=0 server_busy_retries_for_slot=0
[2026-08-22T00:29:26+02:00] UE_SLOT_DONE timestamp=2026-08-21T22:29:26+00:00 active_ues=17 slot=4 attempt=1 ue_idx=4 ue_if=uesimtun4 ue_ip=10.45.1.51 port=5205 rc=0 replacements_for_slot=0 server_busy_retries_for_slot=0
[2026-08-22T00:29:26+02:00] UE_SLOT_DONE timestamp=2026-08-21T22:29:26+00:00 active_ues=17 slot=5 attempt=1 ue_idx=5 ue_if=uesimtun5 ue_ip=10.45.1.52 port=5206 rc=0 replacements_for_slot=0 server_busy_retries_for_slot=0
[2026-08-22T00:29:26+02:00] UPF_CONTROL_SAMPLE timestamp=2026-08-22T00:29:25+02:00 scenario=ue_17 pod=open5gs-upf-5b9db6d44-nsbqz uid=7b5b8ef7-a2a2-4fe9-a3e1-74acd17bd88f restarts=6 usage_cpu=271m usage_mem=36Mi request_cpu=247m request_mem=250Mi limit_cpu=none limit_mem=none vpa_target_cpu=247m vpa_target_mem=250Mi vpa_uncapped_cpu=247m vpa_uncapped_mem=250Mi vpa_lower_cpu=102m vpa_lower_mem=250Mi vpa_upper_cpu=1500m vpa_upper_mem=512Mi
[2026-08-22T00:29:27+02:00] UE_SLOT_DONE timestamp=2026-08-21T22:29:27+00:00 active_ues=17 slot=6 attempt=1 ue_idx=6 ue_if=uesimtun6 ue_ip=10.45.1.53 port=5207 rc=0 replacements_for_slot=0 server_busy_retries_for_slot=0
[2026-08-22T00:29:27+02:00] UE_SLOT_DONE timestamp=2026-08-21T22:29:27+00:00 active_ues=17 slot=7 attempt=1 ue_idx=7 ue_if=uesimtun7 ue_ip=10.45.1.54 port=5208 rc=0 replacements_for_slot=0 server_busy_retries_for_slot=0
[2026-08-22T00:29:27+02:00] UE_SLOT_DONE timestamp=2026-08-21T22:29:27+00:00 active_ues=17 slot=8 attempt=1 ue_idx=8 ue_if=uesimtun8 ue_ip=10.45.1.56 port=5209 rc=0 replacements_for_slot=0 server_busy_retries_for_slot=0
[2026-08-22T00:29:27+02:00] UE_SLOT_DONE timestamp=2026-08-21T22:29:27+00:00 active_ues=17 slot=9 attempt=1 ue_idx=9 ue_if=uesimtun9 ue_ip=10.45.1.57 port=5210 rc=0 replacements_for_slot=0 server_busy_retries_for_slot=0
[2026-08-22T00:29:27+02:00] UE_SLOT_DONE timestamp=2026-08-21T22:29:27+00:00 active_ues=17 slot=10 attempt=1 ue_idx=10 ue_if=uesimtun10 ue_ip=10.45.1.50 port=5211 rc=0 replacements_for_slot=0 server_busy_retries_for_slot=0
[2026-08-22T00:29:27+02:00] UE_SLOT_DONE timestamp=2026-08-21T22:29:27+00:00 active_ues=17 slot=11 attempt=1 ue_idx=11 ue_if=uesimtun11 ue_ip=10.45.1.60 port=5212 rc=0 replacements_for_slot=0 server_busy_retries_for_slot=0
[2026-08-22T00:29:27+02:00] UE_SLOT_DONE timestamp=2026-08-21T22:29:27+00:00 active_ues=17 slot=12 attempt=1 ue_idx=12 ue_if=uesimtun12 ue_ip=10.45.1.55 port=5213 rc=0 replacements_for_slot=0 server_busy_retries_for_slot=0
[2026-08-22T00:29:29+02:00] UPF_CONTROL_SAMPLE timestamp=2026-08-22T00:29:27+02:00 scenario=ue_17 pod=open5gs-upf-5b9db6d44-nsbqz uid=7b5b8ef7-a2a2-4fe9-a3e1-74acd17bd88f restarts=6 usage_cpu=271m usage_mem=36Mi request_cpu=247m request_mem=250Mi limit_cpu=none limit_mem=none vpa_target_cpu=247m vpa_target_mem=250Mi vpa_uncapped_cpu=247m vpa_uncapped_mem=250Mi vpa_lower_cpu=102m vpa_lower_mem=250Mi vpa_upper_cpu=1500m vpa_upper_mem=512Mi
[2026-08-22T00:29:29+02:00] UE_SLOT_DONE timestamp=2026-08-21T22:29:29+00:00 active_ues=17 slot=13 attempt=1 ue_idx=13 ue_if=uesimtun13 ue_ip=10.45.1.62 port=5214 rc=0 replacements_for_slot=0 server_busy_retries_for_slot=0
[2026-08-22T00:29:29+02:00] UE_SLOT_DONE timestamp=2026-08-21T22:29:29+00:00 active_ues=17 slot=14 attempt=1 ue_idx=14 ue_if=uesimtun14 ue_ip=10.45.1.66 port=5215 rc=0 replacements_for_slot=0 server_busy_retries_for_slot=0
[2026-08-22T00:29:29+02:00] UE_SLOT_DONE timestamp=2026-08-21T22:29:29+00:00 active_ues=17 slot=15 attempt=1 ue_idx=15 ue_if=uesimtun15 ue_ip=10.45.1.64 port=5216 rc=0 replacements_for_slot=0 server_busy_retries_for_slot=0
[2026-08-22T00:29:29+02:00] UE_SLOT_DONE timestamp=2026-08-21T22:29:29+00:00 active_ues=17 slot=16 attempt=1 ue_idx=16 ue_if=uesimtun16 ue_ip=10.45.1.68 port=5217 rc=0 replacements_for_slot=0 server_busy_retries_for_slot=0
[2026-08-22T00:29:30+02:00] TRAFFIC_SUMMARY timestamp=2026-08-21T22:29:30+00:00 registered_tunnels=50 active_ues=17 target_slots=17 completed_slots=17 final_failed_slots=0 replacements=0 problematic_ues=0 zombie_ues=0 connect_timeouts=0 stalls=0 deferred_stalls=0 process_failures=0 server_busy_retries=0 server_busy_failures=0 late_timeouts_accepted=0 scenario_bad_ues=0 global_suspect_ues=0 used_ues=17 target_host=192.168.1.211 initial_ports=5201-5217 replacement_ports=5251-5265 bitrate=1M start_delay=0.05 detection=no_rx_counter replacement_min_duration_s=5 adaptive_extension_max_s=1 iperf_exit_grace_s=3 server_busy_retries_limit=1 server_busy_retry_delay_s=2 late_replacement_after_end=disabled wait_for_iperf_exit=until_timeout global_suspect_policy=soft_reuse ramp_supervision=after_initial_start
[2026-08-22T00:29:30+02:00] UE_POOL_SCENARIO_BAD_CURRENT timestamp=2026-08-21T22:29:30+00:00 active_ues=17 indexes=
[2026-08-22T00:29:30+02:00] UE_POOL_GLOBAL_SUSPECT_CURRENT timestamp=2026-08-21T22:29:30+00:00 active_ues=17 indexes=
[2026-08-22T00:29:30+02:00] REMOTE_IPERF_PER_UE_END timestamp=2026-08-21T22:29:30+00:00 active_ues=17 tag=ue_17 final_rc=0 completed_slots=17 replacements=0 problematic_ues=0 server_busy_retries=0 deferred_stalls=0 late_timeouts_accepted=0
[2026-08-22T00:29:30+02:00] SCENARIO TRAFFIC COMMAND END timestamp=2026-08-22T00:29:30+02:00 active_ue=17 rc=0
[2026-08-22T00:29:31+02:00] SCENARIO UPF AFTER timestamp=2026-08-22T00:29:31+02:00 active_ue=17 pod=open5gs-upf-5b9db6d44-nsbqz uid=7b5b8ef7-a2a2-4fe9-a3e1-74acd17bd88f restarts=6
[2026-08-22T00:29:31+02:00] SCENARIO END timestamp=2026-08-22T00:29:31+02:00 active_ue=17 rc=0
[2026-08-22T00:29:31+02:00] ================================================================
[2026-08-22T00:29:31+02:00] SCENARIO START timestamp=2026-08-22T00:29:31+02:00 active_ue=19 registered_ue_pool=50 target_host=192.168.1.211 ports=5201-5219 replacement_ports=5251-5265 bitrate_per_ue=1M start_delay=0.05 replacement_min_duration=5 adaptive_extension_max=1
[2026-08-22T00:29:31+02:00] ================================================================
[2026-08-22T00:29:31+02:00] VPA_RECOMMENDATION_CHANGE timestamp=2026-08-22T00:29:30+02:00 scenario=ue_17 old='vpa_target_cpu=247m vpa_target_mem=250Mi vpa_uncapped_cpu=247m vpa_uncapped_mem=250Mi vpa_lower_cpu=102m vpa_lower_mem=250Mi vpa_upper_cpu=1500m vpa_upper_mem=512Mi' new='vpa_target_cpu=296m vpa_target_mem=250Mi vpa_uncapped_cpu=296m vpa_uncapped_mem=250Mi vpa_lower_cpu=103m vpa_lower_mem=250Mi vpa_upper_cpu=1500m vpa_upper_mem=512Mi' previous_5s_sample='timestamp=2026-08-22T00:29:25+02:00 scenario=ue_17 pod=open5gs-upf-5b9db6d44-nsbqz uid=7b5b8ef7-a2a2-4fe9-a3e1-74acd17bd88f restarts=6 usage_cpu=271m usage_mem=36Mi request_cpu=247m request_mem=250Mi limit_cpu=none limit_mem=none vpa_target_cpu=247m vpa_target_mem=250Mi vpa_uncapped_cpu=247m vpa_uncapped_mem=250Mi vpa_lower_cpu=102m vpa_lower_mem=250Mi vpa_upper_cpu=1500m vpa_upper_mem=512Mi' current_sample='timestamp=2026-08-22T00:29:30+02:00 scenario=ue_17 pod=open5gs-upf-5b9db6d44-nsbqz uid=7b5b8ef7-a2a2-4fe9-a3e1-74acd17bd88f restarts=6 usage_cpu=271m usage_mem=36Mi request_cpu=247m request_mem=250Mi limit_cpu=none limit_mem=none vpa_target_cpu=296m vpa_target_mem=250Mi vpa_uncapped_cpu=296m vpa_uncapped_mem=250Mi vpa_lower_cpu=103m vpa_lower_mem=250Mi vpa_upper_cpu=1500m vpa_upper_mem=512Mi'
[2026-08-22T00:29:31+02:00] UPF_CONTROL_SAMPLE timestamp=2026-08-22T00:29:30+02:00 scenario=ue_17 pod=open5gs-upf-5b9db6d44-nsbqz uid=7b5b8ef7-a2a2-4fe9-a3e1-74acd17bd88f restarts=6 usage_cpu=271m usage_mem=36Mi request_cpu=247m request_mem=250Mi limit_cpu=none limit_mem=none vpa_target_cpu=296m vpa_target_mem=250Mi vpa_uncapped_cpu=296m vpa_uncapped_mem=250Mi vpa_lower_cpu=103m vpa_lower_mem=250Mi vpa_upper_cpu=1500m vpa_upper_mem=512Mi
[2026-08-22T00:29:31+02:00] SCENARIO TUNNEL CHECK timestamp=2026-08-22T00:29:31+02:00 active_ue=19 current_tunnels=50 required=50
[2026-08-22T00:29:32+02:00] SCENARIO UPF BEFORE timestamp=2026-08-22T00:29:32+02:00 active_ue=19 pod=open5gs-upf-5b9db6d44-nsbqz uid=7b5b8ef7-a2a2-4fe9-a3e1-74acd17bd88f restarts=6
[2026-08-22T00:29:33+02:00] REMOTE_IPERF_PER_UE_START timestamp=2026-08-21T22:29:33+00:00 active_ues=19 tag=ue_19 iperf_host=192.168.1.211 base_port=5201 replacement_base_port=5251 duration=80 bitrate=1M start_delay=0.05 detection=no_rx_counter connect_timeout_s=4 stall_seconds=5 replacement_limit=15 replacement_min_duration_s=5 adaptive_extension_max_s=1 iperf_exit_grace_s=3 server_busy_port_rebinds=1 late_replacement_after_end=disabled wait_for_iperf_exit=until_timeout global_suspect_policy=soft_reuse ramp_supervision=after_initial_start
[2026-08-22T00:29:33+02:00] UE_POOL_STATUS timestamp=2026-08-21T22:29:33+00:00 active_ues=19 registered_tunnels=50 existing_global_suspect_ues=0 used_ues=0 policy=soft_reuse_global_suspects
[2026-08-22T00:29:33+02:00] UE_SLOT_ASSIGN timestamp=2026-08-21T22:29:33+00:00 active_ues=19 slot=0 ue_idx=0 ue_if=uesimtun0 ue_ip=10.45.1.46 candidate_reused_global_suspect=0
[2026-08-22T00:29:33+02:00] UE_SLOT_START timestamp=2026-08-21T22:29:33+00:00 active_ues=19 slot=0 attempt=1 ue_idx=0 ue_if=uesimtun0 ue_ip=10.45.1.46 target=192.168.1.211:5201 bitrate=1M duration_s=80 planned_end_epoch=1787351453 timeout_s=90 hard_timeout_epoch=1787351468 start_rx_bytes=796847
[2026-08-22T00:29:33+02:00] UE_SLOT_PID timestamp=2026-08-21T22:29:33+00:00 active_ues=19 slot=0 attempt=1 ue_idx=0 pid=22419
[2026-08-22T00:29:33+02:00] UE_SLOT_ASSIGN timestamp=2026-08-21T22:29:33+00:00 active_ues=19 slot=1 ue_idx=1 ue_if=uesimtun1 ue_ip=10.45.1.47 candidate_reused_global_suspect=0
[2026-08-22T00:29:33+02:00] UE_SLOT_START timestamp=2026-08-21T22:29:33+00:00 active_ues=19 slot=1 attempt=1 ue_idx=1 ue_if=uesimtun1 ue_ip=10.45.1.47 target=192.168.1.211:5202 bitrate=1M duration_s=80 planned_end_epoch=1787351453 timeout_s=90 hard_timeout_epoch=1787351468 start_rx_bytes=696020
[2026-08-22T00:29:33+02:00] UE_SLOT_PID timestamp=2026-08-21T22:29:33+00:00 active_ues=19 slot=1 attempt=1 ue_idx=1 pid=22444
[2026-08-22T00:29:33+02:00] UE_SLOT_ASSIGN timestamp=2026-08-21T22:29:33+00:00 active_ues=19 slot=2 ue_idx=2 ue_if=uesimtun2 ue_ip=10.45.1.48 candidate_reused_global_suspect=0
[2026-08-22T00:29:33+02:00] UE_SLOT_START timestamp=2026-08-21T22:29:33+00:00 active_ues=19 slot=2 attempt=1 ue_idx=2 ue_if=uesimtun2 ue_ip=10.45.1.48 target=192.168.1.211:5203 bitrate=1M duration_s=80 planned_end_epoch=1787351453 timeout_s=90 hard_timeout_epoch=1787351468 start_rx_bytes=690762
[2026-08-22T00:29:33+02:00] UE_SLOT_PID timestamp=2026-08-21T22:29:33+00:00 active_ues=19 slot=2 attempt=1 ue_idx=2 pid=22469
[2026-08-22T00:29:33+02:00] UPF_CONTROL_SAMPLE timestamp=2026-08-22T00:29:32+02:00 scenario=ue_19 pod=open5gs-upf-5b9db6d44-nsbqz uid=7b5b8ef7-a2a2-4fe9-a3e1-74acd17bd88f restarts=6 usage_cpu=271m usage_mem=36Mi request_cpu=247m request_mem=250Mi limit_cpu=none limit_mem=none vpa_target_cpu=296m vpa_target_mem=250Mi vpa_uncapped_cpu=296m vpa_uncapped_mem=250Mi vpa_lower_cpu=103m vpa_lower_mem=250Mi vpa_upper_cpu=1500m vpa_upper_mem=512Mi
[2026-08-22T00:29:33+02:00] UE_SLOT_ASSIGN timestamp=2026-08-21T22:29:33+00:00 active_ues=19 slot=3 ue_idx=3 ue_if=uesimtun3 ue_ip=10.45.1.49 candidate_reused_global_suspect=0
[2026-08-22T00:29:34+02:00] UE_SLOT_START timestamp=2026-08-21T22:29:33+00:00 active_ues=19 slot=3 attempt=1 ue_idx=3 ue_if=uesimtun3 ue_ip=10.45.1.49 target=192.168.1.211:5204 bitrate=1M duration_s=80 planned_end_epoch=1787351453 timeout_s=90 hard_timeout_epoch=1787351468 start_rx_bytes=611733
[2026-08-22T00:29:34+02:00] UE_SLOT_PID timestamp=2026-08-21T22:29:33+00:00 active_ues=19 slot=3 attempt=1 ue_idx=3 pid=22494
[2026-08-22T00:29:34+02:00] UE_SLOT_ASSIGN timestamp=2026-08-21T22:29:34+00:00 active_ues=19 slot=4 ue_idx=4 ue_if=uesimtun4 ue_ip=10.45.1.51 candidate_reused_global_suspect=0
[2026-08-22T00:29:34+02:00] UE_SLOT_START timestamp=2026-08-21T22:29:34+00:00 active_ues=19 slot=4 attempt=1 ue_idx=4 ue_if=uesimtun4 ue_ip=10.45.1.51 target=192.168.1.211:5205 bitrate=1M duration_s=80 planned_end_epoch=1787351454 timeout_s=90 hard_timeout_epoch=1787351469 start_rx_bytes=607486
[2026-08-22T00:29:34+02:00] UE_SLOT_PID timestamp=2026-08-21T22:29:34+00:00 active_ues=19 slot=4 attempt=1 ue_idx=4 pid=22519
[2026-08-22T00:29:34+02:00] UE_SLOT_ASSIGN timestamp=2026-08-21T22:29:34+00:00 active_ues=19 slot=5 ue_idx=5 ue_if=uesimtun5 ue_ip=10.45.1.52 candidate_reused_global_suspect=0
[2026-08-22T00:29:34+02:00] UE_SLOT_START timestamp=2026-08-21T22:29:34+00:00 active_ues=19 slot=5 attempt=1 ue_idx=5 ue_if=uesimtun5 ue_ip=10.45.1.52 target=192.168.1.211:5206 bitrate=1M duration_s=80 planned_end_epoch=1787351454 timeout_s=90 hard_timeout_epoch=1787351469 start_rx_bytes=486494
[2026-08-22T00:29:34+02:00] UE_SLOT_PID timestamp=2026-08-21T22:29:34+00:00 active_ues=19 slot=5 attempt=1 ue_idx=5 pid=22544
[2026-08-22T00:29:34+02:00] UE_SLOT_ASSIGN timestamp=2026-08-21T22:29:34+00:00 active_ues=19 slot=6 ue_idx=6 ue_if=uesimtun6 ue_ip=10.45.1.53 candidate_reused_global_suspect=0
[2026-08-22T00:29:34+02:00] UE_SLOT_START timestamp=2026-08-21T22:29:34+00:00 active_ues=19 slot=6 attempt=1 ue_idx=6 ue_if=uesimtun6 ue_ip=10.45.1.53 target=192.168.1.211:5207 bitrate=1M duration_s=80 planned_end_epoch=1787351454 timeout_s=90 hard_timeout_epoch=1787351469 start_rx_bytes=513691
[2026-08-22T00:29:34+02:00] UE_SLOT_PID timestamp=2026-08-21T22:29:34+00:00 active_ues=19 slot=6 attempt=1 ue_idx=6 pid=22569
[2026-08-22T00:29:34+02:00] UE_SLOT_ASSIGN timestamp=2026-08-21T22:29:34+00:00 active_ues=19 slot=7 ue_idx=7 ue_if=uesimtun7 ue_ip=10.45.1.54 candidate_reused_global_suspect=0
[2026-08-22T00:29:34+02:00] UE_SLOT_START timestamp=2026-08-21T22:29:34+00:00 active_ues=19 slot=7 attempt=1 ue_idx=7 ue_if=uesimtun7 ue_ip=10.45.1.54 target=192.168.1.211:5208 bitrate=1M duration_s=80 planned_end_epoch=1787351454 timeout_s=90 hard_timeout_epoch=1787351469 start_rx_bytes=422766
[2026-08-22T00:29:34+02:00] UE_SLOT_PID timestamp=2026-08-21T22:29:34+00:00 active_ues=19 slot=7 attempt=1 ue_idx=7 pid=22594
[2026-08-22T00:29:35+02:00] UE_SLOT_ASSIGN timestamp=2026-08-21T22:29:35+00:00 active_ues=19 slot=8 ue_idx=8 ue_if=uesimtun8 ue_ip=10.45.1.56 candidate_reused_global_suspect=0
[2026-08-22T00:29:35+02:00] UE_SLOT_START timestamp=2026-08-21T22:29:35+00:00 active_ues=19 slot=8 attempt=1 ue_idx=8 ue_if=uesimtun8 ue_ip=10.45.1.56 target=192.168.1.211:5209 bitrate=1M duration_s=80 planned_end_epoch=1787351455 timeout_s=90 hard_timeout_epoch=1787351470 start_rx_bytes=428359
[2026-08-22T00:29:35+02:00] UE_SLOT_PID timestamp=2026-08-21T22:29:35+00:00 active_ues=19 slot=8 attempt=1 ue_idx=8 pid=22619
[2026-08-22T00:29:35+02:00] UE_SLOT_ASSIGN timestamp=2026-08-21T22:29:35+00:00 active_ues=19 slot=9 ue_idx=9 ue_if=uesimtun9 ue_ip=10.45.1.57 candidate_reused_global_suspect=0
[2026-08-22T00:29:35+02:00] UE_SLOT_START timestamp=2026-08-21T22:29:35+00:00 active_ues=19 slot=9 attempt=1 ue_idx=9 ue_if=uesimtun9 ue_ip=10.45.1.57 target=192.168.1.211:5210 bitrate=1M duration_s=80 planned_end_epoch=1787351455 timeout_s=90 hard_timeout_epoch=1787351470 start_rx_bytes=351409
[2026-08-22T00:29:35+02:00] UE_SLOT_PID timestamp=2026-08-21T22:29:35+00:00 active_ues=19 slot=9 attempt=1 ue_idx=9 pid=22644
[2026-08-22T00:29:35+02:00] UE_SLOT_ASSIGN timestamp=2026-08-21T22:29:35+00:00 active_ues=19 slot=10 ue_idx=10 ue_if=uesimtun10 ue_ip=10.45.1.50 candidate_reused_global_suspect=0
[2026-08-22T00:29:35+02:00] UE_SLOT_START timestamp=2026-08-21T22:29:35+00:00 active_ues=19 slot=10 attempt=1 ue_idx=10 ue_if=uesimtun10 ue_ip=10.45.1.50 target=192.168.1.211:5211 bitrate=1M duration_s=80 planned_end_epoch=1787351455 timeout_s=90 hard_timeout_epoch=1787351470 start_rx_bytes=350599
[2026-08-22T00:29:35+02:00] UE_SLOT_PID timestamp=2026-08-21T22:29:35+00:00 active_ues=19 slot=10 attempt=1 ue_idx=10 pid=22669
[2026-08-22T00:29:35+02:00] UE_SLOT_ASSIGN timestamp=2026-08-21T22:29:35+00:00 active_ues=19 slot=11 ue_idx=11 ue_if=uesimtun11 ue_ip=10.45.1.60 candidate_reused_global_suspect=0
[2026-08-22T00:29:35+02:00] UE_SLOT_START timestamp=2026-08-21T22:29:35+00:00 active_ues=19 slot=11 attempt=1 ue_idx=11 ue_if=uesimtun11 ue_ip=10.45.1.60 target=192.168.1.211:5212 bitrate=1M duration_s=80 planned_end_epoch=1787351455 timeout_s=90 hard_timeout_epoch=1787351470 start_rx_bytes=270058
[2026-08-22T00:29:35+02:00] UE_SLOT_PID timestamp=2026-08-21T22:29:35+00:00 active_ues=19 slot=11 attempt=1 ue_idx=11 pid=22694
[2026-08-22T00:29:35+02:00] UE_SLOT_ASSIGN timestamp=2026-08-21T22:29:35+00:00 active_ues=19 slot=12 ue_idx=12 ue_if=uesimtun12 ue_ip=10.45.1.55 candidate_reused_global_suspect=0
[2026-08-22T00:29:35+02:00] UE_SLOT_START timestamp=2026-08-21T22:29:35+00:00 active_ues=19 slot=12 attempt=1 ue_idx=12 ue_if=uesimtun12 ue_ip=10.45.1.55 target=192.168.1.211:5213 bitrate=1M duration_s=80 planned_end_epoch=1787351455 timeout_s=90 hard_timeout_epoch=1787351470 start_rx_bytes=272872
[2026-08-22T00:29:35+02:00] UE_SLOT_PID timestamp=2026-08-21T22:29:35+00:00 active_ues=19 slot=12 attempt=1 ue_idx=12 pid=22719
[2026-08-22T00:29:36+02:00] UE_SLOT_ASSIGN timestamp=2026-08-21T22:29:36+00:00 active_ues=19 slot=13 ue_idx=13 ue_if=uesimtun13 ue_ip=10.45.1.62 candidate_reused_global_suspect=0
[2026-08-22T00:29:36+02:00] UE_SLOT_START timestamp=2026-08-21T22:29:36+00:00 active_ues=19 slot=13 attempt=1 ue_idx=13 ue_if=uesimtun13 ue_ip=10.45.1.62 target=192.168.1.211:5214 bitrate=1M duration_s=80 planned_end_epoch=1787351456 timeout_s=90 hard_timeout_epoch=1787351471 start_rx_bytes=179906
[2026-08-22T00:29:36+02:00] UE_SLOT_PID timestamp=2026-08-21T22:29:36+00:00 active_ues=19 slot=13 attempt=1 ue_idx=13 pid=22744
[2026-08-22T00:29:36+02:00] UPF_CONTROL_SAMPLE timestamp=2026-08-22T00:29:34+02:00 scenario=ue_19 pod=open5gs-upf-5b9db6d44-nsbqz uid=7b5b8ef7-a2a2-4fe9-a3e1-74acd17bd88f restarts=6 usage_cpu=271m usage_mem=36Mi request_cpu=247m request_mem=250Mi limit_cpu=none limit_mem=none vpa_target_cpu=296m vpa_target_mem=250Mi vpa_uncapped_cpu=296m vpa_uncapped_mem=250Mi vpa_lower_cpu=103m vpa_lower_mem=250Mi vpa_upper_cpu=1500m vpa_upper_mem=512Mi
[2026-08-22T00:29:36+02:00] UE_SLOT_ASSIGN timestamp=2026-08-21T22:29:36+00:00 active_ues=19 slot=14 ue_idx=14 ue_if=uesimtun14 ue_ip=10.45.1.66 candidate_reused_global_suspect=0
[2026-08-22T00:29:36+02:00] UE_SLOT_START timestamp=2026-08-21T22:29:36+00:00 active_ues=19 slot=14 attempt=1 ue_idx=14 ue_if=uesimtun14 ue_ip=10.45.1.66 target=192.168.1.211:5215 bitrate=1M duration_s=80 planned_end_epoch=1787351456 timeout_s=90 hard_timeout_epoch=1787351471 start_rx_bytes=194456
[2026-08-22T00:29:36+02:00] UE_SLOT_PID timestamp=2026-08-21T22:29:36+00:00 active_ues=19 slot=14 attempt=1 ue_idx=14 pid=22769
[2026-08-22T00:29:36+02:00] UE_SLOT_ASSIGN timestamp=2026-08-21T22:29:36+00:00 active_ues=19 slot=15 ue_idx=15 ue_if=uesimtun15 ue_ip=10.45.1.64 candidate_reused_global_suspect=0
[2026-08-22T00:29:36+02:00] UE_SLOT_START timestamp=2026-08-21T22:29:36+00:00 active_ues=19 slot=15 attempt=1 ue_idx=15 ue_if=uesimtun15 ue_ip=10.45.1.64 target=192.168.1.211:5216 bitrate=1M duration_s=80 planned_end_epoch=1787351456 timeout_s=90 hard_timeout_epoch=1787351471 start_rx_bytes=83453
[2026-08-22T00:29:36+02:00] UE_SLOT_PID timestamp=2026-08-21T22:29:36+00:00 active_ues=19 slot=15 attempt=1 ue_idx=15 pid=22794
[2026-08-22T00:29:36+02:00] UE_SLOT_ASSIGN timestamp=2026-08-21T22:29:36+00:00 active_ues=19 slot=16 ue_idx=16 ue_if=uesimtun16 ue_ip=10.45.1.68 candidate_reused_global_suspect=0
[2026-08-22T00:29:36+02:00] UE_SLOT_START timestamp=2026-08-21T22:29:36+00:00 active_ues=19 slot=16 attempt=1 ue_idx=16 ue_if=uesimtun16 ue_ip=10.45.1.68 target=192.168.1.211:5217 bitrate=1M duration_s=80 planned_end_epoch=1787351456 timeout_s=90 hard_timeout_epoch=1787351471 start_rx_bytes=91522
[2026-08-22T00:29:36+02:00] UE_SLOT_PID timestamp=2026-08-21T22:29:36+00:00 active_ues=19 slot=16 attempt=1 ue_idx=16 pid=22819
[2026-08-22T00:29:37+02:00] UE_SLOT_ASSIGN timestamp=2026-08-21T22:29:37+00:00 active_ues=19 slot=17 ue_idx=17 ue_if=uesimtun17 ue_ip=10.45.1.69 candidate_reused_global_suspect=0
[2026-08-22T00:29:37+02:00] UE_SLOT_START timestamp=2026-08-21T22:29:37+00:00 active_ues=19 slot=17 attempt=1 ue_idx=17 ue_if=uesimtun17 ue_ip=10.45.1.69 target=192.168.1.211:5218 bitrate=1M duration_s=80 planned_end_epoch=1787351457 timeout_s=90 hard_timeout_epoch=1787351472 start_rx_bytes=0
[2026-08-22T00:29:37+02:00] UE_SLOT_PID timestamp=2026-08-21T22:29:37+00:00 active_ues=19 slot=17 attempt=1 ue_idx=17 pid=22844
[2026-08-22T00:29:37+02:00] UE_SLOT_ASSIGN timestamp=2026-08-21T22:29:37+00:00 active_ues=19 slot=18 ue_idx=18 ue_if=uesimtun18 ue_ip=10.45.1.71 candidate_reused_global_suspect=0
[2026-08-22T00:29:37+02:00] UE_SLOT_START timestamp=2026-08-21T22:29:37+00:00 active_ues=19 slot=18 attempt=1 ue_idx=18 ue_if=uesimtun18 ue_ip=10.45.1.71 target=192.168.1.211:5219 bitrate=1M duration_s=80 planned_end_epoch=1787351457 timeout_s=90 hard_timeout_epoch=1787351472 start_rx_bytes=0
[2026-08-22T00:29:37+02:00] UE_SLOT_PID timestamp=2026-08-21T22:29:37+00:00 active_ues=19 slot=18 attempt=1 ue_idx=18 pid=22869
[2026-08-22T00:29:37+02:00] IPERF_MAPPING_SUMMARY timestamp=2026-08-21T22:29:37+00:00 active_ues=19 registered_tunnels=50 initial_ports=5201-5219 replacement_ports=5251-5265 bitrate=1M start_delay=0.05 detection=no_rx_counter replacement_min_duration_s=5 adaptive_extension_max_s=1 iperf_exit_grace_s=3 server_busy_port_rebinds=1 late_replacement_after_end=disabled wait_for_iperf_exit=until_timeout global_suspect_policy=soft_reuse ramp_supervision=after_initial_start
[2026-08-22T00:29:38+02:00] UPF_CONTROL_SAMPLE timestamp=2026-08-22T00:29:37+02:00 scenario=ue_19 pod=open5gs-upf-5b9db6d44-nsbqz uid=7b5b8ef7-a2a2-4fe9-a3e1-74acd17bd88f restarts=6 usage_cpu=271m usage_mem=36Mi request_cpu=247m request_mem=250Mi limit_cpu=none limit_mem=none vpa_target_cpu=296m vpa_target_mem=250Mi vpa_uncapped_cpu=296m vpa_uncapped_mem=250Mi vpa_lower_cpu=103m vpa_lower_mem=250Mi vpa_upper_cpu=1500m vpa_upper_mem=512Mi
[2026-08-22T00:29:40+02:00] UPF_CONTROL_SAMPLE timestamp=2026-08-22T00:29:39+02:00 scenario=ue_19 pod=open5gs-upf-5b9db6d44-nsbqz uid=7b5b8ef7-a2a2-4fe9-a3e1-74acd17bd88f restarts=6 usage_cpu=170m usage_mem=36Mi request_cpu=247m request_mem=250Mi limit_cpu=none limit_mem=none vpa_target_cpu=296m vpa_target_mem=250Mi vpa_uncapped_cpu=296m vpa_uncapped_mem=250Mi vpa_lower_cpu=103m vpa_lower_mem=250Mi vpa_upper_cpu=1500m vpa_upper_mem=512Mi
[2026-08-22T00:29:43+02:00] UPF_CONTROL_SAMPLE timestamp=2026-08-22T00:29:41+02:00 scenario=ue_19 pod=open5gs-upf-5b9db6d44-nsbqz uid=7b5b8ef7-a2a2-4fe9-a3e1-74acd17bd88f restarts=6 usage_cpu=170m usage_mem=36Mi request_cpu=247m request_mem=250Mi limit_cpu=none limit_mem=none vpa_target_cpu=296m vpa_target_mem=250Mi vpa_uncapped_cpu=296m vpa_uncapped_mem=250Mi vpa_lower_cpu=103m vpa_lower_mem=250Mi vpa_upper_cpu=1500m vpa_upper_mem=512Mi
[2026-08-22T00:29:45+02:00] UPF_CONTROL_SAMPLE timestamp=2026-08-22T00:29:44+02:00 scenario=ue_19 pod=open5gs-upf-5b9db6d44-nsbqz uid=7b5b8ef7-a2a2-4fe9-a3e1-74acd17bd88f restarts=6 usage_cpu=170m usage_mem=36Mi request_cpu=247m request_mem=250Mi limit_cpu=none limit_mem=none vpa_target_cpu=296m vpa_target_mem=250Mi vpa_uncapped_cpu=296m vpa_uncapped_mem=250Mi vpa_lower_cpu=103m vpa_lower_mem=250Mi vpa_upper_cpu=1500m vpa_upper_mem=512Mi
[2026-08-22T00:29:47+02:00] UPF_CONTROL_SAMPLE timestamp=2026-08-22T00:29:46+02:00 scenario=ue_19 pod=open5gs-upf-5b9db6d44-nsbqz uid=7b5b8ef7-a2a2-4fe9-a3e1-74acd17bd88f restarts=6 usage_cpu=170m usage_mem=36Mi request_cpu=247m request_mem=250Mi limit_cpu=none limit_mem=none vpa_target_cpu=296m vpa_target_mem=250Mi vpa_uncapped_cpu=296m vpa_uncapped_mem=250Mi vpa_lower_cpu=103m vpa_lower_mem=250Mi vpa_upper_cpu=1500m vpa_upper_mem=512Mi
[2026-08-22T00:29:50+02:00] UPF_CONTROL_SAMPLE timestamp=2026-08-22T00:29:48+02:00 scenario=ue_19 pod=open5gs-upf-5b9db6d44-nsbqz uid=7b5b8ef7-a2a2-4fe9-a3e1-74acd17bd88f restarts=6 usage_cpu=170m usage_mem=36Mi request_cpu=247m request_mem=250Mi limit_cpu=none limit_mem=none vpa_target_cpu=296m vpa_target_mem=250Mi vpa_uncapped_cpu=296m vpa_uncapped_mem=250Mi vpa_lower_cpu=103m vpa_lower_mem=250Mi vpa_upper_cpu=1500m vpa_upper_mem=512Mi
[2026-08-22T00:29:52+02:00] UPF_CONTROL_SAMPLE timestamp=2026-08-22T00:29:51+02:00 scenario=ue_19 pod=open5gs-upf-5b9db6d44-nsbqz uid=7b5b8ef7-a2a2-4fe9-a3e1-74acd17bd88f restarts=6 usage_cpu=170m usage_mem=36Mi request_cpu=247m request_mem=250Mi limit_cpu=none limit_mem=none vpa_target_cpu=296m vpa_target_mem=250Mi vpa_uncapped_cpu=296m vpa_uncapped_mem=250Mi vpa_lower_cpu=103m vpa_lower_mem=250Mi vpa_upper_cpu=1500m vpa_upper_mem=512Mi
[2026-08-22T00:29:54+02:00] UPF_CONTROL_SAMPLE timestamp=2026-08-22T00:29:53+02:00 scenario=ue_19 pod=open5gs-upf-5b9db6d44-nsbqz uid=7b5b8ef7-a2a2-4fe9-a3e1-74acd17bd88f restarts=6 usage_cpu=170m usage_mem=36Mi request_cpu=247m request_mem=250Mi limit_cpu=none limit_mem=none vpa_target_cpu=296m vpa_target_mem=250Mi vpa_uncapped_cpu=296m vpa_uncapped_mem=250Mi vpa_lower_cpu=103m vpa_lower_mem=250Mi vpa_upper_cpu=1500m vpa_upper_mem=512Mi
[2026-08-22T00:29:57+02:00] UPF_CONTROL_SAMPLE timestamp=2026-08-22T00:29:56+02:00 scenario=ue_19 pod=open5gs-upf-5b9db6d44-nsbqz uid=7b5b8ef7-a2a2-4fe9-a3e1-74acd17bd88f restarts=6 usage_cpu=296m usage_mem=36Mi request_cpu=247m request_mem=250Mi limit_cpu=none limit_mem=none vpa_target_cpu=296m vpa_target_mem=250Mi vpa_uncapped_cpu=296m vpa_uncapped_mem=250Mi vpa_lower_cpu=103m vpa_lower_mem=250Mi vpa_upper_cpu=1500m vpa_upper_mem=512Mi
[2026-08-22T00:30:00+02:00] UPF_CONTROL_SAMPLE timestamp=2026-08-22T00:29:58+02:00 scenario=ue_19 pod=open5gs-upf-5b9db6d44-nsbqz uid=7b5b8ef7-a2a2-4fe9-a3e1-74acd17bd88f restarts=6 usage_cpu=296m usage_mem=36Mi request_cpu=247m request_mem=250Mi limit_cpu=none limit_mem=none vpa_target_cpu=296m vpa_target_mem=250Mi vpa_uncapped_cpu=296m vpa_uncapped_mem=250Mi vpa_lower_cpu=103m vpa_lower_mem=250Mi vpa_upper_cpu=1500m vpa_upper_mem=512Mi
[2026-08-22T00:30:02+02:00] UPF_CONTROL_SAMPLE timestamp=2026-08-22T00:30:01+02:00 scenario=ue_19 pod=open5gs-upf-5b9db6d44-nsbqz uid=7b5b8ef7-a2a2-4fe9-a3e1-74acd17bd88f restarts=6 usage_cpu=296m usage_mem=36Mi request_cpu=247m request_mem=250Mi limit_cpu=none limit_mem=none vpa_target_cpu=296m vpa_target_mem=250Mi vpa_uncapped_cpu=296m vpa_uncapped_mem=250Mi vpa_lower_cpu=103m vpa_lower_mem=250Mi vpa_upper_cpu=1500m vpa_upper_mem=512Mi
[2026-08-22T00:30:04+02:00] UPF_CONTROL_SAMPLE timestamp=2026-08-22T00:30:03+02:00 scenario=ue_19 pod=open5gs-upf-5b9db6d44-nsbqz uid=7b5b8ef7-a2a2-4fe9-a3e1-74acd17bd88f restarts=6 usage_cpu=296m usage_mem=36Mi request_cpu=247m request_mem=250Mi limit_cpu=none limit_mem=none vpa_target_cpu=296m vpa_target_mem=250Mi vpa_uncapped_cpu=296m vpa_uncapped_mem=250Mi vpa_lower_cpu=103m vpa_lower_mem=250Mi vpa_upper_cpu=1500m vpa_upper_mem=512Mi
[2026-08-22T00:30:07+02:00] UPF_CONTROL_SAMPLE timestamp=2026-08-22T00:30:05+02:00 scenario=ue_19 pod=open5gs-upf-5b9db6d44-nsbqz uid=7b5b8ef7-a2a2-4fe9-a3e1-74acd17bd88f restarts=6 usage_cpu=296m usage_mem=36Mi request_cpu=247m request_mem=250Mi limit_cpu=none limit_mem=none vpa_target_cpu=296m vpa_target_mem=250Mi vpa_uncapped_cpu=296m vpa_uncapped_mem=250Mi vpa_lower_cpu=103m vpa_lower_mem=250Mi vpa_upper_cpu=1500m vpa_upper_mem=512Mi
[2026-08-22T00:30:09+02:00] UPF_CONTROL_SAMPLE timestamp=2026-08-22T00:30:08+02:00 scenario=ue_19 pod=open5gs-upf-5b9db6d44-nsbqz uid=7b5b8ef7-a2a2-4fe9-a3e1-74acd17bd88f restarts=6 usage_cpu=296m usage_mem=36Mi request_cpu=247m request_mem=250Mi limit_cpu=none limit_mem=none vpa_target_cpu=296m vpa_target_mem=250Mi vpa_uncapped_cpu=296m vpa_uncapped_mem=250Mi vpa_lower_cpu=103m vpa_lower_mem=250Mi vpa_upper_cpu=1500m vpa_upper_mem=512Mi
[2026-08-22T00:30:11+02:00] UPF_CONTROL_SAMPLE timestamp=2026-08-22T00:30:10+02:00 scenario=ue_19 pod=open5gs-upf-5b9db6d44-nsbqz uid=7b5b8ef7-a2a2-4fe9-a3e1-74acd17bd88f restarts=6 usage_cpu=289m usage_mem=36Mi request_cpu=247m request_mem=250Mi limit_cpu=none limit_mem=none vpa_target_cpu=296m vpa_target_mem=250Mi vpa_uncapped_cpu=296m vpa_uncapped_mem=250Mi vpa_lower_cpu=103m vpa_lower_mem=250Mi vpa_upper_cpu=1500m vpa_upper_mem=512Mi
[2026-08-22T00:30:14+02:00] UPF_CONTROL_SAMPLE timestamp=2026-08-22T00:30:12+02:00 scenario=ue_19 pod=open5gs-upf-5b9db6d44-nsbqz uid=7b5b8ef7-a2a2-4fe9-a3e1-74acd17bd88f restarts=6 usage_cpu=289m usage_mem=36Mi request_cpu=247m request_mem=250Mi limit_cpu=none limit_mem=none vpa_target_cpu=296m vpa_target_mem=250Mi vpa_uncapped_cpu=296m vpa_uncapped_mem=250Mi vpa_lower_cpu=103m vpa_lower_mem=250Mi vpa_upper_cpu=1500m vpa_upper_mem=512Mi
[2026-08-22T00:30:16+02:00] UPF_CONTROL_SAMPLE timestamp=2026-08-22T00:30:15+02:00 scenario=ue_19 pod=open5gs-upf-5b9db6d44-nsbqz uid=7b5b8ef7-a2a2-4fe9-a3e1-74acd17bd88f restarts=6 usage_cpu=289m usage_mem=36Mi request_cpu=247m request_mem=250Mi limit_cpu=none limit_mem=none vpa_target_cpu=296m vpa_target_mem=250Mi vpa_uncapped_cpu=296m vpa_uncapped_mem=250Mi vpa_lower_cpu=103m vpa_lower_mem=250Mi vpa_upper_cpu=1500m vpa_upper_mem=512Mi
[2026-08-22T00:30:18+02:00] UPF_CONTROL_SAMPLE timestamp=2026-08-22T00:30:17+02:00 scenario=ue_19 pod=open5gs-upf-5b9db6d44-nsbqz uid=7b5b8ef7-a2a2-4fe9-a3e1-74acd17bd88f restarts=6 usage_cpu=289m usage_mem=36Mi request_cpu=247m request_mem=250Mi limit_cpu=none limit_mem=none vpa_target_cpu=296m vpa_target_mem=250Mi vpa_uncapped_cpu=296m vpa_uncapped_mem=250Mi vpa_lower_cpu=103m vpa_lower_mem=250Mi vpa_upper_cpu=1500m vpa_upper_mem=512Mi
[2026-08-22T00:30:22+02:00] UPF_CONTROL_SAMPLE timestamp=2026-08-22T00:30:19+02:00 scenario=ue_19 pod=open5gs-upf-5b9db6d44-nsbqz uid=7b5b8ef7-a2a2-4fe9-a3e1-74acd17bd88f restarts=6 usage_cpu=289m usage_mem=36Mi request_cpu=247m request_mem=250Mi limit_cpu=none limit_mem=none vpa_target_cpu=296m vpa_target_mem=250Mi vpa_uncapped_cpu=296m vpa_uncapped_mem=250Mi vpa_lower_cpu=103m vpa_lower_mem=250Mi vpa_upper_cpu=1500m vpa_upper_mem=512Mi
[2026-08-22T00:30:24+02:00] UPF_CONTROL_SAMPLE timestamp=2026-08-22T00:30:23+02:00 scenario=ue_19 pod=open5gs-upf-5b9db6d44-nsbqz uid=7b5b8ef7-a2a2-4fe9-a3e1-74acd17bd88f restarts=6 usage_cpu=289m usage_mem=36Mi request_cpu=247m request_mem=250Mi limit_cpu=none limit_mem=none vpa_target_cpu=296m vpa_target_mem=250Mi vpa_uncapped_cpu=296m vpa_uncapped_mem=250Mi vpa_lower_cpu=103m vpa_lower_mem=250Mi vpa_upper_cpu=1500m vpa_upper_mem=512Mi
[2026-08-22T00:30:26+02:00] UPF_REQUEST_CHANGE timestamp=2026-08-22T00:30:25+02:00 scenario=ue_19 pod=open5gs-upf-5b9db6d44-nsbqz uid=7b5b8ef7-a2a2-4fe9-a3e1-74acd17bd88f restarts=6 old='request_cpu=247m request_mem=250Mi limit_cpu=none limit_mem=none' new='request_cpu=296m request_mem=250Mi limit_cpu=none limit_mem=none' previous_5s_sample='timestamp=2026-08-22T00:30:19+02:00 scenario=ue_19 pod=open5gs-upf-5b9db6d44-nsbqz uid=7b5b8ef7-a2a2-4fe9-a3e1-74acd17bd88f restarts=6 usage_cpu=289m usage_mem=36Mi request_cpu=247m request_mem=250Mi limit_cpu=none limit_mem=none vpa_target_cpu=296m vpa_target_mem=250Mi vpa_uncapped_cpu=296m vpa_uncapped_mem=250Mi vpa_lower_cpu=103m vpa_lower_mem=250Mi vpa_upper_cpu=1500m vpa_upper_mem=512Mi' current_sample='timestamp=2026-08-22T00:30:25+02:00 scenario=ue_19 pod=open5gs-upf-5b9db6d44-nsbqz uid=7b5b8ef7-a2a2-4fe9-a3e1-74acd17bd88f restarts=6 usage_cpu=291m usage_mem=36Mi request_cpu=296m request_mem=250Mi limit_cpu=none limit_mem=none vpa_target_cpu=296m vpa_target_mem=250Mi vpa_uncapped_cpu=296m vpa_uncapped_mem=250Mi vpa_lower_cpu=103m vpa_lower_mem=250Mi vpa_upper_cpu=1500m vpa_upper_mem=512Mi'
[2026-08-22T00:30:26+02:00] UPF_CONTROL_SAMPLE timestamp=2026-08-22T00:30:25+02:00 scenario=ue_19 pod=open5gs-upf-5b9db6d44-nsbqz uid=7b5b8ef7-a2a2-4fe9-a3e1-74acd17bd88f restarts=6 usage_cpu=291m usage_mem=36Mi request_cpu=296m request_mem=250Mi limit_cpu=none limit_mem=none vpa_target_cpu=296m vpa_target_mem=250Mi vpa_uncapped_cpu=296m vpa_uncapped_mem=250Mi vpa_lower_cpu=103m vpa_lower_mem=250Mi vpa_upper_cpu=1500m vpa_upper_mem=512Mi
[2026-08-22T00:30:29+02:00] UPF_CONTROL_SAMPLE timestamp=2026-08-22T00:30:27+02:00 scenario=ue_19 pod=open5gs-upf-5b9db6d44-nsbqz uid=7b5b8ef7-a2a2-4fe9-a3e1-74acd17bd88f restarts=6 usage_cpu=291m usage_mem=36Mi request_cpu=296m request_mem=250Mi limit_cpu=none limit_mem=none vpa_target_cpu=296m vpa_target_mem=250Mi vpa_uncapped_cpu=296m vpa_uncapped_mem=250Mi vpa_lower_cpu=103m vpa_lower_mem=250Mi vpa_upper_cpu=1500m vpa_upper_mem=512Mi
[2026-08-22T00:30:31+02:00] VPA_RECOMMENDATION_CHANGE timestamp=2026-08-22T00:30:30+02:00 scenario=ue_19 old='vpa_target_cpu=296m vpa_target_mem=250Mi vpa_uncapped_cpu=296m vpa_uncapped_mem=250Mi vpa_lower_cpu=103m vpa_lower_mem=250Mi vpa_upper_cpu=1500m vpa_upper_mem=512Mi' new='vpa_target_cpu=323m vpa_target_mem=250Mi vpa_uncapped_cpu=323m vpa_uncapped_mem=250Mi vpa_lower_cpu=151m vpa_lower_mem=250Mi vpa_upper_cpu=1500m vpa_upper_mem=512Mi' previous_5s_sample='timestamp=2026-08-22T00:30:25+02:00 scenario=ue_19 pod=open5gs-upf-5b9db6d44-nsbqz uid=7b5b8ef7-a2a2-4fe9-a3e1-74acd17bd88f restarts=6 usage_cpu=291m usage_mem=36Mi request_cpu=296m request_mem=250Mi limit_cpu=none limit_mem=none vpa_target_cpu=296m vpa_target_mem=250Mi vpa_uncapped_cpu=296m vpa_uncapped_mem=250Mi vpa_lower_cpu=103m vpa_lower_mem=250Mi vpa_upper_cpu=1500m vpa_upper_mem=512Mi' current_sample='timestamp=2026-08-22T00:30:30+02:00 scenario=ue_19 pod=open5gs-upf-5b9db6d44-nsbqz uid=7b5b8ef7-a2a2-4fe9-a3e1-74acd17bd88f restarts=6 usage_cpu=291m usage_mem=36Mi request_cpu=296m request_mem=250Mi limit_cpu=none limit_mem=none vpa_target_cpu=323m vpa_target_mem=250Mi vpa_uncapped_cpu=323m vpa_uncapped_mem=250Mi vpa_lower_cpu=151m vpa_lower_mem=250Mi vpa_upper_cpu=1500m vpa_upper_mem=512Mi'
[2026-08-22T00:30:31+02:00] UPF_CONTROL_SAMPLE timestamp=2026-08-22T00:30:30+02:00 scenario=ue_19 pod=open5gs-upf-5b9db6d44-nsbqz uid=7b5b8ef7-a2a2-4fe9-a3e1-74acd17bd88f restarts=6 usage_cpu=291m usage_mem=36Mi request_cpu=296m request_mem=250Mi limit_cpu=none limit_mem=none vpa_target_cpu=323m vpa_target_mem=250Mi vpa_uncapped_cpu=323m vpa_uncapped_mem=250Mi vpa_lower_cpu=151m vpa_lower_mem=250Mi vpa_upper_cpu=1500m vpa_upper_mem=512Mi
[2026-08-22T00:30:33+02:00] UPF_CONTROL_SAMPLE timestamp=2026-08-22T00:30:32+02:00 scenario=ue_19 pod=open5gs-upf-5b9db6d44-nsbqz uid=7b5b8ef7-a2a2-4fe9-a3e1-74acd17bd88f restarts=6 usage_cpu=291m usage_mem=36Mi request_cpu=296m request_mem=250Mi limit_cpu=none limit_mem=none vpa_target_cpu=323m vpa_target_mem=250Mi vpa_uncapped_cpu=323m vpa_uncapped_mem=250Mi vpa_lower_cpu=151m vpa_lower_mem=250Mi vpa_upper_cpu=1500m vpa_upper_mem=512Mi
[2026-08-22T00:30:36+02:00] UPF_CONTROL_SAMPLE timestamp=2026-08-22T00:30:34+02:00 scenario=ue_19 pod=open5gs-upf-5b9db6d44-nsbqz uid=7b5b8ef7-a2a2-4fe9-a3e1-74acd17bd88f restarts=6 usage_cpu=291m usage_mem=36Mi request_cpu=296m request_mem=250Mi limit_cpu=none limit_mem=none vpa_target_cpu=323m vpa_target_mem=250Mi vpa_uncapped_cpu=323m vpa_uncapped_mem=250Mi vpa_lower_cpu=151m vpa_lower_mem=250Mi vpa_upper_cpu=1500m vpa_upper_mem=512Mi
[2026-08-22T00:30:38+02:00] UPF_CONTROL_SAMPLE timestamp=2026-08-22T00:30:37+02:00 scenario=ue_19 pod=open5gs-upf-5b9db6d44-nsbqz uid=7b5b8ef7-a2a2-4fe9-a3e1-74acd17bd88f restarts=6 usage_cpu=291m usage_mem=36Mi request_cpu=296m request_mem=250Mi limit_cpu=none limit_mem=none vpa_target_cpu=323m vpa_target_mem=250Mi vpa_uncapped_cpu=323m vpa_uncapped_mem=250Mi vpa_lower_cpu=151m vpa_lower_mem=250Mi vpa_upper_cpu=1500m vpa_upper_mem=512Mi
[2026-08-22T00:30:40+02:00] UPF_CONTROL_SAMPLE timestamp=2026-08-22T00:30:39+02:00 scenario=ue_19 pod=open5gs-upf-5b9db6d44-nsbqz uid=7b5b8ef7-a2a2-4fe9-a3e1-74acd17bd88f restarts=6 usage_cpu=291m usage_mem=36Mi request_cpu=296m request_mem=250Mi limit_cpu=none limit_mem=none vpa_target_cpu=323m vpa_target_mem=250Mi vpa_uncapped_cpu=323m vpa_uncapped_mem=250Mi vpa_lower_cpu=151m vpa_lower_mem=250Mi vpa_upper_cpu=1500m vpa_upper_mem=512Mi
[2026-08-22T00:30:43+02:00] UPF_CONTROL_SAMPLE timestamp=2026-08-22T00:30:41+02:00 scenario=ue_19 pod=open5gs-upf-5b9db6d44-nsbqz uid=7b5b8ef7-a2a2-4fe9-a3e1-74acd17bd88f restarts=6 usage_cpu=291m usage_mem=36Mi request_cpu=296m request_mem=250Mi limit_cpu=none limit_mem=none vpa_target_cpu=323m vpa_target_mem=250Mi vpa_uncapped_cpu=323m vpa_uncapped_mem=250Mi vpa_lower_cpu=151m vpa_lower_mem=250Mi vpa_upper_cpu=1500m vpa_upper_mem=512Mi
[2026-08-22T00:30:45+02:00] UPF_CONTROL_SAMPLE timestamp=2026-08-22T00:30:44+02:00 scenario=ue_19 pod=open5gs-upf-5b9db6d44-nsbqz uid=7b5b8ef7-a2a2-4fe9-a3e1-74acd17bd88f restarts=6 usage_cpu=291m usage_mem=36Mi request_cpu=296m request_mem=250Mi limit_cpu=none limit_mem=none vpa_target_cpu=323m vpa_target_mem=250Mi vpa_uncapped_cpu=323m vpa_uncapped_mem=250Mi vpa_lower_cpu=151m vpa_lower_mem=250Mi vpa_upper_cpu=1500m vpa_upper_mem=512Mi
[2026-08-22T00:30:47+02:00] UPF_CONTROL_SAMPLE timestamp=2026-08-22T00:30:46+02:00 scenario=ue_19 pod=open5gs-upf-5b9db6d44-nsbqz uid=7b5b8ef7-a2a2-4fe9-a3e1-74acd17bd88f restarts=6 usage_cpu=291m usage_mem=36Mi request_cpu=296m request_mem=250Mi limit_cpu=none limit_mem=none vpa_target_cpu=323m vpa_target_mem=250Mi vpa_uncapped_cpu=323m vpa_uncapped_mem=250Mi vpa_lower_cpu=151m vpa_lower_mem=250Mi vpa_upper_cpu=1500m vpa_upper_mem=512Mi
[2026-08-22T00:30:49+02:00] UPF_CONTROL_SAMPLE timestamp=2026-08-22T00:30:48+02:00 scenario=ue_19 pod=open5gs-upf-5b9db6d44-nsbqz uid=7b5b8ef7-a2a2-4fe9-a3e1-74acd17bd88f restarts=6 usage_cpu=291m usage_mem=36Mi request_cpu=296m request_mem=250Mi limit_cpu=none limit_mem=none vpa_target_cpu=323m vpa_target_mem=250Mi vpa_uncapped_cpu=323m vpa_uncapped_mem=250Mi vpa_lower_cpu=151m vpa_lower_mem=250Mi vpa_upper_cpu=1500m vpa_upper_mem=512Mi
[2026-08-22T00:30:52+02:00] UPF_CONTROL_SAMPLE timestamp=2026-08-22T00:30:51+02:00 scenario=ue_19 pod=open5gs-upf-5b9db6d44-nsbqz uid=7b5b8ef7-a2a2-4fe9-a3e1-74acd17bd88f restarts=6 usage_cpu=291m usage_mem=36Mi request_cpu=296m request_mem=250Mi limit_cpu=none limit_mem=none vpa_target_cpu=323m vpa_target_mem=250Mi vpa_uncapped_cpu=323m vpa_uncapped_mem=250Mi vpa_lower_cpu=151m vpa_lower_mem=250Mi vpa_upper_cpu=1500m vpa_upper_mem=512Mi
[2026-08-22T00:30:54+02:00] UE_SLOT_DONE timestamp=2026-08-21T22:30:54+00:00 active_ues=19 slot=0 attempt=1 ue_idx=0 ue_if=uesimtun0 ue_ip=10.45.1.46 port=5201 rc=0 replacements_for_slot=0 server_busy_retries_for_slot=0
[2026-08-22T00:30:54+02:00] UPF_CONTROL_SAMPLE timestamp=2026-08-22T00:30:53+02:00 scenario=ue_19 pod=open5gs-upf-5b9db6d44-nsbqz uid=7b5b8ef7-a2a2-4fe9-a3e1-74acd17bd88f restarts=6 usage_cpu=291m usage_mem=36Mi request_cpu=296m request_mem=250Mi limit_cpu=none limit_mem=none vpa_target_cpu=323m vpa_target_mem=250Mi vpa_uncapped_cpu=323m vpa_uncapped_mem=250Mi vpa_lower_cpu=151m vpa_lower_mem=250Mi vpa_upper_cpu=1500m vpa_upper_mem=512Mi
[2026-08-22T00:30:54+02:00] UE_SLOT_DONE timestamp=2026-08-21T22:30:54+00:00 active_ues=19 slot=1 attempt=1 ue_idx=1 ue_if=uesimtun1 ue_ip=10.45.1.47 port=5202 rc=0 replacements_for_slot=0 server_busy_retries_for_slot=0
[2026-08-22T00:30:54+02:00] UE_SLOT_DONE timestamp=2026-08-21T22:30:54+00:00 active_ues=19 slot=2 attempt=1 ue_idx=2 ue_if=uesimtun2 ue_ip=10.45.1.48 port=5203 rc=0 replacements_for_slot=0 server_busy_retries_for_slot=0
[2026-08-22T00:30:54+02:00] UE_SLOT_DONE timestamp=2026-08-21T22:30:54+00:00 active_ues=19 slot=3 attempt=1 ue_idx=3 ue_if=uesimtun3 ue_ip=10.45.1.49 port=5204 rc=0 replacements_for_slot=0 server_busy_retries_for_slot=0
[2026-08-22T00:30:54+02:00] UE_SLOT_DONE timestamp=2026-08-21T22:30:54+00:00 active_ues=19 slot=4 attempt=1 ue_idx=4 ue_if=uesimtun4 ue_ip=10.45.1.51 port=5205 rc=0 replacements_for_slot=0 server_busy_retries_for_slot=0
[2026-08-22T00:30:54+02:00] UE_SLOT_DONE timestamp=2026-08-21T22:30:54+00:00 active_ues=19 slot=5 attempt=1 ue_idx=5 ue_if=uesimtun5 ue_ip=10.45.1.52 port=5206 rc=0 replacements_for_slot=0 server_busy_retries_for_slot=0
[2026-08-22T00:30:54+02:00] UE_SLOT_DONE timestamp=2026-08-21T22:30:54+00:00 active_ues=19 slot=6 attempt=1 ue_idx=6 ue_if=uesimtun6 ue_ip=10.45.1.53 port=5207 rc=0 replacements_for_slot=0 server_busy_retries_for_slot=0
[2026-08-22T00:30:56+02:00] UE_SLOT_DONE timestamp=2026-08-21T22:30:56+00:00 active_ues=19 slot=7 attempt=1 ue_idx=7 ue_if=uesimtun7 ue_ip=10.45.1.54 port=5208 rc=0 replacements_for_slot=0 server_busy_retries_for_slot=0
[2026-08-22T00:30:56+02:00] UE_SLOT_DONE timestamp=2026-08-21T22:30:56+00:00 active_ues=19 slot=8 attempt=1 ue_idx=8 ue_if=uesimtun8 ue_ip=10.45.1.56 port=5209 rc=0 replacements_for_slot=0 server_busy_retries_for_slot=0
[2026-08-22T00:30:56+02:00] UE_SLOT_DONE timestamp=2026-08-21T22:30:56+00:00 active_ues=19 slot=9 attempt=1 ue_idx=9 ue_if=uesimtun9 ue_ip=10.45.1.57 port=5210 rc=0 replacements_for_slot=0 server_busy_retries_for_slot=0
[2026-08-22T00:30:56+02:00] UE_SLOT_DONE timestamp=2026-08-21T22:30:56+00:00 active_ues=19 slot=10 attempt=1 ue_idx=10 ue_if=uesimtun10 ue_ip=10.45.1.50 port=5211 rc=0 replacements_for_slot=0 server_busy_retries_for_slot=0
[2026-08-22T00:30:56+02:00] UE_SLOT_DONE timestamp=2026-08-21T22:30:56+00:00 active_ues=19 slot=11 attempt=1 ue_idx=11 ue_if=uesimtun11 ue_ip=10.45.1.60 port=5212 rc=0 replacements_for_slot=0 server_busy_retries_for_slot=0
[2026-08-22T00:30:56+02:00] UE_SLOT_DONE timestamp=2026-08-21T22:30:56+00:00 active_ues=19 slot=12 attempt=1 ue_idx=12 ue_if=uesimtun12 ue_ip=10.45.1.55 port=5213 rc=0 replacements_for_slot=0 server_busy_retries_for_slot=0
[2026-08-22T00:30:56+02:00] UE_SLOT_DONE timestamp=2026-08-21T22:30:56+00:00 active_ues=19 slot=13 attempt=1 ue_idx=13 ue_if=uesimtun13 ue_ip=10.45.1.62 port=5214 rc=0 replacements_for_slot=0 server_busy_retries_for_slot=0
[2026-08-22T00:30:56+02:00] UE_SLOT_DONE timestamp=2026-08-21T22:30:56+00:00 active_ues=19 slot=14 attempt=1 ue_idx=14 ue_if=uesimtun14 ue_ip=10.45.1.66 port=5215 rc=0 replacements_for_slot=0 server_busy_retries_for_slot=0
[2026-08-22T00:30:56+02:00] UPF_CONTROL_SAMPLE timestamp=2026-08-22T00:30:55+02:00 scenario=ue_19 pod=open5gs-upf-5b9db6d44-nsbqz uid=7b5b8ef7-a2a2-4fe9-a3e1-74acd17bd88f restarts=6 usage_cpu=287m usage_mem=36Mi request_cpu=296m request_mem=250Mi limit_cpu=none limit_mem=none vpa_target_cpu=323m vpa_target_mem=250Mi vpa_uncapped_cpu=323m vpa_uncapped_mem=250Mi vpa_lower_cpu=151m vpa_lower_mem=250Mi vpa_upper_cpu=1500m vpa_upper_mem=512Mi
[2026-08-22T00:30:57+02:00] UE_SLOT_DONE timestamp=2026-08-21T22:30:57+00:00 active_ues=19 slot=15 attempt=1 ue_idx=15 ue_if=uesimtun15 ue_ip=10.45.1.64 port=5216 rc=0 replacements_for_slot=0 server_busy_retries_for_slot=0
[2026-08-22T00:30:58+02:00] UE_SLOT_DONE timestamp=2026-08-21T22:30:57+00:00 active_ues=19 slot=16 attempt=1 ue_idx=16 ue_if=uesimtun16 ue_ip=10.45.1.68 port=5217 rc=0 replacements_for_slot=0 server_busy_retries_for_slot=0
[2026-08-22T00:30:58+02:00] UE_SLOT_DONE timestamp=2026-08-21T22:30:58+00:00 active_ues=19 slot=17 attempt=1 ue_idx=17 ue_if=uesimtun17 ue_ip=10.45.1.69 port=5218 rc=0 replacements_for_slot=0 server_busy_retries_for_slot=0
[2026-08-22T00:30:58+02:00] UE_SLOT_DONE timestamp=2026-08-21T22:30:58+00:00 active_ues=19 slot=18 attempt=1 ue_idx=18 ue_if=uesimtun18 ue_ip=10.45.1.71 port=5219 rc=0 replacements_for_slot=0 server_busy_retries_for_slot=0
[2026-08-22T00:30:59+02:00] TRAFFIC_SUMMARY timestamp=2026-08-21T22:30:59+00:00 registered_tunnels=50 active_ues=19 target_slots=19 completed_slots=19 final_failed_slots=0 replacements=0 problematic_ues=0 zombie_ues=0 connect_timeouts=0 stalls=0 deferred_stalls=0 process_failures=0 server_busy_retries=0 server_busy_failures=0 late_timeouts_accepted=0 scenario_bad_ues=0 global_suspect_ues=0 used_ues=19 target_host=192.168.1.211 initial_ports=5201-5219 replacement_ports=5251-5265 bitrate=1M start_delay=0.05 detection=no_rx_counter replacement_min_duration_s=5 adaptive_extension_max_s=1 iperf_exit_grace_s=3 server_busy_retries_limit=1 server_busy_retry_delay_s=2 late_replacement_after_end=disabled wait_for_iperf_exit=until_timeout global_suspect_policy=soft_reuse ramp_supervision=after_initial_start
[2026-08-22T00:30:59+02:00] UE_POOL_SCENARIO_BAD_CURRENT timestamp=2026-08-21T22:30:59+00:00 active_ues=19 indexes=
[2026-08-22T00:30:59+02:00] UPF_CONTROL_SAMPLE timestamp=2026-08-22T00:30:58+02:00 scenario=ue_19 pod=open5gs-upf-5b9db6d44-nsbqz uid=7b5b8ef7-a2a2-4fe9-a3e1-74acd17bd88f restarts=6 usage_cpu=287m usage_mem=36Mi request_cpu=296m request_mem=250Mi limit_cpu=none limit_mem=none vpa_target_cpu=323m vpa_target_mem=250Mi vpa_uncapped_cpu=323m vpa_uncapped_mem=250Mi vpa_lower_cpu=151m vpa_lower_mem=250Mi vpa_upper_cpu=1500m vpa_upper_mem=512Mi
[2026-08-22T00:30:59+02:00] UE_POOL_GLOBAL_SUSPECT_CURRENT timestamp=2026-08-21T22:30:59+00:00 active_ues=19 indexes=
[2026-08-22T00:30:59+02:00] REMOTE_IPERF_PER_UE_END timestamp=2026-08-21T22:30:59+00:00 active_ues=19 tag=ue_19 final_rc=0 completed_slots=19 replacements=0 problematic_ues=0 server_busy_retries=0 deferred_stalls=0 late_timeouts_accepted=0
[2026-08-22T00:30:59+02:00] SCENARIO TRAFFIC COMMAND END timestamp=2026-08-22T00:30:59+02:00 active_ue=19 rc=0
[2026-08-22T00:30:59+02:00] SCENARIO UPF AFTER timestamp=2026-08-22T00:30:59+02:00 active_ue=19 pod=open5gs-upf-5b9db6d44-nsbqz uid=7b5b8ef7-a2a2-4fe9-a3e1-74acd17bd88f restarts=6
[2026-08-22T00:30:59+02:00] SCENARIO END timestamp=2026-08-22T00:30:59+02:00 active_ue=19 rc=0
[2026-08-22T00:30:59+02:00] ================================================================
[2026-08-22T00:31:00+02:00] SCENARIO START timestamp=2026-08-22T00:31:00+02:00 active_ue=21 registered_ue_pool=50 target_host=192.168.1.211 ports=5201-5221 replacement_ports=5251-5265 bitrate_per_ue=1M start_delay=0.05 replacement_min_duration=5 adaptive_extension_max=1
[2026-08-22T00:31:00+02:00] ================================================================
[2026-08-22T00:31:00+02:00] SCENARIO TUNNEL CHECK timestamp=2026-08-22T00:31:00+02:00 active_ue=21 current_tunnels=50 required=50
[2026-08-22T00:31:01+02:00] SCENARIO UPF BEFORE timestamp=2026-08-22T00:31:01+02:00 active_ue=21 pod=open5gs-upf-5b9db6d44-nsbqz uid=7b5b8ef7-a2a2-4fe9-a3e1-74acd17bd88f restarts=6
[2026-08-22T00:31:01+02:00] REMOTE_IPERF_PER_UE_START timestamp=2026-08-21T22:31:01+00:00 active_ues=21 tag=ue_21 iperf_host=192.168.1.211 base_port=5201 replacement_base_port=5251 duration=80 bitrate=1M start_delay=0.05 detection=no_rx_counter connect_timeout_s=4 stall_seconds=5 replacement_limit=15 replacement_min_duration_s=5 adaptive_extension_max_s=1 iperf_exit_grace_s=3 server_busy_port_rebinds=1 late_replacement_after_end=disabled wait_for_iperf_exit=until_timeout global_suspect_policy=soft_reuse ramp_supervision=after_initial_start
[2026-08-22T00:31:01+02:00] UPF_CONTROL_SAMPLE timestamp=2026-08-22T00:31:00+02:00 scenario=ue_21 pod=open5gs-upf-5b9db6d44-nsbqz uid=7b5b8ef7-a2a2-4fe9-a3e1-74acd17bd88f restarts=6 usage_cpu=287m usage_mem=36Mi request_cpu=296m request_mem=250Mi limit_cpu=none limit_mem=none vpa_target_cpu=323m vpa_target_mem=250Mi vpa_uncapped_cpu=323m vpa_uncapped_mem=250Mi vpa_lower_cpu=151m vpa_lower_mem=250Mi vpa_upper_cpu=1500m vpa_upper_mem=512Mi
[2026-08-22T00:31:01+02:00] UE_POOL_STATUS timestamp=2026-08-21T22:31:01+00:00 active_ues=21 registered_tunnels=50 existing_global_suspect_ues=0 used_ues=0 policy=soft_reuse_global_suspects
[2026-08-22T00:31:01+02:00] UE_SLOT_ASSIGN timestamp=2026-08-21T22:31:01+00:00 active_ues=21 slot=0 ue_idx=0 ue_if=uesimtun0 ue_ip=10.45.1.46 candidate_reused_global_suspect=0
[2026-08-22T00:31:02+02:00] UE_SLOT_START timestamp=2026-08-21T22:31:02+00:00 active_ues=21 slot=0 attempt=1 ue_idx=0 ue_if=uesimtun0 ue_ip=10.45.1.46 target=192.168.1.211:5201 bitrate=1M duration_s=80 planned_end_epoch=1787351541 timeout_s=90 hard_timeout_epoch=1787351557 start_rx_bytes=883020
[2026-08-22T00:31:02+02:00] UE_SLOT_PID timestamp=2026-08-21T22:31:02+00:00 active_ues=21 slot=0 attempt=1 ue_idx=0 pid=26189
[2026-08-22T00:31:02+02:00] UE_SLOT_ASSIGN timestamp=2026-08-21T22:31:02+00:00 active_ues=21 slot=1 ue_idx=1 ue_if=uesimtun1 ue_ip=10.45.1.47 candidate_reused_global_suspect=0
[2026-08-22T00:31:02+02:00] UE_SLOT_START timestamp=2026-08-21T22:31:02+00:00 active_ues=21 slot=1 attempt=1 ue_idx=1 ue_if=uesimtun1 ue_ip=10.45.1.47 target=192.168.1.211:5202 bitrate=1M duration_s=80 planned_end_epoch=1787351542 timeout_s=90 hard_timeout_epoch=1787351557 start_rx_bytes=782243
[2026-08-22T00:31:02+02:00] UE_SLOT_PID timestamp=2026-08-21T22:31:02+00:00 active_ues=21 slot=1 attempt=1 ue_idx=1 pid=26214
[2026-08-22T00:31:02+02:00] UE_SLOT_ASSIGN timestamp=2026-08-21T22:31:02+00:00 active_ues=21 slot=2 ue_idx=2 ue_if=uesimtun2 ue_ip=10.45.1.48 candidate_reused_global_suspect=0
[2026-08-22T00:31:02+02:00] UE_SLOT_START timestamp=2026-08-21T22:31:02+00:00 active_ues=21 slot=2 attempt=1 ue_idx=2 ue_if=uesimtun2 ue_ip=10.45.1.48 target=192.168.1.211:5203 bitrate=1M duration_s=80 planned_end_epoch=1787351542 timeout_s=90 hard_timeout_epoch=1787351557 start_rx_bytes=785080
[2026-08-22T00:31:02+02:00] UE_SLOT_PID timestamp=2026-08-21T22:31:02+00:00 active_ues=21 slot=2 attempt=1 ue_idx=2 pid=26239
[2026-08-22T00:31:02+02:00] UE_SLOT_ASSIGN timestamp=2026-08-21T22:31:02+00:00 active_ues=21 slot=3 ue_idx=3 ue_if=uesimtun3 ue_ip=10.45.1.49 candidate_reused_global_suspect=0
[2026-08-22T00:31:02+02:00] UE_SLOT_START timestamp=2026-08-21T22:31:02+00:00 active_ues=21 slot=3 attempt=1 ue_idx=3 ue_if=uesimtun3 ue_ip=10.45.1.49 target=192.168.1.211:5204 bitrate=1M duration_s=80 planned_end_epoch=1787351542 timeout_s=90 hard_timeout_epoch=1787351557 start_rx_bytes=705169
[2026-08-22T00:31:02+02:00] UE_SLOT_PID timestamp=2026-08-21T22:31:02+00:00 active_ues=21 slot=3 attempt=1 ue_idx=3 pid=26264
[2026-08-22T00:31:02+02:00] UE_SLOT_ASSIGN timestamp=2026-08-21T22:31:02+00:00 active_ues=21 slot=4 ue_idx=4 ue_if=uesimtun4 ue_ip=10.45.1.51 candidate_reused_global_suspect=0
[2026-08-22T00:31:02+02:00] UE_SLOT_START timestamp=2026-08-21T22:31:02+00:00 active_ues=21 slot=4 attempt=1 ue_idx=4 ue_if=uesimtun4 ue_ip=10.45.1.51 target=192.168.1.211:5205 bitrate=1M duration_s=80 planned_end_epoch=1787351542 timeout_s=90 hard_timeout_epoch=1787351557 start_rx_bytes=700686
[2026-08-22T00:31:02+02:00] UE_SLOT_PID timestamp=2026-08-21T22:31:02+00:00 active_ues=21 slot=4 attempt=1 ue_idx=4 pid=26289
[2026-08-22T00:31:03+02:00] UE_SLOT_ASSIGN timestamp=2026-08-21T22:31:03+00:00 active_ues=21 slot=5 ue_idx=5 ue_if=uesimtun5 ue_ip=10.45.1.52 candidate_reused_global_suspect=0
[2026-08-22T00:31:03+02:00] UE_SLOT_START timestamp=2026-08-21T22:31:03+00:00 active_ues=21 slot=5 attempt=1 ue_idx=5 ue_if=uesimtun5 ue_ip=10.45.1.52 target=192.168.1.211:5206 bitrate=1M duration_s=80 planned_end_epoch=1787351543 timeout_s=90 hard_timeout_epoch=1787351558 start_rx_bytes=577923
[2026-08-22T00:31:03+02:00] UE_SLOT_PID timestamp=2026-08-21T22:31:03+00:00 active_ues=21 slot=5 attempt=1 ue_idx=5 pid=26314
[2026-08-22T00:31:03+02:00] UE_SLOT_ASSIGN timestamp=2026-08-21T22:31:03+00:00 active_ues=21 slot=6 ue_idx=6 ue_if=uesimtun6 ue_ip=10.45.1.53 candidate_reused_global_suspect=0
[2026-08-22T00:31:03+02:00] UE_SLOT_START timestamp=2026-08-21T22:31:03+00:00 active_ues=21 slot=6 attempt=1 ue_idx=6 ue_if=uesimtun6 ue_ip=10.45.1.53 target=192.168.1.211:5207 bitrate=1M duration_s=80 planned_end_epoch=1787351543 timeout_s=90 hard_timeout_epoch=1787351558 start_rx_bytes=596677
[2026-08-22T00:31:03+02:00] UE_SLOT_PID timestamp=2026-08-21T22:31:03+00:00 active_ues=21 slot=6 attempt=1 ue_idx=6 pid=26339
[2026-08-22T00:31:03+02:00] UE_SLOT_ASSIGN timestamp=2026-08-21T22:31:03+00:00 active_ues=21 slot=7 ue_idx=7 ue_if=uesimtun7 ue_ip=10.45.1.54 candidate_reused_global_suspect=0
[2026-08-22T00:31:03+02:00] UE_SLOT_START timestamp=2026-08-21T22:31:03+00:00 active_ues=21 slot=7 attempt=1 ue_idx=7 ue_if=uesimtun7 ue_ip=10.45.1.54 target=192.168.1.211:5208 bitrate=1M duration_s=80 planned_end_epoch=1787351543 timeout_s=90 hard_timeout_epoch=1787351558 start_rx_bytes=510331
[2026-08-22T00:31:03+02:00] UE_SLOT_PID timestamp=2026-08-21T22:31:03+00:00 active_ues=21 slot=7 attempt=1 ue_idx=7 pid=26364
[2026-08-22T00:31:03+02:00] UE_SLOT_ASSIGN timestamp=2026-08-21T22:31:03+00:00 active_ues=21 slot=8 ue_idx=8 ue_if=uesimtun8 ue_ip=10.45.1.56 candidate_reused_global_suspect=0
[2026-08-22T00:31:03+02:00] UE_SLOT_START timestamp=2026-08-21T22:31:03+00:00 active_ues=21 slot=8 attempt=1 ue_idx=8 ue_if=uesimtun8 ue_ip=10.45.1.56 target=192.168.1.211:5209 bitrate=1M duration_s=80 planned_end_epoch=1787351543 timeout_s=90 hard_timeout_epoch=1787351558 start_rx_bytes=517601
[2026-08-22T00:31:03+02:00] UE_SLOT_PID timestamp=2026-08-21T22:31:03+00:00 active_ues=21 slot=8 attempt=1 ue_idx=8 pid=26389
[2026-08-22T00:31:03+02:00] UE_SLOT_ASSIGN timestamp=2026-08-21T22:31:03+00:00 active_ues=21 slot=9 ue_idx=9 ue_if=uesimtun9 ue_ip=10.45.1.57 candidate_reused_global_suspect=0
[2026-08-22T00:31:04+02:00] UE_SLOT_START timestamp=2026-08-21T22:31:04+00:00 active_ues=21 slot=9 attempt=1 ue_idx=9 ue_if=uesimtun9 ue_ip=10.45.1.57 target=192.168.1.211:5210 bitrate=1M duration_s=80 planned_end_epoch=1787351543 timeout_s=90 hard_timeout_epoch=1787351559 start_rx_bytes=434977
[2026-08-22T00:31:04+02:00] UE_SLOT_PID timestamp=2026-08-21T22:31:04+00:00 active_ues=21 slot=9 attempt=1 ue_idx=9 pid=26414
[2026-08-22T00:31:04+02:00] UPF_CONTROL_SAMPLE timestamp=2026-08-22T00:31:02+02:00 scenario=ue_21 pod=open5gs-upf-5b9db6d44-nsbqz uid=7b5b8ef7-a2a2-4fe9-a3e1-74acd17bd88f restarts=6 usage_cpu=287m usage_mem=36Mi request_cpu=296m request_mem=250Mi limit_cpu=none limit_mem=none vpa_target_cpu=323m vpa_target_mem=250Mi vpa_uncapped_cpu=323m vpa_uncapped_mem=250Mi vpa_lower_cpu=151m vpa_lower_mem=250Mi vpa_upper_cpu=1500m vpa_upper_mem=512Mi
[2026-08-22T00:31:04+02:00] UE_SLOT_ASSIGN timestamp=2026-08-21T22:31:04+00:00 active_ues=21 slot=10 ue_idx=10 ue_if=uesimtun10 ue_ip=10.45.1.50 candidate_reused_global_suspect=0
[2026-08-22T00:31:04+02:00] UE_SLOT_START timestamp=2026-08-21T22:31:04+00:00 active_ues=21 slot=10 attempt=1 ue_idx=10 ue_if=uesimtun10 ue_ip=10.45.1.50 target=192.168.1.211:5211 bitrate=1M duration_s=80 planned_end_epoch=1787351544 timeout_s=90 hard_timeout_epoch=1787351559 start_rx_bytes=440245
[2026-08-22T00:31:04+02:00] UE_SLOT_PID timestamp=2026-08-21T22:31:04+00:00 active_ues=21 slot=10 attempt=1 ue_idx=10 pid=26439
[2026-08-22T00:31:04+02:00] UE_SLOT_ASSIGN timestamp=2026-08-21T22:31:04+00:00 active_ues=21 slot=11 ue_idx=11 ue_if=uesimtun11 ue_ip=10.45.1.60 candidate_reused_global_suspect=0
[2026-08-22T00:31:04+02:00] UE_SLOT_START timestamp=2026-08-21T22:31:04+00:00 active_ues=21 slot=11 attempt=1 ue_idx=11 ue_if=uesimtun11 ue_ip=10.45.1.60 target=192.168.1.211:5212 bitrate=1M duration_s=80 planned_end_epoch=1787351544 timeout_s=90 hard_timeout_epoch=1787351559 start_rx_bytes=360433
[2026-08-22T00:31:04+02:00] UE_SLOT_PID timestamp=2026-08-21T22:31:04+00:00 active_ues=21 slot=11 attempt=1 ue_idx=11 pid=26464
[2026-08-22T00:31:04+02:00] UE_SLOT_ASSIGN timestamp=2026-08-21T22:31:04+00:00 active_ues=21 slot=12 ue_idx=12 ue_if=uesimtun12 ue_ip=10.45.1.55 candidate_reused_global_suspect=0
[2026-08-22T00:31:04+02:00] UE_SLOT_START timestamp=2026-08-21T22:31:04+00:00 active_ues=21 slot=12 attempt=1 ue_idx=12 ue_if=uesimtun12 ue_ip=10.45.1.55 target=192.168.1.211:5213 bitrate=1M duration_s=80 planned_end_epoch=1787351544 timeout_s=90 hard_timeout_epoch=1787351559 start_rx_bytes=361940
[2026-08-22T00:31:04+02:00] UE_SLOT_PID timestamp=2026-08-21T22:31:04+00:00 active_ues=21 slot=12 attempt=1 ue_idx=12 pid=26489
[2026-08-22T00:31:04+02:00] UE_SLOT_ASSIGN timestamp=2026-08-21T22:31:04+00:00 active_ues=21 slot=13 ue_idx=13 ue_if=uesimtun13 ue_ip=10.45.1.62 candidate_reused_global_suspect=0
[2026-08-22T00:31:04+02:00] UE_SLOT_START timestamp=2026-08-21T22:31:04+00:00 active_ues=21 slot=13 attempt=1 ue_idx=13 ue_if=uesimtun13 ue_ip=10.45.1.62 target=192.168.1.211:5214 bitrate=1M duration_s=80 planned_end_epoch=1787351544 timeout_s=90 hard_timeout_epoch=1787351559 start_rx_bytes=271338
[2026-08-22T00:31:04+02:00] UE_SLOT_PID timestamp=2026-08-21T22:31:04+00:00 active_ues=21 slot=13 attempt=1 ue_idx=13 pid=26514
[2026-08-22T00:31:05+02:00] UE_SLOT_ASSIGN timestamp=2026-08-21T22:31:05+00:00 active_ues=21 slot=14 ue_idx=14 ue_if=uesimtun14 ue_ip=10.45.1.66 candidate_reused_global_suspect=0
[2026-08-22T00:31:05+02:00] UE_SLOT_START timestamp=2026-08-21T22:31:05+00:00 active_ues=21 slot=14 attempt=1 ue_idx=14 ue_if=uesimtun14 ue_ip=10.45.1.66 target=192.168.1.211:5215 bitrate=1M duration_s=80 planned_end_epoch=1787351545 timeout_s=90 hard_timeout_epoch=1787351560 start_rx_bytes=286884
[2026-08-22T00:31:05+02:00] UE_SLOT_PID timestamp=2026-08-21T22:31:05+00:00 active_ues=21 slot=14 attempt=1 ue_idx=14 pid=26539
[2026-08-22T00:31:05+02:00] UE_SLOT_ASSIGN timestamp=2026-08-21T22:31:05+00:00 active_ues=21 slot=15 ue_idx=15 ue_if=uesimtun15 ue_ip=10.45.1.64 candidate_reused_global_suspect=0
[2026-08-22T00:31:05+02:00] UE_SLOT_START timestamp=2026-08-21T22:31:05+00:00 active_ues=21 slot=15 attempt=1 ue_idx=15 ue_if=uesimtun15 ue_ip=10.45.1.64 target=192.168.1.211:5216 bitrate=1M duration_s=80 planned_end_epoch=1787351545 timeout_s=90 hard_timeout_epoch=1787351560 start_rx_bytes=175988
[2026-08-22T00:31:05+02:00] UE_SLOT_PID timestamp=2026-08-21T22:31:05+00:00 active_ues=21 slot=15 attempt=1 ue_idx=15 pid=26564
[2026-08-22T00:31:05+02:00] UE_SLOT_ASSIGN timestamp=2026-08-21T22:31:05+00:00 active_ues=21 slot=16 ue_idx=16 ue_if=uesimtun16 ue_ip=10.45.1.68 candidate_reused_global_suspect=0
[2026-08-22T00:31:05+02:00] UE_SLOT_START timestamp=2026-08-21T22:31:05+00:00 active_ues=21 slot=16 attempt=1 ue_idx=16 ue_if=uesimtun16 ue_ip=10.45.1.68 target=192.168.1.211:5217 bitrate=1M duration_s=80 planned_end_epoch=1787351545 timeout_s=90 hard_timeout_epoch=1787351560 start_rx_bytes=177131
[2026-08-22T00:31:05+02:00] UE_SLOT_PID timestamp=2026-08-21T22:31:05+00:00 active_ues=21 slot=16 attempt=1 ue_idx=16 pid=26589
[2026-08-22T00:31:05+02:00] UE_SLOT_ASSIGN timestamp=2026-08-21T22:31:05+00:00 active_ues=21 slot=17 ue_idx=17 ue_if=uesimtun17 ue_ip=10.45.1.69 candidate_reused_global_suspect=0
[2026-08-22T00:31:05+02:00] UE_SLOT_START timestamp=2026-08-21T22:31:05+00:00 active_ues=21 slot=17 attempt=1 ue_idx=17 ue_if=uesimtun17 ue_ip=10.45.1.69 target=192.168.1.211:5218 bitrate=1M duration_s=80 planned_end_epoch=1787351545 timeout_s=90 hard_timeout_epoch=1787351560 start_rx_bytes=82484
[2026-08-22T00:31:05+02:00] UE_SLOT_PID timestamp=2026-08-21T22:31:05+00:00 active_ues=21 slot=17 attempt=1 ue_idx=17 pid=26614
[2026-08-22T00:31:06+02:00] UE_SLOT_ASSIGN timestamp=2026-08-21T22:31:06+00:00 active_ues=21 slot=18 ue_idx=18 ue_if=uesimtun18 ue_ip=10.45.1.71 candidate_reused_global_suspect=0
[2026-08-22T00:31:06+02:00] UE_SLOT_START timestamp=2026-08-21T22:31:06+00:00 active_ues=21 slot=18 attempt=1 ue_idx=18 ue_if=uesimtun18 ue_ip=10.45.1.71 target=192.168.1.211:5219 bitrate=1M duration_s=80 planned_end_epoch=1787351546 timeout_s=90 hard_timeout_epoch=1787351561 start_rx_bytes=88455
[2026-08-22T00:31:06+02:00] UE_SLOT_PID timestamp=2026-08-21T22:31:06+00:00 active_ues=21 slot=18 attempt=1 ue_idx=18 pid=26639
[2026-08-22T00:31:06+02:00] UE_SLOT_ASSIGN timestamp=2026-08-21T22:31:06+00:00 active_ues=21 slot=19 ue_idx=19 ue_if=uesimtun19 ue_ip=10.45.1.72 candidate_reused_global_suspect=0
[2026-08-22T00:31:06+02:00] UE_SLOT_START timestamp=2026-08-21T22:31:06+00:00 active_ues=21 slot=19 attempt=1 ue_idx=19 ue_if=uesimtun19 ue_ip=10.45.1.72 target=192.168.1.211:5220 bitrate=1M duration_s=80 planned_end_epoch=1787351546 timeout_s=90 hard_timeout_epoch=1787351561 start_rx_bytes=0
[2026-08-22T00:31:06+02:00] UE_SLOT_PID timestamp=2026-08-21T22:31:06+00:00 active_ues=21 slot=19 attempt=1 ue_idx=19 pid=26664
[2026-08-22T00:31:06+02:00] UE_SLOT_ASSIGN timestamp=2026-08-21T22:31:06+00:00 active_ues=21 slot=20 ue_idx=20 ue_if=uesimtun20 ue_ip=10.45.1.74 candidate_reused_global_suspect=0
[2026-08-22T00:31:06+02:00] UE_SLOT_START timestamp=2026-08-21T22:31:06+00:00 active_ues=21 slot=20 attempt=1 ue_idx=20 ue_if=uesimtun20 ue_ip=10.45.1.74 target=192.168.1.211:5221 bitrate=1M duration_s=80 planned_end_epoch=1787351546 timeout_s=90 hard_timeout_epoch=1787351561 start_rx_bytes=0
[2026-08-22T00:31:06+02:00] UE_SLOT_PID timestamp=2026-08-21T22:31:06+00:00 active_ues=21 slot=20 attempt=1 ue_idx=20 pid=26689
[2026-08-22T00:31:06+02:00] IPERF_MAPPING_SUMMARY timestamp=2026-08-21T22:31:06+00:00 active_ues=21 registered_tunnels=50 initial_ports=5201-5221 replacement_ports=5251-5265 bitrate=1M start_delay=0.05 detection=no_rx_counter replacement_min_duration_s=5 adaptive_extension_max_s=1 iperf_exit_grace_s=3 server_busy_port_rebinds=1 late_replacement_after_end=disabled wait_for_iperf_exit=until_timeout global_suspect_policy=soft_reuse ramp_supervision=after_initial_start
[2026-08-22T00:31:06+02:00] UPF_CONTROL_SAMPLE timestamp=2026-08-22T00:31:05+02:00 scenario=ue_21 pod=open5gs-upf-5b9db6d44-nsbqz uid=7b5b8ef7-a2a2-4fe9-a3e1-74acd17bd88f restarts=6 usage_cpu=287m usage_mem=36Mi request_cpu=296m request_mem=250Mi limit_cpu=none limit_mem=none vpa_target_cpu=323m vpa_target_mem=250Mi vpa_uncapped_cpu=323m vpa_uncapped_mem=250Mi vpa_lower_cpu=151m vpa_lower_mem=250Mi vpa_upper_cpu=1500m vpa_upper_mem=512Mi
[2026-08-22T00:31:09+02:00] UPF_CONTROL_SAMPLE timestamp=2026-08-22T00:31:07+02:00 scenario=ue_21 pod=open5gs-upf-5b9db6d44-nsbqz uid=7b5b8ef7-a2a2-4fe9-a3e1-74acd17bd88f restarts=6 usage_cpu=287m usage_mem=36Mi request_cpu=296m request_mem=250Mi limit_cpu=none limit_mem=none vpa_target_cpu=323m vpa_target_mem=250Mi vpa_uncapped_cpu=323m vpa_uncapped_mem=250Mi vpa_lower_cpu=151m vpa_lower_mem=250Mi vpa_upper_cpu=1500m vpa_upper_mem=512Mi
[2026-08-22T00:31:11+02:00] UPF_CONTROL_SAMPLE timestamp=2026-08-22T00:31:10+02:00 scenario=ue_21 pod=open5gs-upf-5b9db6d44-nsbqz uid=7b5b8ef7-a2a2-4fe9-a3e1-74acd17bd88f restarts=6 usage_cpu=92m usage_mem=36Mi request_cpu=296m request_mem=250Mi limit_cpu=none limit_mem=none vpa_target_cpu=323m vpa_target_mem=250Mi vpa_uncapped_cpu=323m vpa_uncapped_mem=250Mi vpa_lower_cpu=151m vpa_lower_mem=250Mi vpa_upper_cpu=1500m vpa_upper_mem=512Mi
[2026-08-22T00:31:13+02:00] UPF_CONTROL_SAMPLE timestamp=2026-08-22T00:31:12+02:00 scenario=ue_21 pod=open5gs-upf-5b9db6d44-nsbqz uid=7b5b8ef7-a2a2-4fe9-a3e1-74acd17bd88f restarts=6 usage_cpu=92m usage_mem=36Mi request_cpu=296m request_mem=250Mi limit_cpu=none limit_mem=none vpa_target_cpu=323m vpa_target_mem=250Mi vpa_uncapped_cpu=323m vpa_uncapped_mem=250Mi vpa_lower_cpu=151m vpa_lower_mem=250Mi vpa_upper_cpu=1500m vpa_upper_mem=512Mi
[2026-08-22T00:31:16+02:00] UPF_CONTROL_SAMPLE timestamp=2026-08-22T00:31:14+02:00 scenario=ue_21 pod=open5gs-upf-5b9db6d44-nsbqz uid=7b5b8ef7-a2a2-4fe9-a3e1-74acd17bd88f restarts=6 usage_cpu=92m usage_mem=36Mi request_cpu=296m request_mem=250Mi limit_cpu=none limit_mem=none vpa_target_cpu=323m vpa_target_mem=250Mi vpa_uncapped_cpu=323m vpa_uncapped_mem=250Mi vpa_lower_cpu=151m vpa_lower_mem=250Mi vpa_upper_cpu=1500m vpa_upper_mem=512Mi
[2026-08-22T00:31:18+02:00] UPF_CONTROL_SAMPLE timestamp=2026-08-22T00:31:17+02:00 scenario=ue_21 pod=open5gs-upf-5b9db6d44-nsbqz uid=7b5b8ef7-a2a2-4fe9-a3e1-74acd17bd88f restarts=6 usage_cpu=92m usage_mem=36Mi request_cpu=296m request_mem=250Mi limit_cpu=none limit_mem=none vpa_target_cpu=323m vpa_target_mem=250Mi vpa_uncapped_cpu=323m vpa_uncapped_mem=250Mi vpa_lower_cpu=151m vpa_lower_mem=250Mi vpa_upper_cpu=1500m vpa_upper_mem=512Mi
[2026-08-22T00:31:20+02:00] UPF_CONTROL_SAMPLE timestamp=2026-08-22T00:31:19+02:00 scenario=ue_21 pod=open5gs-upf-5b9db6d44-nsbqz uid=7b5b8ef7-a2a2-4fe9-a3e1-74acd17bd88f restarts=6 usage_cpu=92m usage_mem=36Mi request_cpu=296m request_mem=250Mi limit_cpu=none limit_mem=none vpa_target_cpu=323m vpa_target_mem=250Mi vpa_uncapped_cpu=323m vpa_uncapped_mem=250Mi vpa_lower_cpu=151m vpa_lower_mem=250Mi vpa_upper_cpu=1500m vpa_upper_mem=512Mi
[2026-08-22T00:31:23+02:00] UPF_CONTROL_SAMPLE timestamp=2026-08-22T00:31:21+02:00 scenario=ue_21 pod=open5gs-upf-5b9db6d44-nsbqz uid=7b5b8ef7-a2a2-4fe9-a3e1-74acd17bd88f restarts=6 usage_cpu=92m usage_mem=36Mi request_cpu=296m request_mem=250Mi limit_cpu=none limit_mem=none vpa_target_cpu=323m vpa_target_mem=250Mi vpa_uncapped_cpu=323m vpa_uncapped_mem=250Mi vpa_lower_cpu=151m vpa_lower_mem=250Mi vpa_upper_cpu=1500m vpa_upper_mem=512Mi
[2026-08-22T00:31:25+02:00] UPF_CONTROL_SAMPLE timestamp=2026-08-22T00:31:24+02:00 scenario=ue_21 pod=open5gs-upf-5b9db6d44-nsbqz uid=7b5b8ef7-a2a2-4fe9-a3e1-74acd17bd88f restarts=6 usage_cpu=92m usage_mem=36Mi request_cpu=296m request_mem=250Mi limit_cpu=none limit_mem=none vpa_target_cpu=323m vpa_target_mem=250Mi vpa_uncapped_cpu=323m vpa_uncapped_mem=250Mi vpa_lower_cpu=151m vpa_lower_mem=250Mi vpa_upper_cpu=1500m vpa_upper_mem=512Mi
[2026-08-22T00:31:27+02:00] UPF_CONTROL_SAMPLE timestamp=2026-08-22T00:31:26+02:00 scenario=ue_21 pod=open5gs-upf-5b9db6d44-nsbqz uid=7b5b8ef7-a2a2-4fe9-a3e1-74acd17bd88f restarts=6 usage_cpu=318m usage_mem=36Mi request_cpu=296m request_mem=250Mi limit_cpu=none limit_mem=none vpa_target_cpu=323m vpa_target_mem=250Mi vpa_uncapped_cpu=323m vpa_uncapped_mem=250Mi vpa_lower_cpu=151m vpa_lower_mem=250Mi vpa_upper_cpu=1500m vpa_upper_mem=512Mi
[2026-08-22T00:31:30+02:00] UPF_CONTROL_SAMPLE timestamp=2026-08-22T00:31:28+02:00 scenario=ue_21 pod=open5gs-upf-5b9db6d44-nsbqz uid=7b5b8ef7-a2a2-4fe9-a3e1-74acd17bd88f restarts=6 usage_cpu=318m usage_mem=36Mi request_cpu=296m request_mem=250Mi limit_cpu=none limit_mem=none vpa_target_cpu=323m vpa_target_mem=250Mi vpa_uncapped_cpu=323m vpa_uncapped_mem=250Mi vpa_lower_cpu=151m vpa_lower_mem=250Mi vpa_upper_cpu=1500m vpa_upper_mem=512Mi
[2026-08-22T00:31:32+02:00] VPA_RECOMMENDATION_CHANGE timestamp=2026-08-22T00:31:31+02:00 scenario=ue_21 old='vpa_target_cpu=323m vpa_target_mem=250Mi vpa_uncapped_cpu=323m vpa_uncapped_mem=250Mi vpa_lower_cpu=151m vpa_lower_mem=250Mi vpa_upper_cpu=1500m vpa_upper_mem=512Mi' new='vpa_target_cpu=350m vpa_target_mem=250Mi vpa_uncapped_cpu=350m vpa_uncapped_mem=250Mi vpa_lower_cpu=153m vpa_lower_mem=250Mi vpa_upper_cpu=1500m vpa_upper_mem=512Mi' previous_5s_sample='timestamp=2026-08-22T00:31:26+02:00 scenario=ue_21 pod=open5gs-upf-5b9db6d44-nsbqz uid=7b5b8ef7-a2a2-4fe9-a3e1-74acd17bd88f restarts=6 usage_cpu=318m usage_mem=36Mi request_cpu=296m request_mem=250Mi limit_cpu=none limit_mem=none vpa_target_cpu=323m vpa_target_mem=250Mi vpa_uncapped_cpu=323m vpa_uncapped_mem=250Mi vpa_lower_cpu=151m vpa_lower_mem=250Mi vpa_upper_cpu=1500m vpa_upper_mem=512Mi' current_sample='timestamp=2026-08-22T00:31:31+02:00 scenario=ue_21 pod=open5gs-upf-5b9db6d44-nsbqz uid=7b5b8ef7-a2a2-4fe9-a3e1-74acd17bd88f restarts=6 usage_cpu=318m usage_mem=36Mi request_cpu=296m request_mem=250Mi limit_cpu=none limit_mem=none vpa_target_cpu=350m vpa_target_mem=250Mi vpa_uncapped_cpu=350m vpa_uncapped_mem=250Mi vpa_lower_cpu=153m vpa_lower_mem=250Mi vpa_upper_cpu=1500m vpa_upper_mem=512Mi'
[2026-08-22T00:31:32+02:00] UPF_CONTROL_SAMPLE timestamp=2026-08-22T00:31:31+02:00 scenario=ue_21 pod=open5gs-upf-5b9db6d44-nsbqz uid=7b5b8ef7-a2a2-4fe9-a3e1-74acd17bd88f restarts=6 usage_cpu=318m usage_mem=36Mi request_cpu=296m request_mem=250Mi limit_cpu=none limit_mem=none vpa_target_cpu=350m vpa_target_mem=250Mi vpa_uncapped_cpu=350m vpa_uncapped_mem=250Mi vpa_lower_cpu=153m vpa_lower_mem=250Mi vpa_upper_cpu=1500m vpa_upper_mem=512Mi
[2026-08-22T00:31:34+02:00] UPF_CONTROL_SAMPLE timestamp=2026-08-22T00:31:33+02:00 scenario=ue_21 pod=open5gs-upf-5b9db6d44-nsbqz uid=7b5b8ef7-a2a2-4fe9-a3e1-74acd17bd88f restarts=6 usage_cpu=318m usage_mem=36Mi request_cpu=296m request_mem=250Mi limit_cpu=none limit_mem=none vpa_target_cpu=350m vpa_target_mem=250Mi vpa_uncapped_cpu=350m vpa_uncapped_mem=250Mi vpa_lower_cpu=153m vpa_lower_mem=250Mi vpa_upper_cpu=1500m vpa_upper_mem=512Mi
[2026-08-22T00:31:36+02:00] UPF_CONTROL_SAMPLE timestamp=2026-08-22T00:31:35+02:00 scenario=ue_21 pod=open5gs-upf-5b9db6d44-nsbqz uid=7b5b8ef7-a2a2-4fe9-a3e1-74acd17bd88f restarts=6 usage_cpu=318m usage_mem=36Mi request_cpu=296m request_mem=250Mi limit_cpu=none limit_mem=none vpa_target_cpu=350m vpa_target_mem=250Mi vpa_uncapped_cpu=350m vpa_uncapped_mem=250Mi vpa_lower_cpu=153m vpa_lower_mem=250Mi vpa_upper_cpu=1500m vpa_upper_mem=512Mi
[2026-08-22T00:31:39+02:00] UPF_CONTROL_SAMPLE timestamp=2026-08-22T00:31:37+02:00 scenario=ue_21 pod=open5gs-upf-5b9db6d44-nsbqz uid=7b5b8ef7-a2a2-4fe9-a3e1-74acd17bd88f restarts=6 usage_cpu=318m usage_mem=36Mi request_cpu=296m request_mem=250Mi limit_cpu=none limit_mem=none vpa_target_cpu=350m vpa_target_mem=250Mi vpa_uncapped_cpu=350m vpa_uncapped_mem=250Mi vpa_lower_cpu=153m vpa_lower_mem=250Mi vpa_upper_cpu=1500m vpa_upper_mem=512Mi
[2026-08-22T00:31:41+02:00] UPF_CONTROL_SAMPLE timestamp=2026-08-22T00:31:40+02:00 scenario=ue_21 pod=open5gs-upf-5b9db6d44-nsbqz uid=7b5b8ef7-a2a2-4fe9-a3e1-74acd17bd88f restarts=6 usage_cpu=308m usage_mem=36Mi request_cpu=296m request_mem=250Mi limit_cpu=none limit_mem=none vpa_target_cpu=350m vpa_target_mem=250Mi vpa_uncapped_cpu=350m vpa_uncapped_mem=250Mi vpa_lower_cpu=153m vpa_lower_mem=250Mi vpa_upper_cpu=1500m vpa_upper_mem=512Mi
[2026-08-22T00:31:44+02:00] UPF_CONTROL_SAMPLE timestamp=2026-08-22T00:31:42+02:00 scenario=ue_21 pod=open5gs-upf-5b9db6d44-nsbqz uid=7b5b8ef7-a2a2-4fe9-a3e1-74acd17bd88f restarts=6 usage_cpu=308m usage_mem=36Mi request_cpu=296m request_mem=250Mi limit_cpu=none limit_mem=none vpa_target_cpu=350m vpa_target_mem=250Mi vpa_uncapped_cpu=350m vpa_uncapped_mem=250Mi vpa_lower_cpu=153m vpa_lower_mem=250Mi vpa_upper_cpu=1500m vpa_upper_mem=512Mi
[2026-08-22T00:31:46+02:00] UPF_CONTROL_SAMPLE timestamp=2026-08-22T00:31:45+02:00 scenario=ue_21 pod=open5gs-upf-5b9db6d44-nsbqz uid=7b5b8ef7-a2a2-4fe9-a3e1-74acd17bd88f restarts=6 usage_cpu=308m usage_mem=36Mi request_cpu=296m request_mem=250Mi limit_cpu=none limit_mem=none vpa_target_cpu=350m vpa_target_mem=250Mi vpa_uncapped_cpu=350m vpa_uncapped_mem=250Mi vpa_lower_cpu=153m vpa_lower_mem=250Mi vpa_upper_cpu=1500m vpa_upper_mem=512Mi
[2026-08-22T00:31:48+02:00] UPF_CONTROL_SAMPLE timestamp=2026-08-22T00:31:47+02:00 scenario=ue_21 pod=open5gs-upf-5b9db6d44-nsbqz uid=7b5b8ef7-a2a2-4fe9-a3e1-74acd17bd88f restarts=6 usage_cpu=308m usage_mem=36Mi request_cpu=296m request_mem=250Mi limit_cpu=none limit_mem=none vpa_target_cpu=350m vpa_target_mem=250Mi vpa_uncapped_cpu=350m vpa_uncapped_mem=250Mi vpa_lower_cpu=153m vpa_lower_mem=250Mi vpa_upper_cpu=1500m vpa_upper_mem=512Mi
[2026-08-22T00:31:50+02:00] UPF_CONTROL_SAMPLE timestamp=2026-08-22T00:31:49+02:00 scenario=ue_21 pod=open5gs-upf-5b9db6d44-nsbqz uid=7b5b8ef7-a2a2-4fe9-a3e1-74acd17bd88f restarts=6 usage_cpu=308m usage_mem=36Mi request_cpu=296m request_mem=250Mi limit_cpu=none limit_mem=none vpa_target_cpu=350m vpa_target_mem=250Mi vpa_uncapped_cpu=350m vpa_uncapped_mem=250Mi vpa_lower_cpu=153m vpa_lower_mem=250Mi vpa_upper_cpu=1500m vpa_upper_mem=512Mi
[2026-08-22T00:31:53+02:00] UPF_CONTROL_SAMPLE timestamp=2026-08-22T00:31:51+02:00 scenario=ue_21 pod=open5gs-upf-5b9db6d44-nsbqz uid=7b5b8ef7-a2a2-4fe9-a3e1-74acd17bd88f restarts=6 usage_cpu=308m usage_mem=36Mi request_cpu=296m request_mem=250Mi limit_cpu=none limit_mem=none vpa_target_cpu=350m vpa_target_mem=250Mi vpa_uncapped_cpu=350m vpa_uncapped_mem=250Mi vpa_lower_cpu=153m vpa_lower_mem=250Mi vpa_upper_cpu=1500m vpa_upper_mem=512Mi
[2026-08-22T00:31:55+02:00] UPF_CONTROL_SAMPLE timestamp=2026-08-22T00:31:54+02:00 scenario=ue_21 pod=open5gs-upf-5b9db6d44-nsbqz uid=7b5b8ef7-a2a2-4fe9-a3e1-74acd17bd88f restarts=6 usage_cpu=308m usage_mem=36Mi request_cpu=296m request_mem=250Mi limit_cpu=none limit_mem=none vpa_target_cpu=350m vpa_target_mem=250Mi vpa_uncapped_cpu=350m vpa_uncapped_mem=250Mi vpa_lower_cpu=153m vpa_lower_mem=250Mi vpa_upper_cpu=1500m vpa_upper_mem=512Mi
[2026-08-22T00:31:57+02:00] UPF_CONTROL_SAMPLE timestamp=2026-08-22T00:31:56+02:00 scenario=ue_21 pod=open5gs-upf-5b9db6d44-nsbqz uid=7b5b8ef7-a2a2-4fe9-a3e1-74acd17bd88f restarts=6 usage_cpu=324m usage_mem=36Mi request_cpu=296m request_mem=250Mi limit_cpu=none limit_mem=none vpa_target_cpu=350m vpa_target_mem=250Mi vpa_uncapped_cpu=350m vpa_uncapped_mem=250Mi vpa_lower_cpu=153m vpa_lower_mem=250Mi vpa_upper_cpu=1500m vpa_upper_mem=512Mi
[2026-08-22T00:32:00+02:00] UPF_CONTROL_SAMPLE timestamp=2026-08-22T00:31:58+02:00 scenario=ue_21 pod=open5gs-upf-5b9db6d44-nsbqz uid=7b5b8ef7-a2a2-4fe9-a3e1-74acd17bd88f restarts=6 usage_cpu=324m usage_mem=36Mi request_cpu=296m request_mem=250Mi limit_cpu=none limit_mem=none vpa_target_cpu=350m vpa_target_mem=250Mi vpa_uncapped_cpu=350m vpa_uncapped_mem=250Mi vpa_lower_cpu=153m vpa_lower_mem=250Mi vpa_upper_cpu=1500m vpa_upper_mem=512Mi
[2026-08-22T00:32:02+02:00] UPF_CONTROL_SAMPLE timestamp=2026-08-22T00:32:01+02:00 scenario=ue_21 pod=open5gs-upf-5b9db6d44-nsbqz uid=7b5b8ef7-a2a2-4fe9-a3e1-74acd17bd88f restarts=6 usage_cpu=324m usage_mem=36Mi request_cpu=296m request_mem=250Mi limit_cpu=none limit_mem=none vpa_target_cpu=350m vpa_target_mem=250Mi vpa_uncapped_cpu=350m vpa_uncapped_mem=250Mi vpa_lower_cpu=153m vpa_lower_mem=250Mi vpa_upper_cpu=1500m vpa_upper_mem=512Mi
[2026-08-22T00:32:04+02:00] UPF_CONTROL_SAMPLE timestamp=2026-08-22T00:32:03+02:00 scenario=ue_21 pod=open5gs-upf-5b9db6d44-nsbqz uid=7b5b8ef7-a2a2-4fe9-a3e1-74acd17bd88f restarts=6 usage_cpu=324m usage_mem=36Mi request_cpu=296m request_mem=250Mi limit_cpu=none limit_mem=none vpa_target_cpu=350m vpa_target_mem=250Mi vpa_uncapped_cpu=350m vpa_uncapped_mem=250Mi vpa_lower_cpu=153m vpa_lower_mem=250Mi vpa_upper_cpu=1500m vpa_upper_mem=512Mi
[2026-08-22T00:32:07+02:00] UPF_CONTROL_SAMPLE timestamp=2026-08-22T00:32:06+02:00 scenario=ue_21 pod=open5gs-upf-5b9db6d44-nsbqz uid=7b5b8ef7-a2a2-4fe9-a3e1-74acd17bd88f restarts=6 usage_cpu=324m usage_mem=36Mi request_cpu=296m request_mem=250Mi limit_cpu=none limit_mem=none vpa_target_cpu=350m vpa_target_mem=250Mi vpa_uncapped_cpu=350m vpa_uncapped_mem=250Mi vpa_lower_cpu=153m vpa_lower_mem=250Mi vpa_upper_cpu=1500m vpa_upper_mem=512Mi
[2026-08-22T00:32:09+02:00] UPF_CONTROL_SAMPLE timestamp=2026-08-22T00:32:08+02:00 scenario=ue_21 pod=open5gs-upf-5b9db6d44-nsbqz uid=7b5b8ef7-a2a2-4fe9-a3e1-74acd17bd88f restarts=6 usage_cpu=324m usage_mem=36Mi request_cpu=296m request_mem=250Mi limit_cpu=none limit_mem=none vpa_target_cpu=350m vpa_target_mem=250Mi vpa_uncapped_cpu=350m vpa_uncapped_mem=250Mi vpa_lower_cpu=153m vpa_lower_mem=250Mi vpa_upper_cpu=1500m vpa_upper_mem=512Mi
[2026-08-22T00:32:11+02:00] UPF_CONTROL_SAMPLE timestamp=2026-08-22T00:32:10+02:00 scenario=ue_21 pod=open5gs-upf-5b9db6d44-nsbqz uid=7b5b8ef7-a2a2-4fe9-a3e1-74acd17bd88f restarts=6 usage_cpu=323m usage_mem=36Mi request_cpu=296m request_mem=250Mi limit_cpu=none limit_mem=none vpa_target_cpu=350m vpa_target_mem=250Mi vpa_uncapped_cpu=350m vpa_uncapped_mem=250Mi vpa_lower_cpu=153m vpa_lower_mem=250Mi vpa_upper_cpu=1500m vpa_upper_mem=512Mi
[2026-08-22T00:32:14+02:00] UPF_CONTROL_SAMPLE timestamp=2026-08-22T00:32:12+02:00 scenario=ue_21 pod=open5gs-upf-5b9db6d44-nsbqz uid=7b5b8ef7-a2a2-4fe9-a3e1-74acd17bd88f restarts=6 usage_cpu=323m usage_mem=36Mi request_cpu=296m request_mem=250Mi limit_cpu=none limit_mem=none vpa_target_cpu=350m vpa_target_mem=250Mi vpa_uncapped_cpu=350m vpa_uncapped_mem=250Mi vpa_lower_cpu=153m vpa_lower_mem=250Mi vpa_upper_cpu=1500m vpa_upper_mem=512Mi
[2026-08-22T00:32:16+02:00] UPF_CONTROL_SAMPLE timestamp=2026-08-22T00:32:15+02:00 scenario=ue_21 pod=open5gs-upf-5b9db6d44-nsbqz uid=7b5b8ef7-a2a2-4fe9-a3e1-74acd17bd88f restarts=6 usage_cpu=323m usage_mem=36Mi request_cpu=296m request_mem=250Mi limit_cpu=none limit_mem=none vpa_target_cpu=350m vpa_target_mem=250Mi vpa_uncapped_cpu=350m vpa_uncapped_mem=250Mi vpa_lower_cpu=153m vpa_lower_mem=250Mi vpa_upper_cpu=1500m vpa_upper_mem=512Mi
[2026-08-22T00:32:19+02:00] UPF_CONTROL_SAMPLE timestamp=2026-08-22T00:32:17+02:00 scenario=ue_21 pod=open5gs-upf-5b9db6d44-nsbqz uid=7b5b8ef7-a2a2-4fe9-a3e1-74acd17bd88f restarts=6 usage_cpu=323m usage_mem=36Mi request_cpu=296m request_mem=250Mi limit_cpu=none limit_mem=none vpa_target_cpu=350m vpa_target_mem=250Mi vpa_uncapped_cpu=350m vpa_uncapped_mem=250Mi vpa_lower_cpu=153m vpa_lower_mem=250Mi vpa_upper_cpu=1500m vpa_upper_mem=512Mi
[2026-08-22T00:32:21+02:00] UPF_CONTROL_SAMPLE timestamp=2026-08-22T00:32:20+02:00 scenario=ue_21 pod=open5gs-upf-5b9db6d44-nsbqz uid=7b5b8ef7-a2a2-4fe9-a3e1-74acd17bd88f restarts=6 usage_cpu=323m usage_mem=36Mi request_cpu=296m request_mem=250Mi limit_cpu=none limit_mem=none vpa_target_cpu=350m vpa_target_mem=250Mi vpa_uncapped_cpu=350m vpa_uncapped_mem=250Mi vpa_lower_cpu=153m vpa_lower_mem=250Mi vpa_upper_cpu=1500m vpa_upper_mem=512Mi
[2026-08-22T00:32:23+02:00] UE_SLOT_DONE timestamp=2026-08-21T22:32:23+00:00 active_ues=21 slot=0 attempt=1 ue_idx=0 ue_if=uesimtun0 ue_ip=10.45.1.46 port=5201 rc=0 replacements_for_slot=0 server_busy_retries_for_slot=0
[2026-08-22T00:32:23+02:00] UE_SLOT_DONE timestamp=2026-08-21T22:32:23+00:00 active_ues=21 slot=1 attempt=1 ue_idx=1 ue_if=uesimtun1 ue_ip=10.45.1.47 port=5202 rc=0 replacements_for_slot=0 server_busy_retries_for_slot=0
[2026-08-22T00:32:23+02:00] UE_SLOT_DONE timestamp=2026-08-21T22:32:23+00:00 active_ues=21 slot=2 attempt=1 ue_idx=2 ue_if=uesimtun2 ue_ip=10.45.1.48 port=5203 rc=0 replacements_for_slot=0 server_busy_retries_for_slot=0
[2026-08-22T00:32:23+02:00] UE_SLOT_DONE timestamp=2026-08-21T22:32:23+00:00 active_ues=21 slot=3 attempt=1 ue_idx=3 ue_if=uesimtun3 ue_ip=10.45.1.49 port=5204 rc=0 replacements_for_slot=0 server_busy_retries_for_slot=0
[2026-08-22T00:32:23+02:00] UE_SLOT_DONE timestamp=2026-08-21T22:32:23+00:00 active_ues=21 slot=4 attempt=1 ue_idx=4 ue_if=uesimtun4 ue_ip=10.45.1.51 port=5205 rc=0 replacements_for_slot=0 server_busy_retries_for_slot=0
[2026-08-22T00:32:23+02:00] UPF_CONTROL_SAMPLE timestamp=2026-08-22T00:32:22+02:00 scenario=ue_21 pod=open5gs-upf-5b9db6d44-nsbqz uid=7b5b8ef7-a2a2-4fe9-a3e1-74acd17bd88f restarts=6 usage_cpu=323m usage_mem=36Mi request_cpu=296m request_mem=250Mi limit_cpu=none limit_mem=none vpa_target_cpu=350m vpa_target_mem=250Mi vpa_uncapped_cpu=350m vpa_uncapped_mem=250Mi vpa_lower_cpu=153m vpa_lower_mem=250Mi vpa_upper_cpu=1500m vpa_upper_mem=512Mi
[2026-08-22T00:32:23+02:00] UE_SLOT_DONE timestamp=2026-08-21T22:32:23+00:00 active_ues=21 slot=5 attempt=1 ue_idx=5 ue_if=uesimtun5 ue_ip=10.45.1.52 port=5206 rc=0 replacements_for_slot=0 server_busy_retries_for_slot=0
[2026-08-22T00:32:23+02:00] UE_SLOT_DONE timestamp=2026-08-21T22:32:23+00:00 active_ues=21 slot=6 attempt=1 ue_idx=6 ue_if=uesimtun6 ue_ip=10.45.1.53 port=5207 rc=0 replacements_for_slot=0 server_busy_retries_for_slot=0
[2026-08-22T00:32:23+02:00] UE_SLOT_DONE timestamp=2026-08-21T22:32:23+00:00 active_ues=21 slot=7 attempt=1 ue_idx=7 ue_if=uesimtun7 ue_ip=10.45.1.54 port=5208 rc=0 replacements_for_slot=0 server_busy_retries_for_slot=0
[2026-08-22T00:32:25+02:00] UE_SLOT_DONE timestamp=2026-08-21T22:32:25+00:00 active_ues=21 slot=8 attempt=1 ue_idx=8 ue_if=uesimtun8 ue_ip=10.45.1.56 port=5209 rc=0 replacements_for_slot=0 server_busy_retries_for_slot=0
[2026-08-22T00:32:25+02:00] UE_SLOT_DONE timestamp=2026-08-21T22:32:25+00:00 active_ues=21 slot=9 attempt=1 ue_idx=9 ue_if=uesimtun9 ue_ip=10.45.1.57 port=5210 rc=0 replacements_for_slot=0 server_busy_retries_for_slot=0
[2026-08-22T00:32:25+02:00] UE_SLOT_DONE timestamp=2026-08-21T22:32:25+00:00 active_ues=21 slot=10 attempt=1 ue_idx=10 ue_if=uesimtun10 ue_ip=10.45.1.50 port=5211 rc=0 replacements_for_slot=0 server_busy_retries_for_slot=0
[2026-08-22T00:32:25+02:00] UE_SLOT_DONE timestamp=2026-08-21T22:32:25+00:00 active_ues=21 slot=11 attempt=1 ue_idx=11 ue_if=uesimtun11 ue_ip=10.45.1.60 port=5212 rc=0 replacements_for_slot=0 server_busy_retries_for_slot=0
[2026-08-22T00:32:25+02:00] UE_SLOT_DONE timestamp=2026-08-21T22:32:25+00:00 active_ues=21 slot=12 attempt=1 ue_idx=12 ue_if=uesimtun12 ue_ip=10.45.1.55 port=5213 rc=0 replacements_for_slot=0 server_busy_retries_for_slot=0
[2026-08-22T00:32:25+02:00] UE_SLOT_DONE timestamp=2026-08-21T22:32:25+00:00 active_ues=21 slot=13 attempt=1 ue_idx=13 ue_if=uesimtun13 ue_ip=10.45.1.62 port=5214 rc=0 replacements_for_slot=0 server_busy_retries_for_slot=0
[2026-08-22T00:32:25+02:00] UE_SLOT_DONE timestamp=2026-08-21T22:32:25+00:00 active_ues=21 slot=14 attempt=1 ue_idx=14 ue_if=uesimtun14 ue_ip=10.45.1.66 port=5215 rc=0 replacements_for_slot=0 server_busy_retries_for_slot=0
[2026-08-22T00:32:25+02:00] UE_SLOT_DONE timestamp=2026-08-21T22:32:25+00:00 active_ues=21 slot=15 attempt=1 ue_idx=15 ue_if=uesimtun15 ue_ip=10.45.1.64 port=5216 rc=0 replacements_for_slot=0 server_busy_retries_for_slot=0
[2026-08-22T00:32:26+02:00] UPF_CONTROL_SAMPLE timestamp=2026-08-22T00:32:24+02:00 scenario=ue_21 pod=open5gs-upf-5b9db6d44-nsbqz uid=7b5b8ef7-a2a2-4fe9-a3e1-74acd17bd88f restarts=6 usage_cpu=335m usage_mem=36Mi request_cpu=296m request_mem=250Mi limit_cpu=none limit_mem=none vpa_target_cpu=350m vpa_target_mem=250Mi vpa_uncapped_cpu=350m vpa_uncapped_mem=250Mi vpa_lower_cpu=153m vpa_lower_mem=250Mi vpa_upper_cpu=1500m vpa_upper_mem=512Mi
[2026-08-22T00:32:27+02:00] UE_SLOT_DONE timestamp=2026-08-21T22:32:27+00:00 active_ues=21 slot=16 attempt=1 ue_idx=16 ue_if=uesimtun16 ue_ip=10.45.1.68 port=5217 rc=0 replacements_for_slot=0 server_busy_retries_for_slot=0
[2026-08-22T00:32:27+02:00] UE_SLOT_DONE timestamp=2026-08-21T22:32:27+00:00 active_ues=21 slot=17 attempt=1 ue_idx=17 ue_if=uesimtun17 ue_ip=10.45.1.69 port=5218 rc=0 replacements_for_slot=0 server_busy_retries_for_slot=0
[2026-08-22T00:32:27+02:00] UE_SLOT_DONE timestamp=2026-08-21T22:32:27+00:00 active_ues=21 slot=18 attempt=1 ue_idx=18 ue_if=uesimtun18 ue_ip=10.45.1.71 port=5219 rc=0 replacements_for_slot=0 server_busy_retries_for_slot=0
[2026-08-22T00:32:27+02:00] UE_SLOT_DONE timestamp=2026-08-21T22:32:27+00:00 active_ues=21 slot=19 attempt=1 ue_idx=19 ue_if=uesimtun19 ue_ip=10.45.1.72 port=5220 rc=0 replacements_for_slot=0 server_busy_retries_for_slot=0
[2026-08-22T00:32:27+02:00] UE_SLOT_DONE timestamp=2026-08-21T22:32:27+00:00 active_ues=21 slot=20 attempt=1 ue_idx=20 ue_if=uesimtun20 ue_ip=10.45.1.74 port=5221 rc=0 replacements_for_slot=0 server_busy_retries_for_slot=0
[2026-08-22T00:32:28+02:00] TRAFFIC_SUMMARY timestamp=2026-08-21T22:32:28+00:00 registered_tunnels=50 active_ues=21 target_slots=21 completed_slots=21 final_failed_slots=0 replacements=0 problematic_ues=0 zombie_ues=0 connect_timeouts=0 stalls=0 deferred_stalls=0 process_failures=0 server_busy_retries=0 server_busy_failures=0 late_timeouts_accepted=0 scenario_bad_ues=0 global_suspect_ues=0 used_ues=21 target_host=192.168.1.211 initial_ports=5201-5221 replacement_ports=5251-5265 bitrate=1M start_delay=0.05 detection=no_rx_counter replacement_min_duration_s=5 adaptive_extension_max_s=1 iperf_exit_grace_s=3 server_busy_retries_limit=1 server_busy_retry_delay_s=2 late_replacement_after_end=disabled wait_for_iperf_exit=until_timeout global_suspect_policy=soft_reuse ramp_supervision=after_initial_start
[2026-08-22T00:32:28+02:00] UPF_REQUEST_CHANGE timestamp=2026-08-22T00:32:27+02:00 scenario=ue_21 pod=open5gs-upf-5b9db6d44-nsbqz uid=7b5b8ef7-a2a2-4fe9-a3e1-74acd17bd88f restarts=6 old='request_cpu=296m request_mem=250Mi limit_cpu=none limit_mem=none' new='request_cpu=350m request_mem=250Mi limit_cpu=none limit_mem=none' previous_5s_sample='timestamp=2026-08-22T00:32:22+02:00 scenario=ue_21 pod=open5gs-upf-5b9db6d44-nsbqz uid=7b5b8ef7-a2a2-4fe9-a3e1-74acd17bd88f restarts=6 usage_cpu=323m usage_mem=36Mi request_cpu=296m request_mem=250Mi limit_cpu=none limit_mem=none vpa_target_cpu=350m vpa_target_mem=250Mi vpa_uncapped_cpu=350m vpa_uncapped_mem=250Mi vpa_lower_cpu=153m vpa_lower_mem=250Mi vpa_upper_cpu=1500m vpa_upper_mem=512Mi' current_sample='timestamp=2026-08-22T00:32:27+02:00 scenario=ue_21 pod=open5gs-upf-5b9db6d44-nsbqz uid=7b5b8ef7-a2a2-4fe9-a3e1-74acd17bd88f restarts=6 usage_cpu=335m usage_mem=36Mi request_cpu=350m request_mem=250Mi limit_cpu=none limit_mem=none vpa_target_cpu=350m vpa_target_mem=250Mi vpa_uncapped_cpu=350m vpa_uncapped_mem=250Mi vpa_lower_cpu=153m vpa_lower_mem=250Mi vpa_upper_cpu=1500m vpa_upper_mem=512Mi'
[2026-08-22T00:32:28+02:00] UPF_CONTROL_SAMPLE timestamp=2026-08-22T00:32:27+02:00 scenario=ue_21 pod=open5gs-upf-5b9db6d44-nsbqz uid=7b5b8ef7-a2a2-4fe9-a3e1-74acd17bd88f restarts=6 usage_cpu=335m usage_mem=36Mi request_cpu=350m request_mem=250Mi limit_cpu=none limit_mem=none vpa_target_cpu=350m vpa_target_mem=250Mi vpa_uncapped_cpu=350m vpa_uncapped_mem=250Mi vpa_lower_cpu=153m vpa_lower_mem=250Mi vpa_upper_cpu=1500m vpa_upper_mem=512Mi
[2026-08-22T00:32:28+02:00] UE_POOL_SCENARIO_BAD_CURRENT timestamp=2026-08-21T22:32:28+00:00 active_ues=21 indexes=
[2026-08-22T00:32:28+02:00] UE_POOL_GLOBAL_SUSPECT_CURRENT timestamp=2026-08-21T22:32:28+00:00 active_ues=21 indexes=
[2026-08-22T00:32:28+02:00] REMOTE_IPERF_PER_UE_END timestamp=2026-08-21T22:32:28+00:00 active_ues=21 tag=ue_21 final_rc=0 completed_slots=21 replacements=0 problematic_ues=0 server_busy_retries=0 deferred_stalls=0 late_timeouts_accepted=0
[2026-08-22T00:32:28+02:00] SCENARIO TRAFFIC COMMAND END timestamp=2026-08-22T00:32:28+02:00 active_ue=21 rc=0
[2026-08-22T00:32:29+02:00] SCENARIO UPF AFTER timestamp=2026-08-22T00:32:29+02:00 active_ue=21 pod=open5gs-upf-5b9db6d44-nsbqz uid=7b5b8ef7-a2a2-4fe9-a3e1-74acd17bd88f restarts=6
[2026-08-22T00:32:29+02:00] SCENARIO END timestamp=2026-08-22T00:32:29+02:00 active_ue=21 rc=0
[2026-08-22T00:32:29+02:00] ================================================================
[2026-08-22T00:32:29+02:00] SCENARIO START timestamp=2026-08-22T00:32:29+02:00 active_ue=23 registered_ue_pool=50 target_host=192.168.1.211 ports=5201-5223 replacement_ports=5251-5265 bitrate_per_ue=1M start_delay=0.05 replacement_min_duration=5 adaptive_extension_max=1
[2026-08-22T00:32:29+02:00] ================================================================
[2026-08-22T00:32:29+02:00] SCENARIO TUNNEL CHECK timestamp=2026-08-22T00:32:29+02:00 active_ue=23 current_tunnels=50 required=50
[2026-08-22T00:32:30+02:00] SCENARIO UPF BEFORE timestamp=2026-08-22T00:32:30+02:00 active_ue=23 pod=open5gs-upf-5b9db6d44-nsbqz uid=7b5b8ef7-a2a2-4fe9-a3e1-74acd17bd88f restarts=6
[2026-08-22T00:32:31+02:00] UPF_CONTROL_SAMPLE timestamp=2026-08-22T00:32:29+02:00 scenario=ue_23 pod=open5gs-upf-5b9db6d44-nsbqz uid=7b5b8ef7-a2a2-4fe9-a3e1-74acd17bd88f restarts=6 usage_cpu=335m usage_mem=36Mi request_cpu=350m request_mem=250Mi limit_cpu=none limit_mem=none vpa_target_cpu=350m vpa_target_mem=250Mi vpa_uncapped_cpu=350m vpa_uncapped_mem=250Mi vpa_lower_cpu=153m vpa_lower_mem=250Mi vpa_upper_cpu=1500m vpa_upper_mem=512Mi
[2026-08-22T00:32:31+02:00] REMOTE_IPERF_PER_UE_START timestamp=2026-08-21T22:32:31+00:00 active_ues=23 tag=ue_23 iperf_host=192.168.1.211 base_port=5201 replacement_base_port=5251 duration=80 bitrate=1M start_delay=0.05 detection=no_rx_counter connect_timeout_s=4 stall_seconds=5 replacement_limit=15 replacement_min_duration_s=5 adaptive_extension_max_s=1 iperf_exit_grace_s=3 server_busy_port_rebinds=1 late_replacement_after_end=disabled wait_for_iperf_exit=until_timeout global_suspect_policy=soft_reuse ramp_supervision=after_initial_start
[2026-08-22T00:32:31+02:00] UE_POOL_STATUS timestamp=2026-08-21T22:32:31+00:00 active_ues=23 registered_tunnels=50 existing_global_suspect_ues=0 used_ues=0 policy=soft_reuse_global_suspects
[2026-08-22T00:32:31+02:00] UE_SLOT_ASSIGN timestamp=2026-08-21T22:32:31+00:00 active_ues=23 slot=0 ue_idx=0 ue_if=uesimtun0 ue_ip=10.45.1.46 candidate_reused_global_suspect=0
[2026-08-22T00:32:31+02:00] UE_SLOT_START timestamp=2026-08-21T22:32:31+00:00 active_ues=23 slot=0 attempt=1 ue_idx=0 ue_if=uesimtun0 ue_ip=10.45.1.46 target=192.168.1.211:5201 bitrate=1M duration_s=80 planned_end_epoch=1787351631 timeout_s=90 hard_timeout_epoch=1787351646 start_rx_bytes=968521
[2026-08-22T00:32:31+02:00] UE_SLOT_PID timestamp=2026-08-21T22:32:31+00:00 active_ues=23 slot=0 attempt=1 ue_idx=0 pid=30170
[2026-08-22T00:32:31+02:00] UE_SLOT_ASSIGN timestamp=2026-08-21T22:32:31+00:00 active_ues=23 slot=1 ue_idx=1 ue_if=uesimtun1 ue_ip=10.45.1.47 candidate_reused_global_suspect=0
[2026-08-22T00:32:31+02:00] UE_SLOT_START timestamp=2026-08-21T22:32:31+00:00 active_ues=23 slot=1 attempt=1 ue_idx=1 ue_if=uesimtun1 ue_ip=10.45.1.47 target=192.168.1.211:5202 bitrate=1M duration_s=80 planned_end_epoch=1787351631 timeout_s=90 hard_timeout_epoch=1787351646 start_rx_bytes=870091
[2026-08-22T00:32:31+02:00] UE_SLOT_PID timestamp=2026-08-21T22:32:31+00:00 active_ues=23 slot=1 attempt=1 ue_idx=1 pid=30195
[2026-08-22T00:32:31+02:00] UE_SLOT_ASSIGN timestamp=2026-08-21T22:32:31+00:00 active_ues=23 slot=2 ue_idx=2 ue_if=uesimtun2 ue_ip=10.45.1.48 candidate_reused_global_suspect=0
[2026-08-22T00:32:31+02:00] UE_SLOT_START timestamp=2026-08-21T22:32:31+00:00 active_ues=23 slot=2 attempt=1 ue_idx=2 ue_if=uesimtun2 ue_ip=10.45.1.48 target=192.168.1.211:5203 bitrate=1M duration_s=80 planned_end_epoch=1787351631 timeout_s=90 hard_timeout_epoch=1787351646 start_rx_bytes=876436
[2026-08-22T00:32:31+02:00] UE_SLOT_PID timestamp=2026-08-21T22:32:31+00:00 active_ues=23 slot=2 attempt=1 ue_idx=2 pid=30220
[2026-08-22T00:32:32+02:00] UE_SLOT_ASSIGN timestamp=2026-08-21T22:32:32+00:00 active_ues=23 slot=3 ue_idx=3 ue_if=uesimtun3 ue_ip=10.45.1.49 candidate_reused_global_suspect=0
[2026-08-22T00:32:32+02:00] UE_SLOT_START timestamp=2026-08-21T22:32:32+00:00 active_ues=23 slot=3 attempt=1 ue_idx=3 ue_if=uesimtun3 ue_ip=10.45.1.49 target=192.168.1.211:5204 bitrate=1M duration_s=80 planned_end_epoch=1787351632 timeout_s=90 hard_timeout_epoch=1787351647 start_rx_bytes=793662
[2026-08-22T00:32:32+02:00] UE_SLOT_PID timestamp=2026-08-21T22:32:32+00:00 active_ues=23 slot=3 attempt=1 ue_idx=3 pid=30245
[2026-08-22T00:32:32+02:00] UE_SLOT_ASSIGN timestamp=2026-08-21T22:32:32+00:00 active_ues=23 slot=4 ue_idx=4 ue_if=uesimtun4 ue_ip=10.45.1.51 candidate_reused_global_suspect=0
[2026-08-22T00:32:32+02:00] UE_SLOT_START timestamp=2026-08-21T22:32:32+00:00 active_ues=23 slot=4 attempt=1 ue_idx=4 ue_if=uesimtun4 ue_ip=10.45.1.51 target=192.168.1.211:5205 bitrate=1M duration_s=80 planned_end_epoch=1787351632 timeout_s=90 hard_timeout_epoch=1787351647 start_rx_bytes=787674
[2026-08-22T00:32:32+02:00] UE_SLOT_PID timestamp=2026-08-21T22:32:32+00:00 active_ues=23 slot=4 attempt=1 ue_idx=4 pid=30270
[2026-08-22T00:32:32+02:00] UE_SLOT_ASSIGN timestamp=2026-08-21T22:32:32+00:00 active_ues=23 slot=5 ue_idx=5 ue_if=uesimtun5 ue_ip=10.45.1.52 candidate_reused_global_suspect=0
[2026-08-22T00:32:32+02:00] UE_SLOT_START timestamp=2026-08-21T22:32:32+00:00 active_ues=23 slot=5 attempt=1 ue_idx=5 ue_if=uesimtun5 ue_ip=10.45.1.52 target=192.168.1.211:5206 bitrate=1M duration_s=80 planned_end_epoch=1787351632 timeout_s=90 hard_timeout_epoch=1787351647 start_rx_bytes=662173
[2026-08-22T00:32:32+02:00] UE_SLOT_PID timestamp=2026-08-21T22:32:32+00:00 active_ues=23 slot=5 attempt=1 ue_idx=5 pid=30295
[2026-08-22T00:32:32+02:00] UE_SLOT_ASSIGN timestamp=2026-08-21T22:32:32+00:00 active_ues=23 slot=6 ue_idx=6 ue_if=uesimtun6 ue_ip=10.45.1.53 candidate_reused_global_suspect=0
[2026-08-22T00:32:32+02:00] UE_SLOT_START timestamp=2026-08-21T22:32:32+00:00 active_ues=23 slot=6 attempt=1 ue_idx=6 ue_if=uesimtun6 ue_ip=10.45.1.53 target=192.168.1.211:5207 bitrate=1M duration_s=80 planned_end_epoch=1787351632 timeout_s=90 hard_timeout_epoch=1787351647 start_rx_bytes=678476
[2026-08-22T00:32:32+02:00] UE_SLOT_PID timestamp=2026-08-21T22:32:32+00:00 active_ues=23 slot=6 attempt=1 ue_idx=6 pid=30320
[2026-08-22T00:32:33+02:00] UE_SLOT_ASSIGN timestamp=2026-08-21T22:32:33+00:00 active_ues=23 slot=7 ue_idx=7 ue_if=uesimtun7 ue_ip=10.45.1.54 candidate_reused_global_suspect=0
[2026-08-22T00:32:33+02:00] UE_SLOT_START timestamp=2026-08-21T22:32:33+00:00 active_ues=23 slot=7 attempt=1 ue_idx=7 ue_if=uesimtun7 ue_ip=10.45.1.54 target=192.168.1.211:5208 bitrate=1M duration_s=80 planned_end_epoch=1787351633 timeout_s=90 hard_timeout_epoch=1787351648 start_rx_bytes=596440
[2026-08-22T00:32:33+02:00] UE_SLOT_PID timestamp=2026-08-21T22:32:33+00:00 active_ues=23 slot=7 attempt=1 ue_idx=7 pid=30345
[2026-08-22T00:32:33+02:00] UE_SLOT_ASSIGN timestamp=2026-08-21T22:32:33+00:00 active_ues=23 slot=8 ue_idx=8 ue_if=uesimtun8 ue_ip=10.45.1.56 candidate_reused_global_suspect=0
[2026-08-22T00:32:33+02:00] UE_SLOT_START timestamp=2026-08-21T22:32:33+00:00 active_ues=23 slot=8 attempt=1 ue_idx=8 ue_if=uesimtun8 ue_ip=10.45.1.56 target=192.168.1.211:5209 bitrate=1M duration_s=80 planned_end_epoch=1787351633 timeout_s=90 hard_timeout_epoch=1787351648 start_rx_bytes=603365
[2026-08-22T00:32:33+02:00] UE_SLOT_PID timestamp=2026-08-21T22:32:33+00:00 active_ues=23 slot=8 attempt=1 ue_idx=8 pid=30370
[2026-08-22T00:32:33+02:00] UE_SLOT_ASSIGN timestamp=2026-08-21T22:32:33+00:00 active_ues=23 slot=9 ue_idx=9 ue_if=uesimtun9 ue_ip=10.45.1.57 candidate_reused_global_suspect=0
[2026-08-22T00:32:33+02:00] UE_SLOT_START timestamp=2026-08-21T22:32:33+00:00 active_ues=23 slot=9 attempt=1 ue_idx=9 ue_if=uesimtun9 ue_ip=10.45.1.57 target=192.168.1.211:5210 bitrate=1M duration_s=80 planned_end_epoch=1787351633 timeout_s=90 hard_timeout_epoch=1787351648 start_rx_bytes=522411
[2026-08-22T00:32:33+02:00] UE_SLOT_PID timestamp=2026-08-21T22:32:33+00:00 active_ues=23 slot=9 attempt=1 ue_idx=9 pid=30395
[2026-08-22T00:32:33+02:00] VPA_RECOMMENDATION_CHANGE timestamp=2026-08-22T00:32:32+02:00 scenario=ue_23 old='vpa_target_cpu=350m vpa_target_mem=250Mi vpa_uncapped_cpu=350m vpa_uncapped_mem=250Mi vpa_lower_cpu=153m vpa_lower_mem=250Mi vpa_upper_cpu=1500m vpa_upper_mem=512Mi' new='vpa_target_cpu=379m vpa_target_mem=250Mi vpa_uncapped_cpu=379m vpa_uncapped_mem=250Mi vpa_lower_cpu=154m vpa_lower_mem=250Mi vpa_upper_cpu=1500m vpa_upper_mem=512Mi' previous_5s_sample='timestamp=2026-08-22T00:32:27+02:00 scenario=ue_21 pod=open5gs-upf-5b9db6d44-nsbqz uid=7b5b8ef7-a2a2-4fe9-a3e1-74acd17bd88f restarts=6 usage_cpu=335m usage_mem=36Mi request_cpu=350m request_mem=250Mi limit_cpu=none limit_mem=none vpa_target_cpu=350m vpa_target_mem=250Mi vpa_uncapped_cpu=350m vpa_uncapped_mem=250Mi vpa_lower_cpu=153m vpa_lower_mem=250Mi vpa_upper_cpu=1500m vpa_upper_mem=512Mi' current_sample='timestamp=2026-08-22T00:32:32+02:00 scenario=ue_23 pod=open5gs-upf-5b9db6d44-nsbqz uid=7b5b8ef7-a2a2-4fe9-a3e1-74acd17bd88f restarts=6 usage_cpu=335m usage_mem=36Mi request_cpu=350m request_mem=250Mi limit_cpu=none limit_mem=none vpa_target_cpu=379m vpa_target_mem=250Mi vpa_uncapped_cpu=379m vpa_uncapped_mem=250Mi vpa_lower_cpu=154m vpa_lower_mem=250Mi vpa_upper_cpu=1500m vpa_upper_mem=512Mi'
[2026-08-22T00:32:33+02:00] UPF_CONTROL_SAMPLE timestamp=2026-08-22T00:32:32+02:00 scenario=ue_23 pod=open5gs-upf-5b9db6d44-nsbqz uid=7b5b8ef7-a2a2-4fe9-a3e1-74acd17bd88f restarts=6 usage_cpu=335m usage_mem=36Mi request_cpu=350m request_mem=250Mi limit_cpu=none limit_mem=none vpa_target_cpu=379m vpa_target_mem=250Mi vpa_uncapped_cpu=379m vpa_uncapped_mem=250Mi vpa_lower_cpu=154m vpa_lower_mem=250Mi vpa_upper_cpu=1500m vpa_upper_mem=512Mi
[2026-08-22T00:32:33+02:00] UE_SLOT_ASSIGN timestamp=2026-08-21T22:32:33+00:00 active_ues=23 slot=10 ue_idx=10 ue_if=uesimtun10 ue_ip=10.45.1.50 candidate_reused_global_suspect=0
[2026-08-22T00:32:33+02:00] UE_SLOT_START timestamp=2026-08-21T22:32:33+00:00 active_ues=23 slot=10 attempt=1 ue_idx=10 ue_if=uesimtun10 ue_ip=10.45.1.50 target=192.168.1.211:5211 bitrate=1M duration_s=80 planned_end_epoch=1787351633 timeout_s=90 hard_timeout_epoch=1787351648 start_rx_bytes=526266
[2026-08-22T00:32:33+02:00] UE_SLOT_PID timestamp=2026-08-21T22:32:33+00:00 active_ues=23 slot=10 attempt=1 ue_idx=10 pid=30420
[2026-08-22T00:32:33+02:00] UE_SLOT_ASSIGN timestamp=2026-08-21T22:32:33+00:00 active_ues=23 slot=11 ue_idx=11 ue_if=uesimtun11 ue_ip=10.45.1.60 candidate_reused_global_suspect=0
[2026-08-22T00:32:34+02:00] UE_SLOT_START timestamp=2026-08-21T22:32:33+00:00 active_ues=23 slot=11 attempt=1 ue_idx=11 ue_if=uesimtun11 ue_ip=10.45.1.60 target=192.168.1.211:5212 bitrate=1M duration_s=80 planned_end_epoch=1787351633 timeout_s=90 hard_timeout_epoch=1787351648 start_rx_bytes=455806
[2026-08-22T00:32:34+02:00] UE_SLOT_PID timestamp=2026-08-21T22:32:33+00:00 active_ues=23 slot=11 attempt=1 ue_idx=11 pid=30445
[2026-08-22T00:32:34+02:00] UE_SLOT_ASSIGN timestamp=2026-08-21T22:32:34+00:00 active_ues=23 slot=12 ue_idx=12 ue_if=uesimtun12 ue_ip=10.45.1.55 candidate_reused_global_suspect=0
[2026-08-22T00:32:34+02:00] UE_SLOT_START timestamp=2026-08-21T22:32:34+00:00 active_ues=23 slot=12 attempt=1 ue_idx=12 ue_if=uesimtun12 ue_ip=10.45.1.55 target=192.168.1.211:5213 bitrate=1M duration_s=80 planned_end_epoch=1787351634 timeout_s=90 hard_timeout_epoch=1787351649 start_rx_bytes=452826
[2026-08-22T00:32:34+02:00] UE_SLOT_PID timestamp=2026-08-21T22:32:34+00:00 active_ues=23 slot=12 attempt=1 ue_idx=12 pid=30470
[2026-08-22T00:32:34+02:00] UE_SLOT_ASSIGN timestamp=2026-08-21T22:32:34+00:00 active_ues=23 slot=13 ue_idx=13 ue_if=uesimtun13 ue_ip=10.45.1.62 candidate_reused_global_suspect=0
[2026-08-22T00:32:34+02:00] UE_SLOT_START timestamp=2026-08-21T22:32:34+00:00 active_ues=23 slot=13 attempt=1 ue_idx=13 ue_if=uesimtun13 ue_ip=10.45.1.62 target=192.168.1.211:5214 bitrate=1M duration_s=80 planned_end_epoch=1787351634 timeout_s=90 hard_timeout_epoch=1787351649 start_rx_bytes=358246
[2026-08-22T00:32:34+02:00] UE_SLOT_PID timestamp=2026-08-21T22:32:34+00:00 active_ues=23 slot=13 attempt=1 ue_idx=13 pid=30495
[2026-08-22T00:32:34+02:00] UE_SLOT_ASSIGN timestamp=2026-08-21T22:32:34+00:00 active_ues=23 slot=14 ue_idx=14 ue_if=uesimtun14 ue_ip=10.45.1.66 candidate_reused_global_suspect=0
[2026-08-22T00:32:34+02:00] UE_SLOT_START timestamp=2026-08-21T22:32:34+00:00 active_ues=23 slot=14 attempt=1 ue_idx=14 ue_if=uesimtun14 ue_ip=10.45.1.66 target=192.168.1.211:5215 bitrate=1M duration_s=80 planned_end_epoch=1787351634 timeout_s=90 hard_timeout_epoch=1787351649 start_rx_bytes=374132
[2026-08-22T00:32:34+02:00] UE_SLOT_PID timestamp=2026-08-21T22:32:34+00:00 active_ues=23 slot=14 attempt=1 ue_idx=14 pid=30520
[2026-08-22T00:32:34+02:00] UE_SLOT_ASSIGN timestamp=2026-08-21T22:32:34+00:00 active_ues=23 slot=15 ue_idx=15 ue_if=uesimtun15 ue_ip=10.45.1.64 candidate_reused_global_suspect=0
[2026-08-22T00:32:34+02:00] UE_SLOT_START timestamp=2026-08-21T22:32:34+00:00 active_ues=23 slot=15 attempt=1 ue_idx=15 ue_if=uesimtun15 ue_ip=10.45.1.64 target=192.168.1.211:5216 bitrate=1M duration_s=80 planned_end_epoch=1787351634 timeout_s=90 hard_timeout_epoch=1787351649 start_rx_bytes=258034
[2026-08-22T00:32:34+02:00] UE_SLOT_PID timestamp=2026-08-21T22:32:34+00:00 active_ues=23 slot=15 attempt=1 ue_idx=15 pid=30545
[2026-08-22T00:32:35+02:00] UE_SLOT_ASSIGN timestamp=2026-08-21T22:32:35+00:00 active_ues=23 slot=16 ue_idx=16 ue_if=uesimtun16 ue_ip=10.45.1.68 candidate_reused_global_suspect=0
[2026-08-22T00:32:35+02:00] UE_SLOT_START timestamp=2026-08-21T22:32:35+00:00 active_ues=23 slot=16 attempt=1 ue_idx=16 ue_if=uesimtun16 ue_ip=10.45.1.68 target=192.168.1.211:5217 bitrate=1M duration_s=80 planned_end_epoch=1787351635 timeout_s=90 hard_timeout_epoch=1787351650 start_rx_bytes=261516
[2026-08-22T00:32:35+02:00] UE_SLOT_PID timestamp=2026-08-21T22:32:35+00:00 active_ues=23 slot=16 attempt=1 ue_idx=16 pid=30570
[2026-08-22T00:32:35+02:00] UE_SLOT_ASSIGN timestamp=2026-08-21T22:32:35+00:00 active_ues=23 slot=17 ue_idx=17 ue_if=uesimtun17 ue_ip=10.45.1.69 candidate_reused_global_suspect=0
[2026-08-22T00:32:35+02:00] UE_SLOT_START timestamp=2026-08-21T22:32:35+00:00 active_ues=23 slot=17 attempt=1 ue_idx=17 ue_if=uesimtun17 ue_ip=10.45.1.69 target=192.168.1.211:5218 bitrate=1M duration_s=80 planned_end_epoch=1787351635 timeout_s=90 hard_timeout_epoch=1787351650 start_rx_bytes=168190
[2026-08-22T00:32:35+02:00] UE_SLOT_PID timestamp=2026-08-21T22:32:35+00:00 active_ues=23 slot=17 attempt=1 ue_idx=17 pid=30595
[2026-08-22T00:32:35+02:00] UE_SLOT_ASSIGN timestamp=2026-08-21T22:32:35+00:00 active_ues=23 slot=18 ue_idx=18 ue_if=uesimtun18 ue_ip=10.45.1.71 candidate_reused_global_suspect=0
[2026-08-22T00:32:35+02:00] UE_SLOT_START timestamp=2026-08-21T22:32:35+00:00 active_ues=23 slot=18 attempt=1 ue_idx=18 ue_if=uesimtun18 ue_ip=10.45.1.71 target=192.168.1.211:5219 bitrate=1M duration_s=80 planned_end_epoch=1787351635 timeout_s=90 hard_timeout_epoch=1787351650 start_rx_bytes=175580
[2026-08-22T00:32:35+02:00] UE_SLOT_PID timestamp=2026-08-21T22:32:35+00:00 active_ues=23 slot=18 attempt=1 ue_idx=18 pid=30620
[2026-08-22T00:32:35+02:00] UE_SLOT_ASSIGN timestamp=2026-08-21T22:32:35+00:00 active_ues=23 slot=19 ue_idx=19 ue_if=uesimtun19 ue_ip=10.45.1.72 candidate_reused_global_suspect=0
[2026-08-22T00:32:35+02:00] UE_SLOT_START timestamp=2026-08-21T22:32:35+00:00 active_ues=23 slot=19 attempt=1 ue_idx=19 ue_if=uesimtun19 ue_ip=10.45.1.72 target=192.168.1.211:5220 bitrate=1M duration_s=80 planned_end_epoch=1787351635 timeout_s=90 hard_timeout_epoch=1787351650 start_rx_bytes=91339
[2026-08-22T00:32:35+02:00] UE_SLOT_PID timestamp=2026-08-21T22:32:35+00:00 active_ues=23 slot=19 attempt=1 ue_idx=19 pid=30645
[2026-08-22T00:32:35+02:00] UPF_CONTROL_SAMPLE timestamp=2026-08-22T00:32:34+02:00 scenario=ue_23 pod=open5gs-upf-5b9db6d44-nsbqz uid=7b5b8ef7-a2a2-4fe9-a3e1-74acd17bd88f restarts=6 usage_cpu=335m usage_mem=36Mi request_cpu=350m request_mem=250Mi limit_cpu=none limit_mem=none vpa_target_cpu=379m vpa_target_mem=250Mi vpa_uncapped_cpu=379m vpa_uncapped_mem=250Mi vpa_lower_cpu=154m vpa_lower_mem=250Mi vpa_upper_cpu=1500m vpa_upper_mem=512Mi
[2026-08-22T00:32:36+02:00] UE_SLOT_ASSIGN timestamp=2026-08-21T22:32:36+00:00 active_ues=23 slot=20 ue_idx=20 ue_if=uesimtun20 ue_ip=10.45.1.74 candidate_reused_global_suspect=0
[2026-08-22T00:32:36+02:00] UE_SLOT_START timestamp=2026-08-21T22:32:36+00:00 active_ues=23 slot=20 attempt=1 ue_idx=20 ue_if=uesimtun20 ue_ip=10.45.1.74 target=192.168.1.211:5221 bitrate=1M duration_s=80 planned_end_epoch=1787351636 timeout_s=90 hard_timeout_epoch=1787351651 start_rx_bytes=86720
[2026-08-22T00:32:36+02:00] UE_SLOT_PID timestamp=2026-08-21T22:32:36+00:00 active_ues=23 slot=20 attempt=1 ue_idx=20 pid=30670
[2026-08-22T00:32:36+02:00] UE_SLOT_ASSIGN timestamp=2026-08-21T22:32:36+00:00 active_ues=23 slot=21 ue_idx=21 ue_if=uesimtun21 ue_ip=10.45.1.76 candidate_reused_global_suspect=0
[2026-08-22T00:32:36+02:00] UE_SLOT_START timestamp=2026-08-21T22:32:36+00:00 active_ues=23 slot=21 attempt=1 ue_idx=21 ue_if=uesimtun21 ue_ip=10.45.1.76 target=192.168.1.211:5222 bitrate=1M duration_s=80 planned_end_epoch=1787351636 timeout_s=90 hard_timeout_epoch=1787351651 start_rx_bytes=0
[2026-08-22T00:32:36+02:00] UE_SLOT_PID timestamp=2026-08-21T22:32:36+00:00 active_ues=23 slot=21 attempt=1 ue_idx=21 pid=30695
[2026-08-22T00:32:36+02:00] UE_SLOT_ASSIGN timestamp=2026-08-21T22:32:36+00:00 active_ues=23 slot=22 ue_idx=22 ue_if=uesimtun22 ue_ip=10.45.1.77 candidate_reused_global_suspect=0
[2026-08-22T00:32:36+02:00] UE_SLOT_START timestamp=2026-08-21T22:32:36+00:00 active_ues=23 slot=22 attempt=1 ue_idx=22 ue_if=uesimtun22 ue_ip=10.45.1.77 target=192.168.1.211:5223 bitrate=1M duration_s=80 planned_end_epoch=1787351636 timeout_s=90 hard_timeout_epoch=1787351651 start_rx_bytes=0
[2026-08-22T00:32:36+02:00] UE_SLOT_PID timestamp=2026-08-21T22:32:36+00:00 active_ues=23 slot=22 attempt=1 ue_idx=22 pid=30720
[2026-08-22T00:32:36+02:00] IPERF_MAPPING_SUMMARY timestamp=2026-08-21T22:32:36+00:00 active_ues=23 registered_tunnels=50 initial_ports=5201-5223 replacement_ports=5251-5265 bitrate=1M start_delay=0.05 detection=no_rx_counter replacement_min_duration_s=5 adaptive_extension_max_s=1 iperf_exit_grace_s=3 server_busy_port_rebinds=1 late_replacement_after_end=disabled wait_for_iperf_exit=until_timeout global_suspect_policy=soft_reuse ramp_supervision=after_initial_start
[2026-08-22T00:32:38+02:00] UPF_CONTROL_SAMPLE timestamp=2026-08-22T00:32:37+02:00 scenario=ue_23 pod=open5gs-upf-5b9db6d44-nsbqz uid=7b5b8ef7-a2a2-4fe9-a3e1-74acd17bd88f restarts=6 usage_cpu=335m usage_mem=36Mi request_cpu=350m request_mem=250Mi limit_cpu=none limit_mem=none vpa_target_cpu=379m vpa_target_mem=250Mi vpa_uncapped_cpu=379m vpa_uncapped_mem=250Mi vpa_lower_cpu=154m vpa_lower_mem=250Mi vpa_upper_cpu=1500m vpa_upper_mem=512Mi
[2026-08-22T00:32:39+02:00] UPF_CONTROL_SAMPLE timestamp=2026-08-22T00:32:39+02:00 scenario=ue_23 pod=open5gs-upf-5b9db6d44-nsbqz uid=7b5b8ef7-a2a2-4fe9-a3e1-74acd17bd88f restarts=6 usage_cpu=335m usage_mem=36Mi request_cpu=350m request_mem=250Mi limit_cpu=none limit_mem=none vpa_target_cpu=379m vpa_target_mem=250Mi vpa_uncapped_cpu=379m vpa_uncapped_mem=250Mi vpa_lower_cpu=154m vpa_lower_mem=250Mi vpa_upper_cpu=1500m vpa_upper_mem=512Mi
[2026-08-22T00:32:41+02:00] UPF_CONTROL_SAMPLE timestamp=2026-08-22T00:32:41+02:00 scenario=ue_23 pod=open5gs-upf-5b9db6d44-nsbqz uid=7b5b8ef7-a2a2-4fe9-a3e1-74acd17bd88f restarts=6 usage_cpu=162m usage_mem=36Mi request_cpu=350m request_mem=250Mi limit_cpu=none limit_mem=none vpa_target_cpu=379m vpa_target_mem=250Mi vpa_uncapped_cpu=379m vpa_uncapped_mem=250Mi vpa_lower_cpu=154m vpa_lower_mem=250Mi vpa_upper_cpu=1500m vpa_upper_mem=512Mi
[2026-08-22T00:32:44+02:00] UPF_CONTROL_SAMPLE timestamp=2026-08-22T00:32:42+02:00 scenario=ue_23 pod=open5gs-upf-5b9db6d44-nsbqz uid=7b5b8ef7-a2a2-4fe9-a3e1-74acd17bd88f restarts=6 usage_cpu=162m usage_mem=36Mi request_cpu=350m request_mem=250Mi limit_cpu=none limit_mem=none vpa_target_cpu=379m vpa_target_mem=250Mi vpa_uncapped_cpu=379m vpa_uncapped_mem=250Mi vpa_lower_cpu=154m vpa_lower_mem=250Mi vpa_upper_cpu=1500m vpa_upper_mem=512Mi
[2026-08-22T00:32:46+02:00] UPF_CONTROL_SAMPLE timestamp=2026-08-22T00:32:45+02:00 scenario=ue_23 pod=open5gs-upf-5b9db6d44-nsbqz uid=7b5b8ef7-a2a2-4fe9-a3e1-74acd17bd88f restarts=6 usage_cpu=162m usage_mem=36Mi request_cpu=350m request_mem=250Mi limit_cpu=none limit_mem=none vpa_target_cpu=379m vpa_target_mem=250Mi vpa_uncapped_cpu=379m vpa_uncapped_mem=250Mi vpa_lower_cpu=154m vpa_lower_mem=250Mi vpa_upper_cpu=1500m vpa_upper_mem=512Mi
[2026-08-22T00:32:49+02:00] UPF_CONTROL_SAMPLE timestamp=2026-08-22T00:32:47+02:00 scenario=ue_23 pod=open5gs-upf-5b9db6d44-nsbqz uid=7b5b8ef7-a2a2-4fe9-a3e1-74acd17bd88f restarts=6 usage_cpu=162m usage_mem=36Mi request_cpu=350m request_mem=250Mi limit_cpu=none limit_mem=none vpa_target_cpu=379m vpa_target_mem=250Mi vpa_uncapped_cpu=379m vpa_uncapped_mem=250Mi vpa_lower_cpu=154m vpa_lower_mem=250Mi vpa_upper_cpu=1500m vpa_upper_mem=512Mi
[2026-08-22T00:32:52+02:00] UPF_CONTROL_SAMPLE timestamp=2026-08-22T00:32:51+02:00 scenario=ue_23 pod=open5gs-upf-5b9db6d44-nsbqz uid=7b5b8ef7-a2a2-4fe9-a3e1-74acd17bd88f restarts=6 usage_cpu=162m usage_mem=36Mi request_cpu=350m request_mem=250Mi limit_cpu=none limit_mem=none vpa_target_cpu=379m vpa_target_mem=250Mi vpa_uncapped_cpu=379m vpa_uncapped_mem=250Mi vpa_lower_cpu=154m vpa_lower_mem=250Mi vpa_upper_cpu=1500m vpa_upper_mem=512Mi
[2026-08-22T00:32:55+02:00] UPF_CONTROL_SAMPLE timestamp=2026-08-22T00:32:53+02:00 scenario=ue_23 pod=open5gs-upf-5b9db6d44-nsbqz uid=7b5b8ef7-a2a2-4fe9-a3e1-74acd17bd88f restarts=6 usage_cpu=162m usage_mem=36Mi request_cpu=350m request_mem=250Mi limit_cpu=none limit_mem=none vpa_target_cpu=379m vpa_target_mem=250Mi vpa_uncapped_cpu=379m vpa_uncapped_mem=250Mi vpa_lower_cpu=154m vpa_lower_mem=250Mi vpa_upper_cpu=1500m vpa_upper_mem=512Mi
[2026-08-22T00:32:57+02:00] UPF_CONTROL_SAMPLE timestamp=2026-08-22T00:32:56+02:00 scenario=ue_23 pod=open5gs-upf-5b9db6d44-nsbqz uid=7b5b8ef7-a2a2-4fe9-a3e1-74acd17bd88f restarts=6 usage_cpu=340m usage_mem=36Mi request_cpu=350m request_mem=250Mi limit_cpu=none limit_mem=none vpa_target_cpu=379m vpa_target_mem=250Mi vpa_uncapped_cpu=379m vpa_uncapped_mem=250Mi vpa_lower_cpu=154m vpa_lower_mem=250Mi vpa_upper_cpu=1500m vpa_upper_mem=512Mi
[2026-08-22T00:33:00+02:00] UPF_CONTROL_SAMPLE timestamp=2026-08-22T00:32:58+02:00 scenario=ue_23 pod=open5gs-upf-5b9db6d44-nsbqz uid=7b5b8ef7-a2a2-4fe9-a3e1-74acd17bd88f restarts=6 usage_cpu=340m usage_mem=36Mi request_cpu=350m request_mem=250Mi limit_cpu=none limit_mem=none vpa_target_cpu=379m vpa_target_mem=250Mi vpa_uncapped_cpu=379m vpa_uncapped_mem=250Mi vpa_lower_cpu=154m vpa_lower_mem=250Mi vpa_upper_cpu=1500m vpa_upper_mem=512Mi
[2026-08-22T00:33:02+02:00] UPF_CONTROL_SAMPLE timestamp=2026-08-22T00:33:01+02:00 scenario=ue_23 pod=open5gs-upf-5b9db6d44-nsbqz uid=7b5b8ef7-a2a2-4fe9-a3e1-74acd17bd88f restarts=6 usage_cpu=340m usage_mem=36Mi request_cpu=350m request_mem=250Mi limit_cpu=none limit_mem=none vpa_target_cpu=379m vpa_target_mem=250Mi vpa_uncapped_cpu=379m vpa_uncapped_mem=250Mi vpa_lower_cpu=154m vpa_lower_mem=250Mi vpa_upper_cpu=1500m vpa_upper_mem=512Mi
[2026-08-22T00:33:04+02:00] UPF_CONTROL_SAMPLE timestamp=2026-08-22T00:33:03+02:00 scenario=ue_23 pod=open5gs-upf-5b9db6d44-nsbqz uid=7b5b8ef7-a2a2-4fe9-a3e1-74acd17bd88f restarts=6 usage_cpu=340m usage_mem=36Mi request_cpu=350m request_mem=250Mi limit_cpu=none limit_mem=none vpa_target_cpu=379m vpa_target_mem=250Mi vpa_uncapped_cpu=379m vpa_uncapped_mem=250Mi vpa_lower_cpu=154m vpa_lower_mem=250Mi vpa_upper_cpu=1500m vpa_upper_mem=512Mi
[2026-08-22T00:33:07+02:00] UPF_CONTROL_SAMPLE timestamp=2026-08-22T00:33:05+02:00 scenario=ue_23 pod=open5gs-upf-5b9db6d44-nsbqz uid=7b5b8ef7-a2a2-4fe9-a3e1-74acd17bd88f restarts=6 usage_cpu=340m usage_mem=36Mi request_cpu=350m request_mem=250Mi limit_cpu=none limit_mem=none vpa_target_cpu=379m vpa_target_mem=250Mi vpa_uncapped_cpu=379m vpa_uncapped_mem=250Mi vpa_lower_cpu=154m vpa_lower_mem=250Mi vpa_upper_cpu=1500m vpa_upper_mem=512Mi
[2026-08-22T00:33:09+02:00] UPF_CONTROL_SAMPLE timestamp=2026-08-22T00:33:08+02:00 scenario=ue_23 pod=open5gs-upf-5b9db6d44-nsbqz uid=7b5b8ef7-a2a2-4fe9-a3e1-74acd17bd88f restarts=6 usage_cpu=340m usage_mem=36Mi request_cpu=350m request_mem=250Mi limit_cpu=none limit_mem=none vpa_target_cpu=379m vpa_target_mem=250Mi vpa_uncapped_cpu=379m vpa_uncapped_mem=250Mi vpa_lower_cpu=154m vpa_lower_mem=250Mi vpa_upper_cpu=1500m vpa_upper_mem=512Mi
[2026-08-22T00:33:11+02:00] UPF_CONTROL_SAMPLE timestamp=2026-08-22T00:33:10+02:00 scenario=ue_23 pod=open5gs-upf-5b9db6d44-nsbqz uid=7b5b8ef7-a2a2-4fe9-a3e1-74acd17bd88f restarts=6 usage_cpu=347m usage_mem=36Mi request_cpu=350m request_mem=250Mi limit_cpu=none limit_mem=none vpa_target_cpu=379m vpa_target_mem=250Mi vpa_uncapped_cpu=379m vpa_uncapped_mem=250Mi vpa_lower_cpu=154m vpa_lower_mem=250Mi vpa_upper_cpu=1500m vpa_upper_mem=512Mi
[2026-08-22T00:33:14+02:00] UPF_CONTROL_SAMPLE timestamp=2026-08-22T00:33:12+02:00 scenario=ue_23 pod=open5gs-upf-5b9db6d44-nsbqz uid=7b5b8ef7-a2a2-4fe9-a3e1-74acd17bd88f restarts=6 usage_cpu=347m usage_mem=36Mi request_cpu=350m request_mem=250Mi limit_cpu=none limit_mem=none vpa_target_cpu=379m vpa_target_mem=250Mi vpa_uncapped_cpu=379m vpa_uncapped_mem=250Mi vpa_lower_cpu=154m vpa_lower_mem=250Mi vpa_upper_cpu=1500m vpa_upper_mem=512Mi
[2026-08-22T00:33:16+02:00] UPF_CONTROL_SAMPLE timestamp=2026-08-22T00:33:15+02:00 scenario=ue_23 pod=open5gs-upf-5b9db6d44-nsbqz uid=7b5b8ef7-a2a2-4fe9-a3e1-74acd17bd88f restarts=6 usage_cpu=347m usage_mem=36Mi request_cpu=350m request_mem=250Mi limit_cpu=none limit_mem=none vpa_target_cpu=379m vpa_target_mem=250Mi vpa_uncapped_cpu=379m vpa_uncapped_mem=250Mi vpa_lower_cpu=154m vpa_lower_mem=250Mi vpa_upper_cpu=1500m vpa_upper_mem=512Mi
[2026-08-22T00:33:18+02:00] UPF_CONTROL_SAMPLE timestamp=2026-08-22T00:33:17+02:00 scenario=ue_23 pod=open5gs-upf-5b9db6d44-nsbqz uid=7b5b8ef7-a2a2-4fe9-a3e1-74acd17bd88f restarts=6 usage_cpu=347m usage_mem=36Mi request_cpu=350m request_mem=250Mi limit_cpu=none limit_mem=none vpa_target_cpu=379m vpa_target_mem=250Mi vpa_uncapped_cpu=379m vpa_uncapped_mem=250Mi vpa_lower_cpu=154m vpa_lower_mem=250Mi vpa_upper_cpu=1500m vpa_upper_mem=512Mi
[2026-08-22T00:33:21+02:00] UPF_CONTROL_SAMPLE timestamp=2026-08-22T00:33:19+02:00 scenario=ue_23 pod=open5gs-upf-5b9db6d44-nsbqz uid=7b5b8ef7-a2a2-4fe9-a3e1-74acd17bd88f restarts=6 usage_cpu=347m usage_mem=36Mi request_cpu=350m request_mem=250Mi limit_cpu=none limit_mem=none vpa_target_cpu=379m vpa_target_mem=250Mi vpa_uncapped_cpu=379m vpa_uncapped_mem=250Mi vpa_lower_cpu=154m vpa_lower_mem=250Mi vpa_upper_cpu=1500m vpa_upper_mem=512Mi
[2026-08-22T00:33:23+02:00] UPF_CONTROL_SAMPLE timestamp=2026-08-22T00:33:22+02:00 scenario=ue_23 pod=open5gs-upf-5b9db6d44-nsbqz uid=7b5b8ef7-a2a2-4fe9-a3e1-74acd17bd88f restarts=6 usage_cpu=347m usage_mem=36Mi request_cpu=350m request_mem=250Mi limit_cpu=none limit_mem=none vpa_target_cpu=379m vpa_target_mem=250Mi vpa_uncapped_cpu=379m vpa_uncapped_mem=250Mi vpa_lower_cpu=154m vpa_lower_mem=250Mi vpa_upper_cpu=1500m vpa_upper_mem=512Mi
[2026-08-22T00:33:26+02:00] UPF_CONTROL_SAMPLE timestamp=2026-08-22T00:33:24+02:00 scenario=ue_23 pod=open5gs-upf-5b9db6d44-nsbqz uid=7b5b8ef7-a2a2-4fe9-a3e1-74acd17bd88f restarts=6 usage_cpu=348m usage_mem=36Mi request_cpu=350m request_mem=250Mi limit_cpu=none limit_mem=none vpa_target_cpu=379m vpa_target_mem=250Mi vpa_uncapped_cpu=379m vpa_uncapped_mem=250Mi vpa_lower_cpu=154m vpa_lower_mem=250Mi vpa_upper_cpu=1500m vpa_upper_mem=512Mi
[2026-08-22T00:33:29+02:00] UPF_CONTROL_SAMPLE timestamp=2026-08-22T00:33:27+02:00 scenario=ue_23 pod=open5gs-upf-5b9db6d44-nsbqz uid=7b5b8ef7-a2a2-4fe9-a3e1-74acd17bd88f restarts=6 usage_cpu=348m usage_mem=36Mi request_cpu=350m request_mem=250Mi limit_cpu=none limit_mem=none vpa_target_cpu=379m vpa_target_mem=250Mi vpa_uncapped_cpu=379m vpa_uncapped_mem=250Mi vpa_lower_cpu=154m vpa_lower_mem=250Mi vpa_upper_cpu=1500m vpa_upper_mem=512Mi
[2026-08-22T00:33:31+02:00] UPF_CONTROL_SAMPLE timestamp=2026-08-22T00:33:30+02:00 scenario=ue_23 pod=open5gs-upf-5b9db6d44-nsbqz uid=7b5b8ef7-a2a2-4fe9-a3e1-74acd17bd88f restarts=6 usage_cpu=348m usage_mem=36Mi request_cpu=350m request_mem=250Mi limit_cpu=none limit_mem=none vpa_target_cpu=379m vpa_target_mem=250Mi vpa_uncapped_cpu=379m vpa_uncapped_mem=250Mi vpa_lower_cpu=154m vpa_lower_mem=250Mi vpa_upper_cpu=1500m vpa_upper_mem=512Mi
[2026-08-22T00:33:34+02:00] VPA_RECOMMENDATION_CHANGE timestamp=2026-08-22T00:33:32+02:00 scenario=ue_23 old='vpa_target_cpu=379m vpa_target_mem=250Mi vpa_uncapped_cpu=379m vpa_uncapped_mem=250Mi vpa_lower_cpu=154m vpa_lower_mem=250Mi vpa_upper_cpu=1500m vpa_upper_mem=512Mi' new='vpa_target_cpu=410m vpa_target_mem=250Mi vpa_uncapped_cpu=410m vpa_uncapped_mem=250Mi vpa_lower_cpu=156m vpa_lower_mem=250Mi vpa_upper_cpu=1500m vpa_upper_mem=512Mi' previous_5s_sample='timestamp=2026-08-22T00:33:27+02:00 scenario=ue_23 pod=open5gs-upf-5b9db6d44-nsbqz uid=7b5b8ef7-a2a2-4fe9-a3e1-74acd17bd88f restarts=6 usage_cpu=348m usage_mem=36Mi request_cpu=350m request_mem=250Mi limit_cpu=none limit_mem=none vpa_target_cpu=379m vpa_target_mem=250Mi vpa_uncapped_cpu=379m vpa_uncapped_mem=250Mi vpa_lower_cpu=154m vpa_lower_mem=250Mi vpa_upper_cpu=1500m vpa_upper_mem=512Mi' current_sample='timestamp=2026-08-22T00:33:32+02:00 scenario=ue_23 pod=open5gs-upf-5b9db6d44-nsbqz uid=7b5b8ef7-a2a2-4fe9-a3e1-74acd17bd88f restarts=6 usage_cpu=348m usage_mem=36Mi request_cpu=350m request_mem=250Mi limit_cpu=none limit_mem=none vpa_target_cpu=410m vpa_target_mem=250Mi vpa_uncapped_cpu=410m vpa_uncapped_mem=250Mi vpa_lower_cpu=156m vpa_lower_mem=250Mi vpa_upper_cpu=1500m vpa_upper_mem=512Mi'
[2026-08-22T00:33:34+02:00] UPF_CONTROL_SAMPLE timestamp=2026-08-22T00:33:32+02:00 scenario=ue_23 pod=open5gs-upf-5b9db6d44-nsbqz uid=7b5b8ef7-a2a2-4fe9-a3e1-74acd17bd88f restarts=6 usage_cpu=348m usage_mem=36Mi request_cpu=350m request_mem=250Mi limit_cpu=none limit_mem=none vpa_target_cpu=410m vpa_target_mem=250Mi vpa_uncapped_cpu=410m vpa_uncapped_mem=250Mi vpa_lower_cpu=156m vpa_lower_mem=250Mi vpa_upper_cpu=1500m vpa_upper_mem=512Mi
[2026-08-22T00:33:36+02:00] UPF_CONTROL_SAMPLE timestamp=2026-08-22T00:33:35+02:00 scenario=ue_23 pod=open5gs-upf-5b9db6d44-nsbqz uid=7b5b8ef7-a2a2-4fe9-a3e1-74acd17bd88f restarts=6 usage_cpu=348m usage_mem=36Mi request_cpu=350m request_mem=250Mi limit_cpu=none limit_mem=none vpa_target_cpu=410m vpa_target_mem=250Mi vpa_uncapped_cpu=410m vpa_uncapped_mem=250Mi vpa_lower_cpu=156m vpa_lower_mem=250Mi vpa_upper_cpu=1500m vpa_upper_mem=512Mi
[2026-08-22T00:33:38+02:00] UPF_CONTROL_SAMPLE timestamp=2026-08-22T00:33:37+02:00 scenario=ue_23 pod=open5gs-upf-5b9db6d44-nsbqz uid=7b5b8ef7-a2a2-4fe9-a3e1-74acd17bd88f restarts=6 usage_cpu=348m usage_mem=36Mi request_cpu=350m request_mem=250Mi limit_cpu=none limit_mem=none vpa_target_cpu=410m vpa_target_mem=250Mi vpa_uncapped_cpu=410m vpa_uncapped_mem=250Mi vpa_lower_cpu=156m vpa_lower_mem=250Mi vpa_upper_cpu=1500m vpa_upper_mem=512Mi
[2026-08-22T00:33:41+02:00] UPF_CONTROL_SAMPLE timestamp=2026-08-22T00:33:39+02:00 scenario=ue_23 pod=open5gs-upf-5b9db6d44-nsbqz uid=7b5b8ef7-a2a2-4fe9-a3e1-74acd17bd88f restarts=6 usage_cpu=341m usage_mem=36Mi request_cpu=350m request_mem=250Mi limit_cpu=none limit_mem=none vpa_target_cpu=410m vpa_target_mem=250Mi vpa_uncapped_cpu=410m vpa_uncapped_mem=250Mi vpa_lower_cpu=156m vpa_lower_mem=250Mi vpa_upper_cpu=1500m vpa_upper_mem=512Mi
[2026-08-22T00:33:43+02:00] UPF_CONTROL_SAMPLE timestamp=2026-08-22T00:33:42+02:00 scenario=ue_23 pod=open5gs-upf-5b9db6d44-nsbqz uid=7b5b8ef7-a2a2-4fe9-a3e1-74acd17bd88f restarts=6 usage_cpu=341m usage_mem=36Mi request_cpu=350m request_mem=250Mi limit_cpu=none limit_mem=none vpa_target_cpu=410m vpa_target_mem=250Mi vpa_uncapped_cpu=410m vpa_uncapped_mem=250Mi vpa_lower_cpu=156m vpa_lower_mem=250Mi vpa_upper_cpu=1500m vpa_upper_mem=512Mi
[2026-08-22T00:33:46+02:00] UPF_CONTROL_SAMPLE timestamp=2026-08-22T00:33:44+02:00 scenario=ue_23 pod=open5gs-upf-5b9db6d44-nsbqz uid=7b5b8ef7-a2a2-4fe9-a3e1-74acd17bd88f restarts=6 usage_cpu=341m usage_mem=36Mi request_cpu=350m request_mem=250Mi limit_cpu=none limit_mem=none vpa_target_cpu=410m vpa_target_mem=250Mi vpa_uncapped_cpu=410m vpa_uncapped_mem=250Mi vpa_lower_cpu=156m vpa_lower_mem=250Mi vpa_upper_cpu=1500m vpa_upper_mem=512Mi
[2026-08-22T00:33:49+02:00] UPF_CONTROL_SAMPLE timestamp=2026-08-22T00:33:48+02:00 scenario=ue_23 pod=open5gs-upf-5b9db6d44-nsbqz uid=7b5b8ef7-a2a2-4fe9-a3e1-74acd17bd88f restarts=6 usage_cpu=341m usage_mem=36Mi request_cpu=350m request_mem=250Mi limit_cpu=none limit_mem=none vpa_target_cpu=410m vpa_target_mem=250Mi vpa_uncapped_cpu=410m vpa_uncapped_mem=250Mi vpa_lower_cpu=156m vpa_lower_mem=250Mi vpa_upper_cpu=1500m vpa_upper_mem=512Mi
[2026-08-22T00:33:51+02:00] UPF_CONTROL_SAMPLE timestamp=2026-08-22T00:33:50+02:00 scenario=ue_23 pod=open5gs-upf-5b9db6d44-nsbqz uid=7b5b8ef7-a2a2-4fe9-a3e1-74acd17bd88f restarts=6 usage_cpu=341m usage_mem=36Mi request_cpu=350m request_mem=250Mi limit_cpu=none limit_mem=none vpa_target_cpu=410m vpa_target_mem=250Mi vpa_uncapped_cpu=410m vpa_uncapped_mem=250Mi vpa_lower_cpu=156m vpa_lower_mem=250Mi vpa_upper_cpu=1500m vpa_upper_mem=512Mi
[2026-08-22T00:33:51+02:00] UE_SLOT_DONE timestamp=2026-08-21T22:33:51+00:00 active_ues=23 slot=0 attempt=1 ue_idx=0 ue_if=uesimtun0 ue_ip=10.45.1.46 port=5201 rc=0 replacements_for_slot=0 server_busy_retries_for_slot=0
[2026-08-22T00:33:53+02:00] UE_SLOT_DONE timestamp=2026-08-21T22:33:53+00:00 active_ues=23 slot=1 attempt=1 ue_idx=1 ue_if=uesimtun1 ue_ip=10.45.1.47 port=5202 rc=0 replacements_for_slot=0 server_busy_retries_for_slot=0
[2026-08-22T00:33:53+02:00] UE_SLOT_DONE timestamp=2026-08-21T22:33:53+00:00 active_ues=23 slot=2 attempt=1 ue_idx=2 ue_if=uesimtun2 ue_ip=10.45.1.48 port=5203 rc=0 replacements_for_slot=0 server_busy_retries_for_slot=0
[2026-08-22T00:33:53+02:00] UE_SLOT_DONE timestamp=2026-08-21T22:33:53+00:00 active_ues=23 slot=3 attempt=1 ue_idx=3 ue_if=uesimtun3 ue_ip=10.45.1.49 port=5204 rc=0 replacements_for_slot=0 server_busy_retries_for_slot=0
[2026-08-22T00:33:53+02:00] UE_SLOT_DONE timestamp=2026-08-21T22:33:53+00:00 active_ues=23 slot=4 attempt=1 ue_idx=4 ue_if=uesimtun4 ue_ip=10.45.1.51 port=5205 rc=0 replacements_for_slot=0 server_busy_retries_for_slot=0
[2026-08-22T00:33:53+02:00] UE_SLOT_DONE timestamp=2026-08-21T22:33:53+00:00 active_ues=23 slot=5 attempt=1 ue_idx=5 ue_if=uesimtun5 ue_ip=10.45.1.52 port=5206 rc=0 replacements_for_slot=0 server_busy_retries_for_slot=0
[2026-08-22T00:33:53+02:00] UPF_CONTROL_SAMPLE timestamp=2026-08-22T00:33:52+02:00 scenario=ue_23 pod=open5gs-upf-5b9db6d44-nsbqz uid=7b5b8ef7-a2a2-4fe9-a3e1-74acd17bd88f restarts=6 usage_cpu=341m usage_mem=36Mi request_cpu=350m request_mem=250Mi limit_cpu=none limit_mem=none vpa_target_cpu=410m vpa_target_mem=250Mi vpa_uncapped_cpu=410m vpa_uncapped_mem=250Mi vpa_lower_cpu=156m vpa_lower_mem=250Mi vpa_upper_cpu=1500m vpa_upper_mem=512Mi
[2026-08-22T00:33:53+02:00] UE_SLOT_DONE timestamp=2026-08-21T22:33:53+00:00 active_ues=23 slot=6 attempt=1 ue_idx=6 ue_if=uesimtun6 ue_ip=10.45.1.53 port=5207 rc=0 replacements_for_slot=0 server_busy_retries_for_slot=0
[2026-08-22T00:33:53+02:00] UE_SLOT_DONE timestamp=2026-08-21T22:33:53+00:00 active_ues=23 slot=7 attempt=1 ue_idx=7 ue_if=uesimtun7 ue_ip=10.45.1.54 port=5208 rc=0 replacements_for_slot=0 server_busy_retries_for_slot=0
[2026-08-22T00:33:53+02:00] UE_SLOT_DONE timestamp=2026-08-21T22:33:53+00:00 active_ues=23 slot=8 attempt=1 ue_idx=8 ue_if=uesimtun8 ue_ip=10.45.1.56 port=5209 rc=0 replacements_for_slot=0 server_busy_retries_for_slot=0
[2026-08-22T00:33:54+02:00] UE_SLOT_DONE timestamp=2026-08-21T22:33:54+00:00 active_ues=23 slot=9 attempt=1 ue_idx=9 ue_if=uesimtun9 ue_ip=10.45.1.57 port=5210 rc=0 replacements_for_slot=0 server_busy_retries_for_slot=0
[2026-08-22T00:33:54+02:00] UE_SLOT_DONE timestamp=2026-08-21T22:33:54+00:00 active_ues=23 slot=10 attempt=1 ue_idx=10 ue_if=uesimtun10 ue_ip=10.45.1.50 port=5211 rc=0 replacements_for_slot=0 server_busy_retries_for_slot=0
[2026-08-22T00:33:55+02:00] UE_SLOT_DONE timestamp=2026-08-21T22:33:55+00:00 active_ues=23 slot=11 attempt=1 ue_idx=11 ue_if=uesimtun11 ue_ip=10.45.1.60 port=5212 rc=0 replacements_for_slot=0 server_busy_retries_for_slot=0
[2026-08-22T00:33:55+02:00] UE_SLOT_DONE timestamp=2026-08-21T22:33:55+00:00 active_ues=23 slot=12 attempt=1 ue_idx=12 ue_if=uesimtun12 ue_ip=10.45.1.55 port=5213 rc=0 replacements_for_slot=0 server_busy_retries_for_slot=0
[2026-08-22T00:33:55+02:00] UE_SLOT_DONE timestamp=2026-08-21T22:33:55+00:00 active_ues=23 slot=13 attempt=1 ue_idx=13 ue_if=uesimtun13 ue_ip=10.45.1.62 port=5214 rc=0 replacements_for_slot=0 server_busy_retries_for_slot=0
[2026-08-22T00:33:55+02:00] UE_SLOT_DONE timestamp=2026-08-21T22:33:55+00:00 active_ues=23 slot=14 attempt=1 ue_idx=14 ue_if=uesimtun14 ue_ip=10.45.1.66 port=5215 rc=0 replacements_for_slot=0 server_busy_retries_for_slot=0
[2026-08-22T00:33:55+02:00] UE_SLOT_DONE timestamp=2026-08-21T22:33:55+00:00 active_ues=23 slot=15 attempt=1 ue_idx=15 ue_if=uesimtun15 ue_ip=10.45.1.64 port=5216 rc=0 replacements_for_slot=0 server_busy_retries_for_slot=0
[2026-08-22T00:33:55+02:00] UE_SLOT_DONE timestamp=2026-08-21T22:33:55+00:00 active_ues=23 slot=16 attempt=1 ue_idx=16 ue_if=uesimtun16 ue_ip=10.45.1.68 port=5217 rc=0 replacements_for_slot=0 server_busy_retries_for_slot=0
[2026-08-22T00:33:55+02:00] UE_SLOT_DONE timestamp=2026-08-21T22:33:55+00:00 active_ues=23 slot=17 attempt=1 ue_idx=17 ue_if=uesimtun17 ue_ip=10.45.1.69 port=5218 rc=0 replacements_for_slot=0 server_busy_retries_for_slot=0
[2026-08-22T00:33:55+02:00] UE_SLOT_DONE timestamp=2026-08-21T22:33:55+00:00 active_ues=23 slot=18 attempt=1 ue_idx=18 ue_if=uesimtun18 ue_ip=10.45.1.71 port=5219 rc=0 replacements_for_slot=0 server_busy_retries_for_slot=0
[2026-08-22T00:33:56+02:00] UPF_CONTROL_SAMPLE timestamp=2026-08-22T00:33:54+02:00 scenario=ue_23 pod=open5gs-upf-5b9db6d44-nsbqz uid=7b5b8ef7-a2a2-4fe9-a3e1-74acd17bd88f restarts=6 usage_cpu=345m usage_mem=36Mi request_cpu=350m request_mem=250Mi limit_cpu=none limit_mem=none vpa_target_cpu=410m vpa_target_mem=250Mi vpa_uncapped_cpu=410m vpa_uncapped_mem=250Mi vpa_lower_cpu=156m vpa_lower_mem=250Mi vpa_upper_cpu=1500m vpa_upper_mem=512Mi
[2026-08-22T00:33:57+02:00] UE_SLOT_DONE timestamp=2026-08-21T22:33:57+00:00 active_ues=23 slot=19 attempt=1 ue_idx=19 ue_if=uesimtun19 ue_ip=10.45.1.72 port=5220 rc=0 replacements_for_slot=0 server_busy_retries_for_slot=0
[2026-08-22T00:33:57+02:00] UE_SLOT_DONE timestamp=2026-08-21T22:33:57+00:00 active_ues=23 slot=20 attempt=1 ue_idx=20 ue_if=uesimtun20 ue_ip=10.45.1.74 port=5221 rc=0 replacements_for_slot=0 server_busy_retries_for_slot=0
[2026-08-22T00:33:57+02:00] UE_SLOT_DONE timestamp=2026-08-21T22:33:57+00:00 active_ues=23 slot=21 attempt=1 ue_idx=21 ue_if=uesimtun21 ue_ip=10.45.1.76 port=5222 rc=0 replacements_for_slot=0 server_busy_retries_for_slot=0
[2026-08-22T00:33:57+02:00] UE_SLOT_DONE timestamp=2026-08-21T22:33:57+00:00 active_ues=23 slot=22 attempt=1 ue_idx=22 ue_if=uesimtun22 ue_ip=10.45.1.77 port=5223 rc=0 replacements_for_slot=0 server_busy_retries_for_slot=0
[2026-08-22T00:33:58+02:00] TRAFFIC_SUMMARY timestamp=2026-08-21T22:33:58+00:00 registered_tunnels=50 active_ues=23 target_slots=23 completed_slots=23 final_failed_slots=0 replacements=0 problematic_ues=0 zombie_ues=0 connect_timeouts=0 stalls=0 deferred_stalls=0 process_failures=0 server_busy_retries=0 server_busy_failures=0 late_timeouts_accepted=0 scenario_bad_ues=0 global_suspect_ues=0 used_ues=23 target_host=192.168.1.211 initial_ports=5201-5223 replacement_ports=5251-5265 bitrate=1M start_delay=0.05 detection=no_rx_counter replacement_min_duration_s=5 adaptive_extension_max_s=1 iperf_exit_grace_s=3 server_busy_retries_limit=1 server_busy_retry_delay_s=2 late_replacement_after_end=disabled wait_for_iperf_exit=until_timeout global_suspect_policy=soft_reuse ramp_supervision=after_initial_start
[2026-08-22T00:33:58+02:00] UE_POOL_SCENARIO_BAD_CURRENT timestamp=2026-08-21T22:33:58+00:00 active_ues=23 indexes=
[2026-08-22T00:33:58+02:00] UE_POOL_GLOBAL_SUSPECT_CURRENT timestamp=2026-08-21T22:33:58+00:00 active_ues=23 indexes=
[2026-08-22T00:33:58+02:00] REMOTE_IPERF_PER_UE_END timestamp=2026-08-21T22:33:58+00:00 active_ues=23 tag=ue_23 final_rc=0 completed_slots=23 replacements=0 problematic_ues=0 server_busy_retries=0 deferred_stalls=0 late_timeouts_accepted=0
[2026-08-22T00:33:58+02:00] UPF_CONTROL_SAMPLE timestamp=2026-08-22T00:33:57+02:00 scenario=ue_23 pod=open5gs-upf-5b9db6d44-nsbqz uid=7b5b8ef7-a2a2-4fe9-a3e1-74acd17bd88f restarts=6 usage_cpu=345m usage_mem=36Mi request_cpu=350m request_mem=250Mi limit_cpu=none limit_mem=none vpa_target_cpu=410m vpa_target_mem=250Mi vpa_uncapped_cpu=410m vpa_uncapped_mem=250Mi vpa_lower_cpu=156m vpa_lower_mem=250Mi vpa_upper_cpu=1500m vpa_upper_mem=512Mi
[2026-08-22T00:33:58+02:00] SCENARIO TRAFFIC COMMAND END timestamp=2026-08-22T00:33:58+02:00 active_ue=23 rc=0
[2026-08-22T00:33:59+02:00] SCENARIO UPF AFTER timestamp=2026-08-22T00:33:59+02:00 active_ue=23 pod=open5gs-upf-5b9db6d44-nsbqz uid=7b5b8ef7-a2a2-4fe9-a3e1-74acd17bd88f restarts=6
[2026-08-22T00:33:59+02:00] SCENARIO END timestamp=2026-08-22T00:33:59+02:00 active_ue=23 rc=0
[2026-08-22T00:33:59+02:00] ================================================================
[2026-08-22T00:33:59+02:00] SCENARIO START timestamp=2026-08-22T00:33:59+02:00 active_ue=25 registered_ue_pool=50 target_host=192.168.1.211 ports=5201-5225 replacement_ports=5251-5265 bitrate_per_ue=1M start_delay=0.05 replacement_min_duration=5 adaptive_extension_max=1
[2026-08-22T00:33:59+02:00] ================================================================
[2026-08-22T00:33:59+02:00] SCENARIO TUNNEL CHECK timestamp=2026-08-22T00:33:59+02:00 active_ue=25 current_tunnels=50 required=50
[2026-08-22T00:34:00+02:00] SCENARIO UPF BEFORE timestamp=2026-08-22T00:34:00+02:00 active_ue=25 pod=open5gs-upf-5b9db6d44-nsbqz uid=7b5b8ef7-a2a2-4fe9-a3e1-74acd17bd88f restarts=6
[2026-08-22T00:34:01+02:00] REMOTE_IPERF_PER_UE_START timestamp=2026-08-21T22:34:01+00:00 active_ues=25 tag=ue_25 iperf_host=192.168.1.211 base_port=5201 replacement_base_port=5251 duration=80 bitrate=1M start_delay=0.05 detection=no_rx_counter connect_timeout_s=4 stall_seconds=5 replacement_limit=15 replacement_min_duration_s=5 adaptive_extension_max_s=1 iperf_exit_grace_s=3 server_busy_port_rebinds=1 late_replacement_after_end=disabled wait_for_iperf_exit=until_timeout global_suspect_policy=soft_reuse ramp_supervision=after_initial_start
[2026-08-22T00:34:01+02:00] UPF_CONTROL_SAMPLE timestamp=2026-08-22T00:33:59+02:00 scenario=ue_25 pod=open5gs-upf-5b9db6d44-nsbqz uid=7b5b8ef7-a2a2-4fe9-a3e1-74acd17bd88f restarts=6 usage_cpu=345m usage_mem=36Mi request_cpu=350m request_mem=250Mi limit_cpu=none limit_mem=none vpa_target_cpu=410m vpa_target_mem=250Mi vpa_uncapped_cpu=410m vpa_uncapped_mem=250Mi vpa_lower_cpu=156m vpa_lower_mem=250Mi vpa_upper_cpu=1500m vpa_upper_mem=512Mi
[2026-08-22T00:34:01+02:00] UE_POOL_STATUS timestamp=2026-08-21T22:34:01+00:00 active_ues=25 registered_tunnels=50 existing_global_suspect_ues=0 used_ues=0 policy=soft_reuse_global_suspects
[2026-08-22T00:34:01+02:00] UE_SLOT_ASSIGN timestamp=2026-08-21T22:34:01+00:00 active_ues=25 slot=0 ue_idx=0 ue_if=uesimtun0 ue_ip=10.45.1.46 candidate_reused_global_suspect=0
[2026-08-22T00:34:01+02:00] UE_SLOT_START timestamp=2026-08-21T22:34:01+00:00 active_ues=25 slot=0 attempt=1 ue_idx=0 ue_if=uesimtun0 ue_ip=10.45.1.46 target=192.168.1.211:5201 bitrate=1M duration_s=80 planned_end_epoch=1787351721 timeout_s=90 hard_timeout_epoch=1787351736 start_rx_bytes=1060608
[2026-08-22T00:34:01+02:00] UE_SLOT_PID timestamp=2026-08-21T22:34:01+00:00 active_ues=25 slot=0 attempt=1 ue_idx=0 pid=34313
[2026-08-22T00:34:01+02:00] UE_SLOT_ASSIGN timestamp=2026-08-21T22:34:01+00:00 active_ues=25 slot=1 ue_idx=1 ue_if=uesimtun1 ue_ip=10.45.1.47 candidate_reused_global_suspect=0
[2026-08-22T00:34:01+02:00] UE_SLOT_START timestamp=2026-08-21T22:34:01+00:00 active_ues=25 slot=1 attempt=1 ue_idx=1 ue_if=uesimtun1 ue_ip=10.45.1.47 target=192.168.1.211:5202 bitrate=1M duration_s=80 planned_end_epoch=1787351721 timeout_s=90 hard_timeout_epoch=1787351736 start_rx_bytes=958011
[2026-08-22T00:34:01+02:00] UE_SLOT_PID timestamp=2026-08-21T22:34:01+00:00 active_ues=25 slot=1 attempt=1 ue_idx=1 pid=34338
[2026-08-22T00:34:01+02:00] UE_SLOT_ASSIGN timestamp=2026-08-21T22:34:01+00:00 active_ues=25 slot=2 ue_idx=2 ue_if=uesimtun2 ue_ip=10.45.1.48 candidate_reused_global_suspect=0
[2026-08-22T00:34:01+02:00] UE_SLOT_START timestamp=2026-08-21T22:34:01+00:00 active_ues=25 slot=2 attempt=1 ue_idx=2 ue_if=uesimtun2 ue_ip=10.45.1.48 target=192.168.1.211:5203 bitrate=1M duration_s=80 planned_end_epoch=1787351721 timeout_s=90 hard_timeout_epoch=1787351736 start_rx_bytes=968935
[2026-08-22T00:34:01+02:00] UE_SLOT_PID timestamp=2026-08-21T22:34:01+00:00 active_ues=25 slot=2 attempt=1 ue_idx=2 pid=34363
[2026-08-22T00:34:02+02:00] UE_SLOT_ASSIGN timestamp=2026-08-21T22:34:02+00:00 active_ues=25 slot=3 ue_idx=3 ue_if=uesimtun3 ue_ip=10.45.1.49 candidate_reused_global_suspect=0
[2026-08-22T00:34:02+02:00] UE_SLOT_START timestamp=2026-08-21T22:34:02+00:00 active_ues=25 slot=3 attempt=1 ue_idx=3 ue_if=uesimtun3 ue_ip=10.45.1.49 target=192.168.1.211:5204 bitrate=1M duration_s=80 planned_end_epoch=1787351722 timeout_s=90 hard_timeout_epoch=1787351737 start_rx_bytes=884602
[2026-08-22T00:34:02+02:00] UE_SLOT_PID timestamp=2026-08-21T22:34:02+00:00 active_ues=25 slot=3 attempt=1 ue_idx=3 pid=34388
[2026-08-22T00:34:02+02:00] UE_SLOT_ASSIGN timestamp=2026-08-21T22:34:02+00:00 active_ues=25 slot=4 ue_idx=4 ue_if=uesimtun4 ue_ip=10.45.1.51 candidate_reused_global_suspect=0
[2026-08-22T00:34:02+02:00] UE_SLOT_START timestamp=2026-08-21T22:34:02+00:00 active_ues=25 slot=4 attempt=1 ue_idx=4 ue_if=uesimtun4 ue_ip=10.45.1.51 target=192.168.1.211:5205 bitrate=1M duration_s=80 planned_end_epoch=1787351722 timeout_s=90 hard_timeout_epoch=1787351737 start_rx_bytes=875516
[2026-08-22T00:34:02+02:00] UE_SLOT_PID timestamp=2026-08-21T22:34:02+00:00 active_ues=25 slot=4 attempt=1 ue_idx=4 pid=34413
[2026-08-22T00:34:02+02:00] UE_SLOT_ASSIGN timestamp=2026-08-21T22:34:02+00:00 active_ues=25 slot=5 ue_idx=5 ue_if=uesimtun5 ue_ip=10.45.1.52 candidate_reused_global_suspect=0
[2026-08-22T00:34:02+02:00] UE_SLOT_START timestamp=2026-08-21T22:34:02+00:00 active_ues=25 slot=5 attempt=1 ue_idx=5 ue_if=uesimtun5 ue_ip=10.45.1.52 target=192.168.1.211:5206 bitrate=1M duration_s=80 planned_end_epoch=1787351722 timeout_s=90 hard_timeout_epoch=1787351737 start_rx_bytes=749505
[2026-08-22T00:34:02+02:00] UE_SLOT_PID timestamp=2026-08-21T22:34:02+00:00 active_ues=25 slot=5 attempt=1 ue_idx=5 pid=34438
[2026-08-22T00:34:02+02:00] UE_SLOT_ASSIGN timestamp=2026-08-21T22:34:02+00:00 active_ues=25 slot=6 ue_idx=6 ue_if=uesimtun6 ue_ip=10.45.1.53 candidate_reused_global_suspect=0
[2026-08-22T00:34:02+02:00] UE_SLOT_START timestamp=2026-08-21T22:34:02+00:00 active_ues=25 slot=6 attempt=1 ue_idx=6 ue_if=uesimtun6 ue_ip=10.45.1.53 target=192.168.1.211:5207 bitrate=1M duration_s=80 planned_end_epoch=1787351722 timeout_s=90 hard_timeout_epoch=1787351737 start_rx_bytes=766587
[2026-08-22T00:34:02+02:00] UE_SLOT_PID timestamp=2026-08-21T22:34:02+00:00 active_ues=25 slot=6 attempt=1 ue_idx=6 pid=34463
[2026-08-22T00:34:02+02:00] UE_SLOT_ASSIGN timestamp=2026-08-21T22:34:02+00:00 active_ues=25 slot=7 ue_idx=7 ue_if=uesimtun7 ue_ip=10.45.1.54 candidate_reused_global_suspect=0
[2026-08-22T00:34:02+02:00] UE_SLOT_START timestamp=2026-08-21T22:34:02+00:00 active_ues=25 slot=7 attempt=1 ue_idx=7 ue_if=uesimtun7 ue_ip=10.45.1.54 target=192.168.1.211:5208 bitrate=1M duration_s=80 planned_end_epoch=1787351722 timeout_s=90 hard_timeout_epoch=1787351737 start_rx_bytes=683176
[2026-08-22T00:34:02+02:00] UE_SLOT_PID timestamp=2026-08-21T22:34:02+00:00 active_ues=25 slot=7 attempt=1 ue_idx=7 pid=34488
[2026-08-22T00:34:03+02:00] UE_SLOT_ASSIGN timestamp=2026-08-21T22:34:03+00:00 active_ues=25 slot=8 ue_idx=8 ue_if=uesimtun8 ue_ip=10.45.1.56 candidate_reused_global_suspect=0
[2026-08-22T00:34:03+02:00] UE_SLOT_START timestamp=2026-08-21T22:34:03+00:00 active_ues=25 slot=8 attempt=1 ue_idx=8 ue_if=uesimtun8 ue_ip=10.45.1.56 target=192.168.1.211:5209 bitrate=1M duration_s=80 planned_end_epoch=1787351723 timeout_s=90 hard_timeout_epoch=1787351738 start_rx_bytes=689414
[2026-08-22T00:34:03+02:00] UE_SLOT_PID timestamp=2026-08-21T22:34:03+00:00 active_ues=25 slot=8 attempt=1 ue_idx=8 pid=34513
[2026-08-22T00:34:03+02:00] UE_SLOT_ASSIGN timestamp=2026-08-21T22:34:03+00:00 active_ues=25 slot=9 ue_idx=9 ue_if=uesimtun9 ue_ip=10.45.1.57 candidate_reused_global_suspect=0
[2026-08-22T00:34:03+02:00] UE_SLOT_START timestamp=2026-08-21T22:34:03+00:00 active_ues=25 slot=9 attempt=1 ue_idx=9 ue_if=uesimtun9 ue_ip=10.45.1.57 target=192.168.1.211:5210 bitrate=1M duration_s=80 planned_end_epoch=1787351723 timeout_s=90 hard_timeout_epoch=1787351738 start_rx_bytes=607179
[2026-08-22T00:34:03+02:00] UE_SLOT_PID timestamp=2026-08-21T22:34:03+00:00 active_ues=25 slot=9 attempt=1 ue_idx=9 pid=34538
[2026-08-22T00:34:03+02:00] UE_SLOT_ASSIGN timestamp=2026-08-21T22:34:03+00:00 active_ues=25 slot=10 ue_idx=10 ue_if=uesimtun10 ue_ip=10.45.1.50 candidate_reused_global_suspect=0
[2026-08-22T00:34:03+02:00] UPF_CONTROL_SAMPLE timestamp=2026-08-22T00:34:02+02:00 scenario=ue_25 pod=open5gs-upf-5b9db6d44-nsbqz uid=7b5b8ef7-a2a2-4fe9-a3e1-74acd17bd88f restarts=6 usage_cpu=345m usage_mem=36Mi request_cpu=350m request_mem=250Mi limit_cpu=none limit_mem=none vpa_target_cpu=410m vpa_target_mem=250Mi vpa_uncapped_cpu=410m vpa_uncapped_mem=250Mi vpa_lower_cpu=156m vpa_lower_mem=250Mi vpa_upper_cpu=1500m vpa_upper_mem=512Mi
[2026-08-22T00:34:03+02:00] UE_SLOT_START timestamp=2026-08-21T22:34:03+00:00 active_ues=25 slot=10 attempt=1 ue_idx=10 ue_if=uesimtun10 ue_ip=10.45.1.50 target=192.168.1.211:5211 bitrate=1M duration_s=80 planned_end_epoch=1787351723 timeout_s=90 hard_timeout_epoch=1787351738 start_rx_bytes=617928
[2026-08-22T00:34:03+02:00] UE_SLOT_PID timestamp=2026-08-21T22:34:03+00:00 active_ues=25 slot=10 attempt=1 ue_idx=10 pid=34563
[2026-08-22T00:34:03+02:00] UE_SLOT_ASSIGN timestamp=2026-08-21T22:34:03+00:00 active_ues=25 slot=11 ue_idx=11 ue_if=uesimtun11 ue_ip=10.45.1.60 candidate_reused_global_suspect=0
[2026-08-22T00:34:03+02:00] UE_SLOT_START timestamp=2026-08-21T22:34:03+00:00 active_ues=25 slot=11 attempt=1 ue_idx=11 ue_if=uesimtun11 ue_ip=10.45.1.60 target=192.168.1.211:5212 bitrate=1M duration_s=80 planned_end_epoch=1787351723 timeout_s=90 hard_timeout_epoch=1787351738 start_rx_bytes=540113
[2026-08-22T00:34:03+02:00] UE_SLOT_PID timestamp=2026-08-21T22:34:03+00:00 active_ues=25 slot=11 attempt=1 ue_idx=11 pid=34588
[2026-08-22T00:34:04+02:00] UE_SLOT_ASSIGN timestamp=2026-08-21T22:34:04+00:00 active_ues=25 slot=12 ue_idx=12 ue_if=uesimtun12 ue_ip=10.45.1.55 candidate_reused_global_suspect=0
[2026-08-22T00:34:04+02:00] UE_SLOT_START timestamp=2026-08-21T22:34:04+00:00 active_ues=25 slot=12 attempt=1 ue_idx=12 ue_if=uesimtun12 ue_ip=10.45.1.55 target=192.168.1.211:5213 bitrate=1M duration_s=80 planned_end_epoch=1787351724 timeout_s=90 hard_timeout_epoch=1787351739 start_rx_bytes=546727
[2026-08-22T00:34:04+02:00] UE_SLOT_PID timestamp=2026-08-21T22:34:04+00:00 active_ues=25 slot=12 attempt=1 ue_idx=12 pid=34613
[2026-08-22T00:34:04+02:00] UE_SLOT_ASSIGN timestamp=2026-08-21T22:34:04+00:00 active_ues=25 slot=13 ue_idx=13 ue_if=uesimtun13 ue_ip=10.45.1.62 candidate_reused_global_suspect=0
[2026-08-22T00:34:04+02:00] UE_SLOT_START timestamp=2026-08-21T22:34:04+00:00 active_ues=25 slot=13 attempt=1 ue_idx=13 ue_if=uesimtun13 ue_ip=10.45.1.62 target=192.168.1.211:5214 bitrate=1M duration_s=80 planned_end_epoch=1787351724 timeout_s=90 hard_timeout_epoch=1787351739 start_rx_bytes=462331
[2026-08-22T00:34:04+02:00] UE_SLOT_PID timestamp=2026-08-21T22:34:04+00:00 active_ues=25 slot=13 attempt=1 ue_idx=13 pid=34638
[2026-08-22T00:34:04+02:00] UE_SLOT_ASSIGN timestamp=2026-08-21T22:34:04+00:00 active_ues=25 slot=14 ue_idx=14 ue_if=uesimtun14 ue_ip=10.45.1.66 candidate_reused_global_suspect=0
[2026-08-22T00:34:04+02:00] UE_SLOT_START timestamp=2026-08-21T22:34:04+00:00 active_ues=25 slot=14 attempt=1 ue_idx=14 ue_if=uesimtun14 ue_ip=10.45.1.66 target=192.168.1.211:5215 bitrate=1M duration_s=80 planned_end_epoch=1787351724 timeout_s=90 hard_timeout_epoch=1787351739 start_rx_bytes=472173
[2026-08-22T00:34:04+02:00] UE_SLOT_PID timestamp=2026-08-21T22:34:04+00:00 active_ues=25 slot=14 attempt=1 ue_idx=14 pid=34663
[2026-08-22T00:34:04+02:00] UE_SLOT_ASSIGN timestamp=2026-08-21T22:34:04+00:00 active_ues=25 slot=15 ue_idx=15 ue_if=uesimtun15 ue_ip=10.45.1.64 candidate_reused_global_suspect=0
[2026-08-22T00:34:04+02:00] UE_SLOT_START timestamp=2026-08-21T22:34:04+00:00 active_ues=25 slot=15 attempt=1 ue_idx=15 ue_if=uesimtun15 ue_ip=10.45.1.64 target=192.168.1.211:5216 bitrate=1M duration_s=80 planned_end_epoch=1787351724 timeout_s=90 hard_timeout_epoch=1787351739 start_rx_bytes=352662
[2026-08-22T00:34:04+02:00] UE_SLOT_PID timestamp=2026-08-21T22:34:04+00:00 active_ues=25 slot=15 attempt=1 ue_idx=15 pid=34688
[2026-08-22T00:34:04+02:00] UE_SLOT_ASSIGN timestamp=2026-08-21T22:34:04+00:00 active_ues=25 slot=16 ue_idx=16 ue_if=uesimtun16 ue_ip=10.45.1.68 candidate_reused_global_suspect=0
[2026-08-22T00:34:04+02:00] UE_SLOT_START timestamp=2026-08-21T22:34:04+00:00 active_ues=25 slot=16 attempt=1 ue_idx=16 ue_if=uesimtun16 ue_ip=10.45.1.68 target=192.168.1.211:5217 bitrate=1M duration_s=80 planned_end_epoch=1787351724 timeout_s=90 hard_timeout_epoch=1787351739 start_rx_bytes=352385
[2026-08-22T00:34:04+02:00] UE_SLOT_PID timestamp=2026-08-21T22:34:04+00:00 active_ues=25 slot=16 attempt=1 ue_idx=16 pid=34713
[2026-08-22T00:34:05+02:00] UE_SLOT_ASSIGN timestamp=2026-08-21T22:34:05+00:00 active_ues=25 slot=17 ue_idx=17 ue_if=uesimtun17 ue_ip=10.45.1.69 candidate_reused_global_suspect=0
[2026-08-22T00:34:05+02:00] UE_SLOT_START timestamp=2026-08-21T22:34:05+00:00 active_ues=25 slot=17 attempt=1 ue_idx=17 ue_if=uesimtun17 ue_ip=10.45.1.69 target=192.168.1.211:5218 bitrate=1M duration_s=80 planned_end_epoch=1787351725 timeout_s=90 hard_timeout_epoch=1787351740 start_rx_bytes=257448
[2026-08-22T00:34:05+02:00] UE_SLOT_PID timestamp=2026-08-21T22:34:05+00:00 active_ues=25 slot=17 attempt=1 ue_idx=17 pid=34738
[2026-08-22T00:34:05+02:00] UE_SLOT_ASSIGN timestamp=2026-08-21T22:34:05+00:00 active_ues=25 slot=18 ue_idx=18 ue_if=uesimtun18 ue_ip=10.45.1.71 candidate_reused_global_suspect=0
[2026-08-22T00:34:05+02:00] UE_SLOT_START timestamp=2026-08-21T22:34:05+00:00 active_ues=25 slot=18 attempt=1 ue_idx=18 ue_if=uesimtun18 ue_ip=10.45.1.71 target=192.168.1.211:5219 bitrate=1M duration_s=80 planned_end_epoch=1787351725 timeout_s=90 hard_timeout_epoch=1787351740 start_rx_bytes=265103
[2026-08-22T00:34:05+02:00] UE_SLOT_PID timestamp=2026-08-21T22:34:05+00:00 active_ues=25 slot=18 attempt=1 ue_idx=18 pid=34763
[2026-08-22T00:34:05+02:00] UE_SLOT_ASSIGN timestamp=2026-08-21T22:34:05+00:00 active_ues=25 slot=19 ue_idx=19 ue_if=uesimtun19 ue_ip=10.45.1.72 candidate_reused_global_suspect=0
[2026-08-22T00:34:05+02:00] UE_SLOT_START timestamp=2026-08-21T22:34:05+00:00 active_ues=25 slot=19 attempt=1 ue_idx=19 ue_if=uesimtun19 ue_ip=10.45.1.72 target=192.168.1.211:5220 bitrate=1M duration_s=80 planned_end_epoch=1787351725 timeout_s=90 hard_timeout_epoch=1787351740 start_rx_bytes=189509
[2026-08-22T00:34:05+02:00] UE_SLOT_PID timestamp=2026-08-21T22:34:05+00:00 active_ues=25 slot=19 attempt=1 ue_idx=19 pid=34788
[2026-08-22T00:34:05+02:00] UE_SLOT_ASSIGN timestamp=2026-08-21T22:34:05+00:00 active_ues=25 slot=20 ue_idx=20 ue_if=uesimtun20 ue_ip=10.45.1.74 candidate_reused_global_suspect=0
[2026-08-22T00:34:05+02:00] UE_SLOT_START timestamp=2026-08-21T22:34:05+00:00 active_ues=25 slot=20 attempt=1 ue_idx=20 ue_if=uesimtun20 ue_ip=10.45.1.74 target=192.168.1.211:5221 bitrate=1M duration_s=80 planned_end_epoch=1787351725 timeout_s=90 hard_timeout_epoch=1787351740 start_rx_bytes=181346
[2026-08-22T00:34:05+02:00] UE_SLOT_PID timestamp=2026-08-21T22:34:05+00:00 active_ues=25 slot=20 attempt=1 ue_idx=20 pid=34813
[2026-08-22T00:34:06+02:00] UPF_CONTROL_SAMPLE timestamp=2026-08-22T00:34:04+02:00 scenario=ue_25 pod=open5gs-upf-5b9db6d44-nsbqz uid=7b5b8ef7-a2a2-4fe9-a3e1-74acd17bd88f restarts=6 usage_cpu=345m usage_mem=36Mi request_cpu=350m request_mem=250Mi limit_cpu=none limit_mem=none vpa_target_cpu=410m vpa_target_mem=250Mi vpa_uncapped_cpu=410m vpa_uncapped_mem=250Mi vpa_lower_cpu=156m vpa_lower_mem=250Mi vpa_upper_cpu=1500m vpa_upper_mem=512Mi
[2026-08-22T00:34:06+02:00] UE_SLOT_ASSIGN timestamp=2026-08-21T22:34:06+00:00 active_ues=25 slot=21 ue_idx=21 ue_if=uesimtun21 ue_ip=10.45.1.76 candidate_reused_global_suspect=0
[2026-08-22T00:34:06+02:00] UE_SLOT_START timestamp=2026-08-21T22:34:06+00:00 active_ues=25 slot=21 attempt=1 ue_idx=21 ue_if=uesimtun21 ue_ip=10.45.1.76 target=192.168.1.211:5222 bitrate=1M duration_s=80 planned_end_epoch=1787351726 timeout_s=90 hard_timeout_epoch=1787351741 start_rx_bytes=86942
[2026-08-22T00:34:06+02:00] UE_SLOT_PID timestamp=2026-08-21T22:34:06+00:00 active_ues=25 slot=21 attempt=1 ue_idx=21 pid=34838
[2026-08-22T00:34:06+02:00] UE_SLOT_ASSIGN timestamp=2026-08-21T22:34:06+00:00 active_ues=25 slot=22 ue_idx=22 ue_if=uesimtun22 ue_ip=10.45.1.77 candidate_reused_global_suspect=0
[2026-08-22T00:34:06+02:00] UE_SLOT_START timestamp=2026-08-21T22:34:06+00:00 active_ues=25 slot=22 attempt=1 ue_idx=22 ue_if=uesimtun22 ue_ip=10.45.1.77 target=192.168.1.211:5223 bitrate=1M duration_s=80 planned_end_epoch=1787351726 timeout_s=90 hard_timeout_epoch=1787351741 start_rx_bytes=103063
[2026-08-22T00:34:06+02:00] UE_SLOT_PID timestamp=2026-08-21T22:34:06+00:00 active_ues=25 slot=22 attempt=1 ue_idx=22 pid=34863
[2026-08-22T00:34:06+02:00] UE_SLOT_ASSIGN timestamp=2026-08-21T22:34:06+00:00 active_ues=25 slot=23 ue_idx=23 ue_if=uesimtun23 ue_ip=10.45.1.81 candidate_reused_global_suspect=0
[2026-08-22T00:34:06+02:00] UE_SLOT_START timestamp=2026-08-21T22:34:06+00:00 active_ues=25 slot=23 attempt=1 ue_idx=23 ue_if=uesimtun23 ue_ip=10.45.1.81 target=192.168.1.211:5224 bitrate=1M duration_s=80 planned_end_epoch=1787351726 timeout_s=90 hard_timeout_epoch=1787351741 start_rx_bytes=0
[2026-08-22T00:34:06+02:00] UE_SLOT_PID timestamp=2026-08-21T22:34:06+00:00 active_ues=25 slot=23 attempt=1 ue_idx=23 pid=34888
[2026-08-22T00:34:06+02:00] UE_SLOT_ASSIGN timestamp=2026-08-21T22:34:06+00:00 active_ues=25 slot=24 ue_idx=24 ue_if=uesimtun24 ue_ip=10.45.1.83 candidate_reused_global_suspect=0
[2026-08-22T00:34:06+02:00] UE_SLOT_START timestamp=2026-08-21T22:34:06+00:00 active_ues=25 slot=24 attempt=1 ue_idx=24 ue_if=uesimtun24 ue_ip=10.45.1.83 target=192.168.1.211:5225 bitrate=1M duration_s=80 planned_end_epoch=1787351726 timeout_s=90 hard_timeout_epoch=1787351741 start_rx_bytes=0
[2026-08-22T00:34:06+02:00] UE_SLOT_PID timestamp=2026-08-21T22:34:06+00:00 active_ues=25 slot=24 attempt=1 ue_idx=24 pid=34913
[2026-08-22T00:34:07+02:00] IPERF_MAPPING_SUMMARY timestamp=2026-08-21T22:34:06+00:00 active_ues=25 registered_tunnels=50 initial_ports=5201-5225 replacement_ports=5251-5265 bitrate=1M start_delay=0.05 detection=no_rx_counter replacement_min_duration_s=5 adaptive_extension_max_s=1 iperf_exit_grace_s=3 server_busy_port_rebinds=1 late_replacement_after_end=disabled wait_for_iperf_exit=until_timeout global_suspect_policy=soft_reuse ramp_supervision=after_initial_start
[2026-08-22T00:34:09+02:00] UPF_CONTROL_SAMPLE timestamp=2026-08-22T00:34:07+02:00 scenario=ue_25 pod=open5gs-upf-5b9db6d44-nsbqz uid=7b5b8ef7-a2a2-4fe9-a3e1-74acd17bd88f restarts=6 usage_cpu=345m usage_mem=36Mi request_cpu=350m request_mem=250Mi limit_cpu=none limit_mem=none vpa_target_cpu=410m vpa_target_mem=250Mi vpa_uncapped_cpu=410m vpa_uncapped_mem=250Mi vpa_lower_cpu=156m vpa_lower_mem=250Mi vpa_upper_cpu=1500m vpa_upper_mem=512Mi
[2026-08-22T00:34:11+02:00] UPF_CONTROL_SAMPLE timestamp=2026-08-22T00:34:10+02:00 scenario=ue_25 pod=open5gs-upf-5b9db6d44-nsbqz uid=7b5b8ef7-a2a2-4fe9-a3e1-74acd17bd88f restarts=6 usage_cpu=159m usage_mem=36Mi request_cpu=350m request_mem=250Mi limit_cpu=none limit_mem=none vpa_target_cpu=410m vpa_target_mem=250Mi vpa_uncapped_cpu=410m vpa_uncapped_mem=250Mi vpa_lower_cpu=156m vpa_lower_mem=250Mi vpa_upper_cpu=1500m vpa_upper_mem=512Mi
[2026-08-22T00:34:13+02:00] UPF_CONTROL_SAMPLE timestamp=2026-08-22T00:34:12+02:00 scenario=ue_25 pod=open5gs-upf-5b9db6d44-nsbqz uid=7b5b8ef7-a2a2-4fe9-a3e1-74acd17bd88f restarts=6 usage_cpu=159m usage_mem=36Mi request_cpu=350m request_mem=250Mi limit_cpu=none limit_mem=none vpa_target_cpu=410m vpa_target_mem=250Mi vpa_uncapped_cpu=410m vpa_uncapped_mem=250Mi vpa_lower_cpu=156m vpa_lower_mem=250Mi vpa_upper_cpu=1500m vpa_upper_mem=512Mi
[2026-08-22T00:34:16+02:00] UPF_CONTROL_SAMPLE timestamp=2026-08-22T00:34:14+02:00 scenario=ue_25 pod=open5gs-upf-5b9db6d44-nsbqz uid=7b5b8ef7-a2a2-4fe9-a3e1-74acd17bd88f restarts=6 usage_cpu=159m usage_mem=36Mi request_cpu=350m request_mem=250Mi limit_cpu=none limit_mem=none vpa_target_cpu=410m vpa_target_mem=250Mi vpa_uncapped_cpu=410m vpa_uncapped_mem=250Mi vpa_lower_cpu=156m vpa_lower_mem=250Mi vpa_upper_cpu=1500m vpa_upper_mem=512Mi
[2026-08-22T00:34:18+02:00] UPF_CONTROL_SAMPLE timestamp=2026-08-22T00:34:17+02:00 scenario=ue_25 pod=open5gs-upf-5b9db6d44-nsbqz uid=7b5b8ef7-a2a2-4fe9-a3e1-74acd17bd88f restarts=6 usage_cpu=159m usage_mem=36Mi request_cpu=350m request_mem=250Mi limit_cpu=none limit_mem=none vpa_target_cpu=410m vpa_target_mem=250Mi vpa_uncapped_cpu=410m vpa_uncapped_mem=250Mi vpa_lower_cpu=156m vpa_lower_mem=250Mi vpa_upper_cpu=1500m vpa_upper_mem=512Mi
[2026-08-22T00:34:21+02:00] UPF_CONTROL_SAMPLE timestamp=2026-08-22T00:34:19+02:00 scenario=ue_25 pod=open5gs-upf-5b9db6d44-nsbqz uid=7b5b8ef7-a2a2-4fe9-a3e1-74acd17bd88f restarts=6 usage_cpu=159m usage_mem=36Mi request_cpu=350m request_mem=250Mi limit_cpu=none limit_mem=none vpa_target_cpu=410m vpa_target_mem=250Mi vpa_uncapped_cpu=410m vpa_uncapped_mem=250Mi vpa_lower_cpu=156m vpa_lower_mem=250Mi vpa_upper_cpu=1500m vpa_upper_mem=512Mi
[2026-08-22T00:34:24+02:00] UPF_CONTROL_SAMPLE timestamp=2026-08-22T00:34:22+02:00 scenario=ue_25 pod=open5gs-upf-5b9db6d44-nsbqz uid=7b5b8ef7-a2a2-4fe9-a3e1-74acd17bd88f restarts=6 usage_cpu=159m usage_mem=36Mi request_cpu=350m request_mem=250Mi limit_cpu=none limit_mem=none vpa_target_cpu=410m vpa_target_mem=250Mi vpa_uncapped_cpu=410m vpa_uncapped_mem=250Mi vpa_lower_cpu=156m vpa_lower_mem=250Mi vpa_upper_cpu=1500m vpa_upper_mem=512Mi
[2026-08-22T00:34:26+02:00] UPF_CONTROL_SAMPLE timestamp=2026-08-22T00:34:25+02:00 scenario=ue_25 pod=open5gs-upf-5b9db6d44-nsbqz uid=7b5b8ef7-a2a2-4fe9-a3e1-74acd17bd88f restarts=6 usage_cpu=387m usage_mem=36Mi request_cpu=350m request_mem=250Mi limit_cpu=none limit_mem=none vpa_target_cpu=410m vpa_target_mem=250Mi vpa_uncapped_cpu=410m vpa_uncapped_mem=250Mi vpa_lower_cpu=156m vpa_lower_mem=250Mi vpa_upper_cpu=1500m vpa_upper_mem=512Mi
[2026-08-22T00:34:28+02:00] UPF_REQUEST_CHANGE timestamp=2026-08-22T00:34:27+02:00 scenario=ue_25 pod=open5gs-upf-5b9db6d44-nsbqz uid=7b5b8ef7-a2a2-4fe9-a3e1-74acd17bd88f restarts=6 old='request_cpu=350m request_mem=250Mi limit_cpu=none limit_mem=none' new='request_cpu=410m request_mem=250Mi limit_cpu=none limit_mem=none' previous_5s_sample='timestamp=2026-08-22T00:34:22+02:00 scenario=ue_25 pod=open5gs-upf-5b9db6d44-nsbqz uid=7b5b8ef7-a2a2-4fe9-a3e1-74acd17bd88f restarts=6 usage_cpu=159m usage_mem=36Mi request_cpu=350m request_mem=250Mi limit_cpu=none limit_mem=none vpa_target_cpu=410m vpa_target_mem=250Mi vpa_uncapped_cpu=410m vpa_uncapped_mem=250Mi vpa_lower_cpu=156m vpa_lower_mem=250Mi vpa_upper_cpu=1500m vpa_upper_mem=512Mi' current_sample='timestamp=2026-08-22T00:34:27+02:00 scenario=ue_25 pod=open5gs-upf-5b9db6d44-nsbqz uid=7b5b8ef7-a2a2-4fe9-a3e1-74acd17bd88f restarts=6 usage_cpu=387m usage_mem=36Mi request_cpu=410m request_mem=250Mi limit_cpu=none limit_mem=none vpa_target_cpu=410m vpa_target_mem=250Mi vpa_uncapped_cpu=410m vpa_uncapped_mem=250Mi vpa_lower_cpu=156m vpa_lower_mem=250Mi vpa_upper_cpu=1500m vpa_upper_mem=512Mi'
[2026-08-22T00:34:28+02:00] UPF_CONTROL_SAMPLE timestamp=2026-08-22T00:34:27+02:00 scenario=ue_25 pod=open5gs-upf-5b9db6d44-nsbqz uid=7b5b8ef7-a2a2-4fe9-a3e1-74acd17bd88f restarts=6 usage_cpu=387m usage_mem=36Mi request_cpu=410m request_mem=250Mi limit_cpu=none limit_mem=none vpa_target_cpu=410m vpa_target_mem=250Mi vpa_uncapped_cpu=410m vpa_uncapped_mem=250Mi vpa_lower_cpu=156m vpa_lower_mem=250Mi vpa_upper_cpu=1500m vpa_upper_mem=512Mi
[2026-08-22T00:34:31+02:00] UPF_CONTROL_SAMPLE timestamp=2026-08-22T00:34:29+02:00 scenario=ue_25 pod=open5gs-upf-5b9db6d44-nsbqz uid=7b5b8ef7-a2a2-4fe9-a3e1-74acd17bd88f restarts=6 usage_cpu=387m usage_mem=36Mi request_cpu=410m request_mem=250Mi limit_cpu=none limit_mem=none vpa_target_cpu=410m vpa_target_mem=250Mi vpa_uncapped_cpu=410m vpa_uncapped_mem=250Mi vpa_lower_cpu=156m vpa_lower_mem=250Mi vpa_upper_cpu=1500m vpa_upper_mem=512Mi
[2026-08-22T00:34:33+02:00] VPA_RECOMMENDATION_CHANGE timestamp=2026-08-22T00:34:32+02:00 scenario=ue_25 old='vpa_target_cpu=410m vpa_target_mem=250Mi vpa_uncapped_cpu=410m vpa_uncapped_mem=250Mi vpa_lower_cpu=156m vpa_lower_mem=250Mi vpa_upper_cpu=1500m vpa_upper_mem=512Mi' new='vpa_target_cpu=410m vpa_target_mem=250Mi vpa_uncapped_cpu=410m vpa_uncapped_mem=250Mi vpa_lower_cpu=175m vpa_lower_mem=250Mi vpa_upper_cpu=1500m vpa_upper_mem=512Mi' previous_5s_sample='timestamp=2026-08-22T00:34:27+02:00 scenario=ue_25 pod=open5gs-upf-5b9db6d44-nsbqz uid=7b5b8ef7-a2a2-4fe9-a3e1-74acd17bd88f restarts=6 usage_cpu=387m usage_mem=36Mi request_cpu=410m request_mem=250Mi limit_cpu=none limit_mem=none vpa_target_cpu=410m vpa_target_mem=250Mi vpa_uncapped_cpu=410m vpa_uncapped_mem=250Mi vpa_lower_cpu=156m vpa_lower_mem=250Mi vpa_upper_cpu=1500m vpa_upper_mem=512Mi' current_sample='timestamp=2026-08-22T00:34:32+02:00 scenario=ue_25 pod=open5gs-upf-5b9db6d44-nsbqz uid=7b5b8ef7-a2a2-4fe9-a3e1-74acd17bd88f restarts=6 usage_cpu=387m usage_mem=36Mi request_cpu=410m request_mem=250Mi limit_cpu=none limit_mem=none vpa_target_cpu=410m vpa_target_mem=250Mi vpa_uncapped_cpu=410m vpa_uncapped_mem=250Mi vpa_lower_cpu=175m vpa_lower_mem=250Mi vpa_upper_cpu=1500m vpa_upper_mem=512Mi'
[2026-08-22T00:34:33+02:00] UPF_CONTROL_SAMPLE timestamp=2026-08-22T00:34:32+02:00 scenario=ue_25 pod=open5gs-upf-5b9db6d44-nsbqz uid=7b5b8ef7-a2a2-4fe9-a3e1-74acd17bd88f restarts=6 usage_cpu=387m usage_mem=36Mi request_cpu=410m request_mem=250Mi limit_cpu=none limit_mem=none vpa_target_cpu=410m vpa_target_mem=250Mi vpa_uncapped_cpu=410m vpa_uncapped_mem=250Mi vpa_lower_cpu=175m vpa_lower_mem=250Mi vpa_upper_cpu=1500m vpa_upper_mem=512Mi
[2026-08-22T00:34:35+02:00] UPF_CONTROL_SAMPLE timestamp=2026-08-22T00:34:34+02:00 scenario=ue_25 pod=open5gs-upf-5b9db6d44-nsbqz uid=7b5b8ef7-a2a2-4fe9-a3e1-74acd17bd88f restarts=6 usage_cpu=387m usage_mem=36Mi request_cpu=410m request_mem=250Mi limit_cpu=none limit_mem=none vpa_target_cpu=410m vpa_target_mem=250Mi vpa_uncapped_cpu=410m vpa_uncapped_mem=250Mi vpa_lower_cpu=175m vpa_lower_mem=250Mi vpa_upper_cpu=1500m vpa_upper_mem=512Mi
[2026-08-22T00:34:38+02:00] UPF_CONTROL_SAMPLE timestamp=2026-08-22T00:34:36+02:00 scenario=ue_25 pod=open5gs-upf-5b9db6d44-nsbqz uid=7b5b8ef7-a2a2-4fe9-a3e1-74acd17bd88f restarts=6 usage_cpu=387m usage_mem=36Mi request_cpu=410m request_mem=250Mi limit_cpu=none limit_mem=none vpa_target_cpu=410m vpa_target_mem=250Mi vpa_uncapped_cpu=410m vpa_uncapped_mem=250Mi vpa_lower_cpu=175m vpa_lower_mem=250Mi vpa_upper_cpu=1500m vpa_upper_mem=512Mi
[2026-08-22T00:34:40+02:00] UPF_CONTROL_SAMPLE timestamp=2026-08-22T00:34:39+02:00 scenario=ue_25 pod=open5gs-upf-5b9db6d44-nsbqz uid=7b5b8ef7-a2a2-4fe9-a3e1-74acd17bd88f restarts=6 usage_cpu=387m usage_mem=36Mi request_cpu=410m request_mem=250Mi limit_cpu=none limit_mem=none vpa_target_cpu=410m vpa_target_mem=250Mi vpa_uncapped_cpu=410m vpa_uncapped_mem=250Mi vpa_lower_cpu=175m vpa_lower_mem=250Mi vpa_upper_cpu=1500m vpa_upper_mem=512Mi
[2026-08-22T00:34:42+02:00] UPF_CONTROL_SAMPLE timestamp=2026-08-22T00:34:41+02:00 scenario=ue_25 pod=open5gs-upf-5b9db6d44-nsbqz uid=7b5b8ef7-a2a2-4fe9-a3e1-74acd17bd88f restarts=6 usage_cpu=398m usage_mem=36Mi request_cpu=410m request_mem=250Mi limit_cpu=none limit_mem=none vpa_target_cpu=410m vpa_target_mem=250Mi vpa_uncapped_cpu=410m vpa_uncapped_mem=250Mi vpa_lower_cpu=175m vpa_lower_mem=250Mi vpa_upper_cpu=1500m vpa_upper_mem=512Mi
[2026-08-22T00:34:45+02:00] UPF_CONTROL_SAMPLE timestamp=2026-08-22T00:34:43+02:00 scenario=ue_25 pod=open5gs-upf-5b9db6d44-nsbqz uid=7b5b8ef7-a2a2-4fe9-a3e1-74acd17bd88f restarts=6 usage_cpu=398m usage_mem=36Mi request_cpu=410m request_mem=250Mi limit_cpu=none limit_mem=none vpa_target_cpu=410m vpa_target_mem=250Mi vpa_uncapped_cpu=410m vpa_uncapped_mem=250Mi vpa_lower_cpu=175m vpa_lower_mem=250Mi vpa_upper_cpu=1500m vpa_upper_mem=512Mi
[2026-08-22T00:34:47+02:00] UPF_CONTROL_SAMPLE timestamp=2026-08-22T00:34:46+02:00 scenario=ue_25 pod=open5gs-upf-5b9db6d44-nsbqz uid=7b5b8ef7-a2a2-4fe9-a3e1-74acd17bd88f restarts=6 usage_cpu=398m usage_mem=36Mi request_cpu=410m request_mem=250Mi limit_cpu=none limit_mem=none vpa_target_cpu=410m vpa_target_mem=250Mi vpa_uncapped_cpu=410m vpa_uncapped_mem=250Mi vpa_lower_cpu=175m vpa_lower_mem=250Mi vpa_upper_cpu=1500m vpa_upper_mem=512Mi
[2026-08-22T00:34:49+02:00] UPF_CONTROL_SAMPLE timestamp=2026-08-22T00:34:48+02:00 scenario=ue_25 pod=open5gs-upf-5b9db6d44-nsbqz uid=7b5b8ef7-a2a2-4fe9-a3e1-74acd17bd88f restarts=6 usage_cpu=398m usage_mem=36Mi request_cpu=410m request_mem=250Mi limit_cpu=none limit_mem=none vpa_target_cpu=410m vpa_target_mem=250Mi vpa_uncapped_cpu=410m vpa_uncapped_mem=250Mi vpa_lower_cpu=175m vpa_lower_mem=250Mi vpa_upper_cpu=1500m vpa_upper_mem=512Mi
[2026-08-22T00:34:52+02:00] UPF_CONTROL_SAMPLE timestamp=2026-08-22T00:34:50+02:00 scenario=ue_25 pod=open5gs-upf-5b9db6d44-nsbqz uid=7b5b8ef7-a2a2-4fe9-a3e1-74acd17bd88f restarts=6 usage_cpu=398m usage_mem=36Mi request_cpu=410m request_mem=250Mi limit_cpu=none limit_mem=none vpa_target_cpu=410m vpa_target_mem=250Mi vpa_uncapped_cpu=410m vpa_uncapped_mem=250Mi vpa_lower_cpu=175m vpa_lower_mem=250Mi vpa_upper_cpu=1500m vpa_upper_mem=512Mi
[2026-08-22T00:34:54+02:00] UPF_CONTROL_SAMPLE timestamp=2026-08-22T00:34:53+02:00 scenario=ue_25 pod=open5gs-upf-5b9db6d44-nsbqz uid=7b5b8ef7-a2a2-4fe9-a3e1-74acd17bd88f restarts=6 usage_cpu=398m usage_mem=36Mi request_cpu=410m request_mem=250Mi limit_cpu=none limit_mem=none vpa_target_cpu=410m vpa_target_mem=250Mi vpa_uncapped_cpu=410m vpa_uncapped_mem=250Mi vpa_lower_cpu=175m vpa_lower_mem=250Mi vpa_upper_cpu=1500m vpa_upper_mem=512Mi
[2026-08-22T00:34:57+02:00] UPF_CONTROL_SAMPLE timestamp=2026-08-22T00:34:55+02:00 scenario=ue_25 pod=open5gs-upf-5b9db6d44-nsbqz uid=7b5b8ef7-a2a2-4fe9-a3e1-74acd17bd88f restarts=6 usage_cpu=380m usage_mem=36Mi request_cpu=410m request_mem=250Mi limit_cpu=none limit_mem=none vpa_target_cpu=410m vpa_target_mem=250Mi vpa_uncapped_cpu=410m vpa_uncapped_mem=250Mi vpa_lower_cpu=175m vpa_lower_mem=250Mi vpa_upper_cpu=1500m vpa_upper_mem=512Mi
[2026-08-22T00:34:59+02:00] UPF_CONTROL_SAMPLE timestamp=2026-08-22T00:34:58+02:00 scenario=ue_25 pod=open5gs-upf-5b9db6d44-nsbqz uid=7b5b8ef7-a2a2-4fe9-a3e1-74acd17bd88f restarts=6 usage_cpu=380m usage_mem=36Mi request_cpu=410m request_mem=250Mi limit_cpu=none limit_mem=none vpa_target_cpu=410m vpa_target_mem=250Mi vpa_uncapped_cpu=410m vpa_uncapped_mem=250Mi vpa_lower_cpu=175m vpa_lower_mem=250Mi vpa_upper_cpu=1500m vpa_upper_mem=512Mi
[2026-08-22T00:35:01+02:00] UPF_CONTROL_SAMPLE timestamp=2026-08-22T00:35:00+02:00 scenario=ue_25 pod=open5gs-upf-5b9db6d44-nsbqz uid=7b5b8ef7-a2a2-4fe9-a3e1-74acd17bd88f restarts=6 usage_cpu=380m usage_mem=36Mi request_cpu=410m request_mem=250Mi limit_cpu=none limit_mem=none vpa_target_cpu=410m vpa_target_mem=250Mi vpa_uncapped_cpu=410m vpa_uncapped_mem=250Mi vpa_lower_cpu=175m vpa_lower_mem=250Mi vpa_upper_cpu=1500m vpa_upper_mem=512Mi
[2026-08-22T00:35:03+02:00] UPF_CONTROL_SAMPLE timestamp=2026-08-22T00:35:02+02:00 scenario=ue_25 pod=open5gs-upf-5b9db6d44-nsbqz uid=7b5b8ef7-a2a2-4fe9-a3e1-74acd17bd88f restarts=6 usage_cpu=380m usage_mem=36Mi request_cpu=410m request_mem=250Mi limit_cpu=none limit_mem=none vpa_target_cpu=410m vpa_target_mem=250Mi vpa_uncapped_cpu=410m vpa_uncapped_mem=250Mi vpa_lower_cpu=175m vpa_lower_mem=250Mi vpa_upper_cpu=1500m vpa_upper_mem=512Mi
[2026-08-22T00:35:06+02:00] UPF_CONTROL_SAMPLE timestamp=2026-08-22T00:35:04+02:00 scenario=ue_25 pod=open5gs-upf-5b9db6d44-nsbqz uid=7b5b8ef7-a2a2-4fe9-a3e1-74acd17bd88f restarts=6 usage_cpu=380m usage_mem=36Mi request_cpu=410m request_mem=250Mi limit_cpu=none limit_mem=none vpa_target_cpu=410m vpa_target_mem=250Mi vpa_uncapped_cpu=410m vpa_uncapped_mem=250Mi vpa_lower_cpu=175m vpa_lower_mem=250Mi vpa_upper_cpu=1500m vpa_upper_mem=512Mi
[2026-08-22T00:35:08+02:00] UPF_CONTROL_SAMPLE timestamp=2026-08-22T00:35:07+02:00 scenario=ue_25 pod=open5gs-upf-5b9db6d44-nsbqz uid=7b5b8ef7-a2a2-4fe9-a3e1-74acd17bd88f restarts=6 usage_cpu=380m usage_mem=36Mi request_cpu=410m request_mem=250Mi limit_cpu=none limit_mem=none vpa_target_cpu=410m vpa_target_mem=250Mi vpa_uncapped_cpu=410m vpa_uncapped_mem=250Mi vpa_lower_cpu=175m vpa_lower_mem=250Mi vpa_upper_cpu=1500m vpa_upper_mem=512Mi
[2026-08-22T00:35:10+02:00] UPF_CONTROL_SAMPLE timestamp=2026-08-22T00:35:09+02:00 scenario=ue_25 pod=open5gs-upf-5b9db6d44-nsbqz uid=7b5b8ef7-a2a2-4fe9-a3e1-74acd17bd88f restarts=6 usage_cpu=383m usage_mem=36Mi request_cpu=410m request_mem=250Mi limit_cpu=none limit_mem=none vpa_target_cpu=410m vpa_target_mem=250Mi vpa_uncapped_cpu=410m vpa_uncapped_mem=250Mi vpa_lower_cpu=175m vpa_lower_mem=250Mi vpa_upper_cpu=1500m vpa_upper_mem=512Mi
[2026-08-22T00:35:13+02:00] UPF_CONTROL_SAMPLE timestamp=2026-08-22T00:35:11+02:00 scenario=ue_25 pod=open5gs-upf-5b9db6d44-nsbqz uid=7b5b8ef7-a2a2-4fe9-a3e1-74acd17bd88f restarts=6 usage_cpu=383m usage_mem=36Mi request_cpu=410m request_mem=250Mi limit_cpu=none limit_mem=none vpa_target_cpu=410m vpa_target_mem=250Mi vpa_uncapped_cpu=410m vpa_uncapped_mem=250Mi vpa_lower_cpu=175m vpa_lower_mem=250Mi vpa_upper_cpu=1500m vpa_upper_mem=512Mi
[2026-08-22T00:35:15+02:00] UPF_CONTROL_SAMPLE timestamp=2026-08-22T00:35:14+02:00 scenario=ue_25 pod=open5gs-upf-5b9db6d44-nsbqz uid=7b5b8ef7-a2a2-4fe9-a3e1-74acd17bd88f restarts=6 usage_cpu=383m usage_mem=36Mi request_cpu=410m request_mem=250Mi limit_cpu=none limit_mem=none vpa_target_cpu=410m vpa_target_mem=250Mi vpa_uncapped_cpu=410m vpa_uncapped_mem=250Mi vpa_lower_cpu=175m vpa_lower_mem=250Mi vpa_upper_cpu=1500m vpa_upper_mem=512Mi
[2026-08-22T00:35:18+02:00] UPF_CONTROL_SAMPLE timestamp=2026-08-22T00:35:16+02:00 scenario=ue_25 pod=open5gs-upf-5b9db6d44-nsbqz uid=7b5b8ef7-a2a2-4fe9-a3e1-74acd17bd88f restarts=6 usage_cpu=383m usage_mem=36Mi request_cpu=410m request_mem=250Mi limit_cpu=none limit_mem=none vpa_target_cpu=410m vpa_target_mem=250Mi vpa_uncapped_cpu=410m vpa_uncapped_mem=250Mi vpa_lower_cpu=175m vpa_lower_mem=250Mi vpa_upper_cpu=1500m vpa_upper_mem=512Mi
[2026-08-22T00:35:21+02:00] UPF_CONTROL_SAMPLE timestamp=2026-08-22T00:35:19+02:00 scenario=ue_25 pod=open5gs-upf-5b9db6d44-nsbqz uid=7b5b8ef7-a2a2-4fe9-a3e1-74acd17bd88f restarts=6 usage_cpu=383m usage_mem=36Mi request_cpu=410m request_mem=250Mi limit_cpu=none limit_mem=none vpa_target_cpu=410m vpa_target_mem=250Mi vpa_uncapped_cpu=410m vpa_uncapped_mem=250Mi vpa_lower_cpu=175m vpa_lower_mem=250Mi vpa_upper_cpu=1500m vpa_upper_mem=512Mi
[2026-08-22T00:35:21+02:00] UE_SLOT_DONE timestamp=2026-08-21T22:35:21+00:00 active_ues=25 slot=0 attempt=1 ue_idx=0 ue_if=uesimtun0 ue_ip=10.45.1.46 port=5201 rc=0 replacements_for_slot=0 server_busy_retries_for_slot=0
[2026-08-22T00:35:23+02:00] UE_SLOT_DONE timestamp=2026-08-21T22:35:23+00:00 active_ues=25 slot=1 attempt=1 ue_idx=1 ue_if=uesimtun1 ue_ip=10.45.1.47 port=5202 rc=0 replacements_for_slot=0 server_busy_retries_for_slot=0
[2026-08-22T00:35:23+02:00] UE_SLOT_DONE timestamp=2026-08-21T22:35:23+00:00 active_ues=25 slot=2 attempt=1 ue_idx=2 ue_if=uesimtun2 ue_ip=10.45.1.48 port=5203 rc=0 replacements_for_slot=0 server_busy_retries_for_slot=0
[2026-08-22T00:35:23+02:00] UE_SLOT_DONE timestamp=2026-08-21T22:35:23+00:00 active_ues=25 slot=3 attempt=1 ue_idx=3 ue_if=uesimtun3 ue_ip=10.45.1.49 port=5204 rc=0 replacements_for_slot=0 server_busy_retries_for_slot=0
[2026-08-22T00:35:23+02:00] UE_SLOT_DONE timestamp=2026-08-21T22:35:23+00:00 active_ues=25 slot=4 attempt=1 ue_idx=4 ue_if=uesimtun4 ue_ip=10.45.1.51 port=5205 rc=0 replacements_for_slot=0 server_busy_retries_for_slot=0
[2026-08-22T00:35:23+02:00] UE_SLOT_DONE timestamp=2026-08-21T22:35:23+00:00 active_ues=25 slot=5 attempt=1 ue_idx=5 ue_if=uesimtun5 ue_ip=10.45.1.52 port=5206 rc=0 replacements_for_slot=0 server_busy_retries_for_slot=0
[2026-08-22T00:35:23+02:00] UE_SLOT_DONE timestamp=2026-08-21T22:35:23+00:00 active_ues=25 slot=6 attempt=1 ue_idx=6 ue_if=uesimtun6 ue_ip=10.45.1.53 port=5207 rc=0 replacements_for_slot=0 server_busy_retries_for_slot=0
[2026-08-22T00:35:23+02:00] UE_SLOT_DONE timestamp=2026-08-21T22:35:23+00:00 active_ues=25 slot=7 attempt=1 ue_idx=7 ue_if=uesimtun7 ue_ip=10.45.1.54 port=5208 rc=0 replacements_for_slot=0 server_busy_retries_for_slot=0
[2026-08-22T00:35:23+02:00] UE_SLOT_DONE timestamp=2026-08-21T22:35:23+00:00 active_ues=25 slot=8 attempt=1 ue_idx=8 ue_if=uesimtun8 ue_ip=10.45.1.56 port=5209 rc=0 replacements_for_slot=0 server_busy_retries_for_slot=0
[2026-08-22T00:35:23+02:00] UE_SLOT_DONE timestamp=2026-08-21T22:35:23+00:00 active_ues=25 slot=9 attempt=1 ue_idx=9 ue_if=uesimtun9 ue_ip=10.45.1.57 port=5210 rc=0 replacements_for_slot=0 server_busy_retries_for_slot=0
[2026-08-22T00:35:24+02:00] UPF_CONTROL_SAMPLE timestamp=2026-08-22T00:35:22+02:00 scenario=ue_25 pod=open5gs-upf-5b9db6d44-nsbqz uid=7b5b8ef7-a2a2-4fe9-a3e1-74acd17bd88f restarts=6 usage_cpu=383m usage_mem=36Mi request_cpu=410m request_mem=250Mi limit_cpu=none limit_mem=none vpa_target_cpu=410m vpa_target_mem=250Mi vpa_uncapped_cpu=410m vpa_uncapped_mem=250Mi vpa_lower_cpu=175m vpa_lower_mem=250Mi vpa_upper_cpu=1500m vpa_upper_mem=512Mi
[2026-08-22T00:35:24+02:00] UE_SLOT_DONE timestamp=2026-08-21T22:35:24+00:00 active_ues=25 slot=10 attempt=1 ue_idx=10 ue_if=uesimtun10 ue_ip=10.45.1.50 port=5211 rc=0 replacements_for_slot=0 server_busy_retries_for_slot=0
[2026-08-22T00:35:24+02:00] UE_SLOT_DONE timestamp=2026-08-21T22:35:24+00:00 active_ues=25 slot=11 attempt=1 ue_idx=11 ue_if=uesimtun11 ue_ip=10.45.1.60 port=5212 rc=0 replacements_for_slot=0 server_busy_retries_for_slot=0
[2026-08-22T00:35:25+02:00] UE_SLOT_DONE timestamp=2026-08-21T22:35:25+00:00 active_ues=25 slot=12 attempt=1 ue_idx=12 ue_if=uesimtun12 ue_ip=10.45.1.55 port=5213 rc=0 replacements_for_slot=0 server_busy_retries_for_slot=0
[2026-08-22T00:35:25+02:00] UE_SLOT_DONE timestamp=2026-08-21T22:35:25+00:00 active_ues=25 slot=13 attempt=1 ue_idx=13 ue_if=uesimtun13 ue_ip=10.45.1.62 port=5214 rc=0 replacements_for_slot=0 server_busy_retries_for_slot=0
[2026-08-22T00:35:25+02:00] UE_SLOT_DONE timestamp=2026-08-21T22:35:25+00:00 active_ues=25 slot=14 attempt=1 ue_idx=14 ue_if=uesimtun14 ue_ip=10.45.1.66 port=5215 rc=0 replacements_for_slot=0 server_busy_retries_for_slot=0
[2026-08-22T00:35:25+02:00] UE_SLOT_DONE timestamp=2026-08-21T22:35:25+00:00 active_ues=25 slot=15 attempt=1 ue_idx=15 ue_if=uesimtun15 ue_ip=10.45.1.64 port=5216 rc=0 replacements_for_slot=0 server_busy_retries_for_slot=0
[2026-08-22T00:35:25+02:00] UE_SLOT_DONE timestamp=2026-08-21T22:35:25+00:00 active_ues=25 slot=16 attempt=1 ue_idx=16 ue_if=uesimtun16 ue_ip=10.45.1.68 port=5217 rc=0 replacements_for_slot=0 server_busy_retries_for_slot=0
[2026-08-22T00:35:25+02:00] UE_SLOT_DONE timestamp=2026-08-21T22:35:25+00:00 active_ues=25 slot=17 attempt=1 ue_idx=17 ue_if=uesimtun17 ue_ip=10.45.1.69 port=5218 rc=0 replacements_for_slot=0 server_busy_retries_for_slot=0
[2026-08-22T00:35:25+02:00] UE_SLOT_DONE timestamp=2026-08-21T22:35:25+00:00 active_ues=25 slot=18 attempt=1 ue_idx=18 ue_if=uesimtun18 ue_ip=10.45.1.71 port=5219 rc=0 replacements_for_slot=0 server_busy_retries_for_slot=0
[2026-08-22T00:35:26+02:00] UPF_CONTROL_SAMPLE timestamp=2026-08-22T00:35:25+02:00 scenario=ue_25 pod=open5gs-upf-5b9db6d44-nsbqz uid=7b5b8ef7-a2a2-4fe9-a3e1-74acd17bd88f restarts=6 usage_cpu=378m usage_mem=36Mi request_cpu=410m request_mem=250Mi limit_cpu=none limit_mem=none vpa_target_cpu=410m vpa_target_mem=250Mi vpa_uncapped_cpu=410m vpa_uncapped_mem=250Mi vpa_lower_cpu=175m vpa_lower_mem=250Mi vpa_upper_cpu=1500m vpa_upper_mem=512Mi
[2026-08-22T00:35:27+02:00] UE_SLOT_DONE timestamp=2026-08-21T22:35:27+00:00 active_ues=25 slot=19 attempt=1 ue_idx=19 ue_if=uesimtun19 ue_ip=10.45.1.72 port=5220 rc=0 replacements_for_slot=0 server_busy_retries_for_slot=0
[2026-08-22T00:35:27+02:00] UE_SLOT_DONE timestamp=2026-08-21T22:35:27+00:00 active_ues=25 slot=20 attempt=1 ue_idx=20 ue_if=uesimtun20 ue_ip=10.45.1.74 port=5221 rc=0 replacements_for_slot=0 server_busy_retries_for_slot=0
[2026-08-22T00:35:27+02:00] UE_SLOT_DONE timestamp=2026-08-21T22:35:27+00:00 active_ues=25 slot=21 attempt=1 ue_idx=21 ue_if=uesimtun21 ue_ip=10.45.1.76 port=5222 rc=0 replacements_for_slot=0 server_busy_retries_for_slot=0
[2026-08-22T00:35:27+02:00] UE_SLOT_DONE timestamp=2026-08-21T22:35:27+00:00 active_ues=25 slot=22 attempt=1 ue_idx=22 ue_if=uesimtun22 ue_ip=10.45.1.77 port=5223 rc=0 replacements_for_slot=0 server_busy_retries_for_slot=0
[2026-08-22T00:35:27+02:00] UE_SLOT_DONE timestamp=2026-08-21T22:35:27+00:00 active_ues=25 slot=23 attempt=1 ue_idx=23 ue_if=uesimtun23 ue_ip=10.45.1.81 port=5224 rc=0 replacements_for_slot=0 server_busy_retries_for_slot=0
[2026-08-22T00:35:27+02:00] UE_SLOT_DONE timestamp=2026-08-21T22:35:27+00:00 active_ues=25 slot=24 attempt=1 ue_idx=24 ue_if=uesimtun24 ue_ip=10.45.1.83 port=5225 rc=0 replacements_for_slot=0 server_busy_retries_for_slot=0
[2026-08-22T00:35:28+02:00] TRAFFIC_SUMMARY timestamp=2026-08-21T22:35:28+00:00 registered_tunnels=50 active_ues=25 target_slots=25 completed_slots=25 final_failed_slots=0 replacements=0 problematic_ues=0 zombie_ues=0 connect_timeouts=0 stalls=0 deferred_stalls=0 process_failures=0 server_busy_retries=0 server_busy_failures=0 late_timeouts_accepted=0 scenario_bad_ues=0 global_suspect_ues=0 used_ues=25 target_host=192.168.1.211 initial_ports=5201-5225 replacement_ports=5251-5265 bitrate=1M start_delay=0.05 detection=no_rx_counter replacement_min_duration_s=5 adaptive_extension_max_s=1 iperf_exit_grace_s=3 server_busy_retries_limit=1 server_busy_retry_delay_s=2 late_replacement_after_end=disabled wait_for_iperf_exit=until_timeout global_suspect_policy=soft_reuse ramp_supervision=after_initial_start
[2026-08-22T00:35:28+02:00] UE_POOL_SCENARIO_BAD_CURRENT timestamp=2026-08-21T22:35:28+00:00 active_ues=25 indexes=
[2026-08-22T00:35:28+02:00] UE_POOL_GLOBAL_SUSPECT_CURRENT timestamp=2026-08-21T22:35:28+00:00 active_ues=25 indexes=
[2026-08-22T00:35:28+02:00] REMOTE_IPERF_PER_UE_END timestamp=2026-08-21T22:35:28+00:00 active_ues=25 tag=ue_25 final_rc=0 completed_slots=25 replacements=0 problematic_ues=0 server_busy_retries=0 deferred_stalls=0 late_timeouts_accepted=0
[2026-08-22T00:35:28+02:00] UPF_CONTROL_SAMPLE timestamp=2026-08-22T00:35:27+02:00 scenario=ue_25 pod=open5gs-upf-5b9db6d44-nsbqz uid=7b5b8ef7-a2a2-4fe9-a3e1-74acd17bd88f restarts=6 usage_cpu=378m usage_mem=36Mi request_cpu=410m request_mem=250Mi limit_cpu=none limit_mem=none vpa_target_cpu=410m vpa_target_mem=250Mi vpa_uncapped_cpu=410m vpa_uncapped_mem=250Mi vpa_lower_cpu=175m vpa_lower_mem=250Mi vpa_upper_cpu=1500m vpa_upper_mem=512Mi
[2026-08-22T00:35:28+02:00] SCENARIO TRAFFIC COMMAND END timestamp=2026-08-22T00:35:28+02:00 active_ue=25 rc=0
[2026-08-22T00:35:29+02:00] SCENARIO UPF AFTER timestamp=2026-08-22T00:35:29+02:00 active_ue=25 pod=open5gs-upf-5b9db6d44-nsbqz uid=7b5b8ef7-a2a2-4fe9-a3e1-74acd17bd88f restarts=6
[2026-08-22T00:35:29+02:00] SCENARIO END timestamp=2026-08-22T00:35:29+02:00 active_ue=25 rc=0
[2026-08-22T00:35:29+02:00] ================================================================
[2026-08-22T00:35:29+02:00] SCENARIO START timestamp=2026-08-22T00:35:29+02:00 active_ue=27 registered_ue_pool=50 target_host=192.168.1.211 ports=5201-5227 replacement_ports=5251-5265 bitrate_per_ue=1M start_delay=0.05 replacement_min_duration=5 adaptive_extension_max=1
[2026-08-22T00:35:29+02:00] ================================================================
[2026-08-22T00:35:29+02:00] SCENARIO TUNNEL CHECK timestamp=2026-08-22T00:35:29+02:00 active_ue=27 current_tunnels=50 required=50
[2026-08-22T00:35:30+02:00] SCENARIO UPF BEFORE timestamp=2026-08-22T00:35:30+02:00 active_ue=27 pod=open5gs-upf-5b9db6d44-nsbqz uid=7b5b8ef7-a2a2-4fe9-a3e1-74acd17bd88f restarts=6
[2026-08-22T00:35:31+02:00] UPF_CONTROL_SAMPLE timestamp=2026-08-22T00:35:29+02:00 scenario=ue_27 pod=open5gs-upf-5b9db6d44-nsbqz uid=7b5b8ef7-a2a2-4fe9-a3e1-74acd17bd88f restarts=6 usage_cpu=378m usage_mem=36Mi request_cpu=410m request_mem=250Mi limit_cpu=none limit_mem=none vpa_target_cpu=410m vpa_target_mem=250Mi vpa_uncapped_cpu=410m vpa_uncapped_mem=250Mi vpa_lower_cpu=175m vpa_lower_mem=250Mi vpa_upper_cpu=1500m vpa_upper_mem=512Mi
[2026-08-22T00:35:31+02:00] REMOTE_IPERF_PER_UE_START timestamp=2026-08-21T22:35:31+00:00 active_ues=27 tag=ue_27 iperf_host=192.168.1.211 base_port=5201 replacement_base_port=5251 duration=80 bitrate=1M start_delay=0.05 detection=no_rx_counter connect_timeout_s=4 stall_seconds=5 replacement_limit=15 replacement_min_duration_s=5 adaptive_extension_max_s=1 iperf_exit_grace_s=3 server_busy_port_rebinds=1 late_replacement_after_end=disabled wait_for_iperf_exit=until_timeout global_suspect_policy=soft_reuse ramp_supervision=after_initial_start
[2026-08-22T00:35:31+02:00] UE_POOL_STATUS timestamp=2026-08-21T22:35:31+00:00 active_ues=27 registered_tunnels=50 existing_global_suspect_ues=0 used_ues=0 policy=soft_reuse_global_suspects
[2026-08-22T00:35:31+02:00] UE_SLOT_ASSIGN timestamp=2026-08-21T22:35:31+00:00 active_ues=27 slot=0 ue_idx=0 ue_if=uesimtun0 ue_ip=10.45.1.46 candidate_reused_global_suspect=0
[2026-08-22T00:35:31+02:00] UE_SLOT_START timestamp=2026-08-21T22:35:31+00:00 active_ues=27 slot=0 attempt=1 ue_idx=0 ue_if=uesimtun0 ue_ip=10.45.1.46 target=192.168.1.211:5201 bitrate=1M duration_s=80 planned_end_epoch=1787351811 timeout_s=90 hard_timeout_epoch=1787351826 start_rx_bytes=1153262
[2026-08-22T00:35:31+02:00] UE_SLOT_PID timestamp=2026-08-21T22:35:31+00:00 active_ues=27 slot=0 attempt=1 ue_idx=0 pid=38611
[2026-08-22T00:35:31+02:00] UE_SLOT_ASSIGN timestamp=2026-08-21T22:35:31+00:00 active_ues=27 slot=1 ue_idx=1 ue_if=uesimtun1 ue_ip=10.45.1.47 candidate_reused_global_suspect=0
[2026-08-22T00:35:31+02:00] UE_SLOT_START timestamp=2026-08-21T22:35:31+00:00 active_ues=27 slot=1 attempt=1 ue_idx=1 ue_if=uesimtun1 ue_ip=10.45.1.47 target=192.168.1.211:5202 bitrate=1M duration_s=80 planned_end_epoch=1787351811 timeout_s=90 hard_timeout_epoch=1787351826 start_rx_bytes=1040897
[2026-08-22T00:35:31+02:00] UE_SLOT_PID timestamp=2026-08-21T22:35:31+00:00 active_ues=27 slot=1 attempt=1 ue_idx=1 pid=38636
[2026-08-22T00:35:31+02:00] UE_SLOT_ASSIGN timestamp=2026-08-21T22:35:31+00:00 active_ues=27 slot=2 ue_idx=2 ue_if=uesimtun2 ue_ip=10.45.1.48 candidate_reused_global_suspect=0
[2026-08-22T00:35:32+02:00] UE_SLOT_START timestamp=2026-08-21T22:35:32+00:00 active_ues=27 slot=2 attempt=1 ue_idx=2 ue_if=uesimtun2 ue_ip=10.45.1.48 target=192.168.1.211:5203 bitrate=1M duration_s=80 planned_end_epoch=1787351811 timeout_s=90 hard_timeout_epoch=1787351826 start_rx_bytes=1055453
[2026-08-22T00:35:32+02:00] UE_SLOT_PID timestamp=2026-08-21T22:35:32+00:00 active_ues=27 slot=2 attempt=1 ue_idx=2 pid=38661
[2026-08-22T00:35:32+02:00] UE_SLOT_ASSIGN timestamp=2026-08-21T22:35:32+00:00 active_ues=27 slot=3 ue_idx=3 ue_if=uesimtun3 ue_ip=10.45.1.49 candidate_reused_global_suspect=0
[2026-08-22T00:35:32+02:00] UE_SLOT_START timestamp=2026-08-21T22:35:32+00:00 active_ues=27 slot=3 attempt=1 ue_idx=3 ue_if=uesimtun3 ue_ip=10.45.1.49 target=192.168.1.211:5204 bitrate=1M duration_s=80 planned_end_epoch=1787351812 timeout_s=90 hard_timeout_epoch=1787351827 start_rx_bytes=981988
[2026-08-22T00:35:32+02:00] UE_SLOT_PID timestamp=2026-08-21T22:35:32+00:00 active_ues=27 slot=3 attempt=1 ue_idx=3 pid=38686
[2026-08-22T00:35:32+02:00] UE_SLOT_ASSIGN timestamp=2026-08-21T22:35:32+00:00 active_ues=27 slot=4 ue_idx=4 ue_if=uesimtun4 ue_ip=10.45.1.51 candidate_reused_global_suspect=0
[2026-08-22T00:35:32+02:00] UE_SLOT_START timestamp=2026-08-21T22:35:32+00:00 active_ues=27 slot=4 attempt=1 ue_idx=4 ue_if=uesimtun4 ue_ip=10.45.1.51 target=192.168.1.211:5205 bitrate=1M duration_s=80 planned_end_epoch=1787351812 timeout_s=90 hard_timeout_epoch=1787351827 start_rx_bytes=970894
[2026-08-22T00:35:32+02:00] UE_SLOT_PID timestamp=2026-08-21T22:35:32+00:00 active_ues=27 slot=4 attempt=1 ue_idx=4 pid=38711
[2026-08-22T00:35:32+02:00] UE_SLOT_ASSIGN timestamp=2026-08-21T22:35:32+00:00 active_ues=27 slot=5 ue_idx=5 ue_if=uesimtun5 ue_ip=10.45.1.52 candidate_reused_global_suspect=0
[2026-08-22T00:35:32+02:00] UE_SLOT_START timestamp=2026-08-21T22:35:32+00:00 active_ues=27 slot=5 attempt=1 ue_idx=5 ue_if=uesimtun5 ue_ip=10.45.1.52 target=192.168.1.211:5206 bitrate=1M duration_s=80 planned_end_epoch=1787351812 timeout_s=90 hard_timeout_epoch=1787351827 start_rx_bytes=843086
[2026-08-22T00:35:32+02:00] UE_SLOT_PID timestamp=2026-08-21T22:35:32+00:00 active_ues=27 slot=5 attempt=1 ue_idx=5 pid=38736
[2026-08-22T00:35:32+02:00] UE_SLOT_ASSIGN timestamp=2026-08-21T22:35:32+00:00 active_ues=27 slot=6 ue_idx=6 ue_if=uesimtun6 ue_ip=10.45.1.53 candidate_reused_global_suspect=0
[2026-08-22T00:35:32+02:00] UE_SLOT_START timestamp=2026-08-21T22:35:32+00:00 active_ues=27 slot=6 attempt=1 ue_idx=6 ue_if=uesimtun6 ue_ip=10.45.1.53 target=192.168.1.211:5207 bitrate=1M duration_s=80 planned_end_epoch=1787351812 timeout_s=90 hard_timeout_epoch=1787351827 start_rx_bytes=857470
[2026-08-22T00:35:32+02:00] UE_SLOT_PID timestamp=2026-08-21T22:35:32+00:00 active_ues=27 slot=6 attempt=1 ue_idx=6 pid=38761
[2026-08-22T00:35:33+02:00] UE_SLOT_ASSIGN timestamp=2026-08-21T22:35:33+00:00 active_ues=27 slot=7 ue_idx=7 ue_if=uesimtun7 ue_ip=10.45.1.54 candidate_reused_global_suspect=0
[2026-08-22T00:35:33+02:00] UE_SLOT_START timestamp=2026-08-21T22:35:33+00:00 active_ues=27 slot=7 attempt=1 ue_idx=7 ue_if=uesimtun7 ue_ip=10.45.1.54 target=192.168.1.211:5208 bitrate=1M duration_s=80 planned_end_epoch=1787351813 timeout_s=90 hard_timeout_epoch=1787351828 start_rx_bytes=769705
[2026-08-22T00:35:33+02:00] UE_SLOT_PID timestamp=2026-08-21T22:35:33+00:00 active_ues=27 slot=7 attempt=1 ue_idx=7 pid=38786
[2026-08-22T00:35:33+02:00] UE_SLOT_ASSIGN timestamp=2026-08-21T22:35:33+00:00 active_ues=27 slot=8 ue_idx=8 ue_if=uesimtun8 ue_ip=10.45.1.56 candidate_reused_global_suspect=0
[2026-08-22T00:35:33+02:00] UE_SLOT_START timestamp=2026-08-21T22:35:33+00:00 active_ues=27 slot=8 attempt=1 ue_idx=8 ue_if=uesimtun8 ue_ip=10.45.1.56 target=192.168.1.211:5209 bitrate=1M duration_s=80 planned_end_epoch=1787351813 timeout_s=90 hard_timeout_epoch=1787351828 start_rx_bytes=776100
[2026-08-22T00:35:33+02:00] UE_SLOT_PID timestamp=2026-08-21T22:35:33+00:00 active_ues=27 slot=8 attempt=1 ue_idx=8 pid=38811
[2026-08-22T00:35:33+02:00] VPA_RECOMMENDATION_CHANGE timestamp=2026-08-22T00:35:32+02:00 scenario=ue_27 old='vpa_target_cpu=410m vpa_target_mem=250Mi vpa_uncapped_cpu=410m vpa_uncapped_mem=250Mi vpa_lower_cpu=175m vpa_lower_mem=250Mi vpa_upper_cpu=1500m vpa_upper_mem=512Mi' new='vpa_target_cpu=410m vpa_target_mem=250Mi vpa_uncapped_cpu=410m vpa_uncapped_mem=250Mi vpa_lower_cpu=176m vpa_lower_mem=250Mi vpa_upper_cpu=1500m vpa_upper_mem=512Mi' previous_5s_sample='timestamp=2026-08-22T00:35:27+02:00 scenario=ue_25 pod=open5gs-upf-5b9db6d44-nsbqz uid=7b5b8ef7-a2a2-4fe9-a3e1-74acd17bd88f restarts=6 usage_cpu=378m usage_mem=36Mi request_cpu=410m request_mem=250Mi limit_cpu=none limit_mem=none vpa_target_cpu=410m vpa_target_mem=250Mi vpa_uncapped_cpu=410m vpa_uncapped_mem=250Mi vpa_lower_cpu=175m vpa_lower_mem=250Mi vpa_upper_cpu=1500m vpa_upper_mem=512Mi' current_sample='timestamp=2026-08-22T00:35:32+02:00 scenario=ue_27 pod=open5gs-upf-5b9db6d44-nsbqz uid=7b5b8ef7-a2a2-4fe9-a3e1-74acd17bd88f restarts=6 usage_cpu=378m usage_mem=36Mi request_cpu=410m request_mem=250Mi limit_cpu=none limit_mem=none vpa_target_cpu=410m vpa_target_mem=250Mi vpa_uncapped_cpu=410m vpa_uncapped_mem=250Mi vpa_lower_cpu=176m vpa_lower_mem=250Mi vpa_upper_cpu=1500m vpa_upper_mem=512Mi'
[2026-08-22T00:35:33+02:00] UPF_CONTROL_SAMPLE timestamp=2026-08-22T00:35:32+02:00 scenario=ue_27 pod=open5gs-upf-5b9db6d44-nsbqz uid=7b5b8ef7-a2a2-4fe9-a3e1-74acd17bd88f restarts=6 usage_cpu=378m usage_mem=36Mi request_cpu=410m request_mem=250Mi limit_cpu=none limit_mem=none vpa_target_cpu=410m vpa_target_mem=250Mi vpa_uncapped_cpu=410m vpa_uncapped_mem=250Mi vpa_lower_cpu=176m vpa_lower_mem=250Mi vpa_upper_cpu=1500m vpa_upper_mem=512Mi
[2026-08-22T00:35:33+02:00] UE_SLOT_ASSIGN timestamp=2026-08-21T22:35:33+00:00 active_ues=27 slot=9 ue_idx=9 ue_if=uesimtun9 ue_ip=10.45.1.57 candidate_reused_global_suspect=0
[2026-08-22T00:35:33+02:00] UE_SLOT_START timestamp=2026-08-21T22:35:33+00:00 active_ues=27 slot=9 attempt=1 ue_idx=9 ue_if=uesimtun9 ue_ip=10.45.1.57 target=192.168.1.211:5210 bitrate=1M duration_s=80 planned_end_epoch=1787351813 timeout_s=90 hard_timeout_epoch=1787351828 start_rx_bytes=696590
[2026-08-22T00:35:33+02:00] UE_SLOT_PID timestamp=2026-08-21T22:35:33+00:00 active_ues=27 slot=9 attempt=1 ue_idx=9 pid=38836
[2026-08-22T00:35:33+02:00] UE_SLOT_ASSIGN timestamp=2026-08-21T22:35:33+00:00 active_ues=27 slot=10 ue_idx=10 ue_if=uesimtun10 ue_ip=10.45.1.50 candidate_reused_global_suspect=0
[2026-08-22T00:35:33+02:00] UE_SLOT_START timestamp=2026-08-21T22:35:33+00:00 active_ues=27 slot=10 attempt=1 ue_idx=10 ue_if=uesimtun10 ue_ip=10.45.1.50 target=192.168.1.211:5211 bitrate=1M duration_s=80 planned_end_epoch=1787351813 timeout_s=90 hard_timeout_epoch=1787351828 start_rx_bytes=706589
[2026-08-22T00:35:33+02:00] UE_SLOT_PID timestamp=2026-08-21T22:35:33+00:00 active_ues=27 slot=10 attempt=1 ue_idx=10 pid=38861
[2026-08-22T00:35:33+02:00] UE_SLOT_ASSIGN timestamp=2026-08-21T22:35:33+00:00 active_ues=27 slot=11 ue_idx=11 ue_if=uesimtun11 ue_ip=10.45.1.60 candidate_reused_global_suspect=0
[2026-08-22T00:35:34+02:00] UE_SLOT_START timestamp=2026-08-21T22:35:34+00:00 active_ues=27 slot=11 attempt=1 ue_idx=11 ue_if=uesimtun11 ue_ip=10.45.1.60 target=192.168.1.211:5212 bitrate=1M duration_s=80 planned_end_epoch=1787351813 timeout_s=90 hard_timeout_epoch=1787351828 start_rx_bytes=628420
[2026-08-22T00:35:34+02:00] UE_SLOT_PID timestamp=2026-08-21T22:35:34+00:00 active_ues=27 slot=11 attempt=1 ue_idx=11 pid=38886
[2026-08-22T00:35:34+02:00] UE_SLOT_ASSIGN timestamp=2026-08-21T22:35:34+00:00 active_ues=27 slot=12 ue_idx=12 ue_if=uesimtun12 ue_ip=10.45.1.55 candidate_reused_global_suspect=0
[2026-08-22T00:35:34+02:00] UE_SLOT_START timestamp=2026-08-21T22:35:34+00:00 active_ues=27 slot=12 attempt=1 ue_idx=12 ue_if=uesimtun12 ue_ip=10.45.1.55 target=192.168.1.211:5213 bitrate=1M duration_s=80 planned_end_epoch=1787351814 timeout_s=90 hard_timeout_epoch=1787351829 start_rx_bytes=645371
[2026-08-22T00:35:34+02:00] UE_SLOT_PID timestamp=2026-08-21T22:35:34+00:00 active_ues=27 slot=12 attempt=1 ue_idx=12 pid=38911
[2026-08-22T00:35:34+02:00] UE_SLOT_ASSIGN timestamp=2026-08-21T22:35:34+00:00 active_ues=27 slot=13 ue_idx=13 ue_if=uesimtun13 ue_ip=10.45.1.62 candidate_reused_global_suspect=0
[2026-08-22T00:35:34+02:00] UE_SLOT_START timestamp=2026-08-21T22:35:34+00:00 active_ues=27 slot=13 attempt=1 ue_idx=13 ue_if=uesimtun13 ue_ip=10.45.1.62 target=192.168.1.211:5214 bitrate=1M duration_s=80 planned_end_epoch=1787351814 timeout_s=90 hard_timeout_epoch=1787351829 start_rx_bytes=552580
[2026-08-22T00:35:34+02:00] UE_SLOT_PID timestamp=2026-08-21T22:35:34+00:00 active_ues=27 slot=13 attempt=1 ue_idx=13 pid=38936
[2026-08-22T00:35:34+02:00] UE_SLOT_ASSIGN timestamp=2026-08-21T22:35:34+00:00 active_ues=27 slot=14 ue_idx=14 ue_if=uesimtun14 ue_ip=10.45.1.66 candidate_reused_global_suspect=0
[2026-08-22T00:35:34+02:00] UE_SLOT_START timestamp=2026-08-21T22:35:34+00:00 active_ues=27 slot=14 attempt=1 ue_idx=14 ue_if=uesimtun14 ue_ip=10.45.1.66 target=192.168.1.211:5215 bitrate=1M duration_s=80 planned_end_epoch=1787351814 timeout_s=90 hard_timeout_epoch=1787351829 start_rx_bytes=566025
[2026-08-22T00:35:34+02:00] UE_SLOT_PID timestamp=2026-08-21T22:35:34+00:00 active_ues=27 slot=14 attempt=1 ue_idx=14 pid=38961
[2026-08-22T00:35:34+02:00] UE_SLOT_ASSIGN timestamp=2026-08-21T22:35:34+00:00 active_ues=27 slot=15 ue_idx=15 ue_if=uesimtun15 ue_ip=10.45.1.64 candidate_reused_global_suspect=0
[2026-08-22T00:35:34+02:00] UE_SLOT_START timestamp=2026-08-21T22:35:34+00:00 active_ues=27 slot=15 attempt=1 ue_idx=15 ue_if=uesimtun15 ue_ip=10.45.1.64 target=192.168.1.211:5216 bitrate=1M duration_s=80 planned_end_epoch=1787351814 timeout_s=90 hard_timeout_epoch=1787351829 start_rx_bytes=444067
[2026-08-22T00:35:34+02:00] UE_SLOT_PID timestamp=2026-08-21T22:35:34+00:00 active_ues=27 slot=15 attempt=1 ue_idx=15 pid=38986
[2026-08-22T00:35:35+02:00] UE_SLOT_ASSIGN timestamp=2026-08-21T22:35:35+00:00 active_ues=27 slot=16 ue_idx=16 ue_if=uesimtun16 ue_ip=10.45.1.68 candidate_reused_global_suspect=0
[2026-08-22T00:35:35+02:00] UE_SLOT_START timestamp=2026-08-21T22:35:35+00:00 active_ues=27 slot=16 attempt=1 ue_idx=16 ue_if=uesimtun16 ue_ip=10.45.1.68 target=192.168.1.211:5217 bitrate=1M duration_s=80 planned_end_epoch=1787351815 timeout_s=90 hard_timeout_epoch=1787351830 start_rx_bytes=448512
[2026-08-22T00:35:35+02:00] UE_SLOT_PID timestamp=2026-08-21T22:35:35+00:00 active_ues=27 slot=16 attempt=1 ue_idx=16 pid=39011
[2026-08-22T00:35:35+02:00] UE_SLOT_ASSIGN timestamp=2026-08-21T22:35:35+00:00 active_ues=27 slot=17 ue_idx=17 ue_if=uesimtun17 ue_ip=10.45.1.69 candidate_reused_global_suspect=0
[2026-08-22T00:35:35+02:00] UE_SLOT_START timestamp=2026-08-21T22:35:35+00:00 active_ues=27 slot=17 attempt=1 ue_idx=17 ue_if=uesimtun17 ue_ip=10.45.1.69 target=192.168.1.211:5218 bitrate=1M duration_s=80 planned_end_epoch=1787351815 timeout_s=90 hard_timeout_epoch=1787351830 start_rx_bytes=347905
[2026-08-22T00:35:35+02:00] UE_SLOT_PID timestamp=2026-08-21T22:35:35+00:00 active_ues=27 slot=17 attempt=1 ue_idx=17 pid=39036
[2026-08-22T00:35:35+02:00] UE_SLOT_ASSIGN timestamp=2026-08-21T22:35:35+00:00 active_ues=27 slot=18 ue_idx=18 ue_if=uesimtun18 ue_ip=10.45.1.71 candidate_reused_global_suspect=0
[2026-08-22T00:35:35+02:00] UE_SLOT_START timestamp=2026-08-21T22:35:35+00:00 active_ues=27 slot=18 attempt=1 ue_idx=18 ue_if=uesimtun18 ue_ip=10.45.1.71 target=192.168.1.211:5219 bitrate=1M duration_s=80 planned_end_epoch=1787351815 timeout_s=90 hard_timeout_epoch=1787351830 start_rx_bytes=353680
[2026-08-22T00:35:35+02:00] UE_SLOT_PID timestamp=2026-08-21T22:35:35+00:00 active_ues=27 slot=18 attempt=1 ue_idx=18 pid=39061
[2026-08-22T00:35:35+02:00] UE_SLOT_ASSIGN timestamp=2026-08-21T22:35:35+00:00 active_ues=27 slot=19 ue_idx=19 ue_if=uesimtun19 ue_ip=10.45.1.72 candidate_reused_global_suspect=0
[2026-08-22T00:35:35+02:00] UPF_CONTROL_SAMPLE timestamp=2026-08-22T00:35:34+02:00 scenario=ue_27 pod=open5gs-upf-5b9db6d44-nsbqz uid=7b5b8ef7-a2a2-4fe9-a3e1-74acd17bd88f restarts=6 usage_cpu=378m usage_mem=36Mi request_cpu=410m request_mem=250Mi limit_cpu=none limit_mem=none vpa_target_cpu=410m vpa_target_mem=250Mi vpa_uncapped_cpu=410m vpa_uncapped_mem=250Mi vpa_lower_cpu=176m vpa_lower_mem=250Mi vpa_upper_cpu=1500m vpa_upper_mem=512Mi
[2026-08-22T00:35:35+02:00] UE_SLOT_START timestamp=2026-08-21T22:35:35+00:00 active_ues=27 slot=19 attempt=1 ue_idx=19 ue_if=uesimtun19 ue_ip=10.45.1.72 target=192.168.1.211:5220 bitrate=1M duration_s=80 planned_end_epoch=1787351815 timeout_s=90 hard_timeout_epoch=1787351830 start_rx_bytes=285233
[2026-08-22T00:35:35+02:00] UE_SLOT_PID timestamp=2026-08-21T22:35:35+00:00 active_ues=27 slot=19 attempt=1 ue_idx=19 pid=39086
[2026-08-22T00:35:36+02:00] UE_SLOT_ASSIGN timestamp=2026-08-21T22:35:36+00:00 active_ues=27 slot=20 ue_idx=20 ue_if=uesimtun20 ue_ip=10.45.1.74 candidate_reused_global_suspect=0
[2026-08-22T00:35:36+02:00] UE_SLOT_START timestamp=2026-08-21T22:35:36+00:00 active_ues=27 slot=20 attempt=1 ue_idx=20 ue_if=uesimtun20 ue_ip=10.45.1.74 target=192.168.1.211:5221 bitrate=1M duration_s=80 planned_end_epoch=1787351816 timeout_s=90 hard_timeout_epoch=1787351831 start_rx_bytes=271694
[2026-08-22T00:35:36+02:00] UE_SLOT_PID timestamp=2026-08-21T22:35:36+00:00 active_ues=27 slot=20 attempt=1 ue_idx=20 pid=39111
[2026-08-22T00:35:36+02:00] UE_SLOT_ASSIGN timestamp=2026-08-21T22:35:36+00:00 active_ues=27 slot=21 ue_idx=21 ue_if=uesimtun21 ue_ip=10.45.1.76 candidate_reused_global_suspect=0
[2026-08-22T00:35:36+02:00] UE_SLOT_START timestamp=2026-08-21T22:35:36+00:00 active_ues=27 slot=21 attempt=1 ue_idx=21 ue_if=uesimtun21 ue_ip=10.45.1.76 target=192.168.1.211:5222 bitrate=1M duration_s=80 planned_end_epoch=1787351816 timeout_s=90 hard_timeout_epoch=1787351831 start_rx_bytes=184976
[2026-08-22T00:35:36+02:00] UE_SLOT_PID timestamp=2026-08-21T22:35:36+00:00 active_ues=27 slot=21 attempt=1 ue_idx=21 pid=39136
[2026-08-22T00:35:36+02:00] UE_SLOT_ASSIGN timestamp=2026-08-21T22:35:36+00:00 active_ues=27 slot=22 ue_idx=22 ue_if=uesimtun22 ue_ip=10.45.1.77 candidate_reused_global_suspect=0
[2026-08-22T00:35:36+02:00] UE_SLOT_START timestamp=2026-08-21T22:35:36+00:00 active_ues=27 slot=22 attempt=1 ue_idx=22 ue_if=uesimtun22 ue_ip=10.45.1.77 target=192.168.1.211:5223 bitrate=1M duration_s=80 planned_end_epoch=1787351816 timeout_s=90 hard_timeout_epoch=1787351831 start_rx_bytes=193391
[2026-08-22T00:35:36+02:00] UE_SLOT_PID timestamp=2026-08-21T22:35:36+00:00 active_ues=27 slot=22 attempt=1 ue_idx=22 pid=39161
[2026-08-22T00:35:36+02:00] UE_SLOT_ASSIGN timestamp=2026-08-21T22:35:36+00:00 active_ues=27 slot=23 ue_idx=23 ue_if=uesimtun23 ue_ip=10.45.1.81 candidate_reused_global_suspect=0
[2026-08-22T00:35:36+02:00] UE_SLOT_START timestamp=2026-08-21T22:35:36+00:00 active_ues=27 slot=23 attempt=1 ue_idx=23 ue_if=uesimtun23 ue_ip=10.45.1.81 target=192.168.1.211:5224 bitrate=1M duration_s=80 planned_end_epoch=1787351816 timeout_s=90 hard_timeout_epoch=1787351831 start_rx_bytes=99630
[2026-08-22T00:35:36+02:00] UE_SLOT_PID timestamp=2026-08-21T22:35:36+00:00 active_ues=27 slot=23 attempt=1 ue_idx=23 pid=39186
[2026-08-22T00:35:37+02:00] UE_SLOT_ASSIGN timestamp=2026-08-21T22:35:37+00:00 active_ues=27 slot=24 ue_idx=24 ue_if=uesimtun24 ue_ip=10.45.1.83 candidate_reused_global_suspect=0
[2026-08-22T00:35:37+02:00] UE_SLOT_START timestamp=2026-08-21T22:35:37+00:00 active_ues=27 slot=24 attempt=1 ue_idx=24 ue_if=uesimtun24 ue_ip=10.45.1.83 target=192.168.1.211:5225 bitrate=1M duration_s=80 planned_end_epoch=1787351817 timeout_s=90 hard_timeout_epoch=1787351832 start_rx_bytes=84779
[2026-08-22T00:35:37+02:00] UE_SLOT_PID timestamp=2026-08-21T22:35:37+00:00 active_ues=27 slot=24 attempt=1 ue_idx=24 pid=39211
[2026-08-22T00:35:37+02:00] UE_SLOT_ASSIGN timestamp=2026-08-21T22:35:37+00:00 active_ues=27 slot=25 ue_idx=25 ue_if=uesimtun25 ue_ip=10.45.1.80 candidate_reused_global_suspect=0
[2026-08-22T00:35:37+02:00] UE_SLOT_START timestamp=2026-08-21T22:35:37+00:00 active_ues=27 slot=25 attempt=1 ue_idx=25 ue_if=uesimtun25 ue_ip=10.45.1.80 target=192.168.1.211:5226 bitrate=1M duration_s=80 planned_end_epoch=1787351817 timeout_s=90 hard_timeout_epoch=1787351832 start_rx_bytes=0
[2026-08-22T00:35:37+02:00] UE_SLOT_PID timestamp=2026-08-21T22:35:37+00:00 active_ues=27 slot=25 attempt=1 ue_idx=25 pid=39236
[2026-08-22T00:35:37+02:00] UE_SLOT_ASSIGN timestamp=2026-08-21T22:35:37+00:00 active_ues=27 slot=26 ue_idx=26 ue_if=uesimtun26 ue_ip=10.45.1.87 candidate_reused_global_suspect=0
[2026-08-22T00:35:37+02:00] UE_SLOT_START timestamp=2026-08-21T22:35:37+00:00 active_ues=27 slot=26 attempt=1 ue_idx=26 ue_if=uesimtun26 ue_ip=10.45.1.87 target=192.168.1.211:5227 bitrate=1M duration_s=80 planned_end_epoch=1787351817 timeout_s=90 hard_timeout_epoch=1787351832 start_rx_bytes=0
[2026-08-22T00:35:37+02:00] UE_SLOT_PID timestamp=2026-08-21T22:35:37+00:00 active_ues=27 slot=26 attempt=1 ue_idx=26 pid=39261
[2026-08-22T00:35:37+02:00] IPERF_MAPPING_SUMMARY timestamp=2026-08-21T22:35:37+00:00 active_ues=27 registered_tunnels=50 initial_ports=5201-5227 replacement_ports=5251-5265 bitrate=1M start_delay=0.05 detection=no_rx_counter replacement_min_duration_s=5 adaptive_extension_max_s=1 iperf_exit_grace_s=3 server_busy_port_rebinds=1 late_replacement_after_end=disabled wait_for_iperf_exit=until_timeout global_suspect_policy=soft_reuse ramp_supervision=after_initial_start
[2026-08-22T00:35:38+02:00] UPF_CONTROL_SAMPLE timestamp=2026-08-22T00:35:36+02:00 scenario=ue_27 pod=open5gs-upf-5b9db6d44-nsbqz uid=7b5b8ef7-a2a2-4fe9-a3e1-74acd17bd88f restarts=6 usage_cpu=378m usage_mem=36Mi request_cpu=410m request_mem=250Mi limit_cpu=none limit_mem=none vpa_target_cpu=410m vpa_target_mem=250Mi vpa_uncapped_cpu=410m vpa_uncapped_mem=250Mi vpa_lower_cpu=176m vpa_lower_mem=250Mi vpa_upper_cpu=1500m vpa_upper_mem=512Mi
[2026-08-22T00:35:40+02:00] UPF_CONTROL_SAMPLE timestamp=2026-08-22T00:35:39+02:00 scenario=ue_27 pod=open5gs-upf-5b9db6d44-nsbqz uid=7b5b8ef7-a2a2-4fe9-a3e1-74acd17bd88f restarts=6 usage_cpu=378m usage_mem=36Mi request_cpu=410m request_mem=250Mi limit_cpu=none limit_mem=none vpa_target_cpu=410m vpa_target_mem=250Mi vpa_uncapped_cpu=410m vpa_uncapped_mem=250Mi vpa_lower_cpu=176m vpa_lower_mem=250Mi vpa_upper_cpu=1500m vpa_upper_mem=512Mi
[2026-08-22T00:35:43+02:00] UPF_CONTROL_SAMPLE timestamp=2026-08-22T00:35:41+02:00 scenario=ue_27 pod=open5gs-upf-5b9db6d44-nsbqz uid=7b5b8ef7-a2a2-4fe9-a3e1-74acd17bd88f restarts=6 usage_cpu=251m usage_mem=36Mi request_cpu=410m request_mem=250Mi limit_cpu=none limit_mem=none vpa_target_cpu=410m vpa_target_mem=250Mi vpa_uncapped_cpu=410m vpa_uncapped_mem=250Mi vpa_lower_cpu=176m vpa_lower_mem=250Mi vpa_upper_cpu=1500m vpa_upper_mem=512Mi
[2026-08-22T00:35:45+02:00] UPF_CONTROL_SAMPLE timestamp=2026-08-22T00:35:44+02:00 scenario=ue_27 pod=open5gs-upf-5b9db6d44-nsbqz uid=7b5b8ef7-a2a2-4fe9-a3e1-74acd17bd88f restarts=6 usage_cpu=251m usage_mem=36Mi request_cpu=410m request_mem=250Mi limit_cpu=none limit_mem=none vpa_target_cpu=410m vpa_target_mem=250Mi vpa_uncapped_cpu=410m vpa_uncapped_mem=250Mi vpa_lower_cpu=176m vpa_lower_mem=250Mi vpa_upper_cpu=1500m vpa_upper_mem=512Mi
[2026-08-22T00:35:47+02:00] UPF_CONTROL_SAMPLE timestamp=2026-08-22T00:35:46+02:00 scenario=ue_27 pod=open5gs-upf-5b9db6d44-nsbqz uid=7b5b8ef7-a2a2-4fe9-a3e1-74acd17bd88f restarts=6 usage_cpu=251m usage_mem=36Mi request_cpu=410m request_mem=250Mi limit_cpu=none limit_mem=none vpa_target_cpu=410m vpa_target_mem=250Mi vpa_uncapped_cpu=410m vpa_uncapped_mem=250Mi vpa_lower_cpu=176m vpa_lower_mem=250Mi vpa_upper_cpu=1500m vpa_upper_mem=512Mi
[2026-08-22T00:35:50+02:00] UPF_CONTROL_SAMPLE timestamp=2026-08-22T00:35:48+02:00 scenario=ue_27 pod=open5gs-upf-5b9db6d44-nsbqz uid=7b5b8ef7-a2a2-4fe9-a3e1-74acd17bd88f restarts=6 usage_cpu=251m usage_mem=36Mi request_cpu=410m request_mem=250Mi limit_cpu=none limit_mem=none vpa_target_cpu=410m vpa_target_mem=250Mi vpa_uncapped_cpu=410m vpa_uncapped_mem=250Mi vpa_lower_cpu=176m vpa_lower_mem=250Mi vpa_upper_cpu=1500m vpa_upper_mem=512Mi
[2026-08-22T00:35:52+02:00] UPF_CONTROL_SAMPLE timestamp=2026-08-22T00:35:51+02:00 scenario=ue_27 pod=open5gs-upf-5b9db6d44-nsbqz uid=7b5b8ef7-a2a2-4fe9-a3e1-74acd17bd88f restarts=6 usage_cpu=251m usage_mem=36Mi request_cpu=410m request_mem=250Mi limit_cpu=none limit_mem=none vpa_target_cpu=410m vpa_target_mem=250Mi vpa_uncapped_cpu=410m vpa_uncapped_mem=250Mi vpa_lower_cpu=176m vpa_lower_mem=250Mi vpa_upper_cpu=1500m vpa_upper_mem=512Mi
[2026-08-22T00:35:54+02:00] UPF_CONTROL_SAMPLE timestamp=2026-08-22T00:35:53+02:00 scenario=ue_27 pod=open5gs-upf-5b9db6d44-nsbqz uid=7b5b8ef7-a2a2-4fe9-a3e1-74acd17bd88f restarts=6 usage_cpu=251m usage_mem=36Mi request_cpu=410m request_mem=250Mi limit_cpu=none limit_mem=none vpa_target_cpu=410m vpa_target_mem=250Mi vpa_uncapped_cpu=410m vpa_uncapped_mem=250Mi vpa_lower_cpu=176m vpa_lower_mem=250Mi vpa_upper_cpu=1500m vpa_upper_mem=512Mi
[2026-08-22T00:35:57+02:00] UPF_CONTROL_SAMPLE timestamp=2026-08-22T00:35:55+02:00 scenario=ue_27 pod=open5gs-upf-5b9db6d44-nsbqz uid=7b5b8ef7-a2a2-4fe9-a3e1-74acd17bd88f restarts=6 usage_cpu=412m usage_mem=36Mi request_cpu=410m request_mem=250Mi limit_cpu=none limit_mem=none vpa_target_cpu=410m vpa_target_mem=250Mi vpa_uncapped_cpu=410m vpa_uncapped_mem=250Mi vpa_lower_cpu=176m vpa_lower_mem=250Mi vpa_upper_cpu=1500m vpa_upper_mem=512Mi
[2026-08-22T00:35:59+02:00] UPF_CONTROL_SAMPLE timestamp=2026-08-22T00:35:58+02:00 scenario=ue_27 pod=open5gs-upf-5b9db6d44-nsbqz uid=7b5b8ef7-a2a2-4fe9-a3e1-74acd17bd88f restarts=6 usage_cpu=412m usage_mem=36Mi request_cpu=410m request_mem=250Mi limit_cpu=none limit_mem=none vpa_target_cpu=410m vpa_target_mem=250Mi vpa_uncapped_cpu=410m vpa_uncapped_mem=250Mi vpa_lower_cpu=176m vpa_lower_mem=250Mi vpa_upper_cpu=1500m vpa_upper_mem=512Mi
[2026-08-22T00:36:01+02:00] UPF_CONTROL_SAMPLE timestamp=2026-08-22T00:36:00+02:00 scenario=ue_27 pod=open5gs-upf-5b9db6d44-nsbqz uid=7b5b8ef7-a2a2-4fe9-a3e1-74acd17bd88f restarts=6 usage_cpu=412m usage_mem=36Mi request_cpu=410m request_mem=250Mi limit_cpu=none limit_mem=none vpa_target_cpu=410m vpa_target_mem=250Mi vpa_uncapped_cpu=410m vpa_uncapped_mem=250Mi vpa_lower_cpu=176m vpa_lower_mem=250Mi vpa_upper_cpu=1500m vpa_upper_mem=512Mi
[2026-08-22T00:36:04+02:00] UPF_CONTROL_SAMPLE timestamp=2026-08-22T00:36:02+02:00 scenario=ue_27 pod=open5gs-upf-5b9db6d44-nsbqz uid=7b5b8ef7-a2a2-4fe9-a3e1-74acd17bd88f restarts=6 usage_cpu=412m usage_mem=36Mi request_cpu=410m request_mem=250Mi limit_cpu=none limit_mem=none vpa_target_cpu=410m vpa_target_mem=250Mi vpa_uncapped_cpu=410m vpa_uncapped_mem=250Mi vpa_lower_cpu=176m vpa_lower_mem=250Mi vpa_upper_cpu=1500m vpa_upper_mem=512Mi
[2026-08-22T00:36:06+02:00] UPF_CONTROL_SAMPLE timestamp=2026-08-22T00:36:05+02:00 scenario=ue_27 pod=open5gs-upf-5b9db6d44-nsbqz uid=7b5b8ef7-a2a2-4fe9-a3e1-74acd17bd88f restarts=6 usage_cpu=412m usage_mem=36Mi request_cpu=410m request_mem=250Mi limit_cpu=none limit_mem=none vpa_target_cpu=410m vpa_target_mem=250Mi vpa_uncapped_cpu=410m vpa_uncapped_mem=250Mi vpa_lower_cpu=176m vpa_lower_mem=250Mi vpa_upper_cpu=1500m vpa_upper_mem=512Mi
[2026-08-22T00:36:08+02:00] UPF_CONTROL_SAMPLE timestamp=2026-08-22T00:36:07+02:00 scenario=ue_27 pod=open5gs-upf-5b9db6d44-nsbqz uid=7b5b8ef7-a2a2-4fe9-a3e1-74acd17bd88f restarts=6 usage_cpu=412m usage_mem=36Mi request_cpu=410m request_mem=250Mi limit_cpu=none limit_mem=none vpa_target_cpu=410m vpa_target_mem=250Mi vpa_uncapped_cpu=410m vpa_uncapped_mem=250Mi vpa_lower_cpu=176m vpa_lower_mem=250Mi vpa_upper_cpu=1500m vpa_upper_mem=512Mi
[2026-08-22T00:36:10+02:00] UPF_CONTROL_SAMPLE timestamp=2026-08-22T00:36:09+02:00 scenario=ue_27 pod=open5gs-upf-5b9db6d44-nsbqz uid=7b5b8ef7-a2a2-4fe9-a3e1-74acd17bd88f restarts=6 usage_cpu=412m usage_mem=36Mi request_cpu=410m request_mem=250Mi limit_cpu=none limit_mem=none vpa_target_cpu=410m vpa_target_mem=250Mi vpa_uncapped_cpu=410m vpa_uncapped_mem=250Mi vpa_lower_cpu=176m vpa_lower_mem=250Mi vpa_upper_cpu=1500m vpa_upper_mem=512Mi
[2026-08-22T00:36:13+02:00] UPF_CONTROL_SAMPLE timestamp=2026-08-22T00:36:12+02:00 scenario=ue_27 pod=open5gs-upf-5b9db6d44-nsbqz uid=7b5b8ef7-a2a2-4fe9-a3e1-74acd17bd88f restarts=6 usage_cpu=412m usage_mem=36Mi request_cpu=410m request_mem=250Mi limit_cpu=none limit_mem=none vpa_target_cpu=410m vpa_target_mem=250Mi vpa_uncapped_cpu=410m vpa_uncapped_mem=250Mi vpa_lower_cpu=176m vpa_lower_mem=250Mi vpa_upper_cpu=1500m vpa_upper_mem=512Mi
[2026-08-22T00:36:15+02:00] UPF_CONTROL_SAMPLE timestamp=2026-08-22T00:36:14+02:00 scenario=ue_27 pod=open5gs-upf-5b9db6d44-nsbqz uid=7b5b8ef7-a2a2-4fe9-a3e1-74acd17bd88f restarts=6 usage_cpu=412m usage_mem=36Mi request_cpu=410m request_mem=250Mi limit_cpu=none limit_mem=none vpa_target_cpu=410m vpa_target_mem=250Mi vpa_uncapped_cpu=410m vpa_uncapped_mem=250Mi vpa_lower_cpu=176m vpa_lower_mem=250Mi vpa_upper_cpu=1500m vpa_upper_mem=512Mi
[2026-08-22T00:36:17+02:00] UPF_CONTROL_SAMPLE timestamp=2026-08-22T00:36:16+02:00 scenario=ue_27 pod=open5gs-upf-5b9db6d44-nsbqz uid=7b5b8ef7-a2a2-4fe9-a3e1-74acd17bd88f restarts=6 usage_cpu=412m usage_mem=36Mi request_cpu=410m request_mem=250Mi limit_cpu=none limit_mem=none vpa_target_cpu=410m vpa_target_mem=250Mi vpa_uncapped_cpu=410m vpa_uncapped_mem=250Mi vpa_lower_cpu=176m vpa_lower_mem=250Mi vpa_upper_cpu=1500m vpa_upper_mem=512Mi
[2026-08-22T00:36:20+02:00] UPF_CONTROL_SAMPLE timestamp=2026-08-22T00:36:18+02:00 scenario=ue_27 pod=open5gs-upf-5b9db6d44-nsbqz uid=7b5b8ef7-a2a2-4fe9-a3e1-74acd17bd88f restarts=6 usage_cpu=412m usage_mem=36Mi request_cpu=410m request_mem=250Mi limit_cpu=none limit_mem=none vpa_target_cpu=410m vpa_target_mem=250Mi vpa_uncapped_cpu=410m vpa_uncapped_mem=250Mi vpa_lower_cpu=176m vpa_lower_mem=250Mi vpa_upper_cpu=1500m vpa_upper_mem=512Mi
[2026-08-22T00:36:22+02:00] UPF_CONTROL_SAMPLE timestamp=2026-08-22T00:36:21+02:00 scenario=ue_27 pod=open5gs-upf-5b9db6d44-nsbqz uid=7b5b8ef7-a2a2-4fe9-a3e1-74acd17bd88f restarts=6 usage_cpu=412m usage_mem=36Mi request_cpu=410m request_mem=250Mi limit_cpu=none limit_mem=none vpa_target_cpu=410m vpa_target_mem=250Mi vpa_uncapped_cpu=410m vpa_uncapped_mem=250Mi vpa_lower_cpu=176m vpa_lower_mem=250Mi vpa_upper_cpu=1500m vpa_upper_mem=512Mi
[2026-08-22T00:36:24+02:00] UPF_CONTROL_SAMPLE timestamp=2026-08-22T00:36:23+02:00 scenario=ue_27 pod=open5gs-upf-5b9db6d44-nsbqz uid=7b5b8ef7-a2a2-4fe9-a3e1-74acd17bd88f restarts=6 usage_cpu=412m usage_mem=36Mi request_cpu=410m request_mem=250Mi limit_cpu=none limit_mem=none vpa_target_cpu=410m vpa_target_mem=250Mi vpa_uncapped_cpu=410m vpa_uncapped_mem=250Mi vpa_lower_cpu=176m vpa_lower_mem=250Mi vpa_upper_cpu=1500m vpa_upper_mem=512Mi
[2026-08-22T00:36:27+02:00] UPF_CONTROL_SAMPLE timestamp=2026-08-22T00:36:26+02:00 scenario=ue_27 pod=open5gs-upf-5b9db6d44-nsbqz uid=7b5b8ef7-a2a2-4fe9-a3e1-74acd17bd88f restarts=6 usage_cpu=404m usage_mem=36Mi request_cpu=410m request_mem=250Mi limit_cpu=none limit_mem=none vpa_target_cpu=410m vpa_target_mem=250Mi vpa_uncapped_cpu=410m vpa_uncapped_mem=250Mi vpa_lower_cpu=176m vpa_lower_mem=250Mi vpa_upper_cpu=1500m vpa_upper_mem=512Mi
[2026-08-22T00:36:29+02:00] UPF_CONTROL_SAMPLE timestamp=2026-08-22T00:36:28+02:00 scenario=ue_27 pod=open5gs-upf-5b9db6d44-nsbqz uid=7b5b8ef7-a2a2-4fe9-a3e1-74acd17bd88f restarts=6 usage_cpu=404m usage_mem=36Mi request_cpu=410m request_mem=250Mi limit_cpu=none limit_mem=none vpa_target_cpu=410m vpa_target_mem=250Mi vpa_uncapped_cpu=410m vpa_uncapped_mem=250Mi vpa_lower_cpu=176m vpa_lower_mem=250Mi vpa_upper_cpu=1500m vpa_upper_mem=512Mi
[2026-08-22T00:36:31+02:00] VPA_RECOMMENDATION_CHANGE timestamp=2026-08-22T00:36:30+02:00 scenario=ue_27 old='vpa_target_cpu=410m vpa_target_mem=250Mi vpa_uncapped_cpu=410m vpa_uncapped_mem=250Mi vpa_lower_cpu=176m vpa_lower_mem=250Mi vpa_upper_cpu=1500m vpa_upper_mem=512Mi' new='vpa_target_cpu=442m vpa_target_mem=250Mi vpa_uncapped_cpu=442m vpa_uncapped_mem=250Mi vpa_lower_cpu=196m vpa_lower_mem=250Mi vpa_upper_cpu=1500m vpa_upper_mem=512Mi' previous_5s_sample='timestamp=2026-08-22T00:36:26+02:00 scenario=ue_27 pod=open5gs-upf-5b9db6d44-nsbqz uid=7b5b8ef7-a2a2-4fe9-a3e1-74acd17bd88f restarts=6 usage_cpu=404m usage_mem=36Mi request_cpu=410m request_mem=250Mi limit_cpu=none limit_mem=none vpa_target_cpu=410m vpa_target_mem=250Mi vpa_uncapped_cpu=410m vpa_uncapped_mem=250Mi vpa_lower_cpu=176m vpa_lower_mem=250Mi vpa_upper_cpu=1500m vpa_upper_mem=512Mi' current_sample='timestamp=2026-08-22T00:36:30+02:00 scenario=ue_27 pod=open5gs-upf-5b9db6d44-nsbqz uid=7b5b8ef7-a2a2-4fe9-a3e1-74acd17bd88f restarts=6 usage_cpu=404m usage_mem=36Mi request_cpu=410m request_mem=250Mi limit_cpu=none limit_mem=none vpa_target_cpu=442m vpa_target_mem=250Mi vpa_uncapped_cpu=442m vpa_uncapped_mem=250Mi vpa_lower_cpu=196m vpa_lower_mem=250Mi vpa_upper_cpu=1500m vpa_upper_mem=512Mi'
[2026-08-22T00:36:31+02:00] UPF_CONTROL_SAMPLE timestamp=2026-08-22T00:36:30+02:00 scenario=ue_27 pod=open5gs-upf-5b9db6d44-nsbqz uid=7b5b8ef7-a2a2-4fe9-a3e1-74acd17bd88f restarts=6 usage_cpu=404m usage_mem=36Mi request_cpu=410m request_mem=250Mi limit_cpu=none limit_mem=none vpa_target_cpu=442m vpa_target_mem=250Mi vpa_uncapped_cpu=442m vpa_uncapped_mem=250Mi vpa_lower_cpu=196m vpa_lower_mem=250Mi vpa_upper_cpu=1500m vpa_upper_mem=512Mi
[2026-08-22T00:36:34+02:00] UPF_CONTROL_SAMPLE timestamp=2026-08-22T00:36:32+02:00 scenario=ue_27 pod=open5gs-upf-5b9db6d44-nsbqz uid=7b5b8ef7-a2a2-4fe9-a3e1-74acd17bd88f restarts=6 usage_cpu=404m usage_mem=36Mi request_cpu=410m request_mem=250Mi limit_cpu=none limit_mem=none vpa_target_cpu=442m vpa_target_mem=250Mi vpa_uncapped_cpu=442m vpa_uncapped_mem=250Mi vpa_lower_cpu=196m vpa_lower_mem=250Mi vpa_upper_cpu=1500m vpa_upper_mem=512Mi
[2026-08-22T00:36:36+02:00] UPF_CONTROL_SAMPLE timestamp=2026-08-22T00:36:35+02:00 scenario=ue_27 pod=open5gs-upf-5b9db6d44-nsbqz uid=7b5b8ef7-a2a2-4fe9-a3e1-74acd17bd88f restarts=6 usage_cpu=404m usage_mem=36Mi request_cpu=410m request_mem=250Mi limit_cpu=none limit_mem=none vpa_target_cpu=442m vpa_target_mem=250Mi vpa_uncapped_cpu=442m vpa_uncapped_mem=250Mi vpa_lower_cpu=196m vpa_lower_mem=250Mi vpa_upper_cpu=1500m vpa_upper_mem=512Mi
[2026-08-22T00:36:38+02:00] UPF_CONTROL_SAMPLE timestamp=2026-08-22T00:36:37+02:00 scenario=ue_27 pod=open5gs-upf-5b9db6d44-nsbqz uid=7b5b8ef7-a2a2-4fe9-a3e1-74acd17bd88f restarts=6 usage_cpu=404m usage_mem=36Mi request_cpu=410m request_mem=250Mi limit_cpu=none limit_mem=none vpa_target_cpu=442m vpa_target_mem=250Mi vpa_uncapped_cpu=442m vpa_uncapped_mem=250Mi vpa_lower_cpu=196m vpa_lower_mem=250Mi vpa_upper_cpu=1500m vpa_upper_mem=512Mi
[2026-08-22T00:36:40+02:00] UPF_CONTROL_SAMPLE timestamp=2026-08-22T00:36:39+02:00 scenario=ue_27 pod=open5gs-upf-5b9db6d44-nsbqz uid=7b5b8ef7-a2a2-4fe9-a3e1-74acd17bd88f restarts=6 usage_cpu=402m usage_mem=36Mi request_cpu=410m request_mem=250Mi limit_cpu=none limit_mem=none vpa_target_cpu=442m vpa_target_mem=250Mi vpa_uncapped_cpu=442m vpa_uncapped_mem=250Mi vpa_lower_cpu=196m vpa_lower_mem=250Mi vpa_upper_cpu=1500m vpa_upper_mem=512Mi
[2026-08-22T00:36:43+02:00] UPF_CONTROL_SAMPLE timestamp=2026-08-22T00:36:42+02:00 scenario=ue_27 pod=open5gs-upf-5b9db6d44-nsbqz uid=7b5b8ef7-a2a2-4fe9-a3e1-74acd17bd88f restarts=6 usage_cpu=402m usage_mem=36Mi request_cpu=410m request_mem=250Mi limit_cpu=none limit_mem=none vpa_target_cpu=442m vpa_target_mem=250Mi vpa_uncapped_cpu=442m vpa_uncapped_mem=250Mi vpa_lower_cpu=196m vpa_lower_mem=250Mi vpa_upper_cpu=1500m vpa_upper_mem=512Mi
[2026-08-22T00:36:45+02:00] UPF_CONTROL_SAMPLE timestamp=2026-08-22T00:36:44+02:00 scenario=ue_27 pod=open5gs-upf-5b9db6d44-nsbqz uid=7b5b8ef7-a2a2-4fe9-a3e1-74acd17bd88f restarts=6 usage_cpu=402m usage_mem=36Mi request_cpu=410m request_mem=250Mi limit_cpu=none limit_mem=none vpa_target_cpu=442m vpa_target_mem=250Mi vpa_uncapped_cpu=442m vpa_uncapped_mem=250Mi vpa_lower_cpu=196m vpa_lower_mem=250Mi vpa_upper_cpu=1500m vpa_upper_mem=512Mi
[2026-08-22T00:36:47+02:00] UPF_CONTROL_SAMPLE timestamp=2026-08-22T00:36:46+02:00 scenario=ue_27 pod=open5gs-upf-5b9db6d44-nsbqz uid=7b5b8ef7-a2a2-4fe9-a3e1-74acd17bd88f restarts=6 usage_cpu=402m usage_mem=36Mi request_cpu=410m request_mem=250Mi limit_cpu=none limit_mem=none vpa_target_cpu=442m vpa_target_mem=250Mi vpa_uncapped_cpu=442m vpa_uncapped_mem=250Mi vpa_lower_cpu=196m vpa_lower_mem=250Mi vpa_upper_cpu=1500m vpa_upper_mem=512Mi
[2026-08-22T00:36:50+02:00] UPF_CONTROL_SAMPLE timestamp=2026-08-22T00:36:48+02:00 scenario=ue_27 pod=open5gs-upf-5b9db6d44-nsbqz uid=7b5b8ef7-a2a2-4fe9-a3e1-74acd17bd88f restarts=6 usage_cpu=402m usage_mem=36Mi request_cpu=410m request_mem=250Mi limit_cpu=none limit_mem=none vpa_target_cpu=442m vpa_target_mem=250Mi vpa_uncapped_cpu=442m vpa_uncapped_mem=250Mi vpa_lower_cpu=196m vpa_lower_mem=250Mi vpa_upper_cpu=1500m vpa_upper_mem=512Mi
[2026-08-22T00:36:52+02:00] UE_SLOT_DONE timestamp=2026-08-21T22:36:52+00:00 active_ues=27 slot=0 attempt=1 ue_idx=0 ue_if=uesimtun0 ue_ip=10.45.1.46 port=5201 rc=0 replacements_for_slot=0 server_busy_retries_for_slot=0
[2026-08-22T00:36:52+02:00] UE_SLOT_DONE timestamp=2026-08-21T22:36:52+00:00 active_ues=27 slot=1 attempt=1 ue_idx=1 ue_if=uesimtun1 ue_ip=10.45.1.47 port=5202 rc=0 replacements_for_slot=0 server_busy_retries_for_slot=0
[2026-08-22T00:36:52+02:00] UE_SLOT_DONE timestamp=2026-08-21T22:36:52+00:00 active_ues=27 slot=2 attempt=1 ue_idx=2 ue_if=uesimtun2 ue_ip=10.45.1.48 port=5203 rc=0 replacements_for_slot=0 server_busy_retries_for_slot=0
[2026-08-22T00:36:52+02:00] UE_SLOT_DONE timestamp=2026-08-21T22:36:52+00:00 active_ues=27 slot=3 attempt=1 ue_idx=3 ue_if=uesimtun3 ue_ip=10.45.1.49 port=5204 rc=0 replacements_for_slot=0 server_busy_retries_for_slot=0
[2026-08-22T00:36:52+02:00] UE_SLOT_DONE timestamp=2026-08-21T22:36:52+00:00 active_ues=27 slot=4 attempt=1 ue_idx=4 ue_if=uesimtun4 ue_ip=10.45.1.51 port=5205 rc=0 replacements_for_slot=0 server_busy_retries_for_slot=0
[2026-08-22T00:36:52+02:00] UPF_CONTROL_SAMPLE timestamp=2026-08-22T00:36:51+02:00 scenario=ue_27 pod=open5gs-upf-5b9db6d44-nsbqz uid=7b5b8ef7-a2a2-4fe9-a3e1-74acd17bd88f restarts=6 usage_cpu=402m usage_mem=36Mi request_cpu=410m request_mem=250Mi limit_cpu=none limit_mem=none vpa_target_cpu=442m vpa_target_mem=250Mi vpa_uncapped_cpu=442m vpa_uncapped_mem=250Mi vpa_lower_cpu=196m vpa_lower_mem=250Mi vpa_upper_cpu=1500m vpa_upper_mem=512Mi
[2026-08-22T00:36:54+02:00] UE_SLOT_DONE timestamp=2026-08-21T22:36:54+00:00 active_ues=27 slot=5 attempt=1 ue_idx=5 ue_if=uesimtun5 ue_ip=10.45.1.52 port=5206 rc=0 replacements_for_slot=0 server_busy_retries_for_slot=0
[2026-08-22T00:36:54+02:00] UE_SLOT_DONE timestamp=2026-08-21T22:36:54+00:00 active_ues=27 slot=6 attempt=1 ue_idx=6 ue_if=uesimtun6 ue_ip=10.45.1.53 port=5207 rc=0 replacements_for_slot=0 server_busy_retries_for_slot=0
[2026-08-22T00:36:54+02:00] UE_SLOT_DONE timestamp=2026-08-21T22:36:54+00:00 active_ues=27 slot=7 attempt=1 ue_idx=7 ue_if=uesimtun7 ue_ip=10.45.1.54 port=5208 rc=0 replacements_for_slot=0 server_busy_retries_for_slot=0
[2026-08-22T00:36:54+02:00] UE_SLOT_DONE timestamp=2026-08-21T22:36:54+00:00 active_ues=27 slot=8 attempt=1 ue_idx=8 ue_if=uesimtun8 ue_ip=10.45.1.56 port=5209 rc=0 replacements_for_slot=0 server_busy_retries_for_slot=0
[2026-08-22T00:36:54+02:00] UE_SLOT_DONE timestamp=2026-08-21T22:36:54+00:00 active_ues=27 slot=9 attempt=1 ue_idx=9 ue_if=uesimtun9 ue_ip=10.45.1.57 port=5210 rc=0 replacements_for_slot=0 server_busy_retries_for_slot=0
[2026-08-22T00:36:54+02:00] UE_SLOT_DONE timestamp=2026-08-21T22:36:54+00:00 active_ues=27 slot=10 attempt=1 ue_idx=10 ue_if=uesimtun10 ue_ip=10.45.1.50 port=5211 rc=0 replacements_for_slot=0 server_busy_retries_for_slot=0
[2026-08-22T00:36:54+02:00] UE_SLOT_DONE timestamp=2026-08-21T22:36:54+00:00 active_ues=27 slot=11 attempt=1 ue_idx=11 ue_if=uesimtun11 ue_ip=10.45.1.60 port=5212 rc=0 replacements_for_slot=0 server_busy_retries_for_slot=0
[2026-08-22T00:36:54+02:00] UE_SLOT_DONE timestamp=2026-08-21T22:36:54+00:00 active_ues=27 slot=12 attempt=1 ue_idx=12 ue_if=uesimtun12 ue_ip=10.45.1.55 port=5213 rc=0 replacements_for_slot=0 server_busy_retries_for_slot=0
[2026-08-22T00:36:55+02:00] UE_SLOT_DONE timestamp=2026-08-21T22:36:55+00:00 active_ues=27 slot=13 attempt=1 ue_idx=13 ue_if=uesimtun13 ue_ip=10.45.1.62 port=5214 rc=0 replacements_for_slot=0 server_busy_retries_for_slot=0
[2026-08-22T00:36:55+02:00] UE_SLOT_DONE timestamp=2026-08-21T22:36:55+00:00 active_ues=27 slot=14 attempt=1 ue_idx=14 ue_if=uesimtun14 ue_ip=10.45.1.66 port=5215 rc=0 replacements_for_slot=0 server_busy_retries_for_slot=0
[2026-08-22T00:36:55+02:00] UPF_CONTROL_SAMPLE timestamp=2026-08-22T00:36:53+02:00 scenario=ue_27 pod=open5gs-upf-5b9db6d44-nsbqz uid=7b5b8ef7-a2a2-4fe9-a3e1-74acd17bd88f restarts=6 usage_cpu=402m usage_mem=36Mi request_cpu=410m request_mem=250Mi limit_cpu=none limit_mem=none vpa_target_cpu=442m vpa_target_mem=250Mi vpa_uncapped_cpu=442m vpa_uncapped_mem=250Mi vpa_lower_cpu=196m vpa_lower_mem=250Mi vpa_upper_cpu=1500m vpa_upper_mem=512Mi
[2026-08-22T00:36:56+02:00] UE_SLOT_DONE timestamp=2026-08-21T22:36:56+00:00 active_ues=27 slot=15 attempt=1 ue_idx=15 ue_if=uesimtun15 ue_ip=10.45.1.64 port=5216 rc=0 replacements_for_slot=0 server_busy_retries_for_slot=0
[2026-08-22T00:36:56+02:00] UE_SLOT_DONE timestamp=2026-08-21T22:36:56+00:00 active_ues=27 slot=16 attempt=1 ue_idx=16 ue_if=uesimtun16 ue_ip=10.45.1.68 port=5217 rc=0 replacements_for_slot=0 server_busy_retries_for_slot=0
[2026-08-22T00:36:56+02:00] UE_SLOT_DONE timestamp=2026-08-21T22:36:56+00:00 active_ues=27 slot=17 attempt=1 ue_idx=17 ue_if=uesimtun17 ue_ip=10.45.1.69 port=5218 rc=0 replacements_for_slot=0 server_busy_retries_for_slot=0
[2026-08-22T00:36:56+02:00] UE_SLOT_DONE timestamp=2026-08-21T22:36:56+00:00 active_ues=27 slot=18 attempt=1 ue_idx=18 ue_if=uesimtun18 ue_ip=10.45.1.71 port=5219 rc=0 replacements_for_slot=0 server_busy_retries_for_slot=0
[2026-08-22T00:36:56+02:00] UE_SLOT_DONE timestamp=2026-08-21T22:36:56+00:00 active_ues=27 slot=19 attempt=1 ue_idx=19 ue_if=uesimtun19 ue_ip=10.45.1.72 port=5220 rc=0 replacements_for_slot=0 server_busy_retries_for_slot=0
[2026-08-22T00:36:56+02:00] UE_SLOT_DONE timestamp=2026-08-21T22:36:56+00:00 active_ues=27 slot=20 attempt=1 ue_idx=20 ue_if=uesimtun20 ue_ip=10.45.1.74 port=5221 rc=0 replacements_for_slot=0 server_busy_retries_for_slot=0
[2026-08-22T00:36:56+02:00] UE_SLOT_DONE timestamp=2026-08-21T22:36:56+00:00 active_ues=27 slot=21 attempt=1 ue_idx=21 ue_if=uesimtun21 ue_ip=10.45.1.76 port=5222 rc=0 replacements_for_slot=0 server_busy_retries_for_slot=0
[2026-08-22T00:36:56+02:00] UE_SLOT_DONE timestamp=2026-08-21T22:36:56+00:00 active_ues=27 slot=22 attempt=1 ue_idx=22 ue_if=uesimtun22 ue_ip=10.45.1.77 port=5223 rc=0 replacements_for_slot=0 server_busy_retries_for_slot=0
[2026-08-22T00:36:57+02:00] UPF_CONTROL_SAMPLE timestamp=2026-08-22T00:36:56+02:00 scenario=ue_27 pod=open5gs-upf-5b9db6d44-nsbqz uid=7b5b8ef7-a2a2-4fe9-a3e1-74acd17bd88f restarts=6 usage_cpu=403m usage_mem=36Mi request_cpu=410m request_mem=250Mi limit_cpu=none limit_mem=none vpa_target_cpu=442m vpa_target_mem=250Mi vpa_uncapped_cpu=442m vpa_uncapped_mem=250Mi vpa_lower_cpu=196m vpa_lower_mem=250Mi vpa_upper_cpu=1500m vpa_upper_mem=512Mi
[2026-08-22T00:36:58+02:00] UE_SLOT_DONE timestamp=2026-08-21T22:36:58+00:00 active_ues=27 slot=23 attempt=1 ue_idx=23 ue_if=uesimtun23 ue_ip=10.45.1.81 port=5224 rc=0 replacements_for_slot=0 server_busy_retries_for_slot=0
[2026-08-22T00:36:58+02:00] UE_SLOT_DONE timestamp=2026-08-21T22:36:58+00:00 active_ues=27 slot=24 attempt=1 ue_idx=24 ue_if=uesimtun24 ue_ip=10.45.1.83 port=5225 rc=0 replacements_for_slot=0 server_busy_retries_for_slot=0
[2026-08-22T00:36:58+02:00] UE_SLOT_DONE timestamp=2026-08-21T22:36:58+00:00 active_ues=27 slot=25 attempt=1 ue_idx=25 ue_if=uesimtun25 ue_ip=10.45.1.80 port=5226 rc=0 replacements_for_slot=0 server_busy_retries_for_slot=0
[2026-08-22T00:36:58+02:00] UE_SLOT_DONE timestamp=2026-08-21T22:36:58+00:00 active_ues=27 slot=26 attempt=1 ue_idx=26 ue_if=uesimtun26 ue_ip=10.45.1.87 port=5227 rc=0 replacements_for_slot=0 server_busy_retries_for_slot=0
[2026-08-22T00:36:59+02:00] TRAFFIC_SUMMARY timestamp=2026-08-21T22:36:59+00:00 registered_tunnels=50 active_ues=27 target_slots=27 completed_slots=27 final_failed_slots=0 replacements=0 problematic_ues=0 zombie_ues=0 connect_timeouts=0 stalls=0 deferred_stalls=0 process_failures=0 server_busy_retries=0 server_busy_failures=0 late_timeouts_accepted=0 scenario_bad_ues=0 global_suspect_ues=0 used_ues=27 target_host=192.168.1.211 initial_ports=5201-5227 replacement_ports=5251-5265 bitrate=1M start_delay=0.05 detection=no_rx_counter replacement_min_duration_s=5 adaptive_extension_max_s=1 iperf_exit_grace_s=3 server_busy_retries_limit=1 server_busy_retry_delay_s=2 late_replacement_after_end=disabled wait_for_iperf_exit=until_timeout global_suspect_policy=soft_reuse ramp_supervision=after_initial_start
[2026-08-22T00:36:59+02:00] UE_POOL_SCENARIO_BAD_CURRENT timestamp=2026-08-21T22:36:59+00:00 active_ues=27 indexes=
[2026-08-22T00:36:59+02:00] UE_POOL_GLOBAL_SUSPECT_CURRENT timestamp=2026-08-21T22:36:59+00:00 active_ues=27 indexes=
[2026-08-22T00:36:59+02:00] REMOTE_IPERF_PER_UE_END timestamp=2026-08-21T22:36:59+00:00 active_ues=27 tag=ue_27 final_rc=0 completed_slots=27 replacements=0 problematic_ues=0 server_busy_retries=0 deferred_stalls=0 late_timeouts_accepted=0
[2026-08-22T00:36:59+02:00] SCENARIO TRAFFIC COMMAND END timestamp=2026-08-22T00:36:59+02:00 active_ue=27 rc=0
[2026-08-22T00:37:00+02:00] UPF_CONTROL_SAMPLE timestamp=2026-08-22T00:36:58+02:00 scenario=ue_27 pod=open5gs-upf-5b9db6d44-nsbqz uid=7b5b8ef7-a2a2-4fe9-a3e1-74acd17bd88f restarts=6 usage_cpu=403m usage_mem=36Mi request_cpu=410m request_mem=250Mi limit_cpu=none limit_mem=none vpa_target_cpu=442m vpa_target_mem=250Mi vpa_uncapped_cpu=442m vpa_uncapped_mem=250Mi vpa_lower_cpu=196m vpa_lower_mem=250Mi vpa_upper_cpu=1500m vpa_upper_mem=512Mi
[2026-08-22T00:37:00+02:00] SCENARIO UPF AFTER timestamp=2026-08-22T00:37:00+02:00 active_ue=27 pod=open5gs-upf-5b9db6d44-nsbqz uid=7b5b8ef7-a2a2-4fe9-a3e1-74acd17bd88f restarts=6
[2026-08-22T00:37:00+02:00] SCENARIO END timestamp=2026-08-22T00:37:00+02:00 active_ue=27 rc=0
[2026-08-22T00:37:00+02:00] ================================================================
[2026-08-22T00:37:00+02:00] SCENARIO START timestamp=2026-08-22T00:37:00+02:00 active_ue=29 registered_ue_pool=50 target_host=192.168.1.211 ports=5201-5229 replacement_ports=5251-5265 bitrate_per_ue=1M start_delay=0.05 replacement_min_duration=5 adaptive_extension_max=1
[2026-08-22T00:37:00+02:00] ================================================================
[2026-08-22T00:37:01+02:00] SCENARIO TUNNEL CHECK timestamp=2026-08-22T00:37:01+02:00 active_ue=29 current_tunnels=50 required=50
[2026-08-22T00:37:01+02:00] SCENARIO UPF BEFORE timestamp=2026-08-22T00:37:01+02:00 active_ue=29 pod=open5gs-upf-5b9db6d44-nsbqz uid=7b5b8ef7-a2a2-4fe9-a3e1-74acd17bd88f restarts=6
[2026-08-22T00:37:02+02:00] REMOTE_IPERF_PER_UE_START timestamp=2026-08-21T22:37:02+00:00 active_ues=29 tag=ue_29 iperf_host=192.168.1.211 base_port=5201 replacement_base_port=5251 duration=80 bitrate=1M start_delay=0.05 detection=no_rx_counter connect_timeout_s=4 stall_seconds=5 replacement_limit=15 replacement_min_duration_s=5 adaptive_extension_max_s=1 iperf_exit_grace_s=3 server_busy_port_rebinds=1 late_replacement_after_end=disabled wait_for_iperf_exit=until_timeout global_suspect_policy=soft_reuse ramp_supervision=after_initial_start
[2026-08-22T00:37:02+02:00] UE_POOL_STATUS timestamp=2026-08-21T22:37:02+00:00 active_ues=29 registered_tunnels=50 existing_global_suspect_ues=0 used_ues=0 policy=soft_reuse_global_suspects
[2026-08-22T00:37:02+02:00] UE_SLOT_ASSIGN timestamp=2026-08-21T22:37:02+00:00 active_ues=29 slot=0 ue_idx=0 ue_if=uesimtun0 ue_ip=10.45.1.46 candidate_reused_global_suspect=0
[2026-08-22T00:37:02+02:00] UE_SLOT_START timestamp=2026-08-21T22:37:02+00:00 active_ues=29 slot=0 attempt=1 ue_idx=0 ue_if=uesimtun0 ue_ip=10.45.1.46 target=192.168.1.211:5201 bitrate=1M duration_s=80 planned_end_epoch=1787351902 timeout_s=90 hard_timeout_epoch=1787351917 start_rx_bytes=1243567
[2026-08-22T00:37:02+02:00] UE_SLOT_PID timestamp=2026-08-21T22:37:02+00:00 active_ues=29 slot=0 attempt=1 ue_idx=0 pid=43012
[2026-08-22T00:37:02+02:00] UE_SLOT_ASSIGN timestamp=2026-08-21T22:37:02+00:00 active_ues=29 slot=1 ue_idx=1 ue_if=uesimtun1 ue_ip=10.45.1.47 candidate_reused_global_suspect=0
[2026-08-22T00:37:02+02:00] UE_SLOT_START timestamp=2026-08-21T22:37:02+00:00 active_ues=29 slot=1 attempt=1 ue_idx=1 ue_if=uesimtun1 ue_ip=10.45.1.47 target=192.168.1.211:5202 bitrate=1M duration_s=80 planned_end_epoch=1787351902 timeout_s=90 hard_timeout_epoch=1787351917 start_rx_bytes=1131814
[2026-08-22T00:37:02+02:00] UE_SLOT_PID timestamp=2026-08-21T22:37:02+00:00 active_ues=29 slot=1 attempt=1 ue_idx=1 pid=43037
[2026-08-22T00:37:02+02:00] UE_SLOT_ASSIGN timestamp=2026-08-21T22:37:02+00:00 active_ues=29 slot=2 ue_idx=2 ue_if=uesimtun2 ue_ip=10.45.1.48 candidate_reused_global_suspect=0
[2026-08-22T00:37:02+02:00] UE_SLOT_START timestamp=2026-08-21T22:37:02+00:00 active_ues=29 slot=2 attempt=1 ue_idx=2 ue_if=uesimtun2 ue_ip=10.45.1.48 target=192.168.1.211:5203 bitrate=1M duration_s=80 planned_end_epoch=1787351902 timeout_s=90 hard_timeout_epoch=1787351917 start_rx_bytes=1144137
[2026-08-22T00:37:02+02:00] UE_SLOT_PID timestamp=2026-08-21T22:37:02+00:00 active_ues=29 slot=2 attempt=1 ue_idx=2 pid=43062
[2026-08-22T00:37:02+02:00] UPF_CONTROL_SAMPLE timestamp=2026-08-22T00:37:01+02:00 scenario=ue_29 pod=open5gs-upf-5b9db6d44-nsbqz uid=7b5b8ef7-a2a2-4fe9-a3e1-74acd17bd88f restarts=6 usage_cpu=403m usage_mem=36Mi request_cpu=410m request_mem=250Mi limit_cpu=none limit_mem=none vpa_target_cpu=442m vpa_target_mem=250Mi vpa_uncapped_cpu=442m vpa_uncapped_mem=250Mi vpa_lower_cpu=196m vpa_lower_mem=250Mi vpa_upper_cpu=1500m vpa_upper_mem=512Mi
[2026-08-22T00:37:03+02:00] UE_SLOT_ASSIGN timestamp=2026-08-21T22:37:03+00:00 active_ues=29 slot=3 ue_idx=3 ue_if=uesimtun3 ue_ip=10.45.1.49 candidate_reused_global_suspect=0
[2026-08-22T00:37:03+02:00] UE_SLOT_START timestamp=2026-08-21T22:37:03+00:00 active_ues=29 slot=3 attempt=1 ue_idx=3 ue_if=uesimtun3 ue_ip=10.45.1.49 target=192.168.1.211:5204 bitrate=1M duration_s=80 planned_end_epoch=1787351903 timeout_s=90 hard_timeout_epoch=1787351918 start_rx_bytes=1077038
[2026-08-22T00:37:03+02:00] UE_SLOT_PID timestamp=2026-08-21T22:37:03+00:00 active_ues=29 slot=3 attempt=1 ue_idx=3 pid=43087
[2026-08-22T00:37:03+02:00] UE_SLOT_ASSIGN timestamp=2026-08-21T22:37:03+00:00 active_ues=29 slot=4 ue_idx=4 ue_if=uesimtun4 ue_ip=10.45.1.51 candidate_reused_global_suspect=0
[2026-08-22T00:37:03+02:00] UE_SLOT_START timestamp=2026-08-21T22:37:03+00:00 active_ues=29 slot=4 attempt=1 ue_idx=4 ue_if=uesimtun4 ue_ip=10.45.1.51 target=192.168.1.211:5205 bitrate=1M duration_s=80 planned_end_epoch=1787351903 timeout_s=90 hard_timeout_epoch=1787351918 start_rx_bytes=1069619
[2026-08-22T00:37:03+02:00] UE_SLOT_PID timestamp=2026-08-21T22:37:03+00:00 active_ues=29 slot=4 attempt=1 ue_idx=4 pid=43112
[2026-08-22T00:37:03+02:00] UE_SLOT_ASSIGN timestamp=2026-08-21T22:37:03+00:00 active_ues=29 slot=5 ue_idx=5 ue_if=uesimtun5 ue_ip=10.45.1.52 candidate_reused_global_suspect=0
[2026-08-22T00:37:03+02:00] UE_SLOT_START timestamp=2026-08-21T22:37:03+00:00 active_ues=29 slot=5 attempt=1 ue_idx=5 ue_if=uesimtun5 ue_ip=10.45.1.52 target=192.168.1.211:5206 bitrate=1M duration_s=80 planned_end_epoch=1787351903 timeout_s=90 hard_timeout_epoch=1787351918 start_rx_bytes=930853
[2026-08-22T00:37:03+02:00] UE_SLOT_PID timestamp=2026-08-21T22:37:03+00:00 active_ues=29 slot=5 attempt=1 ue_idx=5 pid=43137
[2026-08-22T00:37:03+02:00] UE_SLOT_ASSIGN timestamp=2026-08-21T22:37:03+00:00 active_ues=29 slot=6 ue_idx=6 ue_if=uesimtun6 ue_ip=10.45.1.53 candidate_reused_global_suspect=0
[2026-08-22T00:37:03+02:00] UE_SLOT_START timestamp=2026-08-21T22:37:03+00:00 active_ues=29 slot=6 attempt=1 ue_idx=6 ue_if=uesimtun6 ue_ip=10.45.1.53 target=192.168.1.211:5207 bitrate=1M duration_s=80 planned_end_epoch=1787351903 timeout_s=90 hard_timeout_epoch=1787351918 start_rx_bytes=948040
[2026-08-22T00:37:03+02:00] UE_SLOT_PID timestamp=2026-08-21T22:37:03+00:00 active_ues=29 slot=6 attempt=1 ue_idx=6 pid=43162
[2026-08-22T00:37:03+02:00] UE_SLOT_ASSIGN timestamp=2026-08-21T22:37:03+00:00 active_ues=29 slot=7 ue_idx=7 ue_if=uesimtun7 ue_ip=10.45.1.54 candidate_reused_global_suspect=0
[2026-08-22T00:37:04+02:00] UE_SLOT_START timestamp=2026-08-21T22:37:04+00:00 active_ues=29 slot=7 attempt=1 ue_idx=7 ue_if=uesimtun7 ue_ip=10.45.1.54 target=192.168.1.211:5208 bitrate=1M duration_s=80 planned_end_epoch=1787351903 timeout_s=90 hard_timeout_epoch=1787351919 start_rx_bytes=854207
[2026-08-22T00:37:04+02:00] UE_SLOT_PID timestamp=2026-08-21T22:37:04+00:00 active_ues=29 slot=7 attempt=1 ue_idx=7 pid=43187
[2026-08-22T00:37:04+02:00] UE_SLOT_ASSIGN timestamp=2026-08-21T22:37:04+00:00 active_ues=29 slot=8 ue_idx=8 ue_if=uesimtun8 ue_ip=10.45.1.56 candidate_reused_global_suspect=0
[2026-08-22T00:37:04+02:00] UE_SLOT_START timestamp=2026-08-21T22:37:04+00:00 active_ues=29 slot=8 attempt=1 ue_idx=8 ue_if=uesimtun8 ue_ip=10.45.1.56 target=192.168.1.211:5209 bitrate=1M duration_s=80 planned_end_epoch=1787351904 timeout_s=90 hard_timeout_epoch=1787351919 start_rx_bytes=862295
[2026-08-22T00:37:04+02:00] UE_SLOT_PID timestamp=2026-08-21T22:37:04+00:00 active_ues=29 slot=8 attempt=1 ue_idx=8 pid=43212
[2026-08-22T00:37:04+02:00] UE_SLOT_ASSIGN timestamp=2026-08-21T22:37:04+00:00 active_ues=29 slot=9 ue_idx=9 ue_if=uesimtun9 ue_ip=10.45.1.57 candidate_reused_global_suspect=0
[2026-08-22T00:37:04+02:00] UE_SLOT_START timestamp=2026-08-21T22:37:04+00:00 active_ues=29 slot=9 attempt=1 ue_idx=9 ue_if=uesimtun9 ue_ip=10.45.1.57 target=192.168.1.211:5210 bitrate=1M duration_s=80 planned_end_epoch=1787351904 timeout_s=90 hard_timeout_epoch=1787351919 start_rx_bytes=783025
[2026-08-22T00:37:04+02:00] UE_SLOT_PID timestamp=2026-08-21T22:37:04+00:00 active_ues=29 slot=9 attempt=1 ue_idx=9 pid=43237
[2026-08-22T00:37:04+02:00] UE_SLOT_ASSIGN timestamp=2026-08-21T22:37:04+00:00 active_ues=29 slot=10 ue_idx=10 ue_if=uesimtun10 ue_ip=10.45.1.50 candidate_reused_global_suspect=0
[2026-08-22T00:37:04+02:00] UE_SLOT_START timestamp=2026-08-21T22:37:04+00:00 active_ues=29 slot=10 attempt=1 ue_idx=10 ue_if=uesimtun10 ue_ip=10.45.1.50 target=192.168.1.211:5211 bitrate=1M duration_s=80 planned_end_epoch=1787351904 timeout_s=90 hard_timeout_epoch=1787351919 start_rx_bytes=794884
[2026-08-22T00:37:04+02:00] UE_SLOT_PID timestamp=2026-08-21T22:37:04+00:00 active_ues=29 slot=10 attempt=1 ue_idx=10 pid=43262
[2026-08-22T00:37:04+02:00] UE_SLOT_ASSIGN timestamp=2026-08-21T22:37:04+00:00 active_ues=29 slot=11 ue_idx=11 ue_if=uesimtun11 ue_ip=10.45.1.60 candidate_reused_global_suspect=0
[2026-08-22T00:37:04+02:00] UE_SLOT_START timestamp=2026-08-21T22:37:04+00:00 active_ues=29 slot=11 attempt=1 ue_idx=11 ue_if=uesimtun11 ue_ip=10.45.1.60 target=192.168.1.211:5212 bitrate=1M duration_s=80 planned_end_epoch=1787351904 timeout_s=90 hard_timeout_epoch=1787351919 start_rx_bytes=724675
[2026-08-22T00:37:04+02:00] UE_SLOT_PID timestamp=2026-08-21T22:37:04+00:00 active_ues=29 slot=11 attempt=1 ue_idx=11 pid=43287
[2026-08-22T00:37:05+02:00] UE_SLOT_ASSIGN timestamp=2026-08-21T22:37:05+00:00 active_ues=29 slot=12 ue_idx=12 ue_if=uesimtun12 ue_ip=10.45.1.55 candidate_reused_global_suspect=0
[2026-08-22T00:37:05+02:00] UE_SLOT_START timestamp=2026-08-21T22:37:05+00:00 active_ues=29 slot=12 attempt=1 ue_idx=12 ue_if=uesimtun12 ue_ip=10.45.1.55 target=192.168.1.211:5213 bitrate=1M duration_s=80 planned_end_epoch=1787351905 timeout_s=90 hard_timeout_epoch=1787351920 start_rx_bytes=740648
[2026-08-22T00:37:05+02:00] UE_SLOT_PID timestamp=2026-08-21T22:37:05+00:00 active_ues=29 slot=12 attempt=1 ue_idx=12 pid=43312
[2026-08-22T00:37:05+02:00] UE_SLOT_ASSIGN timestamp=2026-08-21T22:37:05+00:00 active_ues=29 slot=13 ue_idx=13 ue_if=uesimtun13 ue_ip=10.45.1.62 candidate_reused_global_suspect=0
[2026-08-22T00:37:05+02:00] UE_SLOT_START timestamp=2026-08-21T22:37:05+00:00 active_ues=29 slot=13 attempt=1 ue_idx=13 ue_if=uesimtun13 ue_ip=10.45.1.62 target=192.168.1.211:5214 bitrate=1M duration_s=80 planned_end_epoch=1787351905 timeout_s=90 hard_timeout_epoch=1787351920 start_rx_bytes=648588
[2026-08-22T00:37:05+02:00] UE_SLOT_PID timestamp=2026-08-21T22:37:05+00:00 active_ues=29 slot=13 attempt=1 ue_idx=13 pid=43337
[2026-08-22T00:37:05+02:00] UPF_CONTROL_SAMPLE timestamp=2026-08-22T00:37:03+02:00 scenario=ue_29 pod=open5gs-upf-5b9db6d44-nsbqz uid=7b5b8ef7-a2a2-4fe9-a3e1-74acd17bd88f restarts=6 usage_cpu=403m usage_mem=36Mi request_cpu=410m request_mem=250Mi limit_cpu=none limit_mem=none vpa_target_cpu=442m vpa_target_mem=250Mi vpa_uncapped_cpu=442m vpa_uncapped_mem=250Mi vpa_lower_cpu=196m vpa_lower_mem=250Mi vpa_upper_cpu=1500m vpa_upper_mem=512Mi
[2026-08-22T00:37:05+02:00] UE_SLOT_ASSIGN timestamp=2026-08-21T22:37:05+00:00 active_ues=29 slot=14 ue_idx=14 ue_if=uesimtun14 ue_ip=10.45.1.66 candidate_reused_global_suspect=0
[2026-08-22T00:37:05+02:00] UE_SLOT_START timestamp=2026-08-21T22:37:05+00:00 active_ues=29 slot=14 attempt=1 ue_idx=14 ue_if=uesimtun14 ue_ip=10.45.1.66 target=192.168.1.211:5215 bitrate=1M duration_s=80 planned_end_epoch=1787351905 timeout_s=90 hard_timeout_epoch=1787351920 start_rx_bytes=663944
[2026-08-22T00:37:05+02:00] UE_SLOT_PID timestamp=2026-08-21T22:37:05+00:00 active_ues=29 slot=14 attempt=1 ue_idx=14 pid=43362
[2026-08-22T00:37:05+02:00] UE_SLOT_ASSIGN timestamp=2026-08-21T22:37:05+00:00 active_ues=29 slot=15 ue_idx=15 ue_if=uesimtun15 ue_ip=10.45.1.64 candidate_reused_global_suspect=0
[2026-08-22T00:37:05+02:00] UE_SLOT_START timestamp=2026-08-21T22:37:05+00:00 active_ues=29 slot=15 attempt=1 ue_idx=15 ue_if=uesimtun15 ue_ip=10.45.1.64 target=192.168.1.211:5216 bitrate=1M duration_s=80 planned_end_epoch=1787351905 timeout_s=90 hard_timeout_epoch=1787351920 start_rx_bytes=532982
[2026-08-22T00:37:05+02:00] UE_SLOT_PID timestamp=2026-08-21T22:37:05+00:00 active_ues=29 slot=15 attempt=1 ue_idx=15 pid=43387
[2026-08-22T00:37:06+02:00] UE_SLOT_ASSIGN timestamp=2026-08-21T22:37:06+00:00 active_ues=29 slot=16 ue_idx=16 ue_if=uesimtun16 ue_ip=10.45.1.68 candidate_reused_global_suspect=0
[2026-08-22T00:37:06+02:00] UE_SLOT_START timestamp=2026-08-21T22:37:06+00:00 active_ues=29 slot=16 attempt=1 ue_idx=16 ue_if=uesimtun16 ue_ip=10.45.1.68 target=192.168.1.211:5217 bitrate=1M duration_s=80 planned_end_epoch=1787351906 timeout_s=90 hard_timeout_epoch=1787351921 start_rx_bytes=535517
[2026-08-22T00:37:06+02:00] UE_SLOT_PID timestamp=2026-08-21T22:37:06+00:00 active_ues=29 slot=16 attempt=1 ue_idx=16 pid=43412
[2026-08-22T00:37:06+02:00] UE_SLOT_ASSIGN timestamp=2026-08-21T22:37:06+00:00 active_ues=29 slot=17 ue_idx=17 ue_if=uesimtun17 ue_ip=10.45.1.69 candidate_reused_global_suspect=0
[2026-08-22T00:37:06+02:00] UE_SLOT_START timestamp=2026-08-21T22:37:06+00:00 active_ues=29 slot=17 attempt=1 ue_idx=17 ue_if=uesimtun17 ue_ip=10.45.1.69 target=192.168.1.211:5218 bitrate=1M duration_s=80 planned_end_epoch=1787351906 timeout_s=90 hard_timeout_epoch=1787351921 start_rx_bytes=434507
[2026-08-22T00:37:06+02:00] UE_SLOT_PID timestamp=2026-08-21T22:37:06+00:00 active_ues=29 slot=17 attempt=1 ue_idx=17 pid=43437
[2026-08-22T00:37:06+02:00] UE_SLOT_ASSIGN timestamp=2026-08-21T22:37:06+00:00 active_ues=29 slot=18 ue_idx=18 ue_if=uesimtun18 ue_ip=10.45.1.71 candidate_reused_global_suspect=0
[2026-08-22T00:37:06+02:00] UE_SLOT_START timestamp=2026-08-21T22:37:06+00:00 active_ues=29 slot=18 attempt=1 ue_idx=18 ue_if=uesimtun18 ue_ip=10.45.1.71 target=192.168.1.211:5219 bitrate=1M duration_s=80 planned_end_epoch=1787351906 timeout_s=90 hard_timeout_epoch=1787351921 start_rx_bytes=445417
[2026-08-22T00:37:06+02:00] UE_SLOT_PID timestamp=2026-08-21T22:37:06+00:00 active_ues=29 slot=18 attempt=1 ue_idx=18 pid=43462
[2026-08-22T00:37:06+02:00] UE_SLOT_ASSIGN timestamp=2026-08-21T22:37:06+00:00 active_ues=29 slot=19 ue_idx=19 ue_if=uesimtun19 ue_ip=10.45.1.72 candidate_reused_global_suspect=0
[2026-08-22T00:37:06+02:00] UE_SLOT_START timestamp=2026-08-21T22:37:06+00:00 active_ues=29 slot=19 attempt=1 ue_idx=19 ue_if=uesimtun19 ue_ip=10.45.1.72 target=192.168.1.211:5220 bitrate=1M duration_s=80 planned_end_epoch=1787351906 timeout_s=90 hard_timeout_epoch=1787351921 start_rx_bytes=376807
[2026-08-22T00:37:06+02:00] UE_SLOT_PID timestamp=2026-08-21T22:37:06+00:00 active_ues=29 slot=19 attempt=1 ue_idx=19 pid=43487
[2026-08-22T00:37:06+02:00] UE_SLOT_ASSIGN timestamp=2026-08-21T22:37:06+00:00 active_ues=29 slot=20 ue_idx=20 ue_if=uesimtun20 ue_ip=10.45.1.74 candidate_reused_global_suspect=0
[2026-08-22T00:37:07+02:00] UE_SLOT_START timestamp=2026-08-21T22:37:07+00:00 active_ues=29 slot=20 attempt=1 ue_idx=20 ue_if=uesimtun20 ue_ip=10.45.1.74 target=192.168.1.211:5221 bitrate=1M duration_s=80 planned_end_epoch=1787351906 timeout_s=90 hard_timeout_epoch=1787351921 start_rx_bytes=364722
[2026-08-22T00:37:07+02:00] UE_SLOT_PID timestamp=2026-08-21T22:37:07+00:00 active_ues=29 slot=20 attempt=1 ue_idx=20 pid=43512
[2026-08-22T00:37:07+02:00] UE_SLOT_ASSIGN timestamp=2026-08-21T22:37:07+00:00 active_ues=29 slot=21 ue_idx=21 ue_if=uesimtun21 ue_ip=10.45.1.76 candidate_reused_global_suspect=0
[2026-08-22T00:37:07+02:00] UE_SLOT_START timestamp=2026-08-21T22:37:07+00:00 active_ues=29 slot=21 attempt=1 ue_idx=21 ue_if=uesimtun21 ue_ip=10.45.1.76 target=192.168.1.211:5222 bitrate=1M duration_s=80 planned_end_epoch=1787351907 timeout_s=90 hard_timeout_epoch=1787351922 start_rx_bytes=274784
[2026-08-22T00:37:07+02:00] UE_SLOT_PID timestamp=2026-08-21T22:37:07+00:00 active_ues=29 slot=21 attempt=1 ue_idx=21 pid=43537
[2026-08-22T00:37:07+02:00] UE_SLOT_ASSIGN timestamp=2026-08-21T22:37:07+00:00 active_ues=29 slot=22 ue_idx=22 ue_if=uesimtun22 ue_ip=10.45.1.77 candidate_reused_global_suspect=0
[2026-08-22T00:37:07+02:00] UE_SLOT_START timestamp=2026-08-21T22:37:07+00:00 active_ues=29 slot=22 attempt=1 ue_idx=22 ue_if=uesimtun22 ue_ip=10.45.1.77 target=192.168.1.211:5223 bitrate=1M duration_s=80 planned_end_epoch=1787351907 timeout_s=90 hard_timeout_epoch=1787351922 start_rx_bytes=280543
[2026-08-22T00:37:07+02:00] UE_SLOT_PID timestamp=2026-08-21T22:37:07+00:00 active_ues=29 slot=22 attempt=1 ue_idx=22 pid=43562
[2026-08-22T00:37:07+02:00] UE_SLOT_ASSIGN timestamp=2026-08-21T22:37:07+00:00 active_ues=29 slot=23 ue_idx=23 ue_if=uesimtun23 ue_ip=10.45.1.81 candidate_reused_global_suspect=0
[2026-08-22T00:37:07+02:00] UE_SLOT_START timestamp=2026-08-21T22:37:07+00:00 active_ues=29 slot=23 attempt=1 ue_idx=23 ue_if=uesimtun23 ue_ip=10.45.1.81 target=192.168.1.211:5224 bitrate=1M duration_s=80 planned_end_epoch=1787351907 timeout_s=90 hard_timeout_epoch=1787351922 start_rx_bytes=192590
[2026-08-22T00:37:07+02:00] UE_SLOT_PID timestamp=2026-08-21T22:37:07+00:00 active_ues=29 slot=23 attempt=1 ue_idx=23 pid=43587
[2026-08-22T00:37:07+02:00] UPF_CONTROL_SAMPLE timestamp=2026-08-22T00:37:06+02:00 scenario=ue_29 pod=open5gs-upf-5b9db6d44-nsbqz uid=7b5b8ef7-a2a2-4fe9-a3e1-74acd17bd88f restarts=6 usage_cpu=403m usage_mem=36Mi request_cpu=410m request_mem=250Mi limit_cpu=none limit_mem=none vpa_target_cpu=442m vpa_target_mem=250Mi vpa_uncapped_cpu=442m vpa_uncapped_mem=250Mi vpa_lower_cpu=196m vpa_lower_mem=250Mi vpa_upper_cpu=1500m vpa_upper_mem=512Mi
[2026-08-22T00:37:08+02:00] UE_SLOT_ASSIGN timestamp=2026-08-21T22:37:08+00:00 active_ues=29 slot=24 ue_idx=24 ue_if=uesimtun24 ue_ip=10.45.1.83 candidate_reused_global_suspect=0
[2026-08-22T00:37:08+02:00] UE_SLOT_START timestamp=2026-08-21T22:37:08+00:00 active_ues=29 slot=24 attempt=1 ue_idx=24 ue_if=uesimtun24 ue_ip=10.45.1.83 target=192.168.1.211:5225 bitrate=1M duration_s=80 planned_end_epoch=1787351908 timeout_s=90 hard_timeout_epoch=1787351923 start_rx_bytes=173168
[2026-08-22T00:37:08+02:00] UE_SLOT_PID timestamp=2026-08-21T22:37:08+00:00 active_ues=29 slot=24 attempt=1 ue_idx=24 pid=43612
[2026-08-22T00:37:08+02:00] UE_SLOT_ASSIGN timestamp=2026-08-21T22:37:08+00:00 active_ues=29 slot=25 ue_idx=25 ue_if=uesimtun25 ue_ip=10.45.1.80 candidate_reused_global_suspect=0
[2026-08-22T00:37:08+02:00] UE_SLOT_START timestamp=2026-08-21T22:37:08+00:00 active_ues=29 slot=25 attempt=1 ue_idx=25 ue_if=uesimtun25 ue_ip=10.45.1.80 target=192.168.1.211:5226 bitrate=1M duration_s=80 planned_end_epoch=1787351908 timeout_s=90 hard_timeout_epoch=1787351923 start_rx_bytes=96099
[2026-08-22T00:37:08+02:00] UE_SLOT_PID timestamp=2026-08-21T22:37:08+00:00 active_ues=29 slot=25 attempt=1 ue_idx=25 pid=43637
[2026-08-22T00:37:08+02:00] UE_SLOT_ASSIGN timestamp=2026-08-21T22:37:08+00:00 active_ues=29 slot=26 ue_idx=26 ue_if=uesimtun26 ue_ip=10.45.1.87 candidate_reused_global_suspect=0
[2026-08-22T00:37:08+02:00] UE_SLOT_START timestamp=2026-08-21T22:37:08+00:00 active_ues=29 slot=26 attempt=1 ue_idx=26 ue_if=uesimtun26 ue_ip=10.45.1.87 target=192.168.1.211:5227 bitrate=1M duration_s=80 planned_end_epoch=1787351908 timeout_s=90 hard_timeout_epoch=1787351923 start_rx_bytes=104980
[2026-08-22T00:37:08+02:00] UE_SLOT_PID timestamp=2026-08-21T22:37:08+00:00 active_ues=29 slot=26 attempt=1 ue_idx=26 pid=43662
[2026-08-22T00:37:08+02:00] UE_SLOT_ASSIGN timestamp=2026-08-21T22:37:08+00:00 active_ues=29 slot=27 ue_idx=27 ue_if=uesimtun27 ue_ip=10.45.1.88 candidate_reused_global_suspect=0
[2026-08-22T00:37:08+02:00] UE_SLOT_START timestamp=2026-08-21T22:37:08+00:00 active_ues=29 slot=27 attempt=1 ue_idx=27 ue_if=uesimtun27 ue_ip=10.45.1.88 target=192.168.1.211:5228 bitrate=1M duration_s=80 planned_end_epoch=1787351908 timeout_s=90 hard_timeout_epoch=1787351923 start_rx_bytes=0
[2026-08-22T00:37:08+02:00] UE_SLOT_PID timestamp=2026-08-21T22:37:08+00:00 active_ues=29 slot=27 attempt=1 ue_idx=27 pid=43687
[2026-08-22T00:37:09+02:00] UE_SLOT_ASSIGN timestamp=2026-08-21T22:37:09+00:00 active_ues=29 slot=28 ue_idx=28 ue_if=uesimtun28 ue_ip=10.45.1.85 candidate_reused_global_suspect=0
[2026-08-22T00:37:09+02:00] UE_SLOT_START timestamp=2026-08-21T22:37:09+00:00 active_ues=29 slot=28 attempt=1 ue_idx=28 ue_if=uesimtun28 ue_ip=10.45.1.85 target=192.168.1.211:5229 bitrate=1M duration_s=80 planned_end_epoch=1787351909 timeout_s=90 hard_timeout_epoch=1787351924 start_rx_bytes=0
[2026-08-22T00:37:09+02:00] UE_SLOT_PID timestamp=2026-08-21T22:37:09+00:00 active_ues=29 slot=28 attempt=1 ue_idx=28 pid=43712
[2026-08-22T00:37:09+02:00] IPERF_MAPPING_SUMMARY timestamp=2026-08-21T22:37:09+00:00 active_ues=29 registered_tunnels=50 initial_ports=5201-5229 replacement_ports=5251-5265 bitrate=1M start_delay=0.05 detection=no_rx_counter replacement_min_duration_s=5 adaptive_extension_max_s=1 iperf_exit_grace_s=3 server_busy_port_rebinds=1 late_replacement_after_end=disabled wait_for_iperf_exit=until_timeout global_suspect_policy=soft_reuse ramp_supervision=after_initial_start
[2026-08-22T00:37:10+02:00] UPF_CONTROL_SAMPLE timestamp=2026-08-22T00:37:08+02:00 scenario=ue_29 pod=open5gs-upf-5b9db6d44-nsbqz uid=7b5b8ef7-a2a2-4fe9-a3e1-74acd17bd88f restarts=6 usage_cpu=403m usage_mem=36Mi request_cpu=410m request_mem=250Mi limit_cpu=none limit_mem=none vpa_target_cpu=442m vpa_target_mem=250Mi vpa_uncapped_cpu=442m vpa_uncapped_mem=250Mi vpa_lower_cpu=196m vpa_lower_mem=250Mi vpa_upper_cpu=1500m vpa_upper_mem=512Mi
[2026-08-22T00:37:13+02:00] UPF_CONTROL_SAMPLE timestamp=2026-08-22T00:37:11+02:00 scenario=ue_29 pod=open5gs-upf-5b9db6d44-nsbqz uid=7b5b8ef7-a2a2-4fe9-a3e1-74acd17bd88f restarts=6 usage_cpu=156m usage_mem=36Mi request_cpu=410m request_mem=250Mi limit_cpu=none limit_mem=none vpa_target_cpu=442m vpa_target_mem=250Mi vpa_uncapped_cpu=442m vpa_uncapped_mem=250Mi vpa_lower_cpu=196m vpa_lower_mem=250Mi vpa_upper_cpu=1500m vpa_upper_mem=512Mi
[2026-08-22T00:37:15+02:00] UPF_CONTROL_SAMPLE timestamp=2026-08-22T00:37:14+02:00 scenario=ue_29 pod=open5gs-upf-5b9db6d44-nsbqz uid=7b5b8ef7-a2a2-4fe9-a3e1-74acd17bd88f restarts=6 usage_cpu=156m usage_mem=36Mi request_cpu=410m request_mem=250Mi limit_cpu=none limit_mem=none vpa_target_cpu=442m vpa_target_mem=250Mi vpa_uncapped_cpu=442m vpa_uncapped_mem=250Mi vpa_lower_cpu=196m vpa_lower_mem=250Mi vpa_upper_cpu=1500m vpa_upper_mem=512Mi
[2026-08-22T00:37:17+02:00] UPF_CONTROL_SAMPLE timestamp=2026-08-22T00:37:16+02:00 scenario=ue_29 pod=open5gs-upf-5b9db6d44-nsbqz uid=7b5b8ef7-a2a2-4fe9-a3e1-74acd17bd88f restarts=6 usage_cpu=156m usage_mem=36Mi request_cpu=410m request_mem=250Mi limit_cpu=none limit_mem=none vpa_target_cpu=442m vpa_target_mem=250Mi vpa_uncapped_cpu=442m vpa_uncapped_mem=250Mi vpa_lower_cpu=196m vpa_lower_mem=250Mi vpa_upper_cpu=1500m vpa_upper_mem=512Mi
[2026-08-22T00:37:20+02:00] UPF_CONTROL_SAMPLE timestamp=2026-08-22T00:37:18+02:00 scenario=ue_29 pod=open5gs-upf-5b9db6d44-nsbqz uid=7b5b8ef7-a2a2-4fe9-a3e1-74acd17bd88f restarts=6 usage_cpu=156m usage_mem=36Mi request_cpu=410m request_mem=250Mi limit_cpu=none limit_mem=none vpa_target_cpu=442m vpa_target_mem=250Mi vpa_uncapped_cpu=442m vpa_uncapped_mem=250Mi vpa_lower_cpu=196m vpa_lower_mem=250Mi vpa_upper_cpu=1500m vpa_upper_mem=512Mi
[2026-08-22T00:37:22+02:00] UPF_CONTROL_SAMPLE timestamp=2026-08-22T00:37:21+02:00 scenario=ue_29 pod=open5gs-upf-5b9db6d44-nsbqz uid=7b5b8ef7-a2a2-4fe9-a3e1-74acd17bd88f restarts=6 usage_cpu=156m usage_mem=36Mi request_cpu=410m request_mem=250Mi limit_cpu=none limit_mem=none vpa_target_cpu=442m vpa_target_mem=250Mi vpa_uncapped_cpu=442m vpa_uncapped_mem=250Mi vpa_lower_cpu=196m vpa_lower_mem=250Mi vpa_upper_cpu=1500m vpa_upper_mem=512Mi
[2026-08-22T00:37:25+02:00] UPF_CONTROL_SAMPLE timestamp=2026-08-22T00:37:24+02:00 scenario=ue_29 pod=open5gs-upf-5b9db6d44-nsbqz uid=7b5b8ef7-a2a2-4fe9-a3e1-74acd17bd88f restarts=6 usage_cpu=156m usage_mem=36Mi request_cpu=410m request_mem=250Mi limit_cpu=none limit_mem=none vpa_target_cpu=442m vpa_target_mem=250Mi vpa_uncapped_cpu=442m vpa_uncapped_mem=250Mi vpa_lower_cpu=196m vpa_lower_mem=250Mi vpa_upper_cpu=1500m vpa_upper_mem=512Mi
[2026-08-22T00:37:27+02:00] UPF_CONTROL_SAMPLE timestamp=2026-08-22T00:37:26+02:00 scenario=ue_29 pod=open5gs-upf-5b9db6d44-nsbqz uid=7b5b8ef7-a2a2-4fe9-a3e1-74acd17bd88f restarts=6 usage_cpu=406m usage_mem=36Mi request_cpu=410m request_mem=250Mi limit_cpu=none limit_mem=none vpa_target_cpu=442m vpa_target_mem=250Mi vpa_uncapped_cpu=442m vpa_uncapped_mem=250Mi vpa_lower_cpu=196m vpa_lower_mem=250Mi vpa_upper_cpu=1500m vpa_upper_mem=512Mi
[2026-08-22T00:37:30+02:00] UPF_CONTROL_SAMPLE timestamp=2026-08-22T00:37:28+02:00 scenario=ue_29 pod=open5gs-upf-5b9db6d44-nsbqz uid=7b5b8ef7-a2a2-4fe9-a3e1-74acd17bd88f restarts=6 usage_cpu=406m usage_mem=36Mi request_cpu=410m request_mem=250Mi limit_cpu=none limit_mem=none vpa_target_cpu=442m vpa_target_mem=250Mi vpa_uncapped_cpu=442m vpa_uncapped_mem=250Mi vpa_lower_cpu=196m vpa_lower_mem=250Mi vpa_upper_cpu=1500m vpa_upper_mem=512Mi
[2026-08-22T00:37:32+02:00] VPA_RECOMMENDATION_CHANGE timestamp=2026-08-22T00:37:31+02:00 scenario=ue_29 old='vpa_target_cpu=442m vpa_target_mem=250Mi vpa_uncapped_cpu=442m vpa_uncapped_mem=250Mi vpa_lower_cpu=196m vpa_lower_mem=250Mi vpa_upper_cpu=1500m vpa_upper_mem=512Mi' new='vpa_target_cpu=476m vpa_target_mem=250Mi vpa_uncapped_cpu=476m vpa_uncapped_mem=250Mi vpa_lower_cpu=197m vpa_lower_mem=250Mi vpa_upper_cpu=1500m vpa_upper_mem=512Mi' previous_5s_sample='timestamp=2026-08-22T00:37:26+02:00 scenario=ue_29 pod=open5gs-upf-5b9db6d44-nsbqz uid=7b5b8ef7-a2a2-4fe9-a3e1-74acd17bd88f restarts=6 usage_cpu=406m usage_mem=36Mi request_cpu=410m request_mem=250Mi limit_cpu=none limit_mem=none vpa_target_cpu=442m vpa_target_mem=250Mi vpa_uncapped_cpu=442m vpa_uncapped_mem=250Mi vpa_lower_cpu=196m vpa_lower_mem=250Mi vpa_upper_cpu=1500m vpa_upper_mem=512Mi' current_sample='timestamp=2026-08-22T00:37:31+02:00 scenario=ue_29 pod=open5gs-upf-5b9db6d44-nsbqz uid=7b5b8ef7-a2a2-4fe9-a3e1-74acd17bd88f restarts=6 usage_cpu=406m usage_mem=36Mi request_cpu=410m request_mem=250Mi limit_cpu=none limit_mem=none vpa_target_cpu=476m vpa_target_mem=250Mi vpa_uncapped_cpu=476m vpa_uncapped_mem=250Mi vpa_lower_cpu=197m vpa_lower_mem=250Mi vpa_upper_cpu=1500m vpa_upper_mem=512Mi'
[2026-08-22T00:37:32+02:00] UPF_CONTROL_SAMPLE timestamp=2026-08-22T00:37:31+02:00 scenario=ue_29 pod=open5gs-upf-5b9db6d44-nsbqz uid=7b5b8ef7-a2a2-4fe9-a3e1-74acd17bd88f restarts=6 usage_cpu=406m usage_mem=36Mi request_cpu=410m request_mem=250Mi limit_cpu=none limit_mem=none vpa_target_cpu=476m vpa_target_mem=250Mi vpa_uncapped_cpu=476m vpa_uncapped_mem=250Mi vpa_lower_cpu=197m vpa_lower_mem=250Mi vpa_upper_cpu=1500m vpa_upper_mem=512Mi
[2026-08-22T00:37:34+02:00] UPF_CONTROL_SAMPLE timestamp=2026-08-22T00:37:33+02:00 scenario=ue_29 pod=open5gs-upf-5b9db6d44-nsbqz uid=7b5b8ef7-a2a2-4fe9-a3e1-74acd17bd88f restarts=6 usage_cpu=406m usage_mem=36Mi request_cpu=410m request_mem=250Mi limit_cpu=none limit_mem=none vpa_target_cpu=476m vpa_target_mem=250Mi vpa_uncapped_cpu=476m vpa_uncapped_mem=250Mi vpa_lower_cpu=197m vpa_lower_mem=250Mi vpa_upper_cpu=1500m vpa_upper_mem=512Mi
[2026-08-22T00:37:36+02:00] UPF_CONTROL_SAMPLE timestamp=2026-08-22T00:37:35+02:00 scenario=ue_29 pod=open5gs-upf-5b9db6d44-nsbqz uid=7b5b8ef7-a2a2-4fe9-a3e1-74acd17bd88f restarts=6 usage_cpu=406m usage_mem=36Mi request_cpu=410m request_mem=250Mi limit_cpu=none limit_mem=none vpa_target_cpu=476m vpa_target_mem=250Mi vpa_uncapped_cpu=476m vpa_uncapped_mem=250Mi vpa_lower_cpu=197m vpa_lower_mem=250Mi vpa_upper_cpu=1500m vpa_upper_mem=512Mi
[2026-08-22T00:37:39+02:00] UPF_CONTROL_SAMPLE timestamp=2026-08-22T00:37:37+02:00 scenario=ue_29 pod=open5gs-upf-5b9db6d44-nsbqz uid=7b5b8ef7-a2a2-4fe9-a3e1-74acd17bd88f restarts=6 usage_cpu=406m usage_mem=36Mi request_cpu=410m request_mem=250Mi limit_cpu=none limit_mem=none vpa_target_cpu=476m vpa_target_mem=250Mi vpa_uncapped_cpu=476m vpa_uncapped_mem=250Mi vpa_lower_cpu=197m vpa_lower_mem=250Mi vpa_upper_cpu=1500m vpa_upper_mem=512Mi
[2026-08-22T00:37:41+02:00] UPF_CONTROL_SAMPLE timestamp=2026-08-22T00:37:40+02:00 scenario=ue_29 pod=open5gs-upf-5b9db6d44-nsbqz uid=7b5b8ef7-a2a2-4fe9-a3e1-74acd17bd88f restarts=6 usage_cpu=437m usage_mem=36Mi request_cpu=410m request_mem=250Mi limit_cpu=none limit_mem=none vpa_target_cpu=476m vpa_target_mem=250Mi vpa_uncapped_cpu=476m vpa_uncapped_mem=250Mi vpa_lower_cpu=197m vpa_lower_mem=250Mi vpa_upper_cpu=1500m vpa_upper_mem=512Mi
[2026-08-22T00:37:44+02:00] UPF_CONTROL_SAMPLE timestamp=2026-08-22T00:37:42+02:00 scenario=ue_29 pod=open5gs-upf-5b9db6d44-nsbqz uid=7b5b8ef7-a2a2-4fe9-a3e1-74acd17bd88f restarts=6 usage_cpu=437m usage_mem=36Mi request_cpu=410m request_mem=250Mi limit_cpu=none limit_mem=none vpa_target_cpu=476m vpa_target_mem=250Mi vpa_uncapped_cpu=476m vpa_uncapped_mem=250Mi vpa_lower_cpu=197m vpa_lower_mem=250Mi vpa_upper_cpu=1500m vpa_upper_mem=512Mi
[2026-08-22T00:37:46+02:00] UPF_CONTROL_SAMPLE timestamp=2026-08-22T00:37:45+02:00 scenario=ue_29 pod=open5gs-upf-5b9db6d44-nsbqz uid=7b5b8ef7-a2a2-4fe9-a3e1-74acd17bd88f restarts=6 usage_cpu=437m usage_mem=36Mi request_cpu=410m request_mem=250Mi limit_cpu=none limit_mem=none vpa_target_cpu=476m vpa_target_mem=250Mi vpa_uncapped_cpu=476m vpa_uncapped_mem=250Mi vpa_lower_cpu=197m vpa_lower_mem=250Mi vpa_upper_cpu=1500m vpa_upper_mem=512Mi
[2026-08-22T00:37:48+02:00] UPF_CONTROL_SAMPLE timestamp=2026-08-22T00:37:47+02:00 scenario=ue_29 pod=open5gs-upf-5b9db6d44-nsbqz uid=7b5b8ef7-a2a2-4fe9-a3e1-74acd17bd88f restarts=6 usage_cpu=437m usage_mem=36Mi request_cpu=410m request_mem=250Mi limit_cpu=none limit_mem=none vpa_target_cpu=476m vpa_target_mem=250Mi vpa_uncapped_cpu=476m vpa_uncapped_mem=250Mi vpa_lower_cpu=197m vpa_lower_mem=250Mi vpa_upper_cpu=1500m vpa_upper_mem=512Mi
[2026-08-22T00:37:51+02:00] UPF_CONTROL_SAMPLE timestamp=2026-08-22T00:37:49+02:00 scenario=ue_29 pod=open5gs-upf-5b9db6d44-nsbqz uid=7b5b8ef7-a2a2-4fe9-a3e1-74acd17bd88f restarts=6 usage_cpu=437m usage_mem=36Mi request_cpu=410m request_mem=250Mi limit_cpu=none limit_mem=none vpa_target_cpu=476m vpa_target_mem=250Mi vpa_uncapped_cpu=476m vpa_uncapped_mem=250Mi vpa_lower_cpu=197m vpa_lower_mem=250Mi vpa_upper_cpu=1500m vpa_upper_mem=512Mi
[2026-08-22T00:37:54+02:00] UPF_CONTROL_SAMPLE timestamp=2026-08-22T00:37:52+02:00 scenario=ue_29 pod=open5gs-upf-5b9db6d44-nsbqz uid=7b5b8ef7-a2a2-4fe9-a3e1-74acd17bd88f restarts=6 usage_cpu=437m usage_mem=36Mi request_cpu=410m request_mem=250Mi limit_cpu=none limit_mem=none vpa_target_cpu=476m vpa_target_mem=250Mi vpa_uncapped_cpu=476m vpa_uncapped_mem=250Mi vpa_lower_cpu=197m vpa_lower_mem=250Mi vpa_upper_cpu=1500m vpa_upper_mem=512Mi
[2026-08-22T00:37:57+02:00] UPF_CONTROL_SAMPLE timestamp=2026-08-22T00:37:55+02:00 scenario=ue_29 pod=open5gs-upf-5b9db6d44-nsbqz uid=7b5b8ef7-a2a2-4fe9-a3e1-74acd17bd88f restarts=6 usage_cpu=452m usage_mem=36Mi request_cpu=410m request_mem=250Mi limit_cpu=none limit_mem=none vpa_target_cpu=476m vpa_target_mem=250Mi vpa_uncapped_cpu=476m vpa_uncapped_mem=250Mi vpa_lower_cpu=197m vpa_lower_mem=250Mi vpa_upper_cpu=1500m vpa_upper_mem=512Mi
[2026-08-22T00:38:00+02:00] UPF_CONTROL_SAMPLE timestamp=2026-08-22T00:37:58+02:00 scenario=ue_29 pod=open5gs-upf-5b9db6d44-nsbqz uid=7b5b8ef7-a2a2-4fe9-a3e1-74acd17bd88f restarts=6 usage_cpu=452m usage_mem=36Mi request_cpu=410m request_mem=250Mi limit_cpu=none limit_mem=none vpa_target_cpu=476m vpa_target_mem=250Mi vpa_uncapped_cpu=476m vpa_uncapped_mem=250Mi vpa_lower_cpu=197m vpa_lower_mem=250Mi vpa_upper_cpu=1500m vpa_upper_mem=512Mi
[2026-08-22T00:38:02+02:00] UPF_CONTROL_SAMPLE timestamp=2026-08-22T00:38:01+02:00 scenario=ue_29 pod=open5gs-upf-5b9db6d44-nsbqz uid=7b5b8ef7-a2a2-4fe9-a3e1-74acd17bd88f restarts=6 usage_cpu=452m usage_mem=36Mi request_cpu=410m request_mem=250Mi limit_cpu=none limit_mem=none vpa_target_cpu=476m vpa_target_mem=250Mi vpa_uncapped_cpu=476m vpa_uncapped_mem=250Mi vpa_lower_cpu=197m vpa_lower_mem=250Mi vpa_upper_cpu=1500m vpa_upper_mem=512Mi
[2026-08-22T00:38:05+02:00] UPF_CONTROL_SAMPLE timestamp=2026-08-22T00:38:04+02:00 scenario=ue_29 pod=open5gs-upf-5b9db6d44-nsbqz uid=7b5b8ef7-a2a2-4fe9-a3e1-74acd17bd88f restarts=6 usage_cpu=452m usage_mem=36Mi request_cpu=410m request_mem=250Mi limit_cpu=none limit_mem=none vpa_target_cpu=476m vpa_target_mem=250Mi vpa_uncapped_cpu=476m vpa_uncapped_mem=250Mi vpa_lower_cpu=197m vpa_lower_mem=250Mi vpa_upper_cpu=1500m vpa_upper_mem=512Mi
[2026-08-22T00:38:07+02:00] UPF_CONTROL_SAMPLE timestamp=2026-08-22T00:38:06+02:00 scenario=ue_29 pod=open5gs-upf-5b9db6d44-nsbqz uid=7b5b8ef7-a2a2-4fe9-a3e1-74acd17bd88f restarts=6 usage_cpu=452m usage_mem=36Mi request_cpu=410m request_mem=250Mi limit_cpu=none limit_mem=none vpa_target_cpu=476m vpa_target_mem=250Mi vpa_uncapped_cpu=476m vpa_uncapped_mem=250Mi vpa_lower_cpu=197m vpa_lower_mem=250Mi vpa_upper_cpu=1500m vpa_upper_mem=512Mi
[2026-08-22T00:38:10+02:00] UPF_CONTROL_SAMPLE timestamp=2026-08-22T00:38:08+02:00 scenario=ue_29 pod=open5gs-upf-5b9db6d44-nsbqz uid=7b5b8ef7-a2a2-4fe9-a3e1-74acd17bd88f restarts=6 usage_cpu=452m usage_mem=36Mi request_cpu=410m request_mem=250Mi limit_cpu=none limit_mem=none vpa_target_cpu=476m vpa_target_mem=250Mi vpa_uncapped_cpu=476m vpa_uncapped_mem=250Mi vpa_lower_cpu=197m vpa_lower_mem=250Mi vpa_upper_cpu=1500m vpa_upper_mem=512Mi
[2026-08-22T00:38:12+02:00] UPF_CONTROL_SAMPLE timestamp=2026-08-22T00:38:11+02:00 scenario=ue_29 pod=open5gs-upf-5b9db6d44-nsbqz uid=7b5b8ef7-a2a2-4fe9-a3e1-74acd17bd88f restarts=6 usage_cpu=435m usage_mem=36Mi request_cpu=410m request_mem=250Mi limit_cpu=none limit_mem=none vpa_target_cpu=476m vpa_target_mem=250Mi vpa_uncapped_cpu=476m vpa_uncapped_mem=250Mi vpa_lower_cpu=197m vpa_lower_mem=250Mi vpa_upper_cpu=1500m vpa_upper_mem=512Mi
[2026-08-22T00:38:15+02:00] UPF_CONTROL_SAMPLE timestamp=2026-08-22T00:38:13+02:00 scenario=ue_29 pod=open5gs-upf-5b9db6d44-nsbqz uid=7b5b8ef7-a2a2-4fe9-a3e1-74acd17bd88f restarts=6 usage_cpu=435m usage_mem=36Mi request_cpu=410m request_mem=250Mi limit_cpu=none limit_mem=none vpa_target_cpu=476m vpa_target_mem=250Mi vpa_uncapped_cpu=476m vpa_uncapped_mem=250Mi vpa_lower_cpu=197m vpa_lower_mem=250Mi vpa_upper_cpu=1500m vpa_upper_mem=512Mi
[2026-08-22T00:38:17+02:00] UPF_CONTROL_SAMPLE timestamp=2026-08-22T00:38:16+02:00 scenario=ue_29 pod=open5gs-upf-5b9db6d44-nsbqz uid=7b5b8ef7-a2a2-4fe9-a3e1-74acd17bd88f restarts=6 usage_cpu=435m usage_mem=36Mi request_cpu=410m request_mem=250Mi limit_cpu=none limit_mem=none vpa_target_cpu=476m vpa_target_mem=250Mi vpa_uncapped_cpu=476m vpa_uncapped_mem=250Mi vpa_lower_cpu=197m vpa_lower_mem=250Mi vpa_upper_cpu=1500m vpa_upper_mem=512Mi
[2026-08-22T00:38:19+02:00] UPF_CONTROL_SAMPLE timestamp=2026-08-22T00:38:18+02:00 scenario=ue_29 pod=open5gs-upf-5b9db6d44-nsbqz uid=7b5b8ef7-a2a2-4fe9-a3e1-74acd17bd88f restarts=6 usage_cpu=435m usage_mem=36Mi request_cpu=410m request_mem=250Mi limit_cpu=none limit_mem=none vpa_target_cpu=476m vpa_target_mem=250Mi vpa_uncapped_cpu=476m vpa_uncapped_mem=250Mi vpa_lower_cpu=197m vpa_lower_mem=250Mi vpa_upper_cpu=1500m vpa_upper_mem=512Mi
[2026-08-22T00:38:21+02:00] UPF_CONTROL_SAMPLE timestamp=2026-08-22T00:38:20+02:00 scenario=ue_29 pod=open5gs-upf-5b9db6d44-nsbqz uid=7b5b8ef7-a2a2-4fe9-a3e1-74acd17bd88f restarts=6 usage_cpu=435m usage_mem=36Mi request_cpu=410m request_mem=250Mi limit_cpu=none limit_mem=none vpa_target_cpu=476m vpa_target_mem=250Mi vpa_uncapped_cpu=476m vpa_uncapped_mem=250Mi vpa_lower_cpu=197m vpa_lower_mem=250Mi vpa_upper_cpu=1500m vpa_upper_mem=512Mi
[2026-08-22T00:38:23+02:00] UE_SLOT_DONE timestamp=2026-08-21T22:38:23+00:00 active_ues=29 slot=0 attempt=1 ue_idx=0 ue_if=uesimtun0 ue_ip=10.45.1.46 port=5201 rc=0 replacements_for_slot=0 server_busy_retries_for_slot=0
[2026-08-22T00:38:23+02:00] UE_SLOT_DONE timestamp=2026-08-21T22:38:23+00:00 active_ues=29 slot=1 attempt=1 ue_idx=1 ue_if=uesimtun1 ue_ip=10.45.1.47 port=5202 rc=0 replacements_for_slot=0 server_busy_retries_for_slot=0
[2026-08-22T00:38:23+02:00] UE_SLOT_DONE timestamp=2026-08-21T22:38:23+00:00 active_ues=29 slot=2 attempt=1 ue_idx=2 ue_if=uesimtun2 ue_ip=10.45.1.48 port=5203 rc=0 replacements_for_slot=0 server_busy_retries_for_slot=0
[2026-08-22T00:38:24+02:00] UPF_CONTROL_SAMPLE timestamp=2026-08-22T00:38:22+02:00 scenario=ue_29 pod=open5gs-upf-5b9db6d44-nsbqz uid=7b5b8ef7-a2a2-4fe9-a3e1-74acd17bd88f restarts=6 usage_cpu=435m usage_mem=36Mi request_cpu=410m request_mem=250Mi limit_cpu=none limit_mem=none vpa_target_cpu=476m vpa_target_mem=250Mi vpa_uncapped_cpu=476m vpa_uncapped_mem=250Mi vpa_lower_cpu=197m vpa_lower_mem=250Mi vpa_upper_cpu=1500m vpa_upper_mem=512Mi
[2026-08-22T00:38:25+02:00] UE_SLOT_DONE timestamp=2026-08-21T22:38:25+00:00 active_ues=29 slot=3 attempt=1 ue_idx=3 ue_if=uesimtun3 ue_ip=10.45.1.49 port=5204 rc=0 replacements_for_slot=0 server_busy_retries_for_slot=0
[2026-08-22T00:38:25+02:00] UE_SLOT_DONE timestamp=2026-08-21T22:38:25+00:00 active_ues=29 slot=4 attempt=1 ue_idx=4 ue_if=uesimtun4 ue_ip=10.45.1.51 port=5205 rc=0 replacements_for_slot=0 server_busy_retries_for_slot=0
[2026-08-22T00:38:25+02:00] UE_SLOT_DONE timestamp=2026-08-21T22:38:25+00:00 active_ues=29 slot=5 attempt=1 ue_idx=5 ue_if=uesimtun5 ue_ip=10.45.1.52 port=5206 rc=0 replacements_for_slot=0 server_busy_retries_for_slot=0
[2026-08-22T00:38:25+02:00] UE_SLOT_DONE timestamp=2026-08-21T22:38:25+00:00 active_ues=29 slot=6 attempt=1 ue_idx=6 ue_if=uesimtun6 ue_ip=10.45.1.53 port=5207 rc=0 replacements_for_slot=0 server_busy_retries_for_slot=0
[2026-08-22T00:38:25+02:00] UE_SLOT_DONE timestamp=2026-08-21T22:38:25+00:00 active_ues=29 slot=7 attempt=1 ue_idx=7 ue_if=uesimtun7 ue_ip=10.45.1.54 port=5208 rc=0 replacements_for_slot=0 server_busy_retries_for_slot=0
[2026-08-22T00:38:25+02:00] UE_SLOT_DONE timestamp=2026-08-21T22:38:25+00:00 active_ues=29 slot=8 attempt=1 ue_idx=8 ue_if=uesimtun8 ue_ip=10.45.1.56 port=5209 rc=0 replacements_for_slot=0 server_busy_retries_for_slot=0
[2026-08-22T00:38:25+02:00] UE_SLOT_DONE timestamp=2026-08-21T22:38:25+00:00 active_ues=29 slot=9 attempt=1 ue_idx=9 ue_if=uesimtun9 ue_ip=10.45.1.57 port=5210 rc=0 replacements_for_slot=0 server_busy_retries_for_slot=0
[2026-08-22T00:38:25+02:00] UE_SLOT_DONE timestamp=2026-08-21T22:38:25+00:00 active_ues=29 slot=10 attempt=1 ue_idx=10 ue_if=uesimtun10 ue_ip=10.45.1.50 port=5211 rc=0 replacements_for_slot=0 server_busy_retries_for_slot=0
[2026-08-22T00:38:25+02:00] UE_SLOT_DONE timestamp=2026-08-21T22:38:25+00:00 active_ues=29 slot=11 attempt=1 ue_idx=11 ue_if=uesimtun11 ue_ip=10.45.1.60 port=5212 rc=0 replacements_for_slot=0 server_busy_retries_for_slot=0
[2026-08-22T00:38:25+02:00] UE_SLOT_DONE timestamp=2026-08-21T22:38:25+00:00 active_ues=29 slot=12 attempt=1 ue_idx=12 ue_if=uesimtun12 ue_ip=10.45.1.55 port=5213 rc=0 replacements_for_slot=0 server_busy_retries_for_slot=0
[2026-08-22T00:38:25+02:00] UE_SLOT_DONE timestamp=2026-08-21T22:38:25+00:00 active_ues=29 slot=13 attempt=1 ue_idx=13 ue_if=uesimtun13 ue_ip=10.45.1.62 port=5214 rc=0 replacements_for_slot=0 server_busy_retries_for_slot=0
[2026-08-22T00:38:27+02:00] UPF_REQUEST_CHANGE timestamp=2026-08-22T00:38:25+02:00 scenario=ue_29 pod=open5gs-upf-5b9db6d44-nsbqz uid=7b5b8ef7-a2a2-4fe9-a3e1-74acd17bd88f restarts=6 old='request_cpu=410m request_mem=250Mi limit_cpu=none limit_mem=none' new='request_cpu=476m request_mem=250Mi limit_cpu=none limit_mem=none' previous_5s_sample='timestamp=2026-08-22T00:38:20+02:00 scenario=ue_29 pod=open5gs-upf-5b9db6d44-nsbqz uid=7b5b8ef7-a2a2-4fe9-a3e1-74acd17bd88f restarts=6 usage_cpu=435m usage_mem=36Mi request_cpu=410m request_mem=250Mi limit_cpu=none limit_mem=none vpa_target_cpu=476m vpa_target_mem=250Mi vpa_uncapped_cpu=476m vpa_uncapped_mem=250Mi vpa_lower_cpu=197m vpa_lower_mem=250Mi vpa_upper_cpu=1500m vpa_upper_mem=512Mi' current_sample='timestamp=2026-08-22T00:38:25+02:00 scenario=ue_29 pod=open5gs-upf-5b9db6d44-nsbqz uid=7b5b8ef7-a2a2-4fe9-a3e1-74acd17bd88f restarts=6 usage_cpu=435m usage_mem=36Mi request_cpu=476m request_mem=250Mi limit_cpu=none limit_mem=none vpa_target_cpu=476m vpa_target_mem=250Mi vpa_uncapped_cpu=476m vpa_uncapped_mem=250Mi vpa_lower_cpu=197m vpa_lower_mem=250Mi vpa_upper_cpu=1500m vpa_upper_mem=512Mi'
[2026-08-22T00:38:27+02:00] UPF_CONTROL_SAMPLE timestamp=2026-08-22T00:38:25+02:00 scenario=ue_29 pod=open5gs-upf-5b9db6d44-nsbqz uid=7b5b8ef7-a2a2-4fe9-a3e1-74acd17bd88f restarts=6 usage_cpu=435m usage_mem=36Mi request_cpu=476m request_mem=250Mi limit_cpu=none limit_mem=none vpa_target_cpu=476m vpa_target_mem=250Mi vpa_uncapped_cpu=476m vpa_uncapped_mem=250Mi vpa_lower_cpu=197m vpa_lower_mem=250Mi vpa_upper_cpu=1500m vpa_upper_mem=512Mi
[2026-08-22T00:38:27+02:00] UE_SLOT_DONE timestamp=2026-08-21T22:38:27+00:00 active_ues=29 slot=14 attempt=1 ue_idx=14 ue_if=uesimtun14 ue_ip=10.45.1.66 port=5215 rc=0 replacements_for_slot=0 server_busy_retries_for_slot=0
[2026-08-22T00:38:27+02:00] UE_SLOT_DONE timestamp=2026-08-21T22:38:27+00:00 active_ues=29 slot=15 attempt=1 ue_idx=15 ue_if=uesimtun15 ue_ip=10.45.1.64 port=5216 rc=0 replacements_for_slot=0 server_busy_retries_for_slot=0
[2026-08-22T00:38:27+02:00] UE_SLOT_DONE timestamp=2026-08-21T22:38:27+00:00 active_ues=29 slot=16 attempt=1 ue_idx=16 ue_if=uesimtun16 ue_ip=10.45.1.68 port=5217 rc=0 replacements_for_slot=0 server_busy_retries_for_slot=0
[2026-08-22T00:38:27+02:00] UE_SLOT_DONE timestamp=2026-08-21T22:38:27+00:00 active_ues=29 slot=17 attempt=1 ue_idx=17 ue_if=uesimtun17 ue_ip=10.45.1.69 port=5218 rc=0 replacements_for_slot=0 server_busy_retries_for_slot=0
[2026-08-22T00:38:27+02:00] UE_SLOT_DONE timestamp=2026-08-21T22:38:27+00:00 active_ues=29 slot=18 attempt=1 ue_idx=18 ue_if=uesimtun18 ue_ip=10.45.1.71 port=5219 rc=0 replacements_for_slot=0 server_busy_retries_for_slot=0
[2026-08-22T00:38:27+02:00] UE_SLOT_DONE timestamp=2026-08-21T22:38:27+00:00 active_ues=29 slot=19 attempt=1 ue_idx=19 ue_if=uesimtun19 ue_ip=10.45.1.72 port=5220 rc=0 replacements_for_slot=0 server_busy_retries_for_slot=0
[2026-08-22T00:38:27+02:00] UE_SLOT_DONE timestamp=2026-08-21T22:38:27+00:00 active_ues=29 slot=20 attempt=1 ue_idx=20 ue_if=uesimtun20 ue_ip=10.45.1.74 port=5221 rc=0 replacements_for_slot=0 server_busy_retries_for_slot=0
[2026-08-22T00:38:27+02:00] UE_SLOT_DONE timestamp=2026-08-21T22:38:27+00:00 active_ues=29 slot=21 attempt=1 ue_idx=21 ue_if=uesimtun21 ue_ip=10.45.1.76 port=5222 rc=0 replacements_for_slot=0 server_busy_retries_for_slot=0
[2026-08-22T00:38:28+02:00] UE_SLOT_DONE timestamp=2026-08-21T22:38:28+00:00 active_ues=29 slot=22 attempt=1 ue_idx=22 ue_if=uesimtun22 ue_ip=10.45.1.77 port=5223 rc=0 replacements_for_slot=0 server_busy_retries_for_slot=0
[2026-08-22T00:38:29+02:00] UE_SLOT_DONE timestamp=2026-08-21T22:38:29+00:00 active_ues=29 slot=23 attempt=1 ue_idx=23 ue_if=uesimtun23 ue_ip=10.45.1.81 port=5224 rc=0 replacements_for_slot=0 server_busy_retries_for_slot=0
[2026-08-22T00:38:29+02:00] UE_SLOT_DONE timestamp=2026-08-21T22:38:29+00:00 active_ues=29 slot=24 attempt=1 ue_idx=24 ue_if=uesimtun24 ue_ip=10.45.1.83 port=5225 rc=0 replacements_for_slot=0 server_busy_retries_for_slot=0
[2026-08-22T00:38:29+02:00] UE_SLOT_DONE timestamp=2026-08-21T22:38:29+00:00 active_ues=29 slot=25 attempt=1 ue_idx=25 ue_if=uesimtun25 ue_ip=10.45.1.80 port=5226 rc=0 replacements_for_slot=0 server_busy_retries_for_slot=0
[2026-08-22T00:38:29+02:00] UE_SLOT_DONE timestamp=2026-08-21T22:38:29+00:00 active_ues=29 slot=26 attempt=1 ue_idx=26 ue_if=uesimtun26 ue_ip=10.45.1.87 port=5227 rc=0 replacements_for_slot=0 server_busy_retries_for_slot=0
[2026-08-22T00:38:29+02:00] UE_SLOT_DONE timestamp=2026-08-21T22:38:29+00:00 active_ues=29 slot=27 attempt=1 ue_idx=27 ue_if=uesimtun27 ue_ip=10.45.1.88 port=5228 rc=0 replacements_for_slot=0 server_busy_retries_for_slot=0
[2026-08-22T00:38:29+02:00] UPF_CONTROL_SAMPLE timestamp=2026-08-22T00:38:28+02:00 scenario=ue_29 pod=open5gs-upf-5b9db6d44-nsbqz uid=7b5b8ef7-a2a2-4fe9-a3e1-74acd17bd88f restarts=6 usage_cpu=435m usage_mem=36Mi request_cpu=476m request_mem=250Mi limit_cpu=none limit_mem=none vpa_target_cpu=476m vpa_target_mem=250Mi vpa_uncapped_cpu=476m vpa_uncapped_mem=250Mi vpa_lower_cpu=197m vpa_lower_mem=250Mi vpa_upper_cpu=1500m vpa_upper_mem=512Mi
[2026-08-22T00:38:30+02:00] UE_SLOT_DONE timestamp=2026-08-21T22:38:30+00:00 active_ues=29 slot=28 attempt=1 ue_idx=28 ue_if=uesimtun28 ue_ip=10.45.1.85 port=5229 rc=0 replacements_for_slot=0 server_busy_retries_for_slot=0
[2026-08-22T00:38:31+02:00] TRAFFIC_SUMMARY timestamp=2026-08-21T22:38:31+00:00 registered_tunnels=50 active_ues=29 target_slots=29 completed_slots=29 final_failed_slots=0 replacements=0 problematic_ues=0 zombie_ues=0 connect_timeouts=0 stalls=0 deferred_stalls=0 process_failures=0 server_busy_retries=0 server_busy_failures=0 late_timeouts_accepted=0 scenario_bad_ues=0 global_suspect_ues=0 used_ues=29 target_host=192.168.1.211 initial_ports=5201-5229 replacement_ports=5251-5265 bitrate=1M start_delay=0.05 detection=no_rx_counter replacement_min_duration_s=5 adaptive_extension_max_s=1 iperf_exit_grace_s=3 server_busy_retries_limit=1 server_busy_retry_delay_s=2 late_replacement_after_end=disabled wait_for_iperf_exit=until_timeout global_suspect_policy=soft_reuse ramp_supervision=after_initial_start
[2026-08-22T00:38:31+02:00] UE_POOL_SCENARIO_BAD_CURRENT timestamp=2026-08-21T22:38:31+00:00 active_ues=29 indexes=
[2026-08-22T00:38:31+02:00] UE_POOL_GLOBAL_SUSPECT_CURRENT timestamp=2026-08-21T22:38:31+00:00 active_ues=29 indexes=
[2026-08-22T00:38:31+02:00] REMOTE_IPERF_PER_UE_END timestamp=2026-08-21T22:38:31+00:00 active_ues=29 tag=ue_29 final_rc=0 completed_slots=29 replacements=0 problematic_ues=0 server_busy_retries=0 deferred_stalls=0 late_timeouts_accepted=0
[2026-08-22T00:38:31+02:00] SCENARIO TRAFFIC COMMAND END timestamp=2026-08-22T00:38:31+02:00 active_ue=29 rc=0
[2026-08-22T00:38:32+02:00] VPA_RECOMMENDATION_CHANGE timestamp=2026-08-22T00:38:30+02:00 scenario=ue_29 old='vpa_target_cpu=476m vpa_target_mem=250Mi vpa_uncapped_cpu=476m vpa_uncapped_mem=250Mi vpa_lower_cpu=197m vpa_lower_mem=250Mi vpa_upper_cpu=1500m vpa_upper_mem=512Mi' new='vpa_target_cpu=476m vpa_target_mem=250Mi vpa_uncapped_cpu=476m vpa_uncapped_mem=250Mi vpa_lower_cpu=218m vpa_lower_mem=250Mi vpa_upper_cpu=1500m vpa_upper_mem=512Mi' previous_5s_sample='timestamp=2026-08-22T00:38:25+02:00 scenario=ue_29 pod=open5gs-upf-5b9db6d44-nsbqz uid=7b5b8ef7-a2a2-4fe9-a3e1-74acd17bd88f restarts=6 usage_cpu=435m usage_mem=36Mi request_cpu=476m request_mem=250Mi limit_cpu=none limit_mem=none vpa_target_cpu=476m vpa_target_mem=250Mi vpa_uncapped_cpu=476m vpa_uncapped_mem=250Mi vpa_lower_cpu=197m vpa_lower_mem=250Mi vpa_upper_cpu=1500m vpa_upper_mem=512Mi' current_sample='timestamp=2026-08-22T00:38:30+02:00 scenario=ue_29 pod=open5gs-upf-5b9db6d44-nsbqz uid=7b5b8ef7-a2a2-4fe9-a3e1-74acd17bd88f restarts=6 usage_cpu=435m usage_mem=36Mi request_cpu=476m request_mem=250Mi limit_cpu=none limit_mem=none vpa_target_cpu=476m vpa_target_mem=250Mi vpa_uncapped_cpu=476m vpa_uncapped_mem=250Mi vpa_lower_cpu=218m vpa_lower_mem=250Mi vpa_upper_cpu=1500m vpa_upper_mem=512Mi'
[2026-08-22T00:38:32+02:00] UPF_CONTROL_SAMPLE timestamp=2026-08-22T00:38:30+02:00 scenario=ue_29 pod=open5gs-upf-5b9db6d44-nsbqz uid=7b5b8ef7-a2a2-4fe9-a3e1-74acd17bd88f restarts=6 usage_cpu=435m usage_mem=36Mi request_cpu=476m request_mem=250Mi limit_cpu=none limit_mem=none vpa_target_cpu=476m vpa_target_mem=250Mi vpa_uncapped_cpu=476m vpa_uncapped_mem=250Mi vpa_lower_cpu=218m vpa_lower_mem=250Mi vpa_upper_cpu=1500m vpa_upper_mem=512Mi
[2026-08-22T00:38:32+02:00] SCENARIO UPF AFTER timestamp=2026-08-22T00:38:32+02:00 active_ue=29 pod=open5gs-upf-5b9db6d44-nsbqz uid=7b5b8ef7-a2a2-4fe9-a3e1-74acd17bd88f restarts=6
[2026-08-22T00:38:32+02:00] SCENARIO END timestamp=2026-08-22T00:38:32+02:00 active_ue=29 rc=0
[2026-08-22T00:38:32+02:00] ================================================================
[2026-08-22T00:38:32+02:00] SCENARIO START timestamp=2026-08-22T00:38:32+02:00 active_ue=31 registered_ue_pool=50 target_host=192.168.1.211 ports=5201-5231 replacement_ports=5251-5265 bitrate_per_ue=1M start_delay=0.05 replacement_min_duration=5 adaptive_extension_max=1
[2026-08-22T00:38:32+02:00] ================================================================
[2026-08-22T00:38:33+02:00] SCENARIO TUNNEL CHECK timestamp=2026-08-22T00:38:33+02:00 active_ue=31 current_tunnels=50 required=50
[2026-08-22T00:38:33+02:00] SCENARIO UPF BEFORE timestamp=2026-08-22T00:38:33+02:00 active_ue=31 pod=open5gs-upf-5b9db6d44-nsbqz uid=7b5b8ef7-a2a2-4fe9-a3e1-74acd17bd88f restarts=6
[2026-08-22T00:38:35+02:00] REMOTE_IPERF_PER_UE_START timestamp=2026-08-21T22:38:35+00:00 active_ues=31 tag=ue_31 iperf_host=192.168.1.211 base_port=5201 replacement_base_port=5251 duration=80 bitrate=1M start_delay=0.05 detection=no_rx_counter connect_timeout_s=4 stall_seconds=5 replacement_limit=15 replacement_min_duration_s=5 adaptive_extension_max_s=1 iperf_exit_grace_s=3 server_busy_port_rebinds=1 late_replacement_after_end=disabled wait_for_iperf_exit=until_timeout global_suspect_policy=soft_reuse ramp_supervision=after_initial_start
[2026-08-22T00:38:35+02:00] UE_POOL_STATUS timestamp=2026-08-21T22:38:35+00:00 active_ues=31 registered_tunnels=50 existing_global_suspect_ues=0 used_ues=0 policy=soft_reuse_global_suspects
[2026-08-22T00:38:35+02:00] UE_SLOT_ASSIGN timestamp=2026-08-21T22:38:35+00:00 active_ues=31 slot=0 ue_idx=0 ue_if=uesimtun0 ue_ip=10.45.1.46 candidate_reused_global_suspect=0
[2026-08-22T00:38:35+02:00] UE_SLOT_START timestamp=2026-08-21T22:38:35+00:00 active_ues=31 slot=0 attempt=1 ue_idx=0 ue_if=uesimtun0 ue_ip=10.45.1.46 target=192.168.1.211:5201 bitrate=1M duration_s=80 planned_end_epoch=1787351995 timeout_s=90 hard_timeout_epoch=1787352010 start_rx_bytes=1340271
[2026-08-22T00:38:35+02:00] UE_SLOT_PID timestamp=2026-08-21T22:38:35+00:00 active_ues=31 slot=0 attempt=1 ue_idx=0 pid=47451
[2026-08-22T00:38:35+02:00] UE_SLOT_ASSIGN timestamp=2026-08-21T22:38:35+00:00 active_ues=31 slot=1 ue_idx=1 ue_if=uesimtun1 ue_ip=10.45.1.47 candidate_reused_global_suspect=0
[2026-08-22T00:38:35+02:00] UE_SLOT_START timestamp=2026-08-21T22:38:35+00:00 active_ues=31 slot=1 attempt=1 ue_idx=1 ue_if=uesimtun1 ue_ip=10.45.1.47 target=192.168.1.211:5202 bitrate=1M duration_s=80 planned_end_epoch=1787351995 timeout_s=90 hard_timeout_epoch=1787352010 start_rx_bytes=1235938
[2026-08-22T00:38:35+02:00] UE_SLOT_PID timestamp=2026-08-21T22:38:35+00:00 active_ues=31 slot=1 attempt=1 ue_idx=1 pid=47476
[2026-08-22T00:38:36+02:00] UE_SLOT_ASSIGN timestamp=2026-08-21T22:38:36+00:00 active_ues=31 slot=2 ue_idx=2 ue_if=uesimtun2 ue_ip=10.45.1.48 candidate_reused_global_suspect=0
[2026-08-22T00:38:36+02:00] UE_SLOT_START timestamp=2026-08-21T22:38:36+00:00 active_ues=31 slot=2 attempt=1 ue_idx=2 ue_if=uesimtun2 ue_ip=10.45.1.48 target=192.168.1.211:5203 bitrate=1M duration_s=80 planned_end_epoch=1787351996 timeout_s=90 hard_timeout_epoch=1787352011 start_rx_bytes=1243535
[2026-08-22T00:38:36+02:00] UE_SLOT_PID timestamp=2026-08-21T22:38:36+00:00 active_ues=31 slot=2 attempt=1 ue_idx=2 pid=47501
[2026-08-22T00:38:36+02:00] UPF_CONTROL_SAMPLE timestamp=2026-08-22T00:38:33+02:00 scenario=ue_31 pod=open5gs-upf-5b9db6d44-nsbqz uid=7b5b8ef7-a2a2-4fe9-a3e1-74acd17bd88f restarts=6 usage_cpu=435m usage_mem=36Mi request_cpu=476m request_mem=250Mi limit_cpu=none limit_mem=none vpa_target_cpu=476m vpa_target_mem=250Mi vpa_uncapped_cpu=476m vpa_uncapped_mem=250Mi vpa_lower_cpu=218m vpa_lower_mem=250Mi vpa_upper_cpu=1500m vpa_upper_mem=512Mi
[2026-08-22T00:38:36+02:00] UE_SLOT_ASSIGN timestamp=2026-08-21T22:38:36+00:00 active_ues=31 slot=3 ue_idx=3 ue_if=uesimtun3 ue_ip=10.45.1.49 candidate_reused_global_suspect=0
[2026-08-22T00:38:36+02:00] UE_SLOT_START timestamp=2026-08-21T22:38:36+00:00 active_ues=31 slot=3 attempt=1 ue_idx=3 ue_if=uesimtun3 ue_ip=10.45.1.49 target=192.168.1.211:5204 bitrate=1M duration_s=80 planned_end_epoch=1787351996 timeout_s=90 hard_timeout_epoch=1787352011 start_rx_bytes=1173972
[2026-08-22T00:38:36+02:00] UE_SLOT_PID timestamp=2026-08-21T22:38:36+00:00 active_ues=31 slot=3 attempt=1 ue_idx=3 pid=47526
[2026-08-22T00:38:36+02:00] UE_SLOT_ASSIGN timestamp=2026-08-21T22:38:36+00:00 active_ues=31 slot=4 ue_idx=4 ue_if=uesimtun4 ue_ip=10.45.1.51 candidate_reused_global_suspect=0
[2026-08-22T00:38:36+02:00] UE_SLOT_START timestamp=2026-08-21T22:38:36+00:00 active_ues=31 slot=4 attempt=1 ue_idx=4 ue_if=uesimtun4 ue_ip=10.45.1.51 target=192.168.1.211:5205 bitrate=1M duration_s=80 planned_end_epoch=1787351996 timeout_s=90 hard_timeout_epoch=1787352011 start_rx_bytes=1166713
[2026-08-22T00:38:36+02:00] UE_SLOT_PID timestamp=2026-08-21T22:38:36+00:00 active_ues=31 slot=4 attempt=1 ue_idx=4 pid=47551
[2026-08-22T00:38:36+02:00] UE_SLOT_ASSIGN timestamp=2026-08-21T22:38:36+00:00 active_ues=31 slot=5 ue_idx=5 ue_if=uesimtun5 ue_ip=10.45.1.52 candidate_reused_global_suspect=0
[2026-08-22T00:38:36+02:00] UE_SLOT_START timestamp=2026-08-21T22:38:36+00:00 active_ues=31 slot=5 attempt=1 ue_idx=5 ue_if=uesimtun5 ue_ip=10.45.1.52 target=192.168.1.211:5206 bitrate=1M duration_s=80 planned_end_epoch=1787351996 timeout_s=90 hard_timeout_epoch=1787352011 start_rx_bytes=1030926
[2026-08-22T00:38:36+02:00] UE_SLOT_PID timestamp=2026-08-21T22:38:36+00:00 active_ues=31 slot=5 attempt=1 ue_idx=5 pid=47576
[2026-08-22T00:38:37+02:00] UE_SLOT_ASSIGN timestamp=2026-08-21T22:38:37+00:00 active_ues=31 slot=6 ue_idx=6 ue_if=uesimtun6 ue_ip=10.45.1.53 candidate_reused_global_suspect=0
[2026-08-22T00:38:37+02:00] UE_SLOT_START timestamp=2026-08-21T22:38:37+00:00 active_ues=31 slot=6 attempt=1 ue_idx=6 ue_if=uesimtun6 ue_ip=10.45.1.53 target=192.168.1.211:5207 bitrate=1M duration_s=80 planned_end_epoch=1787351997 timeout_s=90 hard_timeout_epoch=1787352012 start_rx_bytes=1043740
[2026-08-22T00:38:37+02:00] UE_SLOT_PID timestamp=2026-08-21T22:38:37+00:00 active_ues=31 slot=6 attempt=1 ue_idx=6 pid=47601
[2026-08-22T00:38:37+02:00] UE_SLOT_ASSIGN timestamp=2026-08-21T22:38:37+00:00 active_ues=31 slot=7 ue_idx=7 ue_if=uesimtun7 ue_ip=10.45.1.54 candidate_reused_global_suspect=0
[2026-08-22T00:38:37+02:00] UE_SLOT_START timestamp=2026-08-21T22:38:37+00:00 active_ues=31 slot=7 attempt=1 ue_idx=7 ue_if=uesimtun7 ue_ip=10.45.1.54 target=192.168.1.211:5208 bitrate=1M duration_s=80 planned_end_epoch=1787351997 timeout_s=90 hard_timeout_epoch=1787352012 start_rx_bytes=952422
[2026-08-22T00:38:37+02:00] UE_SLOT_PID timestamp=2026-08-21T22:38:37+00:00 active_ues=31 slot=7 attempt=1 ue_idx=7 pid=47626
[2026-08-22T00:38:37+02:00] UE_SLOT_ASSIGN timestamp=2026-08-21T22:38:37+00:00 active_ues=31 slot=8 ue_idx=8 ue_if=uesimtun8 ue_ip=10.45.1.56 candidate_reused_global_suspect=0
[2026-08-22T00:38:37+02:00] UE_SLOT_START timestamp=2026-08-21T22:38:37+00:00 active_ues=31 slot=8 attempt=1 ue_idx=8 ue_if=uesimtun8 ue_ip=10.45.1.56 target=192.168.1.211:5209 bitrate=1M duration_s=80 planned_end_epoch=1787351997 timeout_s=90 hard_timeout_epoch=1787352012 start_rx_bytes=959287
[2026-08-22T00:38:37+02:00] UE_SLOT_PID timestamp=2026-08-21T22:38:37+00:00 active_ues=31 slot=8 attempt=1 ue_idx=8 pid=47651
[2026-08-22T00:38:37+02:00] UE_SLOT_ASSIGN timestamp=2026-08-21T22:38:37+00:00 active_ues=31 slot=9 ue_idx=9 ue_if=uesimtun9 ue_ip=10.45.1.57 candidate_reused_global_suspect=0
[2026-08-22T00:38:37+02:00] UE_SLOT_START timestamp=2026-08-21T22:38:37+00:00 active_ues=31 slot=9 attempt=1 ue_idx=9 ue_if=uesimtun9 ue_ip=10.45.1.57 target=192.168.1.211:5210 bitrate=1M duration_s=80 planned_end_epoch=1787351997 timeout_s=90 hard_timeout_epoch=1787352012 start_rx_bytes=880259
[2026-08-22T00:38:37+02:00] UE_SLOT_PID timestamp=2026-08-21T22:38:37+00:00 active_ues=31 slot=9 attempt=1 ue_idx=9 pid=47676
[2026-08-22T00:38:37+02:00] UE_SLOT_ASSIGN timestamp=2026-08-21T22:38:37+00:00 active_ues=31 slot=10 ue_idx=10 ue_if=uesimtun10 ue_ip=10.45.1.50 candidate_reused_global_suspect=0
[2026-08-22T00:38:37+02:00] UE_SLOT_START timestamp=2026-08-21T22:38:37+00:00 active_ues=31 slot=10 attempt=1 ue_idx=10 ue_if=uesimtun10 ue_ip=10.45.1.50 target=192.168.1.211:5211 bitrate=1M duration_s=80 planned_end_epoch=1787351997 timeout_s=90 hard_timeout_epoch=1787352012 start_rx_bytes=898211
[2026-08-22T00:38:37+02:00] UE_SLOT_PID timestamp=2026-08-21T22:38:37+00:00 active_ues=31 slot=10 attempt=1 ue_idx=10 pid=47701
[2026-08-22T00:38:38+02:00] UE_SLOT_ASSIGN timestamp=2026-08-21T22:38:38+00:00 active_ues=31 slot=11 ue_idx=11 ue_if=uesimtun11 ue_ip=10.45.1.60 candidate_reused_global_suspect=0
[2026-08-22T00:38:38+02:00] UE_SLOT_START timestamp=2026-08-21T22:38:38+00:00 active_ues=31 slot=11 attempt=1 ue_idx=11 ue_if=uesimtun11 ue_ip=10.45.1.60 target=192.168.1.211:5212 bitrate=1M duration_s=80 planned_end_epoch=1787351998 timeout_s=90 hard_timeout_epoch=1787352013 start_rx_bytes=826519
[2026-08-22T00:38:38+02:00] UE_SLOT_PID timestamp=2026-08-21T22:38:38+00:00 active_ues=31 slot=11 attempt=1 ue_idx=11 pid=47726
[2026-08-22T00:38:38+02:00] UE_SLOT_ASSIGN timestamp=2026-08-21T22:38:38+00:00 active_ues=31 slot=12 ue_idx=12 ue_if=uesimtun12 ue_ip=10.45.1.55 candidate_reused_global_suspect=0
[2026-08-22T00:38:38+02:00] UE_SLOT_START timestamp=2026-08-21T22:38:38+00:00 active_ues=31 slot=12 attempt=1 ue_idx=12 ue_if=uesimtun12 ue_ip=10.45.1.55 target=192.168.1.211:5213 bitrate=1M duration_s=80 planned_end_epoch=1787351998 timeout_s=90 hard_timeout_epoch=1787352013 start_rx_bytes=840824
[2026-08-22T00:38:38+02:00] UE_SLOT_PID timestamp=2026-08-21T22:38:38+00:00 active_ues=31 slot=12 attempt=1 ue_idx=12 pid=47751
[2026-08-22T00:38:38+02:00] UPF_CONTROL_SAMPLE timestamp=2026-08-22T00:38:37+02:00 scenario=ue_31 pod=open5gs-upf-5b9db6d44-nsbqz uid=7b5b8ef7-a2a2-4fe9-a3e1-74acd17bd88f restarts=6 usage_cpu=435m usage_mem=36Mi request_cpu=476m request_mem=250Mi limit_cpu=none limit_mem=none vpa_target_cpu=476m vpa_target_mem=250Mi vpa_uncapped_cpu=476m vpa_uncapped_mem=250Mi vpa_lower_cpu=218m vpa_lower_mem=250Mi vpa_upper_cpu=1500m vpa_upper_mem=512Mi
[2026-08-22T00:38:38+02:00] UE_SLOT_ASSIGN timestamp=2026-08-21T22:38:38+00:00 active_ues=31 slot=13 ue_idx=13 ue_if=uesimtun13 ue_ip=10.45.1.62 candidate_reused_global_suspect=0
[2026-08-22T00:38:38+02:00] UE_SLOT_START timestamp=2026-08-21T22:38:38+00:00 active_ues=31 slot=13 attempt=1 ue_idx=13 ue_if=uesimtun13 ue_ip=10.45.1.62 target=192.168.1.211:5214 bitrate=1M duration_s=80 planned_end_epoch=1787351998 timeout_s=90 hard_timeout_epoch=1787352013 start_rx_bytes=743230
[2026-08-22T00:38:38+02:00] UE_SLOT_PID timestamp=2026-08-21T22:38:38+00:00 active_ues=31 slot=13 attempt=1 ue_idx=13 pid=47776
[2026-08-22T00:38:38+02:00] UE_SLOT_ASSIGN timestamp=2026-08-21T22:38:38+00:00 active_ues=31 slot=14 ue_idx=14 ue_if=uesimtun14 ue_ip=10.45.1.66 candidate_reused_global_suspect=0
[2026-08-22T00:38:38+02:00] UE_SLOT_START timestamp=2026-08-21T22:38:38+00:00 active_ues=31 slot=14 attempt=1 ue_idx=14 ue_if=uesimtun14 ue_ip=10.45.1.66 target=192.168.1.211:5215 bitrate=1M duration_s=80 planned_end_epoch=1787351998 timeout_s=90 hard_timeout_epoch=1787352013 start_rx_bytes=757066
[2026-08-22T00:38:38+02:00] UE_SLOT_PID timestamp=2026-08-21T22:38:38+00:00 active_ues=31 slot=14 attempt=1 ue_idx=14 pid=47801
[2026-08-22T00:38:39+02:00] UE_SLOT_ASSIGN timestamp=2026-08-21T22:38:39+00:00 active_ues=31 slot=15 ue_idx=15 ue_if=uesimtun15 ue_ip=10.45.1.64 candidate_reused_global_suspect=0
[2026-08-22T00:38:39+02:00] UE_SLOT_START timestamp=2026-08-21T22:38:39+00:00 active_ues=31 slot=15 attempt=1 ue_idx=15 ue_if=uesimtun15 ue_ip=10.45.1.64 target=192.168.1.211:5216 bitrate=1M duration_s=80 planned_end_epoch=1787351999 timeout_s=90 hard_timeout_epoch=1787352014 start_rx_bytes=630778
[2026-08-22T00:38:39+02:00] UE_SLOT_PID timestamp=2026-08-21T22:38:39+00:00 active_ues=31 slot=15 attempt=1 ue_idx=15 pid=47826
[2026-08-22T00:38:39+02:00] UE_SLOT_ASSIGN timestamp=2026-08-21T22:38:39+00:00 active_ues=31 slot=16 ue_idx=16 ue_if=uesimtun16 ue_ip=10.45.1.68 candidate_reused_global_suspect=0
[2026-08-22T00:38:39+02:00] UE_SLOT_START timestamp=2026-08-21T22:38:39+00:00 active_ues=31 slot=16 attempt=1 ue_idx=16 ue_if=uesimtun16 ue_ip=10.45.1.68 target=192.168.1.211:5217 bitrate=1M duration_s=80 planned_end_epoch=1787351999 timeout_s=90 hard_timeout_epoch=1787352014 start_rx_bytes=629157
[2026-08-22T00:38:39+02:00] UE_SLOT_PID timestamp=2026-08-21T22:38:39+00:00 active_ues=31 slot=16 attempt=1 ue_idx=16 pid=47851
[2026-08-22T00:38:39+02:00] UE_SLOT_ASSIGN timestamp=2026-08-21T22:38:39+00:00 active_ues=31 slot=17 ue_idx=17 ue_if=uesimtun17 ue_ip=10.45.1.69 candidate_reused_global_suspect=0
[2026-08-22T00:38:39+02:00] UE_SLOT_START timestamp=2026-08-21T22:38:39+00:00 active_ues=31 slot=17 attempt=1 ue_idx=17 ue_if=uesimtun17 ue_ip=10.45.1.69 target=192.168.1.211:5218 bitrate=1M duration_s=80 planned_end_epoch=1787351999 timeout_s=90 hard_timeout_epoch=1787352014 start_rx_bytes=540905
[2026-08-22T00:38:39+02:00] UE_SLOT_PID timestamp=2026-08-21T22:38:39+00:00 active_ues=31 slot=17 attempt=1 ue_idx=17 pid=47876
[2026-08-22T00:38:39+02:00] UE_SLOT_ASSIGN timestamp=2026-08-21T22:38:39+00:00 active_ues=31 slot=18 ue_idx=18 ue_if=uesimtun18 ue_ip=10.45.1.71 candidate_reused_global_suspect=0
[2026-08-22T00:38:39+02:00] UE_SLOT_START timestamp=2026-08-21T22:38:39+00:00 active_ues=31 slot=18 attempt=1 ue_idx=18 ue_if=uesimtun18 ue_ip=10.45.1.71 target=192.168.1.211:5219 bitrate=1M duration_s=80 planned_end_epoch=1787351999 timeout_s=90 hard_timeout_epoch=1787352014 start_rx_bytes=547885
[2026-08-22T00:38:39+02:00] UE_SLOT_PID timestamp=2026-08-21T22:38:39+00:00 active_ues=31 slot=18 attempt=1 ue_idx=18 pid=47901
[2026-08-22T00:38:40+02:00] UE_SLOT_ASSIGN timestamp=2026-08-21T22:38:40+00:00 active_ues=31 slot=19 ue_idx=19 ue_if=uesimtun19 ue_ip=10.45.1.72 candidate_reused_global_suspect=0
[2026-08-22T00:38:40+02:00] UE_SLOT_START timestamp=2026-08-21T22:38:40+00:00 active_ues=31 slot=19 attempt=1 ue_idx=19 ue_if=uesimtun19 ue_ip=10.45.1.72 target=192.168.1.211:5220 bitrate=1M duration_s=80 planned_end_epoch=1787352000 timeout_s=90 hard_timeout_epoch=1787352015 start_rx_bytes=487141
[2026-08-22T00:38:40+02:00] UE_SLOT_PID timestamp=2026-08-21T22:38:40+00:00 active_ues=31 slot=19 attempt=1 ue_idx=19 pid=47926
[2026-08-22T00:38:40+02:00] UE_SLOT_ASSIGN timestamp=2026-08-21T22:38:40+00:00 active_ues=31 slot=20 ue_idx=20 ue_if=uesimtun20 ue_ip=10.45.1.74 candidate_reused_global_suspect=0
[2026-08-22T00:38:40+02:00] UE_SLOT_START timestamp=2026-08-21T22:38:40+00:00 active_ues=31 slot=20 attempt=1 ue_idx=20 ue_if=uesimtun20 ue_ip=10.45.1.74 target=192.168.1.211:5221 bitrate=1M duration_s=80 planned_end_epoch=1787352000 timeout_s=90 hard_timeout_epoch=1787352015 start_rx_bytes=468386
[2026-08-22T00:38:40+02:00] UE_SLOT_PID timestamp=2026-08-21T22:38:40+00:00 active_ues=31 slot=20 attempt=1 ue_idx=20 pid=47951
[2026-08-22T00:38:40+02:00] UE_SLOT_ASSIGN timestamp=2026-08-21T22:38:40+00:00 active_ues=31 slot=21 ue_idx=21 ue_if=uesimtun21 ue_ip=10.45.1.76 candidate_reused_global_suspect=0
[2026-08-22T00:38:40+02:00] UE_SLOT_START timestamp=2026-08-21T22:38:40+00:00 active_ues=31 slot=21 attempt=1 ue_idx=21 ue_if=uesimtun21 ue_ip=10.45.1.76 target=192.168.1.211:5222 bitrate=1M duration_s=80 planned_end_epoch=1787352000 timeout_s=90 hard_timeout_epoch=1787352015 start_rx_bytes=381265
[2026-08-22T00:38:40+02:00] UE_SLOT_PID timestamp=2026-08-21T22:38:40+00:00 active_ues=31 slot=21 attempt=1 ue_idx=21 pid=47976
[2026-08-22T00:38:40+02:00] UE_SLOT_ASSIGN timestamp=2026-08-21T22:38:40+00:00 active_ues=31 slot=22 ue_idx=22 ue_if=uesimtun22 ue_ip=10.45.1.77 candidate_reused_global_suspect=0
[2026-08-22T00:38:40+02:00] UE_SLOT_START timestamp=2026-08-21T22:38:40+00:00 active_ues=31 slot=22 attempt=1 ue_idx=22 ue_if=uesimtun22 ue_ip=10.45.1.77 target=192.168.1.211:5223 bitrate=1M duration_s=80 planned_end_epoch=1787352000 timeout_s=90 hard_timeout_epoch=1787352015 start_rx_bytes=377116
[2026-08-22T00:38:40+02:00] UE_SLOT_PID timestamp=2026-08-21T22:38:40+00:00 active_ues=31 slot=22 attempt=1 ue_idx=22 pid=48001
[2026-08-22T00:38:41+02:00] UE_SLOT_ASSIGN timestamp=2026-08-21T22:38:41+00:00 active_ues=31 slot=23 ue_idx=23 ue_if=uesimtun23 ue_ip=10.45.1.81 candidate_reused_global_suspect=0
[2026-08-22T00:38:41+02:00] UPF_CONTROL_SAMPLE timestamp=2026-08-22T00:38:39+02:00 scenario=ue_31 pod=open5gs-upf-5b9db6d44-nsbqz uid=7b5b8ef7-a2a2-4fe9-a3e1-74acd17bd88f restarts=6 usage_cpu=276m usage_mem=36Mi request_cpu=476m request_mem=250Mi limit_cpu=none limit_mem=none vpa_target_cpu=476m vpa_target_mem=250Mi vpa_uncapped_cpu=476m vpa_uncapped_mem=250Mi vpa_lower_cpu=218m vpa_lower_mem=250Mi vpa_upper_cpu=1500m vpa_upper_mem=512Mi
[2026-08-22T00:38:41+02:00] UE_SLOT_START timestamp=2026-08-21T22:38:41+00:00 active_ues=31 slot=23 attempt=1 ue_idx=23 ue_if=uesimtun23 ue_ip=10.45.1.81 target=192.168.1.211:5224 bitrate=1M duration_s=80 planned_end_epoch=1787352001 timeout_s=90 hard_timeout_epoch=1787352016 start_rx_bytes=307053
[2026-08-22T00:38:41+02:00] UE_SLOT_PID timestamp=2026-08-21T22:38:41+00:00 active_ues=31 slot=23 attempt=1 ue_idx=23 pid=48026
[2026-08-22T00:38:41+02:00] UE_SLOT_ASSIGN timestamp=2026-08-21T22:38:41+00:00 active_ues=31 slot=24 ue_idx=24 ue_if=uesimtun24 ue_ip=10.45.1.83 candidate_reused_global_suspect=0
[2026-08-22T00:38:41+02:00] UE_SLOT_START timestamp=2026-08-21T22:38:41+00:00 active_ues=31 slot=24 attempt=1 ue_idx=24 ue_if=uesimtun24 ue_ip=10.45.1.83 target=192.168.1.211:5225 bitrate=1M duration_s=80 planned_end_epoch=1787352001 timeout_s=90 hard_timeout_epoch=1787352016 start_rx_bytes=271039
[2026-08-22T00:38:41+02:00] UE_SLOT_PID timestamp=2026-08-21T22:38:41+00:00 active_ues=31 slot=24 attempt=1 ue_idx=24 pid=48051
[2026-08-22T00:38:41+02:00] UE_SLOT_ASSIGN timestamp=2026-08-21T22:38:41+00:00 active_ues=31 slot=25 ue_idx=25 ue_if=uesimtun25 ue_ip=10.45.1.80 candidate_reused_global_suspect=0
[2026-08-22T00:38:41+02:00] UE_SLOT_START timestamp=2026-08-21T22:38:41+00:00 active_ues=31 slot=25 attempt=1 ue_idx=25 ue_if=uesimtun25 ue_ip=10.45.1.80 target=192.168.1.211:5226 bitrate=1M duration_s=80 planned_end_epoch=1787352001 timeout_s=90 hard_timeout_epoch=1787352016 start_rx_bytes=189960
[2026-08-22T00:38:41+02:00] UE_SLOT_PID timestamp=2026-08-21T22:38:41+00:00 active_ues=31 slot=25 attempt=1 ue_idx=25 pid=48076
[2026-08-22T00:38:41+02:00] UE_SLOT_ASSIGN timestamp=2026-08-21T22:38:41+00:00 active_ues=31 slot=26 ue_idx=26 ue_if=uesimtun26 ue_ip=10.45.1.87 candidate_reused_global_suspect=0
[2026-08-22T00:38:41+02:00] UE_SLOT_START timestamp=2026-08-21T22:38:41+00:00 active_ues=31 slot=26 attempt=1 ue_idx=26 ue_if=uesimtun26 ue_ip=10.45.1.87 target=192.168.1.211:5227 bitrate=1M duration_s=80 planned_end_epoch=1787352001 timeout_s=90 hard_timeout_epoch=1787352016 start_rx_bytes=207780
[2026-08-22T00:38:41+02:00] UE_SLOT_PID timestamp=2026-08-21T22:38:41+00:00 active_ues=31 slot=26 attempt=1 ue_idx=26 pid=48101
[2026-08-22T00:38:42+02:00] UE_SLOT_ASSIGN timestamp=2026-08-21T22:38:42+00:00 active_ues=31 slot=27 ue_idx=27 ue_if=uesimtun27 ue_ip=10.45.1.88 candidate_reused_global_suspect=0
[2026-08-22T00:38:42+02:00] UE_SLOT_START timestamp=2026-08-21T22:38:42+00:00 active_ues=31 slot=27 attempt=1 ue_idx=27 ue_if=uesimtun27 ue_ip=10.45.1.88 target=192.168.1.211:5228 bitrate=1M duration_s=80 planned_end_epoch=1787352002 timeout_s=90 hard_timeout_epoch=1787352017 start_rx_bytes=108699
[2026-08-22T00:38:42+02:00] UE_SLOT_PID timestamp=2026-08-21T22:38:42+00:00 active_ues=31 slot=27 attempt=1 ue_idx=27 pid=48126
[2026-08-22T00:38:42+02:00] UE_SLOT_ASSIGN timestamp=2026-08-21T22:38:42+00:00 active_ues=31 slot=28 ue_idx=28 ue_if=uesimtun28 ue_ip=10.45.1.85 candidate_reused_global_suspect=0
[2026-08-22T00:38:42+02:00] UE_SLOT_START timestamp=2026-08-21T22:38:42+00:00 active_ues=31 slot=28 attempt=1 ue_idx=28 ue_if=uesimtun28 ue_ip=10.45.1.85 target=192.168.1.211:5229 bitrate=1M duration_s=80 planned_end_epoch=1787352002 timeout_s=90 hard_timeout_epoch=1787352017 start_rx_bytes=102424
[2026-08-22T00:38:42+02:00] UE_SLOT_PID timestamp=2026-08-21T22:38:42+00:00 active_ues=31 slot=28 attempt=1 ue_idx=28 pid=48151
[2026-08-22T00:38:42+02:00] UE_SLOT_ASSIGN timestamp=2026-08-21T22:38:42+00:00 active_ues=31 slot=29 ue_idx=29 ue_if=uesimtun29 ue_ip=10.45.1.63 candidate_reused_global_suspect=0
[2026-08-22T00:38:42+02:00] UE_SLOT_START timestamp=2026-08-21T22:38:42+00:00 active_ues=31 slot=29 attempt=1 ue_idx=29 ue_if=uesimtun29 ue_ip=10.45.1.63 target=192.168.1.211:5230 bitrate=1M duration_s=80 planned_end_epoch=1787352002 timeout_s=90 hard_timeout_epoch=1787352017 start_rx_bytes=0
[2026-08-22T00:38:42+02:00] UE_SLOT_PID timestamp=2026-08-21T22:38:42+00:00 active_ues=31 slot=29 attempt=1 ue_idx=29 pid=48176
[2026-08-22T00:38:43+02:00] UE_SLOT_ASSIGN timestamp=2026-08-21T22:38:43+00:00 active_ues=31 slot=30 ue_idx=30 ue_if=uesimtun30 ue_ip=10.45.1.65 candidate_reused_global_suspect=0
[2026-08-22T00:38:43+02:00] UE_SLOT_START timestamp=2026-08-21T22:38:43+00:00 active_ues=31 slot=30 attempt=1 ue_idx=30 ue_if=uesimtun30 ue_ip=10.45.1.65 target=192.168.1.211:5231 bitrate=1M duration_s=80 planned_end_epoch=1787352002 timeout_s=90 hard_timeout_epoch=1787352018 start_rx_bytes=0
[2026-08-22T00:38:43+02:00] UE_SLOT_PID timestamp=2026-08-21T22:38:43+00:00 active_ues=31 slot=30 attempt=1 ue_idx=30 pid=48201
[2026-08-22T00:38:43+02:00] IPERF_MAPPING_SUMMARY timestamp=2026-08-21T22:38:43+00:00 active_ues=31 registered_tunnels=50 initial_ports=5201-5231 replacement_ports=5251-5265 bitrate=1M start_delay=0.05 detection=no_rx_counter replacement_min_duration_s=5 adaptive_extension_max_s=1 iperf_exit_grace_s=3 server_busy_port_rebinds=1 late_replacement_after_end=disabled wait_for_iperf_exit=until_timeout global_suspect_policy=soft_reuse ramp_supervision=after_initial_start
[2026-08-22T00:38:43+02:00] UPF_CONTROL_SAMPLE timestamp=2026-08-22T00:38:42+02:00 scenario=ue_31 pod=open5gs-upf-5b9db6d44-nsbqz uid=7b5b8ef7-a2a2-4fe9-a3e1-74acd17bd88f restarts=6 usage_cpu=276m usage_mem=36Mi request_cpu=476m request_mem=250Mi limit_cpu=none limit_mem=none vpa_target_cpu=476m vpa_target_mem=250Mi vpa_uncapped_cpu=476m vpa_uncapped_mem=250Mi vpa_lower_cpu=218m vpa_lower_mem=250Mi vpa_upper_cpu=1500m vpa_upper_mem=512Mi
[2026-08-22T00:38:46+02:00] UPF_CONTROL_SAMPLE timestamp=2026-08-22T00:38:44+02:00 scenario=ue_31 pod=open5gs-upf-5b9db6d44-nsbqz uid=7b5b8ef7-a2a2-4fe9-a3e1-74acd17bd88f restarts=6 usage_cpu=276m usage_mem=36Mi request_cpu=476m request_mem=250Mi limit_cpu=none limit_mem=none vpa_target_cpu=476m vpa_target_mem=250Mi vpa_uncapped_cpu=476m vpa_uncapped_mem=250Mi vpa_lower_cpu=218m vpa_lower_mem=250Mi vpa_upper_cpu=1500m vpa_upper_mem=512Mi
[2026-08-22T00:38:48+02:00] UPF_CONTROL_SAMPLE timestamp=2026-08-22T00:38:47+02:00 scenario=ue_31 pod=open5gs-upf-5b9db6d44-nsbqz uid=7b5b8ef7-a2a2-4fe9-a3e1-74acd17bd88f restarts=6 usage_cpu=276m usage_mem=36Mi request_cpu=476m request_mem=250Mi limit_cpu=none limit_mem=none vpa_target_cpu=476m vpa_target_mem=250Mi vpa_uncapped_cpu=476m vpa_uncapped_mem=250Mi vpa_lower_cpu=218m vpa_lower_mem=250Mi vpa_upper_cpu=1500m vpa_upper_mem=512Mi
[2026-08-22T00:38:50+02:00] UPF_CONTROL_SAMPLE timestamp=2026-08-22T00:38:49+02:00 scenario=ue_31 pod=open5gs-upf-5b9db6d44-nsbqz uid=7b5b8ef7-a2a2-4fe9-a3e1-74acd17bd88f restarts=6 usage_cpu=276m usage_mem=36Mi request_cpu=476m request_mem=250Mi limit_cpu=none limit_mem=none vpa_target_cpu=476m vpa_target_mem=250Mi vpa_uncapped_cpu=476m vpa_uncapped_mem=250Mi vpa_lower_cpu=218m vpa_lower_mem=250Mi vpa_upper_cpu=1500m vpa_upper_mem=512Mi
[2026-08-22T00:38:53+02:00] UPF_CONTROL_SAMPLE timestamp=2026-08-22T00:38:51+02:00 scenario=ue_31 pod=open5gs-upf-5b9db6d44-nsbqz uid=7b5b8ef7-a2a2-4fe9-a3e1-74acd17bd88f restarts=6 usage_cpu=276m usage_mem=36Mi request_cpu=476m request_mem=250Mi limit_cpu=none limit_mem=none vpa_target_cpu=476m vpa_target_mem=250Mi vpa_uncapped_cpu=476m vpa_uncapped_mem=250Mi vpa_lower_cpu=218m vpa_lower_mem=250Mi vpa_upper_cpu=1500m vpa_upper_mem=512Mi
[2026-08-22T00:38:55+02:00] UPF_CONTROL_SAMPLE timestamp=2026-08-22T00:38:54+02:00 scenario=ue_31 pod=open5gs-upf-5b9db6d44-nsbqz uid=7b5b8ef7-a2a2-4fe9-a3e1-74acd17bd88f restarts=6 usage_cpu=276m usage_mem=36Mi request_cpu=476m request_mem=250Mi limit_cpu=none limit_mem=none vpa_target_cpu=476m vpa_target_mem=250Mi vpa_uncapped_cpu=476m vpa_uncapped_mem=250Mi vpa_lower_cpu=218m vpa_lower_mem=250Mi vpa_upper_cpu=1500m vpa_upper_mem=512Mi
[2026-08-22T00:38:57+02:00] UPF_CONTROL_SAMPLE timestamp=2026-08-22T00:38:56+02:00 scenario=ue_31 pod=open5gs-upf-5b9db6d44-nsbqz uid=7b5b8ef7-a2a2-4fe9-a3e1-74acd17bd88f restarts=6 usage_cpu=276m usage_mem=36Mi request_cpu=476m request_mem=250Mi limit_cpu=none limit_mem=none vpa_target_cpu=476m vpa_target_mem=250Mi vpa_uncapped_cpu=476m vpa_uncapped_mem=250Mi vpa_lower_cpu=218m vpa_lower_mem=250Mi vpa_upper_cpu=1500m vpa_upper_mem=512Mi
[2026-08-22T00:39:00+02:00] UPF_CONTROL_SAMPLE timestamp=2026-08-22T00:38:58+02:00 scenario=ue_31 pod=open5gs-upf-5b9db6d44-nsbqz uid=7b5b8ef7-a2a2-4fe9-a3e1-74acd17bd88f restarts=6 usage_cpu=276m usage_mem=36Mi request_cpu=476m request_mem=250Mi limit_cpu=none limit_mem=none vpa_target_cpu=476m vpa_target_mem=250Mi vpa_uncapped_cpu=476m vpa_uncapped_mem=250Mi vpa_lower_cpu=218m vpa_lower_mem=250Mi vpa_upper_cpu=1500m vpa_upper_mem=512Mi
[2026-08-22T00:39:02+02:00] UPF_CONTROL_SAMPLE timestamp=2026-08-22T00:39:01+02:00 scenario=ue_31 pod=open5gs-upf-5b9db6d44-nsbqz uid=7b5b8ef7-a2a2-4fe9-a3e1-74acd17bd88f restarts=6 usage_cpu=276m usage_mem=36Mi request_cpu=476m request_mem=250Mi limit_cpu=none limit_mem=none vpa_target_cpu=476m vpa_target_mem=250Mi vpa_uncapped_cpu=476m vpa_uncapped_mem=250Mi vpa_lower_cpu=218m vpa_lower_mem=250Mi vpa_upper_cpu=1500m vpa_upper_mem=512Mi
[2026-08-22T00:39:05+02:00] UPF_CONTROL_SAMPLE timestamp=2026-08-22T00:39:03+02:00 scenario=ue_31 pod=open5gs-upf-5b9db6d44-nsbqz uid=7b5b8ef7-a2a2-4fe9-a3e1-74acd17bd88f restarts=6 usage_cpu=276m usage_mem=36Mi request_cpu=476m request_mem=250Mi limit_cpu=none limit_mem=none vpa_target_cpu=476m vpa_target_mem=250Mi vpa_uncapped_cpu=476m vpa_uncapped_mem=250Mi vpa_lower_cpu=218m vpa_lower_mem=250Mi vpa_upper_cpu=1500m vpa_upper_mem=512Mi
[2026-08-22T00:39:07+02:00] UPF_CONTROL_SAMPLE timestamp=2026-08-22T00:39:06+02:00 scenario=ue_31 pod=open5gs-upf-5b9db6d44-nsbqz uid=7b5b8ef7-a2a2-4fe9-a3e1-74acd17bd88f restarts=6 usage_cpu=276m usage_mem=36Mi request_cpu=476m request_mem=250Mi limit_cpu=none limit_mem=none vpa_target_cpu=476m vpa_target_mem=250Mi vpa_uncapped_cpu=476m vpa_uncapped_mem=250Mi vpa_lower_cpu=218m vpa_lower_mem=250Mi vpa_upper_cpu=1500m vpa_upper_mem=512Mi
[2026-08-22T00:39:09+02:00] UPF_CONTROL_SAMPLE timestamp=2026-08-22T00:39:08+02:00 scenario=ue_31 pod=open5gs-upf-5b9db6d44-nsbqz uid=7b5b8ef7-a2a2-4fe9-a3e1-74acd17bd88f restarts=6 usage_cpu=276m usage_mem=36Mi request_cpu=476m request_mem=250Mi limit_cpu=none limit_mem=none vpa_target_cpu=476m vpa_target_mem=250Mi vpa_uncapped_cpu=476m vpa_uncapped_mem=250Mi vpa_lower_cpu=218m vpa_lower_mem=250Mi vpa_upper_cpu=1500m vpa_upper_mem=512Mi
[2026-08-22T00:39:12+02:00] UPF_CONTROL_SAMPLE timestamp=2026-08-22T00:39:10+02:00 scenario=ue_31 pod=open5gs-upf-5b9db6d44-nsbqz uid=7b5b8ef7-a2a2-4fe9-a3e1-74acd17bd88f restarts=6 usage_cpu=400m usage_mem=36Mi request_cpu=476m request_mem=250Mi limit_cpu=none limit_mem=none vpa_target_cpu=476m vpa_target_mem=250Mi vpa_uncapped_cpu=476m vpa_uncapped_mem=250Mi vpa_lower_cpu=218m vpa_lower_mem=250Mi vpa_upper_cpu=1500m vpa_upper_mem=512Mi
[2026-08-22T00:39:14+02:00] UPF_CONTROL_SAMPLE timestamp=2026-08-22T00:39:13+02:00 scenario=ue_31 pod=open5gs-upf-5b9db6d44-nsbqz uid=7b5b8ef7-a2a2-4fe9-a3e1-74acd17bd88f restarts=6 usage_cpu=400m usage_mem=36Mi request_cpu=476m request_mem=250Mi limit_cpu=none limit_mem=none vpa_target_cpu=476m vpa_target_mem=250Mi vpa_uncapped_cpu=476m vpa_uncapped_mem=250Mi vpa_lower_cpu=218m vpa_lower_mem=250Mi vpa_upper_cpu=1500m vpa_upper_mem=512Mi
[2026-08-22T00:39:16+02:00] UPF_CONTROL_SAMPLE timestamp=2026-08-22T00:39:15+02:00 scenario=ue_31 pod=open5gs-upf-5b9db6d44-nsbqz uid=7b5b8ef7-a2a2-4fe9-a3e1-74acd17bd88f restarts=6 usage_cpu=400m usage_mem=36Mi request_cpu=476m request_mem=250Mi limit_cpu=none limit_mem=none vpa_target_cpu=476m vpa_target_mem=250Mi vpa_uncapped_cpu=476m vpa_uncapped_mem=250Mi vpa_lower_cpu=218m vpa_lower_mem=250Mi vpa_upper_cpu=1500m vpa_upper_mem=512Mi
[2026-08-22T00:39:19+02:00] UPF_CONTROL_SAMPLE timestamp=2026-08-22T00:39:17+02:00 scenario=ue_31 pod=open5gs-upf-5b9db6d44-nsbqz uid=7b5b8ef7-a2a2-4fe9-a3e1-74acd17bd88f restarts=6 usage_cpu=400m usage_mem=36Mi request_cpu=476m request_mem=250Mi limit_cpu=none limit_mem=none vpa_target_cpu=476m vpa_target_mem=250Mi vpa_uncapped_cpu=476m vpa_uncapped_mem=250Mi vpa_lower_cpu=218m vpa_lower_mem=250Mi vpa_upper_cpu=1500m vpa_upper_mem=512Mi
[2026-08-22T00:39:22+02:00] UPF_CONTROL_SAMPLE timestamp=2026-08-22T00:39:20+02:00 scenario=ue_31 pod=open5gs-upf-5b9db6d44-nsbqz uid=7b5b8ef7-a2a2-4fe9-a3e1-74acd17bd88f restarts=6 usage_cpu=400m usage_mem=36Mi request_cpu=476m request_mem=250Mi limit_cpu=none limit_mem=none vpa_target_cpu=476m vpa_target_mem=250Mi vpa_uncapped_cpu=476m vpa_uncapped_mem=250Mi vpa_lower_cpu=218m vpa_lower_mem=250Mi vpa_upper_cpu=1500m vpa_upper_mem=512Mi
[2026-08-22T00:39:24+02:00] UPF_CONTROL_SAMPLE timestamp=2026-08-22T00:39:23+02:00 scenario=ue_31 pod=open5gs-upf-5b9db6d44-nsbqz uid=7b5b8ef7-a2a2-4fe9-a3e1-74acd17bd88f restarts=6 usage_cpu=400m usage_mem=36Mi request_cpu=476m request_mem=250Mi limit_cpu=none limit_mem=none vpa_target_cpu=476m vpa_target_mem=250Mi vpa_uncapped_cpu=476m vpa_uncapped_mem=250Mi vpa_lower_cpu=218m vpa_lower_mem=250Mi vpa_upper_cpu=1500m vpa_upper_mem=512Mi
[2026-08-22T00:39:26+02:00] UPF_CONTROL_SAMPLE timestamp=2026-08-22T00:39:25+02:00 scenario=ue_31 pod=open5gs-upf-5b9db6d44-nsbqz uid=7b5b8ef7-a2a2-4fe9-a3e1-74acd17bd88f restarts=6 usage_cpu=455m usage_mem=36Mi request_cpu=476m request_mem=250Mi limit_cpu=none limit_mem=none vpa_target_cpu=476m vpa_target_mem=250Mi vpa_uncapped_cpu=476m vpa_uncapped_mem=250Mi vpa_lower_cpu=218m vpa_lower_mem=250Mi vpa_upper_cpu=1500m vpa_upper_mem=512Mi
[2026-08-22T00:39:29+02:00] UPF_CONTROL_SAMPLE timestamp=2026-08-22T00:39:28+02:00 scenario=ue_31 pod=open5gs-upf-5b9db6d44-nsbqz uid=7b5b8ef7-a2a2-4fe9-a3e1-74acd17bd88f restarts=6 usage_cpu=455m usage_mem=36Mi request_cpu=476m request_mem=250Mi limit_cpu=none limit_mem=none vpa_target_cpu=476m vpa_target_mem=250Mi vpa_uncapped_cpu=476m vpa_uncapped_mem=250Mi vpa_lower_cpu=218m vpa_lower_mem=250Mi vpa_upper_cpu=1500m vpa_upper_mem=512Mi
[2026-08-22T00:39:31+02:00] VPA_RECOMMENDATION_CHANGE timestamp=2026-08-22T00:39:30+02:00 scenario=ue_31 old='vpa_target_cpu=476m vpa_target_mem=250Mi vpa_uncapped_cpu=476m vpa_uncapped_mem=250Mi vpa_lower_cpu=218m vpa_lower_mem=250Mi vpa_upper_cpu=1500m vpa_upper_mem=512Mi' new='vpa_target_cpu=476m vpa_target_mem=250Mi vpa_uncapped_cpu=476m vpa_uncapped_mem=250Mi vpa_lower_cpu=219m vpa_lower_mem=250Mi vpa_upper_cpu=1500m vpa_upper_mem=512Mi' previous_5s_sample='timestamp=2026-08-22T00:39:25+02:00 scenario=ue_31 pod=open5gs-upf-5b9db6d44-nsbqz uid=7b5b8ef7-a2a2-4fe9-a3e1-74acd17bd88f restarts=6 usage_cpu=455m usage_mem=36Mi request_cpu=476m request_mem=250Mi limit_cpu=none limit_mem=none vpa_target_cpu=476m vpa_target_mem=250Mi vpa_uncapped_cpu=476m vpa_uncapped_mem=250Mi vpa_lower_cpu=218m vpa_lower_mem=250Mi vpa_upper_cpu=1500m vpa_upper_mem=512Mi' current_sample='timestamp=2026-08-22T00:39:30+02:00 scenario=ue_31 pod=open5gs-upf-5b9db6d44-nsbqz uid=7b5b8ef7-a2a2-4fe9-a3e1-74acd17bd88f restarts=6 usage_cpu=455m usage_mem=36Mi request_cpu=476m request_mem=250Mi limit_cpu=none limit_mem=none vpa_target_cpu=476m vpa_target_mem=250Mi vpa_uncapped_cpu=476m vpa_uncapped_mem=250Mi vpa_lower_cpu=219m vpa_lower_mem=250Mi vpa_upper_cpu=1500m vpa_upper_mem=512Mi'
[2026-08-22T00:39:31+02:00] UPF_CONTROL_SAMPLE timestamp=2026-08-22T00:39:30+02:00 scenario=ue_31 pod=open5gs-upf-5b9db6d44-nsbqz uid=7b5b8ef7-a2a2-4fe9-a3e1-74acd17bd88f restarts=6 usage_cpu=455m usage_mem=36Mi request_cpu=476m request_mem=250Mi limit_cpu=none limit_mem=none vpa_target_cpu=476m vpa_target_mem=250Mi vpa_uncapped_cpu=476m vpa_uncapped_mem=250Mi vpa_lower_cpu=219m vpa_lower_mem=250Mi vpa_upper_cpu=1500m vpa_upper_mem=512Mi
[2026-08-22T00:39:34+02:00] UPF_CONTROL_SAMPLE timestamp=2026-08-22T00:39:32+02:00 scenario=ue_31 pod=open5gs-upf-5b9db6d44-nsbqz uid=7b5b8ef7-a2a2-4fe9-a3e1-74acd17bd88f restarts=6 usage_cpu=455m usage_mem=36Mi request_cpu=476m request_mem=250Mi limit_cpu=none limit_mem=none vpa_target_cpu=476m vpa_target_mem=250Mi vpa_uncapped_cpu=476m vpa_uncapped_mem=250Mi vpa_lower_cpu=219m vpa_lower_mem=250Mi vpa_upper_cpu=1500m vpa_upper_mem=512Mi
[2026-08-22T00:39:36+02:00] UPF_CONTROL_SAMPLE timestamp=2026-08-22T00:39:35+02:00 scenario=ue_31 pod=open5gs-upf-5b9db6d44-nsbqz uid=7b5b8ef7-a2a2-4fe9-a3e1-74acd17bd88f restarts=6 usage_cpu=455m usage_mem=36Mi request_cpu=476m request_mem=250Mi limit_cpu=none limit_mem=none vpa_target_cpu=476m vpa_target_mem=250Mi vpa_uncapped_cpu=476m vpa_uncapped_mem=250Mi vpa_lower_cpu=219m vpa_lower_mem=250Mi vpa_upper_cpu=1500m vpa_upper_mem=512Mi
[2026-08-22T00:39:39+02:00] UPF_CONTROL_SAMPLE timestamp=2026-08-22T00:39:37+02:00 scenario=ue_31 pod=open5gs-upf-5b9db6d44-nsbqz uid=7b5b8ef7-a2a2-4fe9-a3e1-74acd17bd88f restarts=6 usage_cpu=455m usage_mem=36Mi request_cpu=476m request_mem=250Mi limit_cpu=none limit_mem=none vpa_target_cpu=476m vpa_target_mem=250Mi vpa_uncapped_cpu=476m vpa_uncapped_mem=250Mi vpa_lower_cpu=219m vpa_lower_mem=250Mi vpa_upper_cpu=1500m vpa_upper_mem=512Mi
[2026-08-22T00:39:41+02:00] UPF_CONTROL_SAMPLE timestamp=2026-08-22T00:39:40+02:00 scenario=ue_31 pod=open5gs-upf-5b9db6d44-nsbqz uid=7b5b8ef7-a2a2-4fe9-a3e1-74acd17bd88f restarts=6 usage_cpu=464m usage_mem=36Mi request_cpu=476m request_mem=250Mi limit_cpu=none limit_mem=none vpa_target_cpu=476m vpa_target_mem=250Mi vpa_uncapped_cpu=476m vpa_uncapped_mem=250Mi vpa_lower_cpu=219m vpa_lower_mem=250Mi vpa_upper_cpu=1500m vpa_upper_mem=512Mi
[2026-08-22T00:39:43+02:00] UPF_CONTROL_SAMPLE timestamp=2026-08-22T00:39:42+02:00 scenario=ue_31 pod=open5gs-upf-5b9db6d44-nsbqz uid=7b5b8ef7-a2a2-4fe9-a3e1-74acd17bd88f restarts=6 usage_cpu=464m usage_mem=36Mi request_cpu=476m request_mem=250Mi limit_cpu=none limit_mem=none vpa_target_cpu=476m vpa_target_mem=250Mi vpa_uncapped_cpu=476m vpa_uncapped_mem=250Mi vpa_lower_cpu=219m vpa_lower_mem=250Mi vpa_upper_cpu=1500m vpa_upper_mem=512Mi
[2026-08-22T00:39:46+02:00] UPF_CONTROL_SAMPLE timestamp=2026-08-22T00:39:44+02:00 scenario=ue_31 pod=open5gs-upf-5b9db6d44-nsbqz uid=7b5b8ef7-a2a2-4fe9-a3e1-74acd17bd88f restarts=6 usage_cpu=464m usage_mem=36Mi request_cpu=476m request_mem=250Mi limit_cpu=none limit_mem=none vpa_target_cpu=476m vpa_target_mem=250Mi vpa_uncapped_cpu=476m vpa_uncapped_mem=250Mi vpa_lower_cpu=219m vpa_lower_mem=250Mi vpa_upper_cpu=1500m vpa_upper_mem=512Mi
[2026-08-22T00:39:48+02:00] UPF_CONTROL_SAMPLE timestamp=2026-08-22T00:39:47+02:00 scenario=ue_31 pod=open5gs-upf-5b9db6d44-nsbqz uid=7b5b8ef7-a2a2-4fe9-a3e1-74acd17bd88f restarts=6 usage_cpu=464m usage_mem=36Mi request_cpu=476m request_mem=250Mi limit_cpu=none limit_mem=none vpa_target_cpu=476m vpa_target_mem=250Mi vpa_uncapped_cpu=476m vpa_uncapped_mem=250Mi vpa_lower_cpu=219m vpa_lower_mem=250Mi vpa_upper_cpu=1500m vpa_upper_mem=512Mi
[2026-08-22T00:39:51+02:00] UPF_CONTROL_SAMPLE timestamp=2026-08-22T00:39:49+02:00 scenario=ue_31 pod=open5gs-upf-5b9db6d44-nsbqz uid=7b5b8ef7-a2a2-4fe9-a3e1-74acd17bd88f restarts=6 usage_cpu=464m usage_mem=36Mi request_cpu=476m request_mem=250Mi limit_cpu=none limit_mem=none vpa_target_cpu=476m vpa_target_mem=250Mi vpa_uncapped_cpu=476m vpa_uncapped_mem=250Mi vpa_lower_cpu=219m vpa_lower_mem=250Mi vpa_upper_cpu=1500m vpa_upper_mem=512Mi
[2026-08-22T00:39:53+02:00] UPF_CONTROL_SAMPLE timestamp=2026-08-22T00:39:52+02:00 scenario=ue_31 pod=open5gs-upf-5b9db6d44-nsbqz uid=7b5b8ef7-a2a2-4fe9-a3e1-74acd17bd88f restarts=6 usage_cpu=464m usage_mem=36Mi request_cpu=476m request_mem=250Mi limit_cpu=none limit_mem=none vpa_target_cpu=476m vpa_target_mem=250Mi vpa_uncapped_cpu=476m vpa_uncapped_mem=250Mi vpa_lower_cpu=219m vpa_lower_mem=250Mi vpa_upper_cpu=1500m vpa_upper_mem=512Mi
[2026-08-22T00:39:55+02:00] UPF_CONTROL_SAMPLE timestamp=2026-08-22T00:39:54+02:00 scenario=ue_31 pod=open5gs-upf-5b9db6d44-nsbqz uid=7b5b8ef7-a2a2-4fe9-a3e1-74acd17bd88f restarts=6 usage_cpu=454m usage_mem=36Mi request_cpu=476m request_mem=250Mi limit_cpu=none limit_mem=none vpa_target_cpu=476m vpa_target_mem=250Mi vpa_uncapped_cpu=476m vpa_uncapped_mem=250Mi vpa_lower_cpu=219m vpa_lower_mem=250Mi vpa_upper_cpu=1500m vpa_upper_mem=512Mi
[2026-08-22T00:39:57+02:00] UE_SLOT_DONE timestamp=2026-08-21T22:39:57+00:00 active_ues=31 slot=0 attempt=1 ue_idx=0 ue_if=uesimtun0 ue_ip=10.45.1.46 port=5201 rc=0 replacements_for_slot=0 server_busy_retries_for_slot=0
[2026-08-22T00:39:57+02:00] UE_SLOT_DONE timestamp=2026-08-21T22:39:57+00:00 active_ues=31 slot=1 attempt=1 ue_idx=1 ue_if=uesimtun1 ue_ip=10.45.1.47 port=5202 rc=0 replacements_for_slot=0 server_busy_retries_for_slot=0
[2026-08-22T00:39:57+02:00] UE_SLOT_DONE timestamp=2026-08-21T22:39:57+00:00 active_ues=31 slot=2 attempt=1 ue_idx=2 ue_if=uesimtun2 ue_ip=10.45.1.48 port=5203 rc=0 replacements_for_slot=0 server_busy_retries_for_slot=0
[2026-08-22T00:39:58+02:00] UE_SLOT_DONE timestamp=2026-08-21T22:39:58+00:00 active_ues=31 slot=3 attempt=1 ue_idx=3 ue_if=uesimtun3 ue_ip=10.45.1.49 port=5204 rc=0 replacements_for_slot=0 server_busy_retries_for_slot=0
[2026-08-22T00:39:58+02:00] UE_SLOT_DONE timestamp=2026-08-21T22:39:58+00:00 active_ues=31 slot=4 attempt=1 ue_idx=4 ue_if=uesimtun4 ue_ip=10.45.1.51 port=5205 rc=0 replacements_for_slot=0 server_busy_retries_for_slot=0
[2026-08-22T00:39:58+02:00] UE_SLOT_DONE timestamp=2026-08-21T22:39:58+00:00 active_ues=31 slot=5 attempt=1 ue_idx=5 ue_if=uesimtun5 ue_ip=10.45.1.52 port=5206 rc=0 replacements_for_slot=0 server_busy_retries_for_slot=0
[2026-08-22T00:39:58+02:00] UE_SLOT_DONE timestamp=2026-08-21T22:39:58+00:00 active_ues=31 slot=6 attempt=1 ue_idx=6 ue_if=uesimtun6 ue_ip=10.45.1.53 port=5207 rc=0 replacements_for_slot=0 server_busy_retries_for_slot=0
[2026-08-22T00:39:58+02:00] UE_SLOT_DONE timestamp=2026-08-21T22:39:58+00:00 active_ues=31 slot=7 attempt=1 ue_idx=7 ue_if=uesimtun7 ue_ip=10.45.1.54 port=5208 rc=0 replacements_for_slot=0 server_busy_retries_for_slot=0
[2026-08-22T00:39:58+02:00] UE_SLOT_DONE timestamp=2026-08-21T22:39:58+00:00 active_ues=31 slot=8 attempt=1 ue_idx=8 ue_if=uesimtun8 ue_ip=10.45.1.56 port=5209 rc=0 replacements_for_slot=0 server_busy_retries_for_slot=0
[2026-08-22T00:39:58+02:00] UE_SLOT_DONE timestamp=2026-08-21T22:39:58+00:00 active_ues=31 slot=9 attempt=1 ue_idx=9 ue_if=uesimtun9 ue_ip=10.45.1.57 port=5210 rc=0 replacements_for_slot=0 server_busy_retries_for_slot=0
[2026-08-22T00:39:58+02:00] UPF_CONTROL_SAMPLE timestamp=2026-08-22T00:39:57+02:00 scenario=ue_31 pod=open5gs-upf-5b9db6d44-nsbqz uid=7b5b8ef7-a2a2-4fe9-a3e1-74acd17bd88f restarts=6 usage_cpu=454m usage_mem=36Mi request_cpu=476m request_mem=250Mi limit_cpu=none limit_mem=none vpa_target_cpu=476m vpa_target_mem=250Mi vpa_uncapped_cpu=476m vpa_uncapped_mem=250Mi vpa_lower_cpu=219m vpa_lower_mem=250Mi vpa_upper_cpu=1500m vpa_upper_mem=512Mi
[2026-08-22T00:39:58+02:00] UE_SLOT_DONE timestamp=2026-08-21T22:39:58+00:00 active_ues=31 slot=10 attempt=1 ue_idx=10 ue_if=uesimtun10 ue_ip=10.45.1.50 port=5211 rc=0 replacements_for_slot=0 server_busy_retries_for_slot=0
[2026-08-22T00:40:00+02:00] UE_SLOT_DONE timestamp=2026-08-21T22:40:00+00:00 active_ues=31 slot=11 attempt=1 ue_idx=11 ue_if=uesimtun11 ue_ip=10.45.1.60 port=5212 rc=0 replacements_for_slot=0 server_busy_retries_for_slot=0
[2026-08-22T00:40:00+02:00] UE_SLOT_DONE timestamp=2026-08-21T22:40:00+00:00 active_ues=31 slot=12 attempt=1 ue_idx=12 ue_if=uesimtun12 ue_ip=10.45.1.55 port=5213 rc=0 replacements_for_slot=0 server_busy_retries_for_slot=0
[2026-08-22T00:40:00+02:00] UE_SLOT_DONE timestamp=2026-08-21T22:40:00+00:00 active_ues=31 slot=13 attempt=1 ue_idx=13 ue_if=uesimtun13 ue_ip=10.45.1.62 port=5214 rc=0 replacements_for_slot=0 server_busy_retries_for_slot=0
[2026-08-22T00:40:00+02:00] UE_SLOT_DONE timestamp=2026-08-21T22:40:00+00:00 active_ues=31 slot=14 attempt=1 ue_idx=14 ue_if=uesimtun14 ue_ip=10.45.1.66 port=5215 rc=0 replacements_for_slot=0 server_busy_retries_for_slot=0
[2026-08-22T00:40:00+02:00] UE_SLOT_DONE timestamp=2026-08-21T22:40:00+00:00 active_ues=31 slot=15 attempt=1 ue_idx=15 ue_if=uesimtun15 ue_ip=10.45.1.64 port=5216 rc=0 replacements_for_slot=0 server_busy_retries_for_slot=0
[2026-08-22T00:40:00+02:00] UE_SLOT_DONE timestamp=2026-08-21T22:40:00+00:00 active_ues=31 slot=16 attempt=1 ue_idx=16 ue_if=uesimtun16 ue_ip=10.45.1.68 port=5217 rc=0 replacements_for_slot=0 server_busy_retries_for_slot=0
[2026-08-22T00:40:00+02:00] UE_SLOT_DONE timestamp=2026-08-21T22:40:00+00:00 active_ues=31 slot=17 attempt=1 ue_idx=17 ue_if=uesimtun17 ue_ip=10.45.1.69 port=5218 rc=0 replacements_for_slot=0 server_busy_retries_for_slot=0
[2026-08-22T00:40:00+02:00] UE_SLOT_DONE timestamp=2026-08-21T22:40:00+00:00 active_ues=31 slot=18 attempt=1 ue_idx=18 ue_if=uesimtun18 ue_ip=10.45.1.71 port=5219 rc=0 replacements_for_slot=0 server_busy_retries_for_slot=0
[2026-08-22T00:40:00+02:00] UE_SLOT_DONE timestamp=2026-08-21T22:40:00+00:00 active_ues=31 slot=19 attempt=1 ue_idx=19 ue_if=uesimtun19 ue_ip=10.45.1.72 port=5220 rc=0 replacements_for_slot=0 server_busy_retries_for_slot=0
[2026-08-22T00:40:00+02:00] UPF_CONTROL_SAMPLE timestamp=2026-08-22T00:39:59+02:00 scenario=ue_31 pod=open5gs-upf-5b9db6d44-nsbqz uid=7b5b8ef7-a2a2-4fe9-a3e1-74acd17bd88f restarts=6 usage_cpu=454m usage_mem=36Mi request_cpu=476m request_mem=250Mi limit_cpu=none limit_mem=none vpa_target_cpu=476m vpa_target_mem=250Mi vpa_uncapped_cpu=476m vpa_uncapped_mem=250Mi vpa_lower_cpu=219m vpa_lower_mem=250Mi vpa_upper_cpu=1500m vpa_upper_mem=512Mi
[2026-08-22T00:40:01+02:00] UE_SLOT_DONE timestamp=2026-08-21T22:40:01+00:00 active_ues=31 slot=20 attempt=1 ue_idx=20 ue_if=uesimtun20 ue_ip=10.45.1.74 port=5221 rc=0 replacements_for_slot=0 server_busy_retries_for_slot=0
[2026-08-22T00:40:01+02:00] UE_SLOT_DONE timestamp=2026-08-21T22:40:01+00:00 active_ues=31 slot=21 attempt=1 ue_idx=21 ue_if=uesimtun21 ue_ip=10.45.1.76 port=5222 rc=0 replacements_for_slot=0 server_busy_retries_for_slot=0
[2026-08-22T00:40:02+02:00] UE_SLOT_DONE timestamp=2026-08-21T22:40:02+00:00 active_ues=31 slot=22 attempt=1 ue_idx=22 ue_if=uesimtun22 ue_ip=10.45.1.77 port=5223 rc=0 replacements_for_slot=0 server_busy_retries_for_slot=0
[2026-08-22T00:40:02+02:00] UE_SLOT_DONE timestamp=2026-08-21T22:40:02+00:00 active_ues=31 slot=23 attempt=1 ue_idx=23 ue_if=uesimtun23 ue_ip=10.45.1.81 port=5224 rc=0 replacements_for_slot=0 server_busy_retries_for_slot=0
[2026-08-22T00:40:02+02:00] UE_SLOT_DONE timestamp=2026-08-21T22:40:02+00:00 active_ues=31 slot=24 attempt=1 ue_idx=24 ue_if=uesimtun24 ue_ip=10.45.1.83 port=5225 rc=0 replacements_for_slot=0 server_busy_retries_for_slot=0
[2026-08-22T00:40:02+02:00] UE_SLOT_DONE timestamp=2026-08-21T22:40:02+00:00 active_ues=31 slot=25 attempt=1 ue_idx=25 ue_if=uesimtun25 ue_ip=10.45.1.80 port=5226 rc=0 replacements_for_slot=0 server_busy_retries_for_slot=0
[2026-08-22T00:40:02+02:00] UE_SLOT_DONE timestamp=2026-08-21T22:40:02+00:00 active_ues=31 slot=26 attempt=1 ue_idx=26 ue_if=uesimtun26 ue_ip=10.45.1.87 port=5227 rc=0 replacements_for_slot=0 server_busy_retries_for_slot=0
[2026-08-22T00:40:03+02:00] UPF_CONTROL_SAMPLE timestamp=2026-08-22T00:40:01+02:00 scenario=ue_31 pod=open5gs-upf-5b9db6d44-nsbqz uid=7b5b8ef7-a2a2-4fe9-a3e1-74acd17bd88f restarts=6 usage_cpu=454m usage_mem=36Mi request_cpu=476m request_mem=250Mi limit_cpu=none limit_mem=none vpa_target_cpu=476m vpa_target_mem=250Mi vpa_uncapped_cpu=476m vpa_uncapped_mem=250Mi vpa_lower_cpu=219m vpa_lower_mem=250Mi vpa_upper_cpu=1500m vpa_upper_mem=512Mi
[2026-08-22T00:40:03+02:00] UE_SLOT_DONE timestamp=2026-08-21T22:40:03+00:00 active_ues=31 slot=27 attempt=1 ue_idx=27 ue_if=uesimtun27 ue_ip=10.45.1.88 port=5228 rc=0 replacements_for_slot=0 server_busy_retries_for_slot=0
[2026-08-22T00:40:03+02:00] UE_SLOT_DONE timestamp=2026-08-21T22:40:03+00:00 active_ues=31 slot=28 attempt=1 ue_idx=28 ue_if=uesimtun28 ue_ip=10.45.1.85 port=5229 rc=0 replacements_for_slot=0 server_busy_retries_for_slot=0
[2026-08-22T00:40:03+02:00] UE_SLOT_DONE timestamp=2026-08-21T22:40:03+00:00 active_ues=31 slot=29 attempt=1 ue_idx=29 ue_if=uesimtun29 ue_ip=10.45.1.63 port=5230 rc=0 replacements_for_slot=0 server_busy_retries_for_slot=0
[2026-08-22T00:40:03+02:00] UE_SLOT_DONE timestamp=2026-08-21T22:40:03+00:00 active_ues=31 slot=30 attempt=1 ue_idx=30 ue_if=uesimtun30 ue_ip=10.45.1.65 port=5231 rc=0 replacements_for_slot=0 server_busy_retries_for_slot=0
[2026-08-22T00:40:04+02:00] TRAFFIC_SUMMARY timestamp=2026-08-21T22:40:04+00:00 registered_tunnels=50 active_ues=31 target_slots=31 completed_slots=31 final_failed_slots=0 replacements=0 problematic_ues=0 zombie_ues=0 connect_timeouts=0 stalls=0 deferred_stalls=0 process_failures=0 server_busy_retries=0 server_busy_failures=0 late_timeouts_accepted=0 scenario_bad_ues=0 global_suspect_ues=0 used_ues=31 target_host=192.168.1.211 initial_ports=5201-5231 replacement_ports=5251-5265 bitrate=1M start_delay=0.05 detection=no_rx_counter replacement_min_duration_s=5 adaptive_extension_max_s=1 iperf_exit_grace_s=3 server_busy_retries_limit=1 server_busy_retry_delay_s=2 late_replacement_after_end=disabled wait_for_iperf_exit=until_timeout global_suspect_policy=soft_reuse ramp_supervision=after_initial_start
[2026-08-22T00:40:04+02:00] UE_POOL_SCENARIO_BAD_CURRENT timestamp=2026-08-21T22:40:04+00:00 active_ues=31 indexes=
[2026-08-22T00:40:04+02:00] UE_POOL_GLOBAL_SUSPECT_CURRENT timestamp=2026-08-21T22:40:04+00:00 active_ues=31 indexes=
[2026-08-22T00:40:04+02:00] REMOTE_IPERF_PER_UE_END timestamp=2026-08-21T22:40:04+00:00 active_ues=31 tag=ue_31 final_rc=0 completed_slots=31 replacements=0 problematic_ues=0 server_busy_retries=0 deferred_stalls=0 late_timeouts_accepted=0
[2026-08-22T00:40:04+02:00] SCENARIO TRAFFIC COMMAND END timestamp=2026-08-22T00:40:04+02:00 active_ue=31 rc=0
[2026-08-22T00:40:05+02:00] UPF_CONTROL_SAMPLE timestamp=2026-08-22T00:40:04+02:00 scenario=ue_31 pod=open5gs-upf-5b9db6d44-nsbqz uid=7b5b8ef7-a2a2-4fe9-a3e1-74acd17bd88f restarts=6 usage_cpu=454m usage_mem=36Mi request_cpu=476m request_mem=250Mi limit_cpu=none limit_mem=none vpa_target_cpu=476m vpa_target_mem=250Mi vpa_uncapped_cpu=476m vpa_uncapped_mem=250Mi vpa_lower_cpu=219m vpa_lower_mem=250Mi vpa_upper_cpu=1500m vpa_upper_mem=512Mi
[2026-08-22T00:40:05+02:00] SCENARIO UPF AFTER timestamp=2026-08-22T00:40:05+02:00 active_ue=31 pod=open5gs-upf-5b9db6d44-nsbqz uid=7b5b8ef7-a2a2-4fe9-a3e1-74acd17bd88f restarts=6
[2026-08-22T00:40:05+02:00] SCENARIO END timestamp=2026-08-22T00:40:05+02:00 active_ue=31 rc=0
[2026-08-22T00:40:05+02:00] ================================================================
[2026-08-22T00:40:05+02:00] SCENARIO START timestamp=2026-08-22T00:40:05+02:00 active_ue=33 registered_ue_pool=50 target_host=192.168.1.211 ports=5201-5233 replacement_ports=5251-5265 bitrate_per_ue=1M start_delay=0.05 replacement_min_duration=5 adaptive_extension_max=1
[2026-08-22T00:40:05+02:00] ================================================================
[2026-08-22T00:40:06+02:00] SCENARIO TUNNEL CHECK timestamp=2026-08-22T00:40:06+02:00 active_ue=33 current_tunnels=50 required=50
[2026-08-22T00:40:06+02:00] SCENARIO UPF BEFORE timestamp=2026-08-22T00:40:06+02:00 active_ue=33 pod=open5gs-upf-5b9db6d44-nsbqz uid=7b5b8ef7-a2a2-4fe9-a3e1-74acd17bd88f restarts=6
[2026-08-22T00:40:07+02:00] REMOTE_IPERF_PER_UE_START timestamp=2026-08-21T22:40:07+00:00 active_ues=33 tag=ue_33 iperf_host=192.168.1.211 base_port=5201 replacement_base_port=5251 duration=80 bitrate=1M start_delay=0.05 detection=no_rx_counter connect_timeout_s=4 stall_seconds=5 replacement_limit=15 replacement_min_duration_s=5 adaptive_extension_max_s=1 iperf_exit_grace_s=3 server_busy_port_rebinds=1 late_replacement_after_end=disabled wait_for_iperf_exit=until_timeout global_suspect_policy=soft_reuse ramp_supervision=after_initial_start
[2026-08-22T00:40:07+02:00] UE_POOL_STATUS timestamp=2026-08-21T22:40:07+00:00 active_ues=33 registered_tunnels=50 existing_global_suspect_ues=0 used_ues=0 policy=soft_reuse_global_suspects
[2026-08-22T00:40:07+02:00] UE_SLOT_ASSIGN timestamp=2026-08-21T22:40:07+00:00 active_ues=33 slot=0 ue_idx=0 ue_if=uesimtun0 ue_ip=10.45.1.46 candidate_reused_global_suspect=0
[2026-08-22T00:40:07+02:00] UE_SLOT_START timestamp=2026-08-21T22:40:07+00:00 active_ues=33 slot=0 attempt=1 ue_idx=0 ue_if=uesimtun0 ue_ip=10.45.1.46 target=192.168.1.211:5201 bitrate=1M duration_s=80 planned_end_epoch=1787352087 timeout_s=90 hard_timeout_epoch=1787352102 start_rx_bytes=1431132
[2026-08-22T00:40:07+02:00] UE_SLOT_PID timestamp=2026-08-21T22:40:07+00:00 active_ues=33 slot=0 attempt=1 ue_idx=0 pid=51897
[2026-08-22T00:40:08+02:00] UE_SLOT_ASSIGN timestamp=2026-08-21T22:40:08+00:00 active_ues=33 slot=1 ue_idx=1 ue_if=uesimtun1 ue_ip=10.45.1.47 candidate_reused_global_suspect=0
[2026-08-22T00:40:08+02:00] UE_SLOT_START timestamp=2026-08-21T22:40:08+00:00 active_ues=33 slot=1 attempt=1 ue_idx=1 ue_if=uesimtun1 ue_ip=10.45.1.47 target=192.168.1.211:5202 bitrate=1M duration_s=80 planned_end_epoch=1787352088 timeout_s=90 hard_timeout_epoch=1787352103 start_rx_bytes=1331361
[2026-08-22T00:40:08+02:00] UPF_CONTROL_SAMPLE timestamp=2026-08-22T00:40:06+02:00 scenario=ue_33 pod=open5gs-upf-5b9db6d44-nsbqz uid=7b5b8ef7-a2a2-4fe9-a3e1-74acd17bd88f restarts=6 usage_cpu=454m usage_mem=36Mi request_cpu=476m request_mem=250Mi limit_cpu=none limit_mem=none vpa_target_cpu=476m vpa_target_mem=250Mi vpa_uncapped_cpu=476m vpa_uncapped_mem=250Mi vpa_lower_cpu=219m vpa_lower_mem=250Mi vpa_upper_cpu=1500m vpa_upper_mem=512Mi
[2026-08-22T00:40:08+02:00] UE_SLOT_PID timestamp=2026-08-21T22:40:08+00:00 active_ues=33 slot=1 attempt=1 ue_idx=1 pid=51922
[2026-08-22T00:40:08+02:00] UE_SLOT_ASSIGN timestamp=2026-08-21T22:40:08+00:00 active_ues=33 slot=2 ue_idx=2 ue_if=uesimtun2 ue_ip=10.45.1.48 candidate_reused_global_suspect=0
[2026-08-22T00:40:08+02:00] UE_SLOT_START timestamp=2026-08-21T22:40:08+00:00 active_ues=33 slot=2 attempt=1 ue_idx=2 ue_if=uesimtun2 ue_ip=10.45.1.48 target=192.168.1.211:5203 bitrate=1M duration_s=80 planned_end_epoch=1787352088 timeout_s=90 hard_timeout_epoch=1787352103 start_rx_bytes=1338927
[2026-08-22T00:40:08+02:00] UE_SLOT_PID timestamp=2026-08-21T22:40:08+00:00 active_ues=33 slot=2 attempt=1 ue_idx=2 pid=51947
[2026-08-22T00:40:08+02:00] UE_SLOT_ASSIGN timestamp=2026-08-21T22:40:08+00:00 active_ues=33 slot=3 ue_idx=3 ue_if=uesimtun3 ue_ip=10.45.1.49 candidate_reused_global_suspect=0
[2026-08-22T00:40:08+02:00] UE_SLOT_START timestamp=2026-08-21T22:40:08+00:00 active_ues=33 slot=3 attempt=1 ue_idx=3 ue_if=uesimtun3 ue_ip=10.45.1.49 target=192.168.1.211:5204 bitrate=1M duration_s=80 planned_end_epoch=1787352088 timeout_s=90 hard_timeout_epoch=1787352103 start_rx_bytes=1272397
[2026-08-22T00:40:08+02:00] UE_SLOT_PID timestamp=2026-08-21T22:40:08+00:00 active_ues=33 slot=3 attempt=1 ue_idx=3 pid=51972
[2026-08-22T00:40:08+02:00] UE_SLOT_ASSIGN timestamp=2026-08-21T22:40:08+00:00 active_ues=33 slot=4 ue_idx=4 ue_if=uesimtun4 ue_ip=10.45.1.51 candidate_reused_global_suspect=0
[2026-08-22T00:40:08+02:00] UE_SLOT_START timestamp=2026-08-21T22:40:08+00:00 active_ues=33 slot=4 attempt=1 ue_idx=4 ue_if=uesimtun4 ue_ip=10.45.1.51 target=192.168.1.211:5205 bitrate=1M duration_s=80 planned_end_epoch=1787352088 timeout_s=90 hard_timeout_epoch=1787352103 start_rx_bytes=1260204
[2026-08-22T00:40:08+02:00] UE_SLOT_PID timestamp=2026-08-21T22:40:08+00:00 active_ues=33 slot=4 attempt=1 ue_idx=4 pid=51997
[2026-08-22T00:40:08+02:00] UE_SLOT_ASSIGN timestamp=2026-08-21T22:40:08+00:00 active_ues=33 slot=5 ue_idx=5 ue_if=uesimtun5 ue_ip=10.45.1.52 candidate_reused_global_suspect=0
[2026-08-22T00:40:08+02:00] UE_SLOT_START timestamp=2026-08-21T22:40:08+00:00 active_ues=33 slot=5 attempt=1 ue_idx=5 ue_if=uesimtun5 ue_ip=10.45.1.52 target=192.168.1.211:5206 bitrate=1M duration_s=80 planned_end_epoch=1787352088 timeout_s=90 hard_timeout_epoch=1787352103 start_rx_bytes=1129786
[2026-08-22T00:40:08+02:00] UE_SLOT_PID timestamp=2026-08-21T22:40:08+00:00 active_ues=33 slot=5 attempt=1 ue_idx=5 pid=52022
[2026-08-22T00:40:09+02:00] UE_SLOT_ASSIGN timestamp=2026-08-21T22:40:09+00:00 active_ues=33 slot=6 ue_idx=6 ue_if=uesimtun6 ue_ip=10.45.1.53 candidate_reused_global_suspect=0
[2026-08-22T00:40:09+02:00] UE_SLOT_START timestamp=2026-08-21T22:40:09+00:00 active_ues=33 slot=6 attempt=1 ue_idx=6 ue_if=uesimtun6 ue_ip=10.45.1.53 target=192.168.1.211:5207 bitrate=1M duration_s=80 planned_end_epoch=1787352089 timeout_s=90 hard_timeout_epoch=1787352104 start_rx_bytes=1140056
[2026-08-22T00:40:09+02:00] UE_SLOT_PID timestamp=2026-08-21T22:40:09+00:00 active_ues=33 slot=6 attempt=1 ue_idx=6 pid=52047
[2026-08-22T00:40:09+02:00] UE_SLOT_ASSIGN timestamp=2026-08-21T22:40:09+00:00 active_ues=33 slot=7 ue_idx=7 ue_if=uesimtun7 ue_ip=10.45.1.54 candidate_reused_global_suspect=0
[2026-08-22T00:40:09+02:00] UE_SLOT_START timestamp=2026-08-21T22:40:09+00:00 active_ues=33 slot=7 attempt=1 ue_idx=7 ue_if=uesimtun7 ue_ip=10.45.1.54 target=192.168.1.211:5208 bitrate=1M duration_s=80 planned_end_epoch=1787352089 timeout_s=90 hard_timeout_epoch=1787352104 start_rx_bytes=1068022
[2026-08-22T00:40:09+02:00] UE_SLOT_PID timestamp=2026-08-21T22:40:09+00:00 active_ues=33 slot=7 attempt=1 ue_idx=7 pid=52072
[2026-08-22T00:40:09+02:00] UE_SLOT_ASSIGN timestamp=2026-08-21T22:40:09+00:00 active_ues=33 slot=8 ue_idx=8 ue_if=uesimtun8 ue_ip=10.45.1.56 candidate_reused_global_suspect=0
[2026-08-22T00:40:09+02:00] UE_SLOT_START timestamp=2026-08-21T22:40:09+00:00 active_ues=33 slot=8 attempt=1 ue_idx=8 ue_if=uesimtun8 ue_ip=10.45.1.56 target=192.168.1.211:5209 bitrate=1M duration_s=80 planned_end_epoch=1787352089 timeout_s=90 hard_timeout_epoch=1787352104 start_rx_bytes=1063515
[2026-08-22T00:40:09+02:00] UE_SLOT_PID timestamp=2026-08-21T22:40:09+00:00 active_ues=33 slot=8 attempt=1 ue_idx=8 pid=52097
[2026-08-22T00:40:09+02:00] UE_SLOT_ASSIGN timestamp=2026-08-21T22:40:09+00:00 active_ues=33 slot=9 ue_idx=9 ue_if=uesimtun9 ue_ip=10.45.1.57 candidate_reused_global_suspect=0
[2026-08-22T00:40:09+02:00] UE_SLOT_START timestamp=2026-08-21T22:40:09+00:00 active_ues=33 slot=9 attempt=1 ue_idx=9 ue_if=uesimtun9 ue_ip=10.45.1.57 target=192.168.1.211:5210 bitrate=1M duration_s=80 planned_end_epoch=1787352089 timeout_s=90 hard_timeout_epoch=1787352104 start_rx_bytes=986345
[2026-08-22T00:40:09+02:00] UE_SLOT_PID timestamp=2026-08-21T22:40:09+00:00 active_ues=33 slot=9 attempt=1 ue_idx=9 pid=52122
[2026-08-22T00:40:10+02:00] UE_SLOT_ASSIGN timestamp=2026-08-21T22:40:10+00:00 active_ues=33 slot=10 ue_idx=10 ue_if=uesimtun10 ue_ip=10.45.1.50 candidate_reused_global_suspect=0
[2026-08-22T00:40:10+02:00] UE_SLOT_START timestamp=2026-08-21T22:40:10+00:00 active_ues=33 slot=10 attempt=1 ue_idx=10 ue_if=uesimtun10 ue_ip=10.45.1.50 target=192.168.1.211:5211 bitrate=1M duration_s=80 planned_end_epoch=1787352090 timeout_s=90 hard_timeout_epoch=1787352105 start_rx_bytes=994920
[2026-08-22T00:40:10+02:00] UE_SLOT_PID timestamp=2026-08-21T22:40:10+00:00 active_ues=33 slot=10 attempt=1 ue_idx=10 pid=52147
[2026-08-22T00:40:10+02:00] UE_SLOT_ASSIGN timestamp=2026-08-21T22:40:10+00:00 active_ues=33 slot=11 ue_idx=11 ue_if=uesimtun11 ue_ip=10.45.1.60 candidate_reused_global_suspect=0
[2026-08-22T00:40:10+02:00] UE_SLOT_START timestamp=2026-08-21T22:40:10+00:00 active_ues=33 slot=11 attempt=1 ue_idx=11 ue_if=uesimtun11 ue_ip=10.45.1.60 target=192.168.1.211:5212 bitrate=1M duration_s=80 planned_end_epoch=1787352090 timeout_s=90 hard_timeout_epoch=1787352105 start_rx_bytes=921799
[2026-08-22T00:40:10+02:00] UE_SLOT_PID timestamp=2026-08-21T22:40:10+00:00 active_ues=33 slot=11 attempt=1 ue_idx=11 pid=52172
[2026-08-22T00:40:10+02:00] UE_SLOT_ASSIGN timestamp=2026-08-21T22:40:10+00:00 active_ues=33 slot=12 ue_idx=12 ue_if=uesimtun12 ue_ip=10.45.1.55 candidate_reused_global_suspect=0
[2026-08-22T00:40:10+02:00] UPF_CONTROL_SAMPLE timestamp=2026-08-22T00:40:09+02:00 scenario=ue_33 pod=open5gs-upf-5b9db6d44-nsbqz uid=7b5b8ef7-a2a2-4fe9-a3e1-74acd17bd88f restarts=6 usage_cpu=454m usage_mem=36Mi request_cpu=476m request_mem=250Mi limit_cpu=none limit_mem=none vpa_target_cpu=476m vpa_target_mem=250Mi vpa_uncapped_cpu=476m vpa_uncapped_mem=250Mi vpa_lower_cpu=219m vpa_lower_mem=250Mi vpa_upper_cpu=1500m vpa_upper_mem=512Mi
[2026-08-22T00:40:10+02:00] UE_SLOT_START timestamp=2026-08-21T22:40:10+00:00 active_ues=33 slot=12 attempt=1 ue_idx=12 ue_if=uesimtun12 ue_ip=10.45.1.55 target=192.168.1.211:5213 bitrate=1M duration_s=80 planned_end_epoch=1787352090 timeout_s=90 hard_timeout_epoch=1787352105 start_rx_bytes=938029
[2026-08-22T00:40:10+02:00] UE_SLOT_PID timestamp=2026-08-21T22:40:10+00:00 active_ues=33 slot=12 attempt=1 ue_idx=12 pid=52197
[2026-08-22T00:40:10+02:00] UE_SLOT_ASSIGN timestamp=2026-08-21T22:40:10+00:00 active_ues=33 slot=13 ue_idx=13 ue_if=uesimtun13 ue_ip=10.45.1.62 candidate_reused_global_suspect=0
[2026-08-22T00:40:10+02:00] UE_SLOT_START timestamp=2026-08-21T22:40:10+00:00 active_ues=33 slot=13 attempt=1 ue_idx=13 ue_if=uesimtun13 ue_ip=10.45.1.62 target=192.168.1.211:5214 bitrate=1M duration_s=80 planned_end_epoch=1787352090 timeout_s=90 hard_timeout_epoch=1787352105 start_rx_bytes=842927
[2026-08-22T00:40:10+02:00] UE_SLOT_PID timestamp=2026-08-21T22:40:10+00:00 active_ues=33 slot=13 attempt=1 ue_idx=13 pid=52222
[2026-08-22T00:40:10+02:00] UE_SLOT_ASSIGN timestamp=2026-08-21T22:40:10+00:00 active_ues=33 slot=14 ue_idx=14 ue_if=uesimtun14 ue_ip=10.45.1.66 candidate_reused_global_suspect=0
[2026-08-22T00:40:11+02:00] UE_SLOT_START timestamp=2026-08-21T22:40:11+00:00 active_ues=33 slot=14 attempt=1 ue_idx=14 ue_if=uesimtun14 ue_ip=10.45.1.66 target=192.168.1.211:5215 bitrate=1M duration_s=80 planned_end_epoch=1787352090 timeout_s=90 hard_timeout_epoch=1787352105 start_rx_bytes=861287
[2026-08-22T00:40:11+02:00] UE_SLOT_PID timestamp=2026-08-21T22:40:11+00:00 active_ues=33 slot=14 attempt=1 ue_idx=14 pid=52247
[2026-08-22T00:40:11+02:00] UE_SLOT_ASSIGN timestamp=2026-08-21T22:40:11+00:00 active_ues=33 slot=15 ue_idx=15 ue_if=uesimtun15 ue_ip=10.45.1.64 candidate_reused_global_suspect=0
[2026-08-22T00:40:11+02:00] UE_SLOT_START timestamp=2026-08-21T22:40:11+00:00 active_ues=33 slot=15 attempt=1 ue_idx=15 ue_if=uesimtun15 ue_ip=10.45.1.64 target=192.168.1.211:5216 bitrate=1M duration_s=80 planned_end_epoch=1787352091 timeout_s=90 hard_timeout_epoch=1787352106 start_rx_bytes=724610
[2026-08-22T00:40:11+02:00] UE_SLOT_PID timestamp=2026-08-21T22:40:11+00:00 active_ues=33 slot=15 attempt=1 ue_idx=15 pid=52272
[2026-08-22T00:40:11+02:00] UE_SLOT_ASSIGN timestamp=2026-08-21T22:40:11+00:00 active_ues=33 slot=16 ue_idx=16 ue_if=uesimtun16 ue_ip=10.45.1.68 candidate_reused_global_suspect=0
[2026-08-22T00:40:11+02:00] UE_SLOT_START timestamp=2026-08-21T22:40:11+00:00 active_ues=33 slot=16 attempt=1 ue_idx=16 ue_if=uesimtun16 ue_ip=10.45.1.68 target=192.168.1.211:5217 bitrate=1M duration_s=80 planned_end_epoch=1787352091 timeout_s=90 hard_timeout_epoch=1787352106 start_rx_bytes=740742
[2026-08-22T00:40:11+02:00] UE_SLOT_PID timestamp=2026-08-21T22:40:11+00:00 active_ues=33 slot=16 attempt=1 ue_idx=16 pid=52297
[2026-08-22T00:40:11+02:00] UE_SLOT_ASSIGN timestamp=2026-08-21T22:40:11+00:00 active_ues=33 slot=17 ue_idx=17 ue_if=uesimtun17 ue_ip=10.45.1.69 candidate_reused_global_suspect=0
[2026-08-22T00:40:11+02:00] UE_SLOT_START timestamp=2026-08-21T22:40:11+00:00 active_ues=33 slot=17 attempt=1 ue_idx=17 ue_if=uesimtun17 ue_ip=10.45.1.69 target=192.168.1.211:5218 bitrate=1M duration_s=80 planned_end_epoch=1787352091 timeout_s=90 hard_timeout_epoch=1787352106 start_rx_bytes=648081
[2026-08-22T00:40:11+02:00] UE_SLOT_PID timestamp=2026-08-21T22:40:11+00:00 active_ues=33 slot=17 attempt=1 ue_idx=17 pid=52322
[2026-08-22T00:40:11+02:00] UE_SLOT_ASSIGN timestamp=2026-08-21T22:40:11+00:00 active_ues=33 slot=18 ue_idx=18 ue_if=uesimtun18 ue_ip=10.45.1.71 candidate_reused_global_suspect=0
[2026-08-22T00:40:11+02:00] UE_SLOT_START timestamp=2026-08-21T22:40:11+00:00 active_ues=33 slot=18 attempt=1 ue_idx=18 ue_if=uesimtun18 ue_ip=10.45.1.71 target=192.168.1.211:5219 bitrate=1M duration_s=80 planned_end_epoch=1787352091 timeout_s=90 hard_timeout_epoch=1787352106 start_rx_bytes=652322
[2026-08-22T00:40:12+02:00] UE_SLOT_PID timestamp=2026-08-21T22:40:11+00:00 active_ues=33 slot=18 attempt=1 ue_idx=18 pid=52347
[2026-08-22T00:40:12+02:00] UE_SLOT_ASSIGN timestamp=2026-08-21T22:40:12+00:00 active_ues=33 slot=19 ue_idx=19 ue_if=uesimtun19 ue_ip=10.45.1.72 candidate_reused_global_suspect=0
[2026-08-22T00:40:12+02:00] UE_SLOT_START timestamp=2026-08-21T22:40:12+00:00 active_ues=33 slot=19 attempt=1 ue_idx=19 ue_if=uesimtun19 ue_ip=10.45.1.72 target=192.168.1.211:5220 bitrate=1M duration_s=80 planned_end_epoch=1787352092 timeout_s=90 hard_timeout_epoch=1787352107 start_rx_bytes=598396
[2026-08-22T00:40:12+02:00] UE_SLOT_PID timestamp=2026-08-21T22:40:12+00:00 active_ues=33 slot=19 attempt=1 ue_idx=19 pid=52372
[2026-08-22T00:40:12+02:00] UE_SLOT_ASSIGN timestamp=2026-08-21T22:40:12+00:00 active_ues=33 slot=20 ue_idx=20 ue_if=uesimtun20 ue_ip=10.45.1.74 candidate_reused_global_suspect=0
[2026-08-22T00:40:12+02:00] UE_SLOT_START timestamp=2026-08-21T22:40:12+00:00 active_ues=33 slot=20 attempt=1 ue_idx=20 ue_if=uesimtun20 ue_ip=10.45.1.74 target=192.168.1.211:5221 bitrate=1M duration_s=80 planned_end_epoch=1787352092 timeout_s=90 hard_timeout_epoch=1787352107 start_rx_bytes=579268
[2026-08-22T00:40:12+02:00] UE_SLOT_PID timestamp=2026-08-21T22:40:12+00:00 active_ues=33 slot=20 attempt=1 ue_idx=20 pid=52397
[2026-08-22T00:40:12+02:00] UE_SLOT_ASSIGN timestamp=2026-08-21T22:40:12+00:00 active_ues=33 slot=21 ue_idx=21 ue_if=uesimtun21 ue_ip=10.45.1.76 candidate_reused_global_suspect=0
[2026-08-22T00:40:12+02:00] UE_SLOT_START timestamp=2026-08-21T22:40:12+00:00 active_ues=33 slot=21 attempt=1 ue_idx=21 ue_if=uesimtun21 ue_ip=10.45.1.76 target=192.168.1.211:5222 bitrate=1M duration_s=80 planned_end_epoch=1787352092 timeout_s=90 hard_timeout_epoch=1787352107 start_rx_bytes=487319
[2026-08-22T00:40:12+02:00] UE_SLOT_PID timestamp=2026-08-21T22:40:12+00:00 active_ues=33 slot=21 attempt=1 ue_idx=21 pid=52422
[2026-08-22T00:40:12+02:00] UE_SLOT_ASSIGN timestamp=2026-08-21T22:40:12+00:00 active_ues=33 slot=22 ue_idx=22 ue_if=uesimtun22 ue_ip=10.45.1.77 candidate_reused_global_suspect=0
[2026-08-22T00:40:12+02:00] UE_SLOT_START timestamp=2026-08-21T22:40:12+00:00 active_ues=33 slot=22 attempt=1 ue_idx=22 ue_if=uesimtun22 ue_ip=10.45.1.77 target=192.168.1.211:5223 bitrate=1M duration_s=80 planned_end_epoch=1787352092 timeout_s=90 hard_timeout_epoch=1787352107 start_rx_bytes=477123
[2026-08-22T00:40:12+02:00] UE_SLOT_PID timestamp=2026-08-21T22:40:12+00:00 active_ues=33 slot=22 attempt=1 ue_idx=22 pid=52447
[2026-08-22T00:40:13+02:00] UPF_CONTROL_SAMPLE timestamp=2026-08-22T00:40:11+02:00 scenario=ue_33 pod=open5gs-upf-5b9db6d44-nsbqz uid=7b5b8ef7-a2a2-4fe9-a3e1-74acd17bd88f restarts=6 usage_cpu=199m usage_mem=36Mi request_cpu=476m request_mem=250Mi limit_cpu=none limit_mem=none vpa_target_cpu=476m vpa_target_mem=250Mi vpa_uncapped_cpu=476m vpa_uncapped_mem=250Mi vpa_lower_cpu=219m vpa_lower_mem=250Mi vpa_upper_cpu=1500m vpa_upper_mem=512Mi
[2026-08-22T00:40:13+02:00] UE_SLOT_ASSIGN timestamp=2026-08-21T22:40:13+00:00 active_ues=33 slot=23 ue_idx=23 ue_if=uesimtun23 ue_ip=10.45.1.81 candidate_reused_global_suspect=0
[2026-08-22T00:40:13+02:00] UE_SLOT_START timestamp=2026-08-21T22:40:13+00:00 active_ues=33 slot=23 attempt=1 ue_idx=23 ue_if=uesimtun23 ue_ip=10.45.1.81 target=192.168.1.211:5224 bitrate=1M duration_s=80 planned_end_epoch=1787352093 timeout_s=90 hard_timeout_epoch=1787352108 start_rx_bytes=420083
[2026-08-22T00:40:13+02:00] UE_SLOT_PID timestamp=2026-08-21T22:40:13+00:00 active_ues=33 slot=23 attempt=1 ue_idx=23 pid=52472
[2026-08-22T00:40:13+02:00] UE_SLOT_ASSIGN timestamp=2026-08-21T22:40:13+00:00 active_ues=33 slot=24 ue_idx=24 ue_if=uesimtun24 ue_ip=10.45.1.83 candidate_reused_global_suspect=0
[2026-08-22T00:40:13+02:00] UE_SLOT_START timestamp=2026-08-21T22:40:13+00:00 active_ues=33 slot=24 attempt=1 ue_idx=24 ue_if=uesimtun24 ue_ip=10.45.1.83 target=192.168.1.211:5225 bitrate=1M duration_s=80 planned_end_epoch=1787352093 timeout_s=90 hard_timeout_epoch=1787352108 start_rx_bytes=370917
[2026-08-22T00:40:13+02:00] UE_SLOT_PID timestamp=2026-08-21T22:40:13+00:00 active_ues=33 slot=24 attempt=1 ue_idx=24 pid=52497
[2026-08-22T00:40:13+02:00] UE_SLOT_ASSIGN timestamp=2026-08-21T22:40:13+00:00 active_ues=33 slot=25 ue_idx=25 ue_if=uesimtun25 ue_ip=10.45.1.80 candidate_reused_global_suspect=0
[2026-08-22T00:40:13+02:00] UE_SLOT_START timestamp=2026-08-21T22:40:13+00:00 active_ues=33 slot=25 attempt=1 ue_idx=25 ue_if=uesimtun25 ue_ip=10.45.1.80 target=192.168.1.211:5226 bitrate=1M duration_s=80 planned_end_epoch=1787352093 timeout_s=90 hard_timeout_epoch=1787352108 start_rx_bytes=294062
[2026-08-22T00:40:13+02:00] UE_SLOT_PID timestamp=2026-08-21T22:40:13+00:00 active_ues=33 slot=25 attempt=1 ue_idx=25 pid=52522
[2026-08-22T00:40:13+02:00] UE_SLOT_ASSIGN timestamp=2026-08-21T22:40:13+00:00 active_ues=33 slot=26 ue_idx=26 ue_if=uesimtun26 ue_ip=10.45.1.87 candidate_reused_global_suspect=0
[2026-08-22T00:40:13+02:00] UE_SLOT_START timestamp=2026-08-21T22:40:13+00:00 active_ues=33 slot=26 attempt=1 ue_idx=26 ue_if=uesimtun26 ue_ip=10.45.1.87 target=192.168.1.211:5227 bitrate=1M duration_s=80 planned_end_epoch=1787352093 timeout_s=90 hard_timeout_epoch=1787352108 start_rx_bytes=314636
[2026-08-22T00:40:13+02:00] UE_SLOT_PID timestamp=2026-08-21T22:40:13+00:00 active_ues=33 slot=26 attempt=1 ue_idx=26 pid=52547
[2026-08-22T00:40:14+02:00] UE_SLOT_ASSIGN timestamp=2026-08-21T22:40:14+00:00 active_ues=33 slot=27 ue_idx=27 ue_if=uesimtun27 ue_ip=10.45.1.88 candidate_reused_global_suspect=0
[2026-08-22T00:40:14+02:00] UE_SLOT_START timestamp=2026-08-21T22:40:14+00:00 active_ues=33 slot=27 attempt=1 ue_idx=27 ue_if=uesimtun27 ue_ip=10.45.1.88 target=192.168.1.211:5228 bitrate=1M duration_s=80 planned_end_epoch=1787352094 timeout_s=90 hard_timeout_epoch=1787352109 start_rx_bytes=212279
[2026-08-22T00:40:14+02:00] UE_SLOT_PID timestamp=2026-08-21T22:40:14+00:00 active_ues=33 slot=27 attempt=1 ue_idx=27 pid=52572
[2026-08-22T00:40:14+02:00] UE_SLOT_ASSIGN timestamp=2026-08-21T22:40:14+00:00 active_ues=33 slot=28 ue_idx=28 ue_if=uesimtun28 ue_ip=10.45.1.85 candidate_reused_global_suspect=0
[2026-08-22T00:40:14+02:00] UE_SLOT_START timestamp=2026-08-21T22:40:14+00:00 active_ues=33 slot=28 attempt=1 ue_idx=28 ue_if=uesimtun28 ue_ip=10.45.1.85 target=192.168.1.211:5229 bitrate=1M duration_s=80 planned_end_epoch=1787352094 timeout_s=90 hard_timeout_epoch=1787352109 start_rx_bytes=215525
[2026-08-22T00:40:14+02:00] UE_SLOT_PID timestamp=2026-08-21T22:40:14+00:00 active_ues=33 slot=28 attempt=1 ue_idx=28 pid=52597
[2026-08-22T00:40:14+02:00] UE_SLOT_ASSIGN timestamp=2026-08-21T22:40:14+00:00 active_ues=33 slot=29 ue_idx=29 ue_if=uesimtun29 ue_ip=10.45.1.63 candidate_reused_global_suspect=0
[2026-08-22T00:40:14+02:00] UE_SLOT_START timestamp=2026-08-21T22:40:14+00:00 active_ues=33 slot=29 attempt=1 ue_idx=29 ue_if=uesimtun29 ue_ip=10.45.1.63 target=192.168.1.211:5230 bitrate=1M duration_s=80 planned_end_epoch=1787352094 timeout_s=90 hard_timeout_epoch=1787352109 start_rx_bytes=109051
[2026-08-22T00:40:14+02:00] UE_SLOT_PID timestamp=2026-08-21T22:40:14+00:00 active_ues=33 slot=29 attempt=1 ue_idx=29 pid=52622
[2026-08-22T00:40:14+02:00] UE_SLOT_ASSIGN timestamp=2026-08-21T22:40:14+00:00 active_ues=33 slot=30 ue_idx=30 ue_if=uesimtun30 ue_ip=10.45.1.65 candidate_reused_global_suspect=0
[2026-08-22T00:40:14+02:00] UE_SLOT_START timestamp=2026-08-21T22:40:15+00:00 active_ues=33 slot=30 attempt=1 ue_idx=30 ue_if=uesimtun30 ue_ip=10.45.1.65 target=192.168.1.211:5231 bitrate=1M duration_s=80 planned_end_epoch=1787352094 timeout_s=90 hard_timeout_epoch=1787352109 start_rx_bytes=100977
[2026-08-22T00:40:15+02:00] UE_SLOT_PID timestamp=2026-08-21T22:40:15+00:00 active_ues=33 slot=30 attempt=1 ue_idx=30 pid=52647
[2026-08-22T00:40:15+02:00] UE_SLOT_ASSIGN timestamp=2026-08-21T22:40:15+00:00 active_ues=33 slot=31 ue_idx=31 ue_if=uesimtun31 ue_ip=10.45.1.70 candidate_reused_global_suspect=0
[2026-08-22T00:40:15+02:00] UE_SLOT_START timestamp=2026-08-21T22:40:15+00:00 active_ues=33 slot=31 attempt=1 ue_idx=31 ue_if=uesimtun31 ue_ip=10.45.1.70 target=192.168.1.211:5232 bitrate=1M duration_s=80 planned_end_epoch=1787352095 timeout_s=90 hard_timeout_epoch=1787352110 start_rx_bytes=0
[2026-08-22T00:40:15+02:00] UE_SLOT_PID timestamp=2026-08-21T22:40:15+00:00 active_ues=33 slot=31 attempt=1 ue_idx=31 pid=52672
[2026-08-22T00:40:15+02:00] UE_SLOT_ASSIGN timestamp=2026-08-21T22:40:15+00:00 active_ues=33 slot=32 ue_idx=32 ue_if=uesimtun32 ue_ip=10.45.1.73 candidate_reused_global_suspect=0
[2026-08-22T00:40:15+02:00] UPF_CONTROL_SAMPLE timestamp=2026-08-22T00:40:14+02:00 scenario=ue_33 pod=open5gs-upf-5b9db6d44-nsbqz uid=7b5b8ef7-a2a2-4fe9-a3e1-74acd17bd88f restarts=6 usage_cpu=199m usage_mem=36Mi request_cpu=476m request_mem=250Mi limit_cpu=none limit_mem=none vpa_target_cpu=476m vpa_target_mem=250Mi vpa_uncapped_cpu=476m vpa_uncapped_mem=250Mi vpa_lower_cpu=219m vpa_lower_mem=250Mi vpa_upper_cpu=1500m vpa_upper_mem=512Mi
[2026-08-22T00:40:15+02:00] UE_SLOT_START timestamp=2026-08-21T22:40:15+00:00 active_ues=33 slot=32 attempt=1 ue_idx=32 ue_if=uesimtun32 ue_ip=10.45.1.73 target=192.168.1.211:5233 bitrate=1M duration_s=80 planned_end_epoch=1787352095 timeout_s=90 hard_timeout_epoch=1787352110 start_rx_bytes=0
[2026-08-22T00:40:15+02:00] UE_SLOT_PID timestamp=2026-08-21T22:40:15+00:00 active_ues=33 slot=32 attempt=1 ue_idx=32 pid=52697
[2026-08-22T00:40:15+02:00] IPERF_MAPPING_SUMMARY timestamp=2026-08-21T22:40:15+00:00 active_ues=33 registered_tunnels=50 initial_ports=5201-5233 replacement_ports=5251-5265 bitrate=1M start_delay=0.05 detection=no_rx_counter replacement_min_duration_s=5 adaptive_extension_max_s=1 iperf_exit_grace_s=3 server_busy_port_rebinds=1 late_replacement_after_end=disabled wait_for_iperf_exit=until_timeout global_suspect_policy=soft_reuse ramp_supervision=after_initial_start
[2026-08-22T00:40:17+02:00] UPF_CONTROL_SAMPLE timestamp=2026-08-22T00:40:16+02:00 scenario=ue_33 pod=open5gs-upf-5b9db6d44-nsbqz uid=7b5b8ef7-a2a2-4fe9-a3e1-74acd17bd88f restarts=6 usage_cpu=199m usage_mem=36Mi request_cpu=476m request_mem=250Mi limit_cpu=none limit_mem=none vpa_target_cpu=476m vpa_target_mem=250Mi vpa_uncapped_cpu=476m vpa_uncapped_mem=250Mi vpa_lower_cpu=219m vpa_lower_mem=250Mi vpa_upper_cpu=1500m vpa_upper_mem=512Mi
[2026-08-22T00:40:20+02:00] UPF_CONTROL_SAMPLE timestamp=2026-08-22T00:40:19+02:00 scenario=ue_33 pod=open5gs-upf-5b9db6d44-nsbqz uid=7b5b8ef7-a2a2-4fe9-a3e1-74acd17bd88f restarts=6 usage_cpu=199m usage_mem=36Mi request_cpu=476m request_mem=250Mi limit_cpu=none limit_mem=none vpa_target_cpu=476m vpa_target_mem=250Mi vpa_uncapped_cpu=476m vpa_uncapped_mem=250Mi vpa_lower_cpu=219m vpa_lower_mem=250Mi vpa_upper_cpu=1500m vpa_upper_mem=512Mi
[2026-08-22T00:40:22+02:00] UPF_CONTROL_SAMPLE timestamp=2026-08-22T00:40:21+02:00 scenario=ue_33 pod=open5gs-upf-5b9db6d44-nsbqz uid=7b5b8ef7-a2a2-4fe9-a3e1-74acd17bd88f restarts=6 usage_cpu=199m usage_mem=36Mi request_cpu=476m request_mem=250Mi limit_cpu=none limit_mem=none vpa_target_cpu=476m vpa_target_mem=250Mi vpa_uncapped_cpu=476m vpa_uncapped_mem=250Mi vpa_lower_cpu=219m vpa_lower_mem=250Mi vpa_upper_cpu=1500m vpa_upper_mem=512Mi
[2026-08-22T00:40:24+02:00] UPF_CONTROL_SAMPLE timestamp=2026-08-22T00:40:23+02:00 scenario=ue_33 pod=open5gs-upf-5b9db6d44-nsbqz uid=7b5b8ef7-a2a2-4fe9-a3e1-74acd17bd88f restarts=6 usage_cpu=199m usage_mem=36Mi request_cpu=476m request_mem=250Mi limit_cpu=none limit_mem=none vpa_target_cpu=476m vpa_target_mem=250Mi vpa_uncapped_cpu=476m vpa_uncapped_mem=250Mi vpa_lower_cpu=219m vpa_lower_mem=250Mi vpa_upper_cpu=1500m vpa_upper_mem=512Mi
[2026-08-22T00:40:28+02:00] UPF_CONTROL_SAMPLE timestamp=2026-08-22T00:40:26+02:00 scenario=ue_33 pod=open5gs-upf-5b9db6d44-nsbqz uid=7b5b8ef7-a2a2-4fe9-a3e1-74acd17bd88f restarts=6 usage_cpu=199m usage_mem=36Mi request_cpu=476m request_mem=250Mi limit_cpu=none limit_mem=none vpa_target_cpu=476m vpa_target_mem=250Mi vpa_uncapped_cpu=476m vpa_uncapped_mem=250Mi vpa_lower_cpu=219m vpa_lower_mem=250Mi vpa_upper_cpu=1500m vpa_upper_mem=512Mi
[2026-08-22T00:40:30+02:00] UPF_CONTROL_SAMPLE timestamp=2026-08-22T00:40:29+02:00 scenario=ue_33 pod=open5gs-upf-5b9db6d44-nsbqz uid=7b5b8ef7-a2a2-4fe9-a3e1-74acd17bd88f restarts=6 usage_cpu=199m usage_mem=36Mi request_cpu=476m request_mem=250Mi limit_cpu=none limit_mem=none vpa_target_cpu=476m vpa_target_mem=250Mi vpa_uncapped_cpu=476m vpa_uncapped_mem=250Mi vpa_lower_cpu=219m vpa_lower_mem=250Mi vpa_upper_cpu=1500m vpa_upper_mem=512Mi
[2026-08-22T00:40:32+02:00] VPA_RECOMMENDATION_CHANGE timestamp=2026-08-22T00:40:31+02:00 scenario=ue_33 old='vpa_target_cpu=476m vpa_target_mem=250Mi vpa_uncapped_cpu=476m vpa_uncapped_mem=250Mi vpa_lower_cpu=219m vpa_lower_mem=250Mi vpa_upper_cpu=1500m vpa_upper_mem=512Mi' new='vpa_target_cpu=476m vpa_target_mem=250Mi vpa_uncapped_cpu=476m vpa_uncapped_mem=250Mi vpa_lower_cpu=220m vpa_lower_mem=250Mi vpa_upper_cpu=1500m vpa_upper_mem=512Mi' previous_5s_sample='timestamp=2026-08-22T00:40:26+02:00 scenario=ue_33 pod=open5gs-upf-5b9db6d44-nsbqz uid=7b5b8ef7-a2a2-4fe9-a3e1-74acd17bd88f restarts=6 usage_cpu=199m usage_mem=36Mi request_cpu=476m request_mem=250Mi limit_cpu=none limit_mem=none vpa_target_cpu=476m vpa_target_mem=250Mi vpa_uncapped_cpu=476m vpa_uncapped_mem=250Mi vpa_lower_cpu=219m vpa_lower_mem=250Mi vpa_upper_cpu=1500m vpa_upper_mem=512Mi' current_sample='timestamp=2026-08-22T00:40:31+02:00 scenario=ue_33 pod=open5gs-upf-5b9db6d44-nsbqz uid=7b5b8ef7-a2a2-4fe9-a3e1-74acd17bd88f restarts=6 usage_cpu=199m usage_mem=36Mi request_cpu=476m request_mem=250Mi limit_cpu=none limit_mem=none vpa_target_cpu=476m vpa_target_mem=250Mi vpa_uncapped_cpu=476m vpa_uncapped_mem=250Mi vpa_lower_cpu=220m vpa_lower_mem=250Mi vpa_upper_cpu=1500m vpa_upper_mem=512Mi'
[2026-08-22T00:40:32+02:00] UPF_CONTROL_SAMPLE timestamp=2026-08-22T00:40:31+02:00 scenario=ue_33 pod=open5gs-upf-5b9db6d44-nsbqz uid=7b5b8ef7-a2a2-4fe9-a3e1-74acd17bd88f restarts=6 usage_cpu=199m usage_mem=36Mi request_cpu=476m request_mem=250Mi limit_cpu=none limit_mem=none vpa_target_cpu=476m vpa_target_mem=250Mi vpa_uncapped_cpu=476m vpa_uncapped_mem=250Mi vpa_lower_cpu=220m vpa_lower_mem=250Mi vpa_upper_cpu=1500m vpa_upper_mem=512Mi
[2026-08-22T00:40:35+02:00] UPF_CONTROL_SAMPLE timestamp=2026-08-22T00:40:33+02:00 scenario=ue_33 pod=open5gs-upf-5b9db6d44-nsbqz uid=7b5b8ef7-a2a2-4fe9-a3e1-74acd17bd88f restarts=6 usage_cpu=199m usage_mem=36Mi request_cpu=476m request_mem=250Mi limit_cpu=none limit_mem=none vpa_target_cpu=476m vpa_target_mem=250Mi vpa_uncapped_cpu=476m vpa_uncapped_mem=250Mi vpa_lower_cpu=220m vpa_lower_mem=250Mi vpa_upper_cpu=1500m vpa_upper_mem=512Mi
[2026-08-22T00:40:37+02:00] UPF_CONTROL_SAMPLE timestamp=2026-08-22T00:40:36+02:00 scenario=ue_33 pod=open5gs-upf-5b9db6d44-nsbqz uid=7b5b8ef7-a2a2-4fe9-a3e1-74acd17bd88f restarts=6 usage_cpu=199m usage_mem=36Mi request_cpu=476m request_mem=250Mi limit_cpu=none limit_mem=none vpa_target_cpu=476m vpa_target_mem=250Mi vpa_uncapped_cpu=476m vpa_uncapped_mem=250Mi vpa_lower_cpu=220m vpa_lower_mem=250Mi vpa_upper_cpu=1500m vpa_upper_mem=512Mi
[2026-08-22T00:40:39+02:00] UPF_CONTROL_SAMPLE timestamp=2026-08-22T00:40:38+02:00 scenario=ue_33 pod=open5gs-upf-5b9db6d44-nsbqz uid=7b5b8ef7-a2a2-4fe9-a3e1-74acd17bd88f restarts=6 usage_cpu=199m usage_mem=36Mi request_cpu=476m request_mem=250Mi limit_cpu=none limit_mem=none vpa_target_cpu=476m vpa_target_mem=250Mi vpa_uncapped_cpu=476m vpa_uncapped_mem=250Mi vpa_lower_cpu=220m vpa_lower_mem=250Mi vpa_upper_cpu=1500m vpa_upper_mem=512Mi
[2026-08-22T00:40:42+02:00] UPF_CONTROL_SAMPLE timestamp=2026-08-22T00:40:40+02:00 scenario=ue_33 pod=open5gs-upf-5b9db6d44-nsbqz uid=7b5b8ef7-a2a2-4fe9-a3e1-74acd17bd88f restarts=6 usage_cpu=445m usage_mem=36Mi request_cpu=476m request_mem=250Mi limit_cpu=none limit_mem=none vpa_target_cpu=476m vpa_target_mem=250Mi vpa_uncapped_cpu=476m vpa_uncapped_mem=250Mi vpa_lower_cpu=220m vpa_lower_mem=250Mi vpa_upper_cpu=1500m vpa_upper_mem=512Mi
[2026-08-22T00:40:44+02:00] UPF_CONTROL_SAMPLE timestamp=2026-08-22T00:40:43+02:00 scenario=ue_33 pod=open5gs-upf-5b9db6d44-nsbqz uid=7b5b8ef7-a2a2-4fe9-a3e1-74acd17bd88f restarts=6 usage_cpu=445m usage_mem=36Mi request_cpu=476m request_mem=250Mi limit_cpu=none limit_mem=none vpa_target_cpu=476m vpa_target_mem=250Mi vpa_uncapped_cpu=476m vpa_uncapped_mem=250Mi vpa_lower_cpu=220m vpa_lower_mem=250Mi vpa_upper_cpu=1500m vpa_upper_mem=512Mi
[2026-08-22T00:40:46+02:00] UPF_CONTROL_SAMPLE timestamp=2026-08-22T00:40:45+02:00 scenario=ue_33 pod=open5gs-upf-5b9db6d44-nsbqz uid=7b5b8ef7-a2a2-4fe9-a3e1-74acd17bd88f restarts=6 usage_cpu=445m usage_mem=36Mi request_cpu=476m request_mem=250Mi limit_cpu=none limit_mem=none vpa_target_cpu=476m vpa_target_mem=250Mi vpa_uncapped_cpu=476m vpa_uncapped_mem=250Mi vpa_lower_cpu=220m vpa_lower_mem=250Mi vpa_upper_cpu=1500m vpa_upper_mem=512Mi
[2026-08-22T00:40:49+02:00] UPF_CONTROL_SAMPLE timestamp=2026-08-22T00:40:47+02:00 scenario=ue_33 pod=open5gs-upf-5b9db6d44-nsbqz uid=7b5b8ef7-a2a2-4fe9-a3e1-74acd17bd88f restarts=6 usage_cpu=445m usage_mem=36Mi request_cpu=476m request_mem=250Mi limit_cpu=none limit_mem=none vpa_target_cpu=476m vpa_target_mem=250Mi vpa_uncapped_cpu=476m vpa_uncapped_mem=250Mi vpa_lower_cpu=220m vpa_lower_mem=250Mi vpa_upper_cpu=1500m vpa_upper_mem=512Mi
[2026-08-22T00:40:51+02:00] UPF_CONTROL_SAMPLE timestamp=2026-08-22T00:40:50+02:00 scenario=ue_33 pod=open5gs-upf-5b9db6d44-nsbqz uid=7b5b8ef7-a2a2-4fe9-a3e1-74acd17bd88f restarts=6 usage_cpu=445m usage_mem=36Mi request_cpu=476m request_mem=250Mi limit_cpu=none limit_mem=none vpa_target_cpu=476m vpa_target_mem=250Mi vpa_uncapped_cpu=476m vpa_uncapped_mem=250Mi vpa_lower_cpu=220m vpa_lower_mem=250Mi vpa_upper_cpu=1500m vpa_upper_mem=512Mi
[2026-08-22T00:40:54+02:00] UPF_CONTROL_SAMPLE timestamp=2026-08-22T00:40:52+02:00 scenario=ue_33 pod=open5gs-upf-5b9db6d44-nsbqz uid=7b5b8ef7-a2a2-4fe9-a3e1-74acd17bd88f restarts=6 usage_cpu=445m usage_mem=36Mi request_cpu=476m request_mem=250Mi limit_cpu=none limit_mem=none vpa_target_cpu=476m vpa_target_mem=250Mi vpa_uncapped_cpu=476m vpa_uncapped_mem=250Mi vpa_lower_cpu=220m vpa_lower_mem=250Mi vpa_upper_cpu=1500m vpa_upper_mem=512Mi
[2026-08-22T00:40:56+02:00] UPF_CONTROL_SAMPLE timestamp=2026-08-22T00:40:55+02:00 scenario=ue_33 pod=open5gs-upf-5b9db6d44-nsbqz uid=7b5b8ef7-a2a2-4fe9-a3e1-74acd17bd88f restarts=6 usage_cpu=484m usage_mem=36Mi request_cpu=476m request_mem=250Mi limit_cpu=none limit_mem=none vpa_target_cpu=476m vpa_target_mem=250Mi vpa_uncapped_cpu=476m vpa_uncapped_mem=250Mi vpa_lower_cpu=220m vpa_lower_mem=250Mi vpa_upper_cpu=1500m vpa_upper_mem=512Mi
[2026-08-22T00:40:59+02:00] UPF_CONTROL_SAMPLE timestamp=2026-08-22T00:40:57+02:00 scenario=ue_33 pod=open5gs-upf-5b9db6d44-nsbqz uid=7b5b8ef7-a2a2-4fe9-a3e1-74acd17bd88f restarts=6 usage_cpu=484m usage_mem=36Mi request_cpu=476m request_mem=250Mi limit_cpu=none limit_mem=none vpa_target_cpu=476m vpa_target_mem=250Mi vpa_uncapped_cpu=476m vpa_uncapped_mem=250Mi vpa_lower_cpu=220m vpa_lower_mem=250Mi vpa_upper_cpu=1500m vpa_upper_mem=512Mi
[2026-08-22T00:41:01+02:00] UPF_CONTROL_SAMPLE timestamp=2026-08-22T00:41:00+02:00 scenario=ue_33 pod=open5gs-upf-5b9db6d44-nsbqz uid=7b5b8ef7-a2a2-4fe9-a3e1-74acd17bd88f restarts=6 usage_cpu=484m usage_mem=36Mi request_cpu=476m request_mem=250Mi limit_cpu=none limit_mem=none vpa_target_cpu=476m vpa_target_mem=250Mi vpa_uncapped_cpu=476m vpa_uncapped_mem=250Mi vpa_lower_cpu=220m vpa_lower_mem=250Mi vpa_upper_cpu=1500m vpa_upper_mem=512Mi
[2026-08-22T00:41:03+02:00] UPF_CONTROL_SAMPLE timestamp=2026-08-22T00:41:02+02:00 scenario=ue_33 pod=open5gs-upf-5b9db6d44-nsbqz uid=7b5b8ef7-a2a2-4fe9-a3e1-74acd17bd88f restarts=6 usage_cpu=484m usage_mem=36Mi request_cpu=476m request_mem=250Mi limit_cpu=none limit_mem=none vpa_target_cpu=476m vpa_target_mem=250Mi vpa_uncapped_cpu=476m vpa_uncapped_mem=250Mi vpa_lower_cpu=220m vpa_lower_mem=250Mi vpa_upper_cpu=1500m vpa_upper_mem=512Mi
[2026-08-22T00:41:05+02:00] UPF_CONTROL_SAMPLE timestamp=2026-08-22T00:41:04+02:00 scenario=ue_33 pod=open5gs-upf-5b9db6d44-nsbqz uid=7b5b8ef7-a2a2-4fe9-a3e1-74acd17bd88f restarts=6 usage_cpu=484m usage_mem=36Mi request_cpu=476m request_mem=250Mi limit_cpu=none limit_mem=none vpa_target_cpu=476m vpa_target_mem=250Mi vpa_uncapped_cpu=476m vpa_uncapped_mem=250Mi vpa_lower_cpu=220m vpa_lower_mem=250Mi vpa_upper_cpu=1500m vpa_upper_mem=512Mi
[2026-08-22T00:41:08+02:00] UPF_CONTROL_SAMPLE timestamp=2026-08-22T00:41:06+02:00 scenario=ue_33 pod=open5gs-upf-5b9db6d44-nsbqz uid=7b5b8ef7-a2a2-4fe9-a3e1-74acd17bd88f restarts=6 usage_cpu=484m usage_mem=36Mi request_cpu=476m request_mem=250Mi limit_cpu=none limit_mem=none vpa_target_cpu=476m vpa_target_mem=250Mi vpa_uncapped_cpu=476m vpa_uncapped_mem=250Mi vpa_lower_cpu=220m vpa_lower_mem=250Mi vpa_upper_cpu=1500m vpa_upper_mem=512Mi
[2026-08-22T00:41:10+02:00] UPF_CONTROL_SAMPLE timestamp=2026-08-22T00:41:09+02:00 scenario=ue_33 pod=open5gs-upf-5b9db6d44-nsbqz uid=7b5b8ef7-a2a2-4fe9-a3e1-74acd17bd88f restarts=6 usage_cpu=484m usage_mem=36Mi request_cpu=476m request_mem=250Mi limit_cpu=none limit_mem=none vpa_target_cpu=476m vpa_target_mem=250Mi vpa_uncapped_cpu=476m vpa_uncapped_mem=250Mi vpa_lower_cpu=220m vpa_lower_mem=250Mi vpa_upper_cpu=1500m vpa_upper_mem=512Mi
[2026-08-22T00:41:12+02:00] UPF_CONTROL_SAMPLE timestamp=2026-08-22T00:41:11+02:00 scenario=ue_33 pod=open5gs-upf-5b9db6d44-nsbqz uid=7b5b8ef7-a2a2-4fe9-a3e1-74acd17bd88f restarts=6 usage_cpu=473m usage_mem=36Mi request_cpu=476m request_mem=250Mi limit_cpu=none limit_mem=none vpa_target_cpu=476m vpa_target_mem=250Mi vpa_uncapped_cpu=476m vpa_uncapped_mem=250Mi vpa_lower_cpu=220m vpa_lower_mem=250Mi vpa_upper_cpu=1500m vpa_upper_mem=512Mi
[2026-08-22T00:41:15+02:00] UPF_CONTROL_SAMPLE timestamp=2026-08-22T00:41:13+02:00 scenario=ue_33 pod=open5gs-upf-5b9db6d44-nsbqz uid=7b5b8ef7-a2a2-4fe9-a3e1-74acd17bd88f restarts=6 usage_cpu=473m usage_mem=36Mi request_cpu=476m request_mem=250Mi limit_cpu=none limit_mem=none vpa_target_cpu=476m vpa_target_mem=250Mi vpa_uncapped_cpu=476m vpa_uncapped_mem=250Mi vpa_lower_cpu=220m vpa_lower_mem=250Mi vpa_upper_cpu=1500m vpa_upper_mem=512Mi
[2026-08-22T00:41:17+02:00] UPF_CONTROL_SAMPLE timestamp=2026-08-22T00:41:16+02:00 scenario=ue_33 pod=open5gs-upf-5b9db6d44-nsbqz uid=7b5b8ef7-a2a2-4fe9-a3e1-74acd17bd88f restarts=6 usage_cpu=473m usage_mem=36Mi request_cpu=476m request_mem=250Mi limit_cpu=none limit_mem=none vpa_target_cpu=476m vpa_target_mem=250Mi vpa_uncapped_cpu=476m vpa_uncapped_mem=250Mi vpa_lower_cpu=220m vpa_lower_mem=250Mi vpa_upper_cpu=1500m vpa_upper_mem=512Mi
[2026-08-22T00:41:20+02:00] UPF_CONTROL_SAMPLE timestamp=2026-08-22T00:41:18+02:00 scenario=ue_33 pod=open5gs-upf-5b9db6d44-nsbqz uid=7b5b8ef7-a2a2-4fe9-a3e1-74acd17bd88f restarts=6 usage_cpu=473m usage_mem=36Mi request_cpu=476m request_mem=250Mi limit_cpu=none limit_mem=none vpa_target_cpu=476m vpa_target_mem=250Mi vpa_uncapped_cpu=476m vpa_uncapped_mem=250Mi vpa_lower_cpu=220m vpa_lower_mem=250Mi vpa_upper_cpu=1500m vpa_upper_mem=512Mi
[2026-08-22T00:41:22+02:00] UPF_CONTROL_SAMPLE timestamp=2026-08-22T00:41:21+02:00 scenario=ue_33 pod=open5gs-upf-5b9db6d44-nsbqz uid=7b5b8ef7-a2a2-4fe9-a3e1-74acd17bd88f restarts=6 usage_cpu=473m usage_mem=36Mi request_cpu=476m request_mem=250Mi limit_cpu=none limit_mem=none vpa_target_cpu=476m vpa_target_mem=250Mi vpa_uncapped_cpu=476m vpa_uncapped_mem=250Mi vpa_lower_cpu=220m vpa_lower_mem=250Mi vpa_upper_cpu=1500m vpa_upper_mem=512Mi
[2026-08-22T00:41:24+02:00] UPF_CONTROL_SAMPLE timestamp=2026-08-22T00:41:23+02:00 scenario=ue_33 pod=open5gs-upf-5b9db6d44-nsbqz uid=7b5b8ef7-a2a2-4fe9-a3e1-74acd17bd88f restarts=6 usage_cpu=473m usage_mem=36Mi request_cpu=476m request_mem=250Mi limit_cpu=none limit_mem=none vpa_target_cpu=476m vpa_target_mem=250Mi vpa_uncapped_cpu=476m vpa_uncapped_mem=250Mi vpa_lower_cpu=220m vpa_lower_mem=250Mi vpa_upper_cpu=1500m vpa_upper_mem=512Mi
[2026-08-22T00:41:27+02:00] UPF_CONTROL_SAMPLE timestamp=2026-08-22T00:41:25+02:00 scenario=ue_33 pod=open5gs-upf-5b9db6d44-nsbqz uid=7b5b8ef7-a2a2-4fe9-a3e1-74acd17bd88f restarts=6 usage_cpu=473m usage_mem=36Mi request_cpu=476m request_mem=250Mi limit_cpu=none limit_mem=none vpa_target_cpu=476m vpa_target_mem=250Mi vpa_uncapped_cpu=476m vpa_uncapped_mem=250Mi vpa_lower_cpu=220m vpa_lower_mem=250Mi vpa_upper_cpu=1500m vpa_upper_mem=512Mi
[2026-08-22T00:41:29+02:00] UE_SLOT_DONE timestamp=2026-08-21T22:41:29+00:00 active_ues=33 slot=0 attempt=1 ue_idx=0 ue_if=uesimtun0 ue_ip=10.45.1.46 port=5201 rc=0 replacements_for_slot=0 server_busy_retries_for_slot=0
[2026-08-22T00:41:29+02:00] UE_SLOT_DONE timestamp=2026-08-21T22:41:29+00:00 active_ues=33 slot=1 attempt=1 ue_idx=1 ue_if=uesimtun1 ue_ip=10.45.1.47 port=5202 rc=0 replacements_for_slot=0 server_busy_retries_for_slot=0
[2026-08-22T00:41:29+02:00] UE_SLOT_DONE timestamp=2026-08-21T22:41:29+00:00 active_ues=33 slot=2 attempt=1 ue_idx=2 ue_if=uesimtun2 ue_ip=10.45.1.48 port=5203 rc=0 replacements_for_slot=0 server_busy_retries_for_slot=0
[2026-08-22T00:41:29+02:00] UE_SLOT_DONE timestamp=2026-08-21T22:41:29+00:00 active_ues=33 slot=3 attempt=1 ue_idx=3 ue_if=uesimtun3 ue_ip=10.45.1.49 port=5204 rc=0 replacements_for_slot=0 server_busy_retries_for_slot=0
[2026-08-22T00:41:29+02:00] UE_SLOT_DONE timestamp=2026-08-21T22:41:29+00:00 active_ues=33 slot=4 attempt=1 ue_idx=4 ue_if=uesimtun4 ue_ip=10.45.1.51 port=5205 rc=0 replacements_for_slot=0 server_busy_retries_for_slot=0
[2026-08-22T00:41:29+02:00] UE_SLOT_DONE timestamp=2026-08-21T22:41:29+00:00 active_ues=33 slot=5 attempt=1 ue_idx=5 ue_if=uesimtun5 ue_ip=10.45.1.52 port=5206 rc=0 replacements_for_slot=0 server_busy_retries_for_slot=0
[2026-08-22T00:41:29+02:00] UE_SLOT_DONE timestamp=2026-08-21T22:41:29+00:00 active_ues=33 slot=6 attempt=1 ue_idx=6 ue_if=uesimtun6 ue_ip=10.45.1.53 port=5207 rc=0 replacements_for_slot=0 server_busy_retries_for_slot=0
[2026-08-22T00:41:29+02:00] UE_SLOT_DONE timestamp=2026-08-21T22:41:29+00:00 active_ues=33 slot=7 attempt=1 ue_idx=7 ue_if=uesimtun7 ue_ip=10.45.1.54 port=5208 rc=0 replacements_for_slot=0 server_busy_retries_for_slot=0
[2026-08-22T00:41:29+02:00] UPF_CONTROL_SAMPLE timestamp=2026-08-22T00:41:28+02:00 scenario=ue_33 pod=open5gs-upf-5b9db6d44-nsbqz uid=7b5b8ef7-a2a2-4fe9-a3e1-74acd17bd88f restarts=6 usage_cpu=473m usage_mem=36Mi request_cpu=476m request_mem=250Mi limit_cpu=none limit_mem=none vpa_target_cpu=476m vpa_target_mem=250Mi vpa_uncapped_cpu=476m vpa_uncapped_mem=250Mi vpa_lower_cpu=220m vpa_lower_mem=250Mi vpa_upper_cpu=1500m vpa_upper_mem=512Mi
[2026-08-22T00:41:31+02:00] UE_SLOT_DONE timestamp=2026-08-21T22:41:31+00:00 active_ues=33 slot=8 attempt=1 ue_idx=8 ue_if=uesimtun8 ue_ip=10.45.1.56 port=5209 rc=0 replacements_for_slot=0 server_busy_retries_for_slot=0
[2026-08-22T00:41:31+02:00] UE_SLOT_DONE timestamp=2026-08-21T22:41:31+00:00 active_ues=33 slot=9 attempt=1 ue_idx=9 ue_if=uesimtun9 ue_ip=10.45.1.57 port=5210 rc=0 replacements_for_slot=0 server_busy_retries_for_slot=0
[2026-08-22T00:41:31+02:00] UE_SLOT_DONE timestamp=2026-08-21T22:41:31+00:00 active_ues=33 slot=10 attempt=1 ue_idx=10 ue_if=uesimtun10 ue_ip=10.45.1.50 port=5211 rc=0 replacements_for_slot=0 server_busy_retries_for_slot=0
[2026-08-22T00:41:31+02:00] UE_SLOT_DONE timestamp=2026-08-21T22:41:31+00:00 active_ues=33 slot=11 attempt=1 ue_idx=11 ue_if=uesimtun11 ue_ip=10.45.1.60 port=5212 rc=0 replacements_for_slot=0 server_busy_retries_for_slot=0
[2026-08-22T00:41:31+02:00] UE_SLOT_DONE timestamp=2026-08-21T22:41:31+00:00 active_ues=33 slot=12 attempt=1 ue_idx=12 ue_if=uesimtun12 ue_ip=10.45.1.55 port=5213 rc=0 replacements_for_slot=0 server_busy_retries_for_slot=0
[2026-08-22T00:41:31+02:00] UE_SLOT_DONE timestamp=2026-08-21T22:41:31+00:00 active_ues=33 slot=13 attempt=1 ue_idx=13 ue_if=uesimtun13 ue_ip=10.45.1.62 port=5214 rc=0 replacements_for_slot=0 server_busy_retries_for_slot=0
[2026-08-22T00:41:31+02:00] UE_SLOT_DONE timestamp=2026-08-21T22:41:31+00:00 active_ues=33 slot=14 attempt=1 ue_idx=14 ue_if=uesimtun14 ue_ip=10.45.1.66 port=5215 rc=0 replacements_for_slot=0 server_busy_retries_for_slot=0
[2026-08-22T00:41:31+02:00] UE_SLOT_DONE timestamp=2026-08-21T22:41:31+00:00 active_ues=33 slot=15 attempt=1 ue_idx=15 ue_if=uesimtun15 ue_ip=10.45.1.64 port=5216 rc=0 replacements_for_slot=0 server_busy_retries_for_slot=0
[2026-08-22T00:41:32+02:00] UE_SLOT_DONE timestamp=2026-08-21T22:41:32+00:00 active_ues=33 slot=16 attempt=1 ue_idx=16 ue_if=uesimtun16 ue_ip=10.45.1.68 port=5217 rc=0 replacements_for_slot=0 server_busy_retries_for_slot=0
[2026-08-22T00:41:32+02:00] VPA_RECOMMENDATION_CHANGE timestamp=2026-08-22T00:41:30+02:00 scenario=ue_33 old='vpa_target_cpu=476m vpa_target_mem=250Mi vpa_uncapped_cpu=476m vpa_uncapped_mem=250Mi vpa_lower_cpu=220m vpa_lower_mem=250Mi vpa_upper_cpu=1500m vpa_upper_mem=512Mi' new='vpa_target_cpu=511m vpa_target_mem=250Mi vpa_uncapped_cpu=511m vpa_uncapped_mem=250Mi vpa_lower_cpu=221m vpa_lower_mem=250Mi vpa_upper_cpu=1500m vpa_upper_mem=512Mi' previous_5s_sample='timestamp=2026-08-22T00:41:25+02:00 scenario=ue_33 pod=open5gs-upf-5b9db6d44-nsbqz uid=7b5b8ef7-a2a2-4fe9-a3e1-74acd17bd88f restarts=6 usage_cpu=473m usage_mem=36Mi request_cpu=476m request_mem=250Mi limit_cpu=none limit_mem=none vpa_target_cpu=476m vpa_target_mem=250Mi vpa_uncapped_cpu=476m vpa_uncapped_mem=250Mi vpa_lower_cpu=220m vpa_lower_mem=250Mi vpa_upper_cpu=1500m vpa_upper_mem=512Mi' current_sample='timestamp=2026-08-22T00:41:30+02:00 scenario=ue_33 pod=open5gs-upf-5b9db6d44-nsbqz uid=7b5b8ef7-a2a2-4fe9-a3e1-74acd17bd88f restarts=6 usage_cpu=473m usage_mem=36Mi request_cpu=476m request_mem=250Mi limit_cpu=none limit_mem=none vpa_target_cpu=511m vpa_target_mem=250Mi vpa_uncapped_cpu=511m vpa_uncapped_mem=250Mi vpa_lower_cpu=221m vpa_lower_mem=250Mi vpa_upper_cpu=1500m vpa_upper_mem=512Mi'
[2026-08-22T00:41:32+02:00] UPF_CONTROL_SAMPLE timestamp=2026-08-22T00:41:30+02:00 scenario=ue_33 pod=open5gs-upf-5b9db6d44-nsbqz uid=7b5b8ef7-a2a2-4fe9-a3e1-74acd17bd88f restarts=6 usage_cpu=473m usage_mem=36Mi request_cpu=476m request_mem=250Mi limit_cpu=none limit_mem=none vpa_target_cpu=511m vpa_target_mem=250Mi vpa_uncapped_cpu=511m vpa_uncapped_mem=250Mi vpa_lower_cpu=221m vpa_lower_mem=250Mi vpa_upper_cpu=1500m vpa_upper_mem=512Mi
[2026-08-22T00:41:32+02:00] UE_SLOT_DONE timestamp=2026-08-21T22:41:32+00:00 active_ues=33 slot=17 attempt=1 ue_idx=17 ue_if=uesimtun17 ue_ip=10.45.1.69 port=5218 rc=0 replacements_for_slot=0 server_busy_retries_for_slot=0
[2026-08-22T00:41:33+02:00] UE_SLOT_DONE timestamp=2026-08-21T22:41:33+00:00 active_ues=33 slot=18 attempt=1 ue_idx=18 ue_if=uesimtun18 ue_ip=10.45.1.71 port=5219 rc=0 replacements_for_slot=0 server_busy_retries_for_slot=0
[2026-08-22T00:41:33+02:00] UE_SLOT_DONE timestamp=2026-08-21T22:41:33+00:00 active_ues=33 slot=19 attempt=1 ue_idx=19 ue_if=uesimtun19 ue_ip=10.45.1.72 port=5220 rc=0 replacements_for_slot=0 server_busy_retries_for_slot=0
[2026-08-22T00:41:33+02:00] UE_SLOT_DONE timestamp=2026-08-21T22:41:33+00:00 active_ues=33 slot=20 attempt=1 ue_idx=20 ue_if=uesimtun20 ue_ip=10.45.1.74 port=5221 rc=0 replacements_for_slot=0 server_busy_retries_for_slot=0
[2026-08-22T00:41:33+02:00] UE_SLOT_DONE timestamp=2026-08-21T22:41:33+00:00 active_ues=33 slot=21 attempt=1 ue_idx=21 ue_if=uesimtun21 ue_ip=10.45.1.76 port=5222 rc=0 replacements_for_slot=0 server_busy_retries_for_slot=0
[2026-08-22T00:41:33+02:00] UE_SLOT_DONE timestamp=2026-08-21T22:41:33+00:00 active_ues=33 slot=22 attempt=1 ue_idx=22 ue_if=uesimtun22 ue_ip=10.45.1.77 port=5223 rc=0 replacements_for_slot=0 server_busy_retries_for_slot=0
[2026-08-22T00:41:33+02:00] UE_SLOT_DONE timestamp=2026-08-21T22:41:33+00:00 active_ues=33 slot=23 attempt=1 ue_idx=23 ue_if=uesimtun23 ue_ip=10.45.1.81 port=5224 rc=0 replacements_for_slot=0 server_busy_retries_for_slot=0
[2026-08-22T00:41:33+02:00] UE_SLOT_DONE timestamp=2026-08-21T22:41:33+00:00 active_ues=33 slot=24 attempt=1 ue_idx=24 ue_if=uesimtun24 ue_ip=10.45.1.83 port=5225 rc=0 replacements_for_slot=0 server_busy_retries_for_slot=0
[2026-08-22T00:41:33+02:00] UE_SLOT_DONE timestamp=2026-08-21T22:41:33+00:00 active_ues=33 slot=25 attempt=1 ue_idx=25 ue_if=uesimtun25 ue_ip=10.45.1.80 port=5226 rc=0 replacements_for_slot=0 server_busy_retries_for_slot=0
[2026-08-22T00:41:34+02:00] UPF_CONTROL_SAMPLE timestamp=2026-08-22T00:41:33+02:00 scenario=ue_33 pod=open5gs-upf-5b9db6d44-nsbqz uid=7b5b8ef7-a2a2-4fe9-a3e1-74acd17bd88f restarts=6 usage_cpu=473m usage_mem=36Mi request_cpu=476m request_mem=250Mi limit_cpu=none limit_mem=none vpa_target_cpu=511m vpa_target_mem=250Mi vpa_uncapped_cpu=511m vpa_uncapped_mem=250Mi vpa_lower_cpu=221m vpa_lower_mem=250Mi vpa_upper_cpu=1500m vpa_upper_mem=512Mi
[2026-08-22T00:41:35+02:00] UE_SLOT_DONE timestamp=2026-08-21T22:41:35+00:00 active_ues=33 slot=26 attempt=1 ue_idx=26 ue_if=uesimtun26 ue_ip=10.45.1.87 port=5227 rc=0 replacements_for_slot=0 server_busy_retries_for_slot=0
[2026-08-22T00:41:35+02:00] UE_SLOT_DONE timestamp=2026-08-21T22:41:35+00:00 active_ues=33 slot=27 attempt=1 ue_idx=27 ue_if=uesimtun27 ue_ip=10.45.1.88 port=5228 rc=0 replacements_for_slot=0 server_busy_retries_for_slot=0
[2026-08-22T00:41:35+02:00] UE_SLOT_DONE timestamp=2026-08-21T22:41:35+00:00 active_ues=33 slot=28 attempt=1 ue_idx=28 ue_if=uesimtun28 ue_ip=10.45.1.85 port=5229 rc=0 replacements_for_slot=0 server_busy_retries_for_slot=0
[2026-08-22T00:41:35+02:00] UE_SLOT_DONE timestamp=2026-08-21T22:41:35+00:00 active_ues=33 slot=29 attempt=1 ue_idx=29 ue_if=uesimtun29 ue_ip=10.45.1.63 port=5230 rc=0 replacements_for_slot=0 server_busy_retries_for_slot=0
[2026-08-22T00:41:35+02:00] UE_SLOT_DONE timestamp=2026-08-21T22:41:35+00:00 active_ues=33 slot=30 attempt=1 ue_idx=30 ue_if=uesimtun30 ue_ip=10.45.1.65 port=5231 rc=0 replacements_for_slot=0 server_busy_retries_for_slot=0
[2026-08-22T00:41:36+02:00] UPF_CONTROL_SAMPLE timestamp=2026-08-22T00:41:35+02:00 scenario=ue_33 pod=open5gs-upf-5b9db6d44-nsbqz uid=7b5b8ef7-a2a2-4fe9-a3e1-74acd17bd88f restarts=6 usage_cpu=473m usage_mem=36Mi request_cpu=476m request_mem=250Mi limit_cpu=none limit_mem=none vpa_target_cpu=511m vpa_target_mem=250Mi vpa_uncapped_cpu=511m vpa_uncapped_mem=250Mi vpa_lower_cpu=221m vpa_lower_mem=250Mi vpa_upper_cpu=1500m vpa_upper_mem=512Mi
[2026-08-22T00:41:36+02:00] UE_SLOT_DONE timestamp=2026-08-21T22:41:36+00:00 active_ues=33 slot=31 attempt=1 ue_idx=31 ue_if=uesimtun31 ue_ip=10.45.1.70 port=5232 rc=0 replacements_for_slot=0 server_busy_retries_for_slot=0
[2026-08-22T00:41:36+02:00] UE_SLOT_DONE timestamp=2026-08-21T22:41:36+00:00 active_ues=33 slot=32 attempt=1 ue_idx=32 ue_if=uesimtun32 ue_ip=10.45.1.73 port=5233 rc=0 replacements_for_slot=0 server_busy_retries_for_slot=0
[2026-08-22T00:41:37+02:00] TRAFFIC_SUMMARY timestamp=2026-08-21T22:41:37+00:00 registered_tunnels=50 active_ues=33 target_slots=33 completed_slots=33 final_failed_slots=0 replacements=0 problematic_ues=0 zombie_ues=0 connect_timeouts=0 stalls=0 deferred_stalls=0 process_failures=0 server_busy_retries=0 server_busy_failures=0 late_timeouts_accepted=0 scenario_bad_ues=0 global_suspect_ues=0 used_ues=33 target_host=192.168.1.211 initial_ports=5201-5233 replacement_ports=5251-5265 bitrate=1M start_delay=0.05 detection=no_rx_counter replacement_min_duration_s=5 adaptive_extension_max_s=1 iperf_exit_grace_s=3 server_busy_retries_limit=1 server_busy_retry_delay_s=2 late_replacement_after_end=disabled wait_for_iperf_exit=until_timeout global_suspect_policy=soft_reuse ramp_supervision=after_initial_start
[2026-08-22T00:41:37+02:00] UE_POOL_SCENARIO_BAD_CURRENT timestamp=2026-08-21T22:41:37+00:00 active_ues=33 indexes=
[2026-08-22T00:41:37+02:00] UE_POOL_GLOBAL_SUSPECT_CURRENT timestamp=2026-08-21T22:41:37+00:00 active_ues=33 indexes=
[2026-08-22T00:41:38+02:00] REMOTE_IPERF_PER_UE_END timestamp=2026-08-21T22:41:38+00:00 active_ues=33 tag=ue_33 final_rc=0 completed_slots=33 replacements=0 problematic_ues=0 server_busy_retries=0 deferred_stalls=0 late_timeouts_accepted=0
[2026-08-22T00:41:38+02:00] SCENARIO TRAFFIC COMMAND END timestamp=2026-08-22T00:41:38+02:00 active_ue=33 rc=0
[2026-08-22T00:41:38+02:00] SCENARIO UPF AFTER timestamp=2026-08-22T00:41:38+02:00 active_ue=33 pod=open5gs-upf-5b9db6d44-nsbqz uid=7b5b8ef7-a2a2-4fe9-a3e1-74acd17bd88f restarts=6
[2026-08-22T00:41:38+02:00] SCENARIO END timestamp=2026-08-22T00:41:38+02:00 active_ue=33 rc=0
[2026-08-22T00:41:38+02:00] ================================================================
[2026-08-22T00:41:38+02:00] SCENARIO START timestamp=2026-08-22T00:41:38+02:00 active_ue=35 registered_ue_pool=50 target_host=192.168.1.211 ports=5201-5235 replacement_ports=5251-5265 bitrate_per_ue=1M start_delay=0.05 replacement_min_duration=5 adaptive_extension_max=1
[2026-08-22T00:41:38+02:00] ================================================================
[2026-08-22T00:41:39+02:00] UPF_CONTROL_SAMPLE timestamp=2026-08-22T00:41:37+02:00 scenario=ue_33 pod=open5gs-upf-5b9db6d44-nsbqz uid=7b5b8ef7-a2a2-4fe9-a3e1-74acd17bd88f restarts=6 usage_cpu=473m usage_mem=36Mi request_cpu=476m request_mem=250Mi limit_cpu=none limit_mem=none vpa_target_cpu=511m vpa_target_mem=250Mi vpa_uncapped_cpu=511m vpa_uncapped_mem=250Mi vpa_lower_cpu=221m vpa_lower_mem=250Mi vpa_upper_cpu=1500m vpa_upper_mem=512Mi
[2026-08-22T00:41:39+02:00] SCENARIO TUNNEL CHECK timestamp=2026-08-22T00:41:39+02:00 active_ue=35 current_tunnels=50 required=50
[2026-08-22T00:41:40+02:00] SCENARIO UPF BEFORE timestamp=2026-08-22T00:41:39+02:00 active_ue=35 pod=open5gs-upf-5b9db6d44-nsbqz uid=7b5b8ef7-a2a2-4fe9-a3e1-74acd17bd88f restarts=6
[2026-08-22T00:41:40+02:00] REMOTE_IPERF_PER_UE_START timestamp=2026-08-21T22:41:40+00:00 active_ues=35 tag=ue_35 iperf_host=192.168.1.211 base_port=5201 replacement_base_port=5251 duration=80 bitrate=1M start_delay=0.05 detection=no_rx_counter connect_timeout_s=4 stall_seconds=5 replacement_limit=15 replacement_min_duration_s=5 adaptive_extension_max_s=1 iperf_exit_grace_s=3 server_busy_port_rebinds=1 late_replacement_after_end=disabled wait_for_iperf_exit=until_timeout global_suspect_policy=soft_reuse ramp_supervision=after_initial_start
[2026-08-22T00:41:40+02:00] UE_POOL_STATUS timestamp=2026-08-21T22:41:40+00:00 active_ues=35 registered_tunnels=50 existing_global_suspect_ues=0 used_ues=0 policy=soft_reuse_global_suspects
[2026-08-22T00:41:40+02:00] UE_SLOT_ASSIGN timestamp=2026-08-21T22:41:40+00:00 active_ues=35 slot=0 ue_idx=0 ue_if=uesimtun0 ue_ip=10.45.1.46 candidate_reused_global_suspect=0
[2026-08-22T00:41:40+02:00] UE_SLOT_START timestamp=2026-08-21T22:41:40+00:00 active_ues=35 slot=0 attempt=1 ue_idx=0 ue_if=uesimtun0 ue_ip=10.45.1.46 target=192.168.1.211:5201 bitrate=1M duration_s=80 planned_end_epoch=1787352180 timeout_s=90 hard_timeout_epoch=1787352195 start_rx_bytes=1529169
[2026-08-22T00:41:40+02:00] UE_SLOT_PID timestamp=2026-08-21T22:41:40+00:00 active_ues=35 slot=0 attempt=1 ue_idx=0 pid=56326
[2026-08-22T00:41:41+02:00] UE_SLOT_ASSIGN timestamp=2026-08-21T22:41:41+00:00 active_ues=35 slot=1 ue_idx=1 ue_if=uesimtun1 ue_ip=10.45.1.47 candidate_reused_global_suspect=0
[2026-08-22T00:41:41+02:00] UE_SLOT_START timestamp=2026-08-21T22:41:41+00:00 active_ues=35 slot=1 attempt=1 ue_idx=1 ue_if=uesimtun1 ue_ip=10.45.1.47 target=192.168.1.211:5202 bitrate=1M duration_s=80 planned_end_epoch=1787352181 timeout_s=90 hard_timeout_epoch=1787352196 start_rx_bytes=1426961
[2026-08-22T00:41:41+02:00] UE_SLOT_PID timestamp=2026-08-21T22:41:41+00:00 active_ues=35 slot=1 attempt=1 ue_idx=1 pid=56351
[2026-08-22T00:41:41+02:00] UE_SLOT_ASSIGN timestamp=2026-08-21T22:41:41+00:00 active_ues=35 slot=2 ue_idx=2 ue_if=uesimtun2 ue_ip=10.45.1.48 candidate_reused_global_suspect=0
[2026-08-22T00:41:41+02:00] UE_SLOT_START timestamp=2026-08-21T22:41:41+00:00 active_ues=35 slot=2 attempt=1 ue_idx=2 ue_if=uesimtun2 ue_ip=10.45.1.48 target=192.168.1.211:5203 bitrate=1M duration_s=80 planned_end_epoch=1787352181 timeout_s=90 hard_timeout_epoch=1787352196 start_rx_bytes=1445876
[2026-08-22T00:41:41+02:00] UE_SLOT_PID timestamp=2026-08-21T22:41:41+00:00 active_ues=35 slot=2 attempt=1 ue_idx=2 pid=56376
[2026-08-22T00:41:41+02:00] UE_SLOT_ASSIGN timestamp=2026-08-21T22:41:41+00:00 active_ues=35 slot=3 ue_idx=3 ue_if=uesimtun3 ue_ip=10.45.1.49 candidate_reused_global_suspect=0
[2026-08-22T00:41:41+02:00] UE_SLOT_START timestamp=2026-08-21T22:41:41+00:00 active_ues=35 slot=3 attempt=1 ue_idx=3 ue_if=uesimtun3 ue_ip=10.45.1.49 target=192.168.1.211:5204 bitrate=1M duration_s=80 planned_end_epoch=1787352181 timeout_s=90 hard_timeout_epoch=1787352196 start_rx_bytes=1373432
[2026-08-22T00:41:41+02:00] UE_SLOT_PID timestamp=2026-08-21T22:41:41+00:00 active_ues=35 slot=3 attempt=1 ue_idx=3 pid=56401
[2026-08-22T00:41:41+02:00] UE_SLOT_ASSIGN timestamp=2026-08-21T22:41:41+00:00 active_ues=35 slot=4 ue_idx=4 ue_if=uesimtun4 ue_ip=10.45.1.51 candidate_reused_global_suspect=0
[2026-08-22T00:41:41+02:00] UPF_CONTROL_SAMPLE timestamp=2026-08-22T00:41:40+02:00 scenario=ue_35 pod=open5gs-upf-5b9db6d44-nsbqz uid=7b5b8ef7-a2a2-4fe9-a3e1-74acd17bd88f restarts=6 usage_cpu=419m usage_mem=36Mi request_cpu=476m request_mem=250Mi limit_cpu=none limit_mem=none vpa_target_cpu=511m vpa_target_mem=250Mi vpa_uncapped_cpu=511m vpa_uncapped_mem=250Mi vpa_lower_cpu=221m vpa_lower_mem=250Mi vpa_upper_cpu=1500m vpa_upper_mem=512Mi
[2026-08-22T00:41:41+02:00] UE_SLOT_START timestamp=2026-08-21T22:41:41+00:00 active_ues=35 slot=4 attempt=1 ue_idx=4 ue_if=uesimtun4 ue_ip=10.45.1.51 target=192.168.1.211:5205 bitrate=1M duration_s=80 planned_end_epoch=1787352181 timeout_s=90 hard_timeout_epoch=1787352196 start_rx_bytes=1360518
[2026-08-22T00:41:41+02:00] UE_SLOT_PID timestamp=2026-08-21T22:41:41+00:00 active_ues=35 slot=4 attempt=1 ue_idx=4 pid=56426
[2026-08-22T00:41:41+02:00] UE_SLOT_ASSIGN timestamp=2026-08-21T22:41:41+00:00 active_ues=35 slot=5 ue_idx=5 ue_if=uesimtun5 ue_ip=10.45.1.52 candidate_reused_global_suspect=0
[2026-08-22T00:41:41+02:00] UE_SLOT_START timestamp=2026-08-21T22:41:41+00:00 active_ues=35 slot=5 attempt=1 ue_idx=5 ue_if=uesimtun5 ue_ip=10.45.1.52 target=192.168.1.211:5206 bitrate=1M duration_s=80 planned_end_epoch=1787352181 timeout_s=90 hard_timeout_epoch=1787352196 start_rx_bytes=1230605
[2026-08-22T00:41:41+02:00] UE_SLOT_PID timestamp=2026-08-21T22:41:41+00:00 active_ues=35 slot=5 attempt=1 ue_idx=5 pid=56451
[2026-08-22T00:41:42+02:00] UE_SLOT_ASSIGN timestamp=2026-08-21T22:41:42+00:00 active_ues=35 slot=6 ue_idx=6 ue_if=uesimtun6 ue_ip=10.45.1.53 candidate_reused_global_suspect=0
[2026-08-22T00:41:42+02:00] UE_SLOT_START timestamp=2026-08-21T22:41:42+00:00 active_ues=35 slot=6 attempt=1 ue_idx=6 ue_if=uesimtun6 ue_ip=10.45.1.53 target=192.168.1.211:5207 bitrate=1M duration_s=80 planned_end_epoch=1787352182 timeout_s=90 hard_timeout_epoch=1787352197 start_rx_bytes=1235972
[2026-08-22T00:41:42+02:00] UE_SLOT_PID timestamp=2026-08-21T22:41:42+00:00 active_ues=35 slot=6 attempt=1 ue_idx=6 pid=56476
[2026-08-22T00:41:42+02:00] UE_SLOT_ASSIGN timestamp=2026-08-21T22:41:42+00:00 active_ues=35 slot=7 ue_idx=7 ue_if=uesimtun7 ue_ip=10.45.1.54 candidate_reused_global_suspect=0
[2026-08-22T00:41:42+02:00] UE_SLOT_START timestamp=2026-08-21T22:41:42+00:00 active_ues=35 slot=7 attempt=1 ue_idx=7 ue_if=uesimtun7 ue_ip=10.45.1.54 target=192.168.1.211:5208 bitrate=1M duration_s=80 planned_end_epoch=1787352182 timeout_s=90 hard_timeout_epoch=1787352197 start_rx_bytes=1167804
[2026-08-22T00:41:42+02:00] UE_SLOT_PID timestamp=2026-08-21T22:41:42+00:00 active_ues=35 slot=7 attempt=1 ue_idx=7 pid=56501
[2026-08-22T00:41:42+02:00] UE_SLOT_ASSIGN timestamp=2026-08-21T22:41:42+00:00 active_ues=35 slot=8 ue_idx=8 ue_if=uesimtun8 ue_ip=10.45.1.56 candidate_reused_global_suspect=0
[2026-08-22T00:41:42+02:00] UE_SLOT_START timestamp=2026-08-21T22:41:42+00:00 active_ues=35 slot=8 attempt=1 ue_idx=8 ue_if=uesimtun8 ue_ip=10.45.1.56 target=192.168.1.211:5209 bitrate=1M duration_s=80 planned_end_epoch=1787352182 timeout_s=90 hard_timeout_epoch=1787352197 start_rx_bytes=1168091
[2026-08-22T00:41:42+02:00] UE_SLOT_PID timestamp=2026-08-21T22:41:42+00:00 active_ues=35 slot=8 attempt=1 ue_idx=8 pid=56526
[2026-08-22T00:41:42+02:00] UE_SLOT_ASSIGN timestamp=2026-08-21T22:41:42+00:00 active_ues=35 slot=9 ue_idx=9 ue_if=uesimtun9 ue_ip=10.45.1.57 candidate_reused_global_suspect=0
[2026-08-22T00:41:42+02:00] UE_SLOT_START timestamp=2026-08-21T22:41:42+00:00 active_ues=35 slot=9 attempt=1 ue_idx=9 ue_if=uesimtun9 ue_ip=10.45.1.57 target=192.168.1.211:5210 bitrate=1M duration_s=80 planned_end_epoch=1787352182 timeout_s=90 hard_timeout_epoch=1787352197 start_rx_bytes=1088911
[2026-08-22T00:41:42+02:00] UE_SLOT_PID timestamp=2026-08-21T22:41:42+00:00 active_ues=35 slot=9 attempt=1 ue_idx=9 pid=56551
[2026-08-22T00:41:43+02:00] UE_SLOT_ASSIGN timestamp=2026-08-21T22:41:43+00:00 active_ues=35 slot=10 ue_idx=10 ue_if=uesimtun10 ue_ip=10.45.1.50 candidate_reused_global_suspect=0
[2026-08-22T00:41:43+02:00] UE_SLOT_START timestamp=2026-08-21T22:41:43+00:00 active_ues=35 slot=10 attempt=1 ue_idx=10 ue_if=uesimtun10 ue_ip=10.45.1.50 target=192.168.1.211:5211 bitrate=1M duration_s=80 planned_end_epoch=1787352183 timeout_s=90 hard_timeout_epoch=1787352198 start_rx_bytes=1099780
[2026-08-22T00:41:43+02:00] UE_SLOT_PID timestamp=2026-08-21T22:41:43+00:00 active_ues=35 slot=10 attempt=1 ue_idx=10 pid=56576
[2026-08-22T00:41:43+02:00] UE_SLOT_ASSIGN timestamp=2026-08-21T22:41:43+00:00 active_ues=35 slot=11 ue_idx=11 ue_if=uesimtun11 ue_ip=10.45.1.60 candidate_reused_global_suspect=0
[2026-08-22T00:41:43+02:00] UE_SLOT_START timestamp=2026-08-21T22:41:43+00:00 active_ues=35 slot=11 attempt=1 ue_idx=11 ue_if=uesimtun11 ue_ip=10.45.1.60 target=192.168.1.211:5212 bitrate=1M duration_s=80 planned_end_epoch=1787352183 timeout_s=90 hard_timeout_epoch=1787352198 start_rx_bytes=1034138
[2026-08-22T00:41:43+02:00] UE_SLOT_PID timestamp=2026-08-21T22:41:43+00:00 active_ues=35 slot=11 attempt=1 ue_idx=11 pid=56601
[2026-08-22T00:41:43+02:00] UE_SLOT_ASSIGN timestamp=2026-08-21T22:41:43+00:00 active_ues=35 slot=12 ue_idx=12 ue_if=uesimtun12 ue_ip=10.45.1.55 candidate_reused_global_suspect=0
[2026-08-22T00:41:43+02:00] UE_SLOT_START timestamp=2026-08-21T22:41:43+00:00 active_ues=35 slot=12 attempt=1 ue_idx=12 ue_if=uesimtun12 ue_ip=10.45.1.55 target=192.168.1.211:5213 bitrate=1M duration_s=80 planned_end_epoch=1787352183 timeout_s=90 hard_timeout_epoch=1787352198 start_rx_bytes=1052916
[2026-08-22T00:41:43+02:00] UE_SLOT_PID timestamp=2026-08-21T22:41:43+00:00 active_ues=35 slot=12 attempt=1 ue_idx=12 pid=56626
[2026-08-22T00:41:43+02:00] UE_SLOT_ASSIGN timestamp=2026-08-21T22:41:43+00:00 active_ues=35 slot=13 ue_idx=13 ue_if=uesimtun13 ue_ip=10.45.1.62 candidate_reused_global_suspect=0
[2026-08-22T00:41:43+02:00] UE_SLOT_START timestamp=2026-08-21T22:41:43+00:00 active_ues=35 slot=13 attempt=1 ue_idx=13 ue_if=uesimtun13 ue_ip=10.45.1.62 target=192.168.1.211:5214 bitrate=1M duration_s=80 planned_end_epoch=1787352183 timeout_s=90 hard_timeout_epoch=1787352198 start_rx_bytes=941031
[2026-08-22T00:41:43+02:00] UE_SLOT_PID timestamp=2026-08-21T22:41:43+00:00 active_ues=35 slot=13 attempt=1 ue_idx=13 pid=56651
[2026-08-22T00:41:43+02:00] UE_SLOT_ASSIGN timestamp=2026-08-21T22:41:43+00:00 active_ues=35 slot=14 ue_idx=14 ue_if=uesimtun14 ue_ip=10.45.1.66 candidate_reused_global_suspect=0
[2026-08-22T00:41:43+02:00] UE_SLOT_START timestamp=2026-08-21T22:41:43+00:00 active_ues=35 slot=14 attempt=1 ue_idx=14 ue_if=uesimtun14 ue_ip=10.45.1.66 target=192.168.1.211:5215 bitrate=1M duration_s=80 planned_end_epoch=1787352183 timeout_s=90 hard_timeout_epoch=1787352198 start_rx_bytes=963792
[2026-08-22T00:41:43+02:00] UE_SLOT_PID timestamp=2026-08-21T22:41:44+00:00 active_ues=35 slot=14 attempt=1 ue_idx=14 pid=56676
[2026-08-22T00:41:44+02:00] UPF_CONTROL_SAMPLE timestamp=2026-08-22T00:41:42+02:00 scenario=ue_35 pod=open5gs-upf-5b9db6d44-nsbqz uid=7b5b8ef7-a2a2-4fe9-a3e1-74acd17bd88f restarts=6 usage_cpu=419m usage_mem=36Mi request_cpu=476m request_mem=250Mi limit_cpu=none limit_mem=none vpa_target_cpu=511m vpa_target_mem=250Mi vpa_uncapped_cpu=511m vpa_uncapped_mem=250Mi vpa_lower_cpu=221m vpa_lower_mem=250Mi vpa_upper_cpu=1500m vpa_upper_mem=512Mi
[2026-08-22T00:41:44+02:00] UE_SLOT_ASSIGN timestamp=2026-08-21T22:41:44+00:00 active_ues=35 slot=15 ue_idx=15 ue_if=uesimtun15 ue_ip=10.45.1.64 candidate_reused_global_suspect=0
[2026-08-22T00:41:44+02:00] UE_SLOT_START timestamp=2026-08-21T22:41:44+00:00 active_ues=35 slot=15 attempt=1 ue_idx=15 ue_if=uesimtun15 ue_ip=10.45.1.64 target=192.168.1.211:5216 bitrate=1M duration_s=80 planned_end_epoch=1787352184 timeout_s=90 hard_timeout_epoch=1787352199 start_rx_bytes=822785
[2026-08-22T00:41:44+02:00] UE_SLOT_PID timestamp=2026-08-21T22:41:44+00:00 active_ues=35 slot=15 attempt=1 ue_idx=15 pid=56701
[2026-08-22T00:41:44+02:00] UE_SLOT_ASSIGN timestamp=2026-08-21T22:41:44+00:00 active_ues=35 slot=16 ue_idx=16 ue_if=uesimtun16 ue_ip=10.45.1.68 candidate_reused_global_suspect=0
[2026-08-22T00:41:44+02:00] UE_SLOT_START timestamp=2026-08-21T22:41:44+00:00 active_ues=35 slot=16 attempt=1 ue_idx=16 ue_if=uesimtun16 ue_ip=10.45.1.68 target=192.168.1.211:5217 bitrate=1M duration_s=80 planned_end_epoch=1787352184 timeout_s=90 hard_timeout_epoch=1787352199 start_rx_bytes=837239
[2026-08-22T00:41:44+02:00] UE_SLOT_PID timestamp=2026-08-21T22:41:44+00:00 active_ues=35 slot=16 attempt=1 ue_idx=16 pid=56726
[2026-08-22T00:41:44+02:00] UE_SLOT_ASSIGN timestamp=2026-08-21T22:41:44+00:00 active_ues=35 slot=17 ue_idx=17 ue_if=uesimtun17 ue_ip=10.45.1.69 candidate_reused_global_suspect=0
[2026-08-22T00:41:44+02:00] UE_SLOT_START timestamp=2026-08-21T22:41:44+00:00 active_ues=35 slot=17 attempt=1 ue_idx=17 ue_if=uesimtun17 ue_ip=10.45.1.69 target=192.168.1.211:5218 bitrate=1M duration_s=80 planned_end_epoch=1787352184 timeout_s=90 hard_timeout_epoch=1787352199 start_rx_bytes=747213
[2026-08-22T00:41:44+02:00] UE_SLOT_PID timestamp=2026-08-21T22:41:44+00:00 active_ues=35 slot=17 attempt=1 ue_idx=17 pid=56751
[2026-08-22T00:41:44+02:00] UE_SLOT_ASSIGN timestamp=2026-08-21T22:41:44+00:00 active_ues=35 slot=18 ue_idx=18 ue_if=uesimtun18 ue_ip=10.45.1.71 candidate_reused_global_suspect=0
[2026-08-22T00:41:44+02:00] UE_SLOT_START timestamp=2026-08-21T22:41:44+00:00 active_ues=35 slot=18 attempt=1 ue_idx=18 ue_if=uesimtun18 ue_ip=10.45.1.71 target=192.168.1.211:5219 bitrate=1M duration_s=80 planned_end_epoch=1787352184 timeout_s=90 hard_timeout_epoch=1787352199 start_rx_bytes=746349
[2026-08-22T00:41:44+02:00] UE_SLOT_PID timestamp=2026-08-21T22:41:44+00:00 active_ues=35 slot=18 attempt=1 ue_idx=18 pid=56776
[2026-08-22T00:41:45+02:00] UE_SLOT_ASSIGN timestamp=2026-08-21T22:41:45+00:00 active_ues=35 slot=19 ue_idx=19 ue_if=uesimtun19 ue_ip=10.45.1.72 candidate_reused_global_suspect=0
[2026-08-22T00:41:45+02:00] UE_SLOT_START timestamp=2026-08-21T22:41:45+00:00 active_ues=35 slot=19 attempt=1 ue_idx=19 ue_if=uesimtun19 ue_ip=10.45.1.72 target=192.168.1.211:5220 bitrate=1M duration_s=80 planned_end_epoch=1787352185 timeout_s=90 hard_timeout_epoch=1787352200 start_rx_bytes=701158
[2026-08-22T00:41:45+02:00] UE_SLOT_PID timestamp=2026-08-21T22:41:45+00:00 active_ues=35 slot=19 attempt=1 ue_idx=19 pid=56801
[2026-08-22T00:41:45+02:00] UE_SLOT_ASSIGN timestamp=2026-08-21T22:41:45+00:00 active_ues=35 slot=20 ue_idx=20 ue_if=uesimtun20 ue_ip=10.45.1.74 candidate_reused_global_suspect=0
[2026-08-22T00:41:45+02:00] UE_SLOT_START timestamp=2026-08-21T22:41:45+00:00 active_ues=35 slot=20 attempt=1 ue_idx=20 ue_if=uesimtun20 ue_ip=10.45.1.74 target=192.168.1.211:5221 bitrate=1M duration_s=80 planned_end_epoch=1787352185 timeout_s=90 hard_timeout_epoch=1787352200 start_rx_bytes=689518
[2026-08-22T00:41:45+02:00] UE_SLOT_PID timestamp=2026-08-21T22:41:45+00:00 active_ues=35 slot=20 attempt=1 ue_idx=20 pid=56826
[2026-08-22T00:41:45+02:00] UE_SLOT_ASSIGN timestamp=2026-08-21T22:41:45+00:00 active_ues=35 slot=21 ue_idx=21 ue_if=uesimtun21 ue_ip=10.45.1.76 candidate_reused_global_suspect=0
[2026-08-22T00:41:45+02:00] UE_SLOT_START timestamp=2026-08-21T22:41:45+00:00 active_ues=35 slot=21 attempt=1 ue_idx=21 ue_if=uesimtun21 ue_ip=10.45.1.76 target=192.168.1.211:5222 bitrate=1M duration_s=80 planned_end_epoch=1787352185 timeout_s=90 hard_timeout_epoch=1787352200 start_rx_bytes=594610
[2026-08-22T00:41:45+02:00] UE_SLOT_PID timestamp=2026-08-21T22:41:45+00:00 active_ues=35 slot=21 attempt=1 ue_idx=21 pid=56851
[2026-08-22T00:41:45+02:00] UE_SLOT_ASSIGN timestamp=2026-08-21T22:41:45+00:00 active_ues=35 slot=22 ue_idx=22 ue_if=uesimtun22 ue_ip=10.45.1.77 candidate_reused_global_suspect=0
[2026-08-22T00:41:45+02:00] UE_SLOT_START timestamp=2026-08-21T22:41:45+00:00 active_ues=35 slot=22 attempt=1 ue_idx=22 ue_if=uesimtun22 ue_ip=10.45.1.77 target=192.168.1.211:5223 bitrate=1M duration_s=80 planned_end_epoch=1787352185 timeout_s=90 hard_timeout_epoch=1787352200 start_rx_bytes=583500
[2026-08-22T00:41:45+02:00] UE_SLOT_PID timestamp=2026-08-21T22:41:45+00:00 active_ues=35 slot=22 attempt=1 ue_idx=22 pid=56876
[2026-08-22T00:41:46+02:00] UE_SLOT_ASSIGN timestamp=2026-08-21T22:41:46+00:00 active_ues=35 slot=23 ue_idx=23 ue_if=uesimtun23 ue_ip=10.45.1.81 candidate_reused_global_suspect=0
[2026-08-22T00:41:46+02:00] UE_SLOT_START timestamp=2026-08-21T22:41:46+00:00 active_ues=35 slot=23 attempt=1 ue_idx=23 ue_if=uesimtun23 ue_ip=10.45.1.81 target=192.168.1.211:5224 bitrate=1M duration_s=80 planned_end_epoch=1787352186 timeout_s=90 hard_timeout_epoch=1787352201 start_rx_bytes=522199
[2026-08-22T00:41:46+02:00] UE_SLOT_PID timestamp=2026-08-21T22:41:46+00:00 active_ues=35 slot=23 attempt=1 ue_idx=23 pid=56901
[2026-08-22T00:41:46+02:00] UE_SLOT_ASSIGN timestamp=2026-08-21T22:41:46+00:00 active_ues=35 slot=24 ue_idx=24 ue_if=uesimtun24 ue_ip=10.45.1.83 candidate_reused_global_suspect=0
[2026-08-22T00:41:46+02:00] UE_SLOT_START timestamp=2026-08-21T22:41:46+00:00 active_ues=35 slot=24 attempt=1 ue_idx=24 ue_if=uesimtun24 ue_ip=10.45.1.83 target=192.168.1.211:5225 bitrate=1M duration_s=80 planned_end_epoch=1787352186 timeout_s=90 hard_timeout_epoch=1787352201 start_rx_bytes=480988
[2026-08-22T00:41:46+02:00] UE_SLOT_PID timestamp=2026-08-21T22:41:46+00:00 active_ues=35 slot=24 attempt=1 ue_idx=24 pid=56926
[2026-08-22T00:41:46+02:00] UPF_CONTROL_SAMPLE timestamp=2026-08-22T00:41:45+02:00 scenario=ue_35 pod=open5gs-upf-5b9db6d44-nsbqz uid=7b5b8ef7-a2a2-4fe9-a3e1-74acd17bd88f restarts=6 usage_cpu=419m usage_mem=36Mi request_cpu=476m request_mem=250Mi limit_cpu=none limit_mem=none vpa_target_cpu=511m vpa_target_mem=250Mi vpa_uncapped_cpu=511m vpa_uncapped_mem=250Mi vpa_lower_cpu=221m vpa_lower_mem=250Mi vpa_upper_cpu=1500m vpa_upper_mem=512Mi
[2026-08-22T00:41:46+02:00] UE_SLOT_ASSIGN timestamp=2026-08-21T22:41:46+00:00 active_ues=35 slot=25 ue_idx=25 ue_if=uesimtun25 ue_ip=10.45.1.80 candidate_reused_global_suspect=0
[2026-08-22T00:41:46+02:00] UE_SLOT_START timestamp=2026-08-21T22:41:46+00:00 active_ues=35 slot=25 attempt=1 ue_idx=25 ue_if=uesimtun25 ue_ip=10.45.1.80 target=192.168.1.211:5226 bitrate=1M duration_s=80 planned_end_epoch=1787352186 timeout_s=90 hard_timeout_epoch=1787352201 start_rx_bytes=406805
[2026-08-22T00:41:46+02:00] UE_SLOT_PID timestamp=2026-08-21T22:41:46+00:00 active_ues=35 slot=25 attempt=1 ue_idx=25 pid=56951
[2026-08-22T00:41:46+02:00] UE_SLOT_ASSIGN timestamp=2026-08-21T22:41:46+00:00 active_ues=35 slot=26 ue_idx=26 ue_if=uesimtun26 ue_ip=10.45.1.87 candidate_reused_global_suspect=0
[2026-08-22T00:41:46+02:00] UE_SLOT_START timestamp=2026-08-21T22:41:46+00:00 active_ues=35 slot=26 attempt=1 ue_idx=26 ue_if=uesimtun26 ue_ip=10.45.1.87 target=192.168.1.211:5227 bitrate=1M duration_s=80 planned_end_epoch=1787352186 timeout_s=90 hard_timeout_epoch=1787352201 start_rx_bytes=422872
[2026-08-22T00:41:46+02:00] UE_SLOT_PID timestamp=2026-08-21T22:41:46+00:00 active_ues=35 slot=26 attempt=1 ue_idx=26 pid=56976
[2026-08-22T00:41:47+02:00] UE_SLOT_ASSIGN timestamp=2026-08-21T22:41:47+00:00 active_ues=35 slot=27 ue_idx=27 ue_if=uesimtun27 ue_ip=10.45.1.88 candidate_reused_global_suspect=0
[2026-08-22T00:41:47+02:00] UE_SLOT_START timestamp=2026-08-21T22:41:47+00:00 active_ues=35 slot=27 attempt=1 ue_idx=27 ue_if=uesimtun27 ue_ip=10.45.1.88 target=192.168.1.211:5228 bitrate=1M duration_s=80 planned_end_epoch=1787352187 timeout_s=90 hard_timeout_epoch=1787352202 start_rx_bytes=315267
[2026-08-22T00:41:47+02:00] UE_SLOT_PID timestamp=2026-08-21T22:41:47+00:00 active_ues=35 slot=27 attempt=1 ue_idx=27 pid=57001
[2026-08-22T00:41:47+02:00] UE_SLOT_ASSIGN timestamp=2026-08-21T22:41:47+00:00 active_ues=35 slot=28 ue_idx=28 ue_if=uesimtun28 ue_ip=10.45.1.85 candidate_reused_global_suspect=0
[2026-08-22T00:41:47+02:00] UE_SLOT_START timestamp=2026-08-21T22:41:47+00:00 active_ues=35 slot=28 attempt=1 ue_idx=28 ue_if=uesimtun28 ue_ip=10.45.1.85 target=192.168.1.211:5229 bitrate=1M duration_s=80 planned_end_epoch=1787352187 timeout_s=90 hard_timeout_epoch=1787352202 start_rx_bytes=328792
[2026-08-22T00:41:47+02:00] UE_SLOT_PID timestamp=2026-08-21T22:41:47+00:00 active_ues=35 slot=28 attempt=1 ue_idx=28 pid=57026
[2026-08-22T00:41:47+02:00] UE_SLOT_ASSIGN timestamp=2026-08-21T22:41:47+00:00 active_ues=35 slot=29 ue_idx=29 ue_if=uesimtun29 ue_ip=10.45.1.63 candidate_reused_global_suspect=0
[2026-08-22T00:41:47+02:00] UE_SLOT_START timestamp=2026-08-21T22:41:47+00:00 active_ues=35 slot=29 attempt=1 ue_idx=29 ue_if=uesimtun29 ue_ip=10.45.1.63 target=192.168.1.211:5230 bitrate=1M duration_s=80 planned_end_epoch=1787352187 timeout_s=90 hard_timeout_epoch=1787352202 start_rx_bytes=218443
[2026-08-22T00:41:47+02:00] UE_SLOT_PID timestamp=2026-08-21T22:41:47+00:00 active_ues=35 slot=29 attempt=1 ue_idx=29 pid=57051
[2026-08-22T00:41:48+02:00] UE_SLOT_ASSIGN timestamp=2026-08-21T22:41:48+00:00 active_ues=35 slot=30 ue_idx=30 ue_if=uesimtun30 ue_ip=10.45.1.65 candidate_reused_global_suspect=0
[2026-08-22T00:41:48+02:00] UE_SLOT_START timestamp=2026-08-21T22:41:48+00:00 active_ues=35 slot=30 attempt=1 ue_idx=30 ue_if=uesimtun30 ue_ip=10.45.1.65 target=192.168.1.211:5231 bitrate=1M duration_s=80 planned_end_epoch=1787352188 timeout_s=90 hard_timeout_epoch=1787352203 start_rx_bytes=204630
[2026-08-22T00:41:48+02:00] UE_SLOT_PID timestamp=2026-08-21T22:41:48+00:00 active_ues=35 slot=30 attempt=1 ue_idx=30 pid=57076
[2026-08-22T00:41:48+02:00] UE_SLOT_ASSIGN timestamp=2026-08-21T22:41:48+00:00 active_ues=35 slot=31 ue_idx=31 ue_if=uesimtun31 ue_ip=10.45.1.70 candidate_reused_global_suspect=0
[2026-08-22T00:41:48+02:00] UE_SLOT_START timestamp=2026-08-21T22:41:48+00:00 active_ues=35 slot=31 attempt=1 ue_idx=31 ue_if=uesimtun31 ue_ip=10.45.1.70 target=192.168.1.211:5232 bitrate=1M duration_s=80 planned_end_epoch=1787352188 timeout_s=90 hard_timeout_epoch=1787352203 start_rx_bytes=105892
[2026-08-22T00:41:48+02:00] UE_SLOT_PID timestamp=2026-08-21T22:41:48+00:00 active_ues=35 slot=31 attempt=1 ue_idx=31 pid=57101
[2026-08-22T00:41:48+02:00] UE_SLOT_ASSIGN timestamp=2026-08-21T22:41:48+00:00 active_ues=35 slot=32 ue_idx=32 ue_if=uesimtun32 ue_ip=10.45.1.73 candidate_reused_global_suspect=0
[2026-08-22T00:41:48+02:00] UE_SLOT_START timestamp=2026-08-21T22:41:48+00:00 active_ues=35 slot=32 attempt=1 ue_idx=32 ue_if=uesimtun32 ue_ip=10.45.1.73 target=192.168.1.211:5233 bitrate=1M duration_s=80 planned_end_epoch=1787352188 timeout_s=90 hard_timeout_epoch=1787352203 start_rx_bytes=107020
[2026-08-22T00:41:48+02:00] UE_SLOT_PID timestamp=2026-08-21T22:41:48+00:00 active_ues=35 slot=32 attempt=1 ue_idx=32 pid=57126
[2026-08-22T00:41:48+02:00] UPF_CONTROL_SAMPLE timestamp=2026-08-22T00:41:47+02:00 scenario=ue_35 pod=open5gs-upf-5b9db6d44-nsbqz uid=7b5b8ef7-a2a2-4fe9-a3e1-74acd17bd88f restarts=6 usage_cpu=419m usage_mem=36Mi request_cpu=476m request_mem=250Mi limit_cpu=none limit_mem=none vpa_target_cpu=511m vpa_target_mem=250Mi vpa_uncapped_cpu=511m vpa_uncapped_mem=250Mi vpa_lower_cpu=221m vpa_lower_mem=250Mi vpa_upper_cpu=1500m vpa_upper_mem=512Mi
[2026-08-22T00:41:48+02:00] UE_SLOT_ASSIGN timestamp=2026-08-21T22:41:48+00:00 active_ues=35 slot=33 ue_idx=33 ue_if=uesimtun33 ue_ip=10.45.1.91 candidate_reused_global_suspect=0
[2026-08-22T00:41:48+02:00] UE_SLOT_START timestamp=2026-08-21T22:41:49+00:00 active_ues=35 slot=33 attempt=1 ue_idx=33 ue_if=uesimtun33 ue_ip=10.45.1.91 target=192.168.1.211:5234 bitrate=1M duration_s=80 planned_end_epoch=1787352188 timeout_s=90 hard_timeout_epoch=1787352203 start_rx_bytes=0
[2026-08-22T00:41:49+02:00] UE_SLOT_PID timestamp=2026-08-21T22:41:49+00:00 active_ues=35 slot=33 attempt=1 ue_idx=33 pid=57151
[2026-08-22T00:41:49+02:00] UE_SLOT_ASSIGN timestamp=2026-08-21T22:41:49+00:00 active_ues=35 slot=34 ue_idx=34 ue_if=uesimtun34 ue_ip=10.45.1.92 candidate_reused_global_suspect=0
[2026-08-22T00:41:49+02:00] UE_SLOT_START timestamp=2026-08-21T22:41:49+00:00 active_ues=35 slot=34 attempt=1 ue_idx=34 ue_if=uesimtun34 ue_ip=10.45.1.92 target=192.168.1.211:5235 bitrate=1M duration_s=80 planned_end_epoch=1787352189 timeout_s=90 hard_timeout_epoch=1787352204 start_rx_bytes=0
[2026-08-22T00:41:49+02:00] UE_SLOT_PID timestamp=2026-08-21T22:41:49+00:00 active_ues=35 slot=34 attempt=1 ue_idx=34 pid=57176
[2026-08-22T00:41:49+02:00] IPERF_MAPPING_SUMMARY timestamp=2026-08-21T22:41:49+00:00 active_ues=35 registered_tunnels=50 initial_ports=5201-5235 replacement_ports=5251-5265 bitrate=1M start_delay=0.05 detection=no_rx_counter replacement_min_duration_s=5 adaptive_extension_max_s=1 iperf_exit_grace_s=3 server_busy_port_rebinds=1 late_replacement_after_end=disabled wait_for_iperf_exit=until_timeout global_suspect_policy=soft_reuse ramp_supervision=after_initial_start
[2026-08-22T00:41:51+02:00] UPF_CONTROL_SAMPLE timestamp=2026-08-22T00:41:49+02:00 scenario=ue_35 pod=open5gs-upf-5b9db6d44-nsbqz uid=7b5b8ef7-a2a2-4fe9-a3e1-74acd17bd88f restarts=6 usage_cpu=419m usage_mem=36Mi request_cpu=476m request_mem=250Mi limit_cpu=none limit_mem=none vpa_target_cpu=511m vpa_target_mem=250Mi vpa_uncapped_cpu=511m vpa_uncapped_mem=250Mi vpa_lower_cpu=221m vpa_lower_mem=250Mi vpa_upper_cpu=1500m vpa_upper_mem=512Mi
[2026-08-22T00:41:53+02:00] FAILED_CLIENT_LOG_BEGIN slot=33 logfile=/tmp/upf_iperf_adaptive_20260822_001419_ue_35/slot_33_attempt_1_ue_33_port_5234.log
[2026-08-22T00:41:53+02:00] FAILED_CLIENT_LOG_END slot=33 logfile=/tmp/upf_iperf_adaptive_20260822_001419_ue_35/slot_33_attempt_1_ue_33_port_5234.log
[2026-08-22T00:41:53+02:00] UE_SLOT_PROBLEM_DETECTED timestamp=2026-08-21T22:41:53+00:00 active_ues=35 slot=33 attempt=1 ue_idx=33 ue_if=uesimtun33 ue_ip=10.45.1.91 port=5234 reason=no_rx_after_connect_timeout_4s remaining_s=75
[2026-08-22T00:41:53+02:00] UE_MARKED_PROBLEMATIC timestamp=2026-08-21T22:41:53+00:00 active_ues=35 ue_idx=33 reason=no_rx_after_connect_timeout_4s scope=scenario_and_global_suspect
[2026-08-22T00:41:53+02:00] UPF_CONTROL_SAMPLE timestamp=2026-08-22T00:41:52+02:00 scenario=ue_35 pod=open5gs-upf-5b9db6d44-nsbqz uid=7b5b8ef7-a2a2-4fe9-a3e1-74acd17bd88f restarts=6 usage_cpu=419m usage_mem=36Mi request_cpu=476m request_mem=250Mi limit_cpu=none limit_mem=none vpa_target_cpu=511m vpa_target_mem=250Mi vpa_uncapped_cpu=511m vpa_uncapped_mem=250Mi vpa_lower_cpu=221m vpa_lower_mem=250Mi vpa_upper_cpu=1500m vpa_upper_mem=512Mi
[2026-08-22T00:41:53+02:00] UE_SLOT_REPLACE timestamp=2026-08-21T22:41:53+00:00 active_ues=35 slot=33 reason=no_rx_after_connect_timeout_4s old_attempt=1 old_ue_idx=33 old_ue_if=uesimtun33 old_ue_ip=10.45.1.91 old_port=5234 new_attempt=2 new_ue_idx=35 new_ue_if=uesimtun35 new_ue_ip=10.45.1.94 new_port=5251 remaining_s=75 extension_used_s=0 extension_limit_s=1 candidate_reused_global_suspect=0 replacements_total=1
[2026-08-22T00:41:53+02:00] UE_SLOT_START timestamp=2026-08-21T22:41:53+00:00 active_ues=35 slot=33 attempt=2 ue_idx=35 ue_if=uesimtun35 ue_ip=10.45.1.94 target=192.168.1.211:5251 bitrate=1M duration_s=75 planned_end_epoch=1787352188 timeout_s=85 hard_timeout_epoch=1787352203 start_rx_bytes=0
[2026-08-22T00:41:53+02:00] UE_SLOT_PID timestamp=2026-08-21T22:41:53+00:00 active_ues=35 slot=33 attempt=2 ue_idx=35 pid=57431
[2026-08-22T00:41:55+02:00] UPF_CONTROL_SAMPLE timestamp=2026-08-22T00:41:54+02:00 scenario=ue_35 pod=open5gs-upf-5b9db6d44-nsbqz uid=7b5b8ef7-a2a2-4fe9-a3e1-74acd17bd88f restarts=6 usage_cpu=185m usage_mem=36Mi request_cpu=476m request_mem=250Mi limit_cpu=none limit_mem=none vpa_target_cpu=511m vpa_target_mem=250Mi vpa_uncapped_cpu=511m vpa_uncapped_mem=250Mi vpa_lower_cpu=221m vpa_lower_mem=250Mi vpa_upper_cpu=1500m vpa_upper_mem=512Mi
[2026-08-22T00:41:58+02:00] UPF_CONTROL_SAMPLE timestamp=2026-08-22T00:41:56+02:00 scenario=ue_35 pod=open5gs-upf-5b9db6d44-nsbqz uid=7b5b8ef7-a2a2-4fe9-a3e1-74acd17bd88f restarts=6 usage_cpu=185m usage_mem=36Mi request_cpu=476m request_mem=250Mi limit_cpu=none limit_mem=none vpa_target_cpu=511m vpa_target_mem=250Mi vpa_uncapped_cpu=511m vpa_uncapped_mem=250Mi vpa_lower_cpu=221m vpa_lower_mem=250Mi vpa_upper_cpu=1500m vpa_upper_mem=512Mi
[2026-08-22T00:41:58+02:00] FAILED_CLIENT_LOG_BEGIN slot=22 logfile=/tmp/upf_iperf_adaptive_20260822_001419_ue_35/slot_22_attempt_1_ue_22_port_5223.log
[2026-08-22T00:41:58+02:00] FAILED_CLIENT_LOG_END slot=22 logfile=/tmp/upf_iperf_adaptive_20260822_001419_ue_35/slot_22_attempt_1_ue_22_port_5223.log
[2026-08-22T00:41:58+02:00] UE_SLOT_PROBLEM_DETECTED timestamp=2026-08-21T22:41:58+00:00 active_ues=35 slot=22 attempt=1 ue_idx=22 ue_if=uesimtun22 ue_ip=10.45.1.77 port=5223 reason=rx_stall_5s remaining_s=67
[2026-08-22T00:41:58+02:00] UE_MARKED_PROBLEMATIC timestamp=2026-08-21T22:41:58+00:00 active_ues=35 ue_idx=22 reason=rx_stall_5s scope=scenario_and_global_suspect
[2026-08-22T00:41:58+02:00] UE_SLOT_REPLACE timestamp=2026-08-21T22:41:58+00:00 active_ues=35 slot=22 reason=rx_stall_5s old_attempt=1 old_ue_idx=22 old_ue_if=uesimtun22 old_ue_ip=10.45.1.77 old_port=5223 new_attempt=2 new_ue_idx=36 new_ue_if=uesimtun36 new_ue_ip=10.45.1.75 new_port=5252 remaining_s=67 extension_used_s=0 extension_limit_s=1 candidate_reused_global_suspect=0 replacements_total=2
[2026-08-22T00:41:59+02:00] UE_SLOT_START timestamp=2026-08-21T22:41:59+00:00 active_ues=35 slot=22 attempt=2 ue_idx=36 ue_if=uesimtun36 ue_ip=10.45.1.75 target=192.168.1.211:5252 bitrate=1M duration_s=67 planned_end_epoch=1787352185 timeout_s=77 hard_timeout_epoch=1787352200 start_rx_bytes=0
[2026-08-22T00:41:59+02:00] UE_SLOT_PID timestamp=2026-08-21T22:41:59+00:00 active_ues=35 slot=22 attempt=2 ue_idx=36 pid=57654
[2026-08-22T00:41:59+02:00] FAILED_CLIENT_LOG_BEGIN slot=34 logfile=/tmp/upf_iperf_adaptive_20260822_001419_ue_35/slot_34_attempt_1_ue_34_port_5235.log
[2026-08-22T00:41:59+02:00] FAILED_CLIENT_LOG_END slot=34 logfile=/tmp/upf_iperf_adaptive_20260822_001419_ue_35/slot_34_attempt_1_ue_34_port_5235.log
[2026-08-22T00:41:59+02:00] UE_SLOT_PROBLEM_DETECTED timestamp=2026-08-21T22:41:59+00:00 active_ues=35 slot=34 attempt=1 ue_idx=34 ue_if=uesimtun34 ue_ip=10.45.1.92 port=5235 reason=rx_stall_5s remaining_s=70
[2026-08-22T00:41:59+02:00] UE_MARKED_PROBLEMATIC timestamp=2026-08-21T22:41:59+00:00 active_ues=35 ue_idx=34 reason=rx_stall_5s scope=scenario_and_global_suspect
[2026-08-22T00:41:59+02:00] UE_SLOT_REPLACE timestamp=2026-08-21T22:41:59+00:00 active_ues=35 slot=34 reason=rx_stall_5s old_attempt=1 old_ue_idx=34 old_ue_if=uesimtun34 old_ue_ip=10.45.1.92 old_port=5235 new_attempt=2 new_ue_idx=37 new_ue_if=uesimtun37 new_ue_ip=10.45.1.78 new_port=5253 remaining_s=70 extension_used_s=0 extension_limit_s=1 candidate_reused_global_suspect=0 replacements_total=3
[2026-08-22T00:41:59+02:00] UE_SLOT_START timestamp=2026-08-21T22:41:59+00:00 active_ues=35 slot=34 attempt=2 ue_idx=37 ue_if=uesimtun37 ue_ip=10.45.1.78 target=192.168.1.211:5253 bitrate=1M duration_s=70 planned_end_epoch=1787352189 timeout_s=80 hard_timeout_epoch=1787352204 start_rx_bytes=0
[2026-08-22T00:41:59+02:00] UE_SLOT_PID timestamp=2026-08-21T22:41:59+00:00 active_ues=35 slot=34 attempt=2 ue_idx=37 pid=57718
[2026-08-22T00:42:00+02:00] UPF_CONTROL_SAMPLE timestamp=2026-08-22T00:41:59+02:00 scenario=ue_35 pod=open5gs-upf-5b9db6d44-nsbqz uid=7b5b8ef7-a2a2-4fe9-a3e1-74acd17bd88f restarts=6 usage_cpu=185m usage_mem=36Mi request_cpu=476m request_mem=250Mi limit_cpu=none limit_mem=none vpa_target_cpu=511m vpa_target_mem=250Mi vpa_uncapped_cpu=511m vpa_uncapped_mem=250Mi vpa_lower_cpu=221m vpa_lower_mem=250Mi vpa_upper_cpu=1500m vpa_upper_mem=512Mi
[2026-08-22T00:42:03+02:00] UPF_CONTROL_SAMPLE timestamp=2026-08-22T00:42:01+02:00 scenario=ue_35 pod=open5gs-upf-5b9db6d44-nsbqz uid=7b5b8ef7-a2a2-4fe9-a3e1-74acd17bd88f restarts=6 usage_cpu=185m usage_mem=36Mi request_cpu=476m request_mem=250Mi limit_cpu=none limit_mem=none vpa_target_cpu=511m vpa_target_mem=250Mi vpa_uncapped_cpu=511m vpa_uncapped_mem=250Mi vpa_lower_cpu=221m vpa_lower_mem=250Mi vpa_upper_cpu=1500m vpa_upper_mem=512Mi
[2026-08-22T00:42:05+02:00] UPF_CONTROL_SAMPLE timestamp=2026-08-22T00:42:04+02:00 scenario=ue_35 pod=open5gs-upf-5b9db6d44-nsbqz uid=7b5b8ef7-a2a2-4fe9-a3e1-74acd17bd88f restarts=6 usage_cpu=185m usage_mem=36Mi request_cpu=476m request_mem=250Mi limit_cpu=none limit_mem=none vpa_target_cpu=511m vpa_target_mem=250Mi vpa_uncapped_cpu=511m vpa_uncapped_mem=250Mi vpa_lower_cpu=221m vpa_lower_mem=250Mi vpa_upper_cpu=1500m vpa_upper_mem=512Mi
[2026-08-22T00:42:08+02:00] UPF_CONTROL_SAMPLE timestamp=2026-08-22T00:42:06+02:00 scenario=ue_35 pod=open5gs-upf-5b9db6d44-nsbqz uid=7b5b8ef7-a2a2-4fe9-a3e1-74acd17bd88f restarts=6 usage_cpu=185m usage_mem=36Mi request_cpu=476m request_mem=250Mi limit_cpu=none limit_mem=none vpa_target_cpu=511m vpa_target_mem=250Mi vpa_uncapped_cpu=511m vpa_uncapped_mem=250Mi vpa_lower_cpu=221m vpa_lower_mem=250Mi vpa_upper_cpu=1500m vpa_upper_mem=512Mi
[2026-08-22T00:42:10+02:00] UPF_CONTROL_SAMPLE timestamp=2026-08-22T00:42:09+02:00 scenario=ue_35 pod=open5gs-upf-5b9db6d44-nsbqz uid=7b5b8ef7-a2a2-4fe9-a3e1-74acd17bd88f restarts=6 usage_cpu=185m usage_mem=36Mi request_cpu=476m request_mem=250Mi limit_cpu=none limit_mem=none vpa_target_cpu=511m vpa_target_mem=250Mi vpa_uncapped_cpu=511m vpa_uncapped_mem=250Mi vpa_lower_cpu=221m vpa_lower_mem=250Mi vpa_upper_cpu=1500m vpa_upper_mem=512Mi
[2026-08-22T00:42:12+02:00] UPF_CONTROL_SAMPLE timestamp=2026-08-22T00:42:11+02:00 scenario=ue_35 pod=open5gs-upf-5b9db6d44-nsbqz uid=7b5b8ef7-a2a2-4fe9-a3e1-74acd17bd88f restarts=6 usage_cpu=511m usage_mem=36Mi request_cpu=476m request_mem=250Mi limit_cpu=none limit_mem=none vpa_target_cpu=511m vpa_target_mem=250Mi vpa_uncapped_cpu=511m vpa_uncapped_mem=250Mi vpa_lower_cpu=221m vpa_lower_mem=250Mi vpa_upper_cpu=1500m vpa_upper_mem=512Mi
[2026-08-22T00:42:15+02:00] UPF_CONTROL_SAMPLE timestamp=2026-08-22T00:42:13+02:00 scenario=ue_35 pod=open5gs-upf-5b9db6d44-nsbqz uid=7b5b8ef7-a2a2-4fe9-a3e1-74acd17bd88f restarts=6 usage_cpu=511m usage_mem=36Mi request_cpu=476m request_mem=250Mi limit_cpu=none limit_mem=none vpa_target_cpu=511m vpa_target_mem=250Mi vpa_uncapped_cpu=511m vpa_uncapped_mem=250Mi vpa_lower_cpu=221m vpa_lower_mem=250Mi vpa_upper_cpu=1500m vpa_upper_mem=512Mi
[2026-08-22T00:42:17+02:00] UPF_CONTROL_SAMPLE timestamp=2026-08-22T00:42:16+02:00 scenario=ue_35 pod=open5gs-upf-5b9db6d44-nsbqz uid=7b5b8ef7-a2a2-4fe9-a3e1-74acd17bd88f restarts=6 usage_cpu=511m usage_mem=36Mi request_cpu=476m request_mem=250Mi limit_cpu=none limit_mem=none vpa_target_cpu=511m vpa_target_mem=250Mi vpa_uncapped_cpu=511m vpa_uncapped_mem=250Mi vpa_lower_cpu=221m vpa_lower_mem=250Mi vpa_upper_cpu=1500m vpa_upper_mem=512Mi
[2026-08-22T00:42:20+02:00] UPF_CONTROL_SAMPLE timestamp=2026-08-22T00:42:18+02:00 scenario=ue_35 pod=open5gs-upf-5b9db6d44-nsbqz uid=7b5b8ef7-a2a2-4fe9-a3e1-74acd17bd88f restarts=6 usage_cpu=511m usage_mem=36Mi request_cpu=476m request_mem=250Mi limit_cpu=none limit_mem=none vpa_target_cpu=511m vpa_target_mem=250Mi vpa_uncapped_cpu=511m vpa_uncapped_mem=250Mi vpa_lower_cpu=221m vpa_lower_mem=250Mi vpa_upper_cpu=1500m vpa_upper_mem=512Mi
[2026-08-22T00:42:23+02:00] UPF_CONTROL_SAMPLE timestamp=2026-08-22T00:42:21+02:00 scenario=ue_35 pod=open5gs-upf-5b9db6d44-nsbqz uid=7b5b8ef7-a2a2-4fe9-a3e1-74acd17bd88f restarts=6 usage_cpu=511m usage_mem=36Mi request_cpu=476m request_mem=250Mi limit_cpu=none limit_mem=none vpa_target_cpu=511m vpa_target_mem=250Mi vpa_uncapped_cpu=511m vpa_uncapped_mem=250Mi vpa_lower_cpu=221m vpa_lower_mem=250Mi vpa_upper_cpu=1500m vpa_upper_mem=512Mi
[2026-08-22T00:42:25+02:00] UPF_CONTROL_SAMPLE timestamp=2026-08-22T00:42:24+02:00 scenario=ue_35 pod=open5gs-upf-5b9db6d44-nsbqz uid=7b5b8ef7-a2a2-4fe9-a3e1-74acd17bd88f restarts=6 usage_cpu=511m usage_mem=36Mi request_cpu=476m request_mem=250Mi limit_cpu=none limit_mem=none vpa_target_cpu=511m vpa_target_mem=250Mi vpa_uncapped_cpu=511m vpa_uncapped_mem=250Mi vpa_lower_cpu=221m vpa_lower_mem=250Mi vpa_upper_cpu=1500m vpa_upper_mem=512Mi
[2026-08-22T00:42:27+02:00] UPF_CONTROL_SAMPLE timestamp=2026-08-22T00:42:26+02:00 scenario=ue_35 pod=open5gs-upf-5b9db6d44-nsbqz uid=7b5b8ef7-a2a2-4fe9-a3e1-74acd17bd88f restarts=6 usage_cpu=510m usage_mem=36Mi request_cpu=476m request_mem=250Mi limit_cpu=none limit_mem=none vpa_target_cpu=511m vpa_target_mem=250Mi vpa_uncapped_cpu=511m vpa_uncapped_mem=250Mi vpa_lower_cpu=221m vpa_lower_mem=250Mi vpa_upper_cpu=1500m vpa_upper_mem=512Mi
[2026-08-22T00:42:30+02:00] UPF_CONTROL_SAMPLE timestamp=2026-08-22T00:42:28+02:00 scenario=ue_35 pod=open5gs-upf-5b9db6d44-nsbqz uid=7b5b8ef7-a2a2-4fe9-a3e1-74acd17bd88f restarts=6 usage_cpu=510m usage_mem=36Mi request_cpu=476m request_mem=250Mi limit_cpu=none limit_mem=none vpa_target_cpu=511m vpa_target_mem=250Mi vpa_uncapped_cpu=511m vpa_uncapped_mem=250Mi vpa_lower_cpu=221m vpa_lower_mem=250Mi vpa_upper_cpu=1500m vpa_upper_mem=512Mi
[2026-08-22T00:42:32+02:00] VPA_RECOMMENDATION_CHANGE timestamp=2026-08-22T00:42:31+02:00 scenario=ue_35 old='vpa_target_cpu=511m vpa_target_mem=250Mi vpa_uncapped_cpu=511m vpa_uncapped_mem=250Mi vpa_lower_cpu=221m vpa_lower_mem=250Mi vpa_upper_cpu=1500m vpa_upper_mem=512Mi' new='vpa_target_cpu=548m vpa_target_mem=250Mi vpa_uncapped_cpu=548m vpa_uncapped_mem=250Mi vpa_lower_cpu=267m vpa_lower_mem=250Mi vpa_upper_cpu=1500m vpa_upper_mem=512Mi' previous_5s_sample='timestamp=2026-08-22T00:42:26+02:00 scenario=ue_35 pod=open5gs-upf-5b9db6d44-nsbqz uid=7b5b8ef7-a2a2-4fe9-a3e1-74acd17bd88f restarts=6 usage_cpu=510m usage_mem=36Mi request_cpu=476m request_mem=250Mi limit_cpu=none limit_mem=none vpa_target_cpu=511m vpa_target_mem=250Mi vpa_uncapped_cpu=511m vpa_uncapped_mem=250Mi vpa_lower_cpu=221m vpa_lower_mem=250Mi vpa_upper_cpu=1500m vpa_upper_mem=512Mi' current_sample='timestamp=2026-08-22T00:42:31+02:00 scenario=ue_35 pod=open5gs-upf-5b9db6d44-nsbqz uid=7b5b8ef7-a2a2-4fe9-a3e1-74acd17bd88f restarts=6 usage_cpu=510m usage_mem=36Mi request_cpu=476m request_mem=250Mi limit_cpu=none limit_mem=none vpa_target_cpu=548m vpa_target_mem=250Mi vpa_uncapped_cpu=548m vpa_uncapped_mem=250Mi vpa_lower_cpu=267m vpa_lower_mem=250Mi vpa_upper_cpu=1500m vpa_upper_mem=512Mi'
[2026-08-22T00:42:32+02:00] UPF_CONTROL_SAMPLE timestamp=2026-08-22T00:42:31+02:00 scenario=ue_35 pod=open5gs-upf-5b9db6d44-nsbqz uid=7b5b8ef7-a2a2-4fe9-a3e1-74acd17bd88f restarts=6 usage_cpu=510m usage_mem=36Mi request_cpu=476m request_mem=250Mi limit_cpu=none limit_mem=none vpa_target_cpu=548m vpa_target_mem=250Mi vpa_uncapped_cpu=548m vpa_uncapped_mem=250Mi vpa_lower_cpu=267m vpa_lower_mem=250Mi vpa_upper_cpu=1500m vpa_upper_mem=512Mi
[2026-08-22T00:42:34+02:00] UPF_CONTROL_SAMPLE timestamp=2026-08-22T00:42:33+02:00 scenario=ue_35 pod=open5gs-upf-5b9db6d44-nsbqz uid=7b5b8ef7-a2a2-4fe9-a3e1-74acd17bd88f restarts=6 usage_cpu=510m usage_mem=36Mi request_cpu=476m request_mem=250Mi limit_cpu=none limit_mem=none vpa_target_cpu=548m vpa_target_mem=250Mi vpa_uncapped_cpu=548m vpa_uncapped_mem=250Mi vpa_lower_cpu=267m vpa_lower_mem=250Mi vpa_upper_cpu=1500m vpa_upper_mem=512Mi
[2026-08-22T00:42:37+02:00] UPF_CONTROL_SAMPLE timestamp=2026-08-22T00:42:35+02:00 scenario=ue_35 pod=open5gs-upf-5b9db6d44-nsbqz uid=7b5b8ef7-a2a2-4fe9-a3e1-74acd17bd88f restarts=6 usage_cpu=510m usage_mem=36Mi request_cpu=476m request_mem=250Mi limit_cpu=none limit_mem=none vpa_target_cpu=548m vpa_target_mem=250Mi vpa_uncapped_cpu=548m vpa_uncapped_mem=250Mi vpa_lower_cpu=267m vpa_lower_mem=250Mi vpa_upper_cpu=1500m vpa_upper_mem=512Mi
[2026-08-22T00:42:39+02:00] UPF_CONTROL_SAMPLE timestamp=2026-08-22T00:42:38+02:00 scenario=ue_35 pod=open5gs-upf-5b9db6d44-nsbqz uid=7b5b8ef7-a2a2-4fe9-a3e1-74acd17bd88f restarts=6 usage_cpu=510m usage_mem=36Mi request_cpu=476m request_mem=250Mi limit_cpu=none limit_mem=none vpa_target_cpu=548m vpa_target_mem=250Mi vpa_uncapped_cpu=548m vpa_uncapped_mem=250Mi vpa_lower_cpu=267m vpa_lower_mem=250Mi vpa_upper_cpu=1500m vpa_upper_mem=512Mi
[2026-08-22T00:42:42+02:00] UPF_CONTROL_SAMPLE timestamp=2026-08-22T00:42:40+02:00 scenario=ue_35 pod=open5gs-upf-5b9db6d44-nsbqz uid=7b5b8ef7-a2a2-4fe9-a3e1-74acd17bd88f restarts=6 usage_cpu=510m usage_mem=36Mi request_cpu=476m request_mem=250Mi limit_cpu=none limit_mem=none vpa_target_cpu=548m vpa_target_mem=250Mi vpa_uncapped_cpu=548m vpa_uncapped_mem=250Mi vpa_lower_cpu=267m vpa_lower_mem=250Mi vpa_upper_cpu=1500m vpa_upper_mem=512Mi
[2026-08-22T00:42:44+02:00] UPF_CONTROL_SAMPLE timestamp=2026-08-22T00:42:43+02:00 scenario=ue_35 pod=open5gs-upf-5b9db6d44-nsbqz uid=7b5b8ef7-a2a2-4fe9-a3e1-74acd17bd88f restarts=6 usage_cpu=510m usage_mem=36Mi request_cpu=476m request_mem=250Mi limit_cpu=none limit_mem=none vpa_target_cpu=548m vpa_target_mem=250Mi vpa_uncapped_cpu=548m vpa_uncapped_mem=250Mi vpa_lower_cpu=267m vpa_lower_mem=250Mi vpa_upper_cpu=1500m vpa_upper_mem=512Mi
[2026-08-22T00:42:47+02:00] UPF_CONTROL_SAMPLE timestamp=2026-08-22T00:42:45+02:00 scenario=ue_35 pod=open5gs-upf-5b9db6d44-nsbqz uid=7b5b8ef7-a2a2-4fe9-a3e1-74acd17bd88f restarts=6 usage_cpu=510m usage_mem=36Mi request_cpu=476m request_mem=250Mi limit_cpu=none limit_mem=none vpa_target_cpu=548m vpa_target_mem=250Mi vpa_uncapped_cpu=548m vpa_uncapped_mem=250Mi vpa_lower_cpu=267m vpa_lower_mem=250Mi vpa_upper_cpu=1500m vpa_upper_mem=512Mi
[2026-08-22T00:42:49+02:00] UPF_CONTROL_SAMPLE timestamp=2026-08-22T00:42:48+02:00 scenario=ue_35 pod=open5gs-upf-5b9db6d44-nsbqz uid=7b5b8ef7-a2a2-4fe9-a3e1-74acd17bd88f restarts=6 usage_cpu=510m usage_mem=36Mi request_cpu=476m request_mem=250Mi limit_cpu=none limit_mem=none vpa_target_cpu=548m vpa_target_mem=250Mi vpa_uncapped_cpu=548m vpa_uncapped_mem=250Mi vpa_lower_cpu=267m vpa_lower_mem=250Mi vpa_upper_cpu=1500m vpa_upper_mem=512Mi
[2026-08-22T00:42:51+02:00] UPF_CONTROL_SAMPLE timestamp=2026-08-22T00:42:50+02:00 scenario=ue_35 pod=open5gs-upf-5b9db6d44-nsbqz uid=7b5b8ef7-a2a2-4fe9-a3e1-74acd17bd88f restarts=6 usage_cpu=510m usage_mem=36Mi request_cpu=476m request_mem=250Mi limit_cpu=none limit_mem=none vpa_target_cpu=548m vpa_target_mem=250Mi vpa_uncapped_cpu=548m vpa_uncapped_mem=250Mi vpa_lower_cpu=267m vpa_lower_mem=250Mi vpa_upper_cpu=1500m vpa_upper_mem=512Mi
[2026-08-22T00:42:54+02:00] UPF_CONTROL_SAMPLE timestamp=2026-08-22T00:42:52+02:00 scenario=ue_35 pod=open5gs-upf-5b9db6d44-nsbqz uid=7b5b8ef7-a2a2-4fe9-a3e1-74acd17bd88f restarts=6 usage_cpu=510m usage_mem=36Mi request_cpu=476m request_mem=250Mi limit_cpu=none limit_mem=none vpa_target_cpu=548m vpa_target_mem=250Mi vpa_uncapped_cpu=548m vpa_uncapped_mem=250Mi vpa_lower_cpu=267m vpa_lower_mem=250Mi vpa_upper_cpu=1500m vpa_upper_mem=512Mi
[2026-08-22T00:42:56+02:00] UPF_CONTROL_SAMPLE timestamp=2026-08-22T00:42:55+02:00 scenario=ue_35 pod=open5gs-upf-5b9db6d44-nsbqz uid=7b5b8ef7-a2a2-4fe9-a3e1-74acd17bd88f restarts=6 usage_cpu=529m usage_mem=36Mi request_cpu=476m request_mem=250Mi limit_cpu=none limit_mem=none vpa_target_cpu=548m vpa_target_mem=250Mi vpa_uncapped_cpu=548m vpa_uncapped_mem=250Mi vpa_lower_cpu=267m vpa_lower_mem=250Mi vpa_upper_cpu=1500m vpa_upper_mem=512Mi
[2026-08-22T00:42:58+02:00] UPF_CONTROL_SAMPLE timestamp=2026-08-22T00:42:57+02:00 scenario=ue_35 pod=open5gs-upf-5b9db6d44-nsbqz uid=7b5b8ef7-a2a2-4fe9-a3e1-74acd17bd88f restarts=6 usage_cpu=529m usage_mem=36Mi request_cpu=476m request_mem=250Mi limit_cpu=none limit_mem=none vpa_target_cpu=548m vpa_target_mem=250Mi vpa_uncapped_cpu=548m vpa_uncapped_mem=250Mi vpa_lower_cpu=267m vpa_lower_mem=250Mi vpa_upper_cpu=1500m vpa_upper_mem=512Mi
[2026-08-22T00:43:01+02:00] UPF_CONTROL_SAMPLE timestamp=2026-08-22T00:42:59+02:00 scenario=ue_35 pod=open5gs-upf-5b9db6d44-nsbqz uid=7b5b8ef7-a2a2-4fe9-a3e1-74acd17bd88f restarts=6 usage_cpu=529m usage_mem=36Mi request_cpu=476m request_mem=250Mi limit_cpu=none limit_mem=none vpa_target_cpu=548m vpa_target_mem=250Mi vpa_uncapped_cpu=548m vpa_uncapped_mem=250Mi vpa_lower_cpu=267m vpa_lower_mem=250Mi vpa_upper_cpu=1500m vpa_upper_mem=512Mi
[2026-08-22T00:43:02+02:00] UE_SLOT_DONE timestamp=2026-08-21T22:43:02+00:00 active_ues=35 slot=0 attempt=1 ue_idx=0 ue_if=uesimtun0 ue_ip=10.45.1.46 port=5201 rc=0 replacements_for_slot=0 server_busy_retries_for_slot=0
[2026-08-22T00:43:02+02:00] UE_SLOT_DONE timestamp=2026-08-21T22:43:02+00:00 active_ues=35 slot=1 attempt=1 ue_idx=1 ue_if=uesimtun1 ue_ip=10.45.1.47 port=5202 rc=0 replacements_for_slot=0 server_busy_retries_for_slot=0
[2026-08-22T00:43:02+02:00] UE_SLOT_DONE timestamp=2026-08-21T22:43:02+00:00 active_ues=35 slot=2 attempt=1 ue_idx=2 ue_if=uesimtun2 ue_ip=10.45.1.48 port=5203 rc=0 replacements_for_slot=0 server_busy_retries_for_slot=0
[2026-08-22T00:43:02+02:00] UE_SLOT_DONE timestamp=2026-08-21T22:43:02+00:00 active_ues=35 slot=3 attempt=1 ue_idx=3 ue_if=uesimtun3 ue_ip=10.45.1.49 port=5204 rc=0 replacements_for_slot=0 server_busy_retries_for_slot=0
[2026-08-22T00:43:02+02:00] UE_SLOT_DONE timestamp=2026-08-21T22:43:02+00:00 active_ues=35 slot=4 attempt=1 ue_idx=4 ue_if=uesimtun4 ue_ip=10.45.1.51 port=5205 rc=0 replacements_for_slot=0 server_busy_retries_for_slot=0
[2026-08-22T00:43:02+02:00] UE_SLOT_DONE timestamp=2026-08-21T22:43:02+00:00 active_ues=35 slot=5 attempt=1 ue_idx=5 ue_if=uesimtun5 ue_ip=10.45.1.52 port=5206 rc=0 replacements_for_slot=0 server_busy_retries_for_slot=0
[2026-08-22T00:43:02+02:00] UE_SLOT_DONE timestamp=2026-08-21T22:43:02+00:00 active_ues=35 slot=6 attempt=1 ue_idx=6 ue_if=uesimtun6 ue_ip=10.45.1.53 port=5207 rc=0 replacements_for_slot=0 server_busy_retries_for_slot=0
[2026-08-22T00:43:02+02:00] UE_SLOT_DONE timestamp=2026-08-21T22:43:02+00:00 active_ues=35 slot=7 attempt=1 ue_idx=7 ue_if=uesimtun7 ue_ip=10.45.1.54 port=5208 rc=0 replacements_for_slot=0 server_busy_retries_for_slot=0
[2026-08-22T00:43:03+02:00] UPF_CONTROL_SAMPLE timestamp=2026-08-22T00:43:02+02:00 scenario=ue_35 pod=open5gs-upf-5b9db6d44-nsbqz uid=7b5b8ef7-a2a2-4fe9-a3e1-74acd17bd88f restarts=6 usage_cpu=529m usage_mem=36Mi request_cpu=476m request_mem=250Mi limit_cpu=none limit_mem=none vpa_target_cpu=548m vpa_target_mem=250Mi vpa_uncapped_cpu=548m vpa_uncapped_mem=250Mi vpa_lower_cpu=267m vpa_lower_mem=250Mi vpa_upper_cpu=1500m vpa_upper_mem=512Mi
[2026-08-22T00:43:04+02:00] UE_SLOT_DONE timestamp=2026-08-21T22:43:04+00:00 active_ues=35 slot=8 attempt=1 ue_idx=8 ue_if=uesimtun8 ue_ip=10.45.1.56 port=5209 rc=0 replacements_for_slot=0 server_busy_retries_for_slot=0
[2026-08-22T00:43:04+02:00] UE_SLOT_DONE timestamp=2026-08-21T22:43:04+00:00 active_ues=35 slot=9 attempt=1 ue_idx=9 ue_if=uesimtun9 ue_ip=10.45.1.57 port=5210 rc=0 replacements_for_slot=0 server_busy_retries_for_slot=0
[2026-08-22T00:43:04+02:00] UE_SLOT_DONE timestamp=2026-08-21T22:43:04+00:00 active_ues=35 slot=10 attempt=1 ue_idx=10 ue_if=uesimtun10 ue_ip=10.45.1.50 port=5211 rc=0 replacements_for_slot=0 server_busy_retries_for_slot=0
[2026-08-22T00:43:04+02:00] UE_SLOT_DONE timestamp=2026-08-21T22:43:04+00:00 active_ues=35 slot=11 attempt=1 ue_idx=11 ue_if=uesimtun11 ue_ip=10.45.1.60 port=5212 rc=0 replacements_for_slot=0 server_busy_retries_for_slot=0
[2026-08-22T00:43:05+02:00] UE_SLOT_DONE timestamp=2026-08-21T22:43:05+00:00 active_ues=35 slot=12 attempt=1 ue_idx=12 ue_if=uesimtun12 ue_ip=10.45.1.55 port=5213 rc=0 replacements_for_slot=0 server_busy_retries_for_slot=0
[2026-08-22T00:43:05+02:00] UE_SLOT_DONE timestamp=2026-08-21T22:43:05+00:00 active_ues=35 slot=13 attempt=1 ue_idx=13 ue_if=uesimtun13 ue_ip=10.45.1.62 port=5214 rc=0 replacements_for_slot=0 server_busy_retries_for_slot=0
[2026-08-22T00:43:05+02:00] UE_SLOT_DONE timestamp=2026-08-21T22:43:05+00:00 active_ues=35 slot=14 attempt=1 ue_idx=14 ue_if=uesimtun14 ue_ip=10.45.1.66 port=5215 rc=0 replacements_for_slot=0 server_busy_retries_for_slot=0
[2026-08-22T00:43:05+02:00] UE_SLOT_DONE timestamp=2026-08-21T22:43:05+00:00 active_ues=35 slot=15 attempt=1 ue_idx=15 ue_if=uesimtun15 ue_ip=10.45.1.64 port=5216 rc=0 replacements_for_slot=0 server_busy_retries_for_slot=0
[2026-08-22T00:43:05+02:00] UE_SLOT_DONE timestamp=2026-08-21T22:43:05+00:00 active_ues=35 slot=16 attempt=1 ue_idx=16 ue_if=uesimtun16 ue_ip=10.45.1.68 port=5217 rc=0 replacements_for_slot=0 server_busy_retries_for_slot=0
[2026-08-22T00:43:05+02:00] UE_SLOT_DONE timestamp=2026-08-21T22:43:05+00:00 active_ues=35 slot=17 attempt=1 ue_idx=17 ue_if=uesimtun17 ue_ip=10.45.1.69 port=5218 rc=0 replacements_for_slot=0 server_busy_retries_for_slot=0
[2026-08-22T00:43:05+02:00] UE_SLOT_DONE timestamp=2026-08-21T22:43:05+00:00 active_ues=35 slot=18 attempt=1 ue_idx=18 ue_if=uesimtun18 ue_ip=10.45.1.71 port=5219 rc=0 replacements_for_slot=0 server_busy_retries_for_slot=0
[2026-08-22T00:43:05+02:00] UPF_CONTROL_SAMPLE timestamp=2026-08-22T00:43:04+02:00 scenario=ue_35 pod=open5gs-upf-5b9db6d44-nsbqz uid=7b5b8ef7-a2a2-4fe9-a3e1-74acd17bd88f restarts=6 usage_cpu=529m usage_mem=36Mi request_cpu=476m request_mem=250Mi limit_cpu=none limit_mem=none vpa_target_cpu=548m vpa_target_mem=250Mi vpa_uncapped_cpu=548m vpa_uncapped_mem=250Mi vpa_lower_cpu=267m vpa_lower_mem=250Mi vpa_upper_cpu=1500m vpa_upper_mem=512Mi
[2026-08-22T00:43:06+02:00] UE_SLOT_DONE timestamp=2026-08-21T22:43:06+00:00 active_ues=35 slot=19 attempt=1 ue_idx=19 ue_if=uesimtun19 ue_ip=10.45.1.72 port=5220 rc=0 replacements_for_slot=0 server_busy_retries_for_slot=0
[2026-08-22T00:43:06+02:00] UE_SLOT_DONE timestamp=2026-08-21T22:43:06+00:00 active_ues=35 slot=20 attempt=1 ue_idx=20 ue_if=uesimtun20 ue_ip=10.45.1.74 port=5221 rc=0 replacements_for_slot=0 server_busy_retries_for_slot=0
[2026-08-22T00:43:06+02:00] UE_SLOT_DONE timestamp=2026-08-21T22:43:06+00:00 active_ues=35 slot=21 attempt=1 ue_idx=21 ue_if=uesimtun21 ue_ip=10.45.1.76 port=5222 rc=0 replacements_for_slot=0 server_busy_retries_for_slot=0
[2026-08-22T00:43:06+02:00] UE_SLOT_DONE timestamp=2026-08-21T22:43:06+00:00 active_ues=35 slot=22 attempt=2 ue_idx=36 ue_if=uesimtun36 ue_ip=10.45.1.75 port=5252 rc=0 replacements_for_slot=1 server_busy_retries_for_slot=0
[2026-08-22T00:43:07+02:00] UE_SLOT_DONE timestamp=2026-08-21T22:43:07+00:00 active_ues=35 slot=23 attempt=1 ue_idx=23 ue_if=uesimtun23 ue_ip=10.45.1.81 port=5224 rc=0 replacements_for_slot=0 server_busy_retries_for_slot=0
[2026-08-22T00:43:07+02:00] UE_SLOT_DONE timestamp=2026-08-21T22:43:07+00:00 active_ues=35 slot=24 attempt=1 ue_idx=24 ue_if=uesimtun24 ue_ip=10.45.1.83 port=5225 rc=0 replacements_for_slot=0 server_busy_retries_for_slot=0
[2026-08-22T00:43:07+02:00] UE_SLOT_DONE timestamp=2026-08-21T22:43:07+00:00 active_ues=35 slot=25 attempt=1 ue_idx=25 ue_if=uesimtun25 ue_ip=10.45.1.80 port=5226 rc=0 replacements_for_slot=0 server_busy_retries_for_slot=0
[2026-08-22T00:43:07+02:00] UE_SLOT_DONE timestamp=2026-08-21T22:43:07+00:00 active_ues=35 slot=26 attempt=1 ue_idx=26 ue_if=uesimtun26 ue_ip=10.45.1.87 port=5227 rc=0 replacements_for_slot=0 server_busy_retries_for_slot=0
[2026-08-22T00:43:08+02:00] UPF_CONTROL_SAMPLE timestamp=2026-08-22T00:43:06+02:00 scenario=ue_35 pod=open5gs-upf-5b9db6d44-nsbqz uid=7b5b8ef7-a2a2-4fe9-a3e1-74acd17bd88f restarts=6 usage_cpu=529m usage_mem=36Mi request_cpu=476m request_mem=250Mi limit_cpu=none limit_mem=none vpa_target_cpu=548m vpa_target_mem=250Mi vpa_uncapped_cpu=548m vpa_uncapped_mem=250Mi vpa_lower_cpu=267m vpa_lower_mem=250Mi vpa_upper_cpu=1500m vpa_upper_mem=512Mi
[2026-08-22T00:43:08+02:00] UE_SLOT_DONE timestamp=2026-08-21T22:43:08+00:00 active_ues=35 slot=27 attempt=1 ue_idx=27 ue_if=uesimtun27 ue_ip=10.45.1.88 port=5228 rc=0 replacements_for_slot=0 server_busy_retries_for_slot=0
[2026-08-22T00:43:08+02:00] UE_SLOT_DONE timestamp=2026-08-21T22:43:08+00:00 active_ues=35 slot=28 attempt=1 ue_idx=28 ue_if=uesimtun28 ue_ip=10.45.1.85 port=5229 rc=0 replacements_for_slot=0 server_busy_retries_for_slot=0
[2026-08-22T00:43:08+02:00] UE_SLOT_DONE timestamp=2026-08-21T22:43:08+00:00 active_ues=35 slot=29 attempt=1 ue_idx=29 ue_if=uesimtun29 ue_ip=10.45.1.63 port=5230 rc=0 replacements_for_slot=0 server_busy_retries_for_slot=0
[2026-08-22T00:43:08+02:00] UE_SLOT_DONE timestamp=2026-08-21T22:43:08+00:00 active_ues=35 slot=30 attempt=1 ue_idx=30 ue_if=uesimtun30 ue_ip=10.45.1.65 port=5231 rc=0 replacements_for_slot=0 server_busy_retries_for_slot=0
[2026-08-22T00:43:09+02:00] UE_SLOT_DONE timestamp=2026-08-21T22:43:09+00:00 active_ues=35 slot=31 attempt=1 ue_idx=31 ue_if=uesimtun31 ue_ip=10.45.1.70 port=5232 rc=0 replacements_for_slot=0 server_busy_retries_for_slot=0
[2026-08-22T00:43:09+02:00] UE_SLOT_DONE timestamp=2026-08-21T22:43:09+00:00 active_ues=35 slot=32 attempt=1 ue_idx=32 ue_if=uesimtun32 ue_ip=10.45.1.73 port=5233 rc=0 replacements_for_slot=0 server_busy_retries_for_slot=0
[2026-08-22T00:43:09+02:00] UE_SLOT_DONE timestamp=2026-08-21T22:43:09+00:00 active_ues=35 slot=33 attempt=2 ue_idx=35 ue_if=uesimtun35 ue_ip=10.45.1.94 port=5251 rc=0 replacements_for_slot=1 server_busy_retries_for_slot=0
[2026-08-22T00:43:10+02:00] UPF_CONTROL_SAMPLE timestamp=2026-08-22T00:43:09+02:00 scenario=ue_35 pod=open5gs-upf-5b9db6d44-nsbqz uid=7b5b8ef7-a2a2-4fe9-a3e1-74acd17bd88f restarts=6 usage_cpu=529m usage_mem=36Mi request_cpu=476m request_mem=250Mi limit_cpu=none limit_mem=none vpa_target_cpu=548m vpa_target_mem=250Mi vpa_uncapped_cpu=548m vpa_uncapped_mem=250Mi vpa_lower_cpu=267m vpa_lower_mem=250Mi vpa_upper_cpu=1500m vpa_upper_mem=512Mi
[2026-08-22T00:43:11+02:00] UE_SLOT_DONE timestamp=2026-08-21T22:43:11+00:00 active_ues=35 slot=34 attempt=2 ue_idx=37 ue_if=uesimtun37 ue_ip=10.45.1.78 port=5253 rc=0 replacements_for_slot=1 server_busy_retries_for_slot=0
[2026-08-22T00:43:12+02:00] TRAFFIC_SUMMARY timestamp=2026-08-21T22:43:12+00:00 registered_tunnels=50 active_ues=35 target_slots=35 completed_slots=35 final_failed_slots=0 replacements=3 problematic_ues=3 zombie_ues=3 connect_timeouts=1 stalls=2 deferred_stalls=0 process_failures=0 server_busy_retries=0 server_busy_failures=0 late_timeouts_accepted=0 scenario_bad_ues=3 global_suspect_ues=3 used_ues=38 target_host=192.168.1.211 initial_ports=5201-5235 replacement_ports=5251-5265 bitrate=1M start_delay=0.05 detection=no_rx_counter replacement_min_duration_s=5 adaptive_extension_max_s=1 iperf_exit_grace_s=3 server_busy_retries_limit=1 server_busy_retry_delay_s=2 late_replacement_after_end=disabled wait_for_iperf_exit=until_timeout global_suspect_policy=soft_reuse ramp_supervision=after_initial_start
[2026-08-22T00:43:12+02:00] UE_POOL_SCENARIO_BAD_CURRENT timestamp=2026-08-21T22:43:12+00:00 active_ues=35 indexes=22,33,34
[2026-08-22T00:43:12+02:00] UE_POOL_GLOBAL_SUSPECT_CURRENT timestamp=2026-08-21T22:43:12+00:00 active_ues=35 indexes=22,33,34
[2026-08-22T00:43:12+02:00] REMOTE_IPERF_PER_UE_END timestamp=2026-08-21T22:43:12+00:00 active_ues=35 tag=ue_35 final_rc=0 completed_slots=35 replacements=3 problematic_ues=3 server_busy_retries=0 deferred_stalls=0 late_timeouts_accepted=0
[2026-08-22T00:43:12+02:00] SCENARIO TRAFFIC COMMAND END timestamp=2026-08-22T00:43:12+02:00 active_ue=35 rc=0
[2026-08-22T00:43:12+02:00] UPF_CONTROL_SAMPLE timestamp=2026-08-22T00:43:11+02:00 scenario=ue_35 pod=open5gs-upf-5b9db6d44-nsbqz uid=7b5b8ef7-a2a2-4fe9-a3e1-74acd17bd88f restarts=6 usage_cpu=503m usage_mem=36Mi request_cpu=476m request_mem=250Mi limit_cpu=none limit_mem=none vpa_target_cpu=548m vpa_target_mem=250Mi vpa_uncapped_cpu=548m vpa_uncapped_mem=250Mi vpa_lower_cpu=267m vpa_lower_mem=250Mi vpa_upper_cpu=1500m vpa_upper_mem=512Mi
[2026-08-22T00:43:13+02:00] SCENARIO UPF AFTER timestamp=2026-08-22T00:43:13+02:00 active_ue=35 pod=open5gs-upf-5b9db6d44-nsbqz uid=7b5b8ef7-a2a2-4fe9-a3e1-74acd17bd88f restarts=6
[2026-08-22T00:43:13+02:00] SCENARIO END timestamp=2026-08-22T00:43:13+02:00 active_ue=35 rc=0
[2026-08-22T00:43:13+02:00] UPF_CONTROL_MONITOR_END timestamp=2026-08-22T00:43:13+02:00 pid=397778
[2026-08-22T00:43:14+02:00] ================================================================
[2026-08-22T00:43:14+02:00] TEST END timestamp=2026-08-22T00:43:14+02:00 run_id=20260822_001419 upf_pod_before=open5gs-upf-5b9db6d44-nsbqz uid_before=7b5b8ef7-a2a2-4fe9-a3e1-74acd17bd88f restarts_before=6 upf_pod_after=open5gs-upf-5b9db6d44-nsbqz uid_after=7b5b8ef7-a2a2-4fe9-a3e1-74acd17bd88f restarts_after=6
[2026-08-22T00:43:14+02:00] PROGRESS_LOG=/home/ansible/manifests/5g-taskforce-upf-scaling-spiw/open5gs_226/upf_iperf_per_ue_20260822_001419.log
[2026-08-22T00:43:14+02:00] ================================================================
