[2026-08-21T23:36:22+02:00] ================================================================
[2026-08-21T23:36:22+02:00] TEST START run_id=20260821_233622 timestamp=2026-08-21T23:36:22+02:00
[2026-08-21T23:36:22+02:00] ================================================================
[2026-08-21T23:36:22+02:00] Pre-checks START timestamp=2026-08-21T23:36:22+02:00
[2026-08-21T23:36:22+02:00] Using existing UE pod timestamp=2026-08-21T23:36:22+02:00 pod=ueransim-gnb-ues-69bc49bf9c-5wmdf
[2026-08-21T23:36:23+02:00] Required registered UE pool ready timestamp=2026-08-21T23:36:23+02:00 count=50 required=50
[2026-08-21T23:36:23+02:00] Scenario validation timestamp=2026-08-21T23:36:23+02:00 active_ue=1 requires_iperf_ports=5201-5201 replacement_ports=5251-5265
[2026-08-21T23:36:23+02:00] Scenario validation timestamp=2026-08-21T23:36:23+02:00 active_ue=3 requires_iperf_ports=5201-5203 replacement_ports=5251-5265
[2026-08-21T23:36:23+02:00] Scenario validation timestamp=2026-08-21T23:36:23+02:00 active_ue=5 requires_iperf_ports=5201-5205 replacement_ports=5251-5265
[2026-08-21T23:36:23+02:00] Scenario validation timestamp=2026-08-21T23:36:23+02:00 active_ue=7 requires_iperf_ports=5201-5207 replacement_ports=5251-5265
[2026-08-21T23:36:23+02:00] Scenario validation timestamp=2026-08-21T23:36:23+02:00 active_ue=9 requires_iperf_ports=5201-5209 replacement_ports=5251-5265
[2026-08-21T23:36:23+02:00] Scenario validation timestamp=2026-08-21T23:36:23+02:00 active_ue=11 requires_iperf_ports=5201-5211 replacement_ports=5251-5265
[2026-08-21T23:36:23+02:00] Scenario validation timestamp=2026-08-21T23:36:23+02:00 active_ue=13 requires_iperf_ports=5201-5213 replacement_ports=5251-5265
[2026-08-21T23:36:23+02:00] Scenario validation timestamp=2026-08-21T23:36:23+02:00 active_ue=15 requires_iperf_ports=5201-5215 replacement_ports=5251-5265
[2026-08-21T23:36:23+02:00] Scenario validation timestamp=2026-08-21T23:36:23+02:00 active_ue=17 requires_iperf_ports=5201-5217 replacement_ports=5251-5265
[2026-08-21T23:36:23+02:00] Scenario validation timestamp=2026-08-21T23:36:23+02:00 active_ue=19 requires_iperf_ports=5201-5219 replacement_ports=5251-5265
[2026-08-21T23:36:23+02:00] Scenario validation timestamp=2026-08-21T23:36:23+02:00 active_ue=21 requires_iperf_ports=5201-5221 replacement_ports=5251-5265
[2026-08-21T23:36:23+02:00] Scenario validation timestamp=2026-08-21T23:36:23+02:00 active_ue=23 requires_iperf_ports=5201-5223 replacement_ports=5251-5265
[2026-08-21T23:36:23+02:00] Scenario validation timestamp=2026-08-21T23:36:23+02:00 active_ue=25 requires_iperf_ports=5201-5225 replacement_ports=5251-5265
[2026-08-21T23:36:23+02:00] Scenario validation timestamp=2026-08-21T23:36:23+02:00 active_ue=27 requires_iperf_ports=5201-5227 replacement_ports=5251-5265
[2026-08-21T23:36:23+02:00] Scenario validation timestamp=2026-08-21T23:36:23+02:00 active_ue=29 requires_iperf_ports=5201-5229 replacement_ports=5251-5265
[2026-08-21T23:36:23+02:00] Scenario validation timestamp=2026-08-21T23:36:23+02:00 active_ue=31 requires_iperf_ports=5201-5231 replacement_ports=5251-5265
[2026-08-21T23:36:23+02:00] Scenario validation timestamp=2026-08-21T23:36:23+02:00 active_ue=33 requires_iperf_ports=5201-5233 replacement_ports=5251-5265
[2026-08-21T23:36:23+02:00] Scenario validation timestamp=2026-08-21T23:36:23+02:00 active_ue=35 requires_iperf_ports=5201-5235 replacement_ports=5251-5265
[2026-08-21T23:36:23+02:00] IPERF ports precheck START timestamp=2026-08-21T23:36:23+02:00 host=192.168.1.211 ports=5201-5201 bitrate=1M
[2026-08-21T23:36:27+02:00] IPERF ports precheck END timestamp=2026-08-21T23:36:27+02:00 rc=0
[2026-08-21T23:36:27+02:00] UPF pod timestamp=2026-08-21T23:36:27+02:00 pod=open5gs-upf-5b9db6d44-nsbqz uid=7b5b8ef7-a2a2-4fe9-a3e1-74acd17bd88f restarts=6
[2026-08-21T23:36:27+02:00] IMPORTANT: this script does not register or unregister UE during scenarios
[2026-08-21T23:36:27+02:00] IMPORTANT: existing registered UE pool is reused for all scenarios
[2026-08-21T23:36:27+02:00] IMPORTANT: no ping is used
[2026-08-21T23:36:27+02:00] IMPORTANT: every active slot runs its own iperf3 client
[2026-08-21T23:36:27+02:00] IMPORTANT: zombie UE are replaced in-flight, without repeating the scenario
[2026-08-21T23:36:27+02:00] IMPORTANT: zombie detection uses uesimtun RX counters, not buffered iperf stdout
[2026-08-21T23:36:27+02:00] IMPORTANT: each zombie/replacement is logged as diagnostic event
[2026-08-21T23:36:27+02:00] IMPORTANT: target_host=192.168.1.211 base_port=5201 replacement_base_port=5251 tcp_bitrate_per_ue=1M
[2026-08-21T23:36:27+02:00] IMPORTANT: iperf client start delay is 0.05 seconds
[2026-08-21T23:36:27+02:00] IMPORTANT: connect timeout is 4 seconds; stall detection is 5 seconds without RX progress
[2026-08-21T23:36:27+02:00] IMPORTANT: replacement minimum duration is 5 seconds; adaptive extension limit is 1 seconds per slot
[2026-08-21T23:36:27+02:00] IMPORTANT: after planned slot end, late replacement is disabled and script waits for real iperf exit until process timeout
[2026-08-21T23:36:27+02:00] IMPORTANT: post-duration iperf timeout rc=124 is accepted only when the client had RX and valid iperf output, and is logged as UE_SLOT_LATE_TIMEOUT_ACCEPTED
[2026-08-21T23:36:27+02:00] IMPORTANT: iperf server-busy port rebind is enabled rebinds=1; server-busy does not blacklist UE
[2026-08-21T23:36:27+02:00] IMPORTANT: global UE suspect list is soft; suspected UE are avoided first, but reused if the pool would otherwise be exhausted
[2026-08-21T23:36:27+02:00] IMPORTANT: initial ramp-up starts all slots first; supervisor/replacement starts after initial slots are launched
[2026-08-21T23:36:27+02:00] IMPORTANT: VPA hard reset is executed once before all scenarios
[2026-08-21T23:36:27+02:00] IMPORTANT: after VPA restart there is no fixed sleep; script waits until UPF request_cpu equals idle value 25m before traffic
[2026-08-21T23:36:27+02:00] IMPORTANT: UPF/VPA control monitor logs request changes, VPA recommendation changes, current usage and previous 5s sample every 1s
[2026-08-21T23:36:27+02:00] IMPORTANT: Metrics are still collected externally by Prometheus and Grafana
[2026-08-21T23:36:27+02:00] Pre-checks END timestamp=2026-08-21T23:36:27+02:00
[2026-08-21T23:36:27+02:00] ================================================================
[2026-08-21T23:36:28+02:00] VPA HARD RESET START label=before_test_run timestamp=2026-08-21T23:36:28+02:00
[2026-08-21T23:36:28+02:00] ================================================================
[2026-08-21T23:36:28+02:00] UPF_REQUEST_BASELINE_BEFORE_VPA_RESET timestamp=2026-08-21T23:36:28+02:00 pod=open5gs-upf-5b9db6d44-nsbqz request_cpu=476m request_mem=250Mi limit_cpu=none limit_mem=none
[2026-08-21T23:36:28+02:00] Scaling vpa-recommender to 0 timestamp=2026-08-21T23:36:28+02:00
[2026-08-21T23:36:28+02:00] Waiting until vpa-recommender pod is fully removed timestamp=2026-08-21T23:36:28+02:00
[2026-08-21T23:36:29+02:00] Waiting for vpa-recommender pod deletion timestamp=2026-08-21T23:36:29+02:00
[2026-08-21T23:36:31+02:00] Deleting all VPA checkpoints in namespace=default timestamp=2026-08-21T23:36:31+02:00
[2026-08-21T23:36:31+02:00] Current VPA checkpoints after delete timestamp=2026-08-21T23:36:31+02:00:
[2026-08-21T23:36:32+02:00] No resources found in default namespace.
[2026-08-21T23:36:32+02:00] Scaling vpa-recommender back to 1 timestamp=2026-08-21T23:36:32+02:00
[2026-08-21T23:36:34+02:00] Fixed post-reset sleep skipped timestamp=2026-08-21T23:36:34+02:00; request-change wait will run before scenarios
[2026-08-21T23:36:34+02:00] VPA status immediately after recommender restart timestamp=2026-08-21T23:36:34+02:00:
[2026-08-21T23:36:34+02:00] Recommendation:
[2026-08-21T23:36:34+02:00] Container Recommendations:
[2026-08-21T23:36:34+02:00] Container Name:  open5gs-upf
[2026-08-21T23:36:34+02:00] Lower Bound:
[2026-08-21T23:36:34+02:00] Cpu:     204m
[2026-08-21T23:36:34+02:00] Memory:  250Mi
[2026-08-21T23:36:34+02:00] Target:
[2026-08-21T23:36:34+02:00] Cpu:     511m
[2026-08-21T23:36:34+02:00] Memory:  250Mi
[2026-08-21T23:36:34+02:00] Uncapped Target:
[2026-08-21T23:36:34+02:00] Cpu:     511m
[2026-08-21T23:36:34+02:00] Memory:  250Mi
[2026-08-21T23:36:34+02:00] Upper Bound:
[2026-08-21T23:36:34+02:00] Cpu:     1500m
[2026-08-21T23:36:34+02:00] Memory:  512Mi
[2026-08-21T23:36:34+02:00] Events:          <none>
[2026-08-21T23:36:34+02:00] VPA checkpoints after recommender restart timestamp=2026-08-21T23:36:34+02:00:
[2026-08-21T23:36:34+02:00] No resources found in default namespace.
[2026-08-21T23:36:34+02:00] ================================================================
[2026-08-21T23:36:34+02:00] VPA HARD RESET END label=before_test_run timestamp=2026-08-21T23:36:34+02:00
[2026-08-21T23:36:34+02:00] ================================================================
[2026-08-21T23:36:34+02:00] UPF_CONTROL_MONITOR_START timestamp=2026-08-21T23:36:34+02:00 pid=334086 interval_s=1
[2026-08-21T23:36:34+02:00] UPF_IDLE_REQUEST_WAIT_START timestamp=2026-08-21T23:36:34+02:00 baseline='request_cpu=476m request_mem=250Mi limit_cpu=none limit_mem=none' expected_request_cpu=25m timeout_s=180 interval_s=1
[2026-08-21T23:36:36+02:00] UPF_REQUEST_OBSERVED timestamp=2026-08-21T23:36:34+02:00 scenario=prechecks pod=open5gs-upf-5b9db6d44-nsbqz uid=7b5b8ef7-a2a2-4fe9-a3e1-74acd17bd88f restarts=6 request_cpu=476m request_mem=250Mi limit_cpu=none limit_mem=none current_sample='timestamp=2026-08-21T23:36:34+02:00 scenario=prechecks pod=open5gs-upf-5b9db6d44-nsbqz uid=7b5b8ef7-a2a2-4fe9-a3e1-74acd17bd88f restarts=6 usage_cpu=8m usage_mem=35Mi request_cpu=476m request_mem=250Mi limit_cpu=none limit_mem=none vpa_target_cpu=511m vpa_target_mem=250Mi vpa_uncapped_cpu=511m vpa_uncapped_mem=250Mi vpa_lower_cpu=204m vpa_lower_mem=250Mi vpa_upper_cpu=1500m vpa_upper_mem=512Mi'
[2026-08-21T23:36:36+02:00] VPA_RECOMMENDATION_OBSERVED timestamp=2026-08-21T23:36:34+02:00 scenario=prechecks vpa_target_cpu=511m vpa_target_mem=250Mi vpa_uncapped_cpu=511m vpa_uncapped_mem=250Mi vpa_lower_cpu=204m vpa_lower_mem=250Mi vpa_upper_cpu=1500m vpa_upper_mem=512Mi current_sample='timestamp=2026-08-21T23:36:34+02:00 scenario=prechecks pod=open5gs-upf-5b9db6d44-nsbqz uid=7b5b8ef7-a2a2-4fe9-a3e1-74acd17bd88f restarts=6 usage_cpu=8m usage_mem=35Mi request_cpu=476m request_mem=250Mi limit_cpu=none limit_mem=none vpa_target_cpu=511m vpa_target_mem=250Mi vpa_uncapped_cpu=511m vpa_uncapped_mem=250Mi vpa_lower_cpu=204m vpa_lower_mem=250Mi vpa_upper_cpu=1500m vpa_upper_mem=512Mi'
[2026-08-21T23:36:36+02:00] UPF_CONTROL_SAMPLE timestamp=2026-08-21T23:36:34+02:00 scenario=prechecks pod=open5gs-upf-5b9db6d44-nsbqz uid=7b5b8ef7-a2a2-4fe9-a3e1-74acd17bd88f restarts=6 usage_cpu=8m usage_mem=35Mi request_cpu=476m request_mem=250Mi limit_cpu=none limit_mem=none vpa_target_cpu=511m vpa_target_mem=250Mi vpa_uncapped_cpu=511m vpa_uncapped_mem=250Mi vpa_lower_cpu=204m vpa_lower_mem=250Mi vpa_upper_cpu=1500m vpa_upper_mem=512Mi
[2026-08-21T23:36:38+02:00] UPF_CONTROL_SAMPLE timestamp=2026-08-21T23:36:37+02:00 scenario=vpa_idle_request_wait pod=open5gs-upf-5b9db6d44-nsbqz uid=7b5b8ef7-a2a2-4fe9-a3e1-74acd17bd88f restarts=6 usage_cpu=8m usage_mem=35Mi request_cpu=476m request_mem=250Mi limit_cpu=none limit_mem=none vpa_target_cpu=511m vpa_target_mem=250Mi vpa_uncapped_cpu=511m vpa_uncapped_mem=250Mi vpa_lower_cpu=204m vpa_lower_mem=250Mi vpa_upper_cpu=1500m vpa_upper_mem=512Mi
[2026-08-21T23:36:41+02:00] UPF_CONTROL_SAMPLE timestamp=2026-08-21T23:36:39+02:00 scenario=vpa_idle_request_wait pod=open5gs-upf-5b9db6d44-nsbqz uid=7b5b8ef7-a2a2-4fe9-a3e1-74acd17bd88f restarts=6 usage_cpu=8m usage_mem=35Mi request_cpu=476m request_mem=250Mi limit_cpu=none limit_mem=none vpa_target_cpu=511m vpa_target_mem=250Mi vpa_uncapped_cpu=511m vpa_uncapped_mem=250Mi vpa_lower_cpu=204m vpa_lower_mem=250Mi vpa_upper_cpu=1500m vpa_upper_mem=512Mi
[2026-08-21T23:36:43+02:00] UPF_CONTROL_SAMPLE timestamp=2026-08-21T23:36:42+02:00 scenario=vpa_idle_request_wait pod=open5gs-upf-5b9db6d44-nsbqz uid=7b5b8ef7-a2a2-4fe9-a3e1-74acd17bd88f restarts=6 usage_cpu=8m usage_mem=35Mi request_cpu=476m request_mem=250Mi limit_cpu=none limit_mem=none vpa_target_cpu=511m vpa_target_mem=250Mi vpa_uncapped_cpu=511m vpa_uncapped_mem=250Mi vpa_lower_cpu=204m vpa_lower_mem=250Mi vpa_upper_cpu=1500m vpa_upper_mem=512Mi
[2026-08-21T23:36:44+02:00] UPF_IDLE_REQUEST_WAIT_PROGRESS timestamp=2026-08-21T23:36:44+02:00 elapsed_s=10 expected_request_cpu=25m baseline='request_cpu=476m request_mem=250Mi limit_cpu=none limit_mem=none' current='request_cpu=476m request_mem=250Mi limit_cpu=none limit_mem=none' request_cpu=476m pod=open5gs-upf-5b9db6d44-nsbqz usage_cpu=8m usage_mem=35Mi vpa_target_cpu=511m vpa_target_mem=250Mi vpa_uncapped_cpu=511m vpa_uncapped_mem=250Mi vpa_lower_cpu=204m vpa_lower_mem=250Mi vpa_upper_cpu=1500m vpa_upper_mem=512Mi
[2026-08-21T23:36:45+02:00] UPF_CONTROL_SAMPLE timestamp=2026-08-21T23:36:44+02:00 scenario=vpa_idle_request_wait pod=open5gs-upf-5b9db6d44-nsbqz uid=7b5b8ef7-a2a2-4fe9-a3e1-74acd17bd88f restarts=6 usage_cpu=8m usage_mem=35Mi request_cpu=476m request_mem=250Mi limit_cpu=none limit_mem=none vpa_target_cpu=511m vpa_target_mem=250Mi vpa_uncapped_cpu=511m vpa_uncapped_mem=250Mi vpa_lower_cpu=204m vpa_lower_mem=250Mi vpa_upper_cpu=1500m vpa_upper_mem=512Mi
[2026-08-21T23:36:48+02:00] UPF_CONTROL_SAMPLE timestamp=2026-08-21T23:36:46+02:00 scenario=vpa_idle_request_wait pod=open5gs-upf-5b9db6d44-nsbqz uid=7b5b8ef7-a2a2-4fe9-a3e1-74acd17bd88f restarts=6 usage_cpu=8m usage_mem=35Mi request_cpu=476m request_mem=250Mi limit_cpu=none limit_mem=none vpa_target_cpu=511m vpa_target_mem=250Mi vpa_uncapped_cpu=511m vpa_uncapped_mem=250Mi vpa_lower_cpu=204m vpa_lower_mem=250Mi vpa_upper_cpu=1500m vpa_upper_mem=512Mi
[2026-08-21T23:36:50+02:00] UPF_CONTROL_SAMPLE timestamp=2026-08-21T23:36:49+02:00 scenario=vpa_idle_request_wait pod=open5gs-upf-5b9db6d44-nsbqz uid=7b5b8ef7-a2a2-4fe9-a3e1-74acd17bd88f restarts=6 usage_cpu=8m usage_mem=35Mi request_cpu=476m request_mem=250Mi limit_cpu=none limit_mem=none vpa_target_cpu=511m vpa_target_mem=250Mi vpa_uncapped_cpu=511m vpa_uncapped_mem=250Mi vpa_lower_cpu=204m vpa_lower_mem=250Mi vpa_upper_cpu=1500m vpa_upper_mem=512Mi
[2026-08-21T23:36:53+02:00] UPF_CONTROL_SAMPLE timestamp=2026-08-21T23:36:51+02:00 scenario=vpa_idle_request_wait pod=open5gs-upf-5b9db6d44-nsbqz uid=7b5b8ef7-a2a2-4fe9-a3e1-74acd17bd88f restarts=6 usage_cpu=8m usage_mem=35Mi request_cpu=476m request_mem=250Mi limit_cpu=none limit_mem=none vpa_target_cpu=511m vpa_target_mem=250Mi vpa_uncapped_cpu=511m vpa_uncapped_mem=250Mi vpa_lower_cpu=204m vpa_lower_mem=250Mi vpa_upper_cpu=1500m vpa_upper_mem=512Mi
[2026-08-21T23:36:55+02:00] UPF_CONTROL_SAMPLE timestamp=2026-08-21T23:36:54+02:00 scenario=vpa_idle_request_wait pod=open5gs-upf-5b9db6d44-nsbqz uid=7b5b8ef7-a2a2-4fe9-a3e1-74acd17bd88f restarts=6 usage_cpu=8m usage_mem=35Mi request_cpu=476m request_mem=250Mi limit_cpu=none limit_mem=none vpa_target_cpu=511m vpa_target_mem=250Mi vpa_uncapped_cpu=511m vpa_uncapped_mem=250Mi vpa_lower_cpu=204m vpa_lower_mem=250Mi vpa_upper_cpu=1500m vpa_upper_mem=512Mi
[2026-08-21T23:36:57+02:00] UPF_CONTROL_SAMPLE timestamp=2026-08-21T23:36:56+02:00 scenario=vpa_idle_request_wait pod=open5gs-upf-5b9db6d44-nsbqz uid=7b5b8ef7-a2a2-4fe9-a3e1-74acd17bd88f restarts=6 usage_cpu=1m usage_mem=35Mi request_cpu=476m request_mem=250Mi limit_cpu=none limit_mem=none vpa_target_cpu=511m vpa_target_mem=250Mi vpa_uncapped_cpu=511m vpa_uncapped_mem=250Mi vpa_lower_cpu=204m vpa_lower_mem=250Mi vpa_upper_cpu=1500m vpa_upper_mem=512Mi
[2026-08-21T23:37:00+02:00] UPF_CONTROL_SAMPLE timestamp=2026-08-21T23:36:58+02:00 scenario=vpa_idle_request_wait pod=open5gs-upf-5b9db6d44-nsbqz uid=7b5b8ef7-a2a2-4fe9-a3e1-74acd17bd88f restarts=6 usage_cpu=1m usage_mem=35Mi request_cpu=476m request_mem=250Mi limit_cpu=none limit_mem=none vpa_target_cpu=511m vpa_target_mem=250Mi vpa_uncapped_cpu=511m vpa_uncapped_mem=250Mi vpa_lower_cpu=204m vpa_lower_mem=250Mi vpa_upper_cpu=1500m vpa_upper_mem=512Mi
[2026-08-21T23:37:03+02:00] UPF_CONTROL_SAMPLE timestamp=2026-08-21T23:37:01+02:00 scenario=vpa_idle_request_wait pod=open5gs-upf-5b9db6d44-nsbqz uid=7b5b8ef7-a2a2-4fe9-a3e1-74acd17bd88f restarts=6 usage_cpu=1m usage_mem=35Mi request_cpu=476m request_mem=250Mi limit_cpu=none limit_mem=none vpa_target_cpu=511m vpa_target_mem=250Mi vpa_uncapped_cpu=511m vpa_uncapped_mem=250Mi vpa_lower_cpu=204m vpa_lower_mem=250Mi vpa_upper_cpu=1500m vpa_upper_mem=512Mi
[2026-08-21T23:37:04+02:00] UPF_IDLE_REQUEST_WAIT_PROGRESS timestamp=2026-08-21T23:37:04+02:00 elapsed_s=30 expected_request_cpu=25m baseline='request_cpu=476m request_mem=250Mi limit_cpu=none limit_mem=none' current='request_cpu=476m request_mem=250Mi limit_cpu=none limit_mem=none' request_cpu=476m pod=open5gs-upf-5b9db6d44-nsbqz usage_cpu=1m usage_mem=35Mi vpa_target_cpu=511m vpa_target_mem=250Mi vpa_uncapped_cpu=511m vpa_uncapped_mem=250Mi vpa_lower_cpu=204m vpa_lower_mem=250Mi vpa_upper_cpu=1500m vpa_upper_mem=512Mi
[2026-08-21T23:37:05+02:00] UPF_CONTROL_SAMPLE timestamp=2026-08-21T23:37:04+02:00 scenario=vpa_idle_request_wait pod=open5gs-upf-5b9db6d44-nsbqz uid=7b5b8ef7-a2a2-4fe9-a3e1-74acd17bd88f restarts=6 usage_cpu=1m usage_mem=35Mi request_cpu=476m request_mem=250Mi limit_cpu=none limit_mem=none vpa_target_cpu=511m vpa_target_mem=250Mi vpa_uncapped_cpu=511m vpa_uncapped_mem=250Mi vpa_lower_cpu=204m vpa_lower_mem=250Mi vpa_upper_cpu=1500m vpa_upper_mem=512Mi
[2026-08-21T23:37:08+02:00] UPF_CONTROL_SAMPLE timestamp=2026-08-21T23:37:06+02:00 scenario=vpa_idle_request_wait pod=open5gs-upf-5b9db6d44-nsbqz uid=7b5b8ef7-a2a2-4fe9-a3e1-74acd17bd88f restarts=6 usage_cpu=1m usage_mem=35Mi request_cpu=476m request_mem=250Mi limit_cpu=none limit_mem=none vpa_target_cpu=511m vpa_target_mem=250Mi vpa_uncapped_cpu=511m vpa_uncapped_mem=250Mi vpa_lower_cpu=204m vpa_lower_mem=250Mi vpa_upper_cpu=1500m vpa_upper_mem=512Mi
[2026-08-21T23:37:10+02:00] UPF_CONTROL_SAMPLE timestamp=2026-08-21T23:37:09+02:00 scenario=vpa_idle_request_wait pod=open5gs-upf-5b9db6d44-nsbqz uid=7b5b8ef7-a2a2-4fe9-a3e1-74acd17bd88f restarts=6 usage_cpu=1m usage_mem=35Mi request_cpu=476m request_mem=250Mi limit_cpu=none limit_mem=none vpa_target_cpu=511m vpa_target_mem=250Mi vpa_uncapped_cpu=511m vpa_uncapped_mem=250Mi vpa_lower_cpu=204m vpa_lower_mem=250Mi vpa_upper_cpu=1500m vpa_upper_mem=512Mi
[2026-08-21T23:37:13+02:00] UPF_CONTROL_SAMPLE timestamp=2026-08-21T23:37:11+02:00 scenario=vpa_idle_request_wait pod=open5gs-upf-5b9db6d44-nsbqz uid=7b5b8ef7-a2a2-4fe9-a3e1-74acd17bd88f restarts=6 usage_cpu=1m usage_mem=35Mi request_cpu=476m request_mem=250Mi limit_cpu=none limit_mem=none vpa_target_cpu=511m vpa_target_mem=250Mi vpa_uncapped_cpu=511m vpa_uncapped_mem=250Mi vpa_lower_cpu=204m vpa_lower_mem=250Mi vpa_upper_cpu=1500m vpa_upper_mem=512Mi
[2026-08-21T23:37:14+02:00] UPF_IDLE_REQUEST_WAIT_PROGRESS timestamp=2026-08-21T23:37:14+02:00 elapsed_s=40 expected_request_cpu=25m baseline='request_cpu=476m request_mem=250Mi limit_cpu=none limit_mem=none' current='request_cpu=476m request_mem=250Mi limit_cpu=none limit_mem=none' request_cpu=476m pod=open5gs-upf-5b9db6d44-nsbqz usage_cpu=1m usage_mem=35Mi vpa_target_cpu=511m vpa_target_mem=250Mi vpa_uncapped_cpu=511m vpa_uncapped_mem=250Mi vpa_lower_cpu=204m vpa_lower_mem=250Mi vpa_upper_cpu=1500m vpa_upper_mem=512Mi
[2026-08-21T23:37:15+02:00] UPF_CONTROL_SAMPLE timestamp=2026-08-21T23:37:14+02:00 scenario=vpa_idle_request_wait pod=open5gs-upf-5b9db6d44-nsbqz uid=7b5b8ef7-a2a2-4fe9-a3e1-74acd17bd88f restarts=6 usage_cpu=1m usage_mem=35Mi request_cpu=476m request_mem=250Mi limit_cpu=none limit_mem=none vpa_target_cpu=511m vpa_target_mem=250Mi vpa_uncapped_cpu=511m vpa_uncapped_mem=250Mi vpa_lower_cpu=204m vpa_lower_mem=250Mi vpa_upper_cpu=1500m vpa_upper_mem=512Mi
[2026-08-21T23:37:17+02:00] UPF_CONTROL_SAMPLE timestamp=2026-08-21T23:37:16+02:00 scenario=vpa_idle_request_wait pod=open5gs-upf-5b9db6d44-nsbqz uid=7b5b8ef7-a2a2-4fe9-a3e1-74acd17bd88f restarts=6 usage_cpu=1m usage_mem=35Mi request_cpu=476m request_mem=250Mi limit_cpu=none limit_mem=none vpa_target_cpu=511m vpa_target_mem=250Mi vpa_uncapped_cpu=511m vpa_uncapped_mem=250Mi vpa_lower_cpu=204m vpa_lower_mem=250Mi vpa_upper_cpu=1500m vpa_upper_mem=512Mi
[2026-08-21T23:37:20+02:00] UPF_CONTROL_SAMPLE timestamp=2026-08-21T23:37:18+02:00 scenario=vpa_idle_request_wait pod=open5gs-upf-5b9db6d44-nsbqz uid=7b5b8ef7-a2a2-4fe9-a3e1-74acd17bd88f restarts=6 usage_cpu=1m usage_mem=35Mi request_cpu=476m request_mem=250Mi limit_cpu=none limit_mem=none vpa_target_cpu=511m vpa_target_mem=250Mi vpa_uncapped_cpu=511m vpa_uncapped_mem=250Mi vpa_lower_cpu=204m vpa_lower_mem=250Mi vpa_upper_cpu=1500m vpa_upper_mem=512Mi
[2026-08-21T23:37:22+02:00] UPF_CONTROL_SAMPLE timestamp=2026-08-21T23:37:21+02:00 scenario=vpa_idle_request_wait pod=open5gs-upf-5b9db6d44-nsbqz uid=7b5b8ef7-a2a2-4fe9-a3e1-74acd17bd88f restarts=6 usage_cpu=1m usage_mem=35Mi request_cpu=476m request_mem=250Mi limit_cpu=none limit_mem=none vpa_target_cpu=511m vpa_target_mem=250Mi vpa_uncapped_cpu=511m vpa_uncapped_mem=250Mi vpa_lower_cpu=204m vpa_lower_mem=250Mi vpa_upper_cpu=1500m vpa_upper_mem=512Mi
[2026-08-21T23:37:24+02:00] UPF_IDLE_REQUEST_WAIT_PROGRESS timestamp=2026-08-21T23:37:24+02:00 elapsed_s=50 expected_request_cpu=25m baseline='request_cpu=476m request_mem=250Mi limit_cpu=none limit_mem=none' current='request_cpu=476m request_mem=250Mi limit_cpu=none limit_mem=none' request_cpu=476m pod=open5gs-upf-5b9db6d44-nsbqz usage_cpu=1m usage_mem=35Mi vpa_target_cpu=511m vpa_target_mem=250Mi vpa_uncapped_cpu=511m vpa_uncapped_mem=250Mi vpa_lower_cpu=204m vpa_lower_mem=250Mi vpa_upper_cpu=1500m vpa_upper_mem=512Mi
[2026-08-21T23:37:25+02:00] UPF_CONTROL_SAMPLE timestamp=2026-08-21T23:37:23+02:00 scenario=vpa_idle_request_wait pod=open5gs-upf-5b9db6d44-nsbqz uid=7b5b8ef7-a2a2-4fe9-a3e1-74acd17bd88f restarts=6 usage_cpu=1m usage_mem=35Mi request_cpu=476m request_mem=250Mi limit_cpu=none limit_mem=none vpa_target_cpu=511m vpa_target_mem=250Mi vpa_uncapped_cpu=511m vpa_uncapped_mem=250Mi vpa_lower_cpu=204m vpa_lower_mem=250Mi vpa_upper_cpu=1500m vpa_upper_mem=512Mi
[2026-08-21T23:37:27+02:00] UPF_CONTROL_SAMPLE timestamp=2026-08-21T23:37:26+02:00 scenario=vpa_idle_request_wait pod=open5gs-upf-5b9db6d44-nsbqz uid=7b5b8ef7-a2a2-4fe9-a3e1-74acd17bd88f restarts=6 usage_cpu=1m usage_mem=35Mi request_cpu=476m request_mem=250Mi limit_cpu=none limit_mem=none vpa_target_cpu=511m vpa_target_mem=250Mi vpa_uncapped_cpu=511m vpa_uncapped_mem=250Mi vpa_lower_cpu=204m vpa_lower_mem=250Mi vpa_upper_cpu=1500m vpa_upper_mem=512Mi
[2026-08-21T23:37:29+02:00] UPF_CONTROL_SAMPLE timestamp=2026-08-21T23:37:28+02:00 scenario=vpa_idle_request_wait pod=open5gs-upf-5b9db6d44-nsbqz uid=7b5b8ef7-a2a2-4fe9-a3e1-74acd17bd88f restarts=6 usage_cpu=1m usage_mem=35Mi request_cpu=476m request_mem=250Mi limit_cpu=none limit_mem=none vpa_target_cpu=511m vpa_target_mem=250Mi vpa_uncapped_cpu=511m vpa_uncapped_mem=250Mi vpa_lower_cpu=204m vpa_lower_mem=250Mi vpa_upper_cpu=1500m vpa_upper_mem=512Mi
[2026-08-21T23:37:32+02:00] UPF_CONTROL_SAMPLE timestamp=2026-08-21T23:37:30+02:00 scenario=vpa_idle_request_wait pod=open5gs-upf-5b9db6d44-nsbqz uid=7b5b8ef7-a2a2-4fe9-a3e1-74acd17bd88f restarts=6 usage_cpu=1m usage_mem=35Mi request_cpu=476m request_mem=250Mi limit_cpu=none limit_mem=none vpa_target_cpu=511m vpa_target_mem=250Mi vpa_uncapped_cpu=511m vpa_uncapped_mem=250Mi vpa_lower_cpu=204m vpa_lower_mem=250Mi vpa_upper_cpu=1500m vpa_upper_mem=512Mi
[2026-08-21T23:37:36+02:00] VPA_RECOMMENDATION_CHANGE timestamp=2026-08-21T23:37:34+02:00 scenario=vpa_idle_request_wait old='vpa_target_cpu=511m vpa_target_mem=250Mi vpa_uncapped_cpu=511m vpa_uncapped_mem=250Mi vpa_lower_cpu=204m vpa_lower_mem=250Mi vpa_upper_cpu=1500m vpa_upper_mem=512Mi' new='vpa_target_cpu=25m vpa_target_mem=250Mi vpa_uncapped_cpu=25m vpa_uncapped_mem=250Mi vpa_lower_cpu=25m vpa_lower_mem=250Mi vpa_upper_cpu=1500m vpa_upper_mem=512Mi' previous_5s_sample='timestamp=2026-08-21T23:37:28+02:00 scenario=vpa_idle_request_wait pod=open5gs-upf-5b9db6d44-nsbqz uid=7b5b8ef7-a2a2-4fe9-a3e1-74acd17bd88f restarts=6 usage_cpu=1m usage_mem=35Mi request_cpu=476m request_mem=250Mi limit_cpu=none limit_mem=none vpa_target_cpu=511m vpa_target_mem=250Mi vpa_uncapped_cpu=511m vpa_uncapped_mem=250Mi vpa_lower_cpu=204m vpa_lower_mem=250Mi vpa_upper_cpu=1500m vpa_upper_mem=512Mi' current_sample='timestamp=2026-08-21T23:37:34+02:00 scenario=vpa_idle_request_wait pod=open5gs-upf-5b9db6d44-nsbqz uid=7b5b8ef7-a2a2-4fe9-a3e1-74acd17bd88f restarts=6 usage_cpu=1m usage_mem=35Mi request_cpu=476m request_mem=250Mi limit_cpu=none limit_mem=none vpa_target_cpu=25m vpa_target_mem=250Mi vpa_uncapped_cpu=25m vpa_uncapped_mem=250Mi vpa_lower_cpu=25m vpa_lower_mem=250Mi vpa_upper_cpu=1500m vpa_upper_mem=512Mi'
[2026-08-21T23:37:36+02:00] UPF_CONTROL_SAMPLE timestamp=2026-08-21T23:37:34+02:00 scenario=vpa_idle_request_wait pod=open5gs-upf-5b9db6d44-nsbqz uid=7b5b8ef7-a2a2-4fe9-a3e1-74acd17bd88f restarts=6 usage_cpu=1m usage_mem=35Mi request_cpu=476m request_mem=250Mi limit_cpu=none limit_mem=none vpa_target_cpu=25m vpa_target_mem=250Mi vpa_uncapped_cpu=25m vpa_uncapped_mem=250Mi vpa_lower_cpu=25m vpa_lower_mem=250Mi vpa_upper_cpu=1500m vpa_upper_mem=512Mi
[2026-08-21T23:37:38+02:00] UPF_CONTROL_SAMPLE timestamp=2026-08-21T23:37:37+02:00 scenario=vpa_idle_request_wait pod=open5gs-upf-5b9db6d44-nsbqz uid=7b5b8ef7-a2a2-4fe9-a3e1-74acd17bd88f restarts=6 usage_cpu=1m usage_mem=35Mi request_cpu=476m request_mem=250Mi limit_cpu=none limit_mem=none vpa_target_cpu=25m vpa_target_mem=250Mi vpa_uncapped_cpu=25m vpa_uncapped_mem=250Mi vpa_lower_cpu=25m vpa_lower_mem=250Mi vpa_upper_cpu=1500m vpa_upper_mem=512Mi
[2026-08-21T23:37:40+02:00] UPF_CONTROL_SAMPLE timestamp=2026-08-21T23:37:39+02:00 scenario=vpa_idle_request_wait pod=open5gs-upf-5b9db6d44-nsbqz uid=7b5b8ef7-a2a2-4fe9-a3e1-74acd17bd88f restarts=6 usage_cpu=1m usage_mem=35Mi request_cpu=476m request_mem=250Mi limit_cpu=none limit_mem=none vpa_target_cpu=25m vpa_target_mem=250Mi vpa_uncapped_cpu=25m vpa_uncapped_mem=250Mi vpa_lower_cpu=25m vpa_lower_mem=250Mi vpa_upper_cpu=1500m vpa_upper_mem=512Mi
[2026-08-21T23:37:43+02:00] UPF_CONTROL_SAMPLE timestamp=2026-08-21T23:37:41+02:00 scenario=vpa_idle_request_wait pod=open5gs-upf-5b9db6d44-nsbqz uid=7b5b8ef7-a2a2-4fe9-a3e1-74acd17bd88f restarts=6 usage_cpu=1m usage_mem=35Mi request_cpu=476m request_mem=250Mi limit_cpu=none limit_mem=none vpa_target_cpu=25m vpa_target_mem=250Mi vpa_uncapped_cpu=25m vpa_uncapped_mem=250Mi vpa_lower_cpu=25m vpa_lower_mem=250Mi vpa_upper_cpu=1500m vpa_upper_mem=512Mi
[2026-08-21T23:37:45+02:00] UPF_CONTROL_SAMPLE timestamp=2026-08-21T23:37:44+02:00 scenario=vpa_idle_request_wait pod=open5gs-upf-5b9db6d44-nsbqz uid=7b5b8ef7-a2a2-4fe9-a3e1-74acd17bd88f restarts=6 usage_cpu=1m usage_mem=35Mi request_cpu=476m request_mem=250Mi limit_cpu=none limit_mem=none vpa_target_cpu=25m vpa_target_mem=250Mi vpa_uncapped_cpu=25m vpa_uncapped_mem=250Mi vpa_lower_cpu=25m vpa_lower_mem=250Mi vpa_upper_cpu=1500m vpa_upper_mem=512Mi
[2026-08-21T23:37:47+02:00] UPF_CONTROL_SAMPLE timestamp=2026-08-21T23:37:46+02:00 scenario=vpa_idle_request_wait pod=open5gs-upf-5b9db6d44-nsbqz uid=7b5b8ef7-a2a2-4fe9-a3e1-74acd17bd88f restarts=6 usage_cpu=1m usage_mem=35Mi request_cpu=476m request_mem=250Mi limit_cpu=none limit_mem=none vpa_target_cpu=25m vpa_target_mem=250Mi vpa_uncapped_cpu=25m vpa_uncapped_mem=250Mi vpa_lower_cpu=25m vpa_lower_mem=250Mi vpa_upper_cpu=1500m vpa_upper_mem=512Mi
[2026-08-21T23:37:50+02:00] UPF_CONTROL_SAMPLE timestamp=2026-08-21T23:37:48+02:00 scenario=vpa_idle_request_wait pod=open5gs-upf-5b9db6d44-nsbqz uid=7b5b8ef7-a2a2-4fe9-a3e1-74acd17bd88f restarts=6 usage_cpu=1m usage_mem=35Mi request_cpu=476m request_mem=250Mi limit_cpu=none limit_mem=none vpa_target_cpu=25m vpa_target_mem=250Mi vpa_uncapped_cpu=25m vpa_uncapped_mem=250Mi vpa_lower_cpu=25m vpa_lower_mem=250Mi vpa_upper_cpu=1500m vpa_upper_mem=512Mi
[2026-08-21T23:37:52+02:00] UPF_CONTROL_SAMPLE timestamp=2026-08-21T23:37:51+02:00 scenario=vpa_idle_request_wait pod=open5gs-upf-5b9db6d44-nsbqz uid=7b5b8ef7-a2a2-4fe9-a3e1-74acd17bd88f restarts=6 usage_cpu=1m usage_mem=35Mi request_cpu=476m request_mem=250Mi limit_cpu=none limit_mem=none vpa_target_cpu=25m vpa_target_mem=250Mi vpa_uncapped_cpu=25m vpa_uncapped_mem=250Mi vpa_lower_cpu=25m vpa_lower_mem=250Mi vpa_upper_cpu=1500m vpa_upper_mem=512Mi
[2026-08-21T23:37:55+02:00] UPF_CONTROL_SAMPLE timestamp=2026-08-21T23:37:53+02:00 scenario=vpa_idle_request_wait pod=open5gs-upf-5b9db6d44-nsbqz uid=7b5b8ef7-a2a2-4fe9-a3e1-74acd17bd88f restarts=6 usage_cpu=1m usage_mem=35Mi request_cpu=476m request_mem=250Mi limit_cpu=none limit_mem=none vpa_target_cpu=25m vpa_target_mem=250Mi vpa_uncapped_cpu=25m vpa_uncapped_mem=250Mi vpa_lower_cpu=25m vpa_lower_mem=250Mi vpa_upper_cpu=1500m vpa_upper_mem=512Mi
[2026-08-21T23:37:57+02:00] UPF_CONTROL_SAMPLE timestamp=2026-08-21T23:37:56+02:00 scenario=vpa_idle_request_wait pod=open5gs-upf-5b9db6d44-nsbqz uid=7b5b8ef7-a2a2-4fe9-a3e1-74acd17bd88f restarts=6 usage_cpu=1m usage_mem=35Mi request_cpu=476m request_mem=250Mi limit_cpu=none limit_mem=none vpa_target_cpu=25m vpa_target_mem=250Mi vpa_uncapped_cpu=25m vpa_uncapped_mem=250Mi vpa_lower_cpu=25m vpa_lower_mem=250Mi vpa_upper_cpu=1500m vpa_upper_mem=512Mi
[2026-08-21T23:38:00+02:00] UPF_CONTROL_SAMPLE timestamp=2026-08-21T23:37:58+02:00 scenario=vpa_idle_request_wait pod=open5gs-upf-5b9db6d44-nsbqz uid=7b5b8ef7-a2a2-4fe9-a3e1-74acd17bd88f restarts=6 usage_cpu=1m usage_mem=35Mi request_cpu=476m request_mem=250Mi limit_cpu=none limit_mem=none vpa_target_cpu=25m vpa_target_mem=250Mi vpa_uncapped_cpu=25m vpa_uncapped_mem=250Mi vpa_lower_cpu=25m vpa_lower_mem=250Mi vpa_upper_cpu=1500m vpa_upper_mem=512Mi
[2026-08-21T23:38:02+02:00] UPF_CONTROL_SAMPLE timestamp=2026-08-21T23:38:01+02:00 scenario=vpa_idle_request_wait pod=open5gs-upf-5b9db6d44-nsbqz uid=7b5b8ef7-a2a2-4fe9-a3e1-74acd17bd88f restarts=6 usage_cpu=1m usage_mem=35Mi request_cpu=476m request_mem=250Mi limit_cpu=none limit_mem=none vpa_target_cpu=25m vpa_target_mem=250Mi vpa_uncapped_cpu=25m vpa_uncapped_mem=250Mi vpa_lower_cpu=25m vpa_lower_mem=250Mi vpa_upper_cpu=1500m vpa_upper_mem=512Mi
[2026-08-21T23:38:04+02:00] UPF_IDLE_REQUEST_WAIT_PROGRESS timestamp=2026-08-21T23:38:04+02:00 elapsed_s=90 expected_request_cpu=25m baseline='request_cpu=476m request_mem=250Mi limit_cpu=none limit_mem=none' current='request_cpu=476m request_mem=250Mi limit_cpu=none limit_mem=none' request_cpu=476m pod=open5gs-upf-5b9db6d44-nsbqz usage_cpu=1m usage_mem=35Mi vpa_target_cpu=25m vpa_target_mem=250Mi vpa_uncapped_cpu=25m vpa_uncapped_mem=250Mi vpa_lower_cpu=25m vpa_lower_mem=250Mi vpa_upper_cpu=1500m vpa_upper_mem=512Mi
[2026-08-21T23:38:05+02:00] UPF_CONTROL_SAMPLE timestamp=2026-08-21T23:38:03+02:00 scenario=vpa_idle_request_wait pod=open5gs-upf-5b9db6d44-nsbqz uid=7b5b8ef7-a2a2-4fe9-a3e1-74acd17bd88f restarts=6 usage_cpu=1m usage_mem=35Mi request_cpu=476m request_mem=250Mi limit_cpu=none limit_mem=none vpa_target_cpu=25m vpa_target_mem=250Mi vpa_uncapped_cpu=25m vpa_uncapped_mem=250Mi vpa_lower_cpu=25m vpa_lower_mem=250Mi vpa_upper_cpu=1500m vpa_upper_mem=512Mi
[2026-08-21T23:38:08+02:00] UPF_CONTROL_SAMPLE timestamp=2026-08-21T23:38:06+02:00 scenario=vpa_idle_request_wait pod=open5gs-upf-5b9db6d44-nsbqz uid=7b5b8ef7-a2a2-4fe9-a3e1-74acd17bd88f restarts=6 usage_cpu=1m usage_mem=35Mi request_cpu=476m request_mem=250Mi limit_cpu=none limit_mem=none vpa_target_cpu=25m vpa_target_mem=250Mi vpa_uncapped_cpu=25m vpa_uncapped_mem=250Mi vpa_lower_cpu=25m vpa_lower_mem=250Mi vpa_upper_cpu=1500m vpa_upper_mem=512Mi
[2026-08-21T23:38:11+02:00] UPF_CONTROL_SAMPLE timestamp=2026-08-21T23:38:09+02:00 scenario=vpa_idle_request_wait pod=open5gs-upf-5b9db6d44-nsbqz uid=7b5b8ef7-a2a2-4fe9-a3e1-74acd17bd88f restarts=6 usage_cpu=1m usage_mem=35Mi request_cpu=476m request_mem=250Mi limit_cpu=none limit_mem=none vpa_target_cpu=25m vpa_target_mem=250Mi vpa_uncapped_cpu=25m vpa_uncapped_mem=250Mi vpa_lower_cpu=25m vpa_lower_mem=250Mi vpa_upper_cpu=1500m vpa_upper_mem=512Mi
[2026-08-21T23:38:13+02:00] UPF_CONTROL_SAMPLE timestamp=2026-08-21T23:38:12+02:00 scenario=vpa_idle_request_wait pod=open5gs-upf-5b9db6d44-nsbqz uid=7b5b8ef7-a2a2-4fe9-a3e1-74acd17bd88f restarts=6 usage_cpu=1m usage_mem=35Mi request_cpu=476m request_mem=250Mi limit_cpu=none limit_mem=none vpa_target_cpu=25m vpa_target_mem=250Mi vpa_uncapped_cpu=25m vpa_uncapped_mem=250Mi vpa_lower_cpu=25m vpa_lower_mem=250Mi vpa_upper_cpu=1500m vpa_upper_mem=512Mi
[2026-08-21T23:38:14+02:00] UPF_IDLE_REQUEST_WAIT_PROGRESS timestamp=2026-08-21T23:38:14+02:00 elapsed_s=100 expected_request_cpu=25m baseline='request_cpu=476m request_mem=250Mi limit_cpu=none limit_mem=none' current='request_cpu=476m request_mem=250Mi limit_cpu=none limit_mem=none' request_cpu=476m pod=open5gs-upf-5b9db6d44-nsbqz usage_cpu=1m usage_mem=35Mi vpa_target_cpu=25m vpa_target_mem=250Mi vpa_uncapped_cpu=25m vpa_uncapped_mem=250Mi vpa_lower_cpu=25m vpa_lower_mem=250Mi vpa_upper_cpu=1500m vpa_upper_mem=512Mi
[2026-08-21T23:38:15+02:00] UPF_CONTROL_SAMPLE timestamp=2026-08-21T23:38:14+02:00 scenario=vpa_idle_request_wait pod=open5gs-upf-5b9db6d44-nsbqz uid=7b5b8ef7-a2a2-4fe9-a3e1-74acd17bd88f restarts=6 usage_cpu=1m usage_mem=35Mi request_cpu=476m request_mem=250Mi limit_cpu=none limit_mem=none vpa_target_cpu=25m vpa_target_mem=250Mi vpa_uncapped_cpu=25m vpa_uncapped_mem=250Mi vpa_lower_cpu=25m vpa_lower_mem=250Mi vpa_upper_cpu=1500m vpa_upper_mem=512Mi
[2026-08-21T23:38:18+02:00] UPF_CONTROL_SAMPLE timestamp=2026-08-21T23:38:16+02:00 scenario=vpa_idle_request_wait pod=open5gs-upf-5b9db6d44-nsbqz uid=7b5b8ef7-a2a2-4fe9-a3e1-74acd17bd88f restarts=6 usage_cpu=1m usage_mem=35Mi request_cpu=476m request_mem=250Mi limit_cpu=none limit_mem=none vpa_target_cpu=25m vpa_target_mem=250Mi vpa_uncapped_cpu=25m vpa_uncapped_mem=250Mi vpa_lower_cpu=25m vpa_lower_mem=250Mi vpa_upper_cpu=1500m vpa_upper_mem=512Mi
[2026-08-21T23:38:20+02:00] UPF_CONTROL_SAMPLE timestamp=2026-08-21T23:38:19+02:00 scenario=vpa_idle_request_wait pod=open5gs-upf-5b9db6d44-nsbqz uid=7b5b8ef7-a2a2-4fe9-a3e1-74acd17bd88f restarts=6 usage_cpu=1m usage_mem=35Mi request_cpu=476m request_mem=250Mi limit_cpu=none limit_mem=none vpa_target_cpu=25m vpa_target_mem=250Mi vpa_uncapped_cpu=25m vpa_uncapped_mem=250Mi vpa_lower_cpu=25m vpa_lower_mem=250Mi vpa_upper_cpu=1500m vpa_upper_mem=512Mi
[2026-08-21T23:38:23+02:00] UPF_CONTROL_SAMPLE timestamp=2026-08-21T23:38:21+02:00 scenario=vpa_idle_request_wait pod=open5gs-upf-5b9db6d44-nsbqz uid=7b5b8ef7-a2a2-4fe9-a3e1-74acd17bd88f restarts=6 usage_cpu=1m usage_mem=35Mi request_cpu=476m request_mem=250Mi limit_cpu=none limit_mem=none vpa_target_cpu=25m vpa_target_mem=250Mi vpa_uncapped_cpu=25m vpa_uncapped_mem=250Mi vpa_lower_cpu=25m vpa_lower_mem=250Mi vpa_upper_cpu=1500m vpa_upper_mem=512Mi
[2026-08-21T23:38:25+02:00] UPF_CONTROL_SAMPLE timestamp=2026-08-21T23:38:24+02:00 scenario=vpa_idle_request_wait pod=open5gs-upf-5b9db6d44-nsbqz uid=7b5b8ef7-a2a2-4fe9-a3e1-74acd17bd88f restarts=6 usage_cpu=1m usage_mem=35Mi request_cpu=476m request_mem=250Mi limit_cpu=none limit_mem=none vpa_target_cpu=25m vpa_target_mem=250Mi vpa_uncapped_cpu=25m vpa_uncapped_mem=250Mi vpa_lower_cpu=25m vpa_lower_mem=250Mi vpa_upper_cpu=1500m vpa_upper_mem=512Mi
[2026-08-21T23:38:27+02:00] UPF_IDLE_REQUEST_WAIT_END timestamp=2026-08-21T23:38:27+02:00 result=idle_request_ready elapsed_s=113 pod=open5gs-upf-5b9db6d44-nsbqz expected_request_cpu=25m baseline='request_cpu=476m request_mem=250Mi limit_cpu=none limit_mem=none' current='request_cpu=25m request_mem=250Mi limit_cpu=none limit_mem=none' usage_cpu=1m usage_mem=35Mi vpa_target_cpu=25m vpa_target_mem=250Mi vpa_uncapped_cpu=25m vpa_uncapped_mem=250Mi vpa_lower_cpu=25m vpa_lower_mem=250Mi vpa_upper_cpu=1500m vpa_upper_mem=512Mi
[2026-08-21T23:38:27+02:00] SCENARIO LOOP START timestamp=2026-08-21T23:38:27+02:00 scenarios="1 3 5 7 9 11 13 15 17 19 21 23 25 27 29 31 33 35"
[2026-08-21T23:38:27+02:00] ================================================================
[2026-08-21T23:38:27+02:00] SCENARIO START timestamp=2026-08-21T23:38:27+02:00 active_ue=1 registered_ue_pool=50 target_host=192.168.1.211 ports=5201-5201 replacement_ports=5251-5265 bitrate_per_ue=1M start_delay=0.05 replacement_min_duration=5 adaptive_extension_max=1
[2026-08-21T23:38:27+02:00] ================================================================
[2026-08-21T23:38:27+02:00] SCENARIO TUNNEL CHECK timestamp=2026-08-21T23:38:27+02:00 active_ue=1 current_tunnels=50 required=50
[2026-08-21T23:38:28+02:00] UPF_REQUEST_CHANGE timestamp=2026-08-21T23:38:26+02:00 scenario=vpa_idle_request_wait pod=open5gs-upf-5b9db6d44-nsbqz uid=7b5b8ef7-a2a2-4fe9-a3e1-74acd17bd88f restarts=6 old='request_cpu=476m request_mem=250Mi limit_cpu=none limit_mem=none' new='request_cpu=25m request_mem=250Mi limit_cpu=none limit_mem=none' previous_5s_sample='timestamp=2026-08-21T23:38:21+02:00 scenario=vpa_idle_request_wait pod=open5gs-upf-5b9db6d44-nsbqz uid=7b5b8ef7-a2a2-4fe9-a3e1-74acd17bd88f restarts=6 usage_cpu=1m usage_mem=35Mi request_cpu=476m request_mem=250Mi limit_cpu=none limit_mem=none vpa_target_cpu=25m vpa_target_mem=250Mi vpa_uncapped_cpu=25m vpa_uncapped_mem=250Mi vpa_lower_cpu=25m vpa_lower_mem=250Mi vpa_upper_cpu=1500m vpa_upper_mem=512Mi' current_sample='timestamp=2026-08-21T23:38:26+02:00 scenario=vpa_idle_request_wait pod=open5gs-upf-5b9db6d44-nsbqz uid=7b5b8ef7-a2a2-4fe9-a3e1-74acd17bd88f restarts=6 usage_cpu=1m usage_mem=35Mi request_cpu=25m request_mem=250Mi limit_cpu=none limit_mem=none vpa_target_cpu=25m vpa_target_mem=250Mi vpa_uncapped_cpu=25m vpa_uncapped_mem=250Mi vpa_lower_cpu=25m vpa_lower_mem=250Mi vpa_upper_cpu=1500m vpa_upper_mem=512Mi'
[2026-08-21T23:38:28+02:00] UPF_CONTROL_SAMPLE timestamp=2026-08-21T23:38:26+02:00 scenario=vpa_idle_request_wait pod=open5gs-upf-5b9db6d44-nsbqz uid=7b5b8ef7-a2a2-4fe9-a3e1-74acd17bd88f restarts=6 usage_cpu=1m usage_mem=35Mi request_cpu=25m request_mem=250Mi limit_cpu=none limit_mem=none vpa_target_cpu=25m vpa_target_mem=250Mi vpa_uncapped_cpu=25m vpa_uncapped_mem=250Mi vpa_lower_cpu=25m vpa_lower_mem=250Mi vpa_upper_cpu=1500m vpa_upper_mem=512Mi
[2026-08-21T23:38:28+02:00] SCENARIO UPF BEFORE timestamp=2026-08-21T23:38:28+02:00 active_ue=1 pod=open5gs-upf-5b9db6d44-nsbqz uid=7b5b8ef7-a2a2-4fe9-a3e1-74acd17bd88f restarts=6
[2026-08-21T23:38:29+02:00] REMOTE_IPERF_PER_UE_START timestamp=2026-08-21T21:38:29+00:00 active_ues=1 tag=ue_1 iperf_host=192.168.1.211 base_port=5201 replacement_base_port=5251 duration=80 bitrate=1M start_delay=0.05 detection=no_rx_counter connect_timeout_s=4 stall_seconds=5 replacement_limit=15 replacement_min_duration_s=5 adaptive_extension_max_s=1 iperf_exit_grace_s=3 server_busy_port_rebinds=1 late_replacement_after_end=disabled wait_for_iperf_exit=until_timeout global_suspect_policy=soft_reuse ramp_supervision=after_initial_start
[2026-08-21T23:38:29+02:00] UE_POOL_STATUS timestamp=2026-08-21T21:38:29+00:00 active_ues=1 registered_tunnels=50 existing_global_suspect_ues=0 used_ues=0 policy=soft_reuse_global_suspects
[2026-08-21T23:38:29+02:00] UE_SLOT_ASSIGN timestamp=2026-08-21T21:38:29+00:00 active_ues=1 slot=0 ue_idx=0 ue_if=uesimtun0 ue_ip=10.45.0.252 candidate_reused_global_suspect=0
[2026-08-21T23:38:29+02:00] UE_SLOT_START timestamp=2026-08-21T21:38:29+00:00 active_ues=1 slot=0 attempt=1 ue_idx=0 ue_if=uesimtun0 ue_ip=10.45.0.252 target=192.168.1.211:5201 bitrate=1M duration_s=80 planned_end_epoch=1787348389 timeout_s=90 hard_timeout_epoch=1787348404 start_rx_bytes=5598
[2026-08-21T23:38:29+02:00] UE_SLOT_PID timestamp=2026-08-21T21:38:29+00:00 active_ues=1 slot=0 attempt=1 ue_idx=0 pid=924
[2026-08-21T23:38:29+02:00] IPERF_MAPPING_SUMMARY timestamp=2026-08-21T21:38:29+00:00 active_ues=1 registered_tunnels=50 initial_ports=5201-5201 replacement_ports=5251-5265 bitrate=1M start_delay=0.05 detection=no_rx_counter replacement_min_duration_s=5 adaptive_extension_max_s=1 iperf_exit_grace_s=3 server_busy_port_rebinds=1 late_replacement_after_end=disabled wait_for_iperf_exit=until_timeout global_suspect_policy=soft_reuse ramp_supervision=after_initial_start
[2026-08-21T23:38:31+02:00] UPF_CONTROL_SAMPLE timestamp=2026-08-21T23:38:29+02:00 scenario=ue_1 pod=open5gs-upf-5b9db6d44-nsbqz uid=7b5b8ef7-a2a2-4fe9-a3e1-74acd17bd88f restarts=6 usage_cpu=1m usage_mem=35Mi request_cpu=25m request_mem=250Mi limit_cpu=none limit_mem=none vpa_target_cpu=25m vpa_target_mem=250Mi vpa_uncapped_cpu=25m vpa_uncapped_mem=250Mi vpa_lower_cpu=25m vpa_lower_mem=250Mi vpa_upper_cpu=1500m vpa_upper_mem=512Mi
[2026-08-21T23:38:33+02:00] UPF_CONTROL_SAMPLE timestamp=2026-08-21T23:38:32+02:00 scenario=ue_1 pod=open5gs-upf-5b9db6d44-nsbqz uid=7b5b8ef7-a2a2-4fe9-a3e1-74acd17bd88f restarts=6 usage_cpu=1m usage_mem=35Mi request_cpu=25m request_mem=250Mi limit_cpu=none limit_mem=none vpa_target_cpu=25m vpa_target_mem=250Mi vpa_uncapped_cpu=25m vpa_uncapped_mem=250Mi vpa_lower_cpu=25m vpa_lower_mem=250Mi vpa_upper_cpu=1500m vpa_upper_mem=512Mi
[2026-08-21T23:38:36+02:00] UPF_CONTROL_SAMPLE timestamp=2026-08-21T23:38:34+02:00 scenario=ue_1 pod=open5gs-upf-5b9db6d44-nsbqz uid=7b5b8ef7-a2a2-4fe9-a3e1-74acd17bd88f restarts=6 usage_cpu=1m usage_mem=35Mi request_cpu=25m request_mem=250Mi limit_cpu=none limit_mem=none vpa_target_cpu=25m vpa_target_mem=250Mi vpa_uncapped_cpu=25m vpa_uncapped_mem=250Mi vpa_lower_cpu=25m vpa_lower_mem=250Mi vpa_upper_cpu=1500m vpa_upper_mem=512Mi
[2026-08-21T23:38:38+02:00] UPF_CONTROL_SAMPLE timestamp=2026-08-21T23:38:37+02:00 scenario=ue_1 pod=open5gs-upf-5b9db6d44-nsbqz uid=7b5b8ef7-a2a2-4fe9-a3e1-74acd17bd88f restarts=6 usage_cpu=1m usage_mem=35Mi request_cpu=25m request_mem=250Mi limit_cpu=none limit_mem=none vpa_target_cpu=25m vpa_target_mem=250Mi vpa_uncapped_cpu=25m vpa_uncapped_mem=250Mi vpa_lower_cpu=25m vpa_lower_mem=250Mi vpa_upper_cpu=1500m vpa_upper_mem=512Mi
[2026-08-21T23:38:40+02:00] UPF_CONTROL_SAMPLE timestamp=2026-08-21T23:38:39+02:00 scenario=ue_1 pod=open5gs-upf-5b9db6d44-nsbqz uid=7b5b8ef7-a2a2-4fe9-a3e1-74acd17bd88f restarts=6 usage_cpu=3m usage_mem=35Mi request_cpu=25m request_mem=250Mi limit_cpu=none limit_mem=none vpa_target_cpu=25m vpa_target_mem=250Mi vpa_uncapped_cpu=25m vpa_uncapped_mem=250Mi vpa_lower_cpu=25m vpa_lower_mem=250Mi vpa_upper_cpu=1500m vpa_upper_mem=512Mi
[2026-08-21T23:38:42+02:00] UPF_CONTROL_SAMPLE timestamp=2026-08-21T23:38:41+02:00 scenario=ue_1 pod=open5gs-upf-5b9db6d44-nsbqz uid=7b5b8ef7-a2a2-4fe9-a3e1-74acd17bd88f restarts=6 usage_cpu=3m usage_mem=35Mi request_cpu=25m request_mem=250Mi limit_cpu=none limit_mem=none vpa_target_cpu=25m vpa_target_mem=250Mi vpa_uncapped_cpu=25m vpa_uncapped_mem=250Mi vpa_lower_cpu=25m vpa_lower_mem=250Mi vpa_upper_cpu=1500m vpa_upper_mem=512Mi
[2026-08-21T23:38:45+02:00] UPF_CONTROL_SAMPLE timestamp=2026-08-21T23:38:43+02:00 scenario=ue_1 pod=open5gs-upf-5b9db6d44-nsbqz uid=7b5b8ef7-a2a2-4fe9-a3e1-74acd17bd88f restarts=6 usage_cpu=3m usage_mem=35Mi request_cpu=25m request_mem=250Mi limit_cpu=none limit_mem=none vpa_target_cpu=25m vpa_target_mem=250Mi vpa_uncapped_cpu=25m vpa_uncapped_mem=250Mi vpa_lower_cpu=25m vpa_lower_mem=250Mi vpa_upper_cpu=1500m vpa_upper_mem=512Mi
[2026-08-21T23:38:47+02:00] UPF_CONTROL_SAMPLE timestamp=2026-08-21T23:38:46+02:00 scenario=ue_1 pod=open5gs-upf-5b9db6d44-nsbqz uid=7b5b8ef7-a2a2-4fe9-a3e1-74acd17bd88f restarts=6 usage_cpu=3m usage_mem=35Mi request_cpu=25m request_mem=250Mi limit_cpu=none limit_mem=none vpa_target_cpu=25m vpa_target_mem=250Mi vpa_uncapped_cpu=25m vpa_uncapped_mem=250Mi vpa_lower_cpu=25m vpa_lower_mem=250Mi vpa_upper_cpu=1500m vpa_upper_mem=512Mi
[2026-08-21T23:38:49+02:00] UPF_CONTROL_SAMPLE timestamp=2026-08-21T23:38:48+02:00 scenario=ue_1 pod=open5gs-upf-5b9db6d44-nsbqz uid=7b5b8ef7-a2a2-4fe9-a3e1-74acd17bd88f restarts=6 usage_cpu=3m usage_mem=35Mi request_cpu=25m request_mem=250Mi limit_cpu=none limit_mem=none vpa_target_cpu=25m vpa_target_mem=250Mi vpa_uncapped_cpu=25m vpa_uncapped_mem=250Mi vpa_lower_cpu=25m vpa_lower_mem=250Mi vpa_upper_cpu=1500m vpa_upper_mem=512Mi
[2026-08-21T23:38:51+02:00] UPF_CONTROL_SAMPLE timestamp=2026-08-21T23:38:50+02:00 scenario=ue_1 pod=open5gs-upf-5b9db6d44-nsbqz uid=7b5b8ef7-a2a2-4fe9-a3e1-74acd17bd88f restarts=6 usage_cpu=3m usage_mem=35Mi request_cpu=25m request_mem=250Mi limit_cpu=none limit_mem=none vpa_target_cpu=25m vpa_target_mem=250Mi vpa_uncapped_cpu=25m vpa_uncapped_mem=250Mi vpa_lower_cpu=25m vpa_lower_mem=250Mi vpa_upper_cpu=1500m vpa_upper_mem=512Mi
[2026-08-21T23:38:54+02:00] UPF_CONTROL_SAMPLE timestamp=2026-08-21T23:38:52+02:00 scenario=ue_1 pod=open5gs-upf-5b9db6d44-nsbqz uid=7b5b8ef7-a2a2-4fe9-a3e1-74acd17bd88f restarts=6 usage_cpu=3m usage_mem=35Mi request_cpu=25m request_mem=250Mi limit_cpu=none limit_mem=none vpa_target_cpu=25m vpa_target_mem=250Mi vpa_uncapped_cpu=25m vpa_uncapped_mem=250Mi vpa_lower_cpu=25m vpa_lower_mem=250Mi vpa_upper_cpu=1500m vpa_upper_mem=512Mi
[2026-08-21T23:38:56+02:00] UPF_CONTROL_SAMPLE timestamp=2026-08-21T23:38:55+02:00 scenario=ue_1 pod=open5gs-upf-5b9db6d44-nsbqz uid=7b5b8ef7-a2a2-4fe9-a3e1-74acd17bd88f restarts=6 usage_cpu=19m usage_mem=35Mi request_cpu=25m request_mem=250Mi limit_cpu=none limit_mem=none vpa_target_cpu=25m vpa_target_mem=250Mi vpa_uncapped_cpu=25m vpa_uncapped_mem=250Mi vpa_lower_cpu=25m vpa_lower_mem=250Mi vpa_upper_cpu=1500m vpa_upper_mem=512Mi
[2026-08-21T23:38:58+02:00] UPF_CONTROL_SAMPLE timestamp=2026-08-21T23:38:57+02:00 scenario=ue_1 pod=open5gs-upf-5b9db6d44-nsbqz uid=7b5b8ef7-a2a2-4fe9-a3e1-74acd17bd88f restarts=6 usage_cpu=19m usage_mem=35Mi request_cpu=25m request_mem=250Mi limit_cpu=none limit_mem=none vpa_target_cpu=25m vpa_target_mem=250Mi vpa_uncapped_cpu=25m vpa_uncapped_mem=250Mi vpa_lower_cpu=25m vpa_lower_mem=250Mi vpa_upper_cpu=1500m vpa_upper_mem=512Mi
[2026-08-21T23:39:01+02:00] UPF_CONTROL_SAMPLE timestamp=2026-08-21T23:38:59+02:00 scenario=ue_1 pod=open5gs-upf-5b9db6d44-nsbqz uid=7b5b8ef7-a2a2-4fe9-a3e1-74acd17bd88f restarts=6 usage_cpu=19m usage_mem=35Mi request_cpu=25m request_mem=250Mi limit_cpu=none limit_mem=none vpa_target_cpu=25m vpa_target_mem=250Mi vpa_uncapped_cpu=25m vpa_uncapped_mem=250Mi vpa_lower_cpu=25m vpa_lower_mem=250Mi vpa_upper_cpu=1500m vpa_upper_mem=512Mi
[2026-08-21T23:39:03+02:00] UPF_CONTROL_SAMPLE timestamp=2026-08-21T23:39:02+02:00 scenario=ue_1 pod=open5gs-upf-5b9db6d44-nsbqz uid=7b5b8ef7-a2a2-4fe9-a3e1-74acd17bd88f restarts=6 usage_cpu=19m usage_mem=35Mi request_cpu=25m request_mem=250Mi limit_cpu=none limit_mem=none vpa_target_cpu=25m vpa_target_mem=250Mi vpa_uncapped_cpu=25m vpa_uncapped_mem=250Mi vpa_lower_cpu=25m vpa_lower_mem=250Mi vpa_upper_cpu=1500m vpa_upper_mem=512Mi
[2026-08-21T23:39:05+02:00] UPF_CONTROL_SAMPLE timestamp=2026-08-21T23:39:04+02:00 scenario=ue_1 pod=open5gs-upf-5b9db6d44-nsbqz uid=7b5b8ef7-a2a2-4fe9-a3e1-74acd17bd88f restarts=6 usage_cpu=19m usage_mem=35Mi request_cpu=25m request_mem=250Mi limit_cpu=none limit_mem=none vpa_target_cpu=25m vpa_target_mem=250Mi vpa_uncapped_cpu=25m vpa_uncapped_mem=250Mi vpa_lower_cpu=25m vpa_lower_mem=250Mi vpa_upper_cpu=1500m vpa_upper_mem=512Mi
[2026-08-21T23:39:07+02:00] UPF_CONTROL_SAMPLE timestamp=2026-08-21T23:39:06+02:00 scenario=ue_1 pod=open5gs-upf-5b9db6d44-nsbqz uid=7b5b8ef7-a2a2-4fe9-a3e1-74acd17bd88f restarts=6 usage_cpu=19m usage_mem=35Mi request_cpu=25m request_mem=250Mi limit_cpu=none limit_mem=none vpa_target_cpu=25m vpa_target_mem=250Mi vpa_uncapped_cpu=25m vpa_uncapped_mem=250Mi vpa_lower_cpu=25m vpa_lower_mem=250Mi vpa_upper_cpu=1500m vpa_upper_mem=512Mi
[2026-08-21T23:39:10+02:00] UPF_CONTROL_SAMPLE timestamp=2026-08-21T23:39:08+02:00 scenario=ue_1 pod=open5gs-upf-5b9db6d44-nsbqz uid=7b5b8ef7-a2a2-4fe9-a3e1-74acd17bd88f restarts=6 usage_cpu=19m usage_mem=35Mi request_cpu=25m request_mem=250Mi limit_cpu=none limit_mem=none vpa_target_cpu=25m vpa_target_mem=250Mi vpa_uncapped_cpu=25m vpa_uncapped_mem=250Mi vpa_lower_cpu=25m vpa_lower_mem=250Mi vpa_upper_cpu=1500m vpa_upper_mem=512Mi
[2026-08-21T23:39:12+02:00] UPF_CONTROL_SAMPLE timestamp=2026-08-21T23:39:11+02:00 scenario=ue_1 pod=open5gs-upf-5b9db6d44-nsbqz uid=7b5b8ef7-a2a2-4fe9-a3e1-74acd17bd88f restarts=6 usage_cpu=17m usage_mem=35Mi request_cpu=25m request_mem=250Mi limit_cpu=none limit_mem=none vpa_target_cpu=25m vpa_target_mem=250Mi vpa_uncapped_cpu=25m vpa_uncapped_mem=250Mi vpa_lower_cpu=25m vpa_lower_mem=250Mi vpa_upper_cpu=1500m vpa_upper_mem=512Mi
[2026-08-21T23:39:14+02:00] UPF_CONTROL_SAMPLE timestamp=2026-08-21T23:39:13+02:00 scenario=ue_1 pod=open5gs-upf-5b9db6d44-nsbqz uid=7b5b8ef7-a2a2-4fe9-a3e1-74acd17bd88f restarts=6 usage_cpu=17m usage_mem=35Mi request_cpu=25m request_mem=250Mi limit_cpu=none limit_mem=none vpa_target_cpu=25m vpa_target_mem=250Mi vpa_uncapped_cpu=25m vpa_uncapped_mem=250Mi vpa_lower_cpu=25m vpa_lower_mem=250Mi vpa_upper_cpu=1500m vpa_upper_mem=512Mi
[2026-08-21T23:39:17+02:00] UPF_CONTROL_SAMPLE timestamp=2026-08-21T23:39:15+02:00 scenario=ue_1 pod=open5gs-upf-5b9db6d44-nsbqz uid=7b5b8ef7-a2a2-4fe9-a3e1-74acd17bd88f restarts=6 usage_cpu=17m usage_mem=35Mi request_cpu=25m request_mem=250Mi limit_cpu=none limit_mem=none vpa_target_cpu=25m vpa_target_mem=250Mi vpa_uncapped_cpu=25m vpa_uncapped_mem=250Mi vpa_lower_cpu=25m vpa_lower_mem=250Mi vpa_upper_cpu=1500m vpa_upper_mem=512Mi
[2026-08-21T23:39:19+02:00] UPF_CONTROL_SAMPLE timestamp=2026-08-21T23:39:18+02:00 scenario=ue_1 pod=open5gs-upf-5b9db6d44-nsbqz uid=7b5b8ef7-a2a2-4fe9-a3e1-74acd17bd88f restarts=6 usage_cpu=17m usage_mem=35Mi request_cpu=25m request_mem=250Mi limit_cpu=none limit_mem=none vpa_target_cpu=25m vpa_target_mem=250Mi vpa_uncapped_cpu=25m vpa_uncapped_mem=250Mi vpa_lower_cpu=25m vpa_lower_mem=250Mi vpa_upper_cpu=1500m vpa_upper_mem=512Mi
[2026-08-21T23:39:21+02:00] UPF_CONTROL_SAMPLE timestamp=2026-08-21T23:39:20+02:00 scenario=ue_1 pod=open5gs-upf-5b9db6d44-nsbqz uid=7b5b8ef7-a2a2-4fe9-a3e1-74acd17bd88f restarts=6 usage_cpu=17m usage_mem=35Mi request_cpu=25m request_mem=250Mi limit_cpu=none limit_mem=none vpa_target_cpu=25m vpa_target_mem=250Mi vpa_uncapped_cpu=25m vpa_uncapped_mem=250Mi vpa_lower_cpu=25m vpa_lower_mem=250Mi vpa_upper_cpu=1500m vpa_upper_mem=512Mi
[2026-08-21T23:39:23+02:00] UPF_CONTROL_SAMPLE timestamp=2026-08-21T23:39:22+02:00 scenario=ue_1 pod=open5gs-upf-5b9db6d44-nsbqz uid=7b5b8ef7-a2a2-4fe9-a3e1-74acd17bd88f restarts=6 usage_cpu=17m usage_mem=35Mi request_cpu=25m request_mem=250Mi limit_cpu=none limit_mem=none vpa_target_cpu=25m vpa_target_mem=250Mi vpa_uncapped_cpu=25m vpa_uncapped_mem=250Mi vpa_lower_cpu=25m vpa_lower_mem=250Mi vpa_upper_cpu=1500m vpa_upper_mem=512Mi
[2026-08-21T23:39:26+02:00] UPF_CONTROL_SAMPLE timestamp=2026-08-21T23:39:25+02:00 scenario=ue_1 pod=open5gs-upf-5b9db6d44-nsbqz uid=7b5b8ef7-a2a2-4fe9-a3e1-74acd17bd88f restarts=6 usage_cpu=19m usage_mem=35Mi request_cpu=25m request_mem=250Mi limit_cpu=none limit_mem=none vpa_target_cpu=25m vpa_target_mem=250Mi vpa_uncapped_cpu=25m vpa_uncapped_mem=250Mi vpa_lower_cpu=25m vpa_lower_mem=250Mi vpa_upper_cpu=1500m vpa_upper_mem=512Mi
[2026-08-21T23:39:28+02:00] UPF_CONTROL_SAMPLE timestamp=2026-08-21T23:39:27+02:00 scenario=ue_1 pod=open5gs-upf-5b9db6d44-nsbqz uid=7b5b8ef7-a2a2-4fe9-a3e1-74acd17bd88f restarts=6 usage_cpu=19m usage_mem=35Mi request_cpu=25m request_mem=250Mi limit_cpu=none limit_mem=none vpa_target_cpu=25m vpa_target_mem=250Mi vpa_uncapped_cpu=25m vpa_uncapped_mem=250Mi vpa_lower_cpu=25m vpa_lower_mem=250Mi vpa_upper_cpu=1500m vpa_upper_mem=512Mi
[2026-08-21T23:39:30+02:00] UPF_CONTROL_SAMPLE timestamp=2026-08-21T23:39:29+02:00 scenario=ue_1 pod=open5gs-upf-5b9db6d44-nsbqz uid=7b5b8ef7-a2a2-4fe9-a3e1-74acd17bd88f restarts=6 usage_cpu=19m usage_mem=35Mi request_cpu=25m request_mem=250Mi limit_cpu=none limit_mem=none vpa_target_cpu=25m vpa_target_mem=250Mi vpa_uncapped_cpu=25m vpa_uncapped_mem=250Mi vpa_lower_cpu=25m vpa_lower_mem=250Mi vpa_upper_cpu=1500m vpa_upper_mem=512Mi
[2026-08-21T23:39:32+02:00] UPF_CONTROL_SAMPLE timestamp=2026-08-21T23:39:31+02:00 scenario=ue_1 pod=open5gs-upf-5b9db6d44-nsbqz uid=7b5b8ef7-a2a2-4fe9-a3e1-74acd17bd88f restarts=6 usage_cpu=19m usage_mem=35Mi request_cpu=25m request_mem=250Mi limit_cpu=none limit_mem=none vpa_target_cpu=25m vpa_target_mem=250Mi vpa_uncapped_cpu=25m vpa_uncapped_mem=250Mi vpa_lower_cpu=25m vpa_lower_mem=250Mi vpa_upper_cpu=1500m vpa_upper_mem=512Mi
[2026-08-21T23:39:35+02:00] UPF_CONTROL_SAMPLE timestamp=2026-08-21T23:39:33+02:00 scenario=ue_1 pod=open5gs-upf-5b9db6d44-nsbqz uid=7b5b8ef7-a2a2-4fe9-a3e1-74acd17bd88f restarts=6 usage_cpu=19m usage_mem=35Mi request_cpu=25m request_mem=250Mi limit_cpu=none limit_mem=none vpa_target_cpu=25m vpa_target_mem=250Mi vpa_uncapped_cpu=25m vpa_uncapped_mem=250Mi vpa_lower_cpu=25m vpa_lower_mem=250Mi vpa_upper_cpu=1500m vpa_upper_mem=512Mi
[2026-08-21T23:39:37+02:00] UPF_CONTROL_SAMPLE timestamp=2026-08-21T23:39:36+02:00 scenario=ue_1 pod=open5gs-upf-5b9db6d44-nsbqz uid=7b5b8ef7-a2a2-4fe9-a3e1-74acd17bd88f restarts=6 usage_cpu=19m usage_mem=35Mi request_cpu=25m request_mem=250Mi limit_cpu=none limit_mem=none vpa_target_cpu=25m vpa_target_mem=250Mi vpa_uncapped_cpu=25m vpa_uncapped_mem=250Mi vpa_lower_cpu=25m vpa_lower_mem=250Mi vpa_upper_cpu=1500m vpa_upper_mem=512Mi
[2026-08-21T23:39:39+02:00] UPF_CONTROL_SAMPLE timestamp=2026-08-21T23:39:38+02:00 scenario=ue_1 pod=open5gs-upf-5b9db6d44-nsbqz uid=7b5b8ef7-a2a2-4fe9-a3e1-74acd17bd88f restarts=6 usage_cpu=19m usage_mem=35Mi request_cpu=25m request_mem=250Mi limit_cpu=none limit_mem=none vpa_target_cpu=25m vpa_target_mem=250Mi vpa_uncapped_cpu=25m vpa_uncapped_mem=250Mi vpa_lower_cpu=25m vpa_lower_mem=250Mi vpa_upper_cpu=1500m vpa_upper_mem=512Mi
[2026-08-21T23:39:41+02:00] UPF_CONTROL_SAMPLE timestamp=2026-08-21T23:39:40+02:00 scenario=ue_1 pod=open5gs-upf-5b9db6d44-nsbqz uid=7b5b8ef7-a2a2-4fe9-a3e1-74acd17bd88f restarts=6 usage_cpu=20m usage_mem=35Mi request_cpu=25m request_mem=250Mi limit_cpu=none limit_mem=none vpa_target_cpu=25m vpa_target_mem=250Mi vpa_uncapped_cpu=25m vpa_uncapped_mem=250Mi vpa_lower_cpu=25m vpa_lower_mem=250Mi vpa_upper_cpu=1500m vpa_upper_mem=512Mi
[2026-08-21T23:39:44+02:00] UPF_CONTROL_SAMPLE timestamp=2026-08-21T23:39:42+02:00 scenario=ue_1 pod=open5gs-upf-5b9db6d44-nsbqz uid=7b5b8ef7-a2a2-4fe9-a3e1-74acd17bd88f restarts=6 usage_cpu=20m usage_mem=35Mi request_cpu=25m request_mem=250Mi limit_cpu=none limit_mem=none vpa_target_cpu=25m vpa_target_mem=250Mi vpa_uncapped_cpu=25m vpa_uncapped_mem=250Mi vpa_lower_cpu=25m vpa_lower_mem=250Mi vpa_upper_cpu=1500m vpa_upper_mem=512Mi
[2026-08-21T23:39:46+02:00] UPF_CONTROL_SAMPLE timestamp=2026-08-21T23:39:45+02:00 scenario=ue_1 pod=open5gs-upf-5b9db6d44-nsbqz uid=7b5b8ef7-a2a2-4fe9-a3e1-74acd17bd88f restarts=6 usage_cpu=20m usage_mem=35Mi request_cpu=25m request_mem=250Mi limit_cpu=none limit_mem=none vpa_target_cpu=25m vpa_target_mem=250Mi vpa_uncapped_cpu=25m vpa_uncapped_mem=250Mi vpa_lower_cpu=25m vpa_lower_mem=250Mi vpa_upper_cpu=1500m vpa_upper_mem=512Mi
[2026-08-21T23:39:49+02:00] UPF_CONTROL_SAMPLE timestamp=2026-08-21T23:39:47+02:00 scenario=ue_1 pod=open5gs-upf-5b9db6d44-nsbqz uid=7b5b8ef7-a2a2-4fe9-a3e1-74acd17bd88f restarts=6 usage_cpu=20m usage_mem=35Mi request_cpu=25m request_mem=250Mi limit_cpu=none limit_mem=none vpa_target_cpu=25m vpa_target_mem=250Mi vpa_uncapped_cpu=25m vpa_uncapped_mem=250Mi vpa_lower_cpu=25m vpa_lower_mem=250Mi vpa_upper_cpu=1500m vpa_upper_mem=512Mi
[2026-08-21T23:39:49+02:00] UE_SLOT_DONE timestamp=2026-08-21T21:39:49+00:00 active_ues=1 slot=0 attempt=1 ue_idx=0 ue_if=uesimtun0 ue_ip=10.45.0.252 port=5201 rc=0 replacements_for_slot=0 server_busy_retries_for_slot=0
[2026-08-21T23:39:51+02:00] TRAFFIC_SUMMARY timestamp=2026-08-21T21:39:51+00:00 registered_tunnels=50 active_ues=1 target_slots=1 completed_slots=1 final_failed_slots=0 replacements=0 problematic_ues=0 zombie_ues=0 connect_timeouts=0 stalls=0 deferred_stalls=0 process_failures=0 server_busy_retries=0 server_busy_failures=0 late_timeouts_accepted=0 scenario_bad_ues=0 global_suspect_ues=0 used_ues=1 target_host=192.168.1.211 initial_ports=5201-5201 replacement_ports=5251-5265 bitrate=1M start_delay=0.05 detection=no_rx_counter replacement_min_duration_s=5 adaptive_extension_max_s=1 iperf_exit_grace_s=3 server_busy_retries_limit=1 server_busy_retry_delay_s=2 late_replacement_after_end=disabled wait_for_iperf_exit=until_timeout global_suspect_policy=soft_reuse ramp_supervision=after_initial_start
[2026-08-21T23:39:51+02:00] UE_POOL_SCENARIO_BAD_CURRENT timestamp=2026-08-21T21:39:51+00:00 active_ues=1 indexes=
[2026-08-21T23:39:51+02:00] UE_POOL_GLOBAL_SUSPECT_CURRENT timestamp=2026-08-21T21:39:51+00:00 active_ues=1 indexes=
[2026-08-21T23:39:51+02:00] REMOTE_IPERF_PER_UE_END timestamp=2026-08-21T21:39:51+00:00 active_ues=1 tag=ue_1 final_rc=0 completed_slots=1 replacements=0 problematic_ues=0 server_busy_retries=0 deferred_stalls=0 late_timeouts_accepted=0
[2026-08-21T23:39:51+02:00] SCENARIO TRAFFIC COMMAND END timestamp=2026-08-21T23:39:51+02:00 active_ue=1 rc=0
[2026-08-21T23:39:51+02:00] UPF_CONTROL_SAMPLE timestamp=2026-08-21T23:39:50+02:00 scenario=ue_1 pod=open5gs-upf-5b9db6d44-nsbqz uid=7b5b8ef7-a2a2-4fe9-a3e1-74acd17bd88f restarts=6 usage_cpu=20m usage_mem=35Mi request_cpu=25m request_mem=250Mi limit_cpu=none limit_mem=none vpa_target_cpu=25m vpa_target_mem=250Mi vpa_uncapped_cpu=25m vpa_uncapped_mem=250Mi vpa_lower_cpu=25m vpa_lower_mem=250Mi vpa_upper_cpu=1500m vpa_upper_mem=512Mi
[2026-08-21T23:39:51+02:00] SCENARIO UPF AFTER timestamp=2026-08-21T23:39:51+02:00 active_ue=1 pod=open5gs-upf-5b9db6d44-nsbqz uid=7b5b8ef7-a2a2-4fe9-a3e1-74acd17bd88f restarts=6
[2026-08-21T23:39:52+02:00] SCENARIO END timestamp=2026-08-21T23:39:52+02:00 active_ue=1 rc=0
[2026-08-21T23:39:52+02:00] ================================================================
[2026-08-21T23:39:52+02:00] SCENARIO START timestamp=2026-08-21T23:39:52+02:00 active_ue=3 registered_ue_pool=50 target_host=192.168.1.211 ports=5201-5203 replacement_ports=5251-5265 bitrate_per_ue=1M start_delay=0.05 replacement_min_duration=5 adaptive_extension_max=1
[2026-08-21T23:39:52+02:00] ================================================================
[2026-08-21T23:39:52+02:00] SCENARIO TUNNEL CHECK timestamp=2026-08-21T23:39:52+02:00 active_ue=3 current_tunnels=50 required=50
[2026-08-21T23:39:53+02:00] SCENARIO UPF BEFORE timestamp=2026-08-21T23:39:53+02:00 active_ue=3 pod=open5gs-upf-5b9db6d44-nsbqz uid=7b5b8ef7-a2a2-4fe9-a3e1-74acd17bd88f restarts=6
[2026-08-21T23:39:53+02:00] REMOTE_IPERF_PER_UE_START timestamp=2026-08-21T21:39:53+00:00 active_ues=3 tag=ue_3 iperf_host=192.168.1.211 base_port=5201 replacement_base_port=5251 duration=80 bitrate=1M start_delay=0.05 detection=no_rx_counter connect_timeout_s=4 stall_seconds=5 replacement_limit=15 replacement_min_duration_s=5 adaptive_extension_max_s=1 iperf_exit_grace_s=3 server_busy_port_rebinds=1 late_replacement_after_end=disabled wait_for_iperf_exit=until_timeout global_suspect_policy=soft_reuse ramp_supervision=after_initial_start
[2026-08-21T23:39:53+02:00] UE_POOL_STATUS timestamp=2026-08-21T21:39:53+00:00 active_ues=3 registered_tunnels=50 existing_global_suspect_ues=0 used_ues=0 policy=soft_reuse_global_suspects
[2026-08-21T23:39:53+02:00] UPF_CONTROL_SAMPLE timestamp=2026-08-21T23:39:52+02:00 scenario=ue_3 pod=open5gs-upf-5b9db6d44-nsbqz uid=7b5b8ef7-a2a2-4fe9-a3e1-74acd17bd88f restarts=6 usage_cpu=20m usage_mem=35Mi request_cpu=25m request_mem=250Mi limit_cpu=none limit_mem=none vpa_target_cpu=25m vpa_target_mem=250Mi vpa_uncapped_cpu=25m vpa_uncapped_mem=250Mi vpa_lower_cpu=25m vpa_lower_mem=250Mi vpa_upper_cpu=1500m vpa_upper_mem=512Mi
[2026-08-21T23:39:54+02:00] UE_SLOT_ASSIGN timestamp=2026-08-21T21:39:53+00:00 active_ues=3 slot=0 ue_idx=0 ue_if=uesimtun0 ue_ip=10.45.0.252 candidate_reused_global_suspect=0
[2026-08-21T23:39:54+02:00] UE_SLOT_START timestamp=2026-08-21T21:39:54+00:00 active_ues=3 slot=0 attempt=1 ue_idx=0 ue_if=uesimtun0 ue_ip=10.45.0.252 target=192.168.1.211:5201 bitrate=1M duration_s=80 planned_end_epoch=1787348473 timeout_s=90 hard_timeout_epoch=1787348488 start_rx_bytes=93020
[2026-08-21T23:39:54+02:00] UE_SLOT_PID timestamp=2026-08-21T21:39:54+00:00 active_ues=3 slot=0 attempt=1 ue_idx=0 pid=1892
[2026-08-21T23:39:54+02:00] UE_SLOT_ASSIGN timestamp=2026-08-21T21:39:54+00:00 active_ues=3 slot=1 ue_idx=1 ue_if=uesimtun1 ue_ip=10.45.0.253 candidate_reused_global_suspect=0
[2026-08-21T23:39:54+02:00] UE_SLOT_START timestamp=2026-08-21T21:39:54+00:00 active_ues=3 slot=1 attempt=1 ue_idx=1 ue_if=uesimtun1 ue_ip=10.45.0.253 target=192.168.1.211:5202 bitrate=1M duration_s=80 planned_end_epoch=1787348474 timeout_s=90 hard_timeout_epoch=1787348489 start_rx_bytes=0
[2026-08-21T23:39:54+02:00] UE_SLOT_PID timestamp=2026-08-21T21:39:54+00:00 active_ues=3 slot=1 attempt=1 ue_idx=1 pid=1917
[2026-08-21T23:39:54+02:00] UE_SLOT_ASSIGN timestamp=2026-08-21T21:39:54+00:00 active_ues=3 slot=2 ue_idx=2 ue_if=uesimtun2 ue_ip=10.45.0.254 candidate_reused_global_suspect=0
[2026-08-21T23:39:54+02:00] UE_SLOT_START timestamp=2026-08-21T21:39:54+00:00 active_ues=3 slot=2 attempt=1 ue_idx=2 ue_if=uesimtun2 ue_ip=10.45.0.254 target=192.168.1.211:5203 bitrate=1M duration_s=80 planned_end_epoch=1787348474 timeout_s=90 hard_timeout_epoch=1787348489 start_rx_bytes=0
[2026-08-21T23:39:54+02:00] UE_SLOT_PID timestamp=2026-08-21T21:39:54+00:00 active_ues=3 slot=2 attempt=1 ue_idx=2 pid=1942
[2026-08-21T23:39:54+02:00] IPERF_MAPPING_SUMMARY timestamp=2026-08-21T21:39:54+00:00 active_ues=3 registered_tunnels=50 initial_ports=5201-5203 replacement_ports=5251-5265 bitrate=1M start_delay=0.05 detection=no_rx_counter replacement_min_duration_s=5 adaptive_extension_max_s=1 iperf_exit_grace_s=3 server_busy_port_rebinds=1 late_replacement_after_end=disabled wait_for_iperf_exit=until_timeout global_suspect_policy=soft_reuse ramp_supervision=after_initial_start
[2026-08-21T23:39:56+02:00] UPF_CONTROL_SAMPLE timestamp=2026-08-21T23:39:54+02:00 scenario=ue_3 pod=open5gs-upf-5b9db6d44-nsbqz uid=7b5b8ef7-a2a2-4fe9-a3e1-74acd17bd88f restarts=6 usage_cpu=14m usage_mem=35Mi request_cpu=25m request_mem=250Mi limit_cpu=none limit_mem=none vpa_target_cpu=25m vpa_target_mem=250Mi vpa_uncapped_cpu=25m vpa_uncapped_mem=250Mi vpa_lower_cpu=25m vpa_lower_mem=250Mi vpa_upper_cpu=1500m vpa_upper_mem=512Mi
[2026-08-21T23:39:58+02:00] UPF_CONTROL_SAMPLE timestamp=2026-08-21T23:39:57+02:00 scenario=ue_3 pod=open5gs-upf-5b9db6d44-nsbqz uid=7b5b8ef7-a2a2-4fe9-a3e1-74acd17bd88f restarts=6 usage_cpu=14m usage_mem=35Mi request_cpu=25m request_mem=250Mi limit_cpu=none limit_mem=none vpa_target_cpu=25m vpa_target_mem=250Mi vpa_uncapped_cpu=25m vpa_uncapped_mem=250Mi vpa_lower_cpu=25m vpa_lower_mem=250Mi vpa_upper_cpu=1500m vpa_upper_mem=512Mi
[2026-08-21T23:40:00+02:00] UPF_CONTROL_SAMPLE timestamp=2026-08-21T23:39:59+02:00 scenario=ue_3 pod=open5gs-upf-5b9db6d44-nsbqz uid=7b5b8ef7-a2a2-4fe9-a3e1-74acd17bd88f restarts=6 usage_cpu=14m usage_mem=35Mi request_cpu=25m request_mem=250Mi limit_cpu=none limit_mem=none vpa_target_cpu=25m vpa_target_mem=250Mi vpa_uncapped_cpu=25m vpa_uncapped_mem=250Mi vpa_lower_cpu=25m vpa_lower_mem=250Mi vpa_upper_cpu=1500m vpa_upper_mem=512Mi
[2026-08-21T23:40:03+02:00] UPF_CONTROL_SAMPLE timestamp=2026-08-21T23:40:01+02:00 scenario=ue_3 pod=open5gs-upf-5b9db6d44-nsbqz uid=7b5b8ef7-a2a2-4fe9-a3e1-74acd17bd88f restarts=6 usage_cpu=14m usage_mem=35Mi request_cpu=25m request_mem=250Mi limit_cpu=none limit_mem=none vpa_target_cpu=25m vpa_target_mem=250Mi vpa_uncapped_cpu=25m vpa_uncapped_mem=250Mi vpa_lower_cpu=25m vpa_lower_mem=250Mi vpa_upper_cpu=1500m vpa_upper_mem=512Mi
[2026-08-21T23:40:05+02:00] UPF_CONTROL_SAMPLE timestamp=2026-08-21T23:40:04+02:00 scenario=ue_3 pod=open5gs-upf-5b9db6d44-nsbqz uid=7b5b8ef7-a2a2-4fe9-a3e1-74acd17bd88f restarts=6 usage_cpu=14m usage_mem=35Mi request_cpu=25m request_mem=250Mi limit_cpu=none limit_mem=none vpa_target_cpu=25m vpa_target_mem=250Mi vpa_uncapped_cpu=25m vpa_uncapped_mem=250Mi vpa_lower_cpu=25m vpa_lower_mem=250Mi vpa_upper_cpu=1500m vpa_upper_mem=512Mi
[2026-08-21T23:40:07+02:00] UPF_CONTROL_SAMPLE timestamp=2026-08-21T23:40:06+02:00 scenario=ue_3 pod=open5gs-upf-5b9db6d44-nsbqz uid=7b5b8ef7-a2a2-4fe9-a3e1-74acd17bd88f restarts=6 usage_cpu=14m usage_mem=35Mi request_cpu=25m request_mem=250Mi limit_cpu=none limit_mem=none vpa_target_cpu=25m vpa_target_mem=250Mi vpa_uncapped_cpu=25m vpa_uncapped_mem=250Mi vpa_lower_cpu=25m vpa_lower_mem=250Mi vpa_upper_cpu=1500m vpa_upper_mem=512Mi
[2026-08-21T23:40:09+02:00] UPF_CONTROL_SAMPLE timestamp=2026-08-21T23:40:08+02:00 scenario=ue_3 pod=open5gs-upf-5b9db6d44-nsbqz uid=7b5b8ef7-a2a2-4fe9-a3e1-74acd17bd88f restarts=6 usage_cpu=14m usage_mem=35Mi request_cpu=25m request_mem=250Mi limit_cpu=none limit_mem=none vpa_target_cpu=25m vpa_target_mem=250Mi vpa_uncapped_cpu=25m vpa_uncapped_mem=250Mi vpa_lower_cpu=25m vpa_lower_mem=250Mi vpa_upper_cpu=1500m vpa_upper_mem=512Mi
[2026-08-21T23:40:12+02:00] UPF_CONTROL_SAMPLE timestamp=2026-08-21T23:40:10+02:00 scenario=ue_3 pod=open5gs-upf-5b9db6d44-nsbqz uid=7b5b8ef7-a2a2-4fe9-a3e1-74acd17bd88f restarts=6 usage_cpu=51m usage_mem=35Mi request_cpu=25m request_mem=250Mi limit_cpu=none limit_mem=none vpa_target_cpu=25m vpa_target_mem=250Mi vpa_uncapped_cpu=25m vpa_uncapped_mem=250Mi vpa_lower_cpu=25m vpa_lower_mem=250Mi vpa_upper_cpu=1500m vpa_upper_mem=512Mi
[2026-08-21T23:40:14+02:00] UPF_CONTROL_SAMPLE timestamp=2026-08-21T23:40:13+02:00 scenario=ue_3 pod=open5gs-upf-5b9db6d44-nsbqz uid=7b5b8ef7-a2a2-4fe9-a3e1-74acd17bd88f restarts=6 usage_cpu=51m usage_mem=35Mi request_cpu=25m request_mem=250Mi limit_cpu=none limit_mem=none vpa_target_cpu=25m vpa_target_mem=250Mi vpa_uncapped_cpu=25m vpa_uncapped_mem=250Mi vpa_lower_cpu=25m vpa_lower_mem=250Mi vpa_upper_cpu=1500m vpa_upper_mem=512Mi
[2026-08-21T23:40:16+02:00] UPF_CONTROL_SAMPLE timestamp=2026-08-21T23:40:15+02:00 scenario=ue_3 pod=open5gs-upf-5b9db6d44-nsbqz uid=7b5b8ef7-a2a2-4fe9-a3e1-74acd17bd88f restarts=6 usage_cpu=51m usage_mem=35Mi request_cpu=25m request_mem=250Mi limit_cpu=none limit_mem=none vpa_target_cpu=25m vpa_target_mem=250Mi vpa_uncapped_cpu=25m vpa_uncapped_mem=250Mi vpa_lower_cpu=25m vpa_lower_mem=250Mi vpa_upper_cpu=1500m vpa_upper_mem=512Mi
[2026-08-21T23:40:18+02:00] UPF_CONTROL_SAMPLE timestamp=2026-08-21T23:40:17+02:00 scenario=ue_3 pod=open5gs-upf-5b9db6d44-nsbqz uid=7b5b8ef7-a2a2-4fe9-a3e1-74acd17bd88f restarts=6 usage_cpu=51m usage_mem=35Mi request_cpu=25m request_mem=250Mi limit_cpu=none limit_mem=none vpa_target_cpu=25m vpa_target_mem=250Mi vpa_uncapped_cpu=25m vpa_uncapped_mem=250Mi vpa_lower_cpu=25m vpa_lower_mem=250Mi vpa_upper_cpu=1500m vpa_upper_mem=512Mi
[2026-08-21T23:40:21+02:00] UPF_CONTROL_SAMPLE timestamp=2026-08-21T23:40:19+02:00 scenario=ue_3 pod=open5gs-upf-5b9db6d44-nsbqz uid=7b5b8ef7-a2a2-4fe9-a3e1-74acd17bd88f restarts=6 usage_cpu=51m usage_mem=35Mi request_cpu=25m request_mem=250Mi limit_cpu=none limit_mem=none vpa_target_cpu=25m vpa_target_mem=250Mi vpa_uncapped_cpu=25m vpa_uncapped_mem=250Mi vpa_lower_cpu=25m vpa_lower_mem=250Mi vpa_upper_cpu=1500m vpa_upper_mem=512Mi
[2026-08-21T23:40:23+02:00] UPF_CONTROL_SAMPLE timestamp=2026-08-21T23:40:22+02:00 scenario=ue_3 pod=open5gs-upf-5b9db6d44-nsbqz uid=7b5b8ef7-a2a2-4fe9-a3e1-74acd17bd88f restarts=6 usage_cpu=51m usage_mem=35Mi request_cpu=25m request_mem=250Mi limit_cpu=none limit_mem=none vpa_target_cpu=25m vpa_target_mem=250Mi vpa_uncapped_cpu=25m vpa_uncapped_mem=250Mi vpa_lower_cpu=25m vpa_lower_mem=250Mi vpa_upper_cpu=1500m vpa_upper_mem=512Mi
[2026-08-21T23:40:25+02:00] UPF_CONTROL_SAMPLE timestamp=2026-08-21T23:40:24+02:00 scenario=ue_3 pod=open5gs-upf-5b9db6d44-nsbqz uid=7b5b8ef7-a2a2-4fe9-a3e1-74acd17bd88f restarts=6 usage_cpu=51m usage_mem=35Mi request_cpu=25m request_mem=250Mi limit_cpu=none limit_mem=none vpa_target_cpu=25m vpa_target_mem=250Mi vpa_uncapped_cpu=25m vpa_uncapped_mem=250Mi vpa_lower_cpu=25m vpa_lower_mem=250Mi vpa_upper_cpu=1500m vpa_upper_mem=512Mi
[2026-08-21T23:40:28+02:00] UPF_CONTROL_SAMPLE timestamp=2026-08-21T23:40:26+02:00 scenario=ue_3 pod=open5gs-upf-5b9db6d44-nsbqz uid=7b5b8ef7-a2a2-4fe9-a3e1-74acd17bd88f restarts=6 usage_cpu=51m usage_mem=35Mi request_cpu=25m request_mem=250Mi limit_cpu=none limit_mem=none vpa_target_cpu=25m vpa_target_mem=250Mi vpa_uncapped_cpu=25m vpa_uncapped_mem=250Mi vpa_lower_cpu=25m vpa_lower_mem=250Mi vpa_upper_cpu=1500m vpa_upper_mem=512Mi
[2026-08-21T23:40:30+02:00] UPF_CONTROL_SAMPLE timestamp=2026-08-21T23:40:29+02:00 scenario=ue_3 pod=open5gs-upf-5b9db6d44-nsbqz uid=7b5b8ef7-a2a2-4fe9-a3e1-74acd17bd88f restarts=6 usage_cpu=51m usage_mem=35Mi request_cpu=25m request_mem=250Mi limit_cpu=none limit_mem=none vpa_target_cpu=25m vpa_target_mem=250Mi vpa_uncapped_cpu=25m vpa_uncapped_mem=250Mi vpa_lower_cpu=25m vpa_lower_mem=250Mi vpa_upper_cpu=1500m vpa_upper_mem=512Mi
[2026-08-21T23:40:32+02:00] UPF_CONTROL_SAMPLE timestamp=2026-08-21T23:40:31+02:00 scenario=ue_3 pod=open5gs-upf-5b9db6d44-nsbqz uid=7b5b8ef7-a2a2-4fe9-a3e1-74acd17bd88f restarts=6 usage_cpu=51m usage_mem=35Mi request_cpu=25m request_mem=250Mi limit_cpu=none limit_mem=none vpa_target_cpu=25m vpa_target_mem=250Mi vpa_uncapped_cpu=25m vpa_uncapped_mem=250Mi vpa_lower_cpu=25m vpa_lower_mem=250Mi vpa_upper_cpu=1500m vpa_upper_mem=512Mi
[2026-08-21T23:40:35+02:00] VPA_RECOMMENDATION_CHANGE timestamp=2026-08-21T23:40:33+02:00 scenario=ue_3 old='vpa_target_cpu=25m vpa_target_mem=250Mi vpa_uncapped_cpu=25m vpa_uncapped_mem=250Mi vpa_lower_cpu=25m vpa_lower_mem=250Mi vpa_upper_cpu=1500m vpa_upper_mem=512Mi' new='vpa_target_cpu=63m vpa_target_mem=250Mi vpa_uncapped_cpu=63m vpa_uncapped_mem=250Mi vpa_lower_cpu=25m vpa_lower_mem=250Mi vpa_upper_cpu=1500m vpa_upper_mem=512Mi' previous_5s_sample='timestamp=2026-08-21T23:40:26+02:00 scenario=ue_3 pod=open5gs-upf-5b9db6d44-nsbqz uid=7b5b8ef7-a2a2-4fe9-a3e1-74acd17bd88f restarts=6 usage_cpu=51m usage_mem=35Mi request_cpu=25m request_mem=250Mi limit_cpu=none limit_mem=none vpa_target_cpu=25m vpa_target_mem=250Mi vpa_uncapped_cpu=25m vpa_uncapped_mem=250Mi vpa_lower_cpu=25m vpa_lower_mem=250Mi vpa_upper_cpu=1500m vpa_upper_mem=512Mi' current_sample='timestamp=2026-08-21T23:40:33+02:00 scenario=ue_3 pod=open5gs-upf-5b9db6d44-nsbqz uid=7b5b8ef7-a2a2-4fe9-a3e1-74acd17bd88f restarts=6 usage_cpu=51m usage_mem=35Mi request_cpu=25m request_mem=250Mi limit_cpu=none limit_mem=none vpa_target_cpu=63m vpa_target_mem=250Mi vpa_uncapped_cpu=63m vpa_uncapped_mem=250Mi vpa_lower_cpu=25m vpa_lower_mem=250Mi vpa_upper_cpu=1500m vpa_upper_mem=512Mi'
[2026-08-21T23:40:35+02:00] UPF_CONTROL_SAMPLE timestamp=2026-08-21T23:40:33+02:00 scenario=ue_3 pod=open5gs-upf-5b9db6d44-nsbqz uid=7b5b8ef7-a2a2-4fe9-a3e1-74acd17bd88f restarts=6 usage_cpu=51m usage_mem=35Mi request_cpu=25m request_mem=250Mi limit_cpu=none limit_mem=none vpa_target_cpu=63m vpa_target_mem=250Mi vpa_uncapped_cpu=63m vpa_uncapped_mem=250Mi vpa_lower_cpu=25m vpa_lower_mem=250Mi vpa_upper_cpu=1500m vpa_upper_mem=512Mi
[2026-08-21T23:40:37+02:00] UPF_CONTROL_SAMPLE timestamp=2026-08-21T23:40:36+02:00 scenario=ue_3 pod=open5gs-upf-5b9db6d44-nsbqz uid=7b5b8ef7-a2a2-4fe9-a3e1-74acd17bd88f restarts=6 usage_cpu=51m usage_mem=35Mi request_cpu=25m request_mem=250Mi limit_cpu=none limit_mem=none vpa_target_cpu=63m vpa_target_mem=250Mi vpa_uncapped_cpu=63m vpa_uncapped_mem=250Mi vpa_lower_cpu=25m vpa_lower_mem=250Mi vpa_upper_cpu=1500m vpa_upper_mem=512Mi
[2026-08-21T23:40:39+02:00] UPF_CONTROL_SAMPLE timestamp=2026-08-21T23:40:38+02:00 scenario=ue_3 pod=open5gs-upf-5b9db6d44-nsbqz uid=7b5b8ef7-a2a2-4fe9-a3e1-74acd17bd88f restarts=6 usage_cpu=51m usage_mem=35Mi request_cpu=25m request_mem=250Mi limit_cpu=none limit_mem=none vpa_target_cpu=63m vpa_target_mem=250Mi vpa_uncapped_cpu=63m vpa_uncapped_mem=250Mi vpa_lower_cpu=25m vpa_lower_mem=250Mi vpa_upper_cpu=1500m vpa_upper_mem=512Mi
[2026-08-21T23:40:42+02:00] UPF_CONTROL_SAMPLE timestamp=2026-08-21T23:40:40+02:00 scenario=ue_3 pod=open5gs-upf-5b9db6d44-nsbqz uid=7b5b8ef7-a2a2-4fe9-a3e1-74acd17bd88f restarts=6 usage_cpu=50m usage_mem=35Mi request_cpu=25m request_mem=250Mi limit_cpu=none limit_mem=none vpa_target_cpu=63m vpa_target_mem=250Mi vpa_uncapped_cpu=63m vpa_uncapped_mem=250Mi vpa_lower_cpu=25m vpa_lower_mem=250Mi vpa_upper_cpu=1500m vpa_upper_mem=512Mi
[2026-08-21T23:40:44+02:00] UPF_CONTROL_SAMPLE timestamp=2026-08-21T23:40:43+02:00 scenario=ue_3 pod=open5gs-upf-5b9db6d44-nsbqz uid=7b5b8ef7-a2a2-4fe9-a3e1-74acd17bd88f restarts=6 usage_cpu=50m usage_mem=35Mi request_cpu=25m request_mem=250Mi limit_cpu=none limit_mem=none vpa_target_cpu=63m vpa_target_mem=250Mi vpa_uncapped_cpu=63m vpa_uncapped_mem=250Mi vpa_lower_cpu=25m vpa_lower_mem=250Mi vpa_upper_cpu=1500m vpa_upper_mem=512Mi
[2026-08-21T23:40:46+02:00] UPF_CONTROL_SAMPLE timestamp=2026-08-21T23:40:45+02:00 scenario=ue_3 pod=open5gs-upf-5b9db6d44-nsbqz uid=7b5b8ef7-a2a2-4fe9-a3e1-74acd17bd88f restarts=6 usage_cpu=50m usage_mem=35Mi request_cpu=25m request_mem=250Mi limit_cpu=none limit_mem=none vpa_target_cpu=63m vpa_target_mem=250Mi vpa_uncapped_cpu=63m vpa_uncapped_mem=250Mi vpa_lower_cpu=25m vpa_lower_mem=250Mi vpa_upper_cpu=1500m vpa_upper_mem=512Mi
[2026-08-21T23:40:48+02:00] UPF_CONTROL_SAMPLE timestamp=2026-08-21T23:40:47+02:00 scenario=ue_3 pod=open5gs-upf-5b9db6d44-nsbqz uid=7b5b8ef7-a2a2-4fe9-a3e1-74acd17bd88f restarts=6 usage_cpu=50m usage_mem=35Mi request_cpu=25m request_mem=250Mi limit_cpu=none limit_mem=none vpa_target_cpu=63m vpa_target_mem=250Mi vpa_uncapped_cpu=63m vpa_uncapped_mem=250Mi vpa_lower_cpu=25m vpa_lower_mem=250Mi vpa_upper_cpu=1500m vpa_upper_mem=512Mi
[2026-08-21T23:40:51+02:00] UPF_CONTROL_SAMPLE timestamp=2026-08-21T23:40:49+02:00 scenario=ue_3 pod=open5gs-upf-5b9db6d44-nsbqz uid=7b5b8ef7-a2a2-4fe9-a3e1-74acd17bd88f restarts=6 usage_cpu=50m usage_mem=35Mi request_cpu=25m request_mem=250Mi limit_cpu=none limit_mem=none vpa_target_cpu=63m vpa_target_mem=250Mi vpa_uncapped_cpu=63m vpa_uncapped_mem=250Mi vpa_lower_cpu=25m vpa_lower_mem=250Mi vpa_upper_cpu=1500m vpa_upper_mem=512Mi
[2026-08-21T23:40:53+02:00] UPF_CONTROL_SAMPLE timestamp=2026-08-21T23:40:52+02:00 scenario=ue_3 pod=open5gs-upf-5b9db6d44-nsbqz uid=7b5b8ef7-a2a2-4fe9-a3e1-74acd17bd88f restarts=6 usage_cpu=50m usage_mem=35Mi request_cpu=25m request_mem=250Mi limit_cpu=none limit_mem=none vpa_target_cpu=63m vpa_target_mem=250Mi vpa_uncapped_cpu=63m vpa_uncapped_mem=250Mi vpa_lower_cpu=25m vpa_lower_mem=250Mi vpa_upper_cpu=1500m vpa_upper_mem=512Mi
[2026-08-21T23:40:55+02:00] UPF_CONTROL_SAMPLE timestamp=2026-08-21T23:40:54+02:00 scenario=ue_3 pod=open5gs-upf-5b9db6d44-nsbqz uid=7b5b8ef7-a2a2-4fe9-a3e1-74acd17bd88f restarts=6 usage_cpu=46m usage_mem=35Mi request_cpu=25m request_mem=250Mi limit_cpu=none limit_mem=none vpa_target_cpu=63m vpa_target_mem=250Mi vpa_uncapped_cpu=63m vpa_uncapped_mem=250Mi vpa_lower_cpu=25m vpa_lower_mem=250Mi vpa_upper_cpu=1500m vpa_upper_mem=512Mi
[2026-08-21T23:40:58+02:00] UPF_CONTROL_SAMPLE timestamp=2026-08-21T23:40:56+02:00 scenario=ue_3 pod=open5gs-upf-5b9db6d44-nsbqz uid=7b5b8ef7-a2a2-4fe9-a3e1-74acd17bd88f restarts=6 usage_cpu=46m usage_mem=35Mi request_cpu=25m request_mem=250Mi limit_cpu=none limit_mem=none vpa_target_cpu=63m vpa_target_mem=250Mi vpa_uncapped_cpu=63m vpa_uncapped_mem=250Mi vpa_lower_cpu=25m vpa_lower_mem=250Mi vpa_upper_cpu=1500m vpa_upper_mem=512Mi
[2026-08-21T23:41:00+02:00] UPF_CONTROL_SAMPLE timestamp=2026-08-21T23:40:59+02:00 scenario=ue_3 pod=open5gs-upf-5b9db6d44-nsbqz uid=7b5b8ef7-a2a2-4fe9-a3e1-74acd17bd88f restarts=6 usage_cpu=46m usage_mem=35Mi request_cpu=25m request_mem=250Mi limit_cpu=none limit_mem=none vpa_target_cpu=63m vpa_target_mem=250Mi vpa_uncapped_cpu=63m vpa_uncapped_mem=250Mi vpa_lower_cpu=25m vpa_lower_mem=250Mi vpa_upper_cpu=1500m vpa_upper_mem=512Mi
[2026-08-21T23:41:02+02:00] UPF_CONTROL_SAMPLE timestamp=2026-08-21T23:41:01+02:00 scenario=ue_3 pod=open5gs-upf-5b9db6d44-nsbqz uid=7b5b8ef7-a2a2-4fe9-a3e1-74acd17bd88f restarts=6 usage_cpu=46m usage_mem=35Mi request_cpu=25m request_mem=250Mi limit_cpu=none limit_mem=none vpa_target_cpu=63m vpa_target_mem=250Mi vpa_uncapped_cpu=63m vpa_uncapped_mem=250Mi vpa_lower_cpu=25m vpa_lower_mem=250Mi vpa_upper_cpu=1500m vpa_upper_mem=512Mi
[2026-08-21T23:41:05+02:00] UPF_CONTROL_SAMPLE timestamp=2026-08-21T23:41:03+02:00 scenario=ue_3 pod=open5gs-upf-5b9db6d44-nsbqz uid=7b5b8ef7-a2a2-4fe9-a3e1-74acd17bd88f restarts=6 usage_cpu=46m usage_mem=35Mi request_cpu=25m request_mem=250Mi limit_cpu=none limit_mem=none vpa_target_cpu=63m vpa_target_mem=250Mi vpa_uncapped_cpu=63m vpa_uncapped_mem=250Mi vpa_lower_cpu=25m vpa_lower_mem=250Mi vpa_upper_cpu=1500m vpa_upper_mem=512Mi
[2026-08-21T23:41:07+02:00] UPF_CONTROL_SAMPLE timestamp=2026-08-21T23:41:06+02:00 scenario=ue_3 pod=open5gs-upf-5b9db6d44-nsbqz uid=7b5b8ef7-a2a2-4fe9-a3e1-74acd17bd88f restarts=6 usage_cpu=46m usage_mem=35Mi request_cpu=25m request_mem=250Mi limit_cpu=none limit_mem=none vpa_target_cpu=63m vpa_target_mem=250Mi vpa_uncapped_cpu=63m vpa_uncapped_mem=250Mi vpa_lower_cpu=25m vpa_lower_mem=250Mi vpa_upper_cpu=1500m vpa_upper_mem=512Mi
[2026-08-21T23:41:09+02:00] UPF_CONTROL_SAMPLE timestamp=2026-08-21T23:41:08+02:00 scenario=ue_3 pod=open5gs-upf-5b9db6d44-nsbqz uid=7b5b8ef7-a2a2-4fe9-a3e1-74acd17bd88f restarts=6 usage_cpu=46m usage_mem=35Mi request_cpu=25m request_mem=250Mi limit_cpu=none limit_mem=none vpa_target_cpu=63m vpa_target_mem=250Mi vpa_uncapped_cpu=63m vpa_uncapped_mem=250Mi vpa_lower_cpu=25m vpa_lower_mem=250Mi vpa_upper_cpu=1500m vpa_upper_mem=512Mi
[2026-08-21T23:41:12+02:00] UPF_CONTROL_SAMPLE timestamp=2026-08-21T23:41:10+02:00 scenario=ue_3 pod=open5gs-upf-5b9db6d44-nsbqz uid=7b5b8ef7-a2a2-4fe9-a3e1-74acd17bd88f restarts=6 usage_cpu=57m usage_mem=35Mi request_cpu=25m request_mem=250Mi limit_cpu=none limit_mem=none vpa_target_cpu=63m vpa_target_mem=250Mi vpa_uncapped_cpu=63m vpa_uncapped_mem=250Mi vpa_lower_cpu=25m vpa_lower_mem=250Mi vpa_upper_cpu=1500m vpa_upper_mem=512Mi
[2026-08-21T23:41:15+02:00] UE_SLOT_DONE timestamp=2026-08-21T21:41:15+00:00 active_ues=3 slot=0 attempt=1 ue_idx=0 ue_if=uesimtun0 ue_ip=10.45.0.252 port=5201 rc=0 replacements_for_slot=0 server_busy_retries_for_slot=0
[2026-08-21T23:41:15+02:00] UE_SLOT_DONE timestamp=2026-08-21T21:41:15+00:00 active_ues=3 slot=1 attempt=1 ue_idx=1 ue_if=uesimtun1 ue_ip=10.45.0.253 port=5202 rc=0 replacements_for_slot=0 server_busy_retries_for_slot=0
[2026-08-21T23:41:15+02:00] UE_SLOT_DONE timestamp=2026-08-21T21:41:15+00:00 active_ues=3 slot=2 attempt=1 ue_idx=2 ue_if=uesimtun2 ue_ip=10.45.0.254 port=5203 rc=0 replacements_for_slot=0 server_busy_retries_for_slot=0
[2026-08-21T23:41:15+02:00] UPF_CONTROL_SAMPLE timestamp=2026-08-21T23:41:13+02:00 scenario=ue_3 pod=open5gs-upf-5b9db6d44-nsbqz uid=7b5b8ef7-a2a2-4fe9-a3e1-74acd17bd88f restarts=6 usage_cpu=57m usage_mem=35Mi request_cpu=25m request_mem=250Mi limit_cpu=none limit_mem=none vpa_target_cpu=63m vpa_target_mem=250Mi vpa_uncapped_cpu=63m vpa_uncapped_mem=250Mi vpa_lower_cpu=25m vpa_lower_mem=250Mi vpa_upper_cpu=1500m vpa_upper_mem=512Mi
[2026-08-21T23:41:16+02:00] TRAFFIC_SUMMARY timestamp=2026-08-21T21:41:16+00:00 registered_tunnels=50 active_ues=3 target_slots=3 completed_slots=3 final_failed_slots=0 replacements=0 problematic_ues=0 zombie_ues=0 connect_timeouts=0 stalls=0 deferred_stalls=0 process_failures=0 server_busy_retries=0 server_busy_failures=0 late_timeouts_accepted=0 scenario_bad_ues=0 global_suspect_ues=0 used_ues=3 target_host=192.168.1.211 initial_ports=5201-5203 replacement_ports=5251-5265 bitrate=1M start_delay=0.05 detection=no_rx_counter replacement_min_duration_s=5 adaptive_extension_max_s=1 iperf_exit_grace_s=3 server_busy_retries_limit=1 server_busy_retry_delay_s=2 late_replacement_after_end=disabled wait_for_iperf_exit=until_timeout global_suspect_policy=soft_reuse ramp_supervision=after_initial_start
[2026-08-21T23:41:16+02:00] UE_POOL_SCENARIO_BAD_CURRENT timestamp=2026-08-21T21:41:16+00:00 active_ues=3 indexes=
[2026-08-21T23:41:16+02:00] UE_POOL_GLOBAL_SUSPECT_CURRENT timestamp=2026-08-21T21:41:16+00:00 active_ues=3 indexes=
[2026-08-21T23:41:16+02:00] REMOTE_IPERF_PER_UE_END timestamp=2026-08-21T21:41:16+00:00 active_ues=3 tag=ue_3 final_rc=0 completed_slots=3 replacements=0 problematic_ues=0 server_busy_retries=0 deferred_stalls=0 late_timeouts_accepted=0
[2026-08-21T23:41:16+02:00] SCENARIO TRAFFIC COMMAND END timestamp=2026-08-21T23:41:16+02:00 active_ue=3 rc=0
[2026-08-21T23:41:17+02:00] SCENARIO UPF AFTER timestamp=2026-08-21T23:41:17+02:00 active_ue=3 pod=open5gs-upf-5b9db6d44-nsbqz uid=7b5b8ef7-a2a2-4fe9-a3e1-74acd17bd88f restarts=6
[2026-08-21T23:41:17+02:00] SCENARIO END timestamp=2026-08-21T23:41:17+02:00 active_ue=3 rc=0
[2026-08-21T23:41:17+02:00] ================================================================
[2026-08-21T23:41:17+02:00] SCENARIO START timestamp=2026-08-21T23:41:17+02:00 active_ue=5 registered_ue_pool=50 target_host=192.168.1.211 ports=5201-5205 replacement_ports=5251-5265 bitrate_per_ue=1M start_delay=0.05 replacement_min_duration=5 adaptive_extension_max=1
[2026-08-21T23:41:17+02:00] ================================================================
[2026-08-21T23:41:18+02:00] SCENARIO TUNNEL CHECK timestamp=2026-08-21T23:41:18+02:00 active_ue=5 current_tunnels=50 required=50
[2026-08-21T23:41:18+02:00] UPF_CONTROL_SAMPLE timestamp=2026-08-21T23:41:16+02:00 scenario=ue_3 pod=open5gs-upf-5b9db6d44-nsbqz uid=7b5b8ef7-a2a2-4fe9-a3e1-74acd17bd88f restarts=6 usage_cpu=57m usage_mem=35Mi request_cpu=25m request_mem=250Mi limit_cpu=none limit_mem=none vpa_target_cpu=63m vpa_target_mem=250Mi vpa_uncapped_cpu=63m vpa_uncapped_mem=250Mi vpa_lower_cpu=25m vpa_lower_mem=250Mi vpa_upper_cpu=1500m vpa_upper_mem=512Mi
[2026-08-21T23:41:19+02:00] SCENARIO UPF BEFORE timestamp=2026-08-21T23:41:19+02:00 active_ue=5 pod=open5gs-upf-5b9db6d44-nsbqz uid=7b5b8ef7-a2a2-4fe9-a3e1-74acd17bd88f restarts=6
[2026-08-21T23:41:20+02:00] REMOTE_IPERF_PER_UE_START timestamp=2026-08-21T21:41:20+00:00 active_ues=5 tag=ue_5 iperf_host=192.168.1.211 base_port=5201 replacement_base_port=5251 duration=80 bitrate=1M start_delay=0.05 detection=no_rx_counter connect_timeout_s=4 stall_seconds=5 replacement_limit=15 replacement_min_duration_s=5 adaptive_extension_max_s=1 iperf_exit_grace_s=3 server_busy_port_rebinds=1 late_replacement_after_end=disabled wait_for_iperf_exit=until_timeout global_suspect_policy=soft_reuse ramp_supervision=after_initial_start
[2026-08-21T23:41:20+02:00] UE_POOL_STATUS timestamp=2026-08-21T21:41:20+00:00 active_ues=5 registered_tunnels=50 existing_global_suspect_ues=0 used_ues=0 policy=soft_reuse_global_suspects
[2026-08-21T23:41:20+02:00] UE_SLOT_ASSIGN timestamp=2026-08-21T21:41:20+00:00 active_ues=5 slot=0 ue_idx=0 ue_if=uesimtun0 ue_ip=10.45.0.252 candidate_reused_global_suspect=0
[2026-08-21T23:41:20+02:00] UE_SLOT_START timestamp=2026-08-21T21:41:20+00:00 active_ues=5 slot=0 attempt=1 ue_idx=0 ue_if=uesimtun0 ue_ip=10.45.0.252 target=192.168.1.211:5201 bitrate=1M duration_s=80 planned_end_epoch=1787348560 timeout_s=90 hard_timeout_epoch=1787348575 start_rx_bytes=179573
[2026-08-21T23:41:20+02:00] UE_SLOT_PID timestamp=2026-08-21T21:41:20+00:00 active_ues=5 slot=0 attempt=1 ue_idx=0 pid=3293
[2026-08-21T23:41:20+02:00] UE_SLOT_ASSIGN timestamp=2026-08-21T21:41:20+00:00 active_ues=5 slot=1 ue_idx=1 ue_if=uesimtun1 ue_ip=10.45.0.253 candidate_reused_global_suspect=0
[2026-08-21T23:41:21+02:00] UE_SLOT_START timestamp=2026-08-21T21:41:20+00:00 active_ues=5 slot=1 attempt=1 ue_idx=1 ue_if=uesimtun1 ue_ip=10.45.0.253 target=192.168.1.211:5202 bitrate=1M duration_s=80 planned_end_epoch=1787348560 timeout_s=90 hard_timeout_epoch=1787348575 start_rx_bytes=86154
[2026-08-21T23:41:21+02:00] UE_SLOT_PID timestamp=2026-08-21T21:41:20+00:00 active_ues=5 slot=1 attempt=1 ue_idx=1 pid=3318
[2026-08-21T23:41:21+02:00] UE_SLOT_ASSIGN timestamp=2026-08-21T21:41:21+00:00 active_ues=5 slot=2 ue_idx=2 ue_if=uesimtun2 ue_ip=10.45.0.254 candidate_reused_global_suspect=0
[2026-08-21T23:41:21+02:00] UE_SLOT_START timestamp=2026-08-21T21:41:21+00:00 active_ues=5 slot=2 attempt=1 ue_idx=2 ue_if=uesimtun2 ue_ip=10.45.0.254 target=192.168.1.211:5203 bitrate=1M duration_s=80 planned_end_epoch=1787348561 timeout_s=90 hard_timeout_epoch=1787348576 start_rx_bytes=91750
[2026-08-21T23:41:21+02:00] UE_SLOT_PID timestamp=2026-08-21T21:41:21+00:00 active_ues=5 slot=2 attempt=1 ue_idx=2 pid=3343
[2026-08-21T23:41:21+02:00] UE_SLOT_ASSIGN timestamp=2026-08-21T21:41:21+00:00 active_ues=5 slot=3 ue_idx=3 ue_if=uesimtun3 ue_ip=10.45.1.0 candidate_reused_global_suspect=0
[2026-08-21T23:41:21+02:00] UE_SLOT_START timestamp=2026-08-21T21:41:21+00:00 active_ues=5 slot=3 attempt=1 ue_idx=3 ue_if=uesimtun3 ue_ip=10.45.1.0 target=192.168.1.211:5204 bitrate=1M duration_s=80 planned_end_epoch=1787348561 timeout_s=90 hard_timeout_epoch=1787348576 start_rx_bytes=0
[2026-08-21T23:41:21+02:00] UE_SLOT_PID timestamp=2026-08-21T21:41:21+00:00 active_ues=5 slot=3 attempt=1 ue_idx=3 pid=3368
[2026-08-21T23:41:21+02:00] UE_SLOT_ASSIGN timestamp=2026-08-21T21:41:21+00:00 active_ues=5 slot=4 ue_idx=4 ue_if=uesimtun4 ue_ip=10.45.1.1 candidate_reused_global_suspect=0
[2026-08-21T23:41:21+02:00] UE_SLOT_START timestamp=2026-08-21T21:41:21+00:00 active_ues=5 slot=4 attempt=1 ue_idx=4 ue_if=uesimtun4 ue_ip=10.45.1.1 target=192.168.1.211:5205 bitrate=1M duration_s=80 planned_end_epoch=1787348561 timeout_s=90 hard_timeout_epoch=1787348576 start_rx_bytes=0
[2026-08-21T23:41:21+02:00] UE_SLOT_PID timestamp=2026-08-21T21:41:21+00:00 active_ues=5 slot=4 attempt=1 ue_idx=4 pid=3393
[2026-08-21T23:41:21+02:00] IPERF_MAPPING_SUMMARY timestamp=2026-08-21T21:41:21+00:00 active_ues=5 registered_tunnels=50 initial_ports=5201-5205 replacement_ports=5251-5265 bitrate=1M start_delay=0.05 detection=no_rx_counter replacement_min_duration_s=5 adaptive_extension_max_s=1 iperf_exit_grace_s=3 server_busy_port_rebinds=1 late_replacement_after_end=disabled wait_for_iperf_exit=until_timeout global_suspect_policy=soft_reuse ramp_supervision=after_initial_start
[2026-08-21T23:41:22+02:00] UPF_CONTROL_SAMPLE timestamp=2026-08-21T23:41:19+02:00 scenario=ue_5 pod=open5gs-upf-5b9db6d44-nsbqz uid=7b5b8ef7-a2a2-4fe9-a3e1-74acd17bd88f restarts=6 usage_cpu=57m usage_mem=35Mi request_cpu=25m request_mem=250Mi limit_cpu=none limit_mem=none vpa_target_cpu=63m vpa_target_mem=250Mi vpa_uncapped_cpu=63m vpa_uncapped_mem=250Mi vpa_lower_cpu=25m vpa_lower_mem=250Mi vpa_upper_cpu=1500m vpa_upper_mem=512Mi
[2026-08-21T23:41:24+02:00] UPF_CONTROL_SAMPLE timestamp=2026-08-21T23:41:23+02:00 scenario=ue_5 pod=open5gs-upf-5b9db6d44-nsbqz uid=7b5b8ef7-a2a2-4fe9-a3e1-74acd17bd88f restarts=6 usage_cpu=57m usage_mem=35Mi request_cpu=25m request_mem=250Mi limit_cpu=none limit_mem=none vpa_target_cpu=63m vpa_target_mem=250Mi vpa_uncapped_cpu=63m vpa_uncapped_mem=250Mi vpa_lower_cpu=25m vpa_lower_mem=250Mi vpa_upper_cpu=1500m vpa_upper_mem=512Mi
[2026-08-21T23:41:27+02:00] UPF_REQUEST_CHANGE timestamp=2026-08-21T23:41:25+02:00 scenario=ue_5 pod=open5gs-upf-5b9db6d44-nsbqz uid=7b5b8ef7-a2a2-4fe9-a3e1-74acd17bd88f restarts=6 old='request_cpu=25m request_mem=250Mi limit_cpu=none limit_mem=none' new='request_cpu=63m request_mem=250Mi limit_cpu=none limit_mem=none' previous_5s_sample='timestamp=2026-08-21T23:41:19+02:00 scenario=ue_5 pod=open5gs-upf-5b9db6d44-nsbqz uid=7b5b8ef7-a2a2-4fe9-a3e1-74acd17bd88f restarts=6 usage_cpu=57m usage_mem=35Mi request_cpu=25m request_mem=250Mi limit_cpu=none limit_mem=none vpa_target_cpu=63m vpa_target_mem=250Mi vpa_uncapped_cpu=63m vpa_uncapped_mem=250Mi vpa_lower_cpu=25m vpa_lower_mem=250Mi vpa_upper_cpu=1500m vpa_upper_mem=512Mi' current_sample='timestamp=2026-08-21T23:41:25+02:00 scenario=ue_5 pod=open5gs-upf-5b9db6d44-nsbqz uid=7b5b8ef7-a2a2-4fe9-a3e1-74acd17bd88f restarts=6 usage_cpu=42m usage_mem=35Mi request_cpu=63m request_mem=250Mi limit_cpu=none limit_mem=none vpa_target_cpu=63m vpa_target_mem=250Mi vpa_uncapped_cpu=63m vpa_uncapped_mem=250Mi vpa_lower_cpu=25m vpa_lower_mem=250Mi vpa_upper_cpu=1500m vpa_upper_mem=512Mi'
[2026-08-21T23:41:27+02:00] UPF_CONTROL_SAMPLE timestamp=2026-08-21T23:41:25+02:00 scenario=ue_5 pod=open5gs-upf-5b9db6d44-nsbqz uid=7b5b8ef7-a2a2-4fe9-a3e1-74acd17bd88f restarts=6 usage_cpu=42m usage_mem=35Mi request_cpu=63m request_mem=250Mi limit_cpu=none limit_mem=none vpa_target_cpu=63m vpa_target_mem=250Mi vpa_uncapped_cpu=63m vpa_uncapped_mem=250Mi vpa_lower_cpu=25m vpa_lower_mem=250Mi vpa_upper_cpu=1500m vpa_upper_mem=512Mi
[2026-08-21T23:41:31+02:00] UPF_CONTROL_SAMPLE timestamp=2026-08-21T23:41:28+02:00 scenario=ue_5 pod=open5gs-upf-5b9db6d44-nsbqz uid=7b5b8ef7-a2a2-4fe9-a3e1-74acd17bd88f restarts=6 usage_cpu=42m usage_mem=35Mi request_cpu=63m request_mem=250Mi limit_cpu=none limit_mem=none vpa_target_cpu=63m vpa_target_mem=250Mi vpa_uncapped_cpu=63m vpa_uncapped_mem=250Mi vpa_lower_cpu=25m vpa_lower_mem=250Mi vpa_upper_cpu=1500m vpa_upper_mem=512Mi
[2026-08-21T23:41:34+02:00] UPF_CONTROL_SAMPLE timestamp=2026-08-21T23:41:32+02:00 scenario=ue_5 pod=open5gs-upf-5b9db6d44-nsbqz uid=7b5b8ef7-a2a2-4fe9-a3e1-74acd17bd88f restarts=6 usage_cpu=42m usage_mem=35Mi request_cpu=63m request_mem=250Mi limit_cpu=none limit_mem=none vpa_target_cpu=63m vpa_target_mem=250Mi vpa_uncapped_cpu=63m vpa_uncapped_mem=250Mi vpa_lower_cpu=25m vpa_lower_mem=250Mi vpa_upper_cpu=1500m vpa_upper_mem=512Mi
[2026-08-21T23:41:37+02:00] UPF_CONTROL_SAMPLE timestamp=2026-08-21T23:41:35+02:00 scenario=ue_5 pod=open5gs-upf-5b9db6d44-nsbqz uid=7b5b8ef7-a2a2-4fe9-a3e1-74acd17bd88f restarts=6 usage_cpu=42m usage_mem=35Mi request_cpu=63m request_mem=250Mi limit_cpu=none limit_mem=none vpa_target_cpu=63m vpa_target_mem=250Mi vpa_uncapped_cpu=63m vpa_uncapped_mem=250Mi vpa_lower_cpu=25m vpa_lower_mem=250Mi vpa_upper_cpu=1500m vpa_upper_mem=512Mi
[2026-08-21T23:41:39+02:00] UPF_CONTROL_SAMPLE timestamp=2026-08-21T23:41:38+02:00 scenario=ue_5 pod=open5gs-upf-5b9db6d44-nsbqz uid=7b5b8ef7-a2a2-4fe9-a3e1-74acd17bd88f restarts=6 usage_cpu=42m usage_mem=35Mi request_cpu=63m request_mem=250Mi limit_cpu=none limit_mem=none vpa_target_cpu=63m vpa_target_mem=250Mi vpa_uncapped_cpu=63m vpa_uncapped_mem=250Mi vpa_lower_cpu=25m vpa_lower_mem=250Mi vpa_upper_cpu=1500m vpa_upper_mem=512Mi
[2026-08-21T23:41:42+02:00] UPF_CONTROL_SAMPLE timestamp=2026-08-21T23:41:40+02:00 scenario=ue_5 pod=open5gs-upf-5b9db6d44-nsbqz uid=7b5b8ef7-a2a2-4fe9-a3e1-74acd17bd88f restarts=6 usage_cpu=62m usage_mem=35Mi request_cpu=63m request_mem=250Mi limit_cpu=none limit_mem=none vpa_target_cpu=63m vpa_target_mem=250Mi vpa_uncapped_cpu=63m vpa_uncapped_mem=250Mi vpa_lower_cpu=25m vpa_lower_mem=250Mi vpa_upper_cpu=1500m vpa_upper_mem=512Mi
[2026-08-21T23:41:44+02:00] UPF_CONTROL_SAMPLE timestamp=2026-08-21T23:41:43+02:00 scenario=ue_5 pod=open5gs-upf-5b9db6d44-nsbqz uid=7b5b8ef7-a2a2-4fe9-a3e1-74acd17bd88f restarts=6 usage_cpu=62m usage_mem=35Mi request_cpu=63m request_mem=250Mi limit_cpu=none limit_mem=none vpa_target_cpu=63m vpa_target_mem=250Mi vpa_uncapped_cpu=63m vpa_uncapped_mem=250Mi vpa_lower_cpu=25m vpa_lower_mem=250Mi vpa_upper_cpu=1500m vpa_upper_mem=512Mi
[2026-08-21T23:41:46+02:00] UPF_CONTROL_SAMPLE timestamp=2026-08-21T23:41:45+02:00 scenario=ue_5 pod=open5gs-upf-5b9db6d44-nsbqz uid=7b5b8ef7-a2a2-4fe9-a3e1-74acd17bd88f restarts=6 usage_cpu=62m usage_mem=35Mi request_cpu=63m request_mem=250Mi limit_cpu=none limit_mem=none vpa_target_cpu=63m vpa_target_mem=250Mi vpa_uncapped_cpu=63m vpa_uncapped_mem=250Mi vpa_lower_cpu=25m vpa_lower_mem=250Mi vpa_upper_cpu=1500m vpa_upper_mem=512Mi
[2026-08-21T23:41:48+02:00] UPF_CONTROL_SAMPLE timestamp=2026-08-21T23:41:47+02:00 scenario=ue_5 pod=open5gs-upf-5b9db6d44-nsbqz uid=7b5b8ef7-a2a2-4fe9-a3e1-74acd17bd88f restarts=6 usage_cpu=62m usage_mem=35Mi request_cpu=63m request_mem=250Mi limit_cpu=none limit_mem=none vpa_target_cpu=63m vpa_target_mem=250Mi vpa_uncapped_cpu=63m vpa_uncapped_mem=250Mi vpa_lower_cpu=25m vpa_lower_mem=250Mi vpa_upper_cpu=1500m vpa_upper_mem=512Mi
[2026-08-21T23:41:51+02:00] UPF_CONTROL_SAMPLE timestamp=2026-08-21T23:41:49+02:00 scenario=ue_5 pod=open5gs-upf-5b9db6d44-nsbqz uid=7b5b8ef7-a2a2-4fe9-a3e1-74acd17bd88f restarts=6 usage_cpu=62m usage_mem=35Mi request_cpu=63m request_mem=250Mi limit_cpu=none limit_mem=none vpa_target_cpu=63m vpa_target_mem=250Mi vpa_uncapped_cpu=63m vpa_uncapped_mem=250Mi vpa_lower_cpu=25m vpa_lower_mem=250Mi vpa_upper_cpu=1500m vpa_upper_mem=512Mi
[2026-08-21T23:41:53+02:00] UPF_CONTROL_SAMPLE timestamp=2026-08-21T23:41:52+02:00 scenario=ue_5 pod=open5gs-upf-5b9db6d44-nsbqz uid=7b5b8ef7-a2a2-4fe9-a3e1-74acd17bd88f restarts=6 usage_cpu=62m usage_mem=35Mi request_cpu=63m request_mem=250Mi limit_cpu=none limit_mem=none vpa_target_cpu=63m vpa_target_mem=250Mi vpa_uncapped_cpu=63m vpa_uncapped_mem=250Mi vpa_lower_cpu=25m vpa_lower_mem=250Mi vpa_upper_cpu=1500m vpa_upper_mem=512Mi
[2026-08-21T23:41:55+02:00] UPF_CONTROL_SAMPLE timestamp=2026-08-21T23:41:54+02:00 scenario=ue_5 pod=open5gs-upf-5b9db6d44-nsbqz uid=7b5b8ef7-a2a2-4fe9-a3e1-74acd17bd88f restarts=6 usage_cpu=88m usage_mem=35Mi request_cpu=63m request_mem=250Mi limit_cpu=none limit_mem=none vpa_target_cpu=63m vpa_target_mem=250Mi vpa_uncapped_cpu=63m vpa_uncapped_mem=250Mi vpa_lower_cpu=25m vpa_lower_mem=250Mi vpa_upper_cpu=1500m vpa_upper_mem=512Mi
[2026-08-21T23:41:58+02:00] UPF_CONTROL_SAMPLE timestamp=2026-08-21T23:41:56+02:00 scenario=ue_5 pod=open5gs-upf-5b9db6d44-nsbqz uid=7b5b8ef7-a2a2-4fe9-a3e1-74acd17bd88f restarts=6 usage_cpu=88m usage_mem=35Mi request_cpu=63m request_mem=250Mi limit_cpu=none limit_mem=none vpa_target_cpu=63m vpa_target_mem=250Mi vpa_uncapped_cpu=63m vpa_uncapped_mem=250Mi vpa_lower_cpu=25m vpa_lower_mem=250Mi vpa_upper_cpu=1500m vpa_upper_mem=512Mi
[2026-08-21T23:42:00+02:00] UPF_CONTROL_SAMPLE timestamp=2026-08-21T23:41:59+02:00 scenario=ue_5 pod=open5gs-upf-5b9db6d44-nsbqz uid=7b5b8ef7-a2a2-4fe9-a3e1-74acd17bd88f restarts=6 usage_cpu=88m usage_mem=35Mi request_cpu=63m request_mem=250Mi limit_cpu=none limit_mem=none vpa_target_cpu=63m vpa_target_mem=250Mi vpa_uncapped_cpu=63m vpa_uncapped_mem=250Mi vpa_lower_cpu=25m vpa_lower_mem=250Mi vpa_upper_cpu=1500m vpa_upper_mem=512Mi
[2026-08-21T23:42:02+02:00] UPF_CONTROL_SAMPLE timestamp=2026-08-21T23:42:01+02:00 scenario=ue_5 pod=open5gs-upf-5b9db6d44-nsbqz uid=7b5b8ef7-a2a2-4fe9-a3e1-74acd17bd88f restarts=6 usage_cpu=88m usage_mem=35Mi request_cpu=63m request_mem=250Mi limit_cpu=none limit_mem=none vpa_target_cpu=63m vpa_target_mem=250Mi vpa_uncapped_cpu=63m vpa_uncapped_mem=250Mi vpa_lower_cpu=25m vpa_lower_mem=250Mi vpa_upper_cpu=1500m vpa_upper_mem=512Mi
[2026-08-21T23:42:04+02:00] UPF_CONTROL_SAMPLE timestamp=2026-08-21T23:42:03+02:00 scenario=ue_5 pod=open5gs-upf-5b9db6d44-nsbqz uid=7b5b8ef7-a2a2-4fe9-a3e1-74acd17bd88f restarts=6 usage_cpu=88m usage_mem=35Mi request_cpu=63m request_mem=250Mi limit_cpu=none limit_mem=none vpa_target_cpu=63m vpa_target_mem=250Mi vpa_uncapped_cpu=63m vpa_uncapped_mem=250Mi vpa_lower_cpu=25m vpa_lower_mem=250Mi vpa_upper_cpu=1500m vpa_upper_mem=512Mi
[2026-08-21T23:42:07+02:00] UPF_CONTROL_SAMPLE timestamp=2026-08-21T23:42:05+02:00 scenario=ue_5 pod=open5gs-upf-5b9db6d44-nsbqz uid=7b5b8ef7-a2a2-4fe9-a3e1-74acd17bd88f restarts=6 usage_cpu=88m usage_mem=35Mi request_cpu=63m request_mem=250Mi limit_cpu=none limit_mem=none vpa_target_cpu=63m vpa_target_mem=250Mi vpa_uncapped_cpu=63m vpa_uncapped_mem=250Mi vpa_lower_cpu=25m vpa_lower_mem=250Mi vpa_upper_cpu=1500m vpa_upper_mem=512Mi
[2026-08-21T23:42:09+02:00] UPF_CONTROL_SAMPLE timestamp=2026-08-21T23:42:08+02:00 scenario=ue_5 pod=open5gs-upf-5b9db6d44-nsbqz uid=7b5b8ef7-a2a2-4fe9-a3e1-74acd17bd88f restarts=6 usage_cpu=88m usage_mem=35Mi request_cpu=63m request_mem=250Mi limit_cpu=none limit_mem=none vpa_target_cpu=63m vpa_target_mem=250Mi vpa_uncapped_cpu=63m vpa_uncapped_mem=250Mi vpa_lower_cpu=25m vpa_lower_mem=250Mi vpa_upper_cpu=1500m vpa_upper_mem=512Mi
[2026-08-21T23:42:11+02:00] UPF_CONTROL_SAMPLE timestamp=2026-08-21T23:42:10+02:00 scenario=ue_5 pod=open5gs-upf-5b9db6d44-nsbqz uid=7b5b8ef7-a2a2-4fe9-a3e1-74acd17bd88f restarts=6 usage_cpu=86m usage_mem=35Mi request_cpu=63m request_mem=250Mi limit_cpu=none limit_mem=none vpa_target_cpu=63m vpa_target_mem=250Mi vpa_uncapped_cpu=63m vpa_uncapped_mem=250Mi vpa_lower_cpu=25m vpa_lower_mem=250Mi vpa_upper_cpu=1500m vpa_upper_mem=512Mi
[2026-08-21T23:42:13+02:00] UPF_CONTROL_SAMPLE timestamp=2026-08-21T23:42:12+02:00 scenario=ue_5 pod=open5gs-upf-5b9db6d44-nsbqz uid=7b5b8ef7-a2a2-4fe9-a3e1-74acd17bd88f restarts=6 usage_cpu=86m usage_mem=35Mi request_cpu=63m request_mem=250Mi limit_cpu=none limit_mem=none vpa_target_cpu=63m vpa_target_mem=250Mi vpa_uncapped_cpu=63m vpa_uncapped_mem=250Mi vpa_lower_cpu=25m vpa_lower_mem=250Mi vpa_upper_cpu=1500m vpa_upper_mem=512Mi
[2026-08-21T23:42:16+02:00] UPF_CONTROL_SAMPLE timestamp=2026-08-21T23:42:14+02:00 scenario=ue_5 pod=open5gs-upf-5b9db6d44-nsbqz uid=7b5b8ef7-a2a2-4fe9-a3e1-74acd17bd88f restarts=6 usage_cpu=86m usage_mem=35Mi request_cpu=63m request_mem=250Mi limit_cpu=none limit_mem=none vpa_target_cpu=63m vpa_target_mem=250Mi vpa_uncapped_cpu=63m vpa_uncapped_mem=250Mi vpa_lower_cpu=25m vpa_lower_mem=250Mi vpa_upper_cpu=1500m vpa_upper_mem=512Mi
[2026-08-21T23:42:18+02:00] UPF_CONTROL_SAMPLE timestamp=2026-08-21T23:42:17+02:00 scenario=ue_5 pod=open5gs-upf-5b9db6d44-nsbqz uid=7b5b8ef7-a2a2-4fe9-a3e1-74acd17bd88f restarts=6 usage_cpu=86m usage_mem=35Mi request_cpu=63m request_mem=250Mi limit_cpu=none limit_mem=none vpa_target_cpu=63m vpa_target_mem=250Mi vpa_uncapped_cpu=63m vpa_uncapped_mem=250Mi vpa_lower_cpu=25m vpa_lower_mem=250Mi vpa_upper_cpu=1500m vpa_upper_mem=512Mi
[2026-08-21T23:42:20+02:00] UPF_CONTROL_SAMPLE timestamp=2026-08-21T23:42:19+02:00 scenario=ue_5 pod=open5gs-upf-5b9db6d44-nsbqz uid=7b5b8ef7-a2a2-4fe9-a3e1-74acd17bd88f restarts=6 usage_cpu=86m usage_mem=35Mi request_cpu=63m request_mem=250Mi limit_cpu=none limit_mem=none vpa_target_cpu=63m vpa_target_mem=250Mi vpa_uncapped_cpu=63m vpa_uncapped_mem=250Mi vpa_lower_cpu=25m vpa_lower_mem=250Mi vpa_upper_cpu=1500m vpa_upper_mem=512Mi
[2026-08-21T23:42:22+02:00] UPF_CONTROL_SAMPLE timestamp=2026-08-21T23:42:21+02:00 scenario=ue_5 pod=open5gs-upf-5b9db6d44-nsbqz uid=7b5b8ef7-a2a2-4fe9-a3e1-74acd17bd88f restarts=6 usage_cpu=86m usage_mem=35Mi request_cpu=63m request_mem=250Mi limit_cpu=none limit_mem=none vpa_target_cpu=63m vpa_target_mem=250Mi vpa_uncapped_cpu=63m vpa_uncapped_mem=250Mi vpa_lower_cpu=25m vpa_lower_mem=250Mi vpa_upper_cpu=1500m vpa_upper_mem=512Mi
[2026-08-21T23:42:25+02:00] UPF_CONTROL_SAMPLE timestamp=2026-08-21T23:42:23+02:00 scenario=ue_5 pod=open5gs-upf-5b9db6d44-nsbqz uid=7b5b8ef7-a2a2-4fe9-a3e1-74acd17bd88f restarts=6 usage_cpu=86m usage_mem=35Mi request_cpu=63m request_mem=250Mi limit_cpu=none limit_mem=none vpa_target_cpu=63m vpa_target_mem=250Mi vpa_uncapped_cpu=63m vpa_uncapped_mem=250Mi vpa_lower_cpu=25m vpa_lower_mem=250Mi vpa_upper_cpu=1500m vpa_upper_mem=512Mi
[2026-08-21T23:42:28+02:00] UPF_CONTROL_SAMPLE timestamp=2026-08-21T23:42:26+02:00 scenario=ue_5 pod=open5gs-upf-5b9db6d44-nsbqz uid=7b5b8ef7-a2a2-4fe9-a3e1-74acd17bd88f restarts=6 usage_cpu=81m usage_mem=35Mi request_cpu=63m request_mem=250Mi limit_cpu=none limit_mem=none vpa_target_cpu=63m vpa_target_mem=250Mi vpa_uncapped_cpu=63m vpa_uncapped_mem=250Mi vpa_lower_cpu=25m vpa_lower_mem=250Mi vpa_upper_cpu=1500m vpa_upper_mem=512Mi
[2026-08-21T23:42:30+02:00] UPF_CONTROL_SAMPLE timestamp=2026-08-21T23:42:29+02:00 scenario=ue_5 pod=open5gs-upf-5b9db6d44-nsbqz uid=7b5b8ef7-a2a2-4fe9-a3e1-74acd17bd88f restarts=6 usage_cpu=81m usage_mem=35Mi request_cpu=63m request_mem=250Mi limit_cpu=none limit_mem=none vpa_target_cpu=63m vpa_target_mem=250Mi vpa_uncapped_cpu=63m vpa_uncapped_mem=250Mi vpa_lower_cpu=25m vpa_lower_mem=250Mi vpa_upper_cpu=1500m vpa_upper_mem=512Mi
[2026-08-21T23:42:32+02:00] UPF_CONTROL_SAMPLE timestamp=2026-08-21T23:42:31+02:00 scenario=ue_5 pod=open5gs-upf-5b9db6d44-nsbqz uid=7b5b8ef7-a2a2-4fe9-a3e1-74acd17bd88f restarts=6 usage_cpu=81m usage_mem=35Mi request_cpu=63m request_mem=250Mi limit_cpu=none limit_mem=none vpa_target_cpu=63m vpa_target_mem=250Mi vpa_uncapped_cpu=63m vpa_uncapped_mem=250Mi vpa_lower_cpu=25m vpa_lower_mem=250Mi vpa_upper_cpu=1500m vpa_upper_mem=512Mi
[2026-08-21T23:42:34+02:00] VPA_RECOMMENDATION_CHANGE timestamp=2026-08-21T23:42:33+02:00 scenario=ue_5 old='vpa_target_cpu=63m vpa_target_mem=250Mi vpa_uncapped_cpu=63m vpa_uncapped_mem=250Mi vpa_lower_cpu=25m vpa_lower_mem=250Mi vpa_upper_cpu=1500m vpa_upper_mem=512Mi' new='vpa_target_cpu=93m vpa_target_mem=250Mi vpa_uncapped_cpu=93m vpa_uncapped_mem=250Mi vpa_lower_cpu=28m vpa_lower_mem=250Mi vpa_upper_cpu=1500m vpa_upper_mem=512Mi' previous_5s_sample='timestamp=2026-08-21T23:42:26+02:00 scenario=ue_5 pod=open5gs-upf-5b9db6d44-nsbqz uid=7b5b8ef7-a2a2-4fe9-a3e1-74acd17bd88f restarts=6 usage_cpu=81m usage_mem=35Mi request_cpu=63m request_mem=250Mi limit_cpu=none limit_mem=none vpa_target_cpu=63m vpa_target_mem=250Mi vpa_uncapped_cpu=63m vpa_uncapped_mem=250Mi vpa_lower_cpu=25m vpa_lower_mem=250Mi vpa_upper_cpu=1500m vpa_upper_mem=512Mi' current_sample='timestamp=2026-08-21T23:42:33+02:00 scenario=ue_5 pod=open5gs-upf-5b9db6d44-nsbqz uid=7b5b8ef7-a2a2-4fe9-a3e1-74acd17bd88f restarts=6 usage_cpu=81m usage_mem=35Mi request_cpu=63m request_mem=250Mi limit_cpu=none limit_mem=none vpa_target_cpu=93m vpa_target_mem=250Mi vpa_uncapped_cpu=93m vpa_uncapped_mem=250Mi vpa_lower_cpu=28m vpa_lower_mem=250Mi vpa_upper_cpu=1500m vpa_upper_mem=512Mi'
[2026-08-21T23:42:34+02:00] UPF_CONTROL_SAMPLE timestamp=2026-08-21T23:42:33+02:00 scenario=ue_5 pod=open5gs-upf-5b9db6d44-nsbqz uid=7b5b8ef7-a2a2-4fe9-a3e1-74acd17bd88f restarts=6 usage_cpu=81m usage_mem=35Mi request_cpu=63m request_mem=250Mi limit_cpu=none limit_mem=none vpa_target_cpu=93m vpa_target_mem=250Mi vpa_uncapped_cpu=93m vpa_uncapped_mem=250Mi vpa_lower_cpu=28m vpa_lower_mem=250Mi vpa_upper_cpu=1500m vpa_upper_mem=512Mi
[2026-08-21T23:42:36+02:00] UPF_CONTROL_SAMPLE timestamp=2026-08-21T23:42:35+02:00 scenario=ue_5 pod=open5gs-upf-5b9db6d44-nsbqz uid=7b5b8ef7-a2a2-4fe9-a3e1-74acd17bd88f restarts=6 usage_cpu=81m usage_mem=35Mi request_cpu=63m request_mem=250Mi limit_cpu=none limit_mem=none vpa_target_cpu=93m vpa_target_mem=250Mi vpa_uncapped_cpu=93m vpa_uncapped_mem=250Mi vpa_lower_cpu=28m vpa_lower_mem=250Mi vpa_upper_cpu=1500m vpa_upper_mem=512Mi
[2026-08-21T23:42:39+02:00] UPF_CONTROL_SAMPLE timestamp=2026-08-21T23:42:38+02:00 scenario=ue_5 pod=open5gs-upf-5b9db6d44-nsbqz uid=7b5b8ef7-a2a2-4fe9-a3e1-74acd17bd88f restarts=6 usage_cpu=81m usage_mem=35Mi request_cpu=63m request_mem=250Mi limit_cpu=none limit_mem=none vpa_target_cpu=93m vpa_target_mem=250Mi vpa_uncapped_cpu=93m vpa_uncapped_mem=250Mi vpa_lower_cpu=28m vpa_lower_mem=250Mi vpa_upper_cpu=1500m vpa_upper_mem=512Mi
[2026-08-21T23:42:41+02:00] UE_SLOT_DONE timestamp=2026-08-21T21:42:41+00:00 active_ues=5 slot=0 attempt=1 ue_idx=0 ue_if=uesimtun0 ue_ip=10.45.0.252 port=5201 rc=0 replacements_for_slot=0 server_busy_retries_for_slot=0
[2026-08-21T23:42:41+02:00] UE_SLOT_DONE timestamp=2026-08-21T21:42:41+00:00 active_ues=5 slot=1 attempt=1 ue_idx=1 ue_if=uesimtun1 ue_ip=10.45.0.253 port=5202 rc=0 replacements_for_slot=0 server_busy_retries_for_slot=0
[2026-08-21T23:42:41+02:00] UE_SLOT_DONE timestamp=2026-08-21T21:42:41+00:00 active_ues=5 slot=2 attempt=1 ue_idx=2 ue_if=uesimtun2 ue_ip=10.45.0.254 port=5203 rc=0 replacements_for_slot=0 server_busy_retries_for_slot=0
[2026-08-21T23:42:41+02:00] UPF_CONTROL_SAMPLE timestamp=2026-08-21T23:42:40+02:00 scenario=ue_5 pod=open5gs-upf-5b9db6d44-nsbqz uid=7b5b8ef7-a2a2-4fe9-a3e1-74acd17bd88f restarts=6 usage_cpu=90m usage_mem=35Mi request_cpu=63m request_mem=250Mi limit_cpu=none limit_mem=none vpa_target_cpu=93m vpa_target_mem=250Mi vpa_uncapped_cpu=93m vpa_uncapped_mem=250Mi vpa_lower_cpu=28m vpa_lower_mem=250Mi vpa_upper_cpu=1500m vpa_upper_mem=512Mi
[2026-08-21T23:42:42+02:00] UE_SLOT_DONE timestamp=2026-08-21T21:42:42+00:00 active_ues=5 slot=3 attempt=1 ue_idx=3 ue_if=uesimtun3 ue_ip=10.45.1.0 port=5204 rc=0 replacements_for_slot=0 server_busy_retries_for_slot=0
[2026-08-21T23:42:42+02:00] UE_SLOT_DONE timestamp=2026-08-21T21:42:42+00:00 active_ues=5 slot=4 attempt=1 ue_idx=4 ue_if=uesimtun4 ue_ip=10.45.1.1 port=5205 rc=0 replacements_for_slot=0 server_busy_retries_for_slot=0
[2026-08-21T23:42:43+02:00] UPF_CONTROL_SAMPLE timestamp=2026-08-21T23:42:42+02:00 scenario=ue_5 pod=open5gs-upf-5b9db6d44-nsbqz uid=7b5b8ef7-a2a2-4fe9-a3e1-74acd17bd88f restarts=6 usage_cpu=90m usage_mem=35Mi request_cpu=63m request_mem=250Mi limit_cpu=none limit_mem=none vpa_target_cpu=93m vpa_target_mem=250Mi vpa_uncapped_cpu=93m vpa_uncapped_mem=250Mi vpa_lower_cpu=28m vpa_lower_mem=250Mi vpa_upper_cpu=1500m vpa_upper_mem=512Mi
[2026-08-21T23:42:43+02:00] TRAFFIC_SUMMARY timestamp=2026-08-21T21:42:43+00:00 registered_tunnels=50 active_ues=5 target_slots=5 completed_slots=5 final_failed_slots=0 replacements=0 problematic_ues=0 zombie_ues=0 connect_timeouts=0 stalls=0 deferred_stalls=0 process_failures=0 server_busy_retries=0 server_busy_failures=0 late_timeouts_accepted=0 scenario_bad_ues=0 global_suspect_ues=0 used_ues=5 target_host=192.168.1.211 initial_ports=5201-5205 replacement_ports=5251-5265 bitrate=1M start_delay=0.05 detection=no_rx_counter replacement_min_duration_s=5 adaptive_extension_max_s=1 iperf_exit_grace_s=3 server_busy_retries_limit=1 server_busy_retry_delay_s=2 late_replacement_after_end=disabled wait_for_iperf_exit=until_timeout global_suspect_policy=soft_reuse ramp_supervision=after_initial_start
[2026-08-21T23:42:43+02:00] UE_POOL_SCENARIO_BAD_CURRENT timestamp=2026-08-21T21:42:43+00:00 active_ues=5 indexes=
[2026-08-21T23:42:43+02:00] UE_POOL_GLOBAL_SUSPECT_CURRENT timestamp=2026-08-21T21:42:43+00:00 active_ues=5 indexes=
[2026-08-21T23:42:43+02:00] REMOTE_IPERF_PER_UE_END timestamp=2026-08-21T21:42:43+00:00 active_ues=5 tag=ue_5 final_rc=0 completed_slots=5 replacements=0 problematic_ues=0 server_busy_retries=0 deferred_stalls=0 late_timeouts_accepted=0
[2026-08-21T23:42:43+02:00] SCENARIO TRAFFIC COMMAND END timestamp=2026-08-21T23:42:43+02:00 active_ue=5 rc=0
[2026-08-21T23:42:44+02:00] SCENARIO UPF AFTER timestamp=2026-08-21T23:42:44+02:00 active_ue=5 pod=open5gs-upf-5b9db6d44-nsbqz uid=7b5b8ef7-a2a2-4fe9-a3e1-74acd17bd88f restarts=6
[2026-08-21T23:42:44+02:00] SCENARIO END timestamp=2026-08-21T23:42:44+02:00 active_ue=5 rc=0
[2026-08-21T23:42:44+02:00] ================================================================
[2026-08-21T23:42:44+02:00] SCENARIO START timestamp=2026-08-21T23:42:44+02:00 active_ue=7 registered_ue_pool=50 target_host=192.168.1.211 ports=5201-5207 replacement_ports=5251-5265 bitrate_per_ue=1M start_delay=0.05 replacement_min_duration=5 adaptive_extension_max=1
[2026-08-21T23:42:44+02:00] ================================================================
[2026-08-21T23:42:44+02:00] SCENARIO TUNNEL CHECK timestamp=2026-08-21T23:42:44+02:00 active_ue=7 current_tunnels=50 required=50
[2026-08-21T23:42:45+02:00] SCENARIO UPF BEFORE timestamp=2026-08-21T23:42:45+02:00 active_ue=7 pod=open5gs-upf-5b9db6d44-nsbqz uid=7b5b8ef7-a2a2-4fe9-a3e1-74acd17bd88f restarts=6
[2026-08-21T23:42:46+02:00] UPF_CONTROL_SAMPLE timestamp=2026-08-21T23:42:44+02:00 scenario=ue_7 pod=open5gs-upf-5b9db6d44-nsbqz uid=7b5b8ef7-a2a2-4fe9-a3e1-74acd17bd88f restarts=6 usage_cpu=90m usage_mem=35Mi request_cpu=63m request_mem=250Mi limit_cpu=none limit_mem=none vpa_target_cpu=93m vpa_target_mem=250Mi vpa_uncapped_cpu=93m vpa_uncapped_mem=250Mi vpa_lower_cpu=28m vpa_lower_mem=250Mi vpa_upper_cpu=1500m vpa_upper_mem=512Mi
[2026-08-21T23:42:46+02:00] REMOTE_IPERF_PER_UE_START timestamp=2026-08-21T21:42:46+00:00 active_ues=7 tag=ue_7 iperf_host=192.168.1.211 base_port=5201 replacement_base_port=5251 duration=80 bitrate=1M start_delay=0.05 detection=no_rx_counter connect_timeout_s=4 stall_seconds=5 replacement_limit=15 replacement_min_duration_s=5 adaptive_extension_max_s=1 iperf_exit_grace_s=3 server_busy_port_rebinds=1 late_replacement_after_end=disabled wait_for_iperf_exit=until_timeout global_suspect_policy=soft_reuse ramp_supervision=after_initial_start
[2026-08-21T23:42:46+02:00] UE_POOL_STATUS timestamp=2026-08-21T21:42:46+00:00 active_ues=7 registered_tunnels=50 existing_global_suspect_ues=0 used_ues=0 policy=soft_reuse_global_suspects
[2026-08-21T23:42:46+02:00] UE_SLOT_ASSIGN timestamp=2026-08-21T21:42:46+00:00 active_ues=7 slot=0 ue_idx=0 ue_if=uesimtun0 ue_ip=10.45.0.252 candidate_reused_global_suspect=0
[2026-08-21T23:42:46+02:00] UE_SLOT_START timestamp=2026-08-21T21:42:46+00:00 active_ues=7 slot=0 attempt=1 ue_idx=0 ue_if=uesimtun0 ue_ip=10.45.0.252 target=192.168.1.211:5201 bitrate=1M duration_s=80 planned_end_epoch=1787348646 timeout_s=90 hard_timeout_epoch=1787348661 start_rx_bytes=272698
[2026-08-21T23:42:46+02:00] UE_SLOT_PID timestamp=2026-08-21T21:42:46+00:00 active_ues=7 slot=0 attempt=1 ue_idx=0 pid=5082
[2026-08-21T23:42:46+02:00] UE_SLOT_ASSIGN timestamp=2026-08-21T21:42:46+00:00 active_ues=7 slot=1 ue_idx=1 ue_if=uesimtun1 ue_ip=10.45.0.253 candidate_reused_global_suspect=0
[2026-08-21T23:42:46+02:00] UE_SLOT_START timestamp=2026-08-21T21:42:46+00:00 active_ues=7 slot=1 attempt=1 ue_idx=1 ue_if=uesimtun1 ue_ip=10.45.0.253 target=192.168.1.211:5202 bitrate=1M duration_s=80 planned_end_epoch=1787348646 timeout_s=90 hard_timeout_epoch=1787348661 start_rx_bytes=177517
[2026-08-21T23:42:46+02:00] UE_SLOT_PID timestamp=2026-08-21T21:42:46+00:00 active_ues=7 slot=1 attempt=1 ue_idx=1 pid=5107
[2026-08-21T23:42:46+02:00] UE_SLOT_ASSIGN timestamp=2026-08-21T21:42:46+00:00 active_ues=7 slot=2 ue_idx=2 ue_if=uesimtun2 ue_ip=10.45.0.254 candidate_reused_global_suspect=0
[2026-08-21T23:42:46+02:00] UE_SLOT_START timestamp=2026-08-21T21:42:46+00:00 active_ues=7 slot=2 attempt=1 ue_idx=2 ue_if=uesimtun2 ue_ip=10.45.0.254 target=192.168.1.211:5203 bitrate=1M duration_s=80 planned_end_epoch=1787348646 timeout_s=90 hard_timeout_epoch=1787348661 start_rx_bytes=183420
[2026-08-21T23:42:46+02:00] UE_SLOT_PID timestamp=2026-08-21T21:42:46+00:00 active_ues=7 slot=2 attempt=1 ue_idx=2 pid=5132
[2026-08-21T23:42:47+02:00] UE_SLOT_ASSIGN timestamp=2026-08-21T21:42:47+00:00 active_ues=7 slot=3 ue_idx=3 ue_if=uesimtun3 ue_ip=10.45.1.0 candidate_reused_global_suspect=0
[2026-08-21T23:42:47+02:00] UE_SLOT_START timestamp=2026-08-21T21:42:47+00:00 active_ues=7 slot=3 attempt=1 ue_idx=3 ue_if=uesimtun3 ue_ip=10.45.1.0 target=192.168.1.211:5204 bitrate=1M duration_s=80 planned_end_epoch=1787348647 timeout_s=90 hard_timeout_epoch=1787348662 start_rx_bytes=93332
[2026-08-21T23:42:47+02:00] UE_SLOT_PID timestamp=2026-08-21T21:42:47+00:00 active_ues=7 slot=3 attempt=1 ue_idx=3 pid=5157
[2026-08-21T23:42:47+02:00] UE_SLOT_ASSIGN timestamp=2026-08-21T21:42:47+00:00 active_ues=7 slot=4 ue_idx=4 ue_if=uesimtun4 ue_ip=10.45.1.1 candidate_reused_global_suspect=0
[2026-08-21T23:42:47+02:00] UE_SLOT_START timestamp=2026-08-21T21:42:47+00:00 active_ues=7 slot=4 attempt=1 ue_idx=4 ue_if=uesimtun4 ue_ip=10.45.1.1 target=192.168.1.211:5205 bitrate=1M duration_s=80 planned_end_epoch=1787348647 timeout_s=90 hard_timeout_epoch=1787348662 start_rx_bytes=94127
[2026-08-21T23:42:47+02:00] UE_SLOT_PID timestamp=2026-08-21T21:42:47+00:00 active_ues=7 slot=4 attempt=1 ue_idx=4 pid=5182
[2026-08-21T23:42:47+02:00] UE_SLOT_ASSIGN timestamp=2026-08-21T21:42:47+00:00 active_ues=7 slot=5 ue_idx=5 ue_if=uesimtun5 ue_ip=10.45.1.3 candidate_reused_global_suspect=0
[2026-08-21T23:42:47+02:00] UE_SLOT_START timestamp=2026-08-21T21:42:47+00:00 active_ues=7 slot=5 attempt=1 ue_idx=5 ue_if=uesimtun5 ue_ip=10.45.1.3 target=192.168.1.211:5206 bitrate=1M duration_s=80 planned_end_epoch=1787348647 timeout_s=90 hard_timeout_epoch=1787348662 start_rx_bytes=0
[2026-08-21T23:42:47+02:00] UE_SLOT_PID timestamp=2026-08-21T21:42:47+00:00 active_ues=7 slot=5 attempt=1 ue_idx=5 pid=5207
[2026-08-21T23:42:47+02:00] UE_SLOT_ASSIGN timestamp=2026-08-21T21:42:47+00:00 active_ues=7 slot=6 ue_idx=6 ue_if=uesimtun6 ue_ip=10.45.0.255 candidate_reused_global_suspect=0
[2026-08-21T23:42:47+02:00] UE_SLOT_START timestamp=2026-08-21T21:42:47+00:00 active_ues=7 slot=6 attempt=1 ue_idx=6 ue_if=uesimtun6 ue_ip=10.45.0.255 target=192.168.1.211:5207 bitrate=1M duration_s=80 planned_end_epoch=1787348647 timeout_s=90 hard_timeout_epoch=1787348662 start_rx_bytes=0
[2026-08-21T23:42:47+02:00] UE_SLOT_PID timestamp=2026-08-21T21:42:47+00:00 active_ues=7 slot=6 attempt=1 ue_idx=6 pid=5232
[2026-08-21T23:42:47+02:00] IPERF_MAPPING_SUMMARY timestamp=2026-08-21T21:42:47+00:00 active_ues=7 registered_tunnels=50 initial_ports=5201-5207 replacement_ports=5251-5265 bitrate=1M start_delay=0.05 detection=no_rx_counter replacement_min_duration_s=5 adaptive_extension_max_s=1 iperf_exit_grace_s=3 server_busy_port_rebinds=1 late_replacement_after_end=disabled wait_for_iperf_exit=until_timeout global_suspect_policy=soft_reuse ramp_supervision=after_initial_start
[2026-08-21T23:42:48+02:00] UPF_CONTROL_SAMPLE timestamp=2026-08-21T23:42:47+02:00 scenario=ue_7 pod=open5gs-upf-5b9db6d44-nsbqz uid=7b5b8ef7-a2a2-4fe9-a3e1-74acd17bd88f restarts=6 usage_cpu=90m usage_mem=35Mi request_cpu=63m request_mem=250Mi limit_cpu=none limit_mem=none vpa_target_cpu=93m vpa_target_mem=250Mi vpa_uncapped_cpu=93m vpa_uncapped_mem=250Mi vpa_lower_cpu=28m vpa_lower_mem=250Mi vpa_upper_cpu=1500m vpa_upper_mem=512Mi
[2026-08-21T23:42:51+02:00] UPF_CONTROL_SAMPLE timestamp=2026-08-21T23:42:49+02:00 scenario=ue_7 pod=open5gs-upf-5b9db6d44-nsbqz uid=7b5b8ef7-a2a2-4fe9-a3e1-74acd17bd88f restarts=6 usage_cpu=90m usage_mem=35Mi request_cpu=63m request_mem=250Mi limit_cpu=none limit_mem=none vpa_target_cpu=93m vpa_target_mem=250Mi vpa_uncapped_cpu=93m vpa_uncapped_mem=250Mi vpa_lower_cpu=28m vpa_lower_mem=250Mi vpa_upper_cpu=1500m vpa_upper_mem=512Mi
[2026-08-21T23:42:53+02:00] UPF_CONTROL_SAMPLE timestamp=2026-08-21T23:42:52+02:00 scenario=ue_7 pod=open5gs-upf-5b9db6d44-nsbqz uid=7b5b8ef7-a2a2-4fe9-a3e1-74acd17bd88f restarts=6 usage_cpu=90m usage_mem=35Mi request_cpu=63m request_mem=250Mi limit_cpu=none limit_mem=none vpa_target_cpu=93m vpa_target_mem=250Mi vpa_uncapped_cpu=93m vpa_uncapped_mem=250Mi vpa_lower_cpu=28m vpa_lower_mem=250Mi vpa_upper_cpu=1500m vpa_upper_mem=512Mi
[2026-08-21T23:42:56+02:00] UPF_CONTROL_SAMPLE timestamp=2026-08-21T23:42:54+02:00 scenario=ue_7 pod=open5gs-upf-5b9db6d44-nsbqz uid=7b5b8ef7-a2a2-4fe9-a3e1-74acd17bd88f restarts=6 usage_cpu=72m usage_mem=35Mi request_cpu=63m request_mem=250Mi limit_cpu=none limit_mem=none vpa_target_cpu=93m vpa_target_mem=250Mi vpa_uncapped_cpu=93m vpa_uncapped_mem=250Mi vpa_lower_cpu=28m vpa_lower_mem=250Mi vpa_upper_cpu=1500m vpa_upper_mem=512Mi
[2026-08-21T23:42:58+02:00] UPF_CONTROL_SAMPLE timestamp=2026-08-21T23:42:57+02:00 scenario=ue_7 pod=open5gs-upf-5b9db6d44-nsbqz uid=7b5b8ef7-a2a2-4fe9-a3e1-74acd17bd88f restarts=6 usage_cpu=72m usage_mem=35Mi request_cpu=63m request_mem=250Mi limit_cpu=none limit_mem=none vpa_target_cpu=93m vpa_target_mem=250Mi vpa_uncapped_cpu=93m vpa_uncapped_mem=250Mi vpa_lower_cpu=28m vpa_lower_mem=250Mi vpa_upper_cpu=1500m vpa_upper_mem=512Mi
[2026-08-21T23:43:00+02:00] UPF_CONTROL_SAMPLE timestamp=2026-08-21T23:42:59+02:00 scenario=ue_7 pod=open5gs-upf-5b9db6d44-nsbqz uid=7b5b8ef7-a2a2-4fe9-a3e1-74acd17bd88f restarts=6 usage_cpu=72m usage_mem=35Mi request_cpu=63m request_mem=250Mi limit_cpu=none limit_mem=none vpa_target_cpu=93m vpa_target_mem=250Mi vpa_uncapped_cpu=93m vpa_uncapped_mem=250Mi vpa_lower_cpu=28m vpa_lower_mem=250Mi vpa_upper_cpu=1500m vpa_upper_mem=512Mi
[2026-08-21T23:43:03+02:00] UPF_CONTROL_SAMPLE timestamp=2026-08-21T23:43:01+02:00 scenario=ue_7 pod=open5gs-upf-5b9db6d44-nsbqz uid=7b5b8ef7-a2a2-4fe9-a3e1-74acd17bd88f restarts=6 usage_cpu=72m usage_mem=35Mi request_cpu=63m request_mem=250Mi limit_cpu=none limit_mem=none vpa_target_cpu=93m vpa_target_mem=250Mi vpa_uncapped_cpu=93m vpa_uncapped_mem=250Mi vpa_lower_cpu=28m vpa_lower_mem=250Mi vpa_upper_cpu=1500m vpa_upper_mem=512Mi
[2026-08-21T23:43:05+02:00] UPF_CONTROL_SAMPLE timestamp=2026-08-21T23:43:04+02:00 scenario=ue_7 pod=open5gs-upf-5b9db6d44-nsbqz uid=7b5b8ef7-a2a2-4fe9-a3e1-74acd17bd88f restarts=6 usage_cpu=72m usage_mem=35Mi request_cpu=63m request_mem=250Mi limit_cpu=none limit_mem=none vpa_target_cpu=93m vpa_target_mem=250Mi vpa_uncapped_cpu=93m vpa_uncapped_mem=250Mi vpa_lower_cpu=28m vpa_lower_mem=250Mi vpa_upper_cpu=1500m vpa_upper_mem=512Mi
[2026-08-21T23:43:07+02:00] UPF_CONTROL_SAMPLE timestamp=2026-08-21T23:43:06+02:00 scenario=ue_7 pod=open5gs-upf-5b9db6d44-nsbqz uid=7b5b8ef7-a2a2-4fe9-a3e1-74acd17bd88f restarts=6 usage_cpu=72m usage_mem=35Mi request_cpu=63m request_mem=250Mi limit_cpu=none limit_mem=none vpa_target_cpu=93m vpa_target_mem=250Mi vpa_uncapped_cpu=93m vpa_uncapped_mem=250Mi vpa_lower_cpu=28m vpa_lower_mem=250Mi vpa_upper_cpu=1500m vpa_upper_mem=512Mi
[2026-08-21T23:43:09+02:00] UPF_CONTROL_SAMPLE timestamp=2026-08-21T23:43:08+02:00 scenario=ue_7 pod=open5gs-upf-5b9db6d44-nsbqz uid=7b5b8ef7-a2a2-4fe9-a3e1-74acd17bd88f restarts=6 usage_cpu=72m usage_mem=35Mi request_cpu=63m request_mem=250Mi limit_cpu=none limit_mem=none vpa_target_cpu=93m vpa_target_mem=250Mi vpa_uncapped_cpu=93m vpa_uncapped_mem=250Mi vpa_lower_cpu=28m vpa_lower_mem=250Mi vpa_upper_cpu=1500m vpa_upper_mem=512Mi
[2026-08-21T23:43:12+02:00] UPF_CONTROL_SAMPLE timestamp=2026-08-21T23:43:10+02:00 scenario=ue_7 pod=open5gs-upf-5b9db6d44-nsbqz uid=7b5b8ef7-a2a2-4fe9-a3e1-74acd17bd88f restarts=6 usage_cpu=97m usage_mem=35Mi request_cpu=63m request_mem=250Mi limit_cpu=none limit_mem=none vpa_target_cpu=93m vpa_target_mem=250Mi vpa_uncapped_cpu=93m vpa_uncapped_mem=250Mi vpa_lower_cpu=28m vpa_lower_mem=250Mi vpa_upper_cpu=1500m vpa_upper_mem=512Mi
[2026-08-21T23:43:14+02:00] UPF_CONTROL_SAMPLE timestamp=2026-08-21T23:43:13+02:00 scenario=ue_7 pod=open5gs-upf-5b9db6d44-nsbqz uid=7b5b8ef7-a2a2-4fe9-a3e1-74acd17bd88f restarts=6 usage_cpu=97m usage_mem=35Mi request_cpu=63m request_mem=250Mi limit_cpu=none limit_mem=none vpa_target_cpu=93m vpa_target_mem=250Mi vpa_uncapped_cpu=93m vpa_uncapped_mem=250Mi vpa_lower_cpu=28m vpa_lower_mem=250Mi vpa_upper_cpu=1500m vpa_upper_mem=512Mi
[2026-08-21T23:43:16+02:00] UPF_CONTROL_SAMPLE timestamp=2026-08-21T23:43:15+02:00 scenario=ue_7 pod=open5gs-upf-5b9db6d44-nsbqz uid=7b5b8ef7-a2a2-4fe9-a3e1-74acd17bd88f restarts=6 usage_cpu=97m usage_mem=35Mi request_cpu=63m request_mem=250Mi limit_cpu=none limit_mem=none vpa_target_cpu=93m vpa_target_mem=250Mi vpa_uncapped_cpu=93m vpa_uncapped_mem=250Mi vpa_lower_cpu=28m vpa_lower_mem=250Mi vpa_upper_cpu=1500m vpa_upper_mem=512Mi
[2026-08-21T23:43:18+02:00] UPF_CONTROL_SAMPLE timestamp=2026-08-21T23:43:17+02:00 scenario=ue_7 pod=open5gs-upf-5b9db6d44-nsbqz uid=7b5b8ef7-a2a2-4fe9-a3e1-74acd17bd88f restarts=6 usage_cpu=97m usage_mem=35Mi request_cpu=63m request_mem=250Mi limit_cpu=none limit_mem=none vpa_target_cpu=93m vpa_target_mem=250Mi vpa_uncapped_cpu=93m vpa_uncapped_mem=250Mi vpa_lower_cpu=28m vpa_lower_mem=250Mi vpa_upper_cpu=1500m vpa_upper_mem=512Mi
[2026-08-21T23:43:21+02:00] UPF_CONTROL_SAMPLE timestamp=2026-08-21T23:43:19+02:00 scenario=ue_7 pod=open5gs-upf-5b9db6d44-nsbqz uid=7b5b8ef7-a2a2-4fe9-a3e1-74acd17bd88f restarts=6 usage_cpu=97m usage_mem=35Mi request_cpu=63m request_mem=250Mi limit_cpu=none limit_mem=none vpa_target_cpu=93m vpa_target_mem=250Mi vpa_uncapped_cpu=93m vpa_uncapped_mem=250Mi vpa_lower_cpu=28m vpa_lower_mem=250Mi vpa_upper_cpu=1500m vpa_upper_mem=512Mi
[2026-08-21T23:43:23+02:00] UPF_CONTROL_SAMPLE timestamp=2026-08-21T23:43:22+02:00 scenario=ue_7 pod=open5gs-upf-5b9db6d44-nsbqz uid=7b5b8ef7-a2a2-4fe9-a3e1-74acd17bd88f restarts=6 usage_cpu=97m usage_mem=35Mi request_cpu=63m request_mem=250Mi limit_cpu=none limit_mem=none vpa_target_cpu=93m vpa_target_mem=250Mi vpa_uncapped_cpu=93m vpa_uncapped_mem=250Mi vpa_lower_cpu=28m vpa_lower_mem=250Mi vpa_upper_cpu=1500m vpa_upper_mem=512Mi
[2026-08-21T23:43:25+02:00] UPF_CONTROL_SAMPLE timestamp=2026-08-21T23:43:24+02:00 scenario=ue_7 pod=open5gs-upf-5b9db6d44-nsbqz uid=7b5b8ef7-a2a2-4fe9-a3e1-74acd17bd88f restarts=6 usage_cpu=118m usage_mem=35Mi request_cpu=63m request_mem=250Mi limit_cpu=none limit_mem=none vpa_target_cpu=93m vpa_target_mem=250Mi vpa_uncapped_cpu=93m vpa_uncapped_mem=250Mi vpa_lower_cpu=28m vpa_lower_mem=250Mi vpa_upper_cpu=1500m vpa_upper_mem=512Mi
[2026-08-21T23:43:27+02:00] UPF_REQUEST_CHANGE timestamp=2026-08-21T23:43:26+02:00 scenario=ue_7 pod=open5gs-upf-5b9db6d44-nsbqz uid=7b5b8ef7-a2a2-4fe9-a3e1-74acd17bd88f restarts=6 old='request_cpu=63m request_mem=250Mi limit_cpu=none limit_mem=none' new='request_cpu=93m request_mem=250Mi limit_cpu=none limit_mem=none' previous_5s_sample='timestamp=2026-08-21T23:43:19+02:00 scenario=ue_7 pod=open5gs-upf-5b9db6d44-nsbqz uid=7b5b8ef7-a2a2-4fe9-a3e1-74acd17bd88f restarts=6 usage_cpu=97m usage_mem=35Mi request_cpu=63m request_mem=250Mi limit_cpu=none limit_mem=none vpa_target_cpu=93m vpa_target_mem=250Mi vpa_uncapped_cpu=93m vpa_uncapped_mem=250Mi vpa_lower_cpu=28m vpa_lower_mem=250Mi vpa_upper_cpu=1500m vpa_upper_mem=512Mi' current_sample='timestamp=2026-08-21T23:43:26+02:00 scenario=ue_7 pod=open5gs-upf-5b9db6d44-nsbqz uid=7b5b8ef7-a2a2-4fe9-a3e1-74acd17bd88f restarts=6 usage_cpu=118m usage_mem=35Mi request_cpu=93m request_mem=250Mi limit_cpu=none limit_mem=none vpa_target_cpu=93m vpa_target_mem=250Mi vpa_uncapped_cpu=93m vpa_uncapped_mem=250Mi vpa_lower_cpu=28m vpa_lower_mem=250Mi vpa_upper_cpu=1500m vpa_upper_mem=512Mi'
[2026-08-21T23:43:27+02:00] UPF_CONTROL_SAMPLE timestamp=2026-08-21T23:43:26+02:00 scenario=ue_7 pod=open5gs-upf-5b9db6d44-nsbqz uid=7b5b8ef7-a2a2-4fe9-a3e1-74acd17bd88f restarts=6 usage_cpu=118m usage_mem=35Mi request_cpu=93m request_mem=250Mi limit_cpu=none limit_mem=none vpa_target_cpu=93m vpa_target_mem=250Mi vpa_uncapped_cpu=93m vpa_uncapped_mem=250Mi vpa_lower_cpu=28m vpa_lower_mem=250Mi vpa_upper_cpu=1500m vpa_upper_mem=512Mi
[2026-08-21T23:43:30+02:00] UPF_CONTROL_SAMPLE timestamp=2026-08-21T23:43:28+02:00 scenario=ue_7 pod=open5gs-upf-5b9db6d44-nsbqz uid=7b5b8ef7-a2a2-4fe9-a3e1-74acd17bd88f restarts=6 usage_cpu=118m usage_mem=35Mi request_cpu=93m request_mem=250Mi limit_cpu=none limit_mem=none vpa_target_cpu=93m vpa_target_mem=250Mi vpa_uncapped_cpu=93m vpa_uncapped_mem=250Mi vpa_lower_cpu=28m vpa_lower_mem=250Mi vpa_upper_cpu=1500m vpa_upper_mem=512Mi
[2026-08-21T23:43:32+02:00] UPF_CONTROL_SAMPLE timestamp=2026-08-21T23:43:31+02:00 scenario=ue_7 pod=open5gs-upf-5b9db6d44-nsbqz uid=7b5b8ef7-a2a2-4fe9-a3e1-74acd17bd88f restarts=6 usage_cpu=118m usage_mem=35Mi request_cpu=93m request_mem=250Mi limit_cpu=none limit_mem=none vpa_target_cpu=93m vpa_target_mem=250Mi vpa_uncapped_cpu=93m vpa_uncapped_mem=250Mi vpa_lower_cpu=28m vpa_lower_mem=250Mi vpa_upper_cpu=1500m vpa_upper_mem=512Mi
[2026-08-21T23:43:34+02:00] VPA_RECOMMENDATION_CHANGE timestamp=2026-08-21T23:43:33+02:00 scenario=ue_7 old='vpa_target_cpu=93m vpa_target_mem=250Mi vpa_uncapped_cpu=93m vpa_uncapped_mem=250Mi vpa_lower_cpu=28m vpa_lower_mem=250Mi vpa_upper_cpu=1500m vpa_upper_mem=512Mi' new='vpa_target_cpu=143m vpa_target_mem=250Mi vpa_uncapped_cpu=143m vpa_uncapped_mem=250Mi vpa_lower_cpu=31m vpa_lower_mem=250Mi vpa_upper_cpu=1500m vpa_upper_mem=512Mi' previous_5s_sample='timestamp=2026-08-21T23:43:28+02:00 scenario=ue_7 pod=open5gs-upf-5b9db6d44-nsbqz uid=7b5b8ef7-a2a2-4fe9-a3e1-74acd17bd88f restarts=6 usage_cpu=118m usage_mem=35Mi request_cpu=93m request_mem=250Mi limit_cpu=none limit_mem=none vpa_target_cpu=93m vpa_target_mem=250Mi vpa_uncapped_cpu=93m vpa_uncapped_mem=250Mi vpa_lower_cpu=28m vpa_lower_mem=250Mi vpa_upper_cpu=1500m vpa_upper_mem=512Mi' current_sample='timestamp=2026-08-21T23:43:33+02:00 scenario=ue_7 pod=open5gs-upf-5b9db6d44-nsbqz uid=7b5b8ef7-a2a2-4fe9-a3e1-74acd17bd88f restarts=6 usage_cpu=118m usage_mem=35Mi request_cpu=93m request_mem=250Mi limit_cpu=none limit_mem=none vpa_target_cpu=143m vpa_target_mem=250Mi vpa_uncapped_cpu=143m vpa_uncapped_mem=250Mi vpa_lower_cpu=31m vpa_lower_mem=250Mi vpa_upper_cpu=1500m vpa_upper_mem=512Mi'
[2026-08-21T23:43:34+02:00] UPF_CONTROL_SAMPLE timestamp=2026-08-21T23:43:33+02:00 scenario=ue_7 pod=open5gs-upf-5b9db6d44-nsbqz uid=7b5b8ef7-a2a2-4fe9-a3e1-74acd17bd88f restarts=6 usage_cpu=118m usage_mem=35Mi request_cpu=93m request_mem=250Mi limit_cpu=none limit_mem=none vpa_target_cpu=143m vpa_target_mem=250Mi vpa_uncapped_cpu=143m vpa_uncapped_mem=250Mi vpa_lower_cpu=31m vpa_lower_mem=250Mi vpa_upper_cpu=1500m vpa_upper_mem=512Mi
[2026-08-21T23:43:36+02:00] UPF_CONTROL_SAMPLE timestamp=2026-08-21T23:43:35+02:00 scenario=ue_7 pod=open5gs-upf-5b9db6d44-nsbqz uid=7b5b8ef7-a2a2-4fe9-a3e1-74acd17bd88f restarts=6 usage_cpu=118m usage_mem=35Mi request_cpu=93m request_mem=250Mi limit_cpu=none limit_mem=none vpa_target_cpu=143m vpa_target_mem=250Mi vpa_uncapped_cpu=143m vpa_uncapped_mem=250Mi vpa_lower_cpu=31m vpa_lower_mem=250Mi vpa_upper_cpu=1500m vpa_upper_mem=512Mi
[2026-08-21T23:43:39+02:00] UPF_CONTROL_SAMPLE timestamp=2026-08-21T23:43:37+02:00 scenario=ue_7 pod=open5gs-upf-5b9db6d44-nsbqz uid=7b5b8ef7-a2a2-4fe9-a3e1-74acd17bd88f restarts=6 usage_cpu=118m usage_mem=35Mi request_cpu=93m request_mem=250Mi limit_cpu=none limit_mem=none vpa_target_cpu=143m vpa_target_mem=250Mi vpa_uncapped_cpu=143m vpa_uncapped_mem=250Mi vpa_lower_cpu=31m vpa_lower_mem=250Mi vpa_upper_cpu=1500m vpa_upper_mem=512Mi
[2026-08-21T23:43:41+02:00] UPF_CONTROL_SAMPLE timestamp=2026-08-21T23:43:40+02:00 scenario=ue_7 pod=open5gs-upf-5b9db6d44-nsbqz uid=7b5b8ef7-a2a2-4fe9-a3e1-74acd17bd88f restarts=6 usage_cpu=121m usage_mem=35Mi request_cpu=93m request_mem=250Mi limit_cpu=none limit_mem=none vpa_target_cpu=143m vpa_target_mem=250Mi vpa_uncapped_cpu=143m vpa_uncapped_mem=250Mi vpa_lower_cpu=31m vpa_lower_mem=250Mi vpa_upper_cpu=1500m vpa_upper_mem=512Mi
[2026-08-21T23:43:43+02:00] UPF_CONTROL_SAMPLE timestamp=2026-08-21T23:43:42+02:00 scenario=ue_7 pod=open5gs-upf-5b9db6d44-nsbqz uid=7b5b8ef7-a2a2-4fe9-a3e1-74acd17bd88f restarts=6 usage_cpu=121m usage_mem=35Mi request_cpu=93m request_mem=250Mi limit_cpu=none limit_mem=none vpa_target_cpu=143m vpa_target_mem=250Mi vpa_uncapped_cpu=143m vpa_uncapped_mem=250Mi vpa_lower_cpu=31m vpa_lower_mem=250Mi vpa_upper_cpu=1500m vpa_upper_mem=512Mi
[2026-08-21T23:43:45+02:00] UPF_CONTROL_SAMPLE timestamp=2026-08-21T23:43:44+02:00 scenario=ue_7 pod=open5gs-upf-5b9db6d44-nsbqz uid=7b5b8ef7-a2a2-4fe9-a3e1-74acd17bd88f restarts=6 usage_cpu=121m usage_mem=35Mi request_cpu=93m request_mem=250Mi limit_cpu=none limit_mem=none vpa_target_cpu=143m vpa_target_mem=250Mi vpa_uncapped_cpu=143m vpa_uncapped_mem=250Mi vpa_lower_cpu=31m vpa_lower_mem=250Mi vpa_upper_cpu=1500m vpa_upper_mem=512Mi
[2026-08-21T23:43:48+02:00] UPF_CONTROL_SAMPLE timestamp=2026-08-21T23:43:46+02:00 scenario=ue_7 pod=open5gs-upf-5b9db6d44-nsbqz uid=7b5b8ef7-a2a2-4fe9-a3e1-74acd17bd88f restarts=6 usage_cpu=121m usage_mem=35Mi request_cpu=93m request_mem=250Mi limit_cpu=none limit_mem=none vpa_target_cpu=143m vpa_target_mem=250Mi vpa_uncapped_cpu=143m vpa_uncapped_mem=250Mi vpa_lower_cpu=31m vpa_lower_mem=250Mi vpa_upper_cpu=1500m vpa_upper_mem=512Mi
[2026-08-21T23:43:50+02:00] UPF_CONTROL_SAMPLE timestamp=2026-08-21T23:43:49+02:00 scenario=ue_7 pod=open5gs-upf-5b9db6d44-nsbqz uid=7b5b8ef7-a2a2-4fe9-a3e1-74acd17bd88f restarts=6 usage_cpu=121m usage_mem=35Mi request_cpu=93m request_mem=250Mi limit_cpu=none limit_mem=none vpa_target_cpu=143m vpa_target_mem=250Mi vpa_uncapped_cpu=143m vpa_uncapped_mem=250Mi vpa_lower_cpu=31m vpa_lower_mem=250Mi vpa_upper_cpu=1500m vpa_upper_mem=512Mi
[2026-08-21T23:43:52+02:00] UPF_CONTROL_SAMPLE timestamp=2026-08-21T23:43:51+02:00 scenario=ue_7 pod=open5gs-upf-5b9db6d44-nsbqz uid=7b5b8ef7-a2a2-4fe9-a3e1-74acd17bd88f restarts=6 usage_cpu=121m usage_mem=35Mi request_cpu=93m request_mem=250Mi limit_cpu=none limit_mem=none vpa_target_cpu=143m vpa_target_mem=250Mi vpa_uncapped_cpu=143m vpa_uncapped_mem=250Mi vpa_lower_cpu=31m vpa_lower_mem=250Mi vpa_upper_cpu=1500m vpa_upper_mem=512Mi
[2026-08-21T23:43:54+02:00] UPF_CONTROL_SAMPLE timestamp=2026-08-21T23:43:53+02:00 scenario=ue_7 pod=open5gs-upf-5b9db6d44-nsbqz uid=7b5b8ef7-a2a2-4fe9-a3e1-74acd17bd88f restarts=6 usage_cpu=121m usage_mem=35Mi request_cpu=93m request_mem=250Mi limit_cpu=none limit_mem=none vpa_target_cpu=143m vpa_target_mem=250Mi vpa_uncapped_cpu=143m vpa_uncapped_mem=250Mi vpa_lower_cpu=31m vpa_lower_mem=250Mi vpa_upper_cpu=1500m vpa_upper_mem=512Mi
[2026-08-21T23:43:57+02:00] UPF_CONTROL_SAMPLE timestamp=2026-08-21T23:43:55+02:00 scenario=ue_7 pod=open5gs-upf-5b9db6d44-nsbqz uid=7b5b8ef7-a2a2-4fe9-a3e1-74acd17bd88f restarts=6 usage_cpu=112m usage_mem=35Mi request_cpu=93m request_mem=250Mi limit_cpu=none limit_mem=none vpa_target_cpu=143m vpa_target_mem=250Mi vpa_uncapped_cpu=143m vpa_uncapped_mem=250Mi vpa_lower_cpu=31m vpa_lower_mem=250Mi vpa_upper_cpu=1500m vpa_upper_mem=512Mi
[2026-08-21T23:43:59+02:00] UPF_CONTROL_SAMPLE timestamp=2026-08-21T23:43:58+02:00 scenario=ue_7 pod=open5gs-upf-5b9db6d44-nsbqz uid=7b5b8ef7-a2a2-4fe9-a3e1-74acd17bd88f restarts=6 usage_cpu=112m usage_mem=35Mi request_cpu=93m request_mem=250Mi limit_cpu=none limit_mem=none vpa_target_cpu=143m vpa_target_mem=250Mi vpa_uncapped_cpu=143m vpa_uncapped_mem=250Mi vpa_lower_cpu=31m vpa_lower_mem=250Mi vpa_upper_cpu=1500m vpa_upper_mem=512Mi
[2026-08-21T23:44:01+02:00] UPF_CONTROL_SAMPLE timestamp=2026-08-21T23:44:00+02:00 scenario=ue_7 pod=open5gs-upf-5b9db6d44-nsbqz uid=7b5b8ef7-a2a2-4fe9-a3e1-74acd17bd88f restarts=6 usage_cpu=112m usage_mem=35Mi request_cpu=93m request_mem=250Mi limit_cpu=none limit_mem=none vpa_target_cpu=143m vpa_target_mem=250Mi vpa_uncapped_cpu=143m vpa_uncapped_mem=250Mi vpa_lower_cpu=31m vpa_lower_mem=250Mi vpa_upper_cpu=1500m vpa_upper_mem=512Mi
[2026-08-21T23:44:03+02:00] UPF_CONTROL_SAMPLE timestamp=2026-08-21T23:44:02+02:00 scenario=ue_7 pod=open5gs-upf-5b9db6d44-nsbqz uid=7b5b8ef7-a2a2-4fe9-a3e1-74acd17bd88f restarts=6 usage_cpu=112m usage_mem=35Mi request_cpu=93m request_mem=250Mi limit_cpu=none limit_mem=none vpa_target_cpu=143m vpa_target_mem=250Mi vpa_uncapped_cpu=143m vpa_uncapped_mem=250Mi vpa_lower_cpu=31m vpa_lower_mem=250Mi vpa_upper_cpu=1500m vpa_upper_mem=512Mi
[2026-08-21T23:44:06+02:00] UPF_CONTROL_SAMPLE timestamp=2026-08-21T23:44:04+02:00 scenario=ue_7 pod=open5gs-upf-5b9db6d44-nsbqz uid=7b5b8ef7-a2a2-4fe9-a3e1-74acd17bd88f restarts=6 usage_cpu=112m usage_mem=35Mi request_cpu=93m request_mem=250Mi limit_cpu=none limit_mem=none vpa_target_cpu=143m vpa_target_mem=250Mi vpa_uncapped_cpu=143m vpa_uncapped_mem=250Mi vpa_lower_cpu=31m vpa_lower_mem=250Mi vpa_upper_cpu=1500m vpa_upper_mem=512Mi
[2026-08-21T23:44:07+02:00] UE_SLOT_DONE timestamp=2026-08-21T21:44:07+00:00 active_ues=7 slot=0 attempt=1 ue_idx=0 ue_if=uesimtun0 ue_ip=10.45.0.252 port=5201 rc=0 replacements_for_slot=0 server_busy_retries_for_slot=0
[2026-08-21T23:44:07+02:00] UE_SLOT_DONE timestamp=2026-08-21T21:44:07+00:00 active_ues=7 slot=1 attempt=1 ue_idx=1 ue_if=uesimtun1 ue_ip=10.45.0.253 port=5202 rc=0 replacements_for_slot=0 server_busy_retries_for_slot=0
[2026-08-21T23:44:07+02:00] UE_SLOT_DONE timestamp=2026-08-21T21:44:07+00:00 active_ues=7 slot=2 attempt=1 ue_idx=2 ue_if=uesimtun2 ue_ip=10.45.0.254 port=5203 rc=0 replacements_for_slot=0 server_busy_retries_for_slot=0
[2026-08-21T23:44:07+02:00] UE_SLOT_DONE timestamp=2026-08-21T21:44:07+00:00 active_ues=7 slot=3 attempt=1 ue_idx=3 ue_if=uesimtun3 ue_ip=10.45.1.0 port=5204 rc=0 replacements_for_slot=0 server_busy_retries_for_slot=0
[2026-08-21T23:44:08+02:00] UPF_CONTROL_SAMPLE timestamp=2026-08-21T23:44:07+02:00 scenario=ue_7 pod=open5gs-upf-5b9db6d44-nsbqz uid=7b5b8ef7-a2a2-4fe9-a3e1-74acd17bd88f restarts=6 usage_cpu=112m usage_mem=35Mi request_cpu=93m request_mem=250Mi limit_cpu=none limit_mem=none vpa_target_cpu=143m vpa_target_mem=250Mi vpa_uncapped_cpu=143m vpa_uncapped_mem=250Mi vpa_lower_cpu=31m vpa_lower_mem=250Mi vpa_upper_cpu=1500m vpa_upper_mem=512Mi
[2026-08-21T23:44:08+02:00] UE_SLOT_DONE timestamp=2026-08-21T21:44:08+00:00 active_ues=7 slot=4 attempt=1 ue_idx=4 ue_if=uesimtun4 ue_ip=10.45.1.1 port=5205 rc=0 replacements_for_slot=0 server_busy_retries_for_slot=0
[2026-08-21T23:44:08+02:00] UE_SLOT_DONE timestamp=2026-08-21T21:44:08+00:00 active_ues=7 slot=5 attempt=1 ue_idx=5 ue_if=uesimtun5 ue_ip=10.45.1.3 port=5206 rc=0 replacements_for_slot=0 server_busy_retries_for_slot=0
[2026-08-21T23:44:08+02:00] UE_SLOT_DONE timestamp=2026-08-21T21:44:08+00:00 active_ues=7 slot=6 attempt=1 ue_idx=6 ue_if=uesimtun6 ue_ip=10.45.0.255 port=5207 rc=0 replacements_for_slot=0 server_busy_retries_for_slot=0
[2026-08-21T23:44:09+02:00] TRAFFIC_SUMMARY timestamp=2026-08-21T21:44:09+00:00 registered_tunnels=50 active_ues=7 target_slots=7 completed_slots=7 final_failed_slots=0 replacements=0 problematic_ues=0 zombie_ues=0 connect_timeouts=0 stalls=0 deferred_stalls=0 process_failures=0 server_busy_retries=0 server_busy_failures=0 late_timeouts_accepted=0 scenario_bad_ues=0 global_suspect_ues=0 used_ues=7 target_host=192.168.1.211 initial_ports=5201-5207 replacement_ports=5251-5265 bitrate=1M start_delay=0.05 detection=no_rx_counter replacement_min_duration_s=5 adaptive_extension_max_s=1 iperf_exit_grace_s=3 server_busy_retries_limit=1 server_busy_retry_delay_s=2 late_replacement_after_end=disabled wait_for_iperf_exit=until_timeout global_suspect_policy=soft_reuse ramp_supervision=after_initial_start
[2026-08-21T23:44:10+02:00] UE_POOL_SCENARIO_BAD_CURRENT timestamp=2026-08-21T21:44:09+00:00 active_ues=7 indexes=
[2026-08-21T23:44:10+02:00] UE_POOL_GLOBAL_SUSPECT_CURRENT timestamp=2026-08-21T21:44:09+00:00 active_ues=7 indexes=
[2026-08-21T23:44:10+02:00] REMOTE_IPERF_PER_UE_END timestamp=2026-08-21T21:44:10+00:00 active_ues=7 tag=ue_7 final_rc=0 completed_slots=7 replacements=0 problematic_ues=0 server_busy_retries=0 deferred_stalls=0 late_timeouts_accepted=0
[2026-08-21T23:44:10+02:00] SCENARIO TRAFFIC COMMAND END timestamp=2026-08-21T23:44:10+02:00 active_ue=7 rc=0
[2026-08-21T23:44:10+02:00] SCENARIO UPF AFTER timestamp=2026-08-21T23:44:10+02:00 active_ue=7 pod=open5gs-upf-5b9db6d44-nsbqz uid=7b5b8ef7-a2a2-4fe9-a3e1-74acd17bd88f restarts=6
[2026-08-21T23:44:10+02:00] UPF_CONTROL_SAMPLE timestamp=2026-08-21T23:44:09+02:00 scenario=ue_7 pod=open5gs-upf-5b9db6d44-nsbqz uid=7b5b8ef7-a2a2-4fe9-a3e1-74acd17bd88f restarts=6 usage_cpu=119m usage_mem=35Mi request_cpu=93m request_mem=250Mi limit_cpu=none limit_mem=none vpa_target_cpu=143m vpa_target_mem=250Mi vpa_uncapped_cpu=143m vpa_uncapped_mem=250Mi vpa_lower_cpu=31m vpa_lower_mem=250Mi vpa_upper_cpu=1500m vpa_upper_mem=512Mi
[2026-08-21T23:44:10+02:00] SCENARIO END timestamp=2026-08-21T23:44:10+02:00 active_ue=7 rc=0
[2026-08-21T23:44:10+02:00] ================================================================
[2026-08-21T23:44:10+02:00] SCENARIO START timestamp=2026-08-21T23:44:10+02:00 active_ue=9 registered_ue_pool=50 target_host=192.168.1.211 ports=5201-5209 replacement_ports=5251-5265 bitrate_per_ue=1M start_delay=0.05 replacement_min_duration=5 adaptive_extension_max=1
[2026-08-21T23:44:10+02:00] ================================================================
[2026-08-21T23:44:11+02:00] SCENARIO TUNNEL CHECK timestamp=2026-08-21T23:44:11+02:00 active_ue=9 current_tunnels=50 required=50
[2026-08-21T23:44:11+02:00] SCENARIO UPF BEFORE timestamp=2026-08-21T23:44:11+02:00 active_ue=9 pod=open5gs-upf-5b9db6d44-nsbqz uid=7b5b8ef7-a2a2-4fe9-a3e1-74acd17bd88f restarts=6
[2026-08-21T23:44:12+02:00] REMOTE_IPERF_PER_UE_START timestamp=2026-08-21T21:44:12+00:00 active_ues=9 tag=ue_9 iperf_host=192.168.1.211 base_port=5201 replacement_base_port=5251 duration=80 bitrate=1M start_delay=0.05 detection=no_rx_counter connect_timeout_s=4 stall_seconds=5 replacement_limit=15 replacement_min_duration_s=5 adaptive_extension_max_s=1 iperf_exit_grace_s=3 server_busy_port_rebinds=1 late_replacement_after_end=disabled wait_for_iperf_exit=until_timeout global_suspect_policy=soft_reuse ramp_supervision=after_initial_start
[2026-08-21T23:44:12+02:00] UE_POOL_STATUS timestamp=2026-08-21T21:44:12+00:00 active_ues=9 registered_tunnels=50 existing_global_suspect_ues=0 used_ues=0 policy=soft_reuse_global_suspects
[2026-08-21T23:44:12+02:00] UE_SLOT_ASSIGN timestamp=2026-08-21T21:44:12+00:00 active_ues=9 slot=0 ue_idx=0 ue_if=uesimtun0 ue_ip=10.45.0.252 candidate_reused_global_suspect=0
[2026-08-21T23:44:12+02:00] UE_SLOT_START timestamp=2026-08-21T21:44:12+00:00 active_ues=9 slot=0 attempt=1 ue_idx=0 ue_if=uesimtun0 ue_ip=10.45.0.252 target=192.168.1.211:5201 bitrate=1M duration_s=80 planned_end_epoch=1787348732 timeout_s=90 hard_timeout_epoch=1787348747 start_rx_bytes=365333
[2026-08-21T23:44:12+02:00] UE_SLOT_PID timestamp=2026-08-21T21:44:12+00:00 active_ues=9 slot=0 attempt=1 ue_idx=0 pid=7227
[2026-08-21T23:44:13+02:00] UE_SLOT_ASSIGN timestamp=2026-08-21T21:44:12+00:00 active_ues=9 slot=1 ue_idx=1 ue_if=uesimtun1 ue_ip=10.45.0.253 candidate_reused_global_suspect=0
[2026-08-21T23:44:13+02:00] UE_SLOT_START timestamp=2026-08-21T21:44:13+00:00 active_ues=9 slot=1 attempt=1 ue_idx=1 ue_if=uesimtun1 ue_ip=10.45.0.253 target=192.168.1.211:5202 bitrate=1M duration_s=80 planned_end_epoch=1787348732 timeout_s=90 hard_timeout_epoch=1787348747 start_rx_bytes=267565
[2026-08-21T23:44:13+02:00] UE_SLOT_PID timestamp=2026-08-21T21:44:13+00:00 active_ues=9 slot=1 attempt=1 ue_idx=1 pid=7252
[2026-08-21T23:44:13+02:00] UPF_CONTROL_SAMPLE timestamp=2026-08-21T23:44:11+02:00 scenario=ue_9 pod=open5gs-upf-5b9db6d44-nsbqz uid=7b5b8ef7-a2a2-4fe9-a3e1-74acd17bd88f restarts=6 usage_cpu=119m usage_mem=35Mi request_cpu=93m request_mem=250Mi limit_cpu=none limit_mem=none vpa_target_cpu=143m vpa_target_mem=250Mi vpa_uncapped_cpu=143m vpa_uncapped_mem=250Mi vpa_lower_cpu=31m vpa_lower_mem=250Mi vpa_upper_cpu=1500m vpa_upper_mem=512Mi
[2026-08-21T23:44:13+02:00] UE_SLOT_ASSIGN timestamp=2026-08-21T21:44:13+00:00 active_ues=9 slot=2 ue_idx=2 ue_if=uesimtun2 ue_ip=10.45.0.254 candidate_reused_global_suspect=0
[2026-08-21T23:44:13+02:00] UE_SLOT_START timestamp=2026-08-21T21:44:13+00:00 active_ues=9 slot=2 attempt=1 ue_idx=2 ue_if=uesimtun2 ue_ip=10.45.0.254 target=192.168.1.211:5203 bitrate=1M duration_s=80 planned_end_epoch=1787348733 timeout_s=90 hard_timeout_epoch=1787348748 start_rx_bytes=278983
[2026-08-21T23:44:13+02:00] UE_SLOT_PID timestamp=2026-08-21T21:44:13+00:00 active_ues=9 slot=2 attempt=1 ue_idx=2 pid=7277
[2026-08-21T23:44:13+02:00] UE_SLOT_ASSIGN timestamp=2026-08-21T21:44:13+00:00 active_ues=9 slot=3 ue_idx=3 ue_if=uesimtun3 ue_ip=10.45.1.0 candidate_reused_global_suspect=0
[2026-08-21T23:44:13+02:00] UE_SLOT_START timestamp=2026-08-21T21:44:13+00:00 active_ues=9 slot=3 attempt=1 ue_idx=3 ue_if=uesimtun3 ue_ip=10.45.1.0 target=192.168.1.211:5204 bitrate=1M duration_s=80 planned_end_epoch=1787348733 timeout_s=90 hard_timeout_epoch=1787348748 start_rx_bytes=184270
[2026-08-21T23:44:13+02:00] UE_SLOT_PID timestamp=2026-08-21T21:44:13+00:00 active_ues=9 slot=3 attempt=1 ue_idx=3 pid=7302
[2026-08-21T23:44:13+02:00] UE_SLOT_ASSIGN timestamp=2026-08-21T21:44:13+00:00 active_ues=9 slot=4 ue_idx=4 ue_if=uesimtun4 ue_ip=10.45.1.1 candidate_reused_global_suspect=0
[2026-08-21T23:44:13+02:00] UE_SLOT_START timestamp=2026-08-21T21:44:13+00:00 active_ues=9 slot=4 attempt=1 ue_idx=4 ue_if=uesimtun4 ue_ip=10.45.1.1 target=192.168.1.211:5205 bitrate=1M duration_s=80 planned_end_epoch=1787348733 timeout_s=90 hard_timeout_epoch=1787348748 start_rx_bytes=187459
[2026-08-21T23:44:13+02:00] UE_SLOT_PID timestamp=2026-08-21T21:44:13+00:00 active_ues=9 slot=4 attempt=1 ue_idx=4 pid=7327
[2026-08-21T23:44:13+02:00] UE_SLOT_ASSIGN timestamp=2026-08-21T21:44:13+00:00 active_ues=9 slot=5 ue_idx=5 ue_if=uesimtun5 ue_ip=10.45.1.3 candidate_reused_global_suspect=0
[2026-08-21T23:44:13+02:00] UE_SLOT_START timestamp=2026-08-21T21:44:13+00:00 active_ues=9 slot=5 attempt=1 ue_idx=5 ue_if=uesimtun5 ue_ip=10.45.1.3 target=192.168.1.211:5206 bitrate=1M duration_s=80 planned_end_epoch=1787348733 timeout_s=90 hard_timeout_epoch=1787348748 start_rx_bytes=87135
[2026-08-21T23:44:13+02:00] UE_SLOT_PID timestamp=2026-08-21T21:44:13+00:00 active_ues=9 slot=5 attempt=1 ue_idx=5 pid=7352
[2026-08-21T23:44:14+02:00] UE_SLOT_ASSIGN timestamp=2026-08-21T21:44:14+00:00 active_ues=9 slot=6 ue_idx=6 ue_if=uesimtun6 ue_ip=10.45.0.255 candidate_reused_global_suspect=0
[2026-08-21T23:44:14+02:00] UE_SLOT_START timestamp=2026-08-21T21:44:14+00:00 active_ues=9 slot=6 attempt=1 ue_idx=6 ue_if=uesimtun6 ue_ip=10.45.0.255 target=192.168.1.211:5207 bitrate=1M duration_s=80 planned_end_epoch=1787348734 timeout_s=90 hard_timeout_epoch=1787348749 start_rx_bytes=91112
[2026-08-21T23:44:14+02:00] UE_SLOT_PID timestamp=2026-08-21T21:44:14+00:00 active_ues=9 slot=6 attempt=1 ue_idx=6 pid=7377
[2026-08-21T23:44:14+02:00] UE_SLOT_ASSIGN timestamp=2026-08-21T21:44:14+00:00 active_ues=9 slot=7 ue_idx=7 ue_if=uesimtun7 ue_ip=10.45.1.6 candidate_reused_global_suspect=0
[2026-08-21T23:44:14+02:00] UE_SLOT_START timestamp=2026-08-21T21:44:14+00:00 active_ues=9 slot=7 attempt=1 ue_idx=7 ue_if=uesimtun7 ue_ip=10.45.1.6 target=192.168.1.211:5208 bitrate=1M duration_s=80 planned_end_epoch=1787348734 timeout_s=90 hard_timeout_epoch=1787348749 start_rx_bytes=0
[2026-08-21T23:44:14+02:00] UE_SLOT_PID timestamp=2026-08-21T21:44:14+00:00 active_ues=9 slot=7 attempt=1 ue_idx=7 pid=7402
[2026-08-21T23:44:14+02:00] UE_SLOT_ASSIGN timestamp=2026-08-21T21:44:14+00:00 active_ues=9 slot=8 ue_idx=8 ue_if=uesimtun8 ue_ip=10.45.1.10 candidate_reused_global_suspect=0
[2026-08-21T23:44:14+02:00] UE_SLOT_START timestamp=2026-08-21T21:44:14+00:00 active_ues=9 slot=8 attempt=1 ue_idx=8 ue_if=uesimtun8 ue_ip=10.45.1.10 target=192.168.1.211:5209 bitrate=1M duration_s=80 planned_end_epoch=1787348734 timeout_s=90 hard_timeout_epoch=1787348749 start_rx_bytes=0
[2026-08-21T23:44:14+02:00] UE_SLOT_PID timestamp=2026-08-21T21:44:14+00:00 active_ues=9 slot=8 attempt=1 ue_idx=8 pid=7427
[2026-08-21T23:44:14+02:00] IPERF_MAPPING_SUMMARY timestamp=2026-08-21T21:44:14+00:00 active_ues=9 registered_tunnels=50 initial_ports=5201-5209 replacement_ports=5251-5265 bitrate=1M start_delay=0.05 detection=no_rx_counter replacement_min_duration_s=5 adaptive_extension_max_s=1 iperf_exit_grace_s=3 server_busy_port_rebinds=1 late_replacement_after_end=disabled wait_for_iperf_exit=until_timeout global_suspect_policy=soft_reuse ramp_supervision=after_initial_start
[2026-08-21T23:44:15+02:00] UPF_CONTROL_SAMPLE timestamp=2026-08-21T23:44:14+02:00 scenario=ue_9 pod=open5gs-upf-5b9db6d44-nsbqz uid=7b5b8ef7-a2a2-4fe9-a3e1-74acd17bd88f restarts=6 usage_cpu=119m usage_mem=35Mi request_cpu=93m request_mem=250Mi limit_cpu=none limit_mem=none vpa_target_cpu=143m vpa_target_mem=250Mi vpa_uncapped_cpu=143m vpa_uncapped_mem=250Mi vpa_lower_cpu=31m vpa_lower_mem=250Mi vpa_upper_cpu=1500m vpa_upper_mem=512Mi
[2026-08-21T23:44:17+02:00] UPF_CONTROL_SAMPLE timestamp=2026-08-21T23:44:16+02:00 scenario=ue_9 pod=open5gs-upf-5b9db6d44-nsbqz uid=7b5b8ef7-a2a2-4fe9-a3e1-74acd17bd88f restarts=6 usage_cpu=119m usage_mem=35Mi request_cpu=93m request_mem=250Mi limit_cpu=none limit_mem=none vpa_target_cpu=143m vpa_target_mem=250Mi vpa_uncapped_cpu=143m vpa_uncapped_mem=250Mi vpa_lower_cpu=31m vpa_lower_mem=250Mi vpa_upper_cpu=1500m vpa_upper_mem=512Mi
[2026-08-21T23:44:20+02:00] UPF_CONTROL_SAMPLE timestamp=2026-08-21T23:44:18+02:00 scenario=ue_9 pod=open5gs-upf-5b9db6d44-nsbqz uid=7b5b8ef7-a2a2-4fe9-a3e1-74acd17bd88f restarts=6 usage_cpu=119m usage_mem=35Mi request_cpu=93m request_mem=250Mi limit_cpu=none limit_mem=none vpa_target_cpu=143m vpa_target_mem=250Mi vpa_uncapped_cpu=143m vpa_uncapped_mem=250Mi vpa_lower_cpu=31m vpa_lower_mem=250Mi vpa_upper_cpu=1500m vpa_upper_mem=512Mi
[2026-08-21T23:44:22+02:00] UPF_CONTROL_SAMPLE timestamp=2026-08-21T23:44:21+02:00 scenario=ue_9 pod=open5gs-upf-5b9db6d44-nsbqz uid=7b5b8ef7-a2a2-4fe9-a3e1-74acd17bd88f restarts=6 usage_cpu=119m usage_mem=35Mi request_cpu=93m request_mem=250Mi limit_cpu=none limit_mem=none vpa_target_cpu=143m vpa_target_mem=250Mi vpa_uncapped_cpu=143m vpa_uncapped_mem=250Mi vpa_lower_cpu=31m vpa_lower_mem=250Mi vpa_upper_cpu=1500m vpa_upper_mem=512Mi
[2026-08-21T23:44:24+02:00] UPF_CONTROL_SAMPLE timestamp=2026-08-21T23:44:23+02:00 scenario=ue_9 pod=open5gs-upf-5b9db6d44-nsbqz uid=7b5b8ef7-a2a2-4fe9-a3e1-74acd17bd88f restarts=6 usage_cpu=119m usage_mem=35Mi request_cpu=93m request_mem=250Mi limit_cpu=none limit_mem=none vpa_target_cpu=143m vpa_target_mem=250Mi vpa_uncapped_cpu=143m vpa_uncapped_mem=250Mi vpa_lower_cpu=31m vpa_lower_mem=250Mi vpa_upper_cpu=1500m vpa_upper_mem=512Mi
[2026-08-21T23:44:26+02:00] UPF_REQUEST_CHANGE timestamp=2026-08-21T23:44:25+02:00 scenario=ue_9 pod=open5gs-upf-5b9db6d44-nsbqz uid=7b5b8ef7-a2a2-4fe9-a3e1-74acd17bd88f restarts=6 old='request_cpu=93m request_mem=250Mi limit_cpu=none limit_mem=none' new='request_cpu=143m request_mem=250Mi limit_cpu=none limit_mem=none' previous_5s_sample='timestamp=2026-08-21T23:44:18+02:00 scenario=ue_9 pod=open5gs-upf-5b9db6d44-nsbqz uid=7b5b8ef7-a2a2-4fe9-a3e1-74acd17bd88f restarts=6 usage_cpu=119m usage_mem=35Mi request_cpu=93m request_mem=250Mi limit_cpu=none limit_mem=none vpa_target_cpu=143m vpa_target_mem=250Mi vpa_uncapped_cpu=143m vpa_uncapped_mem=250Mi vpa_lower_cpu=31m vpa_lower_mem=250Mi vpa_upper_cpu=1500m vpa_upper_mem=512Mi' current_sample='timestamp=2026-08-21T23:44:25+02:00 scenario=ue_9 pod=open5gs-upf-5b9db6d44-nsbqz uid=7b5b8ef7-a2a2-4fe9-a3e1-74acd17bd88f restarts=6 usage_cpu=95m usage_mem=35Mi request_cpu=143m request_mem=250Mi limit_cpu=none limit_mem=none vpa_target_cpu=143m vpa_target_mem=250Mi vpa_uncapped_cpu=143m vpa_uncapped_mem=250Mi vpa_lower_cpu=31m vpa_lower_mem=250Mi vpa_upper_cpu=1500m vpa_upper_mem=512Mi'
[2026-08-21T23:44:26+02:00] UPF_CONTROL_SAMPLE timestamp=2026-08-21T23:44:25+02:00 scenario=ue_9 pod=open5gs-upf-5b9db6d44-nsbqz uid=7b5b8ef7-a2a2-4fe9-a3e1-74acd17bd88f restarts=6 usage_cpu=95m usage_mem=35Mi request_cpu=143m request_mem=250Mi limit_cpu=none limit_mem=none vpa_target_cpu=143m vpa_target_mem=250Mi vpa_uncapped_cpu=143m vpa_uncapped_mem=250Mi vpa_lower_cpu=31m vpa_lower_mem=250Mi vpa_upper_cpu=1500m vpa_upper_mem=512Mi
[2026-08-21T23:44:29+02:00] UPF_CONTROL_SAMPLE timestamp=2026-08-21T23:44:27+02:00 scenario=ue_9 pod=open5gs-upf-5b9db6d44-nsbqz uid=7b5b8ef7-a2a2-4fe9-a3e1-74acd17bd88f restarts=6 usage_cpu=95m usage_mem=35Mi request_cpu=143m request_mem=250Mi limit_cpu=none limit_mem=none vpa_target_cpu=143m vpa_target_mem=250Mi vpa_uncapped_cpu=143m vpa_uncapped_mem=250Mi vpa_lower_cpu=31m vpa_lower_mem=250Mi vpa_upper_cpu=1500m vpa_upper_mem=512Mi
[2026-08-21T23:44:31+02:00] UPF_CONTROL_SAMPLE timestamp=2026-08-21T23:44:30+02:00 scenario=ue_9 pod=open5gs-upf-5b9db6d44-nsbqz uid=7b5b8ef7-a2a2-4fe9-a3e1-74acd17bd88f restarts=6 usage_cpu=95m usage_mem=35Mi request_cpu=143m request_mem=250Mi limit_cpu=none limit_mem=none vpa_target_cpu=143m vpa_target_mem=250Mi vpa_uncapped_cpu=143m vpa_uncapped_mem=250Mi vpa_lower_cpu=31m vpa_lower_mem=250Mi vpa_upper_cpu=1500m vpa_upper_mem=512Mi
[2026-08-21T23:44:33+02:00] UPF_CONTROL_SAMPLE timestamp=2026-08-21T23:44:32+02:00 scenario=ue_9 pod=open5gs-upf-5b9db6d44-nsbqz uid=7b5b8ef7-a2a2-4fe9-a3e1-74acd17bd88f restarts=6 usage_cpu=95m usage_mem=35Mi request_cpu=143m request_mem=250Mi limit_cpu=none limit_mem=none vpa_target_cpu=143m vpa_target_mem=250Mi vpa_uncapped_cpu=143m vpa_uncapped_mem=250Mi vpa_lower_cpu=31m vpa_lower_mem=250Mi vpa_upper_cpu=1500m vpa_upper_mem=512Mi
[2026-08-21T23:44:36+02:00] VPA_RECOMMENDATION_CHANGE timestamp=2026-08-21T23:44:34+02:00 scenario=ue_9 old='vpa_target_cpu=143m vpa_target_mem=250Mi vpa_uncapped_cpu=143m vpa_uncapped_mem=250Mi vpa_lower_cpu=31m vpa_lower_mem=250Mi vpa_upper_cpu=1500m vpa_upper_mem=512Mi' new='vpa_target_cpu=143m vpa_target_mem=250Mi vpa_uncapped_cpu=143m vpa_uncapped_mem=250Mi vpa_lower_cpu=43m vpa_lower_mem=250Mi vpa_upper_cpu=1500m vpa_upper_mem=512Mi' previous_5s_sample='timestamp=2026-08-21T23:44:27+02:00 scenario=ue_9 pod=open5gs-upf-5b9db6d44-nsbqz uid=7b5b8ef7-a2a2-4fe9-a3e1-74acd17bd88f restarts=6 usage_cpu=95m usage_mem=35Mi request_cpu=143m request_mem=250Mi limit_cpu=none limit_mem=none vpa_target_cpu=143m vpa_target_mem=250Mi vpa_uncapped_cpu=143m vpa_uncapped_mem=250Mi vpa_lower_cpu=31m vpa_lower_mem=250Mi vpa_upper_cpu=1500m vpa_upper_mem=512Mi' current_sample='timestamp=2026-08-21T23:44:34+02:00 scenario=ue_9 pod=open5gs-upf-5b9db6d44-nsbqz uid=7b5b8ef7-a2a2-4fe9-a3e1-74acd17bd88f restarts=6 usage_cpu=95m usage_mem=35Mi request_cpu=143m request_mem=250Mi limit_cpu=none limit_mem=none vpa_target_cpu=143m vpa_target_mem=250Mi vpa_uncapped_cpu=143m vpa_uncapped_mem=250Mi vpa_lower_cpu=43m vpa_lower_mem=250Mi vpa_upper_cpu=1500m vpa_upper_mem=512Mi'
[2026-08-21T23:44:36+02:00] UPF_CONTROL_SAMPLE timestamp=2026-08-21T23:44:34+02:00 scenario=ue_9 pod=open5gs-upf-5b9db6d44-nsbqz uid=7b5b8ef7-a2a2-4fe9-a3e1-74acd17bd88f restarts=6 usage_cpu=95m usage_mem=35Mi request_cpu=143m request_mem=250Mi limit_cpu=none limit_mem=none vpa_target_cpu=143m vpa_target_mem=250Mi vpa_uncapped_cpu=143m vpa_uncapped_mem=250Mi vpa_lower_cpu=43m vpa_lower_mem=250Mi vpa_upper_cpu=1500m vpa_upper_mem=512Mi
[2026-08-21T23:44:38+02:00] UPF_CONTROL_SAMPLE timestamp=2026-08-21T23:44:37+02:00 scenario=ue_9 pod=open5gs-upf-5b9db6d44-nsbqz uid=7b5b8ef7-a2a2-4fe9-a3e1-74acd17bd88f restarts=6 usage_cpu=95m usage_mem=35Mi request_cpu=143m request_mem=250Mi limit_cpu=none limit_mem=none vpa_target_cpu=143m vpa_target_mem=250Mi vpa_uncapped_cpu=143m vpa_uncapped_mem=250Mi vpa_lower_cpu=43m vpa_lower_mem=250Mi vpa_upper_cpu=1500m vpa_upper_mem=512Mi
[2026-08-21T23:44:40+02:00] UPF_CONTROL_SAMPLE timestamp=2026-08-21T23:44:39+02:00 scenario=ue_9 pod=open5gs-upf-5b9db6d44-nsbqz uid=7b5b8ef7-a2a2-4fe9-a3e1-74acd17bd88f restarts=6 usage_cpu=95m usage_mem=35Mi request_cpu=143m request_mem=250Mi limit_cpu=none limit_mem=none vpa_target_cpu=143m vpa_target_mem=250Mi vpa_uncapped_cpu=143m vpa_uncapped_mem=250Mi vpa_lower_cpu=43m vpa_lower_mem=250Mi vpa_upper_cpu=1500m vpa_upper_mem=512Mi
[2026-08-21T23:44:42+02:00] UPF_CONTROL_SAMPLE timestamp=2026-08-21T23:44:41+02:00 scenario=ue_9 pod=open5gs-upf-5b9db6d44-nsbqz uid=7b5b8ef7-a2a2-4fe9-a3e1-74acd17bd88f restarts=6 usage_cpu=150m usage_mem=35Mi request_cpu=143m request_mem=250Mi limit_cpu=none limit_mem=none vpa_target_cpu=143m vpa_target_mem=250Mi vpa_uncapped_cpu=143m vpa_uncapped_mem=250Mi vpa_lower_cpu=43m vpa_lower_mem=250Mi vpa_upper_cpu=1500m vpa_upper_mem=512Mi
[2026-08-21T23:44:45+02:00] UPF_CONTROL_SAMPLE timestamp=2026-08-21T23:44:43+02:00 scenario=ue_9 pod=open5gs-upf-5b9db6d44-nsbqz uid=7b5b8ef7-a2a2-4fe9-a3e1-74acd17bd88f restarts=6 usage_cpu=150m usage_mem=35Mi request_cpu=143m request_mem=250Mi limit_cpu=none limit_mem=none vpa_target_cpu=143m vpa_target_mem=250Mi vpa_uncapped_cpu=143m vpa_uncapped_mem=250Mi vpa_lower_cpu=43m vpa_lower_mem=250Mi vpa_upper_cpu=1500m vpa_upper_mem=512Mi
[2026-08-21T23:44:47+02:00] UPF_CONTROL_SAMPLE timestamp=2026-08-21T23:44:46+02:00 scenario=ue_9 pod=open5gs-upf-5b9db6d44-nsbqz uid=7b5b8ef7-a2a2-4fe9-a3e1-74acd17bd88f restarts=6 usage_cpu=150m usage_mem=35Mi request_cpu=143m request_mem=250Mi limit_cpu=none limit_mem=none vpa_target_cpu=143m vpa_target_mem=250Mi vpa_uncapped_cpu=143m vpa_uncapped_mem=250Mi vpa_lower_cpu=43m vpa_lower_mem=250Mi vpa_upper_cpu=1500m vpa_upper_mem=512Mi
[2026-08-21T23:44:49+02:00] UPF_CONTROL_SAMPLE timestamp=2026-08-21T23:44:48+02:00 scenario=ue_9 pod=open5gs-upf-5b9db6d44-nsbqz uid=7b5b8ef7-a2a2-4fe9-a3e1-74acd17bd88f restarts=6 usage_cpu=150m usage_mem=35Mi request_cpu=143m request_mem=250Mi limit_cpu=none limit_mem=none vpa_target_cpu=143m vpa_target_mem=250Mi vpa_uncapped_cpu=143m vpa_uncapped_mem=250Mi vpa_lower_cpu=43m vpa_lower_mem=250Mi vpa_upper_cpu=1500m vpa_upper_mem=512Mi
[2026-08-21T23:44:52+02:00] UPF_CONTROL_SAMPLE timestamp=2026-08-21T23:44:50+02:00 scenario=ue_9 pod=open5gs-upf-5b9db6d44-nsbqz uid=7b5b8ef7-a2a2-4fe9-a3e1-74acd17bd88f restarts=6 usage_cpu=150m usage_mem=35Mi request_cpu=143m request_mem=250Mi limit_cpu=none limit_mem=none vpa_target_cpu=143m vpa_target_mem=250Mi vpa_uncapped_cpu=143m vpa_uncapped_mem=250Mi vpa_lower_cpu=43m vpa_lower_mem=250Mi vpa_upper_cpu=1500m vpa_upper_mem=512Mi
[2026-08-21T23:44:54+02:00] UPF_CONTROL_SAMPLE timestamp=2026-08-21T23:44:53+02:00 scenario=ue_9 pod=open5gs-upf-5b9db6d44-nsbqz uid=7b5b8ef7-a2a2-4fe9-a3e1-74acd17bd88f restarts=6 usage_cpu=150m usage_mem=35Mi request_cpu=143m request_mem=250Mi limit_cpu=none limit_mem=none vpa_target_cpu=143m vpa_target_mem=250Mi vpa_uncapped_cpu=143m vpa_uncapped_mem=250Mi vpa_lower_cpu=43m vpa_lower_mem=250Mi vpa_upper_cpu=1500m vpa_upper_mem=512Mi
[2026-08-21T23:44:56+02:00] UPF_CONTROL_SAMPLE timestamp=2026-08-21T23:44:55+02:00 scenario=ue_9 pod=open5gs-upf-5b9db6d44-nsbqz uid=7b5b8ef7-a2a2-4fe9-a3e1-74acd17bd88f restarts=6 usage_cpu=147m usage_mem=35Mi request_cpu=143m request_mem=250Mi limit_cpu=none limit_mem=none vpa_target_cpu=143m vpa_target_mem=250Mi vpa_uncapped_cpu=143m vpa_uncapped_mem=250Mi vpa_lower_cpu=43m vpa_lower_mem=250Mi vpa_upper_cpu=1500m vpa_upper_mem=512Mi
[2026-08-21T23:44:59+02:00] UPF_CONTROL_SAMPLE timestamp=2026-08-21T23:44:57+02:00 scenario=ue_9 pod=open5gs-upf-5b9db6d44-nsbqz uid=7b5b8ef7-a2a2-4fe9-a3e1-74acd17bd88f restarts=6 usage_cpu=147m usage_mem=35Mi request_cpu=143m request_mem=250Mi limit_cpu=none limit_mem=none vpa_target_cpu=143m vpa_target_mem=250Mi vpa_uncapped_cpu=143m vpa_uncapped_mem=250Mi vpa_lower_cpu=43m vpa_lower_mem=250Mi vpa_upper_cpu=1500m vpa_upper_mem=512Mi
[2026-08-21T23:45:01+02:00] UPF_CONTROL_SAMPLE timestamp=2026-08-21T23:45:00+02:00 scenario=ue_9 pod=open5gs-upf-5b9db6d44-nsbqz uid=7b5b8ef7-a2a2-4fe9-a3e1-74acd17bd88f restarts=6 usage_cpu=147m usage_mem=35Mi request_cpu=143m request_mem=250Mi limit_cpu=none limit_mem=none vpa_target_cpu=143m vpa_target_mem=250Mi vpa_uncapped_cpu=143m vpa_uncapped_mem=250Mi vpa_lower_cpu=43m vpa_lower_mem=250Mi vpa_upper_cpu=1500m vpa_upper_mem=512Mi
[2026-08-21T23:45:03+02:00] UPF_CONTROL_SAMPLE timestamp=2026-08-21T23:45:02+02:00 scenario=ue_9 pod=open5gs-upf-5b9db6d44-nsbqz uid=7b5b8ef7-a2a2-4fe9-a3e1-74acd17bd88f restarts=6 usage_cpu=147m usage_mem=35Mi request_cpu=143m request_mem=250Mi limit_cpu=none limit_mem=none vpa_target_cpu=143m vpa_target_mem=250Mi vpa_uncapped_cpu=143m vpa_uncapped_mem=250Mi vpa_lower_cpu=43m vpa_lower_mem=250Mi vpa_upper_cpu=1500m vpa_upper_mem=512Mi
[2026-08-21T23:45:05+02:00] UPF_CONTROL_SAMPLE timestamp=2026-08-21T23:45:04+02:00 scenario=ue_9 pod=open5gs-upf-5b9db6d44-nsbqz uid=7b5b8ef7-a2a2-4fe9-a3e1-74acd17bd88f restarts=6 usage_cpu=147m usage_mem=35Mi request_cpu=143m request_mem=250Mi limit_cpu=none limit_mem=none vpa_target_cpu=143m vpa_target_mem=250Mi vpa_uncapped_cpu=143m vpa_uncapped_mem=250Mi vpa_lower_cpu=43m vpa_lower_mem=250Mi vpa_upper_cpu=1500m vpa_upper_mem=512Mi
[2026-08-21T23:45:08+02:00] UPF_CONTROL_SAMPLE timestamp=2026-08-21T23:45:06+02:00 scenario=ue_9 pod=open5gs-upf-5b9db6d44-nsbqz uid=7b5b8ef7-a2a2-4fe9-a3e1-74acd17bd88f restarts=6 usage_cpu=147m usage_mem=35Mi request_cpu=143m request_mem=250Mi limit_cpu=none limit_mem=none vpa_target_cpu=143m vpa_target_mem=250Mi vpa_uncapped_cpu=143m vpa_uncapped_mem=250Mi vpa_lower_cpu=43m vpa_lower_mem=250Mi vpa_upper_cpu=1500m vpa_upper_mem=512Mi
[2026-08-21T23:45:10+02:00] UPF_CONTROL_SAMPLE timestamp=2026-08-21T23:45:09+02:00 scenario=ue_9 pod=open5gs-upf-5b9db6d44-nsbqz uid=7b5b8ef7-a2a2-4fe9-a3e1-74acd17bd88f restarts=6 usage_cpu=147m usage_mem=35Mi request_cpu=143m request_mem=250Mi limit_cpu=none limit_mem=none vpa_target_cpu=143m vpa_target_mem=250Mi vpa_uncapped_cpu=143m vpa_uncapped_mem=250Mi vpa_lower_cpu=43m vpa_lower_mem=250Mi vpa_upper_cpu=1500m vpa_upper_mem=512Mi
[2026-08-21T23:45:12+02:00] UPF_CONTROL_SAMPLE timestamp=2026-08-21T23:45:11+02:00 scenario=ue_9 pod=open5gs-upf-5b9db6d44-nsbqz uid=7b5b8ef7-a2a2-4fe9-a3e1-74acd17bd88f restarts=6 usage_cpu=162m usage_mem=35Mi request_cpu=143m request_mem=250Mi limit_cpu=none limit_mem=none vpa_target_cpu=143m vpa_target_mem=250Mi vpa_uncapped_cpu=143m vpa_uncapped_mem=250Mi vpa_lower_cpu=43m vpa_lower_mem=250Mi vpa_upper_cpu=1500m vpa_upper_mem=512Mi
[2026-08-21T23:45:15+02:00] UPF_CONTROL_SAMPLE timestamp=2026-08-21T23:45:13+02:00 scenario=ue_9 pod=open5gs-upf-5b9db6d44-nsbqz uid=7b5b8ef7-a2a2-4fe9-a3e1-74acd17bd88f restarts=6 usage_cpu=162m usage_mem=35Mi request_cpu=143m request_mem=250Mi limit_cpu=none limit_mem=none vpa_target_cpu=143m vpa_target_mem=250Mi vpa_uncapped_cpu=143m vpa_uncapped_mem=250Mi vpa_lower_cpu=43m vpa_lower_mem=250Mi vpa_upper_cpu=1500m vpa_upper_mem=512Mi
[2026-08-21T23:45:17+02:00] UPF_CONTROL_SAMPLE timestamp=2026-08-21T23:45:16+02:00 scenario=ue_9 pod=open5gs-upf-5b9db6d44-nsbqz uid=7b5b8ef7-a2a2-4fe9-a3e1-74acd17bd88f restarts=6 usage_cpu=162m usage_mem=35Mi request_cpu=143m request_mem=250Mi limit_cpu=none limit_mem=none vpa_target_cpu=143m vpa_target_mem=250Mi vpa_uncapped_cpu=143m vpa_uncapped_mem=250Mi vpa_lower_cpu=43m vpa_lower_mem=250Mi vpa_upper_cpu=1500m vpa_upper_mem=512Mi
[2026-08-21T23:45:20+02:00] UPF_CONTROL_SAMPLE timestamp=2026-08-21T23:45:18+02:00 scenario=ue_9 pod=open5gs-upf-5b9db6d44-nsbqz uid=7b5b8ef7-a2a2-4fe9-a3e1-74acd17bd88f restarts=6 usage_cpu=162m usage_mem=35Mi request_cpu=143m request_mem=250Mi limit_cpu=none limit_mem=none vpa_target_cpu=143m vpa_target_mem=250Mi vpa_uncapped_cpu=143m vpa_uncapped_mem=250Mi vpa_lower_cpu=43m vpa_lower_mem=250Mi vpa_upper_cpu=1500m vpa_upper_mem=512Mi
[2026-08-21T23:45:23+02:00] UPF_CONTROL_SAMPLE timestamp=2026-08-21T23:45:21+02:00 scenario=ue_9 pod=open5gs-upf-5b9db6d44-nsbqz uid=7b5b8ef7-a2a2-4fe9-a3e1-74acd17bd88f restarts=6 usage_cpu=162m usage_mem=35Mi request_cpu=143m request_mem=250Mi limit_cpu=none limit_mem=none vpa_target_cpu=143m vpa_target_mem=250Mi vpa_uncapped_cpu=143m vpa_uncapped_mem=250Mi vpa_lower_cpu=43m vpa_lower_mem=250Mi vpa_upper_cpu=1500m vpa_upper_mem=512Mi
[2026-08-21T23:45:25+02:00] UPF_CONTROL_SAMPLE timestamp=2026-08-21T23:45:24+02:00 scenario=ue_9 pod=open5gs-upf-5b9db6d44-nsbqz uid=7b5b8ef7-a2a2-4fe9-a3e1-74acd17bd88f restarts=6 usage_cpu=162m usage_mem=35Mi request_cpu=143m request_mem=250Mi limit_cpu=none limit_mem=none vpa_target_cpu=143m vpa_target_mem=250Mi vpa_uncapped_cpu=143m vpa_uncapped_mem=250Mi vpa_lower_cpu=43m vpa_lower_mem=250Mi vpa_upper_cpu=1500m vpa_upper_mem=512Mi
[2026-08-21T23:45:27+02:00] UPF_CONTROL_SAMPLE timestamp=2026-08-21T23:45:26+02:00 scenario=ue_9 pod=open5gs-upf-5b9db6d44-nsbqz uid=7b5b8ef7-a2a2-4fe9-a3e1-74acd17bd88f restarts=6 usage_cpu=146m usage_mem=35Mi request_cpu=143m request_mem=250Mi limit_cpu=none limit_mem=none vpa_target_cpu=143m vpa_target_mem=250Mi vpa_uncapped_cpu=143m vpa_uncapped_mem=250Mi vpa_lower_cpu=43m vpa_lower_mem=250Mi vpa_upper_cpu=1500m vpa_upper_mem=512Mi
[2026-08-21T23:45:30+02:00] UPF_CONTROL_SAMPLE timestamp=2026-08-21T23:45:28+02:00 scenario=ue_9 pod=open5gs-upf-5b9db6d44-nsbqz uid=7b5b8ef7-a2a2-4fe9-a3e1-74acd17bd88f restarts=6 usage_cpu=146m usage_mem=35Mi request_cpu=143m request_mem=250Mi limit_cpu=none limit_mem=none vpa_target_cpu=143m vpa_target_mem=250Mi vpa_uncapped_cpu=143m vpa_uncapped_mem=250Mi vpa_lower_cpu=43m vpa_lower_mem=250Mi vpa_upper_cpu=1500m vpa_upper_mem=512Mi
[2026-08-21T23:45:32+02:00] UPF_CONTROL_SAMPLE timestamp=2026-08-21T23:45:31+02:00 scenario=ue_9 pod=open5gs-upf-5b9db6d44-nsbqz uid=7b5b8ef7-a2a2-4fe9-a3e1-74acd17bd88f restarts=6 usage_cpu=146m usage_mem=35Mi request_cpu=143m request_mem=250Mi limit_cpu=none limit_mem=none vpa_target_cpu=143m vpa_target_mem=250Mi vpa_uncapped_cpu=143m vpa_uncapped_mem=250Mi vpa_lower_cpu=43m vpa_lower_mem=250Mi vpa_upper_cpu=1500m vpa_upper_mem=512Mi
[2026-08-21T23:45:33+02:00] UE_SLOT_DONE timestamp=2026-08-21T21:45:33+00:00 active_ues=9 slot=0 attempt=1 ue_idx=0 ue_if=uesimtun0 ue_ip=10.45.0.252 port=5201 rc=0 replacements_for_slot=0 server_busy_retries_for_slot=0
[2026-08-21T23:45:33+02:00] UE_SLOT_DONE timestamp=2026-08-21T21:45:33+00:00 active_ues=9 slot=1 attempt=1 ue_idx=1 ue_if=uesimtun1 ue_ip=10.45.0.253 port=5202 rc=0 replacements_for_slot=0 server_busy_retries_for_slot=0
[2026-08-21T23:45:33+02:00] UE_SLOT_DONE timestamp=2026-08-21T21:45:33+00:00 active_ues=9 slot=2 attempt=1 ue_idx=2 ue_if=uesimtun2 ue_ip=10.45.0.254 port=5203 rc=0 replacements_for_slot=0 server_busy_retries_for_slot=0
[2026-08-21T23:45:34+02:00] VPA_RECOMMENDATION_CHANGE timestamp=2026-08-21T23:45:33+02:00 scenario=ue_9 old='vpa_target_cpu=143m vpa_target_mem=250Mi vpa_uncapped_cpu=143m vpa_uncapped_mem=250Mi vpa_lower_cpu=43m vpa_lower_mem=250Mi vpa_upper_cpu=1500m vpa_upper_mem=512Mi' new='vpa_target_cpu=182m vpa_target_mem=250Mi vpa_uncapped_cpu=182m vpa_uncapped_mem=250Mi vpa_lower_cpu=45m vpa_lower_mem=250Mi vpa_upper_cpu=1500m vpa_upper_mem=512Mi' previous_5s_sample='timestamp=2026-08-21T23:45:28+02:00 scenario=ue_9 pod=open5gs-upf-5b9db6d44-nsbqz uid=7b5b8ef7-a2a2-4fe9-a3e1-74acd17bd88f restarts=6 usage_cpu=146m usage_mem=35Mi request_cpu=143m request_mem=250Mi limit_cpu=none limit_mem=none vpa_target_cpu=143m vpa_target_mem=250Mi vpa_uncapped_cpu=143m vpa_uncapped_mem=250Mi vpa_lower_cpu=43m vpa_lower_mem=250Mi vpa_upper_cpu=1500m vpa_upper_mem=512Mi' current_sample='timestamp=2026-08-21T23:45:33+02:00 scenario=ue_9 pod=open5gs-upf-5b9db6d44-nsbqz uid=7b5b8ef7-a2a2-4fe9-a3e1-74acd17bd88f restarts=6 usage_cpu=146m usage_mem=35Mi request_cpu=143m request_mem=250Mi limit_cpu=none limit_mem=none vpa_target_cpu=182m vpa_target_mem=250Mi vpa_uncapped_cpu=182m vpa_uncapped_mem=250Mi vpa_lower_cpu=45m vpa_lower_mem=250Mi vpa_upper_cpu=1500m vpa_upper_mem=512Mi'
[2026-08-21T23:45:34+02:00] UPF_CONTROL_SAMPLE timestamp=2026-08-21T23:45:33+02:00 scenario=ue_9 pod=open5gs-upf-5b9db6d44-nsbqz uid=7b5b8ef7-a2a2-4fe9-a3e1-74acd17bd88f restarts=6 usage_cpu=146m usage_mem=35Mi request_cpu=143m request_mem=250Mi limit_cpu=none limit_mem=none vpa_target_cpu=182m vpa_target_mem=250Mi vpa_uncapped_cpu=182m vpa_uncapped_mem=250Mi vpa_lower_cpu=45m vpa_lower_mem=250Mi vpa_upper_cpu=1500m vpa_upper_mem=512Mi
[2026-08-21T23:45:34+02:00] UE_SLOT_DONE timestamp=2026-08-21T21:45:34+00:00 active_ues=9 slot=3 attempt=1 ue_idx=3 ue_if=uesimtun3 ue_ip=10.45.1.0 port=5204 rc=0 replacements_for_slot=0 server_busy_retries_for_slot=0
[2026-08-21T23:45:34+02:00] UE_SLOT_DONE timestamp=2026-08-21T21:45:34+00:00 active_ues=9 slot=4 attempt=1 ue_idx=4 ue_if=uesimtun4 ue_ip=10.45.1.1 port=5205 rc=0 replacements_for_slot=0 server_busy_retries_for_slot=0
[2026-08-21T23:45:34+02:00] UE_SLOT_DONE timestamp=2026-08-21T21:45:34+00:00 active_ues=9 slot=5 attempt=1 ue_idx=5 ue_if=uesimtun5 ue_ip=10.45.1.3 port=5206 rc=0 replacements_for_slot=0 server_busy_retries_for_slot=0
[2026-08-21T23:45:35+02:00] UE_SLOT_DONE timestamp=2026-08-21T21:45:34+00:00 active_ues=9 slot=6 attempt=1 ue_idx=6 ue_if=uesimtun6 ue_ip=10.45.0.255 port=5207 rc=0 replacements_for_slot=0 server_busy_retries_for_slot=0
[2026-08-21T23:45:35+02:00] UE_SLOT_DONE timestamp=2026-08-21T21:45:34+00:00 active_ues=9 slot=7 attempt=1 ue_idx=7 ue_if=uesimtun7 ue_ip=10.45.1.6 port=5208 rc=0 replacements_for_slot=0 server_busy_retries_for_slot=0
[2026-08-21T23:45:35+02:00] UE_SLOT_DONE timestamp=2026-08-21T21:45:35+00:00 active_ues=9 slot=8 attempt=1 ue_idx=8 ue_if=uesimtun8 ue_ip=10.45.1.10 port=5209 rc=0 replacements_for_slot=0 server_busy_retries_for_slot=0
[2026-08-21T23:45:36+02:00] TRAFFIC_SUMMARY timestamp=2026-08-21T21:45:36+00:00 registered_tunnels=50 active_ues=9 target_slots=9 completed_slots=9 final_failed_slots=0 replacements=0 problematic_ues=0 zombie_ues=0 connect_timeouts=0 stalls=0 deferred_stalls=0 process_failures=0 server_busy_retries=0 server_busy_failures=0 late_timeouts_accepted=0 scenario_bad_ues=0 global_suspect_ues=0 used_ues=9 target_host=192.168.1.211 initial_ports=5201-5209 replacement_ports=5251-5265 bitrate=1M start_delay=0.05 detection=no_rx_counter replacement_min_duration_s=5 adaptive_extension_max_s=1 iperf_exit_grace_s=3 server_busy_retries_limit=1 server_busy_retry_delay_s=2 late_replacement_after_end=disabled wait_for_iperf_exit=until_timeout global_suspect_policy=soft_reuse ramp_supervision=after_initial_start
[2026-08-21T23:45:36+02:00] UE_POOL_SCENARIO_BAD_CURRENT timestamp=2026-08-21T21:45:36+00:00 active_ues=9 indexes=
[2026-08-21T23:45:36+02:00] UE_POOL_GLOBAL_SUSPECT_CURRENT timestamp=2026-08-21T21:45:36+00:00 active_ues=9 indexes=
[2026-08-21T23:45:36+02:00] REMOTE_IPERF_PER_UE_END timestamp=2026-08-21T21:45:36+00:00 active_ues=9 tag=ue_9 final_rc=0 completed_slots=9 replacements=0 problematic_ues=0 server_busy_retries=0 deferred_stalls=0 late_timeouts_accepted=0
[2026-08-21T23:45:36+02:00] SCENARIO TRAFFIC COMMAND END timestamp=2026-08-21T23:45:36+02:00 active_ue=9 rc=0
[2026-08-21T23:45:36+02:00] UPF_CONTROL_SAMPLE timestamp=2026-08-21T23:45:35+02:00 scenario=ue_9 pod=open5gs-upf-5b9db6d44-nsbqz uid=7b5b8ef7-a2a2-4fe9-a3e1-74acd17bd88f restarts=6 usage_cpu=146m usage_mem=35Mi request_cpu=143m request_mem=250Mi limit_cpu=none limit_mem=none vpa_target_cpu=182m vpa_target_mem=250Mi vpa_uncapped_cpu=182m vpa_uncapped_mem=250Mi vpa_lower_cpu=45m vpa_lower_mem=250Mi vpa_upper_cpu=1500m vpa_upper_mem=512Mi
[2026-08-21T23:45:37+02:00] SCENARIO UPF AFTER timestamp=2026-08-21T23:45:37+02:00 active_ue=9 pod=open5gs-upf-5b9db6d44-nsbqz uid=7b5b8ef7-a2a2-4fe9-a3e1-74acd17bd88f restarts=6
[2026-08-21T23:45:37+02:00] SCENARIO END timestamp=2026-08-21T23:45:37+02:00 active_ue=9 rc=0
[2026-08-21T23:45:37+02:00] ================================================================
[2026-08-21T23:45:37+02:00] SCENARIO START timestamp=2026-08-21T23:45:37+02:00 active_ue=11 registered_ue_pool=50 target_host=192.168.1.211 ports=5201-5211 replacement_ports=5251-5265 bitrate_per_ue=1M start_delay=0.05 replacement_min_duration=5 adaptive_extension_max=1
[2026-08-21T23:45:37+02:00] ================================================================
[2026-08-21T23:45:37+02:00] SCENARIO TUNNEL CHECK timestamp=2026-08-21T23:45:37+02:00 active_ue=11 current_tunnels=50 required=50
[2026-08-21T23:45:38+02:00] SCENARIO UPF BEFORE timestamp=2026-08-21T23:45:38+02:00 active_ue=11 pod=open5gs-upf-5b9db6d44-nsbqz uid=7b5b8ef7-a2a2-4fe9-a3e1-74acd17bd88f restarts=6
[2026-08-21T23:45:39+02:00] REMOTE_IPERF_PER_UE_START timestamp=2026-08-21T21:45:39+00:00 active_ues=11 tag=ue_11 iperf_host=192.168.1.211 base_port=5201 replacement_base_port=5251 duration=80 bitrate=1M start_delay=0.05 detection=no_rx_counter connect_timeout_s=4 stall_seconds=5 replacement_limit=15 replacement_min_duration_s=5 adaptive_extension_max_s=1 iperf_exit_grace_s=3 server_busy_port_rebinds=1 late_replacement_after_end=disabled wait_for_iperf_exit=until_timeout global_suspect_policy=soft_reuse ramp_supervision=after_initial_start
[2026-08-21T23:45:39+02:00] UE_POOL_STATUS timestamp=2026-08-21T21:45:39+00:00 active_ues=11 registered_tunnels=50 existing_global_suspect_ues=0 used_ues=0 policy=soft_reuse_global_suspects
[2026-08-21T23:45:39+02:00] UE_SLOT_ASSIGN timestamp=2026-08-21T21:45:39+00:00 active_ues=11 slot=0 ue_idx=0 ue_if=uesimtun0 ue_ip=10.45.0.252 candidate_reused_global_suspect=0
[2026-08-21T23:45:39+02:00] UPF_CONTROL_SAMPLE timestamp=2026-08-21T23:45:37+02:00 scenario=ue_11 pod=open5gs-upf-5b9db6d44-nsbqz uid=7b5b8ef7-a2a2-4fe9-a3e1-74acd17bd88f restarts=6 usage_cpu=146m usage_mem=35Mi request_cpu=143m request_mem=250Mi limit_cpu=none limit_mem=none vpa_target_cpu=182m vpa_target_mem=250Mi vpa_uncapped_cpu=182m vpa_uncapped_mem=250Mi vpa_lower_cpu=45m vpa_lower_mem=250Mi vpa_upper_cpu=1500m vpa_upper_mem=512Mi
[2026-08-21T23:45:39+02:00] UE_SLOT_START timestamp=2026-08-21T21:45:39+00:00 active_ues=11 slot=0 attempt=1 ue_idx=0 ue_if=uesimtun0 ue_ip=10.45.0.252 target=192.168.1.211:5201 bitrate=1M duration_s=80 planned_end_epoch=1787348819 timeout_s=90 hard_timeout_epoch=1787348834 start_rx_bytes=461498
[2026-08-21T23:45:39+02:00] UE_SLOT_PID timestamp=2026-08-21T21:45:39+00:00 active_ues=11 slot=0 attempt=1 ue_idx=0 pid=9703
[2026-08-21T23:45:39+02:00] UE_SLOT_ASSIGN timestamp=2026-08-21T21:45:39+00:00 active_ues=11 slot=1 ue_idx=1 ue_if=uesimtun1 ue_ip=10.45.0.253 candidate_reused_global_suspect=0
[2026-08-21T23:45:39+02:00] UE_SLOT_START timestamp=2026-08-21T21:45:39+00:00 active_ues=11 slot=1 attempt=1 ue_idx=1 ue_if=uesimtun1 ue_ip=10.45.0.253 target=192.168.1.211:5202 bitrate=1M duration_s=80 planned_end_epoch=1787348819 timeout_s=90 hard_timeout_epoch=1787348834 start_rx_bytes=360049
[2026-08-21T23:45:39+02:00] UE_SLOT_PID timestamp=2026-08-21T21:45:39+00:00 active_ues=11 slot=1 attempt=1 ue_idx=1 pid=9728
[2026-08-21T23:45:39+02:00] UE_SLOT_ASSIGN timestamp=2026-08-21T21:45:39+00:00 active_ues=11 slot=2 ue_idx=2 ue_if=uesimtun2 ue_ip=10.45.0.254 candidate_reused_global_suspect=0
[2026-08-21T23:45:39+02:00] UE_SLOT_START timestamp=2026-08-21T21:45:39+00:00 active_ues=11 slot=2 attempt=1 ue_idx=2 ue_if=uesimtun2 ue_ip=10.45.0.254 target=192.168.1.211:5203 bitrate=1M duration_s=80 planned_end_epoch=1787348819 timeout_s=90 hard_timeout_epoch=1787348834 start_rx_bytes=373103
[2026-08-21T23:45:39+02:00] UE_SLOT_PID timestamp=2026-08-21T21:45:39+00:00 active_ues=11 slot=2 attempt=1 ue_idx=2 pid=9753
[2026-08-21T23:45:40+02:00] UE_SLOT_ASSIGN timestamp=2026-08-21T21:45:39+00:00 active_ues=11 slot=3 ue_idx=3 ue_if=uesimtun3 ue_ip=10.45.1.0 candidate_reused_global_suspect=0
[2026-08-21T23:45:40+02:00] UE_SLOT_START timestamp=2026-08-21T21:45:39+00:00 active_ues=11 slot=3 attempt=1 ue_idx=3 ue_if=uesimtun3 ue_ip=10.45.1.0 target=192.168.1.211:5204 bitrate=1M duration_s=80 planned_end_epoch=1787348819 timeout_s=90 hard_timeout_epoch=1787348834 start_rx_bytes=279260
[2026-08-21T23:45:40+02:00] UE_SLOT_PID timestamp=2026-08-21T21:45:40+00:00 active_ues=11 slot=3 attempt=1 ue_idx=3 pid=9778
[2026-08-21T23:45:40+02:00] UE_SLOT_ASSIGN timestamp=2026-08-21T21:45:40+00:00 active_ues=11 slot=4 ue_idx=4 ue_if=uesimtun4 ue_ip=10.45.1.1 candidate_reused_global_suspect=0
[2026-08-21T23:45:40+02:00] UE_SLOT_START timestamp=2026-08-21T21:45:40+00:00 active_ues=11 slot=4 attempt=1 ue_idx=4 ue_if=uesimtun4 ue_ip=10.45.1.1 target=192.168.1.211:5205 bitrate=1M duration_s=80 planned_end_epoch=1787348820 timeout_s=90 hard_timeout_epoch=1787348835 start_rx_bytes=283397
[2026-08-21T23:45:40+02:00] UE_SLOT_PID timestamp=2026-08-21T21:45:40+00:00 active_ues=11 slot=4 attempt=1 ue_idx=4 pid=9803
[2026-08-21T23:45:40+02:00] UE_SLOT_ASSIGN timestamp=2026-08-21T21:45:40+00:00 active_ues=11 slot=5 ue_idx=5 ue_if=uesimtun5 ue_ip=10.45.1.3 candidate_reused_global_suspect=0
[2026-08-21T23:45:40+02:00] UE_SLOT_START timestamp=2026-08-21T21:45:40+00:00 active_ues=11 slot=5 attempt=1 ue_idx=5 ue_if=uesimtun5 ue_ip=10.45.1.3 target=192.168.1.211:5206 bitrate=1M duration_s=80 planned_end_epoch=1787348820 timeout_s=90 hard_timeout_epoch=1787348835 start_rx_bytes=175512
[2026-08-21T23:45:40+02:00] UE_SLOT_PID timestamp=2026-08-21T21:45:40+00:00 active_ues=11 slot=5 attempt=1 ue_idx=5 pid=9828
[2026-08-21T23:45:40+02:00] UE_SLOT_ASSIGN timestamp=2026-08-21T21:45:40+00:00 active_ues=11 slot=6 ue_idx=6 ue_if=uesimtun6 ue_ip=10.45.0.255 candidate_reused_global_suspect=0
[2026-08-21T23:45:40+02:00] UE_SLOT_START timestamp=2026-08-21T21:45:40+00:00 active_ues=11 slot=6 attempt=1 ue_idx=6 ue_if=uesimtun6 ue_ip=10.45.0.255 target=192.168.1.211:5207 bitrate=1M duration_s=80 planned_end_epoch=1787348820 timeout_s=90 hard_timeout_epoch=1787348835 start_rx_bytes=181349
[2026-08-21T23:45:40+02:00] UE_SLOT_PID timestamp=2026-08-21T21:45:40+00:00 active_ues=11 slot=6 attempt=1 ue_idx=6 pid=9853
[2026-08-21T23:45:40+02:00] UE_SLOT_ASSIGN timestamp=2026-08-21T21:45:40+00:00 active_ues=11 slot=7 ue_idx=7 ue_if=uesimtun7 ue_ip=10.45.1.6 candidate_reused_global_suspect=0
[2026-08-21T23:45:40+02:00] UE_SLOT_START timestamp=2026-08-21T21:45:40+00:00 active_ues=11 slot=7 attempt=1 ue_idx=7 ue_if=uesimtun7 ue_ip=10.45.1.6 target=192.168.1.211:5208 bitrate=1M duration_s=80 planned_end_epoch=1787348820 timeout_s=90 hard_timeout_epoch=1787348835 start_rx_bytes=88853
[2026-08-21T23:45:40+02:00] UE_SLOT_PID timestamp=2026-08-21T21:45:40+00:00 active_ues=11 slot=7 attempt=1 ue_idx=7 pid=9878
[2026-08-21T23:45:41+02:00] UE_SLOT_ASSIGN timestamp=2026-08-21T21:45:41+00:00 active_ues=11 slot=8 ue_idx=8 ue_if=uesimtun8 ue_ip=10.45.1.10 candidate_reused_global_suspect=0
[2026-08-21T23:45:41+02:00] UE_SLOT_START timestamp=2026-08-21T21:45:41+00:00 active_ues=11 slot=8 attempt=1 ue_idx=8 ue_if=uesimtun8 ue_ip=10.45.1.10 target=192.168.1.211:5209 bitrate=1M duration_s=80 planned_end_epoch=1787348821 timeout_s=90 hard_timeout_epoch=1787348836 start_rx_bytes=92299
[2026-08-21T23:45:41+02:00] UE_SLOT_PID timestamp=2026-08-21T21:45:41+00:00 active_ues=11 slot=8 attempt=1 ue_idx=8 pid=9903
[2026-08-21T23:45:41+02:00] UE_SLOT_ASSIGN timestamp=2026-08-21T21:45:41+00:00 active_ues=11 slot=9 ue_idx=9 ue_if=uesimtun9 ue_ip=10.45.1.7 candidate_reused_global_suspect=0
[2026-08-21T23:45:41+02:00] UE_SLOT_START timestamp=2026-08-21T21:45:41+00:00 active_ues=11 slot=9 attempt=1 ue_idx=9 ue_if=uesimtun9 ue_ip=10.45.1.7 target=192.168.1.211:5210 bitrate=1M duration_s=80 planned_end_epoch=1787348821 timeout_s=90 hard_timeout_epoch=1787348836 start_rx_bytes=0
[2026-08-21T23:45:41+02:00] UE_SLOT_PID timestamp=2026-08-21T21:45:41+00:00 active_ues=11 slot=9 attempt=1 ue_idx=9 pid=9928
[2026-08-21T23:45:41+02:00] UE_SLOT_ASSIGN timestamp=2026-08-21T21:45:41+00:00 active_ues=11 slot=10 ue_idx=10 ue_if=uesimtun10 ue_ip=10.45.1.14 candidate_reused_global_suspect=0
[2026-08-21T23:45:41+02:00] UE_SLOT_START timestamp=2026-08-21T21:45:41+00:00 active_ues=11 slot=10 attempt=1 ue_idx=10 ue_if=uesimtun10 ue_ip=10.45.1.14 target=192.168.1.211:5211 bitrate=1M duration_s=80 planned_end_epoch=1787348821 timeout_s=90 hard_timeout_epoch=1787348836 start_rx_bytes=0
[2026-08-21T23:45:41+02:00] UE_SLOT_PID timestamp=2026-08-21T21:45:41+00:00 active_ues=11 slot=10 attempt=1 ue_idx=10 pid=9953
[2026-08-21T23:45:41+02:00] IPERF_MAPPING_SUMMARY timestamp=2026-08-21T21:45:41+00:00 active_ues=11 registered_tunnels=50 initial_ports=5201-5211 replacement_ports=5251-5265 bitrate=1M start_delay=0.05 detection=no_rx_counter replacement_min_duration_s=5 adaptive_extension_max_s=1 iperf_exit_grace_s=3 server_busy_port_rebinds=1 late_replacement_after_end=disabled wait_for_iperf_exit=until_timeout global_suspect_policy=soft_reuse ramp_supervision=after_initial_start
[2026-08-21T23:45:41+02:00] UPF_CONTROL_SAMPLE timestamp=2026-08-21T23:45:40+02:00 scenario=ue_11 pod=open5gs-upf-5b9db6d44-nsbqz uid=7b5b8ef7-a2a2-4fe9-a3e1-74acd17bd88f restarts=6 usage_cpu=149m usage_mem=35Mi request_cpu=143m request_mem=250Mi limit_cpu=none limit_mem=none vpa_target_cpu=182m vpa_target_mem=250Mi vpa_uncapped_cpu=182m vpa_uncapped_mem=250Mi vpa_lower_cpu=45m vpa_lower_mem=250Mi vpa_upper_cpu=1500m vpa_upper_mem=512Mi
[2026-08-21T23:45:44+02:00] UPF_CONTROL_SAMPLE timestamp=2026-08-21T23:45:42+02:00 scenario=ue_11 pod=open5gs-upf-5b9db6d44-nsbqz uid=7b5b8ef7-a2a2-4fe9-a3e1-74acd17bd88f restarts=6 usage_cpu=149m usage_mem=35Mi request_cpu=143m request_mem=250Mi limit_cpu=none limit_mem=none vpa_target_cpu=182m vpa_target_mem=250Mi vpa_uncapped_cpu=182m vpa_uncapped_mem=250Mi vpa_lower_cpu=45m vpa_lower_mem=250Mi vpa_upper_cpu=1500m vpa_upper_mem=512Mi
[2026-08-21T23:45:46+02:00] UPF_CONTROL_SAMPLE timestamp=2026-08-21T23:45:45+02:00 scenario=ue_11 pod=open5gs-upf-5b9db6d44-nsbqz uid=7b5b8ef7-a2a2-4fe9-a3e1-74acd17bd88f restarts=6 usage_cpu=149m usage_mem=35Mi request_cpu=143m request_mem=250Mi limit_cpu=none limit_mem=none vpa_target_cpu=182m vpa_target_mem=250Mi vpa_uncapped_cpu=182m vpa_uncapped_mem=250Mi vpa_lower_cpu=45m vpa_lower_mem=250Mi vpa_upper_cpu=1500m vpa_upper_mem=512Mi
[2026-08-21T23:45:48+02:00] UPF_CONTROL_SAMPLE timestamp=2026-08-21T23:45:47+02:00 scenario=ue_11 pod=open5gs-upf-5b9db6d44-nsbqz uid=7b5b8ef7-a2a2-4fe9-a3e1-74acd17bd88f restarts=6 usage_cpu=149m usage_mem=35Mi request_cpu=143m request_mem=250Mi limit_cpu=none limit_mem=none vpa_target_cpu=182m vpa_target_mem=250Mi vpa_uncapped_cpu=182m vpa_uncapped_mem=250Mi vpa_lower_cpu=45m vpa_lower_mem=250Mi vpa_upper_cpu=1500m vpa_upper_mem=512Mi
[2026-08-21T23:45:50+02:00] UPF_CONTROL_SAMPLE timestamp=2026-08-21T23:45:49+02:00 scenario=ue_11 pod=open5gs-upf-5b9db6d44-nsbqz uid=7b5b8ef7-a2a2-4fe9-a3e1-74acd17bd88f restarts=6 usage_cpu=149m usage_mem=35Mi request_cpu=143m request_mem=250Mi limit_cpu=none limit_mem=none vpa_target_cpu=182m vpa_target_mem=250Mi vpa_uncapped_cpu=182m vpa_uncapped_mem=250Mi vpa_lower_cpu=45m vpa_lower_mem=250Mi vpa_upper_cpu=1500m vpa_upper_mem=512Mi
[2026-08-21T23:45:53+02:00] UPF_CONTROL_SAMPLE timestamp=2026-08-21T23:45:51+02:00 scenario=ue_11 pod=open5gs-upf-5b9db6d44-nsbqz uid=7b5b8ef7-a2a2-4fe9-a3e1-74acd17bd88f restarts=6 usage_cpu=149m usage_mem=35Mi request_cpu=143m request_mem=250Mi limit_cpu=none limit_mem=none vpa_target_cpu=182m vpa_target_mem=250Mi vpa_uncapped_cpu=182m vpa_uncapped_mem=250Mi vpa_lower_cpu=45m vpa_lower_mem=250Mi vpa_upper_cpu=1500m vpa_upper_mem=512Mi
[2026-08-21T23:45:55+02:00] UPF_CONTROL_SAMPLE timestamp=2026-08-21T23:45:54+02:00 scenario=ue_11 pod=open5gs-upf-5b9db6d44-nsbqz uid=7b5b8ef7-a2a2-4fe9-a3e1-74acd17bd88f restarts=6 usage_cpu=149m usage_mem=35Mi request_cpu=143m request_mem=250Mi limit_cpu=none limit_mem=none vpa_target_cpu=182m vpa_target_mem=250Mi vpa_uncapped_cpu=182m vpa_uncapped_mem=250Mi vpa_lower_cpu=45m vpa_lower_mem=250Mi vpa_upper_cpu=1500m vpa_upper_mem=512Mi
[2026-08-21T23:45:57+02:00] UPF_CONTROL_SAMPLE timestamp=2026-08-21T23:45:56+02:00 scenario=ue_11 pod=open5gs-upf-5b9db6d44-nsbqz uid=7b5b8ef7-a2a2-4fe9-a3e1-74acd17bd88f restarts=6 usage_cpu=121m usage_mem=35Mi request_cpu=143m request_mem=250Mi limit_cpu=none limit_mem=none vpa_target_cpu=182m vpa_target_mem=250Mi vpa_uncapped_cpu=182m vpa_uncapped_mem=250Mi vpa_lower_cpu=45m vpa_lower_mem=250Mi vpa_upper_cpu=1500m vpa_upper_mem=512Mi
[2026-08-21T23:45:59+02:00] UPF_CONTROL_SAMPLE timestamp=2026-08-21T23:45:58+02:00 scenario=ue_11 pod=open5gs-upf-5b9db6d44-nsbqz uid=7b5b8ef7-a2a2-4fe9-a3e1-74acd17bd88f restarts=6 usage_cpu=121m usage_mem=35Mi request_cpu=143m request_mem=250Mi limit_cpu=none limit_mem=none vpa_target_cpu=182m vpa_target_mem=250Mi vpa_uncapped_cpu=182m vpa_uncapped_mem=250Mi vpa_lower_cpu=45m vpa_lower_mem=250Mi vpa_upper_cpu=1500m vpa_upper_mem=512Mi
[2026-08-21T23:46:02+02:00] UPF_CONTROL_SAMPLE timestamp=2026-08-21T23:46:00+02:00 scenario=ue_11 pod=open5gs-upf-5b9db6d44-nsbqz uid=7b5b8ef7-a2a2-4fe9-a3e1-74acd17bd88f restarts=6 usage_cpu=121m usage_mem=35Mi request_cpu=143m request_mem=250Mi limit_cpu=none limit_mem=none vpa_target_cpu=182m vpa_target_mem=250Mi vpa_uncapped_cpu=182m vpa_uncapped_mem=250Mi vpa_lower_cpu=45m vpa_lower_mem=250Mi vpa_upper_cpu=1500m vpa_upper_mem=512Mi
[2026-08-21T23:46:04+02:00] UPF_CONTROL_SAMPLE timestamp=2026-08-21T23:46:03+02:00 scenario=ue_11 pod=open5gs-upf-5b9db6d44-nsbqz uid=7b5b8ef7-a2a2-4fe9-a3e1-74acd17bd88f restarts=6 usage_cpu=121m usage_mem=35Mi request_cpu=143m request_mem=250Mi limit_cpu=none limit_mem=none vpa_target_cpu=182m vpa_target_mem=250Mi vpa_uncapped_cpu=182m vpa_uncapped_mem=250Mi vpa_lower_cpu=45m vpa_lower_mem=250Mi vpa_upper_cpu=1500m vpa_upper_mem=512Mi
[2026-08-21T23:46:06+02:00] UPF_CONTROL_SAMPLE timestamp=2026-08-21T23:46:05+02:00 scenario=ue_11 pod=open5gs-upf-5b9db6d44-nsbqz uid=7b5b8ef7-a2a2-4fe9-a3e1-74acd17bd88f restarts=6 usage_cpu=121m usage_mem=35Mi request_cpu=143m request_mem=250Mi limit_cpu=none limit_mem=none vpa_target_cpu=182m vpa_target_mem=250Mi vpa_uncapped_cpu=182m vpa_uncapped_mem=250Mi vpa_lower_cpu=45m vpa_lower_mem=250Mi vpa_upper_cpu=1500m vpa_upper_mem=512Mi
[2026-08-21T23:46:08+02:00] UPF_CONTROL_SAMPLE timestamp=2026-08-21T23:46:07+02:00 scenario=ue_11 pod=open5gs-upf-5b9db6d44-nsbqz uid=7b5b8ef7-a2a2-4fe9-a3e1-74acd17bd88f restarts=6 usage_cpu=121m usage_mem=35Mi request_cpu=143m request_mem=250Mi limit_cpu=none limit_mem=none vpa_target_cpu=182m vpa_target_mem=250Mi vpa_uncapped_cpu=182m vpa_uncapped_mem=250Mi vpa_lower_cpu=45m vpa_lower_mem=250Mi vpa_upper_cpu=1500m vpa_upper_mem=512Mi
[2026-08-21T23:46:11+02:00] UPF_CONTROL_SAMPLE timestamp=2026-08-21T23:46:09+02:00 scenario=ue_11 pod=open5gs-upf-5b9db6d44-nsbqz uid=7b5b8ef7-a2a2-4fe9-a3e1-74acd17bd88f restarts=6 usage_cpu=184m usage_mem=35Mi request_cpu=143m request_mem=250Mi limit_cpu=none limit_mem=none vpa_target_cpu=182m vpa_target_mem=250Mi vpa_uncapped_cpu=182m vpa_uncapped_mem=250Mi vpa_lower_cpu=45m vpa_lower_mem=250Mi vpa_upper_cpu=1500m vpa_upper_mem=512Mi
[2026-08-21T23:46:13+02:00] UPF_CONTROL_SAMPLE timestamp=2026-08-21T23:46:12+02:00 scenario=ue_11 pod=open5gs-upf-5b9db6d44-nsbqz uid=7b5b8ef7-a2a2-4fe9-a3e1-74acd17bd88f restarts=6 usage_cpu=184m usage_mem=35Mi request_cpu=143m request_mem=250Mi limit_cpu=none limit_mem=none vpa_target_cpu=182m vpa_target_mem=250Mi vpa_uncapped_cpu=182m vpa_uncapped_mem=250Mi vpa_lower_cpu=45m vpa_lower_mem=250Mi vpa_upper_cpu=1500m vpa_upper_mem=512Mi
[2026-08-21T23:46:15+02:00] UPF_CONTROL_SAMPLE timestamp=2026-08-21T23:46:14+02:00 scenario=ue_11 pod=open5gs-upf-5b9db6d44-nsbqz uid=7b5b8ef7-a2a2-4fe9-a3e1-74acd17bd88f restarts=6 usage_cpu=184m usage_mem=35Mi request_cpu=143m request_mem=250Mi limit_cpu=none limit_mem=none vpa_target_cpu=182m vpa_target_mem=250Mi vpa_uncapped_cpu=182m vpa_uncapped_mem=250Mi vpa_lower_cpu=45m vpa_lower_mem=250Mi vpa_upper_cpu=1500m vpa_upper_mem=512Mi
[2026-08-21T23:46:17+02:00] UPF_CONTROL_SAMPLE timestamp=2026-08-21T23:46:16+02:00 scenario=ue_11 pod=open5gs-upf-5b9db6d44-nsbqz uid=7b5b8ef7-a2a2-4fe9-a3e1-74acd17bd88f restarts=6 usage_cpu=184m usage_mem=35Mi request_cpu=143m request_mem=250Mi limit_cpu=none limit_mem=none vpa_target_cpu=182m vpa_target_mem=250Mi vpa_uncapped_cpu=182m vpa_uncapped_mem=250Mi vpa_lower_cpu=45m vpa_lower_mem=250Mi vpa_upper_cpu=1500m vpa_upper_mem=512Mi
[2026-08-21T23:46:20+02:00] UPF_CONTROL_SAMPLE timestamp=2026-08-21T23:46:18+02:00 scenario=ue_11 pod=open5gs-upf-5b9db6d44-nsbqz uid=7b5b8ef7-a2a2-4fe9-a3e1-74acd17bd88f restarts=6 usage_cpu=184m usage_mem=35Mi request_cpu=143m request_mem=250Mi limit_cpu=none limit_mem=none vpa_target_cpu=182m vpa_target_mem=250Mi vpa_uncapped_cpu=182m vpa_uncapped_mem=250Mi vpa_lower_cpu=45m vpa_lower_mem=250Mi vpa_upper_cpu=1500m vpa_upper_mem=512Mi
[2026-08-21T23:46:22+02:00] UPF_CONTROL_SAMPLE timestamp=2026-08-21T23:46:21+02:00 scenario=ue_11 pod=open5gs-upf-5b9db6d44-nsbqz uid=7b5b8ef7-a2a2-4fe9-a3e1-74acd17bd88f restarts=6 usage_cpu=184m usage_mem=35Mi request_cpu=143m request_mem=250Mi limit_cpu=none limit_mem=none vpa_target_cpu=182m vpa_target_mem=250Mi vpa_uncapped_cpu=182m vpa_uncapped_mem=250Mi vpa_lower_cpu=45m vpa_lower_mem=250Mi vpa_upper_cpu=1500m vpa_upper_mem=512Mi
[2026-08-21T23:46:24+02:00] UPF_CONTROL_SAMPLE timestamp=2026-08-21T23:46:23+02:00 scenario=ue_11 pod=open5gs-upf-5b9db6d44-nsbqz uid=7b5b8ef7-a2a2-4fe9-a3e1-74acd17bd88f restarts=6 usage_cpu=184m usage_mem=35Mi request_cpu=143m request_mem=250Mi limit_cpu=none limit_mem=none vpa_target_cpu=182m vpa_target_mem=250Mi vpa_uncapped_cpu=182m vpa_uncapped_mem=250Mi vpa_lower_cpu=45m vpa_lower_mem=250Mi vpa_upper_cpu=1500m vpa_upper_mem=512Mi
[2026-08-21T23:46:26+02:00] UPF_REQUEST_CHANGE timestamp=2026-08-21T23:46:25+02:00 scenario=ue_11 pod=open5gs-upf-5b9db6d44-nsbqz uid=7b5b8ef7-a2a2-4fe9-a3e1-74acd17bd88f restarts=6 old='request_cpu=143m request_mem=250Mi limit_cpu=none limit_mem=none' new='request_cpu=182m request_mem=250Mi limit_cpu=none limit_mem=none' previous_5s_sample='timestamp=2026-08-21T23:46:18+02:00 scenario=ue_11 pod=open5gs-upf-5b9db6d44-nsbqz uid=7b5b8ef7-a2a2-4fe9-a3e1-74acd17bd88f restarts=6 usage_cpu=184m usage_mem=35Mi request_cpu=143m request_mem=250Mi limit_cpu=none limit_mem=none vpa_target_cpu=182m vpa_target_mem=250Mi vpa_uncapped_cpu=182m vpa_uncapped_mem=250Mi vpa_lower_cpu=45m vpa_lower_mem=250Mi vpa_upper_cpu=1500m vpa_upper_mem=512Mi' current_sample='timestamp=2026-08-21T23:46:25+02:00 scenario=ue_11 pod=open5gs-upf-5b9db6d44-nsbqz uid=7b5b8ef7-a2a2-4fe9-a3e1-74acd17bd88f restarts=6 usage_cpu=186m usage_mem=35Mi request_cpu=182m request_mem=250Mi limit_cpu=none limit_mem=none vpa_target_cpu=182m vpa_target_mem=250Mi vpa_uncapped_cpu=182m vpa_uncapped_mem=250Mi vpa_lower_cpu=45m vpa_lower_mem=250Mi vpa_upper_cpu=1500m vpa_upper_mem=512Mi'
[2026-08-21T23:46:26+02:00] UPF_CONTROL_SAMPLE timestamp=2026-08-21T23:46:25+02:00 scenario=ue_11 pod=open5gs-upf-5b9db6d44-nsbqz uid=7b5b8ef7-a2a2-4fe9-a3e1-74acd17bd88f restarts=6 usage_cpu=186m usage_mem=35Mi request_cpu=182m request_mem=250Mi limit_cpu=none limit_mem=none vpa_target_cpu=182m vpa_target_mem=250Mi vpa_uncapped_cpu=182m vpa_uncapped_mem=250Mi vpa_lower_cpu=45m vpa_lower_mem=250Mi vpa_upper_cpu=1500m vpa_upper_mem=512Mi
[2026-08-21T23:46:29+02:00] UPF_CONTROL_SAMPLE timestamp=2026-08-21T23:46:27+02:00 scenario=ue_11 pod=open5gs-upf-5b9db6d44-nsbqz uid=7b5b8ef7-a2a2-4fe9-a3e1-74acd17bd88f restarts=6 usage_cpu=186m usage_mem=35Mi request_cpu=182m request_mem=250Mi limit_cpu=none limit_mem=none vpa_target_cpu=182m vpa_target_mem=250Mi vpa_uncapped_cpu=182m vpa_uncapped_mem=250Mi vpa_lower_cpu=45m vpa_lower_mem=250Mi vpa_upper_cpu=1500m vpa_upper_mem=512Mi
[2026-08-21T23:46:31+02:00] UPF_CONTROL_SAMPLE timestamp=2026-08-21T23:46:30+02:00 scenario=ue_11 pod=open5gs-upf-5b9db6d44-nsbqz uid=7b5b8ef7-a2a2-4fe9-a3e1-74acd17bd88f restarts=6 usage_cpu=186m usage_mem=35Mi request_cpu=182m request_mem=250Mi limit_cpu=none limit_mem=none vpa_target_cpu=182m vpa_target_mem=250Mi vpa_uncapped_cpu=182m vpa_uncapped_mem=250Mi vpa_lower_cpu=45m vpa_lower_mem=250Mi vpa_upper_cpu=1500m vpa_upper_mem=512Mi
[2026-08-21T23:46:33+02:00] UPF_CONTROL_SAMPLE timestamp=2026-08-21T23:46:32+02:00 scenario=ue_11 pod=open5gs-upf-5b9db6d44-nsbqz uid=7b5b8ef7-a2a2-4fe9-a3e1-74acd17bd88f restarts=6 usage_cpu=186m usage_mem=35Mi request_cpu=182m request_mem=250Mi limit_cpu=none limit_mem=none vpa_target_cpu=182m vpa_target_mem=250Mi vpa_uncapped_cpu=182m vpa_uncapped_mem=250Mi vpa_lower_cpu=45m vpa_lower_mem=250Mi vpa_upper_cpu=1500m vpa_upper_mem=512Mi
[2026-08-21T23:46:36+02:00] VPA_RECOMMENDATION_CHANGE timestamp=2026-08-21T23:46:34+02:00 scenario=ue_11 old='vpa_target_cpu=182m vpa_target_mem=250Mi vpa_uncapped_cpu=182m vpa_uncapped_mem=250Mi vpa_lower_cpu=45m vpa_lower_mem=250Mi vpa_upper_cpu=1500m vpa_upper_mem=512Mi' new='vpa_target_cpu=224m vpa_target_mem=250Mi vpa_uncapped_cpu=224m vpa_uncapped_mem=250Mi vpa_lower_cpu=69m vpa_lower_mem=250Mi vpa_upper_cpu=1500m vpa_upper_mem=512Mi' previous_5s_sample='timestamp=2026-08-21T23:46:27+02:00 scenario=ue_11 pod=open5gs-upf-5b9db6d44-nsbqz uid=7b5b8ef7-a2a2-4fe9-a3e1-74acd17bd88f restarts=6 usage_cpu=186m usage_mem=35Mi request_cpu=182m request_mem=250Mi limit_cpu=none limit_mem=none vpa_target_cpu=182m vpa_target_mem=250Mi vpa_uncapped_cpu=182m vpa_uncapped_mem=250Mi vpa_lower_cpu=45m vpa_lower_mem=250Mi vpa_upper_cpu=1500m vpa_upper_mem=512Mi' current_sample='timestamp=2026-08-21T23:46:34+02:00 scenario=ue_11 pod=open5gs-upf-5b9db6d44-nsbqz uid=7b5b8ef7-a2a2-4fe9-a3e1-74acd17bd88f restarts=6 usage_cpu=186m usage_mem=35Mi request_cpu=182m request_mem=250Mi limit_cpu=none limit_mem=none vpa_target_cpu=224m vpa_target_mem=250Mi vpa_uncapped_cpu=224m vpa_uncapped_mem=250Mi vpa_lower_cpu=69m vpa_lower_mem=250Mi vpa_upper_cpu=1500m vpa_upper_mem=512Mi'
[2026-08-21T23:46:36+02:00] UPF_CONTROL_SAMPLE timestamp=2026-08-21T23:46:34+02:00 scenario=ue_11 pod=open5gs-upf-5b9db6d44-nsbqz uid=7b5b8ef7-a2a2-4fe9-a3e1-74acd17bd88f restarts=6 usage_cpu=186m usage_mem=35Mi request_cpu=182m request_mem=250Mi limit_cpu=none limit_mem=none vpa_target_cpu=224m vpa_target_mem=250Mi vpa_uncapped_cpu=224m vpa_uncapped_mem=250Mi vpa_lower_cpu=69m vpa_lower_mem=250Mi vpa_upper_cpu=1500m vpa_upper_mem=512Mi
[2026-08-21T23:46:38+02:00] UPF_CONTROL_SAMPLE timestamp=2026-08-21T23:46:37+02:00 scenario=ue_11 pod=open5gs-upf-5b9db6d44-nsbqz uid=7b5b8ef7-a2a2-4fe9-a3e1-74acd17bd88f restarts=6 usage_cpu=186m usage_mem=35Mi request_cpu=182m request_mem=250Mi limit_cpu=none limit_mem=none vpa_target_cpu=224m vpa_target_mem=250Mi vpa_uncapped_cpu=224m vpa_uncapped_mem=250Mi vpa_lower_cpu=69m vpa_lower_mem=250Mi vpa_upper_cpu=1500m vpa_upper_mem=512Mi
[2026-08-21T23:46:40+02:00] UPF_CONTROL_SAMPLE timestamp=2026-08-21T23:46:39+02:00 scenario=ue_11 pod=open5gs-upf-5b9db6d44-nsbqz uid=7b5b8ef7-a2a2-4fe9-a3e1-74acd17bd88f restarts=6 usage_cpu=175m usage_mem=35Mi request_cpu=182m request_mem=250Mi limit_cpu=none limit_mem=none vpa_target_cpu=224m vpa_target_mem=250Mi vpa_uncapped_cpu=224m vpa_uncapped_mem=250Mi vpa_lower_cpu=69m vpa_lower_mem=250Mi vpa_upper_cpu=1500m vpa_upper_mem=512Mi
[2026-08-21T23:46:43+02:00] UPF_CONTROL_SAMPLE timestamp=2026-08-21T23:46:41+02:00 scenario=ue_11 pod=open5gs-upf-5b9db6d44-nsbqz uid=7b5b8ef7-a2a2-4fe9-a3e1-74acd17bd88f restarts=6 usage_cpu=175m usage_mem=35Mi request_cpu=182m request_mem=250Mi limit_cpu=none limit_mem=none vpa_target_cpu=224m vpa_target_mem=250Mi vpa_uncapped_cpu=224m vpa_uncapped_mem=250Mi vpa_lower_cpu=69m vpa_lower_mem=250Mi vpa_upper_cpu=1500m vpa_upper_mem=512Mi
[2026-08-21T23:46:45+02:00] UPF_CONTROL_SAMPLE timestamp=2026-08-21T23:46:44+02:00 scenario=ue_11 pod=open5gs-upf-5b9db6d44-nsbqz uid=7b5b8ef7-a2a2-4fe9-a3e1-74acd17bd88f restarts=6 usage_cpu=175m usage_mem=35Mi request_cpu=182m request_mem=250Mi limit_cpu=none limit_mem=none vpa_target_cpu=224m vpa_target_mem=250Mi vpa_uncapped_cpu=224m vpa_uncapped_mem=250Mi vpa_lower_cpu=69m vpa_lower_mem=250Mi vpa_upper_cpu=1500m vpa_upper_mem=512Mi
[2026-08-21T23:46:47+02:00] UPF_CONTROL_SAMPLE timestamp=2026-08-21T23:46:46+02:00 scenario=ue_11 pod=open5gs-upf-5b9db6d44-nsbqz uid=7b5b8ef7-a2a2-4fe9-a3e1-74acd17bd88f restarts=6 usage_cpu=175m usage_mem=35Mi request_cpu=182m request_mem=250Mi limit_cpu=none limit_mem=none vpa_target_cpu=224m vpa_target_mem=250Mi vpa_uncapped_cpu=224m vpa_uncapped_mem=250Mi vpa_lower_cpu=69m vpa_lower_mem=250Mi vpa_upper_cpu=1500m vpa_upper_mem=512Mi
[2026-08-21T23:46:49+02:00] UPF_CONTROL_SAMPLE timestamp=2026-08-21T23:46:48+02:00 scenario=ue_11 pod=open5gs-upf-5b9db6d44-nsbqz uid=7b5b8ef7-a2a2-4fe9-a3e1-74acd17bd88f restarts=6 usage_cpu=175m usage_mem=35Mi request_cpu=182m request_mem=250Mi limit_cpu=none limit_mem=none vpa_target_cpu=224m vpa_target_mem=250Mi vpa_uncapped_cpu=224m vpa_uncapped_mem=250Mi vpa_lower_cpu=69m vpa_lower_mem=250Mi vpa_upper_cpu=1500m vpa_upper_mem=512Mi
[2026-08-21T23:46:52+02:00] UPF_CONTROL_SAMPLE timestamp=2026-08-21T23:46:50+02:00 scenario=ue_11 pod=open5gs-upf-5b9db6d44-nsbqz uid=7b5b8ef7-a2a2-4fe9-a3e1-74acd17bd88f restarts=6 usage_cpu=175m usage_mem=35Mi request_cpu=182m request_mem=250Mi limit_cpu=none limit_mem=none vpa_target_cpu=224m vpa_target_mem=250Mi vpa_uncapped_cpu=224m vpa_uncapped_mem=250Mi vpa_lower_cpu=69m vpa_lower_mem=250Mi vpa_upper_cpu=1500m vpa_upper_mem=512Mi
[2026-08-21T23:46:54+02:00] UPF_CONTROL_SAMPLE timestamp=2026-08-21T23:46:53+02:00 scenario=ue_11 pod=open5gs-upf-5b9db6d44-nsbqz uid=7b5b8ef7-a2a2-4fe9-a3e1-74acd17bd88f restarts=6 usage_cpu=175m usage_mem=35Mi request_cpu=182m request_mem=250Mi limit_cpu=none limit_mem=none vpa_target_cpu=224m vpa_target_mem=250Mi vpa_uncapped_cpu=224m vpa_uncapped_mem=250Mi vpa_lower_cpu=69m vpa_lower_mem=250Mi vpa_upper_cpu=1500m vpa_upper_mem=512Mi
[2026-08-21T23:46:56+02:00] UPF_CONTROL_SAMPLE timestamp=2026-08-21T23:46:55+02:00 scenario=ue_11 pod=open5gs-upf-5b9db6d44-nsbqz uid=7b5b8ef7-a2a2-4fe9-a3e1-74acd17bd88f restarts=6 usage_cpu=182m usage_mem=35Mi request_cpu=182m request_mem=250Mi limit_cpu=none limit_mem=none vpa_target_cpu=224m vpa_target_mem=250Mi vpa_uncapped_cpu=224m vpa_uncapped_mem=250Mi vpa_lower_cpu=69m vpa_lower_mem=250Mi vpa_upper_cpu=1500m vpa_upper_mem=512Mi
[2026-08-21T23:46:58+02:00] UPF_CONTROL_SAMPLE timestamp=2026-08-21T23:46:57+02:00 scenario=ue_11 pod=open5gs-upf-5b9db6d44-nsbqz uid=7b5b8ef7-a2a2-4fe9-a3e1-74acd17bd88f restarts=6 usage_cpu=182m usage_mem=35Mi request_cpu=182m request_mem=250Mi limit_cpu=none limit_mem=none vpa_target_cpu=224m vpa_target_mem=250Mi vpa_uncapped_cpu=224m vpa_uncapped_mem=250Mi vpa_lower_cpu=69m vpa_lower_mem=250Mi vpa_upper_cpu=1500m vpa_upper_mem=512Mi
[2026-08-21T23:46:59+02:00] UE_SLOT_DONE timestamp=2026-08-21T21:46:59+00:00 active_ues=11 slot=0 attempt=1 ue_idx=0 ue_if=uesimtun0 ue_ip=10.45.0.252 port=5201 rc=0 replacements_for_slot=0 server_busy_retries_for_slot=0
[2026-08-21T23:46:59+02:00] UE_SLOT_DONE timestamp=2026-08-21T21:46:59+00:00 active_ues=11 slot=1 attempt=1 ue_idx=1 ue_if=uesimtun1 ue_ip=10.45.0.253 port=5202 rc=0 replacements_for_slot=0 server_busy_retries_for_slot=0
[2026-08-21T23:47:01+02:00] UPF_CONTROL_SAMPLE timestamp=2026-08-21T23:46:59+02:00 scenario=ue_11 pod=open5gs-upf-5b9db6d44-nsbqz uid=7b5b8ef7-a2a2-4fe9-a3e1-74acd17bd88f restarts=6 usage_cpu=182m usage_mem=35Mi request_cpu=182m request_mem=250Mi limit_cpu=none limit_mem=none vpa_target_cpu=224m vpa_target_mem=250Mi vpa_uncapped_cpu=224m vpa_uncapped_mem=250Mi vpa_lower_cpu=69m vpa_lower_mem=250Mi vpa_upper_cpu=1500m vpa_upper_mem=512Mi
[2026-08-21T23:47:01+02:00] UE_SLOT_DONE timestamp=2026-08-21T21:47:01+00:00 active_ues=11 slot=2 attempt=1 ue_idx=2 ue_if=uesimtun2 ue_ip=10.45.0.254 port=5203 rc=0 replacements_for_slot=0 server_busy_retries_for_slot=0
[2026-08-21T23:47:01+02:00] UE_SLOT_DONE timestamp=2026-08-21T21:47:01+00:00 active_ues=11 slot=3 attempt=1 ue_idx=3 ue_if=uesimtun3 ue_ip=10.45.1.0 port=5204 rc=0 replacements_for_slot=0 server_busy_retries_for_slot=0
[2026-08-21T23:47:01+02:00] UE_SLOT_DONE timestamp=2026-08-21T21:47:01+00:00 active_ues=11 slot=4 attempt=1 ue_idx=4 ue_if=uesimtun4 ue_ip=10.45.1.1 port=5205 rc=0 replacements_for_slot=0 server_busy_retries_for_slot=0
[2026-08-21T23:47:01+02:00] UE_SLOT_DONE timestamp=2026-08-21T21:47:01+00:00 active_ues=11 slot=5 attempt=1 ue_idx=5 ue_if=uesimtun5 ue_ip=10.45.1.3 port=5206 rc=0 replacements_for_slot=0 server_busy_retries_for_slot=0
[2026-08-21T23:47:01+02:00] UE_SLOT_DONE timestamp=2026-08-21T21:47:01+00:00 active_ues=11 slot=6 attempt=1 ue_idx=6 ue_if=uesimtun6 ue_ip=10.45.0.255 port=5207 rc=0 replacements_for_slot=0 server_busy_retries_for_slot=0
[2026-08-21T23:47:01+02:00] UE_SLOT_DONE timestamp=2026-08-21T21:47:01+00:00 active_ues=11 slot=7 attempt=1 ue_idx=7 ue_if=uesimtun7 ue_ip=10.45.1.6 port=5208 rc=0 replacements_for_slot=0 server_busy_retries_for_slot=0
[2026-08-21T23:47:01+02:00] UE_SLOT_DONE timestamp=2026-08-21T21:47:01+00:00 active_ues=11 slot=8 attempt=1 ue_idx=8 ue_if=uesimtun8 ue_ip=10.45.1.10 port=5209 rc=0 replacements_for_slot=0 server_busy_retries_for_slot=0
[2026-08-21T23:47:02+02:00] UE_SLOT_DONE timestamp=2026-08-21T21:47:02+00:00 active_ues=11 slot=9 attempt=1 ue_idx=9 ue_if=uesimtun9 ue_ip=10.45.1.7 port=5210 rc=0 replacements_for_slot=0 server_busy_retries_for_slot=0
[2026-08-21T23:47:02+02:00] UE_SLOT_DONE timestamp=2026-08-21T21:47:02+00:00 active_ues=11 slot=10 attempt=1 ue_idx=10 ue_if=uesimtun10 ue_ip=10.45.1.14 port=5211 rc=0 replacements_for_slot=0 server_busy_retries_for_slot=0
[2026-08-21T23:47:03+02:00] UPF_CONTROL_SAMPLE timestamp=2026-08-21T23:47:02+02:00 scenario=ue_11 pod=open5gs-upf-5b9db6d44-nsbqz uid=7b5b8ef7-a2a2-4fe9-a3e1-74acd17bd88f restarts=6 usage_cpu=182m usage_mem=35Mi request_cpu=182m request_mem=250Mi limit_cpu=none limit_mem=none vpa_target_cpu=224m vpa_target_mem=250Mi vpa_uncapped_cpu=224m vpa_uncapped_mem=250Mi vpa_lower_cpu=69m vpa_lower_mem=250Mi vpa_upper_cpu=1500m vpa_upper_mem=512Mi
[2026-08-21T23:47:03+02:00] TRAFFIC_SUMMARY timestamp=2026-08-21T21:47:03+00:00 registered_tunnels=50 active_ues=11 target_slots=11 completed_slots=11 final_failed_slots=0 replacements=0 problematic_ues=0 zombie_ues=0 connect_timeouts=0 stalls=0 deferred_stalls=0 process_failures=0 server_busy_retries=0 server_busy_failures=0 late_timeouts_accepted=0 scenario_bad_ues=0 global_suspect_ues=0 used_ues=11 target_host=192.168.1.211 initial_ports=5201-5211 replacement_ports=5251-5265 bitrate=1M start_delay=0.05 detection=no_rx_counter replacement_min_duration_s=5 adaptive_extension_max_s=1 iperf_exit_grace_s=3 server_busy_retries_limit=1 server_busy_retry_delay_s=2 late_replacement_after_end=disabled wait_for_iperf_exit=until_timeout global_suspect_policy=soft_reuse ramp_supervision=after_initial_start
[2026-08-21T23:47:03+02:00] UE_POOL_SCENARIO_BAD_CURRENT timestamp=2026-08-21T21:47:03+00:00 active_ues=11 indexes=
[2026-08-21T23:47:03+02:00] UE_POOL_GLOBAL_SUSPECT_CURRENT timestamp=2026-08-21T21:47:03+00:00 active_ues=11 indexes=
[2026-08-21T23:47:04+02:00] REMOTE_IPERF_PER_UE_END timestamp=2026-08-21T21:47:03+00:00 active_ues=11 tag=ue_11 final_rc=0 completed_slots=11 replacements=0 problematic_ues=0 server_busy_retries=0 deferred_stalls=0 late_timeouts_accepted=0
[2026-08-21T23:47:04+02:00] SCENARIO TRAFFIC COMMAND END timestamp=2026-08-21T23:47:04+02:00 active_ue=11 rc=0
[2026-08-21T23:47:04+02:00] SCENARIO UPF AFTER timestamp=2026-08-21T23:47:04+02:00 active_ue=11 pod=open5gs-upf-5b9db6d44-nsbqz uid=7b5b8ef7-a2a2-4fe9-a3e1-74acd17bd88f restarts=6
[2026-08-21T23:47:04+02:00] SCENARIO END timestamp=2026-08-21T23:47:04+02:00 active_ue=11 rc=0
[2026-08-21T23:47:04+02:00] ================================================================
[2026-08-21T23:47:04+02:00] SCENARIO START timestamp=2026-08-21T23:47:04+02:00 active_ue=13 registered_ue_pool=50 target_host=192.168.1.211 ports=5201-5213 replacement_ports=5251-5265 bitrate_per_ue=1M start_delay=0.05 replacement_min_duration=5 adaptive_extension_max=1
[2026-08-21T23:47:04+02:00] ================================================================
[2026-08-21T23:47:05+02:00] SCENARIO TUNNEL CHECK timestamp=2026-08-21T23:47:05+02:00 active_ue=13 current_tunnels=50 required=50
[2026-08-21T23:47:05+02:00] UPF_CONTROL_SAMPLE timestamp=2026-08-21T23:47:04+02:00 scenario=ue_11 pod=open5gs-upf-5b9db6d44-nsbqz uid=7b5b8ef7-a2a2-4fe9-a3e1-74acd17bd88f restarts=6 usage_cpu=182m usage_mem=35Mi request_cpu=182m request_mem=250Mi limit_cpu=none limit_mem=none vpa_target_cpu=224m vpa_target_mem=250Mi vpa_uncapped_cpu=224m vpa_uncapped_mem=250Mi vpa_lower_cpu=69m vpa_lower_mem=250Mi vpa_upper_cpu=1500m vpa_upper_mem=512Mi
[2026-08-21T23:47:05+02:00] SCENARIO UPF BEFORE timestamp=2026-08-21T23:47:05+02:00 active_ue=13 pod=open5gs-upf-5b9db6d44-nsbqz uid=7b5b8ef7-a2a2-4fe9-a3e1-74acd17bd88f restarts=6
[2026-08-21T23:47:06+02:00] REMOTE_IPERF_PER_UE_START timestamp=2026-08-21T21:47:06+00:00 active_ues=13 tag=ue_13 iperf_host=192.168.1.211 base_port=5201 replacement_base_port=5251 duration=80 bitrate=1M start_delay=0.05 detection=no_rx_counter connect_timeout_s=4 stall_seconds=5 replacement_limit=15 replacement_min_duration_s=5 adaptive_extension_max_s=1 iperf_exit_grace_s=3 server_busy_port_rebinds=1 late_replacement_after_end=disabled wait_for_iperf_exit=until_timeout global_suspect_policy=soft_reuse ramp_supervision=after_initial_start
[2026-08-21T23:47:06+02:00] UE_POOL_STATUS timestamp=2026-08-21T21:47:06+00:00 active_ues=13 registered_tunnels=50 existing_global_suspect_ues=0 used_ues=0 policy=soft_reuse_global_suspects
[2026-08-21T23:47:06+02:00] UE_SLOT_ASSIGN timestamp=2026-08-21T21:47:06+00:00 active_ues=13 slot=0 ue_idx=0 ue_if=uesimtun0 ue_ip=10.45.0.252 candidate_reused_global_suspect=0
[2026-08-21T23:47:06+02:00] UE_SLOT_START timestamp=2026-08-21T21:47:06+00:00 active_ues=13 slot=0 attempt=1 ue_idx=0 ue_if=uesimtun0 ue_ip=10.45.0.252 target=192.168.1.211:5201 bitrate=1M duration_s=80 planned_end_epoch=1787348906 timeout_s=90 hard_timeout_epoch=1787348921 start_rx_bytes=548783
[2026-08-21T23:47:06+02:00] UE_SLOT_PID timestamp=2026-08-21T21:47:06+00:00 active_ues=13 slot=0 attempt=1 ue_idx=0 pid=12493
[2026-08-21T23:47:06+02:00] UE_SLOT_ASSIGN timestamp=2026-08-21T21:47:06+00:00 active_ues=13 slot=1 ue_idx=1 ue_if=uesimtun1 ue_ip=10.45.0.253 candidate_reused_global_suspect=0
[2026-08-21T23:47:07+02:00] UE_SLOT_START timestamp=2026-08-21T21:47:06+00:00 active_ues=13 slot=1 attempt=1 ue_idx=1 ue_if=uesimtun1 ue_ip=10.45.0.253 target=192.168.1.211:5202 bitrate=1M duration_s=80 planned_end_epoch=1787348906 timeout_s=90 hard_timeout_epoch=1787348921 start_rx_bytes=449034
[2026-08-21T23:47:07+02:00] UE_SLOT_PID timestamp=2026-08-21T21:47:07+00:00 active_ues=13 slot=1 attempt=1 ue_idx=1 pid=12518
[2026-08-21T23:47:07+02:00] UE_SLOT_ASSIGN timestamp=2026-08-21T21:47:07+00:00 active_ues=13 slot=2 ue_idx=2 ue_if=uesimtun2 ue_ip=10.45.0.254 candidate_reused_global_suspect=0
[2026-08-21T23:47:07+02:00] UE_SLOT_START timestamp=2026-08-21T21:47:07+00:00 active_ues=13 slot=2 attempt=1 ue_idx=2 ue_if=uesimtun2 ue_ip=10.45.0.254 target=192.168.1.211:5203 bitrate=1M duration_s=80 planned_end_epoch=1787348907 timeout_s=90 hard_timeout_epoch=1787348922 start_rx_bytes=463554
[2026-08-21T23:47:07+02:00] UE_SLOT_PID timestamp=2026-08-21T21:47:07+00:00 active_ues=13 slot=2 attempt=1 ue_idx=2 pid=12543
[2026-08-21T23:47:07+02:00] UE_SLOT_ASSIGN timestamp=2026-08-21T21:47:07+00:00 active_ues=13 slot=3 ue_idx=3 ue_if=uesimtun3 ue_ip=10.45.1.0 candidate_reused_global_suspect=0
[2026-08-21T23:47:07+02:00] UE_SLOT_START timestamp=2026-08-21T21:47:07+00:00 active_ues=13 slot=3 attempt=1 ue_idx=3 ue_if=uesimtun3 ue_ip=10.45.1.0 target=192.168.1.211:5204 bitrate=1M duration_s=80 planned_end_epoch=1787348907 timeout_s=90 hard_timeout_epoch=1787348922 start_rx_bytes=370054
[2026-08-21T23:47:07+02:00] UE_SLOT_PID timestamp=2026-08-21T21:47:07+00:00 active_ues=13 slot=3 attempt=1 ue_idx=3 pid=12568
[2026-08-21T23:47:07+02:00] UE_SLOT_ASSIGN timestamp=2026-08-21T21:47:07+00:00 active_ues=13 slot=4 ue_idx=4 ue_if=uesimtun4 ue_ip=10.45.1.1 candidate_reused_global_suspect=0
[2026-08-21T23:47:07+02:00] UE_SLOT_START timestamp=2026-08-21T21:47:07+00:00 active_ues=13 slot=4 attempt=1 ue_idx=4 ue_if=uesimtun4 ue_ip=10.45.1.1 target=192.168.1.211:5205 bitrate=1M duration_s=80 planned_end_epoch=1787348907 timeout_s=90 hard_timeout_epoch=1787348922 start_rx_bytes=372157
[2026-08-21T23:47:07+02:00] UE_SLOT_PID timestamp=2026-08-21T21:47:07+00:00 active_ues=13 slot=4 attempt=1 ue_idx=4 pid=12593
[2026-08-21T23:47:07+02:00] UE_SLOT_ASSIGN timestamp=2026-08-21T21:47:07+00:00 active_ues=13 slot=5 ue_idx=5 ue_if=uesimtun5 ue_ip=10.45.1.3 candidate_reused_global_suspect=0
[2026-08-21T23:47:07+02:00] UE_SLOT_START timestamp=2026-08-21T21:47:07+00:00 active_ues=13 slot=5 attempt=1 ue_idx=5 ue_if=uesimtun5 ue_ip=10.45.1.3 target=192.168.1.211:5206 bitrate=1M duration_s=80 planned_end_epoch=1787348907 timeout_s=90 hard_timeout_epoch=1787348922 start_rx_bytes=266873
[2026-08-21T23:47:07+02:00] UE_SLOT_PID timestamp=2026-08-21T21:47:07+00:00 active_ues=13 slot=5 attempt=1 ue_idx=5 pid=12618
[2026-08-21T23:47:08+02:00] UE_SLOT_ASSIGN timestamp=2026-08-21T21:47:08+00:00 active_ues=13 slot=6 ue_idx=6 ue_if=uesimtun6 ue_ip=10.45.0.255 candidate_reused_global_suspect=0
[2026-08-21T23:47:08+02:00] UE_SLOT_START timestamp=2026-08-21T21:47:08+00:00 active_ues=13 slot=6 attempt=1 ue_idx=6 ue_if=uesimtun6 ue_ip=10.45.0.255 target=192.168.1.211:5207 bitrate=1M duration_s=80 planned_end_epoch=1787348908 timeout_s=90 hard_timeout_epoch=1787348923 start_rx_bytes=272611
[2026-08-21T23:47:08+02:00] UE_SLOT_PID timestamp=2026-08-21T21:47:08+00:00 active_ues=13 slot=6 attempt=1 ue_idx=6 pid=12643
[2026-08-21T23:47:08+02:00] UPF_CONTROL_SAMPLE timestamp=2026-08-21T23:47:06+02:00 scenario=ue_13 pod=open5gs-upf-5b9db6d44-nsbqz uid=7b5b8ef7-a2a2-4fe9-a3e1-74acd17bd88f restarts=6 usage_cpu=182m usage_mem=35Mi request_cpu=182m request_mem=250Mi limit_cpu=none limit_mem=none vpa_target_cpu=224m vpa_target_mem=250Mi vpa_uncapped_cpu=224m vpa_uncapped_mem=250Mi vpa_lower_cpu=69m vpa_lower_mem=250Mi vpa_upper_cpu=1500m vpa_upper_mem=512Mi
[2026-08-21T23:47:08+02:00] UE_SLOT_ASSIGN timestamp=2026-08-21T21:47:08+00:00 active_ues=13 slot=7 ue_idx=7 ue_if=uesimtun7 ue_ip=10.45.1.6 candidate_reused_global_suspect=0
[2026-08-21T23:47:08+02:00] UE_SLOT_START timestamp=2026-08-21T21:47:08+00:00 active_ues=13 slot=7 attempt=1 ue_idx=7 ue_if=uesimtun7 ue_ip=10.45.1.6 target=192.168.1.211:5208 bitrate=1M duration_s=80 planned_end_epoch=1787348908 timeout_s=90 hard_timeout_epoch=1787348923 start_rx_bytes=178926
[2026-08-21T23:47:08+02:00] UE_SLOT_PID timestamp=2026-08-21T21:47:08+00:00 active_ues=13 slot=7 attempt=1 ue_idx=7 pid=12668
[2026-08-21T23:47:08+02:00] UE_SLOT_ASSIGN timestamp=2026-08-21T21:47:08+00:00 active_ues=13 slot=8 ue_idx=8 ue_if=uesimtun8 ue_ip=10.45.1.10 candidate_reused_global_suspect=0
[2026-08-21T23:47:08+02:00] UE_SLOT_START timestamp=2026-08-21T21:47:08+00:00 active_ues=13 slot=8 attempt=1 ue_idx=8 ue_if=uesimtun8 ue_ip=10.45.1.10 target=192.168.1.211:5209 bitrate=1M duration_s=80 planned_end_epoch=1787348908 timeout_s=90 hard_timeout_epoch=1787348923 start_rx_bytes=183378
[2026-08-21T23:47:08+02:00] UE_SLOT_PID timestamp=2026-08-21T21:47:08+00:00 active_ues=13 slot=8 attempt=1 ue_idx=8 pid=12693
[2026-08-21T23:47:08+02:00] UE_SLOT_ASSIGN timestamp=2026-08-21T21:47:08+00:00 active_ues=13 slot=9 ue_idx=9 ue_if=uesimtun9 ue_ip=10.45.1.7 candidate_reused_global_suspect=0
[2026-08-21T23:47:08+02:00] UE_SLOT_START timestamp=2026-08-21T21:47:08+00:00 active_ues=13 slot=9 attempt=1 ue_idx=9 ue_if=uesimtun9 ue_ip=10.45.1.7 target=192.168.1.211:5210 bitrate=1M duration_s=80 planned_end_epoch=1787348908 timeout_s=90 hard_timeout_epoch=1787348923 start_rx_bytes=84175
[2026-08-21T23:47:08+02:00] UE_SLOT_PID timestamp=2026-08-21T21:47:08+00:00 active_ues=13 slot=9 attempt=1 ue_idx=9 pid=12718
[2026-08-21T23:47:09+02:00] UE_SLOT_ASSIGN timestamp=2026-08-21T21:47:08+00:00 active_ues=13 slot=10 ue_idx=10 ue_if=uesimtun10 ue_ip=10.45.1.14 candidate_reused_global_suspect=0
[2026-08-21T23:47:09+02:00] UE_SLOT_START timestamp=2026-08-21T21:47:08+00:00 active_ues=13 slot=10 attempt=1 ue_idx=10 ue_if=uesimtun10 ue_ip=10.45.1.14 target=192.168.1.211:5211 bitrate=1M duration_s=80 planned_end_epoch=1787348908 timeout_s=90 hard_timeout_epoch=1787348923 start_rx_bytes=86173
[2026-08-21T23:47:09+02:00] UE_SLOT_PID timestamp=2026-08-21T21:47:09+00:00 active_ues=13 slot=10 attempt=1 ue_idx=10 pid=12743
[2026-08-21T23:47:09+02:00] UE_SLOT_ASSIGN timestamp=2026-08-21T21:47:09+00:00 active_ues=13 slot=11 ue_idx=11 ue_if=uesimtun11 ue_ip=10.45.1.15 candidate_reused_global_suspect=0
[2026-08-21T23:47:09+02:00] UE_SLOT_START timestamp=2026-08-21T21:47:09+00:00 active_ues=13 slot=11 attempt=1 ue_idx=11 ue_if=uesimtun11 ue_ip=10.45.1.15 target=192.168.1.211:5212 bitrate=1M duration_s=80 planned_end_epoch=1787348909 timeout_s=90 hard_timeout_epoch=1787348924 start_rx_bytes=0
[2026-08-21T23:47:09+02:00] UE_SLOT_PID timestamp=2026-08-21T21:47:09+00:00 active_ues=13 slot=11 attempt=1 ue_idx=11 pid=12768
[2026-08-21T23:47:09+02:00] UE_SLOT_ASSIGN timestamp=2026-08-21T21:47:09+00:00 active_ues=13 slot=12 ue_idx=12 ue_if=uesimtun12 ue_ip=10.45.1.12 candidate_reused_global_suspect=0
[2026-08-21T23:47:09+02:00] UE_SLOT_START timestamp=2026-08-21T21:47:09+00:00 active_ues=13 slot=12 attempt=1 ue_idx=12 ue_if=uesimtun12 ue_ip=10.45.1.12 target=192.168.1.211:5213 bitrate=1M duration_s=80 planned_end_epoch=1787348909 timeout_s=90 hard_timeout_epoch=1787348924 start_rx_bytes=0
[2026-08-21T23:47:09+02:00] UE_SLOT_PID timestamp=2026-08-21T21:47:09+00:00 active_ues=13 slot=12 attempt=1 ue_idx=12 pid=12793
[2026-08-21T23:47:09+02:00] IPERF_MAPPING_SUMMARY timestamp=2026-08-21T21:47:09+00:00 active_ues=13 registered_tunnels=50 initial_ports=5201-5213 replacement_ports=5251-5265 bitrate=1M start_delay=0.05 detection=no_rx_counter replacement_min_duration_s=5 adaptive_extension_max_s=1 iperf_exit_grace_s=3 server_busy_port_rebinds=1 late_replacement_after_end=disabled wait_for_iperf_exit=until_timeout global_suspect_policy=soft_reuse ramp_supervision=after_initial_start
[2026-08-21T23:47:10+02:00] UPF_CONTROL_SAMPLE timestamp=2026-08-21T23:47:09+02:00 scenario=ue_13 pod=open5gs-upf-5b9db6d44-nsbqz uid=7b5b8ef7-a2a2-4fe9-a3e1-74acd17bd88f restarts=6 usage_cpu=171m usage_mem=35Mi request_cpu=182m request_mem=250Mi limit_cpu=none limit_mem=none vpa_target_cpu=224m vpa_target_mem=250Mi vpa_uncapped_cpu=224m vpa_uncapped_mem=250Mi vpa_lower_cpu=69m vpa_lower_mem=250Mi vpa_upper_cpu=1500m vpa_upper_mem=512Mi
[2026-08-21T23:47:12+02:00] UPF_CONTROL_SAMPLE timestamp=2026-08-21T23:47:11+02:00 scenario=ue_13 pod=open5gs-upf-5b9db6d44-nsbqz uid=7b5b8ef7-a2a2-4fe9-a3e1-74acd17bd88f restarts=6 usage_cpu=171m usage_mem=35Mi request_cpu=182m request_mem=250Mi limit_cpu=none limit_mem=none vpa_target_cpu=224m vpa_target_mem=250Mi vpa_uncapped_cpu=224m vpa_uncapped_mem=250Mi vpa_lower_cpu=69m vpa_lower_mem=250Mi vpa_upper_cpu=1500m vpa_upper_mem=512Mi
[2026-08-21T23:47:14+02:00] UPF_CONTROL_SAMPLE timestamp=2026-08-21T23:47:13+02:00 scenario=ue_13 pod=open5gs-upf-5b9db6d44-nsbqz uid=7b5b8ef7-a2a2-4fe9-a3e1-74acd17bd88f restarts=6 usage_cpu=171m usage_mem=35Mi request_cpu=182m request_mem=250Mi limit_cpu=none limit_mem=none vpa_target_cpu=224m vpa_target_mem=250Mi vpa_uncapped_cpu=224m vpa_uncapped_mem=250Mi vpa_lower_cpu=69m vpa_lower_mem=250Mi vpa_upper_cpu=1500m vpa_upper_mem=512Mi
[2026-08-21T23:47:17+02:00] UPF_CONTROL_SAMPLE timestamp=2026-08-21T23:47:16+02:00 scenario=ue_13 pod=open5gs-upf-5b9db6d44-nsbqz uid=7b5b8ef7-a2a2-4fe9-a3e1-74acd17bd88f restarts=6 usage_cpu=171m usage_mem=35Mi request_cpu=182m request_mem=250Mi limit_cpu=none limit_mem=none vpa_target_cpu=224m vpa_target_mem=250Mi vpa_uncapped_cpu=224m vpa_uncapped_mem=250Mi vpa_lower_cpu=69m vpa_lower_mem=250Mi vpa_upper_cpu=1500m vpa_upper_mem=512Mi
[2026-08-21T23:47:19+02:00] UPF_CONTROL_SAMPLE timestamp=2026-08-21T23:47:18+02:00 scenario=ue_13 pod=open5gs-upf-5b9db6d44-nsbqz uid=7b5b8ef7-a2a2-4fe9-a3e1-74acd17bd88f restarts=6 usage_cpu=171m usage_mem=35Mi request_cpu=182m request_mem=250Mi limit_cpu=none limit_mem=none vpa_target_cpu=224m vpa_target_mem=250Mi vpa_uncapped_cpu=224m vpa_uncapped_mem=250Mi vpa_lower_cpu=69m vpa_lower_mem=250Mi vpa_upper_cpu=1500m vpa_upper_mem=512Mi
[2026-08-21T23:47:21+02:00] UPF_CONTROL_SAMPLE timestamp=2026-08-21T23:47:20+02:00 scenario=ue_13 pod=open5gs-upf-5b9db6d44-nsbqz uid=7b5b8ef7-a2a2-4fe9-a3e1-74acd17bd88f restarts=6 usage_cpu=171m usage_mem=35Mi request_cpu=182m request_mem=250Mi limit_cpu=none limit_mem=none vpa_target_cpu=224m vpa_target_mem=250Mi vpa_uncapped_cpu=224m vpa_uncapped_mem=250Mi vpa_lower_cpu=69m vpa_lower_mem=250Mi vpa_upper_cpu=1500m vpa_upper_mem=512Mi
[2026-08-21T23:47:24+02:00] UPF_CONTROL_SAMPLE timestamp=2026-08-21T23:47:22+02:00 scenario=ue_13 pod=open5gs-upf-5b9db6d44-nsbqz uid=7b5b8ef7-a2a2-4fe9-a3e1-74acd17bd88f restarts=6 usage_cpu=171m usage_mem=35Mi request_cpu=182m request_mem=250Mi limit_cpu=none limit_mem=none vpa_target_cpu=224m vpa_target_mem=250Mi vpa_uncapped_cpu=224m vpa_uncapped_mem=250Mi vpa_lower_cpu=69m vpa_lower_mem=250Mi vpa_upper_cpu=1500m vpa_upper_mem=512Mi
[2026-08-21T23:47:26+02:00] UPF_CONTROL_SAMPLE timestamp=2026-08-21T23:47:25+02:00 scenario=ue_13 pod=open5gs-upf-5b9db6d44-nsbqz uid=7b5b8ef7-a2a2-4fe9-a3e1-74acd17bd88f restarts=6 usage_cpu=156m usage_mem=35Mi request_cpu=182m request_mem=250Mi limit_cpu=none limit_mem=none vpa_target_cpu=224m vpa_target_mem=250Mi vpa_uncapped_cpu=224m vpa_uncapped_mem=250Mi vpa_lower_cpu=69m vpa_lower_mem=250Mi vpa_upper_cpu=1500m vpa_upper_mem=512Mi
[2026-08-21T23:47:28+02:00] UPF_REQUEST_CHANGE timestamp=2026-08-21T23:47:27+02:00 scenario=ue_13 pod=open5gs-upf-5b9db6d44-nsbqz uid=7b5b8ef7-a2a2-4fe9-a3e1-74acd17bd88f restarts=6 old='request_cpu=182m request_mem=250Mi limit_cpu=none limit_mem=none' new='request_cpu=224m request_mem=250Mi limit_cpu=none limit_mem=none' previous_5s_sample='timestamp=2026-08-21T23:47:22+02:00 scenario=ue_13 pod=open5gs-upf-5b9db6d44-nsbqz uid=7b5b8ef7-a2a2-4fe9-a3e1-74acd17bd88f restarts=6 usage_cpu=171m usage_mem=35Mi request_cpu=182m request_mem=250Mi limit_cpu=none limit_mem=none vpa_target_cpu=224m vpa_target_mem=250Mi vpa_uncapped_cpu=224m vpa_uncapped_mem=250Mi vpa_lower_cpu=69m vpa_lower_mem=250Mi vpa_upper_cpu=1500m vpa_upper_mem=512Mi' current_sample='timestamp=2026-08-21T23:47:27+02:00 scenario=ue_13 pod=open5gs-upf-5b9db6d44-nsbqz uid=7b5b8ef7-a2a2-4fe9-a3e1-74acd17bd88f restarts=6 usage_cpu=156m usage_mem=35Mi request_cpu=224m request_mem=250Mi limit_cpu=none limit_mem=none vpa_target_cpu=224m vpa_target_mem=250Mi vpa_uncapped_cpu=224m vpa_uncapped_mem=250Mi vpa_lower_cpu=69m vpa_lower_mem=250Mi vpa_upper_cpu=1500m vpa_upper_mem=512Mi'
[2026-08-21T23:47:28+02:00] UPF_CONTROL_SAMPLE timestamp=2026-08-21T23:47:27+02:00 scenario=ue_13 pod=open5gs-upf-5b9db6d44-nsbqz uid=7b5b8ef7-a2a2-4fe9-a3e1-74acd17bd88f restarts=6 usage_cpu=156m usage_mem=35Mi request_cpu=224m request_mem=250Mi limit_cpu=none limit_mem=none vpa_target_cpu=224m vpa_target_mem=250Mi vpa_uncapped_cpu=224m vpa_uncapped_mem=250Mi vpa_lower_cpu=69m vpa_lower_mem=250Mi vpa_upper_cpu=1500m vpa_upper_mem=512Mi
[2026-08-21T23:47:31+02:00] UPF_CONTROL_SAMPLE timestamp=2026-08-21T23:47:29+02:00 scenario=ue_13 pod=open5gs-upf-5b9db6d44-nsbqz uid=7b5b8ef7-a2a2-4fe9-a3e1-74acd17bd88f restarts=6 usage_cpu=156m usage_mem=35Mi request_cpu=224m request_mem=250Mi limit_cpu=none limit_mem=none vpa_target_cpu=224m vpa_target_mem=250Mi vpa_uncapped_cpu=224m vpa_uncapped_mem=250Mi vpa_lower_cpu=69m vpa_lower_mem=250Mi vpa_upper_cpu=1500m vpa_upper_mem=512Mi
[2026-08-21T23:47:33+02:00] UPF_CONTROL_SAMPLE timestamp=2026-08-21T23:47:32+02:00 scenario=ue_13 pod=open5gs-upf-5b9db6d44-nsbqz uid=7b5b8ef7-a2a2-4fe9-a3e1-74acd17bd88f restarts=6 usage_cpu=156m usage_mem=35Mi request_cpu=224m request_mem=250Mi limit_cpu=none limit_mem=none vpa_target_cpu=224m vpa_target_mem=250Mi vpa_uncapped_cpu=224m vpa_uncapped_mem=250Mi vpa_lower_cpu=69m vpa_lower_mem=250Mi vpa_upper_cpu=1500m vpa_upper_mem=512Mi
[2026-08-21T23:47:35+02:00] VPA_RECOMMENDATION_CHANGE timestamp=2026-08-21T23:47:34+02:00 scenario=ue_13 old='vpa_target_cpu=224m vpa_target_mem=250Mi vpa_uncapped_cpu=224m vpa_uncapped_mem=250Mi vpa_lower_cpu=69m vpa_lower_mem=250Mi vpa_upper_cpu=1500m vpa_upper_mem=512Mi' new='vpa_target_cpu=182m vpa_target_mem=250Mi vpa_uncapped_cpu=182m vpa_uncapped_mem=250Mi vpa_lower_cpu=70m vpa_lower_mem=250Mi vpa_upper_cpu=1500m vpa_upper_mem=512Mi' previous_5s_sample='timestamp=2026-08-21T23:47:29+02:00 scenario=ue_13 pod=open5gs-upf-5b9db6d44-nsbqz uid=7b5b8ef7-a2a2-4fe9-a3e1-74acd17bd88f restarts=6 usage_cpu=156m usage_mem=35Mi request_cpu=224m request_mem=250Mi limit_cpu=none limit_mem=none vpa_target_cpu=224m vpa_target_mem=250Mi vpa_uncapped_cpu=224m vpa_uncapped_mem=250Mi vpa_lower_cpu=69m vpa_lower_mem=250Mi vpa_upper_cpu=1500m vpa_upper_mem=512Mi' current_sample='timestamp=2026-08-21T23:47:34+02:00 scenario=ue_13 pod=open5gs-upf-5b9db6d44-nsbqz uid=7b5b8ef7-a2a2-4fe9-a3e1-74acd17bd88f restarts=6 usage_cpu=156m usage_mem=35Mi request_cpu=224m request_mem=250Mi limit_cpu=none limit_mem=none vpa_target_cpu=182m vpa_target_mem=250Mi vpa_uncapped_cpu=182m vpa_uncapped_mem=250Mi vpa_lower_cpu=70m vpa_lower_mem=250Mi vpa_upper_cpu=1500m vpa_upper_mem=512Mi'
[2026-08-21T23:47:35+02:00] UPF_CONTROL_SAMPLE timestamp=2026-08-21T23:47:34+02:00 scenario=ue_13 pod=open5gs-upf-5b9db6d44-nsbqz uid=7b5b8ef7-a2a2-4fe9-a3e1-74acd17bd88f restarts=6 usage_cpu=156m usage_mem=35Mi request_cpu=224m request_mem=250Mi limit_cpu=none limit_mem=none vpa_target_cpu=182m vpa_target_mem=250Mi vpa_uncapped_cpu=182m vpa_uncapped_mem=250Mi vpa_lower_cpu=70m vpa_lower_mem=250Mi vpa_upper_cpu=1500m vpa_upper_mem=512Mi
[2026-08-21T23:47:37+02:00] UPF_CONTROL_SAMPLE timestamp=2026-08-21T23:47:36+02:00 scenario=ue_13 pod=open5gs-upf-5b9db6d44-nsbqz uid=7b5b8ef7-a2a2-4fe9-a3e1-74acd17bd88f restarts=6 usage_cpu=156m usage_mem=35Mi request_cpu=224m request_mem=250Mi limit_cpu=none limit_mem=none vpa_target_cpu=182m vpa_target_mem=250Mi vpa_uncapped_cpu=182m vpa_uncapped_mem=250Mi vpa_lower_cpu=70m vpa_lower_mem=250Mi vpa_upper_cpu=1500m vpa_upper_mem=512Mi
[2026-08-21T23:47:39+02:00] UPF_CONTROL_SAMPLE timestamp=2026-08-21T23:47:38+02:00 scenario=ue_13 pod=open5gs-upf-5b9db6d44-nsbqz uid=7b5b8ef7-a2a2-4fe9-a3e1-74acd17bd88f restarts=6 usage_cpu=156m usage_mem=35Mi request_cpu=224m request_mem=250Mi limit_cpu=none limit_mem=none vpa_target_cpu=182m vpa_target_mem=250Mi vpa_uncapped_cpu=182m vpa_uncapped_mem=250Mi vpa_lower_cpu=70m vpa_lower_mem=250Mi vpa_upper_cpu=1500m vpa_upper_mem=512Mi
[2026-08-21T23:47:42+02:00] UPF_CONTROL_SAMPLE timestamp=2026-08-21T23:47:40+02:00 scenario=ue_13 pod=open5gs-upf-5b9db6d44-nsbqz uid=7b5b8ef7-a2a2-4fe9-a3e1-74acd17bd88f restarts=6 usage_cpu=211m usage_mem=35Mi request_cpu=224m request_mem=250Mi limit_cpu=none limit_mem=none vpa_target_cpu=182m vpa_target_mem=250Mi vpa_uncapped_cpu=182m vpa_uncapped_mem=250Mi vpa_lower_cpu=70m vpa_lower_mem=250Mi vpa_upper_cpu=1500m vpa_upper_mem=512Mi
[2026-08-21T23:47:44+02:00] UPF_CONTROL_SAMPLE timestamp=2026-08-21T23:47:43+02:00 scenario=ue_13 pod=open5gs-upf-5b9db6d44-nsbqz uid=7b5b8ef7-a2a2-4fe9-a3e1-74acd17bd88f restarts=6 usage_cpu=211m usage_mem=35Mi request_cpu=224m request_mem=250Mi limit_cpu=none limit_mem=none vpa_target_cpu=182m vpa_target_mem=250Mi vpa_uncapped_cpu=182m vpa_uncapped_mem=250Mi vpa_lower_cpu=70m vpa_lower_mem=250Mi vpa_upper_cpu=1500m vpa_upper_mem=512Mi
[2026-08-21T23:47:46+02:00] UPF_CONTROL_SAMPLE timestamp=2026-08-21T23:47:45+02:00 scenario=ue_13 pod=open5gs-upf-5b9db6d44-nsbqz uid=7b5b8ef7-a2a2-4fe9-a3e1-74acd17bd88f restarts=6 usage_cpu=211m usage_mem=35Mi request_cpu=224m request_mem=250Mi limit_cpu=none limit_mem=none vpa_target_cpu=182m vpa_target_mem=250Mi vpa_uncapped_cpu=182m vpa_uncapped_mem=250Mi vpa_lower_cpu=70m vpa_lower_mem=250Mi vpa_upper_cpu=1500m vpa_upper_mem=512Mi
[2026-08-21T23:47:49+02:00] UPF_CONTROL_SAMPLE timestamp=2026-08-21T23:47:47+02:00 scenario=ue_13 pod=open5gs-upf-5b9db6d44-nsbqz uid=7b5b8ef7-a2a2-4fe9-a3e1-74acd17bd88f restarts=6 usage_cpu=211m usage_mem=35Mi request_cpu=224m request_mem=250Mi limit_cpu=none limit_mem=none vpa_target_cpu=182m vpa_target_mem=250Mi vpa_uncapped_cpu=182m vpa_uncapped_mem=250Mi vpa_lower_cpu=70m vpa_lower_mem=250Mi vpa_upper_cpu=1500m vpa_upper_mem=512Mi
[2026-08-21T23:47:51+02:00] UPF_CONTROL_SAMPLE timestamp=2026-08-21T23:47:50+02:00 scenario=ue_13 pod=open5gs-upf-5b9db6d44-nsbqz uid=7b5b8ef7-a2a2-4fe9-a3e1-74acd17bd88f restarts=6 usage_cpu=211m usage_mem=35Mi request_cpu=224m request_mem=250Mi limit_cpu=none limit_mem=none vpa_target_cpu=182m vpa_target_mem=250Mi vpa_uncapped_cpu=182m vpa_uncapped_mem=250Mi vpa_lower_cpu=70m vpa_lower_mem=250Mi vpa_upper_cpu=1500m vpa_upper_mem=512Mi
[2026-08-21T23:47:53+02:00] UPF_CONTROL_SAMPLE timestamp=2026-08-21T23:47:52+02:00 scenario=ue_13 pod=open5gs-upf-5b9db6d44-nsbqz uid=7b5b8ef7-a2a2-4fe9-a3e1-74acd17bd88f restarts=6 usage_cpu=211m usage_mem=35Mi request_cpu=224m request_mem=250Mi limit_cpu=none limit_mem=none vpa_target_cpu=182m vpa_target_mem=250Mi vpa_uncapped_cpu=182m vpa_uncapped_mem=250Mi vpa_lower_cpu=70m vpa_lower_mem=250Mi vpa_upper_cpu=1500m vpa_upper_mem=512Mi
[2026-08-21T23:47:55+02:00] UPF_CONTROL_SAMPLE timestamp=2026-08-21T23:47:54+02:00 scenario=ue_13 pod=open5gs-upf-5b9db6d44-nsbqz uid=7b5b8ef7-a2a2-4fe9-a3e1-74acd17bd88f restarts=6 usage_cpu=228m usage_mem=35Mi request_cpu=224m request_mem=250Mi limit_cpu=none limit_mem=none vpa_target_cpu=182m vpa_target_mem=250Mi vpa_uncapped_cpu=182m vpa_uncapped_mem=250Mi vpa_lower_cpu=70m vpa_lower_mem=250Mi vpa_upper_cpu=1500m vpa_upper_mem=512Mi
[2026-08-21T23:47:58+02:00] UPF_CONTROL_SAMPLE timestamp=2026-08-21T23:47:56+02:00 scenario=ue_13 pod=open5gs-upf-5b9db6d44-nsbqz uid=7b5b8ef7-a2a2-4fe9-a3e1-74acd17bd88f restarts=6 usage_cpu=228m usage_mem=35Mi request_cpu=224m request_mem=250Mi limit_cpu=none limit_mem=none vpa_target_cpu=182m vpa_target_mem=250Mi vpa_uncapped_cpu=182m vpa_uncapped_mem=250Mi vpa_lower_cpu=70m vpa_lower_mem=250Mi vpa_upper_cpu=1500m vpa_upper_mem=512Mi
[2026-08-21T23:48:00+02:00] UPF_CONTROL_SAMPLE timestamp=2026-08-21T23:47:59+02:00 scenario=ue_13 pod=open5gs-upf-5b9db6d44-nsbqz uid=7b5b8ef7-a2a2-4fe9-a3e1-74acd17bd88f restarts=6 usage_cpu=228m usage_mem=35Mi request_cpu=224m request_mem=250Mi limit_cpu=none limit_mem=none vpa_target_cpu=182m vpa_target_mem=250Mi vpa_uncapped_cpu=182m vpa_uncapped_mem=250Mi vpa_lower_cpu=70m vpa_lower_mem=250Mi vpa_upper_cpu=1500m vpa_upper_mem=512Mi
[2026-08-21T23:48:02+02:00] UPF_CONTROL_SAMPLE timestamp=2026-08-21T23:48:01+02:00 scenario=ue_13 pod=open5gs-upf-5b9db6d44-nsbqz uid=7b5b8ef7-a2a2-4fe9-a3e1-74acd17bd88f restarts=6 usage_cpu=228m usage_mem=35Mi request_cpu=224m request_mem=250Mi limit_cpu=none limit_mem=none vpa_target_cpu=182m vpa_target_mem=250Mi vpa_uncapped_cpu=182m vpa_uncapped_mem=250Mi vpa_lower_cpu=70m vpa_lower_mem=250Mi vpa_upper_cpu=1500m vpa_upper_mem=512Mi
[2026-08-21T23:48:04+02:00] UPF_CONTROL_SAMPLE timestamp=2026-08-21T23:48:03+02:00 scenario=ue_13 pod=open5gs-upf-5b9db6d44-nsbqz uid=7b5b8ef7-a2a2-4fe9-a3e1-74acd17bd88f restarts=6 usage_cpu=228m usage_mem=35Mi request_cpu=224m request_mem=250Mi limit_cpu=none limit_mem=none vpa_target_cpu=182m vpa_target_mem=250Mi vpa_uncapped_cpu=182m vpa_uncapped_mem=250Mi vpa_lower_cpu=70m vpa_lower_mem=250Mi vpa_upper_cpu=1500m vpa_upper_mem=512Mi
[2026-08-21T23:48:06+02:00] UPF_CONTROL_SAMPLE timestamp=2026-08-21T23:48:05+02:00 scenario=ue_13 pod=open5gs-upf-5b9db6d44-nsbqz uid=7b5b8ef7-a2a2-4fe9-a3e1-74acd17bd88f restarts=6 usage_cpu=228m usage_mem=35Mi request_cpu=224m request_mem=250Mi limit_cpu=none limit_mem=none vpa_target_cpu=182m vpa_target_mem=250Mi vpa_uncapped_cpu=182m vpa_uncapped_mem=250Mi vpa_lower_cpu=70m vpa_lower_mem=250Mi vpa_upper_cpu=1500m vpa_upper_mem=512Mi
[2026-08-21T23:48:09+02:00] UPF_CONTROL_SAMPLE timestamp=2026-08-21T23:48:07+02:00 scenario=ue_13 pod=open5gs-upf-5b9db6d44-nsbqz uid=7b5b8ef7-a2a2-4fe9-a3e1-74acd17bd88f restarts=6 usage_cpu=228m usage_mem=35Mi request_cpu=224m request_mem=250Mi limit_cpu=none limit_mem=none vpa_target_cpu=182m vpa_target_mem=250Mi vpa_uncapped_cpu=182m vpa_uncapped_mem=250Mi vpa_lower_cpu=70m vpa_lower_mem=250Mi vpa_upper_cpu=1500m vpa_upper_mem=512Mi
[2026-08-21T23:48:12+02:00] UPF_CONTROL_SAMPLE timestamp=2026-08-21T23:48:10+02:00 scenario=ue_13 pod=open5gs-upf-5b9db6d44-nsbqz uid=7b5b8ef7-a2a2-4fe9-a3e1-74acd17bd88f restarts=6 usage_cpu=211m usage_mem=35Mi request_cpu=224m request_mem=250Mi limit_cpu=none limit_mem=none vpa_target_cpu=182m vpa_target_mem=250Mi vpa_uncapped_cpu=182m vpa_uncapped_mem=250Mi vpa_lower_cpu=70m vpa_lower_mem=250Mi vpa_upper_cpu=1500m vpa_upper_mem=512Mi
[2026-08-21T23:48:14+02:00] UPF_CONTROL_SAMPLE timestamp=2026-08-21T23:48:13+02:00 scenario=ue_13 pod=open5gs-upf-5b9db6d44-nsbqz uid=7b5b8ef7-a2a2-4fe9-a3e1-74acd17bd88f restarts=6 usage_cpu=211m usage_mem=35Mi request_cpu=224m request_mem=250Mi limit_cpu=none limit_mem=none vpa_target_cpu=182m vpa_target_mem=250Mi vpa_uncapped_cpu=182m vpa_uncapped_mem=250Mi vpa_lower_cpu=70m vpa_lower_mem=250Mi vpa_upper_cpu=1500m vpa_upper_mem=512Mi
[2026-08-21T23:48:16+02:00] UPF_CONTROL_SAMPLE timestamp=2026-08-21T23:48:15+02:00 scenario=ue_13 pod=open5gs-upf-5b9db6d44-nsbqz uid=7b5b8ef7-a2a2-4fe9-a3e1-74acd17bd88f restarts=6 usage_cpu=211m usage_mem=35Mi request_cpu=224m request_mem=250Mi limit_cpu=none limit_mem=none vpa_target_cpu=182m vpa_target_mem=250Mi vpa_uncapped_cpu=182m vpa_uncapped_mem=250Mi vpa_lower_cpu=70m vpa_lower_mem=250Mi vpa_upper_cpu=1500m vpa_upper_mem=512Mi
[2026-08-21T23:48:18+02:00] UPF_CONTROL_SAMPLE timestamp=2026-08-21T23:48:17+02:00 scenario=ue_13 pod=open5gs-upf-5b9db6d44-nsbqz uid=7b5b8ef7-a2a2-4fe9-a3e1-74acd17bd88f restarts=6 usage_cpu=211m usage_mem=35Mi request_cpu=224m request_mem=250Mi limit_cpu=none limit_mem=none vpa_target_cpu=182m vpa_target_mem=250Mi vpa_uncapped_cpu=182m vpa_uncapped_mem=250Mi vpa_lower_cpu=70m vpa_lower_mem=250Mi vpa_upper_cpu=1500m vpa_upper_mem=512Mi
[2026-08-21T23:48:21+02:00] UPF_CONTROL_SAMPLE timestamp=2026-08-21T23:48:20+02:00 scenario=ue_13 pod=open5gs-upf-5b9db6d44-nsbqz uid=7b5b8ef7-a2a2-4fe9-a3e1-74acd17bd88f restarts=6 usage_cpu=211m usage_mem=35Mi request_cpu=224m request_mem=250Mi limit_cpu=none limit_mem=none vpa_target_cpu=182m vpa_target_mem=250Mi vpa_uncapped_cpu=182m vpa_uncapped_mem=250Mi vpa_lower_cpu=70m vpa_lower_mem=250Mi vpa_upper_cpu=1500m vpa_upper_mem=512Mi
[2026-08-21T23:48:23+02:00] UPF_CONTROL_SAMPLE timestamp=2026-08-21T23:48:22+02:00 scenario=ue_13 pod=open5gs-upf-5b9db6d44-nsbqz uid=7b5b8ef7-a2a2-4fe9-a3e1-74acd17bd88f restarts=6 usage_cpu=211m usage_mem=35Mi request_cpu=224m request_mem=250Mi limit_cpu=none limit_mem=none vpa_target_cpu=182m vpa_target_mem=250Mi vpa_uncapped_cpu=182m vpa_uncapped_mem=250Mi vpa_lower_cpu=70m vpa_lower_mem=250Mi vpa_upper_cpu=1500m vpa_upper_mem=512Mi
[2026-08-21T23:48:25+02:00] UPF_CONTROL_SAMPLE timestamp=2026-08-21T23:48:24+02:00 scenario=ue_13 pod=open5gs-upf-5b9db6d44-nsbqz uid=7b5b8ef7-a2a2-4fe9-a3e1-74acd17bd88f restarts=6 usage_cpu=221m usage_mem=35Mi request_cpu=224m request_mem=250Mi limit_cpu=none limit_mem=none vpa_target_cpu=182m vpa_target_mem=250Mi vpa_uncapped_cpu=182m vpa_uncapped_mem=250Mi vpa_lower_cpu=70m vpa_lower_mem=250Mi vpa_upper_cpu=1500m vpa_upper_mem=512Mi
[2026-08-21T23:48:28+02:00] UE_SLOT_DONE timestamp=2026-08-21T21:48:28+00:00 active_ues=13 slot=0 attempt=1 ue_idx=0 ue_if=uesimtun0 ue_ip=10.45.0.252 port=5201 rc=0 replacements_for_slot=0 server_busy_retries_for_slot=0
[2026-08-21T23:48:28+02:00] UE_SLOT_DONE timestamp=2026-08-21T21:48:28+00:00 active_ues=13 slot=1 attempt=1 ue_idx=1 ue_if=uesimtun1 ue_ip=10.45.0.253 port=5202 rc=0 replacements_for_slot=0 server_busy_retries_for_slot=0
[2026-08-21T23:48:28+02:00] UE_SLOT_DONE timestamp=2026-08-21T21:48:28+00:00 active_ues=13 slot=2 attempt=1 ue_idx=2 ue_if=uesimtun2 ue_ip=10.45.0.254 port=5203 rc=0 replacements_for_slot=0 server_busy_retries_for_slot=0
[2026-08-21T23:48:28+02:00] UPF_REQUEST_CHANGE timestamp=2026-08-21T23:48:26+02:00 scenario=ue_13 pod=open5gs-upf-5b9db6d44-nsbqz uid=7b5b8ef7-a2a2-4fe9-a3e1-74acd17bd88f restarts=6 old='request_cpu=224m request_mem=250Mi limit_cpu=none limit_mem=none' new='request_cpu=182m request_mem=250Mi limit_cpu=none limit_mem=none' previous_5s_sample='timestamp=2026-08-21T23:48:20+02:00 scenario=ue_13 pod=open5gs-upf-5b9db6d44-nsbqz uid=7b5b8ef7-a2a2-4fe9-a3e1-74acd17bd88f restarts=6 usage_cpu=211m usage_mem=35Mi request_cpu=224m request_mem=250Mi limit_cpu=none limit_mem=none vpa_target_cpu=182m vpa_target_mem=250Mi vpa_uncapped_cpu=182m vpa_uncapped_mem=250Mi vpa_lower_cpu=70m vpa_lower_mem=250Mi vpa_upper_cpu=1500m vpa_upper_mem=512Mi' current_sample='timestamp=2026-08-21T23:48:26+02:00 scenario=ue_13 pod=open5gs-upf-5b9db6d44-nsbqz uid=7b5b8ef7-a2a2-4fe9-a3e1-74acd17bd88f restarts=6 usage_cpu=221m usage_mem=35Mi request_cpu=182m request_mem=250Mi limit_cpu=none limit_mem=none vpa_target_cpu=182m vpa_target_mem=250Mi vpa_uncapped_cpu=182m vpa_uncapped_mem=250Mi vpa_lower_cpu=70m vpa_lower_mem=250Mi vpa_upper_cpu=1500m vpa_upper_mem=512Mi'
[2026-08-21T23:48:28+02:00] UPF_CONTROL_SAMPLE timestamp=2026-08-21T23:48:26+02:00 scenario=ue_13 pod=open5gs-upf-5b9db6d44-nsbqz uid=7b5b8ef7-a2a2-4fe9-a3e1-74acd17bd88f restarts=6 usage_cpu=221m usage_mem=35Mi request_cpu=182m request_mem=250Mi limit_cpu=none limit_mem=none vpa_target_cpu=182m vpa_target_mem=250Mi vpa_uncapped_cpu=182m vpa_uncapped_mem=250Mi vpa_lower_cpu=70m vpa_lower_mem=250Mi vpa_upper_cpu=1500m vpa_upper_mem=512Mi
[2026-08-21T23:48:28+02:00] UE_SLOT_DONE timestamp=2026-08-21T21:48:28+00:00 active_ues=13 slot=3 attempt=1 ue_idx=3 ue_if=uesimtun3 ue_ip=10.45.1.0 port=5204 rc=0 replacements_for_slot=0 server_busy_retries_for_slot=0
[2026-08-21T23:48:28+02:00] UE_SLOT_DONE timestamp=2026-08-21T21:48:28+00:00 active_ues=13 slot=4 attempt=1 ue_idx=4 ue_if=uesimtun4 ue_ip=10.45.1.1 port=5205 rc=0 replacements_for_slot=0 server_busy_retries_for_slot=0
[2026-08-21T23:48:28+02:00] UE_SLOT_DONE timestamp=2026-08-21T21:48:28+00:00 active_ues=13 slot=5 attempt=1 ue_idx=5 ue_if=uesimtun5 ue_ip=10.45.1.3 port=5206 rc=0 replacements_for_slot=0 server_busy_retries_for_slot=0
[2026-08-21T23:48:29+02:00] UE_SLOT_DONE timestamp=2026-08-21T21:48:29+00:00 active_ues=13 slot=6 attempt=1 ue_idx=6 ue_if=uesimtun6 ue_ip=10.45.0.255 port=5207 rc=0 replacements_for_slot=0 server_busy_retries_for_slot=0
[2026-08-21T23:48:29+02:00] UE_SLOT_DONE timestamp=2026-08-21T21:48:29+00:00 active_ues=13 slot=7 attempt=1 ue_idx=7 ue_if=uesimtun7 ue_ip=10.45.1.6 port=5208 rc=0 replacements_for_slot=0 server_busy_retries_for_slot=0
[2026-08-21T23:48:29+02:00] UE_SLOT_DONE timestamp=2026-08-21T21:48:29+00:00 active_ues=13 slot=8 attempt=1 ue_idx=8 ue_if=uesimtun8 ue_ip=10.45.1.10 port=5209 rc=0 replacements_for_slot=0 server_busy_retries_for_slot=0
[2026-08-21T23:48:29+02:00] UE_SLOT_DONE timestamp=2026-08-21T21:48:29+00:00 active_ues=13 slot=9 attempt=1 ue_idx=9 ue_if=uesimtun9 ue_ip=10.45.1.7 port=5210 rc=0 replacements_for_slot=0 server_busy_retries_for_slot=0
[2026-08-21T23:48:29+02:00] UE_SLOT_DONE timestamp=2026-08-21T21:48:29+00:00 active_ues=13 slot=10 attempt=1 ue_idx=10 ue_if=uesimtun10 ue_ip=10.45.1.14 port=5211 rc=0 replacements_for_slot=0 server_busy_retries_for_slot=0
[2026-08-21T23:48:29+02:00] UE_SLOT_DONE timestamp=2026-08-21T21:48:29+00:00 active_ues=13 slot=11 attempt=1 ue_idx=11 ue_if=uesimtun11 ue_ip=10.45.1.15 port=5212 rc=0 replacements_for_slot=0 server_busy_retries_for_slot=0
[2026-08-21T23:48:29+02:00] UE_SLOT_DONE timestamp=2026-08-21T21:48:29+00:00 active_ues=13 slot=12 attempt=1 ue_idx=12 ue_if=uesimtun12 ue_ip=10.45.1.12 port=5213 rc=0 replacements_for_slot=0 server_busy_retries_for_slot=0
[2026-08-21T23:48:30+02:00] UPF_CONTROL_SAMPLE timestamp=2026-08-21T23:48:29+02:00 scenario=ue_13 pod=open5gs-upf-5b9db6d44-nsbqz uid=7b5b8ef7-a2a2-4fe9-a3e1-74acd17bd88f restarts=6 usage_cpu=221m usage_mem=35Mi request_cpu=182m request_mem=250Mi limit_cpu=none limit_mem=none vpa_target_cpu=182m vpa_target_mem=250Mi vpa_uncapped_cpu=182m vpa_uncapped_mem=250Mi vpa_lower_cpu=70m vpa_lower_mem=250Mi vpa_upper_cpu=1500m vpa_upper_mem=512Mi
[2026-08-21T23:48:31+02:00] TRAFFIC_SUMMARY timestamp=2026-08-21T21:48:30+00:00 registered_tunnels=50 active_ues=13 target_slots=13 completed_slots=13 final_failed_slots=0 replacements=0 problematic_ues=0 zombie_ues=0 connect_timeouts=0 stalls=0 deferred_stalls=0 process_failures=0 server_busy_retries=0 server_busy_failures=0 late_timeouts_accepted=0 scenario_bad_ues=0 global_suspect_ues=0 used_ues=13 target_host=192.168.1.211 initial_ports=5201-5213 replacement_ports=5251-5265 bitrate=1M start_delay=0.05 detection=no_rx_counter replacement_min_duration_s=5 adaptive_extension_max_s=1 iperf_exit_grace_s=3 server_busy_retries_limit=1 server_busy_retry_delay_s=2 late_replacement_after_end=disabled wait_for_iperf_exit=until_timeout global_suspect_policy=soft_reuse ramp_supervision=after_initial_start
[2026-08-21T23:48:31+02:00] UE_POOL_SCENARIO_BAD_CURRENT timestamp=2026-08-21T21:48:31+00:00 active_ues=13 indexes=
[2026-08-21T23:48:31+02:00] UE_POOL_GLOBAL_SUSPECT_CURRENT timestamp=2026-08-21T21:48:31+00:00 active_ues=13 indexes=
[2026-08-21T23:48:31+02:00] REMOTE_IPERF_PER_UE_END timestamp=2026-08-21T21:48:31+00:00 active_ues=13 tag=ue_13 final_rc=0 completed_slots=13 replacements=0 problematic_ues=0 server_busy_retries=0 deferred_stalls=0 late_timeouts_accepted=0
[2026-08-21T23:48:31+02:00] SCENARIO TRAFFIC COMMAND END timestamp=2026-08-21T23:48:31+02:00 active_ue=13 rc=0
[2026-08-21T23:48:31+02:00] SCENARIO UPF AFTER timestamp=2026-08-21T23:48:31+02:00 active_ue=13 pod=open5gs-upf-5b9db6d44-nsbqz uid=7b5b8ef7-a2a2-4fe9-a3e1-74acd17bd88f restarts=6
[2026-08-21T23:48:31+02:00] SCENARIO END timestamp=2026-08-21T23:48:31+02:00 active_ue=13 rc=0
[2026-08-21T23:48:31+02:00] ================================================================
[2026-08-21T23:48:32+02:00] SCENARIO START timestamp=2026-08-21T23:48:32+02:00 active_ue=15 registered_ue_pool=50 target_host=192.168.1.211 ports=5201-5215 replacement_ports=5251-5265 bitrate_per_ue=1M start_delay=0.05 replacement_min_duration=5 adaptive_extension_max=1
[2026-08-21T23:48:32+02:00] ================================================================
[2026-08-21T23:48:32+02:00] SCENARIO TUNNEL CHECK timestamp=2026-08-21T23:48:32+02:00 active_ue=15 current_tunnels=50 required=50
[2026-08-21T23:48:32+02:00] UPF_CONTROL_SAMPLE timestamp=2026-08-21T23:48:31+02:00 scenario=ue_13 pod=open5gs-upf-5b9db6d44-nsbqz uid=7b5b8ef7-a2a2-4fe9-a3e1-74acd17bd88f restarts=6 usage_cpu=221m usage_mem=35Mi request_cpu=182m request_mem=250Mi limit_cpu=none limit_mem=none vpa_target_cpu=182m vpa_target_mem=250Mi vpa_uncapped_cpu=182m vpa_uncapped_mem=250Mi vpa_lower_cpu=70m vpa_lower_mem=250Mi vpa_upper_cpu=1500m vpa_upper_mem=512Mi
[2026-08-21T23:48:33+02:00] SCENARIO UPF BEFORE timestamp=2026-08-21T23:48:33+02:00 active_ue=15 pod=open5gs-upf-5b9db6d44-nsbqz uid=7b5b8ef7-a2a2-4fe9-a3e1-74acd17bd88f restarts=6
[2026-08-21T23:48:33+02:00] REMOTE_IPERF_PER_UE_START timestamp=2026-08-21T21:48:33+00:00 active_ues=15 tag=ue_15 iperf_host=192.168.1.211 base_port=5201 replacement_base_port=5251 duration=80 bitrate=1M start_delay=0.05 detection=no_rx_counter connect_timeout_s=4 stall_seconds=5 replacement_limit=15 replacement_min_duration_s=5 adaptive_extension_max_s=1 iperf_exit_grace_s=3 server_busy_port_rebinds=1 late_replacement_after_end=disabled wait_for_iperf_exit=until_timeout global_suspect_policy=soft_reuse ramp_supervision=after_initial_start
[2026-08-21T23:48:34+02:00] UE_POOL_STATUS timestamp=2026-08-21T21:48:34+00:00 active_ues=15 registered_tunnels=50 existing_global_suspect_ues=0 used_ues=0 policy=soft_reuse_global_suspects
[2026-08-21T23:48:34+02:00] UE_SLOT_ASSIGN timestamp=2026-08-21T21:48:34+00:00 active_ues=15 slot=0 ue_idx=0 ue_if=uesimtun0 ue_ip=10.45.0.252 candidate_reused_global_suspect=0
[2026-08-21T23:48:34+02:00] UE_SLOT_START timestamp=2026-08-21T21:48:34+00:00 active_ues=15 slot=0 attempt=1 ue_idx=0 ue_if=uesimtun0 ue_ip=10.45.0.252 target=192.168.1.211:5201 bitrate=1M duration_s=80 planned_end_epoch=1787348994 timeout_s=90 hard_timeout_epoch=1787349009 start_rx_bytes=640920
[2026-08-21T23:48:34+02:00] UE_SLOT_PID timestamp=2026-08-21T21:48:34+00:00 active_ues=15 slot=0 attempt=1 ue_idx=0 pid=15553
[2026-08-21T23:48:34+02:00] UE_SLOT_ASSIGN timestamp=2026-08-21T21:48:34+00:00 active_ues=15 slot=1 ue_idx=1 ue_if=uesimtun1 ue_ip=10.45.0.253 candidate_reused_global_suspect=0
[2026-08-21T23:48:34+02:00] UE_SLOT_START timestamp=2026-08-21T21:48:34+00:00 active_ues=15 slot=1 attempt=1 ue_idx=1 ue_if=uesimtun1 ue_ip=10.45.0.253 target=192.168.1.211:5202 bitrate=1M duration_s=80 planned_end_epoch=1787348994 timeout_s=90 hard_timeout_epoch=1787349009 start_rx_bytes=540282
[2026-08-21T23:48:34+02:00] UE_SLOT_PID timestamp=2026-08-21T21:48:34+00:00 active_ues=15 slot=1 attempt=1 ue_idx=1 pid=15578
[2026-08-21T23:48:34+02:00] UE_SLOT_ASSIGN timestamp=2026-08-21T21:48:34+00:00 active_ues=15 slot=2 ue_idx=2 ue_if=uesimtun2 ue_ip=10.45.0.254 candidate_reused_global_suspect=0
[2026-08-21T23:48:34+02:00] UE_SLOT_START timestamp=2026-08-21T21:48:34+00:00 active_ues=15 slot=2 attempt=1 ue_idx=2 ue_if=uesimtun2 ue_ip=10.45.0.254 target=192.168.1.211:5203 bitrate=1M duration_s=80 planned_end_epoch=1787348994 timeout_s=90 hard_timeout_epoch=1787349009 start_rx_bytes=558684
[2026-08-21T23:48:34+02:00] UE_SLOT_PID timestamp=2026-08-21T21:48:34+00:00 active_ues=15 slot=2 attempt=1 ue_idx=2 pid=15603
[2026-08-21T23:48:34+02:00] UE_SLOT_ASSIGN timestamp=2026-08-21T21:48:34+00:00 active_ues=15 slot=3 ue_idx=3 ue_if=uesimtun3 ue_ip=10.45.1.0 candidate_reused_global_suspect=0
[2026-08-21T23:48:34+02:00] UE_SLOT_START timestamp=2026-08-21T21:48:34+00:00 active_ues=15 slot=3 attempt=1 ue_idx=3 ue_if=uesimtun3 ue_ip=10.45.1.0 target=192.168.1.211:5204 bitrate=1M duration_s=80 planned_end_epoch=1787348994 timeout_s=90 hard_timeout_epoch=1787349009 start_rx_bytes=464424
[2026-08-21T23:48:34+02:00] UE_SLOT_PID timestamp=2026-08-21T21:48:34+00:00 active_ues=15 slot=3 attempt=1 ue_idx=3 pid=15628
[2026-08-21T23:48:35+02:00] UE_SLOT_ASSIGN timestamp=2026-08-21T21:48:34+00:00 active_ues=15 slot=4 ue_idx=4 ue_if=uesimtun4 ue_ip=10.45.1.1 candidate_reused_global_suspect=0
[2026-08-21T23:48:35+02:00] UE_SLOT_START timestamp=2026-08-21T21:48:35+00:00 active_ues=15 slot=4 attempt=1 ue_idx=4 ue_if=uesimtun4 ue_ip=10.45.1.1 target=192.168.1.211:5205 bitrate=1M duration_s=80 planned_end_epoch=1787348994 timeout_s=90 hard_timeout_epoch=1787349010 start_rx_bytes=464969
[2026-08-21T23:48:35+02:00] UE_SLOT_PID timestamp=2026-08-21T21:48:35+00:00 active_ues=15 slot=4 attempt=1 ue_idx=4 pid=15653
[2026-08-21T23:48:35+02:00] VPA_RECOMMENDATION_CHANGE timestamp=2026-08-21T23:48:33+02:00 scenario=ue_15 old='vpa_target_cpu=182m vpa_target_mem=250Mi vpa_uncapped_cpu=182m vpa_uncapped_mem=250Mi vpa_lower_cpu=70m vpa_lower_mem=250Mi vpa_upper_cpu=1500m vpa_upper_mem=512Mi' new='vpa_target_cpu=224m vpa_target_mem=250Mi vpa_uncapped_cpu=224m vpa_uncapped_mem=250Mi vpa_lower_cpu=85m vpa_lower_mem=250Mi vpa_upper_cpu=1500m vpa_upper_mem=512Mi' previous_5s_sample='timestamp=2026-08-21T23:48:26+02:00 scenario=ue_13 pod=open5gs-upf-5b9db6d44-nsbqz uid=7b5b8ef7-a2a2-4fe9-a3e1-74acd17bd88f restarts=6 usage_cpu=221m usage_mem=35Mi request_cpu=182m request_mem=250Mi limit_cpu=none limit_mem=none vpa_target_cpu=182m vpa_target_mem=250Mi vpa_uncapped_cpu=182m vpa_uncapped_mem=250Mi vpa_lower_cpu=70m vpa_lower_mem=250Mi vpa_upper_cpu=1500m vpa_upper_mem=512Mi' current_sample='timestamp=2026-08-21T23:48:33+02:00 scenario=ue_15 pod=open5gs-upf-5b9db6d44-nsbqz uid=7b5b8ef7-a2a2-4fe9-a3e1-74acd17bd88f restarts=6 usage_cpu=221m usage_mem=35Mi request_cpu=182m request_mem=250Mi limit_cpu=none limit_mem=none vpa_target_cpu=224m vpa_target_mem=250Mi vpa_uncapped_cpu=224m vpa_uncapped_mem=250Mi vpa_lower_cpu=85m vpa_lower_mem=250Mi vpa_upper_cpu=1500m vpa_upper_mem=512Mi'
[2026-08-21T23:48:35+02:00] UPF_CONTROL_SAMPLE timestamp=2026-08-21T23:48:33+02:00 scenario=ue_15 pod=open5gs-upf-5b9db6d44-nsbqz uid=7b5b8ef7-a2a2-4fe9-a3e1-74acd17bd88f restarts=6 usage_cpu=221m usage_mem=35Mi request_cpu=182m request_mem=250Mi limit_cpu=none limit_mem=none vpa_target_cpu=224m vpa_target_mem=250Mi vpa_uncapped_cpu=224m vpa_uncapped_mem=250Mi vpa_lower_cpu=85m vpa_lower_mem=250Mi vpa_upper_cpu=1500m vpa_upper_mem=512Mi
[2026-08-21T23:48:35+02:00] UE_SLOT_ASSIGN timestamp=2026-08-21T21:48:35+00:00 active_ues=15 slot=5 ue_idx=5 ue_if=uesimtun5 ue_ip=10.45.1.3 candidate_reused_global_suspect=0
[2026-08-21T23:48:35+02:00] UE_SLOT_START timestamp=2026-08-21T21:48:35+00:00 active_ues=15 slot=5 attempt=1 ue_idx=5 ue_if=uesimtun5 ue_ip=10.45.1.3 target=192.168.1.211:5206 bitrate=1M duration_s=80 planned_end_epoch=1787348995 timeout_s=90 hard_timeout_epoch=1787349010 start_rx_bytes=363805
[2026-08-21T23:48:35+02:00] UE_SLOT_PID timestamp=2026-08-21T21:48:35+00:00 active_ues=15 slot=5 attempt=1 ue_idx=5 pid=15678
[2026-08-21T23:48:35+02:00] UE_SLOT_ASSIGN timestamp=2026-08-21T21:48:35+00:00 active_ues=15 slot=6 ue_idx=6 ue_if=uesimtun6 ue_ip=10.45.0.255 candidate_reused_global_suspect=0
[2026-08-21T23:48:35+02:00] UE_SLOT_START timestamp=2026-08-21T21:48:35+00:00 active_ues=15 slot=6 attempt=1 ue_idx=6 ue_if=uesimtun6 ue_ip=10.45.0.255 target=192.168.1.211:5207 bitrate=1M duration_s=80 planned_end_epoch=1787348995 timeout_s=90 hard_timeout_epoch=1787349010 start_rx_bytes=365938
[2026-08-21T23:48:35+02:00] UE_SLOT_PID timestamp=2026-08-21T21:48:35+00:00 active_ues=15 slot=6 attempt=1 ue_idx=6 pid=15703
[2026-08-21T23:48:35+02:00] UE_SLOT_ASSIGN timestamp=2026-08-21T21:48:35+00:00 active_ues=15 slot=7 ue_idx=7 ue_if=uesimtun7 ue_ip=10.45.1.6 candidate_reused_global_suspect=0
[2026-08-21T23:48:35+02:00] UE_SLOT_START timestamp=2026-08-21T21:48:35+00:00 active_ues=15 slot=7 attempt=1 ue_idx=7 ue_if=uesimtun7 ue_ip=10.45.1.6 target=192.168.1.211:5208 bitrate=1M duration_s=80 planned_end_epoch=1787348995 timeout_s=90 hard_timeout_epoch=1787349010 start_rx_bytes=272157
[2026-08-21T23:48:35+02:00] UE_SLOT_PID timestamp=2026-08-21T21:48:35+00:00 active_ues=15 slot=7 attempt=1 ue_idx=7 pid=15728
[2026-08-21T23:48:35+02:00] UE_SLOT_ASSIGN timestamp=2026-08-21T21:48:35+00:00 active_ues=15 slot=8 ue_idx=8 ue_if=uesimtun8 ue_ip=10.45.1.10 candidate_reused_global_suspect=0
[2026-08-21T23:48:35+02:00] UE_SLOT_START timestamp=2026-08-21T21:48:35+00:00 active_ues=15 slot=8 attempt=1 ue_idx=8 ue_if=uesimtun8 ue_ip=10.45.1.10 target=192.168.1.211:5209 bitrate=1M duration_s=80 planned_end_epoch=1787348995 timeout_s=90 hard_timeout_epoch=1787349010 start_rx_bytes=276782
[2026-08-21T23:48:35+02:00] UE_SLOT_PID timestamp=2026-08-21T21:48:35+00:00 active_ues=15 slot=8 attempt=1 ue_idx=8 pid=15753
[2026-08-21T23:48:36+02:00] UE_SLOT_ASSIGN timestamp=2026-08-21T21:48:36+00:00 active_ues=15 slot=9 ue_idx=9 ue_if=uesimtun9 ue_ip=10.45.1.7 candidate_reused_global_suspect=0
[2026-08-21T23:48:36+02:00] UE_SLOT_START timestamp=2026-08-21T21:48:36+00:00 active_ues=15 slot=9 attempt=1 ue_idx=9 ue_if=uesimtun9 ue_ip=10.45.1.7 target=192.168.1.211:5210 bitrate=1M duration_s=80 planned_end_epoch=1787348996 timeout_s=90 hard_timeout_epoch=1787349011 start_rx_bytes=179119
[2026-08-21T23:48:36+02:00] UE_SLOT_PID timestamp=2026-08-21T21:48:36+00:00 active_ues=15 slot=9 attempt=1 ue_idx=9 pid=15778
[2026-08-21T23:48:36+02:00] UE_SLOT_ASSIGN timestamp=2026-08-21T21:48:36+00:00 active_ues=15 slot=10 ue_idx=10 ue_if=uesimtun10 ue_ip=10.45.1.14 candidate_reused_global_suspect=0
[2026-08-21T23:48:36+02:00] UE_SLOT_START timestamp=2026-08-21T21:48:36+00:00 active_ues=15 slot=10 attempt=1 ue_idx=10 ue_if=uesimtun10 ue_ip=10.45.1.14 target=192.168.1.211:5211 bitrate=1M duration_s=80 planned_end_epoch=1787348996 timeout_s=90 hard_timeout_epoch=1787349011 start_rx_bytes=176953
[2026-08-21T23:48:36+02:00] UE_SLOT_PID timestamp=2026-08-21T21:48:36+00:00 active_ues=15 slot=10 attempt=1 ue_idx=10 pid=15803
[2026-08-21T23:48:36+02:00] UE_SLOT_ASSIGN timestamp=2026-08-21T21:48:36+00:00 active_ues=15 slot=11 ue_idx=11 ue_if=uesimtun11 ue_ip=10.45.1.15 candidate_reused_global_suspect=0
[2026-08-21T23:48:36+02:00] UE_SLOT_START timestamp=2026-08-21T21:48:36+00:00 active_ues=15 slot=11 attempt=1 ue_idx=11 ue_if=uesimtun11 ue_ip=10.45.1.15 target=192.168.1.211:5212 bitrate=1M duration_s=80 planned_end_epoch=1787348996 timeout_s=90 hard_timeout_epoch=1787349011 start_rx_bytes=90314
[2026-08-21T23:48:36+02:00] UE_SLOT_PID timestamp=2026-08-21T21:48:36+00:00 active_ues=15 slot=11 attempt=1 ue_idx=11 pid=15828
[2026-08-21T23:48:36+02:00] UE_SLOT_ASSIGN timestamp=2026-08-21T21:48:36+00:00 active_ues=15 slot=12 ue_idx=12 ue_if=uesimtun12 ue_ip=10.45.1.12 candidate_reused_global_suspect=0
[2026-08-21T23:48:36+02:00] UE_SLOT_START timestamp=2026-08-21T21:48:36+00:00 active_ues=15 slot=12 attempt=1 ue_idx=12 ue_if=uesimtun12 ue_ip=10.45.1.12 target=192.168.1.211:5213 bitrate=1M duration_s=80 planned_end_epoch=1787348996 timeout_s=90 hard_timeout_epoch=1787349011 start_rx_bytes=94733
[2026-08-21T23:48:36+02:00] UE_SLOT_PID timestamp=2026-08-21T21:48:36+00:00 active_ues=15 slot=12 attempt=1 ue_idx=12 pid=15853
[2026-08-21T23:48:37+02:00] UE_SLOT_ASSIGN timestamp=2026-08-21T21:48:37+00:00 active_ues=15 slot=13 ue_idx=13 ue_if=uesimtun13 ue_ip=10.45.1.18 candidate_reused_global_suspect=0
[2026-08-21T23:48:37+02:00] UE_SLOT_START timestamp=2026-08-21T21:48:37+00:00 active_ues=15 slot=13 attempt=1 ue_idx=13 ue_if=uesimtun13 ue_ip=10.45.1.18 target=192.168.1.211:5214 bitrate=1M duration_s=80 planned_end_epoch=1787348996 timeout_s=90 hard_timeout_epoch=1787349012 start_rx_bytes=0
[2026-08-21T23:48:37+02:00] UE_SLOT_PID timestamp=2026-08-21T21:48:37+00:00 active_ues=15 slot=13 attempt=1 ue_idx=13 pid=15878
[2026-08-21T23:48:37+02:00] UE_SLOT_ASSIGN timestamp=2026-08-21T21:48:37+00:00 active_ues=15 slot=14 ue_idx=14 ue_if=uesimtun14 ue_ip=10.45.1.4 candidate_reused_global_suspect=0
[2026-08-21T23:48:37+02:00] UE_SLOT_START timestamp=2026-08-21T21:48:37+00:00 active_ues=15 slot=14 attempt=1 ue_idx=14 ue_if=uesimtun14 ue_ip=10.45.1.4 target=192.168.1.211:5215 bitrate=1M duration_s=80 planned_end_epoch=1787348997 timeout_s=90 hard_timeout_epoch=1787349012 start_rx_bytes=0
[2026-08-21T23:48:37+02:00] UE_SLOT_PID timestamp=2026-08-21T21:48:37+00:00 active_ues=15 slot=14 attempt=1 ue_idx=14 pid=15903
[2026-08-21T23:48:37+02:00] IPERF_MAPPING_SUMMARY timestamp=2026-08-21T21:48:37+00:00 active_ues=15 registered_tunnels=50 initial_ports=5201-5215 replacement_ports=5251-5265 bitrate=1M start_delay=0.05 detection=no_rx_counter replacement_min_duration_s=5 adaptive_extension_max_s=1 iperf_exit_grace_s=3 server_busy_port_rebinds=1 late_replacement_after_end=disabled wait_for_iperf_exit=until_timeout global_suspect_policy=soft_reuse ramp_supervision=after_initial_start
[2026-08-21T23:48:37+02:00] UPF_CONTROL_SAMPLE timestamp=2026-08-21T23:48:36+02:00 scenario=ue_15 pod=open5gs-upf-5b9db6d44-nsbqz uid=7b5b8ef7-a2a2-4fe9-a3e1-74acd17bd88f restarts=6 usage_cpu=221m usage_mem=35Mi request_cpu=182m request_mem=250Mi limit_cpu=none limit_mem=none vpa_target_cpu=224m vpa_target_mem=250Mi vpa_uncapped_cpu=224m vpa_uncapped_mem=250Mi vpa_lower_cpu=85m vpa_lower_mem=250Mi vpa_upper_cpu=1500m vpa_upper_mem=512Mi
[2026-08-21T23:48:39+02:00] UPF_CONTROL_SAMPLE timestamp=2026-08-21T23:48:38+02:00 scenario=ue_15 pod=open5gs-upf-5b9db6d44-nsbqz uid=7b5b8ef7-a2a2-4fe9-a3e1-74acd17bd88f restarts=6 usage_cpu=221m usage_mem=35Mi request_cpu=182m request_mem=250Mi limit_cpu=none limit_mem=none vpa_target_cpu=224m vpa_target_mem=250Mi vpa_uncapped_cpu=224m vpa_uncapped_mem=250Mi vpa_lower_cpu=85m vpa_lower_mem=250Mi vpa_upper_cpu=1500m vpa_upper_mem=512Mi
[2026-08-21T23:48:42+02:00] UPF_CONTROL_SAMPLE timestamp=2026-08-21T23:48:40+02:00 scenario=ue_15 pod=open5gs-upf-5b9db6d44-nsbqz uid=7b5b8ef7-a2a2-4fe9-a3e1-74acd17bd88f restarts=6 usage_cpu=183m usage_mem=35Mi request_cpu=182m request_mem=250Mi limit_cpu=none limit_mem=none vpa_target_cpu=224m vpa_target_mem=250Mi vpa_uncapped_cpu=224m vpa_uncapped_mem=250Mi vpa_lower_cpu=85m vpa_lower_mem=250Mi vpa_upper_cpu=1500m vpa_upper_mem=512Mi
[2026-08-21T23:48:44+02:00] UPF_CONTROL_SAMPLE timestamp=2026-08-21T23:48:43+02:00 scenario=ue_15 pod=open5gs-upf-5b9db6d44-nsbqz uid=7b5b8ef7-a2a2-4fe9-a3e1-74acd17bd88f restarts=6 usage_cpu=183m usage_mem=35Mi request_cpu=182m request_mem=250Mi limit_cpu=none limit_mem=none vpa_target_cpu=224m vpa_target_mem=250Mi vpa_uncapped_cpu=224m vpa_uncapped_mem=250Mi vpa_lower_cpu=85m vpa_lower_mem=250Mi vpa_upper_cpu=1500m vpa_upper_mem=512Mi
[2026-08-21T23:48:46+02:00] UPF_CONTROL_SAMPLE timestamp=2026-08-21T23:48:45+02:00 scenario=ue_15 pod=open5gs-upf-5b9db6d44-nsbqz uid=7b5b8ef7-a2a2-4fe9-a3e1-74acd17bd88f restarts=6 usage_cpu=183m usage_mem=35Mi request_cpu=182m request_mem=250Mi limit_cpu=none limit_mem=none vpa_target_cpu=224m vpa_target_mem=250Mi vpa_uncapped_cpu=224m vpa_uncapped_mem=250Mi vpa_lower_cpu=85m vpa_lower_mem=250Mi vpa_upper_cpu=1500m vpa_upper_mem=512Mi
[2026-08-21T23:48:48+02:00] UPF_CONTROL_SAMPLE timestamp=2026-08-21T23:48:47+02:00 scenario=ue_15 pod=open5gs-upf-5b9db6d44-nsbqz uid=7b5b8ef7-a2a2-4fe9-a3e1-74acd17bd88f restarts=6 usage_cpu=183m usage_mem=35Mi request_cpu=182m request_mem=250Mi limit_cpu=none limit_mem=none vpa_target_cpu=224m vpa_target_mem=250Mi vpa_uncapped_cpu=224m vpa_uncapped_mem=250Mi vpa_lower_cpu=85m vpa_lower_mem=250Mi vpa_upper_cpu=1500m vpa_upper_mem=512Mi
[2026-08-21T23:48:51+02:00] UPF_CONTROL_SAMPLE timestamp=2026-08-21T23:48:49+02:00 scenario=ue_15 pod=open5gs-upf-5b9db6d44-nsbqz uid=7b5b8ef7-a2a2-4fe9-a3e1-74acd17bd88f restarts=6 usage_cpu=183m usage_mem=35Mi request_cpu=182m request_mem=250Mi limit_cpu=none limit_mem=none vpa_target_cpu=224m vpa_target_mem=250Mi vpa_uncapped_cpu=224m vpa_uncapped_mem=250Mi vpa_lower_cpu=85m vpa_lower_mem=250Mi vpa_upper_cpu=1500m vpa_upper_mem=512Mi
[2026-08-21T23:48:53+02:00] UPF_CONTROL_SAMPLE timestamp=2026-08-21T23:48:52+02:00 scenario=ue_15 pod=open5gs-upf-5b9db6d44-nsbqz uid=7b5b8ef7-a2a2-4fe9-a3e1-74acd17bd88f restarts=6 usage_cpu=183m usage_mem=35Mi request_cpu=182m request_mem=250Mi limit_cpu=none limit_mem=none vpa_target_cpu=224m vpa_target_mem=250Mi vpa_uncapped_cpu=224m vpa_uncapped_mem=250Mi vpa_lower_cpu=85m vpa_lower_mem=250Mi vpa_upper_cpu=1500m vpa_upper_mem=512Mi
[2026-08-21T23:48:55+02:00] UPF_CONTROL_SAMPLE timestamp=2026-08-21T23:48:54+02:00 scenario=ue_15 pod=open5gs-upf-5b9db6d44-nsbqz uid=7b5b8ef7-a2a2-4fe9-a3e1-74acd17bd88f restarts=6 usage_cpu=188m usage_mem=35Mi request_cpu=182m request_mem=250Mi limit_cpu=none limit_mem=none vpa_target_cpu=224m vpa_target_mem=250Mi vpa_uncapped_cpu=224m vpa_uncapped_mem=250Mi vpa_lower_cpu=85m vpa_lower_mem=250Mi vpa_upper_cpu=1500m vpa_upper_mem=512Mi
[2026-08-21T23:48:58+02:00] UPF_CONTROL_SAMPLE timestamp=2026-08-21T23:48:56+02:00 scenario=ue_15 pod=open5gs-upf-5b9db6d44-nsbqz uid=7b5b8ef7-a2a2-4fe9-a3e1-74acd17bd88f restarts=6 usage_cpu=188m usage_mem=35Mi request_cpu=182m request_mem=250Mi limit_cpu=none limit_mem=none vpa_target_cpu=224m vpa_target_mem=250Mi vpa_uncapped_cpu=224m vpa_uncapped_mem=250Mi vpa_lower_cpu=85m vpa_lower_mem=250Mi vpa_upper_cpu=1500m vpa_upper_mem=512Mi
[2026-08-21T23:49:00+02:00] UPF_CONTROL_SAMPLE timestamp=2026-08-21T23:48:59+02:00 scenario=ue_15 pod=open5gs-upf-5b9db6d44-nsbqz uid=7b5b8ef7-a2a2-4fe9-a3e1-74acd17bd88f restarts=6 usage_cpu=188m usage_mem=35Mi request_cpu=182m request_mem=250Mi limit_cpu=none limit_mem=none vpa_target_cpu=224m vpa_target_mem=250Mi vpa_uncapped_cpu=224m vpa_uncapped_mem=250Mi vpa_lower_cpu=85m vpa_lower_mem=250Mi vpa_upper_cpu=1500m vpa_upper_mem=512Mi
[2026-08-21T23:49:02+02:00] UPF_CONTROL_SAMPLE timestamp=2026-08-21T23:49:01+02:00 scenario=ue_15 pod=open5gs-upf-5b9db6d44-nsbqz uid=7b5b8ef7-a2a2-4fe9-a3e1-74acd17bd88f restarts=6 usage_cpu=188m usage_mem=35Mi request_cpu=182m request_mem=250Mi limit_cpu=none limit_mem=none vpa_target_cpu=224m vpa_target_mem=250Mi vpa_uncapped_cpu=224m vpa_uncapped_mem=250Mi vpa_lower_cpu=85m vpa_lower_mem=250Mi vpa_upper_cpu=1500m vpa_upper_mem=512Mi
[2026-08-21T23:49:04+02:00] UPF_CONTROL_SAMPLE timestamp=2026-08-21T23:49:03+02:00 scenario=ue_15 pod=open5gs-upf-5b9db6d44-nsbqz uid=7b5b8ef7-a2a2-4fe9-a3e1-74acd17bd88f restarts=6 usage_cpu=188m usage_mem=35Mi request_cpu=182m request_mem=250Mi limit_cpu=none limit_mem=none vpa_target_cpu=224m vpa_target_mem=250Mi vpa_uncapped_cpu=224m vpa_uncapped_mem=250Mi vpa_lower_cpu=85m vpa_lower_mem=250Mi vpa_upper_cpu=1500m vpa_upper_mem=512Mi
[2026-08-21T23:49:07+02:00] UPF_CONTROL_SAMPLE timestamp=2026-08-21T23:49:05+02:00 scenario=ue_15 pod=open5gs-upf-5b9db6d44-nsbqz uid=7b5b8ef7-a2a2-4fe9-a3e1-74acd17bd88f restarts=6 usage_cpu=188m usage_mem=35Mi request_cpu=182m request_mem=250Mi limit_cpu=none limit_mem=none vpa_target_cpu=224m vpa_target_mem=250Mi vpa_uncapped_cpu=224m vpa_uncapped_mem=250Mi vpa_lower_cpu=85m vpa_lower_mem=250Mi vpa_upper_cpu=1500m vpa_upper_mem=512Mi
[2026-08-21T23:49:09+02:00] UPF_CONTROL_SAMPLE timestamp=2026-08-21T23:49:08+02:00 scenario=ue_15 pod=open5gs-upf-5b9db6d44-nsbqz uid=7b5b8ef7-a2a2-4fe9-a3e1-74acd17bd88f restarts=6 usage_cpu=188m usage_mem=35Mi request_cpu=182m request_mem=250Mi limit_cpu=none limit_mem=none vpa_target_cpu=224m vpa_target_mem=250Mi vpa_uncapped_cpu=224m vpa_uncapped_mem=250Mi vpa_lower_cpu=85m vpa_lower_mem=250Mi vpa_upper_cpu=1500m vpa_upper_mem=512Mi
[2026-08-21T23:49:11+02:00] UPF_CONTROL_SAMPLE timestamp=2026-08-21T23:49:10+02:00 scenario=ue_15 pod=open5gs-upf-5b9db6d44-nsbqz uid=7b5b8ef7-a2a2-4fe9-a3e1-74acd17bd88f restarts=6 usage_cpu=257m usage_mem=35Mi request_cpu=182m request_mem=250Mi limit_cpu=none limit_mem=none vpa_target_cpu=224m vpa_target_mem=250Mi vpa_uncapped_cpu=224m vpa_uncapped_mem=250Mi vpa_lower_cpu=85m vpa_lower_mem=250Mi vpa_upper_cpu=1500m vpa_upper_mem=512Mi
[2026-08-21T23:49:13+02:00] UPF_CONTROL_SAMPLE timestamp=2026-08-21T23:49:12+02:00 scenario=ue_15 pod=open5gs-upf-5b9db6d44-nsbqz uid=7b5b8ef7-a2a2-4fe9-a3e1-74acd17bd88f restarts=6 usage_cpu=257m usage_mem=35Mi request_cpu=182m request_mem=250Mi limit_cpu=none limit_mem=none vpa_target_cpu=224m vpa_target_mem=250Mi vpa_uncapped_cpu=224m vpa_uncapped_mem=250Mi vpa_lower_cpu=85m vpa_lower_mem=250Mi vpa_upper_cpu=1500m vpa_upper_mem=512Mi
[2026-08-21T23:49:15+02:00] UPF_CONTROL_SAMPLE timestamp=2026-08-21T23:49:14+02:00 scenario=ue_15 pod=open5gs-upf-5b9db6d44-nsbqz uid=7b5b8ef7-a2a2-4fe9-a3e1-74acd17bd88f restarts=6 usage_cpu=257m usage_mem=35Mi request_cpu=182m request_mem=250Mi limit_cpu=none limit_mem=none vpa_target_cpu=224m vpa_target_mem=250Mi vpa_uncapped_cpu=224m vpa_uncapped_mem=250Mi vpa_lower_cpu=85m vpa_lower_mem=250Mi vpa_upper_cpu=1500m vpa_upper_mem=512Mi
[2026-08-21T23:49:18+02:00] UPF_CONTROL_SAMPLE timestamp=2026-08-21T23:49:16+02:00 scenario=ue_15 pod=open5gs-upf-5b9db6d44-nsbqz uid=7b5b8ef7-a2a2-4fe9-a3e1-74acd17bd88f restarts=6 usage_cpu=257m usage_mem=35Mi request_cpu=182m request_mem=250Mi limit_cpu=none limit_mem=none vpa_target_cpu=224m vpa_target_mem=250Mi vpa_uncapped_cpu=224m vpa_uncapped_mem=250Mi vpa_lower_cpu=85m vpa_lower_mem=250Mi vpa_upper_cpu=1500m vpa_upper_mem=512Mi
[2026-08-21T23:49:20+02:00] UPF_CONTROL_SAMPLE timestamp=2026-08-21T23:49:19+02:00 scenario=ue_15 pod=open5gs-upf-5b9db6d44-nsbqz uid=7b5b8ef7-a2a2-4fe9-a3e1-74acd17bd88f restarts=6 usage_cpu=257m usage_mem=35Mi request_cpu=182m request_mem=250Mi limit_cpu=none limit_mem=none vpa_target_cpu=224m vpa_target_mem=250Mi vpa_uncapped_cpu=224m vpa_uncapped_mem=250Mi vpa_lower_cpu=85m vpa_lower_mem=250Mi vpa_upper_cpu=1500m vpa_upper_mem=512Mi
[2026-08-21T23:49:22+02:00] UPF_CONTROL_SAMPLE timestamp=2026-08-21T23:49:21+02:00 scenario=ue_15 pod=open5gs-upf-5b9db6d44-nsbqz uid=7b5b8ef7-a2a2-4fe9-a3e1-74acd17bd88f restarts=6 usage_cpu=257m usage_mem=35Mi request_cpu=182m request_mem=250Mi limit_cpu=none limit_mem=none vpa_target_cpu=224m vpa_target_mem=250Mi vpa_uncapped_cpu=224m vpa_uncapped_mem=250Mi vpa_lower_cpu=85m vpa_lower_mem=250Mi vpa_upper_cpu=1500m vpa_upper_mem=512Mi
[2026-08-21T23:49:24+02:00] UPF_CONTROL_SAMPLE timestamp=2026-08-21T23:49:23+02:00 scenario=ue_15 pod=open5gs-upf-5b9db6d44-nsbqz uid=7b5b8ef7-a2a2-4fe9-a3e1-74acd17bd88f restarts=6 usage_cpu=257m usage_mem=35Mi request_cpu=182m request_mem=250Mi limit_cpu=none limit_mem=none vpa_target_cpu=224m vpa_target_mem=250Mi vpa_uncapped_cpu=224m vpa_uncapped_mem=250Mi vpa_lower_cpu=85m vpa_lower_mem=250Mi vpa_upper_cpu=1500m vpa_upper_mem=512Mi
[2026-08-21T23:49:27+02:00] UPF_REQUEST_CHANGE timestamp=2026-08-21T23:49:25+02:00 scenario=ue_15 pod=open5gs-upf-5b9db6d44-nsbqz uid=7b5b8ef7-a2a2-4fe9-a3e1-74acd17bd88f restarts=6 old='request_cpu=182m request_mem=250Mi limit_cpu=none limit_mem=none' new='request_cpu=224m request_mem=250Mi limit_cpu=none limit_mem=none' previous_5s_sample='timestamp=2026-08-21T23:49:19+02:00 scenario=ue_15 pod=open5gs-upf-5b9db6d44-nsbqz uid=7b5b8ef7-a2a2-4fe9-a3e1-74acd17bd88f restarts=6 usage_cpu=257m usage_mem=35Mi request_cpu=182m request_mem=250Mi limit_cpu=none limit_mem=none vpa_target_cpu=224m vpa_target_mem=250Mi vpa_uncapped_cpu=224m vpa_uncapped_mem=250Mi vpa_lower_cpu=85m vpa_lower_mem=250Mi vpa_upper_cpu=1500m vpa_upper_mem=512Mi' current_sample='timestamp=2026-08-21T23:49:25+02:00 scenario=ue_15 pod=open5gs-upf-5b9db6d44-nsbqz uid=7b5b8ef7-a2a2-4fe9-a3e1-74acd17bd88f restarts=6 usage_cpu=245m usage_mem=35Mi request_cpu=224m request_mem=250Mi limit_cpu=none limit_mem=none vpa_target_cpu=224m vpa_target_mem=250Mi vpa_uncapped_cpu=224m vpa_uncapped_mem=250Mi vpa_lower_cpu=85m vpa_lower_mem=250Mi vpa_upper_cpu=1500m vpa_upper_mem=512Mi'
[2026-08-21T23:49:27+02:00] UPF_CONTROL_SAMPLE timestamp=2026-08-21T23:49:25+02:00 scenario=ue_15 pod=open5gs-upf-5b9db6d44-nsbqz uid=7b5b8ef7-a2a2-4fe9-a3e1-74acd17bd88f restarts=6 usage_cpu=245m usage_mem=35Mi request_cpu=224m request_mem=250Mi limit_cpu=none limit_mem=none vpa_target_cpu=224m vpa_target_mem=250Mi vpa_uncapped_cpu=224m vpa_uncapped_mem=250Mi vpa_lower_cpu=85m vpa_lower_mem=250Mi vpa_upper_cpu=1500m vpa_upper_mem=512Mi
[2026-08-21T23:49:29+02:00] UPF_CONTROL_SAMPLE timestamp=2026-08-21T23:49:28+02:00 scenario=ue_15 pod=open5gs-upf-5b9db6d44-nsbqz uid=7b5b8ef7-a2a2-4fe9-a3e1-74acd17bd88f restarts=6 usage_cpu=245m usage_mem=35Mi request_cpu=224m request_mem=250Mi limit_cpu=none limit_mem=none vpa_target_cpu=224m vpa_target_mem=250Mi vpa_uncapped_cpu=224m vpa_uncapped_mem=250Mi vpa_lower_cpu=85m vpa_lower_mem=250Mi vpa_upper_cpu=1500m vpa_upper_mem=512Mi
[2026-08-21T23:49:31+02:00] UPF_CONTROL_SAMPLE timestamp=2026-08-21T23:49:30+02:00 scenario=ue_15 pod=open5gs-upf-5b9db6d44-nsbqz uid=7b5b8ef7-a2a2-4fe9-a3e1-74acd17bd88f restarts=6 usage_cpu=245m usage_mem=35Mi request_cpu=224m request_mem=250Mi limit_cpu=none limit_mem=none vpa_target_cpu=224m vpa_target_mem=250Mi vpa_uncapped_cpu=224m vpa_uncapped_mem=250Mi vpa_lower_cpu=85m vpa_lower_mem=250Mi vpa_upper_cpu=1500m vpa_upper_mem=512Mi
[2026-08-21T23:49:33+02:00] UPF_CONTROL_SAMPLE timestamp=2026-08-21T23:49:32+02:00 scenario=ue_15 pod=open5gs-upf-5b9db6d44-nsbqz uid=7b5b8ef7-a2a2-4fe9-a3e1-74acd17bd88f restarts=6 usage_cpu=245m usage_mem=35Mi request_cpu=224m request_mem=250Mi limit_cpu=none limit_mem=none vpa_target_cpu=224m vpa_target_mem=250Mi vpa_uncapped_cpu=224m vpa_uncapped_mem=250Mi vpa_lower_cpu=85m vpa_lower_mem=250Mi vpa_upper_cpu=1500m vpa_upper_mem=512Mi
[2026-08-21T23:49:36+02:00] VPA_RECOMMENDATION_CHANGE timestamp=2026-08-21T23:49:34+02:00 scenario=ue_15 old='vpa_target_cpu=224m vpa_target_mem=250Mi vpa_uncapped_cpu=224m vpa_uncapped_mem=250Mi vpa_lower_cpu=85m vpa_lower_mem=250Mi vpa_upper_cpu=1500m vpa_upper_mem=512Mi' new='vpa_target_cpu=271m vpa_target_mem=250Mi vpa_uncapped_cpu=271m vpa_uncapped_mem=250Mi vpa_lower_cpu=86m vpa_lower_mem=250Mi vpa_upper_cpu=1500m vpa_upper_mem=512Mi' previous_5s_sample='timestamp=2026-08-21T23:49:28+02:00 scenario=ue_15 pod=open5gs-upf-5b9db6d44-nsbqz uid=7b5b8ef7-a2a2-4fe9-a3e1-74acd17bd88f restarts=6 usage_cpu=245m usage_mem=35Mi request_cpu=224m request_mem=250Mi limit_cpu=none limit_mem=none vpa_target_cpu=224m vpa_target_mem=250Mi vpa_uncapped_cpu=224m vpa_uncapped_mem=250Mi vpa_lower_cpu=85m vpa_lower_mem=250Mi vpa_upper_cpu=1500m vpa_upper_mem=512Mi' current_sample='timestamp=2026-08-21T23:49:34+02:00 scenario=ue_15 pod=open5gs-upf-5b9db6d44-nsbqz uid=7b5b8ef7-a2a2-4fe9-a3e1-74acd17bd88f restarts=6 usage_cpu=245m usage_mem=35Mi request_cpu=224m request_mem=250Mi limit_cpu=none limit_mem=none vpa_target_cpu=271m vpa_target_mem=250Mi vpa_uncapped_cpu=271m vpa_uncapped_mem=250Mi vpa_lower_cpu=86m vpa_lower_mem=250Mi vpa_upper_cpu=1500m vpa_upper_mem=512Mi'
[2026-08-21T23:49:36+02:00] UPF_CONTROL_SAMPLE timestamp=2026-08-21T23:49:34+02:00 scenario=ue_15 pod=open5gs-upf-5b9db6d44-nsbqz uid=7b5b8ef7-a2a2-4fe9-a3e1-74acd17bd88f restarts=6 usage_cpu=245m usage_mem=35Mi request_cpu=224m request_mem=250Mi limit_cpu=none limit_mem=none vpa_target_cpu=271m vpa_target_mem=250Mi vpa_uncapped_cpu=271m vpa_uncapped_mem=250Mi vpa_lower_cpu=86m vpa_lower_mem=250Mi vpa_upper_cpu=1500m vpa_upper_mem=512Mi
[2026-08-21T23:49:38+02:00] UPF_CONTROL_SAMPLE timestamp=2026-08-21T23:49:37+02:00 scenario=ue_15 pod=open5gs-upf-5b9db6d44-nsbqz uid=7b5b8ef7-a2a2-4fe9-a3e1-74acd17bd88f restarts=6 usage_cpu=245m usage_mem=35Mi request_cpu=224m request_mem=250Mi limit_cpu=none limit_mem=none vpa_target_cpu=271m vpa_target_mem=250Mi vpa_uncapped_cpu=271m vpa_uncapped_mem=250Mi vpa_lower_cpu=86m vpa_lower_mem=250Mi vpa_upper_cpu=1500m vpa_upper_mem=512Mi
[2026-08-21T23:49:40+02:00] UPF_CONTROL_SAMPLE timestamp=2026-08-21T23:49:39+02:00 scenario=ue_15 pod=open5gs-upf-5b9db6d44-nsbqz uid=7b5b8ef7-a2a2-4fe9-a3e1-74acd17bd88f restarts=6 usage_cpu=245m usage_mem=35Mi request_cpu=224m request_mem=250Mi limit_cpu=none limit_mem=none vpa_target_cpu=271m vpa_target_mem=250Mi vpa_uncapped_cpu=271m vpa_uncapped_mem=250Mi vpa_lower_cpu=86m vpa_lower_mem=250Mi vpa_upper_cpu=1500m vpa_upper_mem=512Mi
[2026-08-21T23:49:42+02:00] UPF_CONTROL_SAMPLE timestamp=2026-08-21T23:49:41+02:00 scenario=ue_15 pod=open5gs-upf-5b9db6d44-nsbqz uid=7b5b8ef7-a2a2-4fe9-a3e1-74acd17bd88f restarts=6 usage_cpu=245m usage_mem=35Mi request_cpu=224m request_mem=250Mi limit_cpu=none limit_mem=none vpa_target_cpu=271m vpa_target_mem=250Mi vpa_uncapped_cpu=271m vpa_uncapped_mem=250Mi vpa_lower_cpu=86m vpa_lower_mem=250Mi vpa_upper_cpu=1500m vpa_upper_mem=512Mi
[2026-08-21T23:49:45+02:00] UPF_CONTROL_SAMPLE timestamp=2026-08-21T23:49:43+02:00 scenario=ue_15 pod=open5gs-upf-5b9db6d44-nsbqz uid=7b5b8ef7-a2a2-4fe9-a3e1-74acd17bd88f restarts=6 usage_cpu=245m usage_mem=35Mi request_cpu=224m request_mem=250Mi limit_cpu=none limit_mem=none vpa_target_cpu=271m vpa_target_mem=250Mi vpa_uncapped_cpu=271m vpa_uncapped_mem=250Mi vpa_lower_cpu=86m vpa_lower_mem=250Mi vpa_upper_cpu=1500m vpa_upper_mem=512Mi
[2026-08-21T23:49:47+02:00] UPF_CONTROL_SAMPLE timestamp=2026-08-21T23:49:46+02:00 scenario=ue_15 pod=open5gs-upf-5b9db6d44-nsbqz uid=7b5b8ef7-a2a2-4fe9-a3e1-74acd17bd88f restarts=6 usage_cpu=245m usage_mem=35Mi request_cpu=224m request_mem=250Mi limit_cpu=none limit_mem=none vpa_target_cpu=271m vpa_target_mem=250Mi vpa_uncapped_cpu=271m vpa_uncapped_mem=250Mi vpa_lower_cpu=86m vpa_lower_mem=250Mi vpa_upper_cpu=1500m vpa_upper_mem=512Mi
[2026-08-21T23:49:49+02:00] UPF_CONTROL_SAMPLE timestamp=2026-08-21T23:49:48+02:00 scenario=ue_15 pod=open5gs-upf-5b9db6d44-nsbqz uid=7b5b8ef7-a2a2-4fe9-a3e1-74acd17bd88f restarts=6 usage_cpu=245m usage_mem=35Mi request_cpu=224m request_mem=250Mi limit_cpu=none limit_mem=none vpa_target_cpu=271m vpa_target_mem=250Mi vpa_uncapped_cpu=271m vpa_uncapped_mem=250Mi vpa_lower_cpu=86m vpa_lower_mem=250Mi vpa_upper_cpu=1500m vpa_upper_mem=512Mi
[2026-08-21T23:49:51+02:00] UPF_CONTROL_SAMPLE timestamp=2026-08-21T23:49:50+02:00 scenario=ue_15 pod=open5gs-upf-5b9db6d44-nsbqz uid=7b5b8ef7-a2a2-4fe9-a3e1-74acd17bd88f restarts=6 usage_cpu=245m usage_mem=35Mi request_cpu=224m request_mem=250Mi limit_cpu=none limit_mem=none vpa_target_cpu=271m vpa_target_mem=250Mi vpa_uncapped_cpu=271m vpa_uncapped_mem=250Mi vpa_lower_cpu=86m vpa_lower_mem=250Mi vpa_upper_cpu=1500m vpa_upper_mem=512Mi
[2026-08-21T23:49:54+02:00] UPF_CONTROL_SAMPLE timestamp=2026-08-21T23:49:52+02:00 scenario=ue_15 pod=open5gs-upf-5b9db6d44-nsbqz uid=7b5b8ef7-a2a2-4fe9-a3e1-74acd17bd88f restarts=6 usage_cpu=245m usage_mem=35Mi request_cpu=224m request_mem=250Mi limit_cpu=none limit_mem=none vpa_target_cpu=271m vpa_target_mem=250Mi vpa_uncapped_cpu=271m vpa_uncapped_mem=250Mi vpa_lower_cpu=86m vpa_lower_mem=250Mi vpa_upper_cpu=1500m vpa_upper_mem=512Mi
[2026-08-21T23:49:54+02:00] UE_SLOT_DONE timestamp=2026-08-21T21:49:54+00:00 active_ues=15 slot=0 attempt=1 ue_idx=0 ue_if=uesimtun0 ue_ip=10.45.0.252 port=5201 rc=0 replacements_for_slot=0 server_busy_retries_for_slot=0
[2026-08-21T23:49:54+02:00] UE_SLOT_DONE timestamp=2026-08-21T21:49:54+00:00 active_ues=15 slot=1 attempt=1 ue_idx=1 ue_if=uesimtun1 ue_ip=10.45.0.253 port=5202 rc=0 replacements_for_slot=0 server_busy_retries_for_slot=0
[2026-08-21T23:49:56+02:00] UE_SLOT_DONE timestamp=2026-08-21T21:49:56+00:00 active_ues=15 slot=2 attempt=1 ue_idx=2 ue_if=uesimtun2 ue_ip=10.45.0.254 port=5203 rc=0 replacements_for_slot=0 server_busy_retries_for_slot=0
[2026-08-21T23:49:56+02:00] UE_SLOT_DONE timestamp=2026-08-21T21:49:56+00:00 active_ues=15 slot=3 attempt=1 ue_idx=3 ue_if=uesimtun3 ue_ip=10.45.1.0 port=5204 rc=0 replacements_for_slot=0 server_busy_retries_for_slot=0
[2026-08-21T23:49:56+02:00] UE_SLOT_DONE timestamp=2026-08-21T21:49:56+00:00 active_ues=15 slot=4 attempt=1 ue_idx=4 ue_if=uesimtun4 ue_ip=10.45.1.1 port=5205 rc=0 replacements_for_slot=0 server_busy_retries_for_slot=0
[2026-08-21T23:49:56+02:00] UE_SLOT_DONE timestamp=2026-08-21T21:49:56+00:00 active_ues=15 slot=5 attempt=1 ue_idx=5 ue_if=uesimtun5 ue_ip=10.45.1.3 port=5206 rc=0 replacements_for_slot=0 server_busy_retries_for_slot=0
[2026-08-21T23:49:56+02:00] UE_SLOT_DONE timestamp=2026-08-21T21:49:56+00:00 active_ues=15 slot=6 attempt=1 ue_idx=6 ue_if=uesimtun6 ue_ip=10.45.0.255 port=5207 rc=0 replacements_for_slot=0 server_busy_retries_for_slot=0
[2026-08-21T23:49:56+02:00] UE_SLOT_DONE timestamp=2026-08-21T21:49:56+00:00 active_ues=15 slot=7 attempt=1 ue_idx=7 ue_if=uesimtun7 ue_ip=10.45.1.6 port=5208 rc=0 replacements_for_slot=0 server_busy_retries_for_slot=0
[2026-08-21T23:49:56+02:00] UE_SLOT_DONE timestamp=2026-08-21T21:49:56+00:00 active_ues=15 slot=8 attempt=1 ue_idx=8 ue_if=uesimtun8 ue_ip=10.45.1.10 port=5209 rc=0 replacements_for_slot=0 server_busy_retries_for_slot=0
[2026-08-21T23:49:56+02:00] UE_SLOT_DONE timestamp=2026-08-21T21:49:56+00:00 active_ues=15 slot=9 attempt=1 ue_idx=9 ue_if=uesimtun9 ue_ip=10.45.1.7 port=5210 rc=0 replacements_for_slot=0 server_busy_retries_for_slot=0
[2026-08-21T23:49:56+02:00] UPF_CONTROL_SAMPLE timestamp=2026-08-21T23:49:55+02:00 scenario=ue_15 pod=open5gs-upf-5b9db6d44-nsbqz uid=7b5b8ef7-a2a2-4fe9-a3e1-74acd17bd88f restarts=6 usage_cpu=239m usage_mem=35Mi request_cpu=224m request_mem=250Mi limit_cpu=none limit_mem=none vpa_target_cpu=271m vpa_target_mem=250Mi vpa_uncapped_cpu=271m vpa_uncapped_mem=250Mi vpa_lower_cpu=86m vpa_lower_mem=250Mi vpa_upper_cpu=1500m vpa_upper_mem=512Mi
[2026-08-21T23:49:57+02:00] UE_SLOT_DONE timestamp=2026-08-21T21:49:57+00:00 active_ues=15 slot=10 attempt=1 ue_idx=10 ue_if=uesimtun10 ue_ip=10.45.1.14 port=5211 rc=0 replacements_for_slot=0 server_busy_retries_for_slot=0
[2026-08-21T23:49:57+02:00] UE_SLOT_DONE timestamp=2026-08-21T21:49:57+00:00 active_ues=15 slot=11 attempt=1 ue_idx=11 ue_if=uesimtun11 ue_ip=10.45.1.15 port=5212 rc=0 replacements_for_slot=0 server_busy_retries_for_slot=0
[2026-08-21T23:49:57+02:00] UE_SLOT_DONE timestamp=2026-08-21T21:49:57+00:00 active_ues=15 slot=12 attempt=1 ue_idx=12 ue_if=uesimtun12 ue_ip=10.45.1.12 port=5213 rc=0 replacements_for_slot=0 server_busy_retries_for_slot=0
[2026-08-21T23:49:57+02:00] UE_SLOT_DONE timestamp=2026-08-21T21:49:57+00:00 active_ues=15 slot=13 attempt=1 ue_idx=13 ue_if=uesimtun13 ue_ip=10.45.1.18 port=5214 rc=0 replacements_for_slot=0 server_busy_retries_for_slot=0
[2026-08-21T23:49:57+02:00] UE_SLOT_DONE timestamp=2026-08-21T21:49:57+00:00 active_ues=15 slot=14 attempt=1 ue_idx=14 ue_if=uesimtun14 ue_ip=10.45.1.4 port=5215 rc=0 replacements_for_slot=0 server_busy_retries_for_slot=0
[2026-08-21T23:49:58+02:00] UPF_CONTROL_SAMPLE timestamp=2026-08-21T23:49:57+02:00 scenario=ue_15 pod=open5gs-upf-5b9db6d44-nsbqz uid=7b5b8ef7-a2a2-4fe9-a3e1-74acd17bd88f restarts=6 usage_cpu=239m usage_mem=35Mi request_cpu=224m request_mem=250Mi limit_cpu=none limit_mem=none vpa_target_cpu=271m vpa_target_mem=250Mi vpa_uncapped_cpu=271m vpa_uncapped_mem=250Mi vpa_lower_cpu=86m vpa_lower_mem=250Mi vpa_upper_cpu=1500m vpa_upper_mem=512Mi
[2026-08-21T23:49:59+02:00] TRAFFIC_SUMMARY timestamp=2026-08-21T21:49:59+00:00 registered_tunnels=50 active_ues=15 target_slots=15 completed_slots=15 final_failed_slots=0 replacements=0 problematic_ues=0 zombie_ues=0 connect_timeouts=0 stalls=0 deferred_stalls=0 process_failures=0 server_busy_retries=0 server_busy_failures=0 late_timeouts_accepted=0 scenario_bad_ues=0 global_suspect_ues=0 used_ues=15 target_host=192.168.1.211 initial_ports=5201-5215 replacement_ports=5251-5265 bitrate=1M start_delay=0.05 detection=no_rx_counter replacement_min_duration_s=5 adaptive_extension_max_s=1 iperf_exit_grace_s=3 server_busy_retries_limit=1 server_busy_retry_delay_s=2 late_replacement_after_end=disabled wait_for_iperf_exit=until_timeout global_suspect_policy=soft_reuse ramp_supervision=after_initial_start
[2026-08-21T23:49:59+02:00] UE_POOL_SCENARIO_BAD_CURRENT timestamp=2026-08-21T21:49:59+00:00 active_ues=15 indexes=
[2026-08-21T23:49:59+02:00] UE_POOL_GLOBAL_SUSPECT_CURRENT timestamp=2026-08-21T21:49:59+00:00 active_ues=15 indexes=
[2026-08-21T23:49:59+02:00] REMOTE_IPERF_PER_UE_END timestamp=2026-08-21T21:49:59+00:00 active_ues=15 tag=ue_15 final_rc=0 completed_slots=15 replacements=0 problematic_ues=0 server_busy_retries=0 deferred_stalls=0 late_timeouts_accepted=0
[2026-08-21T23:49:59+02:00] SCENARIO TRAFFIC COMMAND END timestamp=2026-08-21T23:49:59+02:00 active_ue=15 rc=0
[2026-08-21T23:49:59+02:00] SCENARIO UPF AFTER timestamp=2026-08-21T23:49:59+02:00 active_ue=15 pod=open5gs-upf-5b9db6d44-nsbqz uid=7b5b8ef7-a2a2-4fe9-a3e1-74acd17bd88f restarts=6
[2026-08-21T23:49:59+02:00] SCENARIO END timestamp=2026-08-21T23:49:59+02:00 active_ue=15 rc=0
[2026-08-21T23:49:59+02:00] ================================================================
[2026-08-21T23:49:59+02:00] SCENARIO START timestamp=2026-08-21T23:49:59+02:00 active_ue=17 registered_ue_pool=50 target_host=192.168.1.211 ports=5201-5217 replacement_ports=5251-5265 bitrate_per_ue=1M start_delay=0.05 replacement_min_duration=5 adaptive_extension_max=1
[2026-08-21T23:49:59+02:00] ================================================================
[2026-08-21T23:50:00+02:00] SCENARIO TUNNEL CHECK timestamp=2026-08-21T23:50:00+02:00 active_ue=17 current_tunnels=50 required=50
[2026-08-21T23:50:01+02:00] SCENARIO UPF BEFORE timestamp=2026-08-21T23:50:01+02:00 active_ue=17 pod=open5gs-upf-5b9db6d44-nsbqz uid=7b5b8ef7-a2a2-4fe9-a3e1-74acd17bd88f restarts=6
[2026-08-21T23:50:01+02:00] UPF_CONTROL_SAMPLE timestamp=2026-08-21T23:49:59+02:00 scenario=ue_15 pod=open5gs-upf-5b9db6d44-nsbqz uid=7b5b8ef7-a2a2-4fe9-a3e1-74acd17bd88f restarts=6 usage_cpu=239m usage_mem=35Mi request_cpu=224m request_mem=250Mi limit_cpu=none limit_mem=none vpa_target_cpu=271m vpa_target_mem=250Mi vpa_uncapped_cpu=271m vpa_uncapped_mem=250Mi vpa_lower_cpu=86m vpa_lower_mem=250Mi vpa_upper_cpu=1500m vpa_upper_mem=512Mi
[2026-08-21T23:50:01+02:00] REMOTE_IPERF_PER_UE_START timestamp=2026-08-21T21:50:01+00:00 active_ues=17 tag=ue_17 iperf_host=192.168.1.211 base_port=5201 replacement_base_port=5251 duration=80 bitrate=1M start_delay=0.05 detection=no_rx_counter connect_timeout_s=4 stall_seconds=5 replacement_limit=15 replacement_min_duration_s=5 adaptive_extension_max_s=1 iperf_exit_grace_s=3 server_busy_port_rebinds=1 late_replacement_after_end=disabled wait_for_iperf_exit=until_timeout global_suspect_policy=soft_reuse ramp_supervision=after_initial_start
[2026-08-21T23:50:01+02:00] UE_POOL_STATUS timestamp=2026-08-21T21:50:01+00:00 active_ues=17 registered_tunnels=50 existing_global_suspect_ues=0 used_ues=0 policy=soft_reuse_global_suspects
[2026-08-21T23:50:02+02:00] UE_SLOT_ASSIGN timestamp=2026-08-21T21:50:02+00:00 active_ues=17 slot=0 ue_idx=0 ue_if=uesimtun0 ue_ip=10.45.0.252 candidate_reused_global_suspect=0
[2026-08-21T23:50:02+02:00] UE_SLOT_START timestamp=2026-08-21T21:50:02+00:00 active_ues=17 slot=0 attempt=1 ue_idx=0 ue_if=uesimtun0 ue_ip=10.45.0.252 target=192.168.1.211:5201 bitrate=1M duration_s=80 planned_end_epoch=1787349082 timeout_s=90 hard_timeout_epoch=1787349097 start_rx_bytes=732939
[2026-08-21T23:50:02+02:00] UE_SLOT_PID timestamp=2026-08-21T21:50:02+00:00 active_ues=17 slot=0 attempt=1 ue_idx=0 pid=18875
[2026-08-21T23:50:02+02:00] UE_SLOT_ASSIGN timestamp=2026-08-21T21:50:02+00:00 active_ues=17 slot=1 ue_idx=1 ue_if=uesimtun1 ue_ip=10.45.0.253 candidate_reused_global_suspect=0
[2026-08-21T23:50:02+02:00] UE_SLOT_START timestamp=2026-08-21T21:50:02+00:00 active_ues=17 slot=1 attempt=1 ue_idx=1 ue_if=uesimtun1 ue_ip=10.45.0.253 target=192.168.1.211:5202 bitrate=1M duration_s=80 planned_end_epoch=1787349082 timeout_s=90 hard_timeout_epoch=1787349097 start_rx_bytes=636248
[2026-08-21T23:50:02+02:00] UE_SLOT_PID timestamp=2026-08-21T21:50:02+00:00 active_ues=17 slot=1 attempt=1 ue_idx=1 pid=18900
[2026-08-21T23:50:02+02:00] UE_SLOT_ASSIGN timestamp=2026-08-21T21:50:02+00:00 active_ues=17 slot=2 ue_idx=2 ue_if=uesimtun2 ue_ip=10.45.0.254 candidate_reused_global_suspect=0
[2026-08-21T23:50:02+02:00] UE_SLOT_START timestamp=2026-08-21T21:50:02+00:00 active_ues=17 slot=2 attempt=1 ue_idx=2 ue_if=uesimtun2 ue_ip=10.45.0.254 target=192.168.1.211:5203 bitrate=1M duration_s=80 planned_end_epoch=1787349082 timeout_s=90 hard_timeout_epoch=1787349097 start_rx_bytes=650789
[2026-08-21T23:50:02+02:00] UE_SLOT_PID timestamp=2026-08-21T21:50:02+00:00 active_ues=17 slot=2 attempt=1 ue_idx=2 pid=18925
[2026-08-21T23:50:02+02:00] UE_SLOT_ASSIGN timestamp=2026-08-21T21:50:02+00:00 active_ues=17 slot=3 ue_idx=3 ue_if=uesimtun3 ue_ip=10.45.1.0 candidate_reused_global_suspect=0
[2026-08-21T23:50:02+02:00] UE_SLOT_START timestamp=2026-08-21T21:50:02+00:00 active_ues=17 slot=3 attempt=1 ue_idx=3 ue_if=uesimtun3 ue_ip=10.45.1.0 target=192.168.1.211:5204 bitrate=1M duration_s=80 planned_end_epoch=1787349082 timeout_s=90 hard_timeout_epoch=1787349097 start_rx_bytes=555988
[2026-08-21T23:50:02+02:00] UE_SLOT_PID timestamp=2026-08-21T21:50:02+00:00 active_ues=17 slot=3 attempt=1 ue_idx=3 pid=18950
[2026-08-21T23:50:02+02:00] UE_SLOT_ASSIGN timestamp=2026-08-21T21:50:02+00:00 active_ues=17 slot=4 ue_idx=4 ue_if=uesimtun4 ue_ip=10.45.1.1 candidate_reused_global_suspect=0
[2026-08-21T23:50:02+02:00] UE_SLOT_START timestamp=2026-08-21T21:50:02+00:00 active_ues=17 slot=4 attempt=1 ue_idx=4 ue_if=uesimtun4 ue_ip=10.45.1.1 target=192.168.1.211:5205 bitrate=1M duration_s=80 planned_end_epoch=1787349082 timeout_s=90 hard_timeout_epoch=1787349097 start_rx_bytes=554058
[2026-08-21T23:50:03+02:00] UE_SLOT_PID timestamp=2026-08-21T21:50:02+00:00 active_ues=17 slot=4 attempt=1 ue_idx=4 pid=18975
[2026-08-21T23:50:03+02:00] UE_SLOT_ASSIGN timestamp=2026-08-21T21:50:03+00:00 active_ues=17 slot=5 ue_idx=5 ue_if=uesimtun5 ue_ip=10.45.1.3 candidate_reused_global_suspect=0
[2026-08-21T23:50:03+02:00] UE_SLOT_START timestamp=2026-08-21T21:50:03+00:00 active_ues=17 slot=5 attempt=1 ue_idx=5 ue_if=uesimtun5 ue_ip=10.45.1.3 target=192.168.1.211:5206 bitrate=1M duration_s=80 planned_end_epoch=1787349083 timeout_s=90 hard_timeout_epoch=1787349098 start_rx_bytes=450629
[2026-08-21T23:50:03+02:00] UE_SLOT_PID timestamp=2026-08-21T21:50:03+00:00 active_ues=17 slot=5 attempt=1 ue_idx=5 pid=19000
[2026-08-21T23:50:03+02:00] UE_SLOT_ASSIGN timestamp=2026-08-21T21:50:03+00:00 active_ues=17 slot=6 ue_idx=6 ue_if=uesimtun6 ue_ip=10.45.0.255 candidate_reused_global_suspect=0
[2026-08-21T23:50:03+02:00] UE_SLOT_START timestamp=2026-08-21T21:50:03+00:00 active_ues=17 slot=6 attempt=1 ue_idx=6 ue_if=uesimtun6 ue_ip=10.45.0.255 target=192.168.1.211:5207 bitrate=1M duration_s=80 planned_end_epoch=1787349083 timeout_s=90 hard_timeout_epoch=1787349098 start_rx_bytes=457494
[2026-08-21T23:50:03+02:00] UE_SLOT_PID timestamp=2026-08-21T21:50:03+00:00 active_ues=17 slot=6 attempt=1 ue_idx=6 pid=19025
[2026-08-21T23:50:03+02:00] UE_SLOT_ASSIGN timestamp=2026-08-21T21:50:03+00:00 active_ues=17 slot=7 ue_idx=7 ue_if=uesimtun7 ue_ip=10.45.1.6 candidate_reused_global_suspect=0
[2026-08-21T23:50:03+02:00] UE_SLOT_START timestamp=2026-08-21T21:50:03+00:00 active_ues=17 slot=7 attempt=1 ue_idx=7 ue_if=uesimtun7 ue_ip=10.45.1.6 target=192.168.1.211:5208 bitrate=1M duration_s=80 planned_end_epoch=1787349083 timeout_s=90 hard_timeout_epoch=1787349098 start_rx_bytes=361354
[2026-08-21T23:50:03+02:00] UE_SLOT_PID timestamp=2026-08-21T21:50:03+00:00 active_ues=17 slot=7 attempt=1 ue_idx=7 pid=19050
[2026-08-21T23:50:03+02:00] UE_SLOT_ASSIGN timestamp=2026-08-21T21:50:03+00:00 active_ues=17 slot=8 ue_idx=8 ue_if=uesimtun8 ue_ip=10.45.1.10 candidate_reused_global_suspect=0
[2026-08-21T23:50:03+02:00] UE_SLOT_START timestamp=2026-08-21T21:50:03+00:00 active_ues=17 slot=8 attempt=1 ue_idx=8 ue_if=uesimtun8 ue_ip=10.45.1.10 target=192.168.1.211:5209 bitrate=1M duration_s=80 planned_end_epoch=1787349083 timeout_s=90 hard_timeout_epoch=1787349098 start_rx_bytes=367486
[2026-08-21T23:50:03+02:00] UE_SLOT_PID timestamp=2026-08-21T21:50:03+00:00 active_ues=17 slot=8 attempt=1 ue_idx=8 pid=19075
[2026-08-21T23:50:04+02:00] UE_SLOT_ASSIGN timestamp=2026-08-21T21:50:04+00:00 active_ues=17 slot=9 ue_idx=9 ue_if=uesimtun9 ue_ip=10.45.1.7 candidate_reused_global_suspect=0
[2026-08-21T23:50:04+02:00] UPF_CONTROL_SAMPLE timestamp=2026-08-21T23:50:02+02:00 scenario=ue_17 pod=open5gs-upf-5b9db6d44-nsbqz uid=7b5b8ef7-a2a2-4fe9-a3e1-74acd17bd88f restarts=6 usage_cpu=239m usage_mem=35Mi request_cpu=224m request_mem=250Mi limit_cpu=none limit_mem=none vpa_target_cpu=271m vpa_target_mem=250Mi vpa_uncapped_cpu=271m vpa_uncapped_mem=250Mi vpa_lower_cpu=86m vpa_lower_mem=250Mi vpa_upper_cpu=1500m vpa_upper_mem=512Mi
[2026-08-21T23:50:04+02:00] UE_SLOT_START timestamp=2026-08-21T21:50:04+00:00 active_ues=17 slot=9 attempt=1 ue_idx=9 ue_if=uesimtun9 ue_ip=10.45.1.7 target=192.168.1.211:5210 bitrate=1M duration_s=80 planned_end_epoch=1787349084 timeout_s=90 hard_timeout_epoch=1787349099 start_rx_bytes=271703
[2026-08-21T23:50:04+02:00] UE_SLOT_PID timestamp=2026-08-21T21:50:04+00:00 active_ues=17 slot=9 attempt=1 ue_idx=9 pid=19100
[2026-08-21T23:50:04+02:00] UE_SLOT_ASSIGN timestamp=2026-08-21T21:50:04+00:00 active_ues=17 slot=10 ue_idx=10 ue_if=uesimtun10 ue_ip=10.45.1.14 candidate_reused_global_suspect=0
[2026-08-21T23:50:04+02:00] UE_SLOT_START timestamp=2026-08-21T21:50:04+00:00 active_ues=17 slot=10 attempt=1 ue_idx=10 ue_if=uesimtun10 ue_ip=10.45.1.14 target=192.168.1.211:5211 bitrate=1M duration_s=80 planned_end_epoch=1787349084 timeout_s=90 hard_timeout_epoch=1787349099 start_rx_bytes=268576
[2026-08-21T23:50:04+02:00] UE_SLOT_PID timestamp=2026-08-21T21:50:04+00:00 active_ues=17 slot=10 attempt=1 ue_idx=10 pid=19125
[2026-08-21T23:50:04+02:00] UE_SLOT_ASSIGN timestamp=2026-08-21T21:50:04+00:00 active_ues=17 slot=11 ue_idx=11 ue_if=uesimtun11 ue_ip=10.45.1.15 candidate_reused_global_suspect=0
[2026-08-21T23:50:04+02:00] UE_SLOT_START timestamp=2026-08-21T21:50:04+00:00 active_ues=17 slot=11 attempt=1 ue_idx=11 ue_if=uesimtun11 ue_ip=10.45.1.15 target=192.168.1.211:5212 bitrate=1M duration_s=80 planned_end_epoch=1787349084 timeout_s=90 hard_timeout_epoch=1787349099 start_rx_bytes=183719
[2026-08-21T23:50:04+02:00] UE_SLOT_PID timestamp=2026-08-21T21:50:04+00:00 active_ues=17 slot=11 attempt=1 ue_idx=11 pid=19150
[2026-08-21T23:50:04+02:00] UE_SLOT_ASSIGN timestamp=2026-08-21T21:50:04+00:00 active_ues=17 slot=12 ue_idx=12 ue_if=uesimtun12 ue_ip=10.45.1.12 candidate_reused_global_suspect=0
[2026-08-21T23:50:04+02:00] UE_SLOT_START timestamp=2026-08-21T21:50:04+00:00 active_ues=17 slot=12 attempt=1 ue_idx=12 ue_if=uesimtun12 ue_ip=10.45.1.12 target=192.168.1.211:5213 bitrate=1M duration_s=80 planned_end_epoch=1787349084 timeout_s=90 hard_timeout_epoch=1787349099 start_rx_bytes=186529
[2026-08-21T23:50:04+02:00] UE_SLOT_PID timestamp=2026-08-21T21:50:04+00:00 active_ues=17 slot=12 attempt=1 ue_idx=12 pid=19175
[2026-08-21T23:50:04+02:00] UE_SLOT_ASSIGN timestamp=2026-08-21T21:50:04+00:00 active_ues=17 slot=13 ue_idx=13 ue_if=uesimtun13 ue_ip=10.45.1.18 candidate_reused_global_suspect=0
[2026-08-21T23:50:05+02:00] UE_SLOT_START timestamp=2026-08-21T21:50:04+00:00 active_ues=17 slot=13 attempt=1 ue_idx=13 ue_if=uesimtun13 ue_ip=10.45.1.18 target=192.168.1.211:5214 bitrate=1M duration_s=80 planned_end_epoch=1787349084 timeout_s=90 hard_timeout_epoch=1787349099 start_rx_bytes=90124
[2026-08-21T23:50:05+02:00] UE_SLOT_PID timestamp=2026-08-21T21:50:04+00:00 active_ues=17 slot=13 attempt=1 ue_idx=13 pid=19200
[2026-08-21T23:50:05+02:00] UE_SLOT_ASSIGN timestamp=2026-08-21T21:50:05+00:00 active_ues=17 slot=14 ue_idx=14 ue_if=uesimtun14 ue_ip=10.45.1.4 candidate_reused_global_suspect=0
[2026-08-21T23:50:05+02:00] UE_SLOT_START timestamp=2026-08-21T21:50:05+00:00 active_ues=17 slot=14 attempt=1 ue_idx=14 ue_if=uesimtun14 ue_ip=10.45.1.4 target=192.168.1.211:5215 bitrate=1M duration_s=80 planned_end_epoch=1787349085 timeout_s=90 hard_timeout_epoch=1787349100 start_rx_bytes=94542
[2026-08-21T23:50:05+02:00] UE_SLOT_PID timestamp=2026-08-21T21:50:05+00:00 active_ues=17 slot=14 attempt=1 ue_idx=14 pid=19225
[2026-08-21T23:50:05+02:00] UE_SLOT_ASSIGN timestamp=2026-08-21T21:50:05+00:00 active_ues=17 slot=15 ue_idx=15 ue_if=uesimtun15 ue_ip=10.45.1.19 candidate_reused_global_suspect=0
[2026-08-21T23:50:05+02:00] UE_SLOT_START timestamp=2026-08-21T21:50:05+00:00 active_ues=17 slot=15 attempt=1 ue_idx=15 ue_if=uesimtun15 ue_ip=10.45.1.19 target=192.168.1.211:5216 bitrate=1M duration_s=80 planned_end_epoch=1787349085 timeout_s=90 hard_timeout_epoch=1787349100 start_rx_bytes=0
[2026-08-21T23:50:05+02:00] UE_SLOT_PID timestamp=2026-08-21T21:50:05+00:00 active_ues=17 slot=15 attempt=1 ue_idx=15 pid=19250
[2026-08-21T23:50:05+02:00] UE_SLOT_ASSIGN timestamp=2026-08-21T21:50:05+00:00 active_ues=17 slot=16 ue_idx=16 ue_if=uesimtun16 ue_ip=10.45.1.21 candidate_reused_global_suspect=0
[2026-08-21T23:50:05+02:00] UE_SLOT_START timestamp=2026-08-21T21:50:05+00:00 active_ues=17 slot=16 attempt=1 ue_idx=16 ue_if=uesimtun16 ue_ip=10.45.1.21 target=192.168.1.211:5217 bitrate=1M duration_s=80 planned_end_epoch=1787349085 timeout_s=90 hard_timeout_epoch=1787349100 start_rx_bytes=0
[2026-08-21T23:50:05+02:00] UE_SLOT_PID timestamp=2026-08-21T21:50:05+00:00 active_ues=17 slot=16 attempt=1 ue_idx=16 pid=19275
[2026-08-21T23:50:05+02:00] IPERF_MAPPING_SUMMARY timestamp=2026-08-21T21:50:05+00:00 active_ues=17 registered_tunnels=50 initial_ports=5201-5217 replacement_ports=5251-5265 bitrate=1M start_delay=0.05 detection=no_rx_counter replacement_min_duration_s=5 adaptive_extension_max_s=1 iperf_exit_grace_s=3 server_busy_port_rebinds=1 late_replacement_after_end=disabled wait_for_iperf_exit=until_timeout global_suspect_policy=soft_reuse ramp_supervision=after_initial_start
[2026-08-21T23:50:06+02:00] UPF_CONTROL_SAMPLE timestamp=2026-08-21T23:50:05+02:00 scenario=ue_17 pod=open5gs-upf-5b9db6d44-nsbqz uid=7b5b8ef7-a2a2-4fe9-a3e1-74acd17bd88f restarts=6 usage_cpu=239m usage_mem=35Mi request_cpu=224m request_mem=250Mi limit_cpu=none limit_mem=none vpa_target_cpu=271m vpa_target_mem=250Mi vpa_uncapped_cpu=271m vpa_uncapped_mem=250Mi vpa_lower_cpu=86m vpa_lower_mem=250Mi vpa_upper_cpu=1500m vpa_upper_mem=512Mi
[2026-08-21T23:50:08+02:00] UPF_CONTROL_SAMPLE timestamp=2026-08-21T23:50:07+02:00 scenario=ue_17 pod=open5gs-upf-5b9db6d44-nsbqz uid=7b5b8ef7-a2a2-4fe9-a3e1-74acd17bd88f restarts=6 usage_cpu=239m usage_mem=35Mi request_cpu=224m request_mem=250Mi limit_cpu=none limit_mem=none vpa_target_cpu=271m vpa_target_mem=250Mi vpa_uncapped_cpu=271m vpa_uncapped_mem=250Mi vpa_lower_cpu=86m vpa_lower_mem=250Mi vpa_upper_cpu=1500m vpa_upper_mem=512Mi
[2026-08-21T23:50:11+02:00] UPF_CONTROL_SAMPLE timestamp=2026-08-21T23:50:09+02:00 scenario=ue_17 pod=open5gs-upf-5b9db6d44-nsbqz uid=7b5b8ef7-a2a2-4fe9-a3e1-74acd17bd88f restarts=6 usage_cpu=240m usage_mem=35Mi request_cpu=224m request_mem=250Mi limit_cpu=none limit_mem=none vpa_target_cpu=271m vpa_target_mem=250Mi vpa_uncapped_cpu=271m vpa_uncapped_mem=250Mi vpa_lower_cpu=86m vpa_lower_mem=250Mi vpa_upper_cpu=1500m vpa_upper_mem=512Mi
[2026-08-21T23:50:13+02:00] UPF_CONTROL_SAMPLE timestamp=2026-08-21T23:50:12+02:00 scenario=ue_17 pod=open5gs-upf-5b9db6d44-nsbqz uid=7b5b8ef7-a2a2-4fe9-a3e1-74acd17bd88f restarts=6 usage_cpu=240m usage_mem=35Mi request_cpu=224m request_mem=250Mi limit_cpu=none limit_mem=none vpa_target_cpu=271m vpa_target_mem=250Mi vpa_uncapped_cpu=271m vpa_uncapped_mem=250Mi vpa_lower_cpu=86m vpa_lower_mem=250Mi vpa_upper_cpu=1500m vpa_upper_mem=512Mi
[2026-08-21T23:50:16+02:00] UPF_CONTROL_SAMPLE timestamp=2026-08-21T23:50:14+02:00 scenario=ue_17 pod=open5gs-upf-5b9db6d44-nsbqz uid=7b5b8ef7-a2a2-4fe9-a3e1-74acd17bd88f restarts=6 usage_cpu=240m usage_mem=35Mi request_cpu=224m request_mem=250Mi limit_cpu=none limit_mem=none vpa_target_cpu=271m vpa_target_mem=250Mi vpa_uncapped_cpu=271m vpa_uncapped_mem=250Mi vpa_lower_cpu=86m vpa_lower_mem=250Mi vpa_upper_cpu=1500m vpa_upper_mem=512Mi
[2026-08-21T23:50:18+02:00] UPF_CONTROL_SAMPLE timestamp=2026-08-21T23:50:17+02:00 scenario=ue_17 pod=open5gs-upf-5b9db6d44-nsbqz uid=7b5b8ef7-a2a2-4fe9-a3e1-74acd17bd88f restarts=6 usage_cpu=240m usage_mem=35Mi request_cpu=224m request_mem=250Mi limit_cpu=none limit_mem=none vpa_target_cpu=271m vpa_target_mem=250Mi vpa_uncapped_cpu=271m vpa_uncapped_mem=250Mi vpa_lower_cpu=86m vpa_lower_mem=250Mi vpa_upper_cpu=1500m vpa_upper_mem=512Mi
[2026-08-21T23:50:21+02:00] UPF_CONTROL_SAMPLE timestamp=2026-08-21T23:50:19+02:00 scenario=ue_17 pod=open5gs-upf-5b9db6d44-nsbqz uid=7b5b8ef7-a2a2-4fe9-a3e1-74acd17bd88f restarts=6 usage_cpu=240m usage_mem=35Mi request_cpu=224m request_mem=250Mi limit_cpu=none limit_mem=none vpa_target_cpu=271m vpa_target_mem=250Mi vpa_uncapped_cpu=271m vpa_uncapped_mem=250Mi vpa_lower_cpu=86m vpa_lower_mem=250Mi vpa_upper_cpu=1500m vpa_upper_mem=512Mi
[2026-08-21T23:50:23+02:00] UPF_CONTROL_SAMPLE timestamp=2026-08-21T23:50:22+02:00 scenario=ue_17 pod=open5gs-upf-5b9db6d44-nsbqz uid=7b5b8ef7-a2a2-4fe9-a3e1-74acd17bd88f restarts=6 usage_cpu=240m usage_mem=35Mi request_cpu=224m request_mem=250Mi limit_cpu=none limit_mem=none vpa_target_cpu=271m vpa_target_mem=250Mi vpa_uncapped_cpu=271m vpa_uncapped_mem=250Mi vpa_lower_cpu=86m vpa_lower_mem=250Mi vpa_upper_cpu=1500m vpa_upper_mem=512Mi
[2026-08-21T23:50:25+02:00] UPF_CONTROL_SAMPLE timestamp=2026-08-21T23:50:24+02:00 scenario=ue_17 pod=open5gs-upf-5b9db6d44-nsbqz uid=7b5b8ef7-a2a2-4fe9-a3e1-74acd17bd88f restarts=6 usage_cpu=181m usage_mem=35Mi request_cpu=224m request_mem=250Mi limit_cpu=none limit_mem=none vpa_target_cpu=271m vpa_target_mem=250Mi vpa_uncapped_cpu=271m vpa_uncapped_mem=250Mi vpa_lower_cpu=86m vpa_lower_mem=250Mi vpa_upper_cpu=1500m vpa_upper_mem=512Mi
[2026-08-21T23:50:28+02:00] UPF_REQUEST_CHANGE timestamp=2026-08-21T23:50:26+02:00 scenario=ue_17 pod=open5gs-upf-5b9db6d44-nsbqz uid=7b5b8ef7-a2a2-4fe9-a3e1-74acd17bd88f restarts=6 old='request_cpu=224m request_mem=250Mi limit_cpu=none limit_mem=none' new='request_cpu=271m request_mem=250Mi limit_cpu=none limit_mem=none' previous_5s_sample='timestamp=2026-08-21T23:50:19+02:00 scenario=ue_17 pod=open5gs-upf-5b9db6d44-nsbqz uid=7b5b8ef7-a2a2-4fe9-a3e1-74acd17bd88f restarts=6 usage_cpu=240m usage_mem=35Mi request_cpu=224m request_mem=250Mi limit_cpu=none limit_mem=none vpa_target_cpu=271m vpa_target_mem=250Mi vpa_uncapped_cpu=271m vpa_uncapped_mem=250Mi vpa_lower_cpu=86m vpa_lower_mem=250Mi vpa_upper_cpu=1500m vpa_upper_mem=512Mi' current_sample='timestamp=2026-08-21T23:50:26+02:00 scenario=ue_17 pod=open5gs-upf-5b9db6d44-nsbqz uid=7b5b8ef7-a2a2-4fe9-a3e1-74acd17bd88f restarts=6 usage_cpu=181m usage_mem=35Mi request_cpu=271m request_mem=250Mi limit_cpu=none limit_mem=none vpa_target_cpu=271m vpa_target_mem=250Mi vpa_uncapped_cpu=271m vpa_uncapped_mem=250Mi vpa_lower_cpu=86m vpa_lower_mem=250Mi vpa_upper_cpu=1500m vpa_upper_mem=512Mi'
[2026-08-21T23:50:28+02:00] UPF_CONTROL_SAMPLE timestamp=2026-08-21T23:50:26+02:00 scenario=ue_17 pod=open5gs-upf-5b9db6d44-nsbqz uid=7b5b8ef7-a2a2-4fe9-a3e1-74acd17bd88f restarts=6 usage_cpu=181m usage_mem=35Mi request_cpu=271m request_mem=250Mi limit_cpu=none limit_mem=none vpa_target_cpu=271m vpa_target_mem=250Mi vpa_uncapped_cpu=271m vpa_uncapped_mem=250Mi vpa_lower_cpu=86m vpa_lower_mem=250Mi vpa_upper_cpu=1500m vpa_upper_mem=512Mi
[2026-08-21T23:50:30+02:00] UPF_CONTROL_SAMPLE timestamp=2026-08-21T23:50:29+02:00 scenario=ue_17 pod=open5gs-upf-5b9db6d44-nsbqz uid=7b5b8ef7-a2a2-4fe9-a3e1-74acd17bd88f restarts=6 usage_cpu=181m usage_mem=35Mi request_cpu=271m request_mem=250Mi limit_cpu=none limit_mem=none vpa_target_cpu=271m vpa_target_mem=250Mi vpa_uncapped_cpu=271m vpa_uncapped_mem=250Mi vpa_lower_cpu=86m vpa_lower_mem=250Mi vpa_upper_cpu=1500m vpa_upper_mem=512Mi
[2026-08-21T23:50:33+02:00] UPF_CONTROL_SAMPLE timestamp=2026-08-21T23:50:31+02:00 scenario=ue_17 pod=open5gs-upf-5b9db6d44-nsbqz uid=7b5b8ef7-a2a2-4fe9-a3e1-74acd17bd88f restarts=6 usage_cpu=181m usage_mem=35Mi request_cpu=271m request_mem=250Mi limit_cpu=none limit_mem=none vpa_target_cpu=271m vpa_target_mem=250Mi vpa_uncapped_cpu=271m vpa_uncapped_mem=250Mi vpa_lower_cpu=86m vpa_lower_mem=250Mi vpa_upper_cpu=1500m vpa_upper_mem=512Mi
[2026-08-21T23:50:35+02:00] VPA_RECOMMENDATION_CHANGE timestamp=2026-08-21T23:50:34+02:00 scenario=ue_17 old='vpa_target_cpu=271m vpa_target_mem=250Mi vpa_uncapped_cpu=271m vpa_uncapped_mem=250Mi vpa_lower_cpu=86m vpa_lower_mem=250Mi vpa_upper_cpu=1500m vpa_upper_mem=512Mi' new='vpa_target_cpu=271m vpa_target_mem=250Mi vpa_uncapped_cpu=271m vpa_uncapped_mem=250Mi vpa_lower_cpu=115m vpa_lower_mem=250Mi vpa_upper_cpu=1500m vpa_upper_mem=512Mi' previous_5s_sample='timestamp=2026-08-21T23:50:29+02:00 scenario=ue_17 pod=open5gs-upf-5b9db6d44-nsbqz uid=7b5b8ef7-a2a2-4fe9-a3e1-74acd17bd88f restarts=6 usage_cpu=181m usage_mem=35Mi request_cpu=271m request_mem=250Mi limit_cpu=none limit_mem=none vpa_target_cpu=271m vpa_target_mem=250Mi vpa_uncapped_cpu=271m vpa_uncapped_mem=250Mi vpa_lower_cpu=86m vpa_lower_mem=250Mi vpa_upper_cpu=1500m vpa_upper_mem=512Mi' current_sample='timestamp=2026-08-21T23:50:34+02:00 scenario=ue_17 pod=open5gs-upf-5b9db6d44-nsbqz uid=7b5b8ef7-a2a2-4fe9-a3e1-74acd17bd88f restarts=6 usage_cpu=181m usage_mem=35Mi request_cpu=271m request_mem=250Mi limit_cpu=none limit_mem=none vpa_target_cpu=271m vpa_target_mem=250Mi vpa_uncapped_cpu=271m vpa_uncapped_mem=250Mi vpa_lower_cpu=115m vpa_lower_mem=250Mi vpa_upper_cpu=1500m vpa_upper_mem=512Mi'
[2026-08-21T23:50:35+02:00] UPF_CONTROL_SAMPLE timestamp=2026-08-21T23:50:34+02:00 scenario=ue_17 pod=open5gs-upf-5b9db6d44-nsbqz uid=7b5b8ef7-a2a2-4fe9-a3e1-74acd17bd88f restarts=6 usage_cpu=181m usage_mem=35Mi request_cpu=271m request_mem=250Mi limit_cpu=none limit_mem=none vpa_target_cpu=271m vpa_target_mem=250Mi vpa_uncapped_cpu=271m vpa_uncapped_mem=250Mi vpa_lower_cpu=115m vpa_lower_mem=250Mi vpa_upper_cpu=1500m vpa_upper_mem=512Mi
[2026-08-21T23:50:38+02:00] UPF_CONTROL_SAMPLE timestamp=2026-08-21T23:50:37+02:00 scenario=ue_17 pod=open5gs-upf-5b9db6d44-nsbqz uid=7b5b8ef7-a2a2-4fe9-a3e1-74acd17bd88f restarts=6 usage_cpu=181m usage_mem=35Mi request_cpu=271m request_mem=250Mi limit_cpu=none limit_mem=none vpa_target_cpu=271m vpa_target_mem=250Mi vpa_uncapped_cpu=271m vpa_uncapped_mem=250Mi vpa_lower_cpu=115m vpa_lower_mem=250Mi vpa_upper_cpu=1500m vpa_upper_mem=512Mi
[2026-08-21T23:50:40+02:00] UPF_CONTROL_SAMPLE timestamp=2026-08-21T23:50:39+02:00 scenario=ue_17 pod=open5gs-upf-5b9db6d44-nsbqz uid=7b5b8ef7-a2a2-4fe9-a3e1-74acd17bd88f restarts=6 usage_cpu=278m usage_mem=35Mi request_cpu=271m request_mem=250Mi limit_cpu=none limit_mem=none vpa_target_cpu=271m vpa_target_mem=250Mi vpa_uncapped_cpu=271m vpa_uncapped_mem=250Mi vpa_lower_cpu=115m vpa_lower_mem=250Mi vpa_upper_cpu=1500m vpa_upper_mem=512Mi
[2026-08-21T23:50:43+02:00] UPF_CONTROL_SAMPLE timestamp=2026-08-21T23:50:41+02:00 scenario=ue_17 pod=open5gs-upf-5b9db6d44-nsbqz uid=7b5b8ef7-a2a2-4fe9-a3e1-74acd17bd88f restarts=6 usage_cpu=278m usage_mem=35Mi request_cpu=271m request_mem=250Mi limit_cpu=none limit_mem=none vpa_target_cpu=271m vpa_target_mem=250Mi vpa_uncapped_cpu=271m vpa_uncapped_mem=250Mi vpa_lower_cpu=115m vpa_lower_mem=250Mi vpa_upper_cpu=1500m vpa_upper_mem=512Mi
[2026-08-21T23:50:45+02:00] UPF_CONTROL_SAMPLE timestamp=2026-08-21T23:50:44+02:00 scenario=ue_17 pod=open5gs-upf-5b9db6d44-nsbqz uid=7b5b8ef7-a2a2-4fe9-a3e1-74acd17bd88f restarts=6 usage_cpu=278m usage_mem=35Mi request_cpu=271m request_mem=250Mi limit_cpu=none limit_mem=none vpa_target_cpu=271m vpa_target_mem=250Mi vpa_uncapped_cpu=271m vpa_uncapped_mem=250Mi vpa_lower_cpu=115m vpa_lower_mem=250Mi vpa_upper_cpu=1500m vpa_upper_mem=512Mi
[2026-08-21T23:50:47+02:00] UPF_CONTROL_SAMPLE timestamp=2026-08-21T23:50:46+02:00 scenario=ue_17 pod=open5gs-upf-5b9db6d44-nsbqz uid=7b5b8ef7-a2a2-4fe9-a3e1-74acd17bd88f restarts=6 usage_cpu=278m usage_mem=35Mi request_cpu=271m request_mem=250Mi limit_cpu=none limit_mem=none vpa_target_cpu=271m vpa_target_mem=250Mi vpa_uncapped_cpu=271m vpa_uncapped_mem=250Mi vpa_lower_cpu=115m vpa_lower_mem=250Mi vpa_upper_cpu=1500m vpa_upper_mem=512Mi
[2026-08-21T23:50:49+02:00] UPF_CONTROL_SAMPLE timestamp=2026-08-21T23:50:48+02:00 scenario=ue_17 pod=open5gs-upf-5b9db6d44-nsbqz uid=7b5b8ef7-a2a2-4fe9-a3e1-74acd17bd88f restarts=6 usage_cpu=278m usage_mem=35Mi request_cpu=271m request_mem=250Mi limit_cpu=none limit_mem=none vpa_target_cpu=271m vpa_target_mem=250Mi vpa_uncapped_cpu=271m vpa_uncapped_mem=250Mi vpa_lower_cpu=115m vpa_lower_mem=250Mi vpa_upper_cpu=1500m vpa_upper_mem=512Mi
[2026-08-21T23:50:52+02:00] UPF_CONTROL_SAMPLE timestamp=2026-08-21T23:50:50+02:00 scenario=ue_17 pod=open5gs-upf-5b9db6d44-nsbqz uid=7b5b8ef7-a2a2-4fe9-a3e1-74acd17bd88f restarts=6 usage_cpu=278m usage_mem=35Mi request_cpu=271m request_mem=250Mi limit_cpu=none limit_mem=none vpa_target_cpu=271m vpa_target_mem=250Mi vpa_uncapped_cpu=271m vpa_uncapped_mem=250Mi vpa_lower_cpu=115m vpa_lower_mem=250Mi vpa_upper_cpu=1500m vpa_upper_mem=512Mi
[2026-08-21T23:50:54+02:00] UPF_CONTROL_SAMPLE timestamp=2026-08-21T23:50:53+02:00 scenario=ue_17 pod=open5gs-upf-5b9db6d44-nsbqz uid=7b5b8ef7-a2a2-4fe9-a3e1-74acd17bd88f restarts=6 usage_cpu=278m usage_mem=35Mi request_cpu=271m request_mem=250Mi limit_cpu=none limit_mem=none vpa_target_cpu=271m vpa_target_mem=250Mi vpa_uncapped_cpu=271m vpa_uncapped_mem=250Mi vpa_lower_cpu=115m vpa_lower_mem=250Mi vpa_upper_cpu=1500m vpa_upper_mem=512Mi
[2026-08-21T23:50:56+02:00] UPF_CONTROL_SAMPLE timestamp=2026-08-21T23:50:55+02:00 scenario=ue_17 pod=open5gs-upf-5b9db6d44-nsbqz uid=7b5b8ef7-a2a2-4fe9-a3e1-74acd17bd88f restarts=6 usage_cpu=273m usage_mem=35Mi request_cpu=271m request_mem=250Mi limit_cpu=none limit_mem=none vpa_target_cpu=271m vpa_target_mem=250Mi vpa_uncapped_cpu=271m vpa_uncapped_mem=250Mi vpa_lower_cpu=115m vpa_lower_mem=250Mi vpa_upper_cpu=1500m vpa_upper_mem=512Mi
[2026-08-21T23:50:59+02:00] UPF_CONTROL_SAMPLE timestamp=2026-08-21T23:50:57+02:00 scenario=ue_17 pod=open5gs-upf-5b9db6d44-nsbqz uid=7b5b8ef7-a2a2-4fe9-a3e1-74acd17bd88f restarts=6 usage_cpu=273m usage_mem=35Mi request_cpu=271m request_mem=250Mi limit_cpu=none limit_mem=none vpa_target_cpu=271m vpa_target_mem=250Mi vpa_uncapped_cpu=271m vpa_uncapped_mem=250Mi vpa_lower_cpu=115m vpa_lower_mem=250Mi vpa_upper_cpu=1500m vpa_upper_mem=512Mi
[2026-08-21T23:51:01+02:00] UPF_CONTROL_SAMPLE timestamp=2026-08-21T23:51:00+02:00 scenario=ue_17 pod=open5gs-upf-5b9db6d44-nsbqz uid=7b5b8ef7-a2a2-4fe9-a3e1-74acd17bd88f restarts=6 usage_cpu=273m usage_mem=35Mi request_cpu=271m request_mem=250Mi limit_cpu=none limit_mem=none vpa_target_cpu=271m vpa_target_mem=250Mi vpa_uncapped_cpu=271m vpa_uncapped_mem=250Mi vpa_lower_cpu=115m vpa_lower_mem=250Mi vpa_upper_cpu=1500m vpa_upper_mem=512Mi
[2026-08-21T23:51:03+02:00] UPF_CONTROL_SAMPLE timestamp=2026-08-21T23:51:02+02:00 scenario=ue_17 pod=open5gs-upf-5b9db6d44-nsbqz uid=7b5b8ef7-a2a2-4fe9-a3e1-74acd17bd88f restarts=6 usage_cpu=273m usage_mem=35Mi request_cpu=271m request_mem=250Mi limit_cpu=none limit_mem=none vpa_target_cpu=271m vpa_target_mem=250Mi vpa_uncapped_cpu=271m vpa_uncapped_mem=250Mi vpa_lower_cpu=115m vpa_lower_mem=250Mi vpa_upper_cpu=1500m vpa_upper_mem=512Mi
[2026-08-21T23:51:06+02:00] UPF_CONTROL_SAMPLE timestamp=2026-08-21T23:51:04+02:00 scenario=ue_17 pod=open5gs-upf-5b9db6d44-nsbqz uid=7b5b8ef7-a2a2-4fe9-a3e1-74acd17bd88f restarts=6 usage_cpu=273m usage_mem=35Mi request_cpu=271m request_mem=250Mi limit_cpu=none limit_mem=none vpa_target_cpu=271m vpa_target_mem=250Mi vpa_uncapped_cpu=271m vpa_uncapped_mem=250Mi vpa_lower_cpu=115m vpa_lower_mem=250Mi vpa_upper_cpu=1500m vpa_upper_mem=512Mi
[2026-08-21T23:51:08+02:00] UPF_CONTROL_SAMPLE timestamp=2026-08-21T23:51:07+02:00 scenario=ue_17 pod=open5gs-upf-5b9db6d44-nsbqz uid=7b5b8ef7-a2a2-4fe9-a3e1-74acd17bd88f restarts=6 usage_cpu=273m usage_mem=35Mi request_cpu=271m request_mem=250Mi limit_cpu=none limit_mem=none vpa_target_cpu=271m vpa_target_mem=250Mi vpa_uncapped_cpu=271m vpa_uncapped_mem=250Mi vpa_lower_cpu=115m vpa_lower_mem=250Mi vpa_upper_cpu=1500m vpa_upper_mem=512Mi
[2026-08-21T23:51:10+02:00] UPF_CONTROL_SAMPLE timestamp=2026-08-21T23:51:09+02:00 scenario=ue_17 pod=open5gs-upf-5b9db6d44-nsbqz uid=7b5b8ef7-a2a2-4fe9-a3e1-74acd17bd88f restarts=6 usage_cpu=266m usage_mem=35Mi request_cpu=271m request_mem=250Mi limit_cpu=none limit_mem=none vpa_target_cpu=271m vpa_target_mem=250Mi vpa_uncapped_cpu=271m vpa_uncapped_mem=250Mi vpa_lower_cpu=115m vpa_lower_mem=250Mi vpa_upper_cpu=1500m vpa_upper_mem=512Mi
[2026-08-21T23:51:13+02:00] UPF_CONTROL_SAMPLE timestamp=2026-08-21T23:51:11+02:00 scenario=ue_17 pod=open5gs-upf-5b9db6d44-nsbqz uid=7b5b8ef7-a2a2-4fe9-a3e1-74acd17bd88f restarts=6 usage_cpu=266m usage_mem=35Mi request_cpu=271m request_mem=250Mi limit_cpu=none limit_mem=none vpa_target_cpu=271m vpa_target_mem=250Mi vpa_uncapped_cpu=271m vpa_uncapped_mem=250Mi vpa_lower_cpu=115m vpa_lower_mem=250Mi vpa_upper_cpu=1500m vpa_upper_mem=512Mi
[2026-08-21T23:51:15+02:00] UPF_CONTROL_SAMPLE timestamp=2026-08-21T23:51:14+02:00 scenario=ue_17 pod=open5gs-upf-5b9db6d44-nsbqz uid=7b5b8ef7-a2a2-4fe9-a3e1-74acd17bd88f restarts=6 usage_cpu=266m usage_mem=35Mi request_cpu=271m request_mem=250Mi limit_cpu=none limit_mem=none vpa_target_cpu=271m vpa_target_mem=250Mi vpa_uncapped_cpu=271m vpa_uncapped_mem=250Mi vpa_lower_cpu=115m vpa_lower_mem=250Mi vpa_upper_cpu=1500m vpa_upper_mem=512Mi
[2026-08-21T23:51:17+02:00] UPF_CONTROL_SAMPLE timestamp=2026-08-21T23:51:16+02:00 scenario=ue_17 pod=open5gs-upf-5b9db6d44-nsbqz uid=7b5b8ef7-a2a2-4fe9-a3e1-74acd17bd88f restarts=6 usage_cpu=266m usage_mem=35Mi request_cpu=271m request_mem=250Mi limit_cpu=none limit_mem=none vpa_target_cpu=271m vpa_target_mem=250Mi vpa_uncapped_cpu=271m vpa_uncapped_mem=250Mi vpa_lower_cpu=115m vpa_lower_mem=250Mi vpa_upper_cpu=1500m vpa_upper_mem=512Mi
[2026-08-21T23:51:19+02:00] UPF_CONTROL_SAMPLE timestamp=2026-08-21T23:51:18+02:00 scenario=ue_17 pod=open5gs-upf-5b9db6d44-nsbqz uid=7b5b8ef7-a2a2-4fe9-a3e1-74acd17bd88f restarts=6 usage_cpu=266m usage_mem=35Mi request_cpu=271m request_mem=250Mi limit_cpu=none limit_mem=none vpa_target_cpu=271m vpa_target_mem=250Mi vpa_uncapped_cpu=271m vpa_uncapped_mem=250Mi vpa_lower_cpu=115m vpa_lower_mem=250Mi vpa_upper_cpu=1500m vpa_upper_mem=512Mi
[2026-08-21T23:51:22+02:00] UPF_CONTROL_SAMPLE timestamp=2026-08-21T23:51:20+02:00 scenario=ue_17 pod=open5gs-upf-5b9db6d44-nsbqz uid=7b5b8ef7-a2a2-4fe9-a3e1-74acd17bd88f restarts=6 usage_cpu=266m usage_mem=35Mi request_cpu=271m request_mem=250Mi limit_cpu=none limit_mem=none vpa_target_cpu=271m vpa_target_mem=250Mi vpa_uncapped_cpu=271m vpa_uncapped_mem=250Mi vpa_lower_cpu=115m vpa_lower_mem=250Mi vpa_upper_cpu=1500m vpa_upper_mem=512Mi
[2026-08-21T23:51:23+02:00] UE_SLOT_DONE timestamp=2026-08-21T21:51:22+00:00 active_ues=17 slot=0 attempt=1 ue_idx=0 ue_if=uesimtun0 ue_ip=10.45.0.252 port=5201 rc=0 replacements_for_slot=0 server_busy_retries_for_slot=0
[2026-08-21T23:51:23+02:00] UE_SLOT_DONE timestamp=2026-08-21T21:51:23+00:00 active_ues=17 slot=1 attempt=1 ue_idx=1 ue_if=uesimtun1 ue_ip=10.45.0.253 port=5202 rc=0 replacements_for_slot=0 server_busy_retries_for_slot=0
[2026-08-21T23:51:23+02:00] UE_SLOT_DONE timestamp=2026-08-21T21:51:23+00:00 active_ues=17 slot=2 attempt=1 ue_idx=2 ue_if=uesimtun2 ue_ip=10.45.0.254 port=5203 rc=0 replacements_for_slot=0 server_busy_retries_for_slot=0
[2026-08-21T23:51:23+02:00] UE_SLOT_DONE timestamp=2026-08-21T21:51:23+00:00 active_ues=17 slot=3 attempt=1 ue_idx=3 ue_if=uesimtun3 ue_ip=10.45.1.0 port=5204 rc=0 replacements_for_slot=0 server_busy_retries_for_slot=0
[2026-08-21T23:51:23+02:00] UE_SLOT_DONE timestamp=2026-08-21T21:51:23+00:00 active_ues=17 slot=4 attempt=1 ue_idx=4 ue_if=uesimtun4 ue_ip=10.45.1.1 port=5205 rc=0 replacements_for_slot=0 server_busy_retries_for_slot=0
[2026-08-21T23:51:24+02:00] UPF_CONTROL_SAMPLE timestamp=2026-08-21T23:51:23+02:00 scenario=ue_17 pod=open5gs-upf-5b9db6d44-nsbqz uid=7b5b8ef7-a2a2-4fe9-a3e1-74acd17bd88f restarts=6 usage_cpu=266m usage_mem=35Mi request_cpu=271m request_mem=250Mi limit_cpu=none limit_mem=none vpa_target_cpu=271m vpa_target_mem=250Mi vpa_uncapped_cpu=271m vpa_uncapped_mem=250Mi vpa_lower_cpu=115m vpa_lower_mem=250Mi vpa_upper_cpu=1500m vpa_upper_mem=512Mi
[2026-08-21T23:51:24+02:00] UE_SLOT_DONE timestamp=2026-08-21T21:51:24+00:00 active_ues=17 slot=5 attempt=1 ue_idx=5 ue_if=uesimtun5 ue_ip=10.45.1.3 port=5206 rc=0 replacements_for_slot=0 server_busy_retries_for_slot=0
[2026-08-21T23:51:24+02:00] UE_SLOT_DONE timestamp=2026-08-21T21:51:24+00:00 active_ues=17 slot=6 attempt=1 ue_idx=6 ue_if=uesimtun6 ue_ip=10.45.0.255 port=5207 rc=0 replacements_for_slot=0 server_busy_retries_for_slot=0
[2026-08-21T23:51:24+02:00] UE_SLOT_DONE timestamp=2026-08-21T21:51:24+00:00 active_ues=17 slot=7 attempt=1 ue_idx=7 ue_if=uesimtun7 ue_ip=10.45.1.6 port=5208 rc=0 replacements_for_slot=0 server_busy_retries_for_slot=0
[2026-08-21T23:51:24+02:00] UE_SLOT_DONE timestamp=2026-08-21T21:51:24+00:00 active_ues=17 slot=8 attempt=1 ue_idx=8 ue_if=uesimtun8 ue_ip=10.45.1.10 port=5209 rc=0 replacements_for_slot=0 server_busy_retries_for_slot=0
[2026-08-21T23:51:24+02:00] UE_SLOT_DONE timestamp=2026-08-21T21:51:24+00:00 active_ues=17 slot=9 attempt=1 ue_idx=9 ue_if=uesimtun9 ue_ip=10.45.1.7 port=5210 rc=0 replacements_for_slot=0 server_busy_retries_for_slot=0
[2026-08-21T23:51:24+02:00] UE_SLOT_DONE timestamp=2026-08-21T21:51:24+00:00 active_ues=17 slot=10 attempt=1 ue_idx=10 ue_if=uesimtun10 ue_ip=10.45.1.14 port=5211 rc=0 replacements_for_slot=0 server_busy_retries_for_slot=0
[2026-08-21T23:51:24+02:00] UE_SLOT_DONE timestamp=2026-08-21T21:51:24+00:00 active_ues=17 slot=11 attempt=1 ue_idx=11 ue_if=uesimtun11 ue_ip=10.45.1.15 port=5212 rc=0 replacements_for_slot=0 server_busy_retries_for_slot=0
[2026-08-21T23:51:26+02:00] UE_SLOT_DONE timestamp=2026-08-21T21:51:26+00:00 active_ues=17 slot=12 attempt=1 ue_idx=12 ue_if=uesimtun12 ue_ip=10.45.1.12 port=5213 rc=0 replacements_for_slot=0 server_busy_retries_for_slot=0
[2026-08-21T23:51:26+02:00] UE_SLOT_DONE timestamp=2026-08-21T21:51:26+00:00 active_ues=17 slot=13 attempt=1 ue_idx=13 ue_if=uesimtun13 ue_ip=10.45.1.18 port=5214 rc=0 replacements_for_slot=0 server_busy_retries_for_slot=0
[2026-08-21T23:51:26+02:00] UE_SLOT_DONE timestamp=2026-08-21T21:51:26+00:00 active_ues=17 slot=14 attempt=1 ue_idx=14 ue_if=uesimtun14 ue_ip=10.45.1.4 port=5215 rc=0 replacements_for_slot=0 server_busy_retries_for_slot=0
[2026-08-21T23:51:26+02:00] UE_SLOT_DONE timestamp=2026-08-21T21:51:26+00:00 active_ues=17 slot=15 attempt=1 ue_idx=15 ue_if=uesimtun15 ue_ip=10.45.1.19 port=5216 rc=0 replacements_for_slot=0 server_busy_retries_for_slot=0
[2026-08-21T23:51:26+02:00] UE_SLOT_DONE timestamp=2026-08-21T21:51:26+00:00 active_ues=17 slot=16 attempt=1 ue_idx=16 ue_if=uesimtun16 ue_ip=10.45.1.21 port=5217 rc=0 replacements_for_slot=0 server_busy_retries_for_slot=0
[2026-08-21T23:51:26+02:00] UPF_CONTROL_SAMPLE timestamp=2026-08-21T23:51:25+02:00 scenario=ue_17 pod=open5gs-upf-5b9db6d44-nsbqz uid=7b5b8ef7-a2a2-4fe9-a3e1-74acd17bd88f restarts=6 usage_cpu=264m usage_mem=35Mi request_cpu=271m request_mem=250Mi limit_cpu=none limit_mem=none vpa_target_cpu=271m vpa_target_mem=250Mi vpa_uncapped_cpu=271m vpa_uncapped_mem=250Mi vpa_lower_cpu=115m vpa_lower_mem=250Mi vpa_upper_cpu=1500m vpa_upper_mem=512Mi
[2026-08-21T23:51:27+02:00] TRAFFIC_SUMMARY timestamp=2026-08-21T21:51:27+00:00 registered_tunnels=50 active_ues=17 target_slots=17 completed_slots=17 final_failed_slots=0 replacements=0 problematic_ues=0 zombie_ues=0 connect_timeouts=0 stalls=0 deferred_stalls=0 process_failures=0 server_busy_retries=0 server_busy_failures=0 late_timeouts_accepted=0 scenario_bad_ues=0 global_suspect_ues=0 used_ues=17 target_host=192.168.1.211 initial_ports=5201-5217 replacement_ports=5251-5265 bitrate=1M start_delay=0.05 detection=no_rx_counter replacement_min_duration_s=5 adaptive_extension_max_s=1 iperf_exit_grace_s=3 server_busy_retries_limit=1 server_busy_retry_delay_s=2 late_replacement_after_end=disabled wait_for_iperf_exit=until_timeout global_suspect_policy=soft_reuse ramp_supervision=after_initial_start
[2026-08-21T23:51:27+02:00] UE_POOL_SCENARIO_BAD_CURRENT timestamp=2026-08-21T21:51:27+00:00 active_ues=17 indexes=
[2026-08-21T23:51:27+02:00] UE_POOL_GLOBAL_SUSPECT_CURRENT timestamp=2026-08-21T21:51:27+00:00 active_ues=17 indexes=
[2026-08-21T23:51:27+02:00] REMOTE_IPERF_PER_UE_END timestamp=2026-08-21T21:51:27+00:00 active_ues=17 tag=ue_17 final_rc=0 completed_slots=17 replacements=0 problematic_ues=0 server_busy_retries=0 deferred_stalls=0 late_timeouts_accepted=0
[2026-08-21T23:51:27+02:00] SCENARIO TRAFFIC COMMAND END timestamp=2026-08-21T23:51:27+02:00 active_ue=17 rc=0
[2026-08-21T23:51:28+02:00] SCENARIO UPF AFTER timestamp=2026-08-21T23:51:28+02:00 active_ue=17 pod=open5gs-upf-5b9db6d44-nsbqz uid=7b5b8ef7-a2a2-4fe9-a3e1-74acd17bd88f restarts=6
[2026-08-21T23:51:28+02:00] SCENARIO END timestamp=2026-08-21T23:51:28+02:00 active_ue=17 rc=0
[2026-08-21T23:51:28+02:00] ================================================================
[2026-08-21T23:51:28+02:00] SCENARIO START timestamp=2026-08-21T23:51:28+02:00 active_ue=19 registered_ue_pool=50 target_host=192.168.1.211 ports=5201-5219 replacement_ports=5251-5265 bitrate_per_ue=1M start_delay=0.05 replacement_min_duration=5 adaptive_extension_max=1
[2026-08-21T23:51:28+02:00] ================================================================
[2026-08-21T23:51:29+02:00] SCENARIO TUNNEL CHECK timestamp=2026-08-21T23:51:29+02:00 active_ue=19 current_tunnels=50 required=50
[2026-08-21T23:51:29+02:00] UPF_CONTROL_SAMPLE timestamp=2026-08-21T23:51:27+02:00 scenario=ue_17 pod=open5gs-upf-5b9db6d44-nsbqz uid=7b5b8ef7-a2a2-4fe9-a3e1-74acd17bd88f restarts=6 usage_cpu=264m usage_mem=35Mi request_cpu=271m request_mem=250Mi limit_cpu=none limit_mem=none vpa_target_cpu=271m vpa_target_mem=250Mi vpa_uncapped_cpu=271m vpa_uncapped_mem=250Mi vpa_lower_cpu=115m vpa_lower_mem=250Mi vpa_upper_cpu=1500m vpa_upper_mem=512Mi
[2026-08-21T23:51:29+02:00] SCENARIO UPF BEFORE timestamp=2026-08-21T23:51:29+02:00 active_ue=19 pod=open5gs-upf-5b9db6d44-nsbqz uid=7b5b8ef7-a2a2-4fe9-a3e1-74acd17bd88f restarts=6
[2026-08-21T23:51:30+02:00] REMOTE_IPERF_PER_UE_START timestamp=2026-08-21T21:51:30+00:00 active_ues=19 tag=ue_19 iperf_host=192.168.1.211 base_port=5201 replacement_base_port=5251 duration=80 bitrate=1M start_delay=0.05 detection=no_rx_counter connect_timeout_s=4 stall_seconds=5 replacement_limit=15 replacement_min_duration_s=5 adaptive_extension_max_s=1 iperf_exit_grace_s=3 server_busy_port_rebinds=1 late_replacement_after_end=disabled wait_for_iperf_exit=until_timeout global_suspect_policy=soft_reuse ramp_supervision=after_initial_start
[2026-08-21T23:51:30+02:00] UE_POOL_STATUS timestamp=2026-08-21T21:51:30+00:00 active_ues=19 registered_tunnels=50 existing_global_suspect_ues=0 used_ues=0 policy=soft_reuse_global_suspects
[2026-08-21T23:51:30+02:00] UE_SLOT_ASSIGN timestamp=2026-08-21T21:51:30+00:00 active_ues=19 slot=0 ue_idx=0 ue_if=uesimtun0 ue_ip=10.45.0.252 candidate_reused_global_suspect=0
[2026-08-21T23:51:30+02:00] UE_SLOT_START timestamp=2026-08-21T21:51:30+00:00 active_ues=19 slot=0 attempt=1 ue_idx=0 ue_if=uesimtun0 ue_ip=10.45.0.252 target=192.168.1.211:5201 bitrate=1M duration_s=80 planned_end_epoch=1787349170 timeout_s=90 hard_timeout_epoch=1787349185 start_rx_bytes=821916
[2026-08-21T23:51:30+02:00] UE_SLOT_PID timestamp=2026-08-21T21:51:30+00:00 active_ues=19 slot=0 attempt=1 ue_idx=0 pid=22440
[2026-08-21T23:51:30+02:00] UE_SLOT_ASSIGN timestamp=2026-08-21T21:51:30+00:00 active_ues=19 slot=1 ue_idx=1 ue_if=uesimtun1 ue_ip=10.45.0.253 candidate_reused_global_suspect=0
[2026-08-21T23:51:30+02:00] UE_SLOT_START timestamp=2026-08-21T21:51:30+00:00 active_ues=19 slot=1 attempt=1 ue_idx=1 ue_if=uesimtun1 ue_ip=10.45.0.253 target=192.168.1.211:5202 bitrate=1M duration_s=80 planned_end_epoch=1787349170 timeout_s=90 hard_timeout_epoch=1787349185 start_rx_bytes=730516
[2026-08-21T23:51:30+02:00] UE_SLOT_PID timestamp=2026-08-21T21:51:30+00:00 active_ues=19 slot=1 attempt=1 ue_idx=1 pid=22465
[2026-08-21T23:51:31+02:00] UE_SLOT_ASSIGN timestamp=2026-08-21T21:51:31+00:00 active_ues=19 slot=2 ue_idx=2 ue_if=uesimtun2 ue_ip=10.45.0.254 candidate_reused_global_suspect=0
[2026-08-21T23:51:31+02:00] UE_SLOT_START timestamp=2026-08-21T21:51:31+00:00 active_ues=19 slot=2 attempt=1 ue_idx=2 ue_if=uesimtun2 ue_ip=10.45.0.254 target=192.168.1.211:5203 bitrate=1M duration_s=80 planned_end_epoch=1787349171 timeout_s=90 hard_timeout_epoch=1787349186 start_rx_bytes=737622
[2026-08-21T23:51:31+02:00] UE_SLOT_PID timestamp=2026-08-21T21:51:31+00:00 active_ues=19 slot=2 attempt=1 ue_idx=2 pid=22490
[2026-08-21T23:51:31+02:00] UE_SLOT_ASSIGN timestamp=2026-08-21T21:51:31+00:00 active_ues=19 slot=3 ue_idx=3 ue_if=uesimtun3 ue_ip=10.45.1.0 candidate_reused_global_suspect=0
[2026-08-21T23:51:31+02:00] UE_SLOT_START timestamp=2026-08-21T21:51:31+00:00 active_ues=19 slot=3 attempt=1 ue_idx=3 ue_if=uesimtun3 ue_ip=10.45.1.0 target=192.168.1.211:5204 bitrate=1M duration_s=80 planned_end_epoch=1787349171 timeout_s=90 hard_timeout_epoch=1787349186 start_rx_bytes=639022
[2026-08-21T23:51:31+02:00] UE_SLOT_PID timestamp=2026-08-21T21:51:31+00:00 active_ues=19 slot=3 attempt=1 ue_idx=3 pid=22515
[2026-08-21T23:51:31+02:00] UE_SLOT_ASSIGN timestamp=2026-08-21T21:51:31+00:00 active_ues=19 slot=4 ue_idx=4 ue_if=uesimtun4 ue_ip=10.45.1.1 candidate_reused_global_suspect=0
[2026-08-21T23:51:31+02:00] UE_SLOT_START timestamp=2026-08-21T21:51:31+00:00 active_ues=19 slot=4 attempt=1 ue_idx=4 ue_if=uesimtun4 ue_ip=10.45.1.1 target=192.168.1.211:5205 bitrate=1M duration_s=80 planned_end_epoch=1787349171 timeout_s=90 hard_timeout_epoch=1787349186 start_rx_bytes=643722
[2026-08-21T23:51:31+02:00] UE_SLOT_PID timestamp=2026-08-21T21:51:31+00:00 active_ues=19 slot=4 attempt=1 ue_idx=4 pid=22540
[2026-08-21T23:51:31+02:00] UE_SLOT_ASSIGN timestamp=2026-08-21T21:51:31+00:00 active_ues=19 slot=5 ue_idx=5 ue_if=uesimtun5 ue_ip=10.45.1.3 candidate_reused_global_suspect=0
[2026-08-21T23:51:31+02:00] UPF_CONTROL_SAMPLE timestamp=2026-08-21T23:51:30+02:00 scenario=ue_19 pod=open5gs-upf-5b9db6d44-nsbqz uid=7b5b8ef7-a2a2-4fe9-a3e1-74acd17bd88f restarts=6 usage_cpu=264m usage_mem=35Mi request_cpu=271m request_mem=250Mi limit_cpu=none limit_mem=none vpa_target_cpu=271m vpa_target_mem=250Mi vpa_uncapped_cpu=271m vpa_uncapped_mem=250Mi vpa_lower_cpu=115m vpa_lower_mem=250Mi vpa_upper_cpu=1500m vpa_upper_mem=512Mi
[2026-08-21T23:51:31+02:00] UE_SLOT_START timestamp=2026-08-21T21:51:31+00:00 active_ues=19 slot=5 attempt=1 ue_idx=5 ue_if=uesimtun5 ue_ip=10.45.1.3 target=192.168.1.211:5206 bitrate=1M duration_s=80 planned_end_epoch=1787349171 timeout_s=90 hard_timeout_epoch=1787349186 start_rx_bytes=534082
[2026-08-21T23:51:31+02:00] UE_SLOT_PID timestamp=2026-08-21T21:51:31+00:00 active_ues=19 slot=5 attempt=1 ue_idx=5 pid=22565
[2026-08-21T23:51:31+02:00] UE_SLOT_ASSIGN timestamp=2026-08-21T21:51:31+00:00 active_ues=19 slot=6 ue_idx=6 ue_if=uesimtun6 ue_ip=10.45.0.255 candidate_reused_global_suspect=0
[2026-08-21T23:51:32+02:00] UE_SLOT_START timestamp=2026-08-21T21:51:31+00:00 active_ues=19 slot=6 attempt=1 ue_idx=6 ue_if=uesimtun6 ue_ip=10.45.0.255 target=192.168.1.211:5207 bitrate=1M duration_s=80 planned_end_epoch=1787349171 timeout_s=90 hard_timeout_epoch=1787349186 start_rx_bytes=543113
[2026-08-21T23:51:32+02:00] UE_SLOT_PID timestamp=2026-08-21T21:51:32+00:00 active_ues=19 slot=6 attempt=1 ue_idx=6 pid=22590
[2026-08-21T23:51:32+02:00] UE_SLOT_ASSIGN timestamp=2026-08-21T21:51:32+00:00 active_ues=19 slot=7 ue_idx=7 ue_if=uesimtun7 ue_ip=10.45.1.6 candidate_reused_global_suspect=0
[2026-08-21T23:51:32+02:00] UE_SLOT_START timestamp=2026-08-21T21:51:32+00:00 active_ues=19 slot=7 attempt=1 ue_idx=7 ue_if=uesimtun7 ue_ip=10.45.1.6 target=192.168.1.211:5208 bitrate=1M duration_s=80 planned_end_epoch=1787349172 timeout_s=90 hard_timeout_epoch=1787349187 start_rx_bytes=445395
[2026-08-21T23:51:32+02:00] UE_SLOT_PID timestamp=2026-08-21T21:51:32+00:00 active_ues=19 slot=7 attempt=1 ue_idx=7 pid=22615
[2026-08-21T23:51:32+02:00] UE_SLOT_ASSIGN timestamp=2026-08-21T21:51:32+00:00 active_ues=19 slot=8 ue_idx=8 ue_if=uesimtun8 ue_ip=10.45.1.10 candidate_reused_global_suspect=0
[2026-08-21T23:51:32+02:00] UE_SLOT_START timestamp=2026-08-21T21:51:32+00:00 active_ues=19 slot=8 attempt=1 ue_idx=8 ue_if=uesimtun8 ue_ip=10.45.1.10 target=192.168.1.211:5209 bitrate=1M duration_s=80 planned_end_epoch=1787349172 timeout_s=90 hard_timeout_epoch=1787349187 start_rx_bytes=456850
[2026-08-21T23:51:32+02:00] UE_SLOT_PID timestamp=2026-08-21T21:51:32+00:00 active_ues=19 slot=8 attempt=1 ue_idx=8 pid=22640
[2026-08-21T23:51:32+02:00] UE_SLOT_ASSIGN timestamp=2026-08-21T21:51:32+00:00 active_ues=19 slot=9 ue_idx=9 ue_if=uesimtun9 ue_ip=10.45.1.7 candidate_reused_global_suspect=0
[2026-08-21T23:51:32+02:00] UE_SLOT_START timestamp=2026-08-21T21:51:32+00:00 active_ues=19 slot=9 attempt=1 ue_idx=9 ue_if=uesimtun9 ue_ip=10.45.1.7 target=192.168.1.211:5210 bitrate=1M duration_s=80 planned_end_epoch=1787349172 timeout_s=90 hard_timeout_epoch=1787349187 start_rx_bytes=359119
[2026-08-21T23:51:32+02:00] UE_SLOT_PID timestamp=2026-08-21T21:51:32+00:00 active_ues=19 slot=9 attempt=1 ue_idx=9 pid=22665
[2026-08-21T23:51:32+02:00] UE_SLOT_ASSIGN timestamp=2026-08-21T21:51:32+00:00 active_ues=19 slot=10 ue_idx=10 ue_if=uesimtun10 ue_ip=10.45.1.14 candidate_reused_global_suspect=0
[2026-08-21T23:51:32+02:00] UE_SLOT_START timestamp=2026-08-21T21:51:32+00:00 active_ues=19 slot=10 attempt=1 ue_idx=10 ue_if=uesimtun10 ue_ip=10.45.1.14 target=192.168.1.211:5211 bitrate=1M duration_s=80 planned_end_epoch=1787349172 timeout_s=90 hard_timeout_epoch=1787349187 start_rx_bytes=357062
[2026-08-21T23:51:33+02:00] UE_SLOT_PID timestamp=2026-08-21T21:51:32+00:00 active_ues=19 slot=10 attempt=1 ue_idx=10 pid=22690
[2026-08-21T23:51:33+02:00] UE_SLOT_ASSIGN timestamp=2026-08-21T21:51:33+00:00 active_ues=19 slot=11 ue_idx=11 ue_if=uesimtun11 ue_ip=10.45.1.15 candidate_reused_global_suspect=0
[2026-08-21T23:51:33+02:00] UE_SLOT_START timestamp=2026-08-21T21:51:33+00:00 active_ues=19 slot=11 attempt=1 ue_idx=11 ue_if=uesimtun11 ue_ip=10.45.1.15 target=192.168.1.211:5212 bitrate=1M duration_s=80 planned_end_epoch=1787349173 timeout_s=90 hard_timeout_epoch=1787349188 start_rx_bytes=273755
[2026-08-21T23:51:33+02:00] UE_SLOT_PID timestamp=2026-08-21T21:51:33+00:00 active_ues=19 slot=11 attempt=1 ue_idx=11 pid=22715
[2026-08-21T23:51:33+02:00] UE_SLOT_ASSIGN timestamp=2026-08-21T21:51:33+00:00 active_ues=19 slot=12 ue_idx=12 ue_if=uesimtun12 ue_ip=10.45.1.12 candidate_reused_global_suspect=0
[2026-08-21T23:51:33+02:00] UE_SLOT_START timestamp=2026-08-21T21:51:33+00:00 active_ues=19 slot=12 attempt=1 ue_idx=12 ue_if=uesimtun12 ue_ip=10.45.1.12 target=192.168.1.211:5213 bitrate=1M duration_s=80 planned_end_epoch=1787349173 timeout_s=90 hard_timeout_epoch=1787349188 start_rx_bytes=276293
[2026-08-21T23:51:33+02:00] UE_SLOT_PID timestamp=2026-08-21T21:51:33+00:00 active_ues=19 slot=12 attempt=1 ue_idx=12 pid=22740
[2026-08-21T23:51:33+02:00] UE_SLOT_ASSIGN timestamp=2026-08-21T21:51:33+00:00 active_ues=19 slot=13 ue_idx=13 ue_if=uesimtun13 ue_ip=10.45.1.18 candidate_reused_global_suspect=0
[2026-08-21T23:51:33+02:00] UE_SLOT_START timestamp=2026-08-21T21:51:33+00:00 active_ues=19 slot=13 attempt=1 ue_idx=13 ue_if=uesimtun13 ue_ip=10.45.1.18 target=192.168.1.211:5214 bitrate=1M duration_s=80 planned_end_epoch=1787349173 timeout_s=90 hard_timeout_epoch=1787349188 start_rx_bytes=180528
[2026-08-21T23:51:33+02:00] UE_SLOT_PID timestamp=2026-08-21T21:51:33+00:00 active_ues=19 slot=13 attempt=1 ue_idx=13 pid=22765
[2026-08-21T23:51:33+02:00] UE_SLOT_ASSIGN timestamp=2026-08-21T21:51:33+00:00 active_ues=19 slot=14 ue_idx=14 ue_if=uesimtun14 ue_ip=10.45.1.4 candidate_reused_global_suspect=0
[2026-08-21T23:51:33+02:00] UE_SLOT_START timestamp=2026-08-21T21:51:33+00:00 active_ues=19 slot=14 attempt=1 ue_idx=14 ue_if=uesimtun14 ue_ip=10.45.1.4 target=192.168.1.211:5215 bitrate=1M duration_s=80 planned_end_epoch=1787349173 timeout_s=90 hard_timeout_epoch=1787349188 start_rx_bytes=186461
[2026-08-21T23:51:33+02:00] UE_SLOT_PID timestamp=2026-08-21T21:51:33+00:00 active_ues=19 slot=14 attempt=1 ue_idx=14 pid=22790
[2026-08-21T23:51:34+02:00] UE_SLOT_ASSIGN timestamp=2026-08-21T21:51:33+00:00 active_ues=19 slot=15 ue_idx=15 ue_if=uesimtun15 ue_ip=10.45.1.19 candidate_reused_global_suspect=0
[2026-08-21T23:51:34+02:00] UE_SLOT_START timestamp=2026-08-21T21:51:34+00:00 active_ues=19 slot=15 attempt=1 ue_idx=15 ue_if=uesimtun15 ue_ip=10.45.1.19 target=192.168.1.211:5216 bitrate=1M duration_s=80 planned_end_epoch=1787349173 timeout_s=90 hard_timeout_epoch=1787349189 start_rx_bytes=84204
[2026-08-21T23:51:34+02:00] UE_SLOT_PID timestamp=2026-08-21T21:51:34+00:00 active_ues=19 slot=15 attempt=1 ue_idx=15 pid=22815
[2026-08-21T23:51:34+02:00] UE_SLOT_ASSIGN timestamp=2026-08-21T21:51:34+00:00 active_ues=19 slot=16 ue_idx=16 ue_if=uesimtun16 ue_ip=10.45.1.21 candidate_reused_global_suspect=0
[2026-08-21T23:51:34+02:00] UE_SLOT_START timestamp=2026-08-21T21:51:34+00:00 active_ues=19 slot=16 attempt=1 ue_idx=16 ue_if=uesimtun16 ue_ip=10.45.1.21 target=192.168.1.211:5217 bitrate=1M duration_s=80 planned_end_epoch=1787349174 timeout_s=90 hard_timeout_epoch=1787349189 start_rx_bytes=91299
[2026-08-21T23:51:34+02:00] UE_SLOT_PID timestamp=2026-08-21T21:51:34+00:00 active_ues=19 slot=16 attempt=1 ue_idx=16 pid=22840
[2026-08-21T23:51:34+02:00] UPF_CONTROL_SAMPLE timestamp=2026-08-21T23:51:32+02:00 scenario=ue_19 pod=open5gs-upf-5b9db6d44-nsbqz uid=7b5b8ef7-a2a2-4fe9-a3e1-74acd17bd88f restarts=6 usage_cpu=264m usage_mem=35Mi request_cpu=271m request_mem=250Mi limit_cpu=none limit_mem=none vpa_target_cpu=271m vpa_target_mem=250Mi vpa_uncapped_cpu=271m vpa_uncapped_mem=250Mi vpa_lower_cpu=115m vpa_lower_mem=250Mi vpa_upper_cpu=1500m vpa_upper_mem=512Mi
[2026-08-21T23:51:34+02:00] UE_SLOT_ASSIGN timestamp=2026-08-21T21:51:34+00:00 active_ues=19 slot=17 ue_idx=17 ue_if=uesimtun17 ue_ip=10.45.1.22 candidate_reused_global_suspect=0
[2026-08-21T23:51:34+02:00] UE_SLOT_START timestamp=2026-08-21T21:51:34+00:00 active_ues=19 slot=17 attempt=1 ue_idx=17 ue_if=uesimtun17 ue_ip=10.45.1.22 target=192.168.1.211:5218 bitrate=1M duration_s=80 planned_end_epoch=1787349174 timeout_s=90 hard_timeout_epoch=1787349189 start_rx_bytes=0
[2026-08-21T23:51:34+02:00] UE_SLOT_PID timestamp=2026-08-21T21:51:34+00:00 active_ues=19 slot=17 attempt=1 ue_idx=17 pid=22865
[2026-08-21T23:51:34+02:00] UE_SLOT_ASSIGN timestamp=2026-08-21T21:51:34+00:00 active_ues=19 slot=18 ue_idx=18 ue_if=uesimtun18 ue_ip=10.45.1.24 candidate_reused_global_suspect=0
[2026-08-21T23:51:34+02:00] UE_SLOT_START timestamp=2026-08-21T21:51:34+00:00 active_ues=19 slot=18 attempt=1 ue_idx=18 ue_if=uesimtun18 ue_ip=10.45.1.24 target=192.168.1.211:5219 bitrate=1M duration_s=80 planned_end_epoch=1787349174 timeout_s=90 hard_timeout_epoch=1787349189 start_rx_bytes=0
[2026-08-21T23:51:34+02:00] UE_SLOT_PID timestamp=2026-08-21T21:51:34+00:00 active_ues=19 slot=18 attempt=1 ue_idx=18 pid=22890
[2026-08-21T23:51:34+02:00] IPERF_MAPPING_SUMMARY timestamp=2026-08-21T21:51:34+00:00 active_ues=19 registered_tunnels=50 initial_ports=5201-5219 replacement_ports=5251-5265 bitrate=1M start_delay=0.05 detection=no_rx_counter replacement_min_duration_s=5 adaptive_extension_max_s=1 iperf_exit_grace_s=3 server_busy_port_rebinds=1 late_replacement_after_end=disabled wait_for_iperf_exit=until_timeout global_suspect_policy=soft_reuse ramp_supervision=after_initial_start
[2026-08-21T23:51:36+02:00] VPA_RECOMMENDATION_CHANGE timestamp=2026-08-21T23:51:35+02:00 scenario=ue_19 old='vpa_target_cpu=271m vpa_target_mem=250Mi vpa_uncapped_cpu=271m vpa_uncapped_mem=250Mi vpa_lower_cpu=115m vpa_lower_mem=250Mi vpa_upper_cpu=1500m vpa_upper_mem=512Mi' new='vpa_target_cpu=296m vpa_target_mem=250Mi vpa_uncapped_cpu=296m vpa_uncapped_mem=250Mi vpa_lower_cpu=117m vpa_lower_mem=250Mi vpa_upper_cpu=1500m vpa_upper_mem=512Mi' previous_5s_sample='timestamp=2026-08-21T23:51:30+02:00 scenario=ue_19 pod=open5gs-upf-5b9db6d44-nsbqz uid=7b5b8ef7-a2a2-4fe9-a3e1-74acd17bd88f restarts=6 usage_cpu=264m usage_mem=35Mi request_cpu=271m request_mem=250Mi limit_cpu=none limit_mem=none vpa_target_cpu=271m vpa_target_mem=250Mi vpa_uncapped_cpu=271m vpa_uncapped_mem=250Mi vpa_lower_cpu=115m vpa_lower_mem=250Mi vpa_upper_cpu=1500m vpa_upper_mem=512Mi' current_sample='timestamp=2026-08-21T23:51:35+02:00 scenario=ue_19 pod=open5gs-upf-5b9db6d44-nsbqz uid=7b5b8ef7-a2a2-4fe9-a3e1-74acd17bd88f restarts=6 usage_cpu=264m usage_mem=35Mi request_cpu=271m request_mem=250Mi limit_cpu=none limit_mem=none vpa_target_cpu=296m vpa_target_mem=250Mi vpa_uncapped_cpu=296m vpa_uncapped_mem=250Mi vpa_lower_cpu=117m vpa_lower_mem=250Mi vpa_upper_cpu=1500m vpa_upper_mem=512Mi'
[2026-08-21T23:51:36+02:00] UPF_CONTROL_SAMPLE timestamp=2026-08-21T23:51:35+02:00 scenario=ue_19 pod=open5gs-upf-5b9db6d44-nsbqz uid=7b5b8ef7-a2a2-4fe9-a3e1-74acd17bd88f restarts=6 usage_cpu=264m usage_mem=35Mi request_cpu=271m request_mem=250Mi limit_cpu=none limit_mem=none vpa_target_cpu=296m vpa_target_mem=250Mi vpa_uncapped_cpu=296m vpa_uncapped_mem=250Mi vpa_lower_cpu=117m vpa_lower_mem=250Mi vpa_upper_cpu=1500m vpa_upper_mem=512Mi
[2026-08-21T23:51:38+02:00] UPF_CONTROL_SAMPLE timestamp=2026-08-21T23:51:37+02:00 scenario=ue_19 pod=open5gs-upf-5b9db6d44-nsbqz uid=7b5b8ef7-a2a2-4fe9-a3e1-74acd17bd88f restarts=6 usage_cpu=264m usage_mem=35Mi request_cpu=271m request_mem=250Mi limit_cpu=none limit_mem=none vpa_target_cpu=296m vpa_target_mem=250Mi vpa_uncapped_cpu=296m vpa_uncapped_mem=250Mi vpa_lower_cpu=117m vpa_lower_mem=250Mi vpa_upper_cpu=1500m vpa_upper_mem=512Mi
[2026-08-21T23:51:41+02:00] UPF_CONTROL_SAMPLE timestamp=2026-08-21T23:51:40+02:00 scenario=ue_19 pod=open5gs-upf-5b9db6d44-nsbqz uid=7b5b8ef7-a2a2-4fe9-a3e1-74acd17bd88f restarts=6 usage_cpu=172m usage_mem=35Mi request_cpu=271m request_mem=250Mi limit_cpu=none limit_mem=none vpa_target_cpu=296m vpa_target_mem=250Mi vpa_uncapped_cpu=296m vpa_uncapped_mem=250Mi vpa_lower_cpu=117m vpa_lower_mem=250Mi vpa_upper_cpu=1500m vpa_upper_mem=512Mi
[2026-08-21T23:51:43+02:00] UPF_CONTROL_SAMPLE timestamp=2026-08-21T23:51:42+02:00 scenario=ue_19 pod=open5gs-upf-5b9db6d44-nsbqz uid=7b5b8ef7-a2a2-4fe9-a3e1-74acd17bd88f restarts=6 usage_cpu=172m usage_mem=35Mi request_cpu=271m request_mem=250Mi limit_cpu=none limit_mem=none vpa_target_cpu=296m vpa_target_mem=250Mi vpa_uncapped_cpu=296m vpa_uncapped_mem=250Mi vpa_lower_cpu=117m vpa_lower_mem=250Mi vpa_upper_cpu=1500m vpa_upper_mem=512Mi
[2026-08-21T23:51:45+02:00] UPF_CONTROL_SAMPLE timestamp=2026-08-21T23:51:44+02:00 scenario=ue_19 pod=open5gs-upf-5b9db6d44-nsbqz uid=7b5b8ef7-a2a2-4fe9-a3e1-74acd17bd88f restarts=6 usage_cpu=172m usage_mem=35Mi request_cpu=271m request_mem=250Mi limit_cpu=none limit_mem=none vpa_target_cpu=296m vpa_target_mem=250Mi vpa_uncapped_cpu=296m vpa_uncapped_mem=250Mi vpa_lower_cpu=117m vpa_lower_mem=250Mi vpa_upper_cpu=1500m vpa_upper_mem=512Mi
[2026-08-21T23:51:48+02:00] UPF_CONTROL_SAMPLE timestamp=2026-08-21T23:51:46+02:00 scenario=ue_19 pod=open5gs-upf-5b9db6d44-nsbqz uid=7b5b8ef7-a2a2-4fe9-a3e1-74acd17bd88f restarts=6 usage_cpu=172m usage_mem=35Mi request_cpu=271m request_mem=250Mi limit_cpu=none limit_mem=none vpa_target_cpu=296m vpa_target_mem=250Mi vpa_uncapped_cpu=296m vpa_uncapped_mem=250Mi vpa_lower_cpu=117m vpa_lower_mem=250Mi vpa_upper_cpu=1500m vpa_upper_mem=512Mi
[2026-08-21T23:51:50+02:00] UPF_CONTROL_SAMPLE timestamp=2026-08-21T23:51:49+02:00 scenario=ue_19 pod=open5gs-upf-5b9db6d44-nsbqz uid=7b5b8ef7-a2a2-4fe9-a3e1-74acd17bd88f restarts=6 usage_cpu=172m usage_mem=35Mi request_cpu=271m request_mem=250Mi limit_cpu=none limit_mem=none vpa_target_cpu=296m vpa_target_mem=250Mi vpa_uncapped_cpu=296m vpa_uncapped_mem=250Mi vpa_lower_cpu=117m vpa_lower_mem=250Mi vpa_upper_cpu=1500m vpa_upper_mem=512Mi
[2026-08-21T23:51:52+02:00] UPF_CONTROL_SAMPLE timestamp=2026-08-21T23:51:51+02:00 scenario=ue_19 pod=open5gs-upf-5b9db6d44-nsbqz uid=7b5b8ef7-a2a2-4fe9-a3e1-74acd17bd88f restarts=6 usage_cpu=172m usage_mem=35Mi request_cpu=271m request_mem=250Mi limit_cpu=none limit_mem=none vpa_target_cpu=296m vpa_target_mem=250Mi vpa_uncapped_cpu=296m vpa_uncapped_mem=250Mi vpa_lower_cpu=117m vpa_lower_mem=250Mi vpa_upper_cpu=1500m vpa_upper_mem=512Mi
[2026-08-21T23:51:54+02:00] UPF_CONTROL_SAMPLE timestamp=2026-08-21T23:51:53+02:00 scenario=ue_19 pod=open5gs-upf-5b9db6d44-nsbqz uid=7b5b8ef7-a2a2-4fe9-a3e1-74acd17bd88f restarts=6 usage_cpu=172m usage_mem=35Mi request_cpu=271m request_mem=250Mi limit_cpu=none limit_mem=none vpa_target_cpu=296m vpa_target_mem=250Mi vpa_uncapped_cpu=296m vpa_uncapped_mem=250Mi vpa_lower_cpu=117m vpa_lower_mem=250Mi vpa_upper_cpu=1500m vpa_upper_mem=512Mi
[2026-08-21T23:51:57+02:00] UPF_CONTROL_SAMPLE timestamp=2026-08-21T23:51:55+02:00 scenario=ue_19 pod=open5gs-upf-5b9db6d44-nsbqz uid=7b5b8ef7-a2a2-4fe9-a3e1-74acd17bd88f restarts=6 usage_cpu=287m usage_mem=35Mi request_cpu=271m request_mem=250Mi limit_cpu=none limit_mem=none vpa_target_cpu=296m vpa_target_mem=250Mi vpa_uncapped_cpu=296m vpa_uncapped_mem=250Mi vpa_lower_cpu=117m vpa_lower_mem=250Mi vpa_upper_cpu=1500m vpa_upper_mem=512Mi
[2026-08-21T23:51:59+02:00] UPF_CONTROL_SAMPLE timestamp=2026-08-21T23:51:58+02:00 scenario=ue_19 pod=open5gs-upf-5b9db6d44-nsbqz uid=7b5b8ef7-a2a2-4fe9-a3e1-74acd17bd88f restarts=6 usage_cpu=287m usage_mem=35Mi request_cpu=271m request_mem=250Mi limit_cpu=none limit_mem=none vpa_target_cpu=296m vpa_target_mem=250Mi vpa_uncapped_cpu=296m vpa_uncapped_mem=250Mi vpa_lower_cpu=117m vpa_lower_mem=250Mi vpa_upper_cpu=1500m vpa_upper_mem=512Mi
[2026-08-21T23:52:01+02:00] UPF_CONTROL_SAMPLE timestamp=2026-08-21T23:52:00+02:00 scenario=ue_19 pod=open5gs-upf-5b9db6d44-nsbqz uid=7b5b8ef7-a2a2-4fe9-a3e1-74acd17bd88f restarts=6 usage_cpu=287m usage_mem=35Mi request_cpu=271m request_mem=250Mi limit_cpu=none limit_mem=none vpa_target_cpu=296m vpa_target_mem=250Mi vpa_uncapped_cpu=296m vpa_uncapped_mem=250Mi vpa_lower_cpu=117m vpa_lower_mem=250Mi vpa_upper_cpu=1500m vpa_upper_mem=512Mi
[2026-08-21T23:52:03+02:00] UPF_CONTROL_SAMPLE timestamp=2026-08-21T23:52:02+02:00 scenario=ue_19 pod=open5gs-upf-5b9db6d44-nsbqz uid=7b5b8ef7-a2a2-4fe9-a3e1-74acd17bd88f restarts=6 usage_cpu=287m usage_mem=35Mi request_cpu=271m request_mem=250Mi limit_cpu=none limit_mem=none vpa_target_cpu=296m vpa_target_mem=250Mi vpa_uncapped_cpu=296m vpa_uncapped_mem=250Mi vpa_lower_cpu=117m vpa_lower_mem=250Mi vpa_upper_cpu=1500m vpa_upper_mem=512Mi
[2026-08-21T23:52:06+02:00] UPF_CONTROL_SAMPLE timestamp=2026-08-21T23:52:05+02:00 scenario=ue_19 pod=open5gs-upf-5b9db6d44-nsbqz uid=7b5b8ef7-a2a2-4fe9-a3e1-74acd17bd88f restarts=6 usage_cpu=287m usage_mem=35Mi request_cpu=271m request_mem=250Mi limit_cpu=none limit_mem=none vpa_target_cpu=296m vpa_target_mem=250Mi vpa_uncapped_cpu=296m vpa_uncapped_mem=250Mi vpa_lower_cpu=117m vpa_lower_mem=250Mi vpa_upper_cpu=1500m vpa_upper_mem=512Mi
[2026-08-21T23:52:08+02:00] UPF_CONTROL_SAMPLE timestamp=2026-08-21T23:52:07+02:00 scenario=ue_19 pod=open5gs-upf-5b9db6d44-nsbqz uid=7b5b8ef7-a2a2-4fe9-a3e1-74acd17bd88f restarts=6 usage_cpu=287m usage_mem=35Mi request_cpu=271m request_mem=250Mi limit_cpu=none limit_mem=none vpa_target_cpu=296m vpa_target_mem=250Mi vpa_uncapped_cpu=296m vpa_uncapped_mem=250Mi vpa_lower_cpu=117m vpa_lower_mem=250Mi vpa_upper_cpu=1500m vpa_upper_mem=512Mi
[2026-08-21T23:52:10+02:00] UPF_CONTROL_SAMPLE timestamp=2026-08-21T23:52:09+02:00 scenario=ue_19 pod=open5gs-upf-5b9db6d44-nsbqz uid=7b5b8ef7-a2a2-4fe9-a3e1-74acd17bd88f restarts=6 usage_cpu=300m usage_mem=35Mi request_cpu=271m request_mem=250Mi limit_cpu=none limit_mem=none vpa_target_cpu=296m vpa_target_mem=250Mi vpa_uncapped_cpu=296m vpa_uncapped_mem=250Mi vpa_lower_cpu=117m vpa_lower_mem=250Mi vpa_upper_cpu=1500m vpa_upper_mem=512Mi
[2026-08-21T23:52:13+02:00] UPF_CONTROL_SAMPLE timestamp=2026-08-21T23:52:11+02:00 scenario=ue_19 pod=open5gs-upf-5b9db6d44-nsbqz uid=7b5b8ef7-a2a2-4fe9-a3e1-74acd17bd88f restarts=6 usage_cpu=300m usage_mem=35Mi request_cpu=271m request_mem=250Mi limit_cpu=none limit_mem=none vpa_target_cpu=296m vpa_target_mem=250Mi vpa_uncapped_cpu=296m vpa_uncapped_mem=250Mi vpa_lower_cpu=117m vpa_lower_mem=250Mi vpa_upper_cpu=1500m vpa_upper_mem=512Mi
[2026-08-21T23:52:15+02:00] UPF_CONTROL_SAMPLE timestamp=2026-08-21T23:52:14+02:00 scenario=ue_19 pod=open5gs-upf-5b9db6d44-nsbqz uid=7b5b8ef7-a2a2-4fe9-a3e1-74acd17bd88f restarts=6 usage_cpu=300m usage_mem=35Mi request_cpu=271m request_mem=250Mi limit_cpu=none limit_mem=none vpa_target_cpu=296m vpa_target_mem=250Mi vpa_uncapped_cpu=296m vpa_uncapped_mem=250Mi vpa_lower_cpu=117m vpa_lower_mem=250Mi vpa_upper_cpu=1500m vpa_upper_mem=512Mi
[2026-08-21T23:52:17+02:00] UPF_CONTROL_SAMPLE timestamp=2026-08-21T23:52:16+02:00 scenario=ue_19 pod=open5gs-upf-5b9db6d44-nsbqz uid=7b5b8ef7-a2a2-4fe9-a3e1-74acd17bd88f restarts=6 usage_cpu=300m usage_mem=35Mi request_cpu=271m request_mem=250Mi limit_cpu=none limit_mem=none vpa_target_cpu=296m vpa_target_mem=250Mi vpa_uncapped_cpu=296m vpa_uncapped_mem=250Mi vpa_lower_cpu=117m vpa_lower_mem=250Mi vpa_upper_cpu=1500m vpa_upper_mem=512Mi
[2026-08-21T23:52:19+02:00] UPF_CONTROL_SAMPLE timestamp=2026-08-21T23:52:18+02:00 scenario=ue_19 pod=open5gs-upf-5b9db6d44-nsbqz uid=7b5b8ef7-a2a2-4fe9-a3e1-74acd17bd88f restarts=6 usage_cpu=300m usage_mem=35Mi request_cpu=271m request_mem=250Mi limit_cpu=none limit_mem=none vpa_target_cpu=296m vpa_target_mem=250Mi vpa_uncapped_cpu=296m vpa_uncapped_mem=250Mi vpa_lower_cpu=117m vpa_lower_mem=250Mi vpa_upper_cpu=1500m vpa_upper_mem=512Mi
[2026-08-21T23:52:22+02:00] UPF_CONTROL_SAMPLE timestamp=2026-08-21T23:52:20+02:00 scenario=ue_19 pod=open5gs-upf-5b9db6d44-nsbqz uid=7b5b8ef7-a2a2-4fe9-a3e1-74acd17bd88f restarts=6 usage_cpu=300m usage_mem=35Mi request_cpu=271m request_mem=250Mi limit_cpu=none limit_mem=none vpa_target_cpu=296m vpa_target_mem=250Mi vpa_uncapped_cpu=296m vpa_uncapped_mem=250Mi vpa_lower_cpu=117m vpa_lower_mem=250Mi vpa_upper_cpu=1500m vpa_upper_mem=512Mi
[2026-08-21T23:52:24+02:00] UPF_CONTROL_SAMPLE timestamp=2026-08-21T23:52:23+02:00 scenario=ue_19 pod=open5gs-upf-5b9db6d44-nsbqz uid=7b5b8ef7-a2a2-4fe9-a3e1-74acd17bd88f restarts=6 usage_cpu=300m usage_mem=35Mi request_cpu=271m request_mem=250Mi limit_cpu=none limit_mem=none vpa_target_cpu=296m vpa_target_mem=250Mi vpa_uncapped_cpu=296m vpa_uncapped_mem=250Mi vpa_lower_cpu=117m vpa_lower_mem=250Mi vpa_upper_cpu=1500m vpa_upper_mem=512Mi
[2026-08-21T23:52:26+02:00] UPF_CONTROL_SAMPLE timestamp=2026-08-21T23:52:25+02:00 scenario=ue_19 pod=open5gs-upf-5b9db6d44-nsbqz uid=7b5b8ef7-a2a2-4fe9-a3e1-74acd17bd88f restarts=6 usage_cpu=308m usage_mem=35Mi request_cpu=271m request_mem=250Mi limit_cpu=none limit_mem=none vpa_target_cpu=296m vpa_target_mem=250Mi vpa_uncapped_cpu=296m vpa_uncapped_mem=250Mi vpa_lower_cpu=117m vpa_lower_mem=250Mi vpa_upper_cpu=1500m vpa_upper_mem=512Mi
[2026-08-21T23:52:28+02:00] UPF_CONTROL_SAMPLE timestamp=2026-08-21T23:52:27+02:00 scenario=ue_19 pod=open5gs-upf-5b9db6d44-nsbqz uid=7b5b8ef7-a2a2-4fe9-a3e1-74acd17bd88f restarts=6 usage_cpu=308m usage_mem=35Mi request_cpu=271m request_mem=250Mi limit_cpu=none limit_mem=none vpa_target_cpu=296m vpa_target_mem=250Mi vpa_uncapped_cpu=296m vpa_uncapped_mem=250Mi vpa_lower_cpu=117m vpa_lower_mem=250Mi vpa_upper_cpu=1500m vpa_upper_mem=512Mi
[2026-08-21T23:52:30+02:00] UPF_CONTROL_SAMPLE timestamp=2026-08-21T23:52:29+02:00 scenario=ue_19 pod=open5gs-upf-5b9db6d44-nsbqz uid=7b5b8ef7-a2a2-4fe9-a3e1-74acd17bd88f restarts=6 usage_cpu=308m usage_mem=35Mi request_cpu=271m request_mem=250Mi limit_cpu=none limit_mem=none vpa_target_cpu=296m vpa_target_mem=250Mi vpa_uncapped_cpu=296m vpa_uncapped_mem=250Mi vpa_lower_cpu=117m vpa_lower_mem=250Mi vpa_upper_cpu=1500m vpa_upper_mem=512Mi
[2026-08-21T23:52:33+02:00] UPF_CONTROL_SAMPLE timestamp=2026-08-21T23:52:31+02:00 scenario=ue_19 pod=open5gs-upf-5b9db6d44-nsbqz uid=7b5b8ef7-a2a2-4fe9-a3e1-74acd17bd88f restarts=6 usage_cpu=308m usage_mem=35Mi request_cpu=271m request_mem=250Mi limit_cpu=none limit_mem=none vpa_target_cpu=296m vpa_target_mem=250Mi vpa_uncapped_cpu=296m vpa_uncapped_mem=250Mi vpa_lower_cpu=117m vpa_lower_mem=250Mi vpa_upper_cpu=1500m vpa_upper_mem=512Mi
[2026-08-21T23:52:35+02:00] VPA_RECOMMENDATION_CHANGE timestamp=2026-08-21T23:52:34+02:00 scenario=ue_19 old='vpa_target_cpu=296m vpa_target_mem=250Mi vpa_uncapped_cpu=296m vpa_uncapped_mem=250Mi vpa_lower_cpu=117m vpa_lower_mem=250Mi vpa_upper_cpu=1500m vpa_upper_mem=512Mi' new='vpa_target_cpu=323m vpa_target_mem=250Mi vpa_uncapped_cpu=323m vpa_uncapped_mem=250Mi vpa_lower_cpu=151m vpa_lower_mem=250Mi vpa_upper_cpu=1500m vpa_upper_mem=512Mi' previous_5s_sample='timestamp=2026-08-21T23:52:29+02:00 scenario=ue_19 pod=open5gs-upf-5b9db6d44-nsbqz uid=7b5b8ef7-a2a2-4fe9-a3e1-74acd17bd88f restarts=6 usage_cpu=308m usage_mem=35Mi request_cpu=271m request_mem=250Mi limit_cpu=none limit_mem=none vpa_target_cpu=296m vpa_target_mem=250Mi vpa_uncapped_cpu=296m vpa_uncapped_mem=250Mi vpa_lower_cpu=117m vpa_lower_mem=250Mi vpa_upper_cpu=1500m vpa_upper_mem=512Mi' current_sample='timestamp=2026-08-21T23:52:34+02:00 scenario=ue_19 pod=open5gs-upf-5b9db6d44-nsbqz uid=7b5b8ef7-a2a2-4fe9-a3e1-74acd17bd88f restarts=6 usage_cpu=308m usage_mem=35Mi request_cpu=271m request_mem=250Mi limit_cpu=none limit_mem=none vpa_target_cpu=323m vpa_target_mem=250Mi vpa_uncapped_cpu=323m vpa_uncapped_mem=250Mi vpa_lower_cpu=151m vpa_lower_mem=250Mi vpa_upper_cpu=1500m vpa_upper_mem=512Mi'
[2026-08-21T23:52:35+02:00] UPF_CONTROL_SAMPLE timestamp=2026-08-21T23:52:34+02:00 scenario=ue_19 pod=open5gs-upf-5b9db6d44-nsbqz uid=7b5b8ef7-a2a2-4fe9-a3e1-74acd17bd88f restarts=6 usage_cpu=308m usage_mem=35Mi request_cpu=271m request_mem=250Mi limit_cpu=none limit_mem=none vpa_target_cpu=323m vpa_target_mem=250Mi vpa_uncapped_cpu=323m vpa_uncapped_mem=250Mi vpa_lower_cpu=151m vpa_lower_mem=250Mi vpa_upper_cpu=1500m vpa_upper_mem=512Mi
[2026-08-21T23:52:37+02:00] UPF_CONTROL_SAMPLE timestamp=2026-08-21T23:52:36+02:00 scenario=ue_19 pod=open5gs-upf-5b9db6d44-nsbqz uid=7b5b8ef7-a2a2-4fe9-a3e1-74acd17bd88f restarts=6 usage_cpu=308m usage_mem=35Mi request_cpu=271m request_mem=250Mi limit_cpu=none limit_mem=none vpa_target_cpu=323m vpa_target_mem=250Mi vpa_uncapped_cpu=323m vpa_uncapped_mem=250Mi vpa_lower_cpu=151m vpa_lower_mem=250Mi vpa_upper_cpu=1500m vpa_upper_mem=512Mi
[2026-08-21T23:52:40+02:00] UPF_CONTROL_SAMPLE timestamp=2026-08-21T23:52:38+02:00 scenario=ue_19 pod=open5gs-upf-5b9db6d44-nsbqz uid=7b5b8ef7-a2a2-4fe9-a3e1-74acd17bd88f restarts=6 usage_cpu=308m usage_mem=35Mi request_cpu=271m request_mem=250Mi limit_cpu=none limit_mem=none vpa_target_cpu=323m vpa_target_mem=250Mi vpa_uncapped_cpu=323m vpa_uncapped_mem=250Mi vpa_lower_cpu=151m vpa_lower_mem=250Mi vpa_upper_cpu=1500m vpa_upper_mem=512Mi
[2026-08-21T23:52:42+02:00] UPF_CONTROL_SAMPLE timestamp=2026-08-21T23:52:41+02:00 scenario=ue_19 pod=open5gs-upf-5b9db6d44-nsbqz uid=7b5b8ef7-a2a2-4fe9-a3e1-74acd17bd88f restarts=6 usage_cpu=308m usage_mem=35Mi request_cpu=271m request_mem=250Mi limit_cpu=none limit_mem=none vpa_target_cpu=323m vpa_target_mem=250Mi vpa_uncapped_cpu=323m vpa_uncapped_mem=250Mi vpa_lower_cpu=151m vpa_lower_mem=250Mi vpa_upper_cpu=1500m vpa_upper_mem=512Mi
[2026-08-21T23:52:44+02:00] UPF_CONTROL_SAMPLE timestamp=2026-08-21T23:52:43+02:00 scenario=ue_19 pod=open5gs-upf-5b9db6d44-nsbqz uid=7b5b8ef7-a2a2-4fe9-a3e1-74acd17bd88f restarts=6 usage_cpu=308m usage_mem=35Mi request_cpu=271m request_mem=250Mi limit_cpu=none limit_mem=none vpa_target_cpu=323m vpa_target_mem=250Mi vpa_uncapped_cpu=323m vpa_uncapped_mem=250Mi vpa_lower_cpu=151m vpa_lower_mem=250Mi vpa_upper_cpu=1500m vpa_upper_mem=512Mi
[2026-08-21T23:52:47+02:00] UPF_CONTROL_SAMPLE timestamp=2026-08-21T23:52:45+02:00 scenario=ue_19 pod=open5gs-upf-5b9db6d44-nsbqz uid=7b5b8ef7-a2a2-4fe9-a3e1-74acd17bd88f restarts=6 usage_cpu=308m usage_mem=35Mi request_cpu=271m request_mem=250Mi limit_cpu=none limit_mem=none vpa_target_cpu=323m vpa_target_mem=250Mi vpa_uncapped_cpu=323m vpa_uncapped_mem=250Mi vpa_lower_cpu=151m vpa_lower_mem=250Mi vpa_upper_cpu=1500m vpa_upper_mem=512Mi
[2026-08-21T23:52:49+02:00] UPF_CONTROL_SAMPLE timestamp=2026-08-21T23:52:48+02:00 scenario=ue_19 pod=open5gs-upf-5b9db6d44-nsbqz uid=7b5b8ef7-a2a2-4fe9-a3e1-74acd17bd88f restarts=6 usage_cpu=308m usage_mem=35Mi request_cpu=271m request_mem=250Mi limit_cpu=none limit_mem=none vpa_target_cpu=323m vpa_target_mem=250Mi vpa_uncapped_cpu=323m vpa_uncapped_mem=250Mi vpa_lower_cpu=151m vpa_lower_mem=250Mi vpa_upper_cpu=1500m vpa_upper_mem=512Mi
[2026-08-21T23:52:51+02:00] UPF_CONTROL_SAMPLE timestamp=2026-08-21T23:52:50+02:00 scenario=ue_19 pod=open5gs-upf-5b9db6d44-nsbqz uid=7b5b8ef7-a2a2-4fe9-a3e1-74acd17bd88f restarts=6 usage_cpu=308m usage_mem=35Mi request_cpu=271m request_mem=250Mi limit_cpu=none limit_mem=none vpa_target_cpu=323m vpa_target_mem=250Mi vpa_uncapped_cpu=323m vpa_uncapped_mem=250Mi vpa_lower_cpu=151m vpa_lower_mem=250Mi vpa_upper_cpu=1500m vpa_upper_mem=512Mi
[2026-08-21T23:52:51+02:00] UE_SLOT_DONE timestamp=2026-08-21T21:52:51+00:00 active_ues=19 slot=0 attempt=1 ue_idx=0 ue_if=uesimtun0 ue_ip=10.45.0.252 port=5201 rc=0 replacements_for_slot=0 server_busy_retries_for_slot=0
[2026-08-21T23:52:52+02:00] UE_SLOT_DONE timestamp=2026-08-21T21:52:52+00:00 active_ues=19 slot=1 attempt=1 ue_idx=1 ue_if=uesimtun1 ue_ip=10.45.0.253 port=5202 rc=0 replacements_for_slot=0 server_busy_retries_for_slot=0
[2026-08-21T23:52:52+02:00] UE_SLOT_DONE timestamp=2026-08-21T21:52:52+00:00 active_ues=19 slot=2 attempt=1 ue_idx=2 ue_if=uesimtun2 ue_ip=10.45.0.254 port=5203 rc=0 replacements_for_slot=0 server_busy_retries_for_slot=0
[2026-08-21T23:52:52+02:00] UE_SLOT_DONE timestamp=2026-08-21T21:52:52+00:00 active_ues=19 slot=3 attempt=1 ue_idx=3 ue_if=uesimtun3 ue_ip=10.45.1.0 port=5204 rc=0 replacements_for_slot=0 server_busy_retries_for_slot=0
[2026-08-21T23:52:52+02:00] UE_SLOT_DONE timestamp=2026-08-21T21:52:52+00:00 active_ues=19 slot=4 attempt=1 ue_idx=4 ue_if=uesimtun4 ue_ip=10.45.1.1 port=5205 rc=0 replacements_for_slot=0 server_busy_retries_for_slot=0
[2026-08-21T23:52:52+02:00] UE_SLOT_DONE timestamp=2026-08-21T21:52:52+00:00 active_ues=19 slot=5 attempt=1 ue_idx=5 ue_if=uesimtun5 ue_ip=10.45.1.3 port=5206 rc=0 replacements_for_slot=0 server_busy_retries_for_slot=0
[2026-08-21T23:52:52+02:00] UE_SLOT_DONE timestamp=2026-08-21T21:52:52+00:00 active_ues=19 slot=6 attempt=1 ue_idx=6 ue_if=uesimtun6 ue_ip=10.45.0.255 port=5207 rc=0 replacements_for_slot=0 server_busy_retries_for_slot=0
[2026-08-21T23:52:53+02:00] UE_SLOT_DONE timestamp=2026-08-21T21:52:53+00:00 active_ues=19 slot=7 attempt=1 ue_idx=7 ue_if=uesimtun7 ue_ip=10.45.1.6 port=5208 rc=0 replacements_for_slot=0 server_busy_retries_for_slot=0
[2026-08-21T23:52:53+02:00] UE_SLOT_DONE timestamp=2026-08-21T21:52:53+00:00 active_ues=19 slot=8 attempt=1 ue_idx=8 ue_if=uesimtun8 ue_ip=10.45.1.10 port=5209 rc=0 replacements_for_slot=0 server_busy_retries_for_slot=0
[2026-08-21T23:52:53+02:00] UE_SLOT_DONE timestamp=2026-08-21T21:52:53+00:00 active_ues=19 slot=9 attempt=1 ue_idx=9 ue_if=uesimtun9 ue_ip=10.45.1.7 port=5210 rc=0 replacements_for_slot=0 server_busy_retries_for_slot=0
[2026-08-21T23:52:53+02:00] UE_SLOT_DONE timestamp=2026-08-21T21:52:53+00:00 active_ues=19 slot=10 attempt=1 ue_idx=10 ue_if=uesimtun10 ue_ip=10.45.1.14 port=5211 rc=0 replacements_for_slot=0 server_busy_retries_for_slot=0
[2026-08-21T23:52:53+02:00] UE_SLOT_DONE timestamp=2026-08-21T21:52:53+00:00 active_ues=19 slot=11 attempt=1 ue_idx=11 ue_if=uesimtun11 ue_ip=10.45.1.15 port=5212 rc=0 replacements_for_slot=0 server_busy_retries_for_slot=0
[2026-08-21T23:52:53+02:00] UE_SLOT_DONE timestamp=2026-08-21T21:52:53+00:00 active_ues=19 slot=12 attempt=1 ue_idx=12 ue_if=uesimtun12 ue_ip=10.45.1.12 port=5213 rc=0 replacements_for_slot=0 server_busy_retries_for_slot=0
[2026-08-21T23:52:53+02:00] UE_SLOT_DONE timestamp=2026-08-21T21:52:53+00:00 active_ues=19 slot=13 attempt=1 ue_idx=13 ue_if=uesimtun13 ue_ip=10.45.1.18 port=5214 rc=0 replacements_for_slot=0 server_busy_retries_for_slot=0
[2026-08-21T23:52:54+02:00] UPF_CONTROL_SAMPLE timestamp=2026-08-21T23:52:52+02:00 scenario=ue_19 pod=open5gs-upf-5b9db6d44-nsbqz uid=7b5b8ef7-a2a2-4fe9-a3e1-74acd17bd88f restarts=6 usage_cpu=308m usage_mem=35Mi request_cpu=271m request_mem=250Mi limit_cpu=none limit_mem=none vpa_target_cpu=323m vpa_target_mem=250Mi vpa_uncapped_cpu=323m vpa_uncapped_mem=250Mi vpa_lower_cpu=151m vpa_lower_mem=250Mi vpa_upper_cpu=1500m vpa_upper_mem=512Mi
[2026-08-21T23:52:55+02:00] UE_SLOT_DONE timestamp=2026-08-21T21:52:55+00:00 active_ues=19 slot=14 attempt=1 ue_idx=14 ue_if=uesimtun14 ue_ip=10.45.1.4 port=5215 rc=0 replacements_for_slot=0 server_busy_retries_for_slot=0
[2026-08-21T23:52:55+02:00] UE_SLOT_DONE timestamp=2026-08-21T21:52:55+00:00 active_ues=19 slot=15 attempt=1 ue_idx=15 ue_if=uesimtun15 ue_ip=10.45.1.19 port=5216 rc=0 replacements_for_slot=0 server_busy_retries_for_slot=0
[2026-08-21T23:52:55+02:00] UE_SLOT_DONE timestamp=2026-08-21T21:52:55+00:00 active_ues=19 slot=16 attempt=1 ue_idx=16 ue_if=uesimtun16 ue_ip=10.45.1.21 port=5217 rc=0 replacements_for_slot=0 server_busy_retries_for_slot=0
[2026-08-21T23:52:55+02:00] UE_SLOT_DONE timestamp=2026-08-21T21:52:55+00:00 active_ues=19 slot=17 attempt=1 ue_idx=17 ue_if=uesimtun17 ue_ip=10.45.1.22 port=5218 rc=0 replacements_for_slot=0 server_busy_retries_for_slot=0
[2026-08-21T23:52:55+02:00] UE_SLOT_DONE timestamp=2026-08-21T21:52:55+00:00 active_ues=19 slot=18 attempt=1 ue_idx=18 ue_if=uesimtun18 ue_ip=10.45.1.24 port=5219 rc=0 replacements_for_slot=0 server_busy_retries_for_slot=0
[2026-08-21T23:52:56+02:00] UPF_CONTROL_SAMPLE timestamp=2026-08-21T23:52:55+02:00 scenario=ue_19 pod=open5gs-upf-5b9db6d44-nsbqz uid=7b5b8ef7-a2a2-4fe9-a3e1-74acd17bd88f restarts=6 usage_cpu=287m usage_mem=35Mi request_cpu=271m request_mem=250Mi limit_cpu=none limit_mem=none vpa_target_cpu=323m vpa_target_mem=250Mi vpa_uncapped_cpu=323m vpa_uncapped_mem=250Mi vpa_lower_cpu=151m vpa_lower_mem=250Mi vpa_upper_cpu=1500m vpa_upper_mem=512Mi
[2026-08-21T23:52:56+02:00] TRAFFIC_SUMMARY timestamp=2026-08-21T21:52:56+00:00 registered_tunnels=50 active_ues=19 target_slots=19 completed_slots=19 final_failed_slots=0 replacements=0 problematic_ues=0 zombie_ues=0 connect_timeouts=0 stalls=0 deferred_stalls=0 process_failures=0 server_busy_retries=0 server_busy_failures=0 late_timeouts_accepted=0 scenario_bad_ues=0 global_suspect_ues=0 used_ues=19 target_host=192.168.1.211 initial_ports=5201-5219 replacement_ports=5251-5265 bitrate=1M start_delay=0.05 detection=no_rx_counter replacement_min_duration_s=5 adaptive_extension_max_s=1 iperf_exit_grace_s=3 server_busy_retries_limit=1 server_busy_retry_delay_s=2 late_replacement_after_end=disabled wait_for_iperf_exit=until_timeout global_suspect_policy=soft_reuse ramp_supervision=after_initial_start
[2026-08-21T23:52:56+02:00] UE_POOL_SCENARIO_BAD_CURRENT timestamp=2026-08-21T21:52:56+00:00 active_ues=19 indexes=
[2026-08-21T23:52:56+02:00] UE_POOL_GLOBAL_SUSPECT_CURRENT timestamp=2026-08-21T21:52:56+00:00 active_ues=19 indexes=
[2026-08-21T23:52:56+02:00] REMOTE_IPERF_PER_UE_END timestamp=2026-08-21T21:52:56+00:00 active_ues=19 tag=ue_19 final_rc=0 completed_slots=19 replacements=0 problematic_ues=0 server_busy_retries=0 deferred_stalls=0 late_timeouts_accepted=0
[2026-08-21T23:52:56+02:00] SCENARIO TRAFFIC COMMAND END timestamp=2026-08-21T23:52:56+02:00 active_ue=19 rc=0
[2026-08-21T23:52:57+02:00] SCENARIO UPF AFTER timestamp=2026-08-21T23:52:57+02:00 active_ue=19 pod=open5gs-upf-5b9db6d44-nsbqz uid=7b5b8ef7-a2a2-4fe9-a3e1-74acd17bd88f restarts=6
[2026-08-21T23:52:57+02:00] SCENARIO END timestamp=2026-08-21T23:52:57+02:00 active_ue=19 rc=0
[2026-08-21T23:52:57+02:00] ================================================================
[2026-08-21T23:52:57+02:00] SCENARIO START timestamp=2026-08-21T23:52:57+02:00 active_ue=21 registered_ue_pool=50 target_host=192.168.1.211 ports=5201-5221 replacement_ports=5251-5265 bitrate_per_ue=1M start_delay=0.05 replacement_min_duration=5 adaptive_extension_max=1
[2026-08-21T23:52:57+02:00] ================================================================
[2026-08-21T23:52:57+02:00] SCENARIO TUNNEL CHECK timestamp=2026-08-21T23:52:57+02:00 active_ue=21 current_tunnels=50 required=50
[2026-08-21T23:52:58+02:00] SCENARIO UPF BEFORE timestamp=2026-08-21T23:52:58+02:00 active_ue=21 pod=open5gs-upf-5b9db6d44-nsbqz uid=7b5b8ef7-a2a2-4fe9-a3e1-74acd17bd88f restarts=6
[2026-08-21T23:52:59+02:00] UPF_CONTROL_SAMPLE timestamp=2026-08-21T23:52:57+02:00 scenario=ue_21 pod=open5gs-upf-5b9db6d44-nsbqz uid=7b5b8ef7-a2a2-4fe9-a3e1-74acd17bd88f restarts=6 usage_cpu=287m usage_mem=35Mi request_cpu=271m request_mem=250Mi limit_cpu=none limit_mem=none vpa_target_cpu=323m vpa_target_mem=250Mi vpa_uncapped_cpu=323m vpa_uncapped_mem=250Mi vpa_lower_cpu=151m vpa_lower_mem=250Mi vpa_upper_cpu=1500m vpa_upper_mem=512Mi
[2026-08-21T23:52:59+02:00] REMOTE_IPERF_PER_UE_START timestamp=2026-08-21T21:52:59+00:00 active_ues=21 tag=ue_21 iperf_host=192.168.1.211 base_port=5201 replacement_base_port=5251 duration=80 bitrate=1M start_delay=0.05 detection=no_rx_counter connect_timeout_s=4 stall_seconds=5 replacement_limit=15 replacement_min_duration_s=5 adaptive_extension_max_s=1 iperf_exit_grace_s=3 server_busy_port_rebinds=1 late_replacement_after_end=disabled wait_for_iperf_exit=until_timeout global_suspect_policy=soft_reuse ramp_supervision=after_initial_start
[2026-08-21T23:52:59+02:00] UE_POOL_STATUS timestamp=2026-08-21T21:52:59+00:00 active_ues=21 registered_tunnels=50 existing_global_suspect_ues=0 used_ues=0 policy=soft_reuse_global_suspects
[2026-08-21T23:52:59+02:00] UE_SLOT_ASSIGN timestamp=2026-08-21T21:52:59+00:00 active_ues=21 slot=0 ue_idx=0 ue_if=uesimtun0 ue_ip=10.45.0.252 candidate_reused_global_suspect=0
[2026-08-21T23:52:59+02:00] UE_SLOT_START timestamp=2026-08-21T21:52:59+00:00 active_ues=21 slot=0 attempt=1 ue_idx=0 ue_if=uesimtun0 ue_ip=10.45.0.252 target=192.168.1.211:5201 bitrate=1M duration_s=80 planned_end_epoch=1787349259 timeout_s=90 hard_timeout_epoch=1787349274 start_rx_bytes=910040
[2026-08-21T23:52:59+02:00] UE_SLOT_PID timestamp=2026-08-21T21:52:59+00:00 active_ues=21 slot=0 attempt=1 ue_idx=0 pid=26217
[2026-08-21T23:52:59+02:00] UE_SLOT_ASSIGN timestamp=2026-08-21T21:52:59+00:00 active_ues=21 slot=1 ue_idx=1 ue_if=uesimtun1 ue_ip=10.45.0.253 candidate_reused_global_suspect=0
[2026-08-21T23:52:59+02:00] UE_SLOT_START timestamp=2026-08-21T21:52:59+00:00 active_ues=21 slot=1 attempt=1 ue_idx=1 ue_if=uesimtun1 ue_ip=10.45.0.253 target=192.168.1.211:5202 bitrate=1M duration_s=80 planned_end_epoch=1787349259 timeout_s=90 hard_timeout_epoch=1787349274 start_rx_bytes=825504
[2026-08-21T23:52:59+02:00] UE_SLOT_PID timestamp=2026-08-21T21:52:59+00:00 active_ues=21 slot=1 attempt=1 ue_idx=1 pid=26242
[2026-08-21T23:52:59+02:00] UE_SLOT_ASSIGN timestamp=2026-08-21T21:52:59+00:00 active_ues=21 slot=2 ue_idx=2 ue_if=uesimtun2 ue_ip=10.45.0.254 candidate_reused_global_suspect=0
[2026-08-21T23:52:59+02:00] UE_SLOT_START timestamp=2026-08-21T21:52:59+00:00 active_ues=21 slot=2 attempt=1 ue_idx=2 ue_if=uesimtun2 ue_ip=10.45.0.254 target=192.168.1.211:5203 bitrate=1M duration_s=80 planned_end_epoch=1787349259 timeout_s=90 hard_timeout_epoch=1787349274 start_rx_bytes=833691
[2026-08-21T23:52:59+02:00] UE_SLOT_PID timestamp=2026-08-21T21:52:59+00:00 active_ues=21 slot=2 attempt=1 ue_idx=2 pid=26267
[2026-08-21T23:53:00+02:00] UE_SLOT_ASSIGN timestamp=2026-08-21T21:53:00+00:00 active_ues=21 slot=3 ue_idx=3 ue_if=uesimtun3 ue_ip=10.45.1.0 candidate_reused_global_suspect=0
[2026-08-21T23:53:00+02:00] UE_SLOT_START timestamp=2026-08-21T21:53:00+00:00 active_ues=21 slot=3 attempt=1 ue_idx=3 ue_if=uesimtun3 ue_ip=10.45.1.0 target=192.168.1.211:5204 bitrate=1M duration_s=80 planned_end_epoch=1787349260 timeout_s=90 hard_timeout_epoch=1787349275 start_rx_bytes=731782
[2026-08-21T23:53:00+02:00] UE_SLOT_PID timestamp=2026-08-21T21:53:00+00:00 active_ues=21 slot=3 attempt=1 ue_idx=3 pid=26292
[2026-08-21T23:53:00+02:00] UE_SLOT_ASSIGN timestamp=2026-08-21T21:53:00+00:00 active_ues=21 slot=4 ue_idx=4 ue_if=uesimtun4 ue_ip=10.45.1.1 candidate_reused_global_suspect=0
[2026-08-21T23:53:00+02:00] UE_SLOT_START timestamp=2026-08-21T21:53:00+00:00 active_ues=21 slot=4 attempt=1 ue_idx=4 ue_if=uesimtun4 ue_ip=10.45.1.1 target=192.168.1.211:5205 bitrate=1M duration_s=80 planned_end_epoch=1787349260 timeout_s=90 hard_timeout_epoch=1787349275 start_rx_bytes=732718
[2026-08-21T23:53:00+02:00] UE_SLOT_PID timestamp=2026-08-21T21:53:00+00:00 active_ues=21 slot=4 attempt=1 ue_idx=4 pid=26317
[2026-08-21T23:53:00+02:00] UE_SLOT_ASSIGN timestamp=2026-08-21T21:53:00+00:00 active_ues=21 slot=5 ue_idx=5 ue_if=uesimtun5 ue_ip=10.45.1.3 candidate_reused_global_suspect=0
[2026-08-21T23:53:00+02:00] UE_SLOT_START timestamp=2026-08-21T21:53:00+00:00 active_ues=21 slot=5 attempt=1 ue_idx=5 ue_if=uesimtun5 ue_ip=10.45.1.3 target=192.168.1.211:5206 bitrate=1M duration_s=80 planned_end_epoch=1787349260 timeout_s=90 hard_timeout_epoch=1787349275 start_rx_bytes=616579
[2026-08-21T23:53:00+02:00] UE_SLOT_PID timestamp=2026-08-21T21:53:00+00:00 active_ues=21 slot=5 attempt=1 ue_idx=5 pid=26342
[2026-08-21T23:53:00+02:00] UE_SLOT_ASSIGN timestamp=2026-08-21T21:53:00+00:00 active_ues=21 slot=6 ue_idx=6 ue_if=uesimtun6 ue_ip=10.45.0.255 candidate_reused_global_suspect=0
[2026-08-21T23:53:00+02:00] UE_SLOT_START timestamp=2026-08-21T21:53:00+00:00 active_ues=21 slot=6 attempt=1 ue_idx=6 ue_if=uesimtun6 ue_ip=10.45.0.255 target=192.168.1.211:5207 bitrate=1M duration_s=80 planned_end_epoch=1787349260 timeout_s=90 hard_timeout_epoch=1787349275 start_rx_bytes=630010
[2026-08-21T23:53:00+02:00] UE_SLOT_PID timestamp=2026-08-21T21:53:00+00:00 active_ues=21 slot=6 attempt=1 ue_idx=6 pid=26367
[2026-08-21T23:53:01+02:00] UE_SLOT_ASSIGN timestamp=2026-08-21T21:53:00+00:00 active_ues=21 slot=7 ue_idx=7 ue_if=uesimtun7 ue_ip=10.45.1.6 candidate_reused_global_suspect=0
[2026-08-21T23:53:01+02:00] UE_SLOT_START timestamp=2026-08-21T21:53:00+00:00 active_ues=21 slot=7 attempt=1 ue_idx=7 ue_if=uesimtun7 ue_ip=10.45.1.6 target=192.168.1.211:5208 bitrate=1M duration_s=80 planned_end_epoch=1787349260 timeout_s=90 hard_timeout_epoch=1787349275 start_rx_bytes=530752
[2026-08-21T23:53:01+02:00] UE_SLOT_PID timestamp=2026-08-21T21:53:01+00:00 active_ues=21 slot=7 attempt=1 ue_idx=7 pid=26392
[2026-08-21T23:53:01+02:00] UE_SLOT_ASSIGN timestamp=2026-08-21T21:53:01+00:00 active_ues=21 slot=8 ue_idx=8 ue_if=uesimtun8 ue_ip=10.45.1.10 candidate_reused_global_suspect=0
[2026-08-21T23:53:01+02:00] UE_SLOT_START timestamp=2026-08-21T21:53:01+00:00 active_ues=21 slot=8 attempt=1 ue_idx=8 ue_if=uesimtun8 ue_ip=10.45.1.10 target=192.168.1.211:5209 bitrate=1M duration_s=80 planned_end_epoch=1787349261 timeout_s=90 hard_timeout_epoch=1787349276 start_rx_bytes=542457
[2026-08-21T23:53:01+02:00] UE_SLOT_PID timestamp=2026-08-21T21:53:01+00:00 active_ues=21 slot=8 attempt=1 ue_idx=8 pid=26417
[2026-08-21T23:53:01+02:00] UE_SLOT_ASSIGN timestamp=2026-08-21T21:53:01+00:00 active_ues=21 slot=9 ue_idx=9 ue_if=uesimtun9 ue_ip=10.45.1.7 candidate_reused_global_suspect=0
[2026-08-21T23:53:01+02:00] UE_SLOT_START timestamp=2026-08-21T21:53:01+00:00 active_ues=21 slot=9 attempt=1 ue_idx=9 ue_if=uesimtun9 ue_ip=10.45.1.7 target=192.168.1.211:5210 bitrate=1M duration_s=80 planned_end_epoch=1787349261 timeout_s=90 hard_timeout_epoch=1787349276 start_rx_bytes=444320
[2026-08-21T23:53:01+02:00] UE_SLOT_PID timestamp=2026-08-21T21:53:01+00:00 active_ues=21 slot=9 attempt=1 ue_idx=9 pid=26442
[2026-08-21T23:53:01+02:00] UE_SLOT_ASSIGN timestamp=2026-08-21T21:53:01+00:00 active_ues=21 slot=10 ue_idx=10 ue_if=uesimtun10 ue_ip=10.45.1.14 candidate_reused_global_suspect=0
[2026-08-21T23:53:01+02:00] UE_SLOT_START timestamp=2026-08-21T21:53:01+00:00 active_ues=21 slot=10 attempt=1 ue_idx=10 ue_if=uesimtun10 ue_ip=10.45.1.14 target=192.168.1.211:5211 bitrate=1M duration_s=80 planned_end_epoch=1787349261 timeout_s=90 hard_timeout_epoch=1787349276 start_rx_bytes=445898
[2026-08-21T23:53:01+02:00] UE_SLOT_PID timestamp=2026-08-21T21:53:01+00:00 active_ues=21 slot=10 attempt=1 ue_idx=10 pid=26467
[2026-08-21T23:53:01+02:00] UPF_CONTROL_SAMPLE timestamp=2026-08-21T23:53:00+02:00 scenario=ue_21 pod=open5gs-upf-5b9db6d44-nsbqz uid=7b5b8ef7-a2a2-4fe9-a3e1-74acd17bd88f restarts=6 usage_cpu=287m usage_mem=35Mi request_cpu=271m request_mem=250Mi limit_cpu=none limit_mem=none vpa_target_cpu=323m vpa_target_mem=250Mi vpa_uncapped_cpu=323m vpa_uncapped_mem=250Mi vpa_lower_cpu=151m vpa_lower_mem=250Mi vpa_upper_cpu=1500m vpa_upper_mem=512Mi
[2026-08-21T23:53:01+02:00] UE_SLOT_ASSIGN timestamp=2026-08-21T21:53:01+00:00 active_ues=21 slot=11 ue_idx=11 ue_if=uesimtun11 ue_ip=10.45.1.15 candidate_reused_global_suspect=0
[2026-08-21T23:53:01+02:00] UE_SLOT_START timestamp=2026-08-21T21:53:01+00:00 active_ues=21 slot=11 attempt=1 ue_idx=11 ue_if=uesimtun11 ue_ip=10.45.1.15 target=192.168.1.211:5212 bitrate=1M duration_s=80 planned_end_epoch=1787349261 timeout_s=90 hard_timeout_epoch=1787349276 start_rx_bytes=361083
[2026-08-21T23:53:01+02:00] UE_SLOT_PID timestamp=2026-08-21T21:53:01+00:00 active_ues=21 slot=11 attempt=1 ue_idx=11 pid=26492
[2026-08-21T23:53:02+02:00] UE_SLOT_ASSIGN timestamp=2026-08-21T21:53:02+00:00 active_ues=21 slot=12 ue_idx=12 ue_if=uesimtun12 ue_ip=10.45.1.12 candidate_reused_global_suspect=0
[2026-08-21T23:53:02+02:00] UE_SLOT_START timestamp=2026-08-21T21:53:02+00:00 active_ues=21 slot=12 attempt=1 ue_idx=12 ue_if=uesimtun12 ue_ip=10.45.1.12 target=192.168.1.211:5213 bitrate=1M duration_s=80 planned_end_epoch=1787349262 timeout_s=90 hard_timeout_epoch=1787349277 start_rx_bytes=363713
[2026-08-21T23:53:02+02:00] UE_SLOT_PID timestamp=2026-08-21T21:53:02+00:00 active_ues=21 slot=12 attempt=1 ue_idx=12 pid=26517
[2026-08-21T23:53:02+02:00] UE_SLOT_ASSIGN timestamp=2026-08-21T21:53:02+00:00 active_ues=21 slot=13 ue_idx=13 ue_if=uesimtun13 ue_ip=10.45.1.18 candidate_reused_global_suspect=0
[2026-08-21T23:53:02+02:00] UE_SLOT_START timestamp=2026-08-21T21:53:02+00:00 active_ues=21 slot=13 attempt=1 ue_idx=13 ue_if=uesimtun13 ue_ip=10.45.1.18 target=192.168.1.211:5214 bitrate=1M duration_s=80 planned_end_epoch=1787349262 timeout_s=90 hard_timeout_epoch=1787349277 start_rx_bytes=272045
[2026-08-21T23:53:02+02:00] UE_SLOT_PID timestamp=2026-08-21T21:53:02+00:00 active_ues=21 slot=13 attempt=1 ue_idx=13 pid=26542
[2026-08-21T23:53:02+02:00] UE_SLOT_ASSIGN timestamp=2026-08-21T21:53:02+00:00 active_ues=21 slot=14 ue_idx=14 ue_if=uesimtun14 ue_ip=10.45.1.4 candidate_reused_global_suspect=0
[2026-08-21T23:53:02+02:00] UE_SLOT_START timestamp=2026-08-21T21:53:02+00:00 active_ues=21 slot=14 attempt=1 ue_idx=14 ue_if=uesimtun14 ue_ip=10.45.1.4 target=192.168.1.211:5215 bitrate=1M duration_s=80 planned_end_epoch=1787349262 timeout_s=90 hard_timeout_epoch=1787349277 start_rx_bytes=283430
[2026-08-21T23:53:02+02:00] UE_SLOT_PID timestamp=2026-08-21T21:53:02+00:00 active_ues=21 slot=14 attempt=1 ue_idx=14 pid=26567
[2026-08-21T23:53:02+02:00] UE_SLOT_ASSIGN timestamp=2026-08-21T21:53:02+00:00 active_ues=21 slot=15 ue_idx=15 ue_if=uesimtun15 ue_ip=10.45.1.19 candidate_reused_global_suspect=0
[2026-08-21T23:53:02+02:00] UE_SLOT_START timestamp=2026-08-21T21:53:02+00:00 active_ues=21 slot=15 attempt=1 ue_idx=15 ue_if=uesimtun15 ue_ip=10.45.1.19 target=192.168.1.211:5216 bitrate=1M duration_s=80 planned_end_epoch=1787349262 timeout_s=90 hard_timeout_epoch=1787349277 start_rx_bytes=171516
[2026-08-21T23:53:02+02:00] UE_SLOT_PID timestamp=2026-08-21T21:53:02+00:00 active_ues=21 slot=15 attempt=1 ue_idx=15 pid=26592
[2026-08-21T23:53:03+02:00] UE_SLOT_ASSIGN timestamp=2026-08-21T21:53:03+00:00 active_ues=21 slot=16 ue_idx=16 ue_if=uesimtun16 ue_ip=10.45.1.21 candidate_reused_global_suspect=0
[2026-08-21T23:53:03+02:00] UE_SLOT_START timestamp=2026-08-21T21:53:03+00:00 active_ues=21 slot=16 attempt=1 ue_idx=16 ue_if=uesimtun16 ue_ip=10.45.1.21 target=192.168.1.211:5217 bitrate=1M duration_s=80 planned_end_epoch=1787349262 timeout_s=90 hard_timeout_epoch=1787349278 start_rx_bytes=178546
[2026-08-21T23:53:03+02:00] UE_SLOT_PID timestamp=2026-08-21T21:53:03+00:00 active_ues=21 slot=16 attempt=1 ue_idx=16 pid=26617
[2026-08-21T23:53:03+02:00] UE_SLOT_ASSIGN timestamp=2026-08-21T21:53:03+00:00 active_ues=21 slot=17 ue_idx=17 ue_if=uesimtun17 ue_ip=10.45.1.22 candidate_reused_global_suspect=0
[2026-08-21T23:53:03+02:00] UE_SLOT_START timestamp=2026-08-21T21:53:03+00:00 active_ues=21 slot=17 attempt=1 ue_idx=17 ue_if=uesimtun17 ue_ip=10.45.1.22 target=192.168.1.211:5218 bitrate=1M duration_s=80 planned_end_epoch=1787349263 timeout_s=90 hard_timeout_epoch=1787349278 start_rx_bytes=84995
[2026-08-21T23:53:03+02:00] UE_SLOT_PID timestamp=2026-08-21T21:53:03+00:00 active_ues=21 slot=17 attempt=1 ue_idx=17 pid=26642
[2026-08-21T23:53:03+02:00] UE_SLOT_ASSIGN timestamp=2026-08-21T21:53:03+00:00 active_ues=21 slot=18 ue_idx=18 ue_if=uesimtun18 ue_ip=10.45.1.24 candidate_reused_global_suspect=0
[2026-08-21T23:53:03+02:00] UE_SLOT_START timestamp=2026-08-21T21:53:03+00:00 active_ues=21 slot=18 attempt=1 ue_idx=18 ue_if=uesimtun18 ue_ip=10.45.1.24 target=192.168.1.211:5219 bitrate=1M duration_s=80 planned_end_epoch=1787349263 timeout_s=90 hard_timeout_epoch=1787349278 start_rx_bytes=93107
[2026-08-21T23:53:03+02:00] UE_SLOT_PID timestamp=2026-08-21T21:53:03+00:00 active_ues=21 slot=18 attempt=1 ue_idx=18 pid=26667
[2026-08-21T23:53:03+02:00] UE_SLOT_ASSIGN timestamp=2026-08-21T21:53:03+00:00 active_ues=21 slot=19 ue_idx=19 ue_if=uesimtun19 ue_ip=10.45.1.27 candidate_reused_global_suspect=0
[2026-08-21T23:53:03+02:00] UE_SLOT_START timestamp=2026-08-21T21:53:03+00:00 active_ues=21 slot=19 attempt=1 ue_idx=19 ue_if=uesimtun19 ue_ip=10.45.1.27 target=192.168.1.211:5220 bitrate=1M duration_s=80 planned_end_epoch=1787349263 timeout_s=90 hard_timeout_epoch=1787349278 start_rx_bytes=0
[2026-08-21T23:53:03+02:00] UE_SLOT_PID timestamp=2026-08-21T21:53:03+00:00 active_ues=21 slot=19 attempt=1 ue_idx=19 pid=26692
[2026-08-21T23:53:03+02:00] UE_SLOT_ASSIGN timestamp=2026-08-21T21:53:03+00:00 active_ues=21 slot=20 ue_idx=20 ue_if=uesimtun20 ue_ip=10.45.1.28 candidate_reused_global_suspect=0
[2026-08-21T23:53:04+02:00] UE_SLOT_START timestamp=2026-08-21T21:53:03+00:00 active_ues=21 slot=20 attempt=1 ue_idx=20 ue_if=uesimtun20 ue_ip=10.45.1.28 target=192.168.1.211:5221 bitrate=1M duration_s=80 planned_end_epoch=1787349263 timeout_s=90 hard_timeout_epoch=1787349278 start_rx_bytes=0
[2026-08-21T23:53:04+02:00] UE_SLOT_PID timestamp=2026-08-21T21:53:03+00:00 active_ues=21 slot=20 attempt=1 ue_idx=20 pid=26717
[2026-08-21T23:53:04+02:00] IPERF_MAPPING_SUMMARY timestamp=2026-08-21T21:53:04+00:00 active_ues=21 registered_tunnels=50 initial_ports=5201-5221 replacement_ports=5251-5265 bitrate=1M start_delay=0.05 detection=no_rx_counter replacement_min_duration_s=5 adaptive_extension_max_s=1 iperf_exit_grace_s=3 server_busy_port_rebinds=1 late_replacement_after_end=disabled wait_for_iperf_exit=until_timeout global_suspect_policy=soft_reuse ramp_supervision=after_initial_start
[2026-08-21T23:53:04+02:00] UPF_CONTROL_SAMPLE timestamp=2026-08-21T23:53:02+02:00 scenario=ue_21 pod=open5gs-upf-5b9db6d44-nsbqz uid=7b5b8ef7-a2a2-4fe9-a3e1-74acd17bd88f restarts=6 usage_cpu=287m usage_mem=35Mi request_cpu=271m request_mem=250Mi limit_cpu=none limit_mem=none vpa_target_cpu=323m vpa_target_mem=250Mi vpa_uncapped_cpu=323m vpa_uncapped_mem=250Mi vpa_lower_cpu=151m vpa_lower_mem=250Mi vpa_upper_cpu=1500m vpa_upper_mem=512Mi
[2026-08-21T23:53:06+02:00] UPF_CONTROL_SAMPLE timestamp=2026-08-21T23:53:05+02:00 scenario=ue_21 pod=open5gs-upf-5b9db6d44-nsbqz uid=7b5b8ef7-a2a2-4fe9-a3e1-74acd17bd88f restarts=6 usage_cpu=287m usage_mem=35Mi request_cpu=271m request_mem=250Mi limit_cpu=none limit_mem=none vpa_target_cpu=323m vpa_target_mem=250Mi vpa_uncapped_cpu=323m vpa_uncapped_mem=250Mi vpa_lower_cpu=151m vpa_lower_mem=250Mi vpa_upper_cpu=1500m vpa_upper_mem=512Mi
[2026-08-21T23:53:08+02:00] UPF_CONTROL_SAMPLE timestamp=2026-08-21T23:53:07+02:00 scenario=ue_21 pod=open5gs-upf-5b9db6d44-nsbqz uid=7b5b8ef7-a2a2-4fe9-a3e1-74acd17bd88f restarts=6 usage_cpu=287m usage_mem=35Mi request_cpu=271m request_mem=250Mi limit_cpu=none limit_mem=none vpa_target_cpu=323m vpa_target_mem=250Mi vpa_uncapped_cpu=323m vpa_uncapped_mem=250Mi vpa_lower_cpu=151m vpa_lower_mem=250Mi vpa_upper_cpu=1500m vpa_upper_mem=512Mi
[2026-08-21T23:53:10+02:00] UPF_CONTROL_SAMPLE timestamp=2026-08-21T23:53:09+02:00 scenario=ue_21 pod=open5gs-upf-5b9db6d44-nsbqz uid=7b5b8ef7-a2a2-4fe9-a3e1-74acd17bd88f restarts=6 usage_cpu=187m usage_mem=35Mi request_cpu=271m request_mem=250Mi limit_cpu=none limit_mem=none vpa_target_cpu=323m vpa_target_mem=250Mi vpa_uncapped_cpu=323m vpa_uncapped_mem=250Mi vpa_lower_cpu=151m vpa_lower_mem=250Mi vpa_upper_cpu=1500m vpa_upper_mem=512Mi
[2026-08-21T23:53:13+02:00] UPF_CONTROL_SAMPLE timestamp=2026-08-21T23:53:11+02:00 scenario=ue_21 pod=open5gs-upf-5b9db6d44-nsbqz uid=7b5b8ef7-a2a2-4fe9-a3e1-74acd17bd88f restarts=6 usage_cpu=187m usage_mem=35Mi request_cpu=271m request_mem=250Mi limit_cpu=none limit_mem=none vpa_target_cpu=323m vpa_target_mem=250Mi vpa_uncapped_cpu=323m vpa_uncapped_mem=250Mi vpa_lower_cpu=151m vpa_lower_mem=250Mi vpa_upper_cpu=1500m vpa_upper_mem=512Mi
[2026-08-21T23:53:15+02:00] UPF_CONTROL_SAMPLE timestamp=2026-08-21T23:53:14+02:00 scenario=ue_21 pod=open5gs-upf-5b9db6d44-nsbqz uid=7b5b8ef7-a2a2-4fe9-a3e1-74acd17bd88f restarts=6 usage_cpu=187m usage_mem=35Mi request_cpu=271m request_mem=250Mi limit_cpu=none limit_mem=none vpa_target_cpu=323m vpa_target_mem=250Mi vpa_uncapped_cpu=323m vpa_uncapped_mem=250Mi vpa_lower_cpu=151m vpa_lower_mem=250Mi vpa_upper_cpu=1500m vpa_upper_mem=512Mi
[2026-08-21T23:53:17+02:00] UPF_CONTROL_SAMPLE timestamp=2026-08-21T23:53:16+02:00 scenario=ue_21 pod=open5gs-upf-5b9db6d44-nsbqz uid=7b5b8ef7-a2a2-4fe9-a3e1-74acd17bd88f restarts=6 usage_cpu=187m usage_mem=35Mi request_cpu=271m request_mem=250Mi limit_cpu=none limit_mem=none vpa_target_cpu=323m vpa_target_mem=250Mi vpa_uncapped_cpu=323m vpa_uncapped_mem=250Mi vpa_lower_cpu=151m vpa_lower_mem=250Mi vpa_upper_cpu=1500m vpa_upper_mem=512Mi
[2026-08-21T23:53:20+02:00] UPF_CONTROL_SAMPLE timestamp=2026-08-21T23:53:18+02:00 scenario=ue_21 pod=open5gs-upf-5b9db6d44-nsbqz uid=7b5b8ef7-a2a2-4fe9-a3e1-74acd17bd88f restarts=6 usage_cpu=187m usage_mem=35Mi request_cpu=271m request_mem=250Mi limit_cpu=none limit_mem=none vpa_target_cpu=323m vpa_target_mem=250Mi vpa_uncapped_cpu=323m vpa_uncapped_mem=250Mi vpa_lower_cpu=151m vpa_lower_mem=250Mi vpa_upper_cpu=1500m vpa_upper_mem=512Mi
[2026-08-21T23:53:22+02:00] UPF_CONTROL_SAMPLE timestamp=2026-08-21T23:53:21+02:00 scenario=ue_21 pod=open5gs-upf-5b9db6d44-nsbqz uid=7b5b8ef7-a2a2-4fe9-a3e1-74acd17bd88f restarts=6 usage_cpu=187m usage_mem=35Mi request_cpu=271m request_mem=250Mi limit_cpu=none limit_mem=none vpa_target_cpu=323m vpa_target_mem=250Mi vpa_uncapped_cpu=323m vpa_uncapped_mem=250Mi vpa_lower_cpu=151m vpa_lower_mem=250Mi vpa_upper_cpu=1500m vpa_upper_mem=512Mi
[2026-08-21T23:53:24+02:00] UPF_CONTROL_SAMPLE timestamp=2026-08-21T23:53:23+02:00 scenario=ue_21 pod=open5gs-upf-5b9db6d44-nsbqz uid=7b5b8ef7-a2a2-4fe9-a3e1-74acd17bd88f restarts=6 usage_cpu=187m usage_mem=35Mi request_cpu=271m request_mem=250Mi limit_cpu=none limit_mem=none vpa_target_cpu=323m vpa_target_mem=250Mi vpa_uncapped_cpu=323m vpa_uncapped_mem=250Mi vpa_lower_cpu=151m vpa_lower_mem=250Mi vpa_upper_cpu=1500m vpa_upper_mem=512Mi
[2026-08-21T23:53:27+02:00] UPF_REQUEST_CHANGE timestamp=2026-08-21T23:53:25+02:00 scenario=ue_21 pod=open5gs-upf-5b9db6d44-nsbqz uid=7b5b8ef7-a2a2-4fe9-a3e1-74acd17bd88f restarts=6 old='request_cpu=271m request_mem=250Mi limit_cpu=none limit_mem=none' new='request_cpu=323m request_mem=250Mi limit_cpu=none limit_mem=none' previous_5s_sample='timestamp=2026-08-21T23:53:18+02:00 scenario=ue_21 pod=open5gs-upf-5b9db6d44-nsbqz uid=7b5b8ef7-a2a2-4fe9-a3e1-74acd17bd88f restarts=6 usage_cpu=187m usage_mem=35Mi request_cpu=271m request_mem=250Mi limit_cpu=none limit_mem=none vpa_target_cpu=323m vpa_target_mem=250Mi vpa_uncapped_cpu=323m vpa_uncapped_mem=250Mi vpa_lower_cpu=151m vpa_lower_mem=250Mi vpa_upper_cpu=1500m vpa_upper_mem=512Mi' current_sample='timestamp=2026-08-21T23:53:25+02:00 scenario=ue_21 pod=open5gs-upf-5b9db6d44-nsbqz uid=7b5b8ef7-a2a2-4fe9-a3e1-74acd17bd88f restarts=6 usage_cpu=319m usage_mem=35Mi request_cpu=323m request_mem=250Mi limit_cpu=none limit_mem=none vpa_target_cpu=323m vpa_target_mem=250Mi vpa_uncapped_cpu=323m vpa_uncapped_mem=250Mi vpa_lower_cpu=151m vpa_lower_mem=250Mi vpa_upper_cpu=1500m vpa_upper_mem=512Mi'
[2026-08-21T23:53:27+02:00] UPF_CONTROL_SAMPLE timestamp=2026-08-21T23:53:25+02:00 scenario=ue_21 pod=open5gs-upf-5b9db6d44-nsbqz uid=7b5b8ef7-a2a2-4fe9-a3e1-74acd17bd88f restarts=6 usage_cpu=319m usage_mem=35Mi request_cpu=323m request_mem=250Mi limit_cpu=none limit_mem=none vpa_target_cpu=323m vpa_target_mem=250Mi vpa_uncapped_cpu=323m vpa_uncapped_mem=250Mi vpa_lower_cpu=151m vpa_lower_mem=250Mi vpa_upper_cpu=1500m vpa_upper_mem=512Mi
[2026-08-21T23:53:29+02:00] UPF_CONTROL_SAMPLE timestamp=2026-08-21T23:53:28+02:00 scenario=ue_21 pod=open5gs-upf-5b9db6d44-nsbqz uid=7b5b8ef7-a2a2-4fe9-a3e1-74acd17bd88f restarts=6 usage_cpu=319m usage_mem=35Mi request_cpu=323m request_mem=250Mi limit_cpu=none limit_mem=none vpa_target_cpu=323m vpa_target_mem=250Mi vpa_uncapped_cpu=323m vpa_uncapped_mem=250Mi vpa_lower_cpu=151m vpa_lower_mem=250Mi vpa_upper_cpu=1500m vpa_upper_mem=512Mi
[2026-08-21T23:53:31+02:00] UPF_CONTROL_SAMPLE timestamp=2026-08-21T23:53:30+02:00 scenario=ue_21 pod=open5gs-upf-5b9db6d44-nsbqz uid=7b5b8ef7-a2a2-4fe9-a3e1-74acd17bd88f restarts=6 usage_cpu=319m usage_mem=35Mi request_cpu=323m request_mem=250Mi limit_cpu=none limit_mem=none vpa_target_cpu=323m vpa_target_mem=250Mi vpa_uncapped_cpu=323m vpa_uncapped_mem=250Mi vpa_lower_cpu=151m vpa_lower_mem=250Mi vpa_upper_cpu=1500m vpa_upper_mem=512Mi
[2026-08-21T23:53:34+02:00] UPF_CONTROL_SAMPLE timestamp=2026-08-21T23:53:32+02:00 scenario=ue_21 pod=open5gs-upf-5b9db6d44-nsbqz uid=7b5b8ef7-a2a2-4fe9-a3e1-74acd17bd88f restarts=6 usage_cpu=319m usage_mem=35Mi request_cpu=323m request_mem=250Mi limit_cpu=none limit_mem=none vpa_target_cpu=323m vpa_target_mem=250Mi vpa_uncapped_cpu=323m vpa_uncapped_mem=250Mi vpa_lower_cpu=151m vpa_lower_mem=250Mi vpa_upper_cpu=1500m vpa_upper_mem=512Mi
[2026-08-21T23:53:36+02:00] VPA_RECOMMENDATION_CHANGE timestamp=2026-08-21T23:53:35+02:00 scenario=ue_21 old='vpa_target_cpu=323m vpa_target_mem=250Mi vpa_uncapped_cpu=323m vpa_uncapped_mem=250Mi vpa_lower_cpu=151m vpa_lower_mem=250Mi vpa_upper_cpu=1500m vpa_upper_mem=512Mi' new='vpa_target_cpu=379m vpa_target_mem=250Mi vpa_uncapped_cpu=379m vpa_uncapped_mem=250Mi vpa_lower_cpu=153m vpa_lower_mem=250Mi vpa_upper_cpu=1500m vpa_upper_mem=512Mi' previous_5s_sample='timestamp=2026-08-21T23:53:30+02:00 scenario=ue_21 pod=open5gs-upf-5b9db6d44-nsbqz uid=7b5b8ef7-a2a2-4fe9-a3e1-74acd17bd88f restarts=6 usage_cpu=319m usage_mem=35Mi request_cpu=323m request_mem=250Mi limit_cpu=none limit_mem=none vpa_target_cpu=323m vpa_target_mem=250Mi vpa_uncapped_cpu=323m vpa_uncapped_mem=250Mi vpa_lower_cpu=151m vpa_lower_mem=250Mi vpa_upper_cpu=1500m vpa_upper_mem=512Mi' current_sample='timestamp=2026-08-21T23:53:35+02:00 scenario=ue_21 pod=open5gs-upf-5b9db6d44-nsbqz uid=7b5b8ef7-a2a2-4fe9-a3e1-74acd17bd88f restarts=6 usage_cpu=319m usage_mem=35Mi request_cpu=323m request_mem=250Mi limit_cpu=none limit_mem=none vpa_target_cpu=379m vpa_target_mem=250Mi vpa_uncapped_cpu=379m vpa_uncapped_mem=250Mi vpa_lower_cpu=153m vpa_lower_mem=250Mi vpa_upper_cpu=1500m vpa_upper_mem=512Mi'
[2026-08-21T23:53:36+02:00] UPF_CONTROL_SAMPLE timestamp=2026-08-21T23:53:35+02:00 scenario=ue_21 pod=open5gs-upf-5b9db6d44-nsbqz uid=7b5b8ef7-a2a2-4fe9-a3e1-74acd17bd88f restarts=6 usage_cpu=319m usage_mem=35Mi request_cpu=323m request_mem=250Mi limit_cpu=none limit_mem=none vpa_target_cpu=379m vpa_target_mem=250Mi vpa_uncapped_cpu=379m vpa_uncapped_mem=250Mi vpa_lower_cpu=153m vpa_lower_mem=250Mi vpa_upper_cpu=1500m vpa_upper_mem=512Mi
[2026-08-21T23:53:38+02:00] UPF_CONTROL_SAMPLE timestamp=2026-08-21T23:53:37+02:00 scenario=ue_21 pod=open5gs-upf-5b9db6d44-nsbqz uid=7b5b8ef7-a2a2-4fe9-a3e1-74acd17bd88f restarts=6 usage_cpu=319m usage_mem=35Mi request_cpu=323m request_mem=250Mi limit_cpu=none limit_mem=none vpa_target_cpu=379m vpa_target_mem=250Mi vpa_uncapped_cpu=379m vpa_uncapped_mem=250Mi vpa_lower_cpu=153m vpa_lower_mem=250Mi vpa_upper_cpu=1500m vpa_upper_mem=512Mi
[2026-08-21T23:53:41+02:00] UPF_CONTROL_SAMPLE timestamp=2026-08-21T23:53:39+02:00 scenario=ue_21 pod=open5gs-upf-5b9db6d44-nsbqz uid=7b5b8ef7-a2a2-4fe9-a3e1-74acd17bd88f restarts=6 usage_cpu=319m usage_mem=35Mi request_cpu=323m request_mem=250Mi limit_cpu=none limit_mem=none vpa_target_cpu=379m vpa_target_mem=250Mi vpa_uncapped_cpu=379m vpa_uncapped_mem=250Mi vpa_lower_cpu=153m vpa_lower_mem=250Mi vpa_upper_cpu=1500m vpa_upper_mem=512Mi
[2026-08-21T23:53:43+02:00] UPF_CONTROL_SAMPLE timestamp=2026-08-21T23:53:42+02:00 scenario=ue_21 pod=open5gs-upf-5b9db6d44-nsbqz uid=7b5b8ef7-a2a2-4fe9-a3e1-74acd17bd88f restarts=6 usage_cpu=319m usage_mem=35Mi request_cpu=323m request_mem=250Mi limit_cpu=none limit_mem=none vpa_target_cpu=379m vpa_target_mem=250Mi vpa_uncapped_cpu=379m vpa_uncapped_mem=250Mi vpa_lower_cpu=153m vpa_lower_mem=250Mi vpa_upper_cpu=1500m vpa_upper_mem=512Mi
[2026-08-21T23:53:45+02:00] UPF_CONTROL_SAMPLE timestamp=2026-08-21T23:53:44+02:00 scenario=ue_21 pod=open5gs-upf-5b9db6d44-nsbqz uid=7b5b8ef7-a2a2-4fe9-a3e1-74acd17bd88f restarts=6 usage_cpu=319m usage_mem=35Mi request_cpu=323m request_mem=250Mi limit_cpu=none limit_mem=none vpa_target_cpu=379m vpa_target_mem=250Mi vpa_uncapped_cpu=379m vpa_uncapped_mem=250Mi vpa_lower_cpu=153m vpa_lower_mem=250Mi vpa_upper_cpu=1500m vpa_upper_mem=512Mi
[2026-08-21T23:53:48+02:00] UPF_CONTROL_SAMPLE timestamp=2026-08-21T23:53:46+02:00 scenario=ue_21 pod=open5gs-upf-5b9db6d44-nsbqz uid=7b5b8ef7-a2a2-4fe9-a3e1-74acd17bd88f restarts=6 usage_cpu=319m usage_mem=35Mi request_cpu=323m request_mem=250Mi limit_cpu=none limit_mem=none vpa_target_cpu=379m vpa_target_mem=250Mi vpa_uncapped_cpu=379m vpa_uncapped_mem=250Mi vpa_lower_cpu=153m vpa_lower_mem=250Mi vpa_upper_cpu=1500m vpa_upper_mem=512Mi
[2026-08-21T23:53:50+02:00] UPF_CONTROL_SAMPLE timestamp=2026-08-21T23:53:49+02:00 scenario=ue_21 pod=open5gs-upf-5b9db6d44-nsbqz uid=7b5b8ef7-a2a2-4fe9-a3e1-74acd17bd88f restarts=6 usage_cpu=319m usage_mem=35Mi request_cpu=323m request_mem=250Mi limit_cpu=none limit_mem=none vpa_target_cpu=379m vpa_target_mem=250Mi vpa_uncapped_cpu=379m vpa_uncapped_mem=250Mi vpa_lower_cpu=153m vpa_lower_mem=250Mi vpa_upper_cpu=1500m vpa_upper_mem=512Mi
[2026-08-21T23:53:52+02:00] UPF_CONTROL_SAMPLE timestamp=2026-08-21T23:53:51+02:00 scenario=ue_21 pod=open5gs-upf-5b9db6d44-nsbqz uid=7b5b8ef7-a2a2-4fe9-a3e1-74acd17bd88f restarts=6 usage_cpu=319m usage_mem=35Mi request_cpu=323m request_mem=250Mi limit_cpu=none limit_mem=none vpa_target_cpu=379m vpa_target_mem=250Mi vpa_uncapped_cpu=379m vpa_uncapped_mem=250Mi vpa_lower_cpu=153m vpa_lower_mem=250Mi vpa_upper_cpu=1500m vpa_upper_mem=512Mi
[2026-08-21T23:53:54+02:00] UPF_CONTROL_SAMPLE timestamp=2026-08-21T23:53:53+02:00 scenario=ue_21 pod=open5gs-upf-5b9db6d44-nsbqz uid=7b5b8ef7-a2a2-4fe9-a3e1-74acd17bd88f restarts=6 usage_cpu=319m usage_mem=35Mi request_cpu=323m request_mem=250Mi limit_cpu=none limit_mem=none vpa_target_cpu=379m vpa_target_mem=250Mi vpa_uncapped_cpu=379m vpa_uncapped_mem=250Mi vpa_lower_cpu=153m vpa_lower_mem=250Mi vpa_upper_cpu=1500m vpa_upper_mem=512Mi
[2026-08-21T23:53:57+02:00] UPF_CONTROL_SAMPLE timestamp=2026-08-21T23:53:56+02:00 scenario=ue_21 pod=open5gs-upf-5b9db6d44-nsbqz uid=7b5b8ef7-a2a2-4fe9-a3e1-74acd17bd88f restarts=6 usage_cpu=338m usage_mem=35Mi request_cpu=323m request_mem=250Mi limit_cpu=none limit_mem=none vpa_target_cpu=379m vpa_target_mem=250Mi vpa_uncapped_cpu=379m vpa_uncapped_mem=250Mi vpa_lower_cpu=153m vpa_lower_mem=250Mi vpa_upper_cpu=1500m vpa_upper_mem=512Mi
[2026-08-21T23:53:59+02:00] UPF_CONTROL_SAMPLE timestamp=2026-08-21T23:53:58+02:00 scenario=ue_21 pod=open5gs-upf-5b9db6d44-nsbqz uid=7b5b8ef7-a2a2-4fe9-a3e1-74acd17bd88f restarts=6 usage_cpu=338m usage_mem=35Mi request_cpu=323m request_mem=250Mi limit_cpu=none limit_mem=none vpa_target_cpu=379m vpa_target_mem=250Mi vpa_uncapped_cpu=379m vpa_uncapped_mem=250Mi vpa_lower_cpu=153m vpa_lower_mem=250Mi vpa_upper_cpu=1500m vpa_upper_mem=512Mi
[2026-08-21T23:54:01+02:00] UPF_CONTROL_SAMPLE timestamp=2026-08-21T23:54:00+02:00 scenario=ue_21 pod=open5gs-upf-5b9db6d44-nsbqz uid=7b5b8ef7-a2a2-4fe9-a3e1-74acd17bd88f restarts=6 usage_cpu=338m usage_mem=35Mi request_cpu=323m request_mem=250Mi limit_cpu=none limit_mem=none vpa_target_cpu=379m vpa_target_mem=250Mi vpa_uncapped_cpu=379m vpa_uncapped_mem=250Mi vpa_lower_cpu=153m vpa_lower_mem=250Mi vpa_upper_cpu=1500m vpa_upper_mem=512Mi
[2026-08-21T23:54:04+02:00] UPF_CONTROL_SAMPLE timestamp=2026-08-21T23:54:02+02:00 scenario=ue_21 pod=open5gs-upf-5b9db6d44-nsbqz uid=7b5b8ef7-a2a2-4fe9-a3e1-74acd17bd88f restarts=6 usage_cpu=338m usage_mem=35Mi request_cpu=323m request_mem=250Mi limit_cpu=none limit_mem=none vpa_target_cpu=379m vpa_target_mem=250Mi vpa_uncapped_cpu=379m vpa_uncapped_mem=250Mi vpa_lower_cpu=153m vpa_lower_mem=250Mi vpa_upper_cpu=1500m vpa_upper_mem=512Mi
[2026-08-21T23:54:06+02:00] UPF_CONTROL_SAMPLE timestamp=2026-08-21T23:54:05+02:00 scenario=ue_21 pod=open5gs-upf-5b9db6d44-nsbqz uid=7b5b8ef7-a2a2-4fe9-a3e1-74acd17bd88f restarts=6 usage_cpu=338m usage_mem=35Mi request_cpu=323m request_mem=250Mi limit_cpu=none limit_mem=none vpa_target_cpu=379m vpa_target_mem=250Mi vpa_uncapped_cpu=379m vpa_uncapped_mem=250Mi vpa_lower_cpu=153m vpa_lower_mem=250Mi vpa_upper_cpu=1500m vpa_upper_mem=512Mi
[2026-08-21T23:54:08+02:00] UPF_CONTROL_SAMPLE timestamp=2026-08-21T23:54:07+02:00 scenario=ue_21 pod=open5gs-upf-5b9db6d44-nsbqz uid=7b5b8ef7-a2a2-4fe9-a3e1-74acd17bd88f restarts=6 usage_cpu=338m usage_mem=35Mi request_cpu=323m request_mem=250Mi limit_cpu=none limit_mem=none vpa_target_cpu=379m vpa_target_mem=250Mi vpa_uncapped_cpu=379m vpa_uncapped_mem=250Mi vpa_lower_cpu=153m vpa_lower_mem=250Mi vpa_upper_cpu=1500m vpa_upper_mem=512Mi
[2026-08-21T23:54:10+02:00] UPF_CONTROL_SAMPLE timestamp=2026-08-21T23:54:09+02:00 scenario=ue_21 pod=open5gs-upf-5b9db6d44-nsbqz uid=7b5b8ef7-a2a2-4fe9-a3e1-74acd17bd88f restarts=6 usage_cpu=331m usage_mem=35Mi request_cpu=323m request_mem=250Mi limit_cpu=none limit_mem=none vpa_target_cpu=379m vpa_target_mem=250Mi vpa_uncapped_cpu=379m vpa_uncapped_mem=250Mi vpa_lower_cpu=153m vpa_lower_mem=250Mi vpa_upper_cpu=1500m vpa_upper_mem=512Mi
[2026-08-21T23:54:13+02:00] UPF_CONTROL_SAMPLE timestamp=2026-08-21T23:54:11+02:00 scenario=ue_21 pod=open5gs-upf-5b9db6d44-nsbqz uid=7b5b8ef7-a2a2-4fe9-a3e1-74acd17bd88f restarts=6 usage_cpu=331m usage_mem=35Mi request_cpu=323m request_mem=250Mi limit_cpu=none limit_mem=none vpa_target_cpu=379m vpa_target_mem=250Mi vpa_uncapped_cpu=379m vpa_uncapped_mem=250Mi vpa_lower_cpu=153m vpa_lower_mem=250Mi vpa_upper_cpu=1500m vpa_upper_mem=512Mi
[2026-08-21T23:54:15+02:00] UPF_CONTROL_SAMPLE timestamp=2026-08-21T23:54:14+02:00 scenario=ue_21 pod=open5gs-upf-5b9db6d44-nsbqz uid=7b5b8ef7-a2a2-4fe9-a3e1-74acd17bd88f restarts=6 usage_cpu=331m usage_mem=35Mi request_cpu=323m request_mem=250Mi limit_cpu=none limit_mem=none vpa_target_cpu=379m vpa_target_mem=250Mi vpa_uncapped_cpu=379m vpa_uncapped_mem=250Mi vpa_lower_cpu=153m vpa_lower_mem=250Mi vpa_upper_cpu=1500m vpa_upper_mem=512Mi
[2026-08-21T23:54:17+02:00] UPF_CONTROL_SAMPLE timestamp=2026-08-21T23:54:16+02:00 scenario=ue_21 pod=open5gs-upf-5b9db6d44-nsbqz uid=7b5b8ef7-a2a2-4fe9-a3e1-74acd17bd88f restarts=6 usage_cpu=331m usage_mem=35Mi request_cpu=323m request_mem=250Mi limit_cpu=none limit_mem=none vpa_target_cpu=379m vpa_target_mem=250Mi vpa_uncapped_cpu=379m vpa_uncapped_mem=250Mi vpa_lower_cpu=153m vpa_lower_mem=250Mi vpa_upper_cpu=1500m vpa_upper_mem=512Mi
[2026-08-21T23:54:19+02:00] UPF_CONTROL_SAMPLE timestamp=2026-08-21T23:54:18+02:00 scenario=ue_21 pod=open5gs-upf-5b9db6d44-nsbqz uid=7b5b8ef7-a2a2-4fe9-a3e1-74acd17bd88f restarts=6 usage_cpu=331m usage_mem=35Mi request_cpu=323m request_mem=250Mi limit_cpu=none limit_mem=none vpa_target_cpu=379m vpa_target_mem=250Mi vpa_uncapped_cpu=379m vpa_uncapped_mem=250Mi vpa_lower_cpu=153m vpa_lower_mem=250Mi vpa_upper_cpu=1500m vpa_upper_mem=512Mi
[2026-08-21T23:54:21+02:00] UE_SLOT_DONE timestamp=2026-08-21T21:54:21+00:00 active_ues=21 slot=0 attempt=1 ue_idx=0 ue_if=uesimtun0 ue_ip=10.45.0.252 port=5201 rc=0 replacements_for_slot=0 server_busy_retries_for_slot=0
[2026-08-21T23:54:21+02:00] UE_SLOT_DONE timestamp=2026-08-21T21:54:21+00:00 active_ues=21 slot=1 attempt=1 ue_idx=1 ue_if=uesimtun1 ue_ip=10.45.0.253 port=5202 rc=0 replacements_for_slot=0 server_busy_retries_for_slot=0
[2026-08-21T23:54:21+02:00] UE_SLOT_DONE timestamp=2026-08-21T21:54:21+00:00 active_ues=21 slot=2 attempt=1 ue_idx=2 ue_if=uesimtun2 ue_ip=10.45.0.254 port=5203 rc=0 replacements_for_slot=0 server_busy_retries_for_slot=0
[2026-08-21T23:54:21+02:00] UE_SLOT_DONE timestamp=2026-08-21T21:54:21+00:00 active_ues=21 slot=3 attempt=1 ue_idx=3 ue_if=uesimtun3 ue_ip=10.45.1.0 port=5204 rc=0 replacements_for_slot=0 server_busy_retries_for_slot=0
[2026-08-21T23:54:21+02:00] UE_SLOT_DONE timestamp=2026-08-21T21:54:21+00:00 active_ues=21 slot=4 attempt=1 ue_idx=4 ue_if=uesimtun4 ue_ip=10.45.1.1 port=5205 rc=0 replacements_for_slot=0 server_busy_retries_for_slot=0
[2026-08-21T23:54:21+02:00] UE_SLOT_DONE timestamp=2026-08-21T21:54:21+00:00 active_ues=21 slot=5 attempt=1 ue_idx=5 ue_if=uesimtun5 ue_ip=10.45.1.3 port=5206 rc=0 replacements_for_slot=0 server_busy_retries_for_slot=0
[2026-08-21T23:54:21+02:00] UE_SLOT_DONE timestamp=2026-08-21T21:54:21+00:00 active_ues=21 slot=6 attempt=1 ue_idx=6 ue_if=uesimtun6 ue_ip=10.45.0.255 port=5207 rc=0 replacements_for_slot=0 server_busy_retries_for_slot=0
[2026-08-21T23:54:21+02:00] UE_SLOT_DONE timestamp=2026-08-21T21:54:21+00:00 active_ues=21 slot=7 attempt=1 ue_idx=7 ue_if=uesimtun7 ue_ip=10.45.1.6 port=5208 rc=0 replacements_for_slot=0 server_busy_retries_for_slot=0
[2026-08-21T23:54:21+02:00] UE_SLOT_DONE timestamp=2026-08-21T21:54:21+00:00 active_ues=21 slot=8 attempt=1 ue_idx=8 ue_if=uesimtun8 ue_ip=10.45.1.10 port=5209 rc=0 replacements_for_slot=0 server_busy_retries_for_slot=0
[2026-08-21T23:54:22+02:00] UPF_CONTROL_SAMPLE timestamp=2026-08-21T23:54:20+02:00 scenario=ue_21 pod=open5gs-upf-5b9db6d44-nsbqz uid=7b5b8ef7-a2a2-4fe9-a3e1-74acd17bd88f restarts=6 usage_cpu=331m usage_mem=35Mi request_cpu=323m request_mem=250Mi limit_cpu=none limit_mem=none vpa_target_cpu=379m vpa_target_mem=250Mi vpa_uncapped_cpu=379m vpa_uncapped_mem=250Mi vpa_lower_cpu=153m vpa_lower_mem=250Mi vpa_upper_cpu=1500m vpa_upper_mem=512Mi
[2026-08-21T23:54:22+02:00] UE_SLOT_DONE timestamp=2026-08-21T21:54:22+00:00 active_ues=21 slot=9 attempt=1 ue_idx=9 ue_if=uesimtun9 ue_ip=10.45.1.7 port=5210 rc=0 replacements_for_slot=0 server_busy_retries_for_slot=0
[2026-08-21T23:54:22+02:00] UE_SLOT_DONE timestamp=2026-08-21T21:54:22+00:00 active_ues=21 slot=10 attempt=1 ue_idx=10 ue_if=uesimtun10 ue_ip=10.45.1.14 port=5211 rc=0 replacements_for_slot=0 server_busy_retries_for_slot=0
[2026-08-21T23:54:23+02:00] UE_SLOT_DONE timestamp=2026-08-21T21:54:23+00:00 active_ues=21 slot=11 attempt=1 ue_idx=11 ue_if=uesimtun11 ue_ip=10.45.1.15 port=5212 rc=0 replacements_for_slot=0 server_busy_retries_for_slot=0
[2026-08-21T23:54:23+02:00] UE_SLOT_DONE timestamp=2026-08-21T21:54:23+00:00 active_ues=21 slot=12 attempt=1 ue_idx=12 ue_if=uesimtun12 ue_ip=10.45.1.12 port=5213 rc=0 replacements_for_slot=0 server_busy_retries_for_slot=0
[2026-08-21T23:54:23+02:00] UE_SLOT_DONE timestamp=2026-08-21T21:54:23+00:00 active_ues=21 slot=13 attempt=1 ue_idx=13 ue_if=uesimtun13 ue_ip=10.45.1.18 port=5214 rc=0 replacements_for_slot=0 server_busy_retries_for_slot=0
[2026-08-21T23:54:23+02:00] UE_SLOT_DONE timestamp=2026-08-21T21:54:23+00:00 active_ues=21 slot=14 attempt=1 ue_idx=14 ue_if=uesimtun14 ue_ip=10.45.1.4 port=5215 rc=0 replacements_for_slot=0 server_busy_retries_for_slot=0
[2026-08-21T23:54:23+02:00] UE_SLOT_DONE timestamp=2026-08-21T21:54:23+00:00 active_ues=21 slot=15 attempt=1 ue_idx=15 ue_if=uesimtun15 ue_ip=10.45.1.19 port=5216 rc=0 replacements_for_slot=0 server_busy_retries_for_slot=0
[2026-08-21T23:54:24+02:00] UE_SLOT_DONE timestamp=2026-08-21T21:54:24+00:00 active_ues=21 slot=16 attempt=1 ue_idx=16 ue_if=uesimtun16 ue_ip=10.45.1.21 port=5217 rc=0 replacements_for_slot=0 server_busy_retries_for_slot=0
[2026-08-21T23:54:24+02:00] UE_SLOT_DONE timestamp=2026-08-21T21:54:24+00:00 active_ues=21 slot=17 attempt=1 ue_idx=17 ue_if=uesimtun17 ue_ip=10.45.1.22 port=5218 rc=0 replacements_for_slot=0 server_busy_retries_for_slot=0
[2026-08-21T23:54:24+02:00] UE_SLOT_DONE timestamp=2026-08-21T21:54:24+00:00 active_ues=21 slot=18 attempt=1 ue_idx=18 ue_if=uesimtun18 ue_ip=10.45.1.24 port=5219 rc=0 replacements_for_slot=0 server_busy_retries_for_slot=0
[2026-08-21T23:54:24+02:00] UPF_CONTROL_SAMPLE timestamp=2026-08-21T23:54:23+02:00 scenario=ue_21 pod=open5gs-upf-5b9db6d44-nsbqz uid=7b5b8ef7-a2a2-4fe9-a3e1-74acd17bd88f restarts=6 usage_cpu=331m usage_mem=35Mi request_cpu=323m request_mem=250Mi limit_cpu=none limit_mem=none vpa_target_cpu=379m vpa_target_mem=250Mi vpa_uncapped_cpu=379m vpa_uncapped_mem=250Mi vpa_lower_cpu=153m vpa_lower_mem=250Mi vpa_upper_cpu=1500m vpa_upper_mem=512Mi
[2026-08-21T23:54:24+02:00] UE_SLOT_DONE timestamp=2026-08-21T21:54:24+00:00 active_ues=21 slot=19 attempt=1 ue_idx=19 ue_if=uesimtun19 ue_ip=10.45.1.27 port=5220 rc=0 replacements_for_slot=0 server_busy_retries_for_slot=0
[2026-08-21T23:54:24+02:00] UE_SLOT_DONE timestamp=2026-08-21T21:54:24+00:00 active_ues=21 slot=20 attempt=1 ue_idx=20 ue_if=uesimtun20 ue_ip=10.45.1.28 port=5221 rc=0 replacements_for_slot=0 server_busy_retries_for_slot=0
[2026-08-21T23:54:25+02:00] TRAFFIC_SUMMARY timestamp=2026-08-21T21:54:25+00:00 registered_tunnels=50 active_ues=21 target_slots=21 completed_slots=21 final_failed_slots=0 replacements=0 problematic_ues=0 zombie_ues=0 connect_timeouts=0 stalls=0 deferred_stalls=0 process_failures=0 server_busy_retries=0 server_busy_failures=0 late_timeouts_accepted=0 scenario_bad_ues=0 global_suspect_ues=0 used_ues=21 target_host=192.168.1.211 initial_ports=5201-5221 replacement_ports=5251-5265 bitrate=1M start_delay=0.05 detection=no_rx_counter replacement_min_duration_s=5 adaptive_extension_max_s=1 iperf_exit_grace_s=3 server_busy_retries_limit=1 server_busy_retry_delay_s=2 late_replacement_after_end=disabled wait_for_iperf_exit=until_timeout global_suspect_policy=soft_reuse ramp_supervision=after_initial_start
[2026-08-21T23:54:25+02:00] UE_POOL_SCENARIO_BAD_CURRENT timestamp=2026-08-21T21:54:25+00:00 active_ues=21 indexes=
[2026-08-21T23:54:25+02:00] UE_POOL_GLOBAL_SUSPECT_CURRENT timestamp=2026-08-21T21:54:25+00:00 active_ues=21 indexes=
[2026-08-21T23:54:25+02:00] REMOTE_IPERF_PER_UE_END timestamp=2026-08-21T21:54:25+00:00 active_ues=21 tag=ue_21 final_rc=0 completed_slots=21 replacements=0 problematic_ues=0 server_busy_retries=0 deferred_stalls=0 late_timeouts_accepted=0
[2026-08-21T23:54:25+02:00] SCENARIO TRAFFIC COMMAND END timestamp=2026-08-21T23:54:25+02:00 active_ue=21 rc=0
[2026-08-21T23:54:26+02:00] SCENARIO UPF AFTER timestamp=2026-08-21T23:54:26+02:00 active_ue=21 pod=open5gs-upf-5b9db6d44-nsbqz uid=7b5b8ef7-a2a2-4fe9-a3e1-74acd17bd88f restarts=6
[2026-08-21T23:54:26+02:00] SCENARIO END timestamp=2026-08-21T23:54:26+02:00 active_ue=21 rc=0
[2026-08-21T23:54:26+02:00] ================================================================
[2026-08-21T23:54:26+02:00] SCENARIO START timestamp=2026-08-21T23:54:26+02:00 active_ue=23 registered_ue_pool=50 target_host=192.168.1.211 ports=5201-5223 replacement_ports=5251-5265 bitrate_per_ue=1M start_delay=0.05 replacement_min_duration=5 adaptive_extension_max=1
[2026-08-21T23:54:26+02:00] ================================================================
[2026-08-21T23:54:27+02:00] UPF_REQUEST_CHANGE timestamp=2026-08-21T23:54:25+02:00 scenario=ue_21 pod=open5gs-upf-5b9db6d44-nsbqz uid=7b5b8ef7-a2a2-4fe9-a3e1-74acd17bd88f restarts=6 old='request_cpu=323m request_mem=250Mi limit_cpu=none limit_mem=none' new='request_cpu=379m request_mem=250Mi limit_cpu=none limit_mem=none' previous_5s_sample='timestamp=2026-08-21T23:54:20+02:00 scenario=ue_21 pod=open5gs-upf-5b9db6d44-nsbqz uid=7b5b8ef7-a2a2-4fe9-a3e1-74acd17bd88f restarts=6 usage_cpu=331m usage_mem=35Mi request_cpu=323m request_mem=250Mi limit_cpu=none limit_mem=none vpa_target_cpu=379m vpa_target_mem=250Mi vpa_uncapped_cpu=379m vpa_uncapped_mem=250Mi vpa_lower_cpu=153m vpa_lower_mem=250Mi vpa_upper_cpu=1500m vpa_upper_mem=512Mi' current_sample='timestamp=2026-08-21T23:54:25+02:00 scenario=ue_21 pod=open5gs-upf-5b9db6d44-nsbqz uid=7b5b8ef7-a2a2-4fe9-a3e1-74acd17bd88f restarts=6 usage_cpu=315m usage_mem=35Mi request_cpu=379m request_mem=250Mi limit_cpu=none limit_mem=none vpa_target_cpu=379m vpa_target_mem=250Mi vpa_uncapped_cpu=379m vpa_uncapped_mem=250Mi vpa_lower_cpu=153m vpa_lower_mem=250Mi vpa_upper_cpu=1500m vpa_upper_mem=512Mi'
[2026-08-21T23:54:27+02:00] UPF_CONTROL_SAMPLE timestamp=2026-08-21T23:54:25+02:00 scenario=ue_21 pod=open5gs-upf-5b9db6d44-nsbqz uid=7b5b8ef7-a2a2-4fe9-a3e1-74acd17bd88f restarts=6 usage_cpu=315m usage_mem=35Mi request_cpu=379m request_mem=250Mi limit_cpu=none limit_mem=none vpa_target_cpu=379m vpa_target_mem=250Mi vpa_uncapped_cpu=379m vpa_uncapped_mem=250Mi vpa_lower_cpu=153m vpa_lower_mem=250Mi vpa_upper_cpu=1500m vpa_upper_mem=512Mi
[2026-08-21T23:54:27+02:00] SCENARIO TUNNEL CHECK timestamp=2026-08-21T23:54:27+02:00 active_ue=23 current_tunnels=50 required=50
[2026-08-21T23:54:27+02:00] SCENARIO UPF BEFORE timestamp=2026-08-21T23:54:27+02:00 active_ue=23 pod=open5gs-upf-5b9db6d44-nsbqz uid=7b5b8ef7-a2a2-4fe9-a3e1-74acd17bd88f restarts=6
[2026-08-21T23:54:28+02:00] REMOTE_IPERF_PER_UE_START timestamp=2026-08-21T21:54:28+00:00 active_ues=23 tag=ue_23 iperf_host=192.168.1.211 base_port=5201 replacement_base_port=5251 duration=80 bitrate=1M start_delay=0.05 detection=no_rx_counter connect_timeout_s=4 stall_seconds=5 replacement_limit=15 replacement_min_duration_s=5 adaptive_extension_max_s=1 iperf_exit_grace_s=3 server_busy_port_rebinds=1 late_replacement_after_end=disabled wait_for_iperf_exit=until_timeout global_suspect_policy=soft_reuse ramp_supervision=after_initial_start
[2026-08-21T23:54:28+02:00] UE_POOL_STATUS timestamp=2026-08-21T21:54:28+00:00 active_ues=23 registered_tunnels=50 existing_global_suspect_ues=0 used_ues=0 policy=soft_reuse_global_suspects
[2026-08-21T23:54:28+02:00] UE_SLOT_ASSIGN timestamp=2026-08-21T21:54:28+00:00 active_ues=23 slot=0 ue_idx=0 ue_if=uesimtun0 ue_ip=10.45.0.252 candidate_reused_global_suspect=0
[2026-08-21T23:54:28+02:00] UE_SLOT_START timestamp=2026-08-21T21:54:28+00:00 active_ues=23 slot=0 attempt=1 ue_idx=0 ue_if=uesimtun0 ue_ip=10.45.0.252 target=192.168.1.211:5201 bitrate=1M duration_s=80 planned_end_epoch=1787349348 timeout_s=90 hard_timeout_epoch=1787349363 start_rx_bytes=1000777
[2026-08-21T23:54:28+02:00] UE_SLOT_PID timestamp=2026-08-21T21:54:28+00:00 active_ues=23 slot=0 attempt=1 ue_idx=0 pid=30188
[2026-08-21T23:54:28+02:00] UE_SLOT_ASSIGN timestamp=2026-08-21T21:54:28+00:00 active_ues=23 slot=1 ue_idx=1 ue_if=uesimtun1 ue_ip=10.45.0.253 candidate_reused_global_suspect=0
[2026-08-21T23:54:28+02:00] UE_SLOT_START timestamp=2026-08-21T21:54:28+00:00 active_ues=23 slot=1 attempt=1 ue_idx=1 ue_if=uesimtun1 ue_ip=10.45.0.253 target=192.168.1.211:5202 bitrate=1M duration_s=80 planned_end_epoch=1787349348 timeout_s=90 hard_timeout_epoch=1787349363 start_rx_bytes=915685
[2026-08-21T23:54:28+02:00] UE_SLOT_PID timestamp=2026-08-21T21:54:28+00:00 active_ues=23 slot=1 attempt=1 ue_idx=1 pid=30213
[2026-08-21T23:54:29+02:00] UE_SLOT_ASSIGN timestamp=2026-08-21T21:54:28+00:00 active_ues=23 slot=2 ue_idx=2 ue_if=uesimtun2 ue_ip=10.45.0.254 candidate_reused_global_suspect=0
[2026-08-21T23:54:29+02:00] UE_SLOT_START timestamp=2026-08-21T21:54:29+00:00 active_ues=23 slot=2 attempt=1 ue_idx=2 ue_if=uesimtun2 ue_ip=10.45.0.254 target=192.168.1.211:5203 bitrate=1M duration_s=80 planned_end_epoch=1787349348 timeout_s=90 hard_timeout_epoch=1787349363 start_rx_bytes=921950
[2026-08-21T23:54:29+02:00] UE_SLOT_PID timestamp=2026-08-21T21:54:29+00:00 active_ues=23 slot=2 attempt=1 ue_idx=2 pid=30238
[2026-08-21T23:54:29+02:00] UE_SLOT_ASSIGN timestamp=2026-08-21T21:54:29+00:00 active_ues=23 slot=3 ue_idx=3 ue_if=uesimtun3 ue_ip=10.45.1.0 candidate_reused_global_suspect=0
[2026-08-21T23:54:29+02:00] UE_SLOT_START timestamp=2026-08-21T21:54:29+00:00 active_ues=23 slot=3 attempt=1 ue_idx=3 ue_if=uesimtun3 ue_ip=10.45.1.0 target=192.168.1.211:5204 bitrate=1M duration_s=80 planned_end_epoch=1787349349 timeout_s=90 hard_timeout_epoch=1787349364 start_rx_bytes=821888
[2026-08-21T23:54:29+02:00] UE_SLOT_PID timestamp=2026-08-21T21:54:29+00:00 active_ues=23 slot=3 attempt=1 ue_idx=3 pid=30263
[2026-08-21T23:54:29+02:00] UPF_CONTROL_SAMPLE timestamp=2026-08-21T23:54:28+02:00 scenario=ue_23 pod=open5gs-upf-5b9db6d44-nsbqz uid=7b5b8ef7-a2a2-4fe9-a3e1-74acd17bd88f restarts=6 usage_cpu=315m usage_mem=35Mi request_cpu=379m request_mem=250Mi limit_cpu=none limit_mem=none vpa_target_cpu=379m vpa_target_mem=250Mi vpa_uncapped_cpu=379m vpa_uncapped_mem=250Mi vpa_lower_cpu=153m vpa_lower_mem=250Mi vpa_upper_cpu=1500m vpa_upper_mem=512Mi
[2026-08-21T23:54:29+02:00] UE_SLOT_ASSIGN timestamp=2026-08-21T21:54:29+00:00 active_ues=23 slot=4 ue_idx=4 ue_if=uesimtun4 ue_ip=10.45.1.1 candidate_reused_global_suspect=0
[2026-08-21T23:54:29+02:00] UE_SLOT_START timestamp=2026-08-21T21:54:29+00:00 active_ues=23 slot=4 attempt=1 ue_idx=4 ue_if=uesimtun4 ue_ip=10.45.1.1 target=192.168.1.211:5205 bitrate=1M duration_s=80 planned_end_epoch=1787349349 timeout_s=90 hard_timeout_epoch=1787349364 start_rx_bytes=820990
[2026-08-21T23:54:29+02:00] UE_SLOT_PID timestamp=2026-08-21T21:54:29+00:00 active_ues=23 slot=4 attempt=1 ue_idx=4 pid=30288
[2026-08-21T23:54:29+02:00] UE_SLOT_ASSIGN timestamp=2026-08-21T21:54:29+00:00 active_ues=23 slot=5 ue_idx=5 ue_if=uesimtun5 ue_ip=10.45.1.3 candidate_reused_global_suspect=0
[2026-08-21T23:54:29+02:00] UE_SLOT_START timestamp=2026-08-21T21:54:29+00:00 active_ues=23 slot=5 attempt=1 ue_idx=5 ue_if=uesimtun5 ue_ip=10.45.1.3 target=192.168.1.211:5206 bitrate=1M duration_s=80 planned_end_epoch=1787349349 timeout_s=90 hard_timeout_epoch=1787349364 start_rx_bytes=705000
[2026-08-21T23:54:29+02:00] UE_SLOT_PID timestamp=2026-08-21T21:54:29+00:00 active_ues=23 slot=5 attempt=1 ue_idx=5 pid=30313
[2026-08-21T23:54:29+02:00] UE_SLOT_ASSIGN timestamp=2026-08-21T21:54:29+00:00 active_ues=23 slot=6 ue_idx=6 ue_if=uesimtun6 ue_ip=10.45.0.255 candidate_reused_global_suspect=0
[2026-08-21T23:54:29+02:00] UE_SLOT_START timestamp=2026-08-21T21:54:29+00:00 active_ues=23 slot=6 attempt=1 ue_idx=6 ue_if=uesimtun6 ue_ip=10.45.0.255 target=192.168.1.211:5207 bitrate=1M duration_s=80 planned_end_epoch=1787349349 timeout_s=90 hard_timeout_epoch=1787349364 start_rx_bytes=716321
[2026-08-21T23:54:29+02:00] UE_SLOT_PID timestamp=2026-08-21T21:54:29+00:00 active_ues=23 slot=6 attempt=1 ue_idx=6 pid=30338
[2026-08-21T23:54:30+02:00] UE_SLOT_ASSIGN timestamp=2026-08-21T21:54:30+00:00 active_ues=23 slot=7 ue_idx=7 ue_if=uesimtun7 ue_ip=10.45.1.6 candidate_reused_global_suspect=0
[2026-08-21T23:54:30+02:00] UE_SLOT_START timestamp=2026-08-21T21:54:30+00:00 active_ues=23 slot=7 attempt=1 ue_idx=7 ue_if=uesimtun7 ue_ip=10.45.1.6 target=192.168.1.211:5208 bitrate=1M duration_s=80 planned_end_epoch=1787349350 timeout_s=90 hard_timeout_epoch=1787349365 start_rx_bytes=621735
[2026-08-21T23:54:30+02:00] UE_SLOT_PID timestamp=2026-08-21T21:54:30+00:00 active_ues=23 slot=7 attempt=1 ue_idx=7 pid=30363
[2026-08-21T23:54:30+02:00] UE_SLOT_ASSIGN timestamp=2026-08-21T21:54:30+00:00 active_ues=23 slot=8 ue_idx=8 ue_if=uesimtun8 ue_ip=10.45.1.10 candidate_reused_global_suspect=0
[2026-08-21T23:54:30+02:00] UE_SLOT_START timestamp=2026-08-21T21:54:30+00:00 active_ues=23 slot=8 attempt=1 ue_idx=8 ue_if=uesimtun8 ue_ip=10.45.1.10 target=192.168.1.211:5209 bitrate=1M duration_s=80 planned_end_epoch=1787349350 timeout_s=90 hard_timeout_epoch=1787349365 start_rx_bytes=629473
[2026-08-21T23:54:30+02:00] UE_SLOT_PID timestamp=2026-08-21T21:54:30+00:00 active_ues=23 slot=8 attempt=1 ue_idx=8 pid=30388
[2026-08-21T23:54:30+02:00] UE_SLOT_ASSIGN timestamp=2026-08-21T21:54:30+00:00 active_ues=23 slot=9 ue_idx=9 ue_if=uesimtun9 ue_ip=10.45.1.7 candidate_reused_global_suspect=0
[2026-08-21T23:54:30+02:00] UE_SLOT_START timestamp=2026-08-21T21:54:30+00:00 active_ues=23 slot=9 attempt=1 ue_idx=9 ue_if=uesimtun9 ue_ip=10.45.1.7 target=192.168.1.211:5210 bitrate=1M duration_s=80 planned_end_epoch=1787349350 timeout_s=90 hard_timeout_epoch=1787349365 start_rx_bytes=529282
[2026-08-21T23:54:30+02:00] UE_SLOT_PID timestamp=2026-08-21T21:54:30+00:00 active_ues=23 slot=9 attempt=1 ue_idx=9 pid=30413
[2026-08-21T23:54:30+02:00] UE_SLOT_ASSIGN timestamp=2026-08-21T21:54:30+00:00 active_ues=23 slot=10 ue_idx=10 ue_if=uesimtun10 ue_ip=10.45.1.14 candidate_reused_global_suspect=0
[2026-08-21T23:54:30+02:00] UE_SLOT_START timestamp=2026-08-21T21:54:30+00:00 active_ues=23 slot=10 attempt=1 ue_idx=10 ue_if=uesimtun10 ue_ip=10.45.1.14 target=192.168.1.211:5211 bitrate=1M duration_s=80 planned_end_epoch=1787349350 timeout_s=90 hard_timeout_epoch=1787349365 start_rx_bytes=528553
[2026-08-21T23:54:30+02:00] UE_SLOT_PID timestamp=2026-08-21T21:54:30+00:00 active_ues=23 slot=10 attempt=1 ue_idx=10 pid=30438
[2026-08-21T23:54:30+02:00] UE_SLOT_ASSIGN timestamp=2026-08-21T21:54:30+00:00 active_ues=23 slot=11 ue_idx=11 ue_if=uesimtun11 ue_ip=10.45.1.15 candidate_reused_global_suspect=0
[2026-08-21T23:54:31+02:00] UE_SLOT_START timestamp=2026-08-21T21:54:31+00:00 active_ues=23 slot=11 attempt=1 ue_idx=11 ue_if=uesimtun11 ue_ip=10.45.1.15 target=192.168.1.211:5212 bitrate=1M duration_s=80 planned_end_epoch=1787349350 timeout_s=90 hard_timeout_epoch=1787349365 start_rx_bytes=462423
[2026-08-21T23:54:31+02:00] UE_SLOT_PID timestamp=2026-08-21T21:54:31+00:00 active_ues=23 slot=11 attempt=1 ue_idx=11 pid=30463
[2026-08-21T23:54:31+02:00] UE_SLOT_ASSIGN timestamp=2026-08-21T21:54:31+00:00 active_ues=23 slot=12 ue_idx=12 ue_if=uesimtun12 ue_ip=10.45.1.12 candidate_reused_global_suspect=0
[2026-08-21T23:54:31+02:00] UE_SLOT_START timestamp=2026-08-21T21:54:31+00:00 active_ues=23 slot=12 attempt=1 ue_idx=12 ue_if=uesimtun12 ue_ip=10.45.1.12 target=192.168.1.211:5213 bitrate=1M duration_s=80 planned_end_epoch=1787349351 timeout_s=90 hard_timeout_epoch=1787349366 start_rx_bytes=454078
[2026-08-21T23:54:31+02:00] UE_SLOT_PID timestamp=2026-08-21T21:54:31+00:00 active_ues=23 slot=12 attempt=1 ue_idx=12 pid=30488
[2026-08-21T23:54:31+02:00] UE_SLOT_ASSIGN timestamp=2026-08-21T21:54:31+00:00 active_ues=23 slot=13 ue_idx=13 ue_if=uesimtun13 ue_ip=10.45.1.18 candidate_reused_global_suspect=0
[2026-08-21T23:54:31+02:00] UE_SLOT_START timestamp=2026-08-21T21:54:31+00:00 active_ues=23 slot=13 attempt=1 ue_idx=13 ue_if=uesimtun13 ue_ip=10.45.1.18 target=192.168.1.211:5214 bitrate=1M duration_s=80 planned_end_epoch=1787349351 timeout_s=90 hard_timeout_epoch=1787349366 start_rx_bytes=362318
[2026-08-21T23:54:31+02:00] UE_SLOT_PID timestamp=2026-08-21T21:54:31+00:00 active_ues=23 slot=13 attempt=1 ue_idx=13 pid=30513
[2026-08-21T23:54:31+02:00] UE_SLOT_ASSIGN timestamp=2026-08-21T21:54:31+00:00 active_ues=23 slot=14 ue_idx=14 ue_if=uesimtun14 ue_ip=10.45.1.4 candidate_reused_global_suspect=0
[2026-08-21T23:54:31+02:00] UPF_CONTROL_SAMPLE timestamp=2026-08-21T23:54:30+02:00 scenario=ue_23 pod=open5gs-upf-5b9db6d44-nsbqz uid=7b5b8ef7-a2a2-4fe9-a3e1-74acd17bd88f restarts=6 usage_cpu=315m usage_mem=35Mi request_cpu=379m request_mem=250Mi limit_cpu=none limit_mem=none vpa_target_cpu=379m vpa_target_mem=250Mi vpa_uncapped_cpu=379m vpa_uncapped_mem=250Mi vpa_lower_cpu=153m vpa_lower_mem=250Mi vpa_upper_cpu=1500m vpa_upper_mem=512Mi
[2026-08-21T23:54:31+02:00] UE_SLOT_START timestamp=2026-08-21T21:54:31+00:00 active_ues=23 slot=14 attempt=1 ue_idx=14 ue_if=uesimtun14 ue_ip=10.45.1.4 target=192.168.1.211:5215 bitrate=1M duration_s=80 planned_end_epoch=1787349351 timeout_s=90 hard_timeout_epoch=1787349366 start_rx_bytes=368130
[2026-08-21T23:54:31+02:00] UE_SLOT_PID timestamp=2026-08-21T21:54:31+00:00 active_ues=23 slot=14 attempt=1 ue_idx=14 pid=30538
[2026-08-21T23:54:31+02:00] UE_SLOT_ASSIGN timestamp=2026-08-21T21:54:31+00:00 active_ues=23 slot=15 ue_idx=15 ue_if=uesimtun15 ue_ip=10.45.1.19 candidate_reused_global_suspect=0
[2026-08-21T23:54:31+02:00] UE_SLOT_START timestamp=2026-08-21T21:54:31+00:00 active_ues=23 slot=15 attempt=1 ue_idx=15 ue_if=uesimtun15 ue_ip=10.45.1.19 target=192.168.1.211:5216 bitrate=1M duration_s=80 planned_end_epoch=1787349351 timeout_s=90 hard_timeout_epoch=1787349366 start_rx_bytes=261581
[2026-08-21T23:54:31+02:00] UE_SLOT_PID timestamp=2026-08-21T21:54:31+00:00 active_ues=23 slot=15 attempt=1 ue_idx=15 pid=30563
[2026-08-21T23:54:32+02:00] UE_SLOT_ASSIGN timestamp=2026-08-21T21:54:32+00:00 active_ues=23 slot=16 ue_idx=16 ue_if=uesimtun16 ue_ip=10.45.1.21 candidate_reused_global_suspect=0
[2026-08-21T23:54:32+02:00] UE_SLOT_START timestamp=2026-08-21T21:54:32+00:00 active_ues=23 slot=16 attempt=1 ue_idx=16 ue_if=uesimtun16 ue_ip=10.45.1.21 target=192.168.1.211:5217 bitrate=1M duration_s=80 planned_end_epoch=1787349352 timeout_s=90 hard_timeout_epoch=1787349367 start_rx_bytes=262724
[2026-08-21T23:54:32+02:00] UE_SLOT_PID timestamp=2026-08-21T21:54:32+00:00 active_ues=23 slot=16 attempt=1 ue_idx=16 pid=30588
[2026-08-21T23:54:32+02:00] UE_SLOT_ASSIGN timestamp=2026-08-21T21:54:32+00:00 active_ues=23 slot=17 ue_idx=17 ue_if=uesimtun17 ue_ip=10.45.1.22 candidate_reused_global_suspect=0
[2026-08-21T23:54:32+02:00] UE_SLOT_START timestamp=2026-08-21T21:54:32+00:00 active_ues=23 slot=17 attempt=1 ue_idx=17 ue_if=uesimtun17 ue_ip=10.45.1.22 target=192.168.1.211:5218 bitrate=1M duration_s=80 planned_end_epoch=1787349352 timeout_s=90 hard_timeout_epoch=1787349367 start_rx_bytes=173947
[2026-08-21T23:54:32+02:00] UE_SLOT_PID timestamp=2026-08-21T21:54:32+00:00 active_ues=23 slot=17 attempt=1 ue_idx=17 pid=30613
[2026-08-21T23:54:32+02:00] UE_SLOT_ASSIGN timestamp=2026-08-21T21:54:32+00:00 active_ues=23 slot=18 ue_idx=18 ue_if=uesimtun18 ue_ip=10.45.1.24 candidate_reused_global_suspect=0
[2026-08-21T23:54:32+02:00] UE_SLOT_START timestamp=2026-08-21T21:54:32+00:00 active_ues=23 slot=18 attempt=1 ue_idx=18 ue_if=uesimtun18 ue_ip=10.45.1.24 target=192.168.1.211:5219 bitrate=1M duration_s=80 planned_end_epoch=1787349352 timeout_s=90 hard_timeout_epoch=1787349367 start_rx_bytes=183745
[2026-08-21T23:54:32+02:00] UE_SLOT_PID timestamp=2026-08-21T21:54:32+00:00 active_ues=23 slot=18 attempt=1 ue_idx=18 pid=30638
[2026-08-21T23:54:32+02:00] UE_SLOT_ASSIGN timestamp=2026-08-21T21:54:32+00:00 active_ues=23 slot=19 ue_idx=19 ue_if=uesimtun19 ue_ip=10.45.1.27 candidate_reused_global_suspect=0
[2026-08-21T23:54:32+02:00] UE_SLOT_START timestamp=2026-08-21T21:54:32+00:00 active_ues=23 slot=19 attempt=1 ue_idx=19 ue_if=uesimtun19 ue_ip=10.45.1.27 target=192.168.1.211:5220 bitrate=1M duration_s=80 planned_end_epoch=1787349352 timeout_s=90 hard_timeout_epoch=1787349367 start_rx_bytes=86339
[2026-08-21T23:54:32+02:00] UE_SLOT_PID timestamp=2026-08-21T21:54:32+00:00 active_ues=23 slot=19 attempt=1 ue_idx=19 pid=30663
[2026-08-21T23:54:33+02:00] UE_SLOT_ASSIGN timestamp=2026-08-21T21:54:33+00:00 active_ues=23 slot=20 ue_idx=20 ue_if=uesimtun20 ue_ip=10.45.1.28 candidate_reused_global_suspect=0
[2026-08-21T23:54:33+02:00] UE_SLOT_START timestamp=2026-08-21T21:54:33+00:00 active_ues=23 slot=20 attempt=1 ue_idx=20 ue_if=uesimtun20 ue_ip=10.45.1.28 target=192.168.1.211:5221 bitrate=1M duration_s=80 planned_end_epoch=1787349353 timeout_s=90 hard_timeout_epoch=1787349368 start_rx_bytes=90695
[2026-08-21T23:54:33+02:00] UE_SLOT_PID timestamp=2026-08-21T21:54:33+00:00 active_ues=23 slot=20 attempt=1 ue_idx=20 pid=30688
[2026-08-21T23:54:33+02:00] UE_SLOT_ASSIGN timestamp=2026-08-21T21:54:33+00:00 active_ues=23 slot=21 ue_idx=21 ue_if=uesimtun21 ue_ip=10.45.1.29 candidate_reused_global_suspect=0
[2026-08-21T23:54:33+02:00] UE_SLOT_START timestamp=2026-08-21T21:54:33+00:00 active_ues=23 slot=21 attempt=1 ue_idx=21 ue_if=uesimtun21 ue_ip=10.45.1.29 target=192.168.1.211:5222 bitrate=1M duration_s=80 planned_end_epoch=1787349353 timeout_s=90 hard_timeout_epoch=1787349368 start_rx_bytes=0
[2026-08-21T23:54:33+02:00] UE_SLOT_PID timestamp=2026-08-21T21:54:33+00:00 active_ues=23 slot=21 attempt=1 ue_idx=21 pid=30713
[2026-08-21T23:54:33+02:00] UE_SLOT_ASSIGN timestamp=2026-08-21T21:54:33+00:00 active_ues=23 slot=22 ue_idx=22 ue_if=uesimtun22 ue_ip=10.45.1.30 candidate_reused_global_suspect=0
[2026-08-21T23:54:33+02:00] UE_SLOT_START timestamp=2026-08-21T21:54:33+00:00 active_ues=23 slot=22 attempt=1 ue_idx=22 ue_if=uesimtun22 ue_ip=10.45.1.30 target=192.168.1.211:5223 bitrate=1M duration_s=80 planned_end_epoch=1787349353 timeout_s=90 hard_timeout_epoch=1787349368 start_rx_bytes=0
[2026-08-21T23:54:33+02:00] UE_SLOT_PID timestamp=2026-08-21T21:54:33+00:00 active_ues=23 slot=22 attempt=1 ue_idx=22 pid=30738
[2026-08-21T23:54:33+02:00] IPERF_MAPPING_SUMMARY timestamp=2026-08-21T21:54:33+00:00 active_ues=23 registered_tunnels=50 initial_ports=5201-5223 replacement_ports=5251-5265 bitrate=1M start_delay=0.05 detection=no_rx_counter replacement_min_duration_s=5 adaptive_extension_max_s=1 iperf_exit_grace_s=3 server_busy_port_rebinds=1 late_replacement_after_end=disabled wait_for_iperf_exit=until_timeout global_suspect_policy=soft_reuse ramp_supervision=after_initial_start
[2026-08-21T23:54:34+02:00] UPF_CONTROL_SAMPLE timestamp=2026-08-21T23:54:32+02:00 scenario=ue_23 pod=open5gs-upf-5b9db6d44-nsbqz uid=7b5b8ef7-a2a2-4fe9-a3e1-74acd17bd88f restarts=6 usage_cpu=315m usage_mem=35Mi request_cpu=379m request_mem=250Mi limit_cpu=none limit_mem=none vpa_target_cpu=379m vpa_target_mem=250Mi vpa_uncapped_cpu=379m vpa_uncapped_mem=250Mi vpa_lower_cpu=153m vpa_lower_mem=250Mi vpa_upper_cpu=1500m vpa_upper_mem=512Mi
[2026-08-21T23:54:36+02:00] VPA_RECOMMENDATION_CHANGE timestamp=2026-08-21T23:54:35+02:00 scenario=ue_23 old='vpa_target_cpu=379m vpa_target_mem=250Mi vpa_uncapped_cpu=379m vpa_uncapped_mem=250Mi vpa_lower_cpu=153m vpa_lower_mem=250Mi vpa_upper_cpu=1500m vpa_upper_mem=512Mi' new='vpa_target_cpu=379m vpa_target_mem=250Mi vpa_uncapped_cpu=379m vpa_uncapped_mem=250Mi vpa_lower_cpu=154m vpa_lower_mem=250Mi vpa_upper_cpu=1500m vpa_upper_mem=512Mi' previous_5s_sample='timestamp=2026-08-21T23:54:30+02:00 scenario=ue_23 pod=open5gs-upf-5b9db6d44-nsbqz uid=7b5b8ef7-a2a2-4fe9-a3e1-74acd17bd88f restarts=6 usage_cpu=315m usage_mem=35Mi request_cpu=379m request_mem=250Mi limit_cpu=none limit_mem=none vpa_target_cpu=379m vpa_target_mem=250Mi vpa_uncapped_cpu=379m vpa_uncapped_mem=250Mi vpa_lower_cpu=153m vpa_lower_mem=250Mi vpa_upper_cpu=1500m vpa_upper_mem=512Mi' current_sample='timestamp=2026-08-21T23:54:35+02:00 scenario=ue_23 pod=open5gs-upf-5b9db6d44-nsbqz uid=7b5b8ef7-a2a2-4fe9-a3e1-74acd17bd88f restarts=6 usage_cpu=315m usage_mem=35Mi request_cpu=379m request_mem=250Mi limit_cpu=none limit_mem=none vpa_target_cpu=379m vpa_target_mem=250Mi vpa_uncapped_cpu=379m vpa_uncapped_mem=250Mi vpa_lower_cpu=154m vpa_lower_mem=250Mi vpa_upper_cpu=1500m vpa_upper_mem=512Mi'
[2026-08-21T23:54:36+02:00] UPF_CONTROL_SAMPLE timestamp=2026-08-21T23:54:35+02:00 scenario=ue_23 pod=open5gs-upf-5b9db6d44-nsbqz uid=7b5b8ef7-a2a2-4fe9-a3e1-74acd17bd88f restarts=6 usage_cpu=315m usage_mem=35Mi request_cpu=379m request_mem=250Mi limit_cpu=none limit_mem=none vpa_target_cpu=379m vpa_target_mem=250Mi vpa_uncapped_cpu=379m vpa_uncapped_mem=250Mi vpa_lower_cpu=154m vpa_lower_mem=250Mi vpa_upper_cpu=1500m vpa_upper_mem=512Mi
[2026-08-21T23:54:38+02:00] UPF_CONTROL_SAMPLE timestamp=2026-08-21T23:54:37+02:00 scenario=ue_23 pod=open5gs-upf-5b9db6d44-nsbqz uid=7b5b8ef7-a2a2-4fe9-a3e1-74acd17bd88f restarts=6 usage_cpu=315m usage_mem=35Mi request_cpu=379m request_mem=250Mi limit_cpu=none limit_mem=none vpa_target_cpu=379m vpa_target_mem=250Mi vpa_uncapped_cpu=379m vpa_uncapped_mem=250Mi vpa_lower_cpu=154m vpa_lower_mem=250Mi vpa_upper_cpu=1500m vpa_upper_mem=512Mi
[2026-08-21T23:54:41+02:00] UPF_CONTROL_SAMPLE timestamp=2026-08-21T23:54:39+02:00 scenario=ue_23 pod=open5gs-upf-5b9db6d44-nsbqz uid=7b5b8ef7-a2a2-4fe9-a3e1-74acd17bd88f restarts=6 usage_cpu=169m usage_mem=35Mi request_cpu=379m request_mem=250Mi limit_cpu=none limit_mem=none vpa_target_cpu=379m vpa_target_mem=250Mi vpa_uncapped_cpu=379m vpa_uncapped_mem=250Mi vpa_lower_cpu=154m vpa_lower_mem=250Mi vpa_upper_cpu=1500m vpa_upper_mem=512Mi
[2026-08-21T23:54:43+02:00] UPF_CONTROL_SAMPLE timestamp=2026-08-21T23:54:42+02:00 scenario=ue_23 pod=open5gs-upf-5b9db6d44-nsbqz uid=7b5b8ef7-a2a2-4fe9-a3e1-74acd17bd88f restarts=6 usage_cpu=169m usage_mem=35Mi request_cpu=379m request_mem=250Mi limit_cpu=none limit_mem=none vpa_target_cpu=379m vpa_target_mem=250Mi vpa_uncapped_cpu=379m vpa_uncapped_mem=250Mi vpa_lower_cpu=154m vpa_lower_mem=250Mi vpa_upper_cpu=1500m vpa_upper_mem=512Mi
[2026-08-21T23:54:45+02:00] UPF_CONTROL_SAMPLE timestamp=2026-08-21T23:54:44+02:00 scenario=ue_23 pod=open5gs-upf-5b9db6d44-nsbqz uid=7b5b8ef7-a2a2-4fe9-a3e1-74acd17bd88f restarts=6 usage_cpu=169m usage_mem=35Mi request_cpu=379m request_mem=250Mi limit_cpu=none limit_mem=none vpa_target_cpu=379m vpa_target_mem=250Mi vpa_uncapped_cpu=379m vpa_uncapped_mem=250Mi vpa_lower_cpu=154m vpa_lower_mem=250Mi vpa_upper_cpu=1500m vpa_upper_mem=512Mi
[2026-08-21T23:54:48+02:00] UPF_CONTROL_SAMPLE timestamp=2026-08-21T23:54:46+02:00 scenario=ue_23 pod=open5gs-upf-5b9db6d44-nsbqz uid=7b5b8ef7-a2a2-4fe9-a3e1-74acd17bd88f restarts=6 usage_cpu=169m usage_mem=35Mi request_cpu=379m request_mem=250Mi limit_cpu=none limit_mem=none vpa_target_cpu=379m vpa_target_mem=250Mi vpa_uncapped_cpu=379m vpa_uncapped_mem=250Mi vpa_lower_cpu=154m vpa_lower_mem=250Mi vpa_upper_cpu=1500m vpa_upper_mem=512Mi
[2026-08-21T23:54:50+02:00] UPF_CONTROL_SAMPLE timestamp=2026-08-21T23:54:49+02:00 scenario=ue_23 pod=open5gs-upf-5b9db6d44-nsbqz uid=7b5b8ef7-a2a2-4fe9-a3e1-74acd17bd88f restarts=6 usage_cpu=169m usage_mem=35Mi request_cpu=379m request_mem=250Mi limit_cpu=none limit_mem=none vpa_target_cpu=379m vpa_target_mem=250Mi vpa_uncapped_cpu=379m vpa_uncapped_mem=250Mi vpa_lower_cpu=154m vpa_lower_mem=250Mi vpa_upper_cpu=1500m vpa_upper_mem=512Mi
[2026-08-21T23:54:52+02:00] UPF_CONTROL_SAMPLE timestamp=2026-08-21T23:54:51+02:00 scenario=ue_23 pod=open5gs-upf-5b9db6d44-nsbqz uid=7b5b8ef7-a2a2-4fe9-a3e1-74acd17bd88f restarts=6 usage_cpu=169m usage_mem=35Mi request_cpu=379m request_mem=250Mi limit_cpu=none limit_mem=none vpa_target_cpu=379m vpa_target_mem=250Mi vpa_uncapped_cpu=379m vpa_uncapped_mem=250Mi vpa_lower_cpu=154m vpa_lower_mem=250Mi vpa_upper_cpu=1500m vpa_upper_mem=512Mi
[2026-08-21T23:54:55+02:00] UPF_CONTROL_SAMPLE timestamp=2026-08-21T23:54:53+02:00 scenario=ue_23 pod=open5gs-upf-5b9db6d44-nsbqz uid=7b5b8ef7-a2a2-4fe9-a3e1-74acd17bd88f restarts=6 usage_cpu=169m usage_mem=35Mi request_cpu=379m request_mem=250Mi limit_cpu=none limit_mem=none vpa_target_cpu=379m vpa_target_mem=250Mi vpa_uncapped_cpu=379m vpa_uncapped_mem=250Mi vpa_lower_cpu=154m vpa_lower_mem=250Mi vpa_upper_cpu=1500m vpa_upper_mem=512Mi
[2026-08-21T23:54:57+02:00] UPF_CONTROL_SAMPLE timestamp=2026-08-21T23:54:56+02:00 scenario=ue_23 pod=open5gs-upf-5b9db6d44-nsbqz uid=7b5b8ef7-a2a2-4fe9-a3e1-74acd17bd88f restarts=6 usage_cpu=367m usage_mem=35Mi request_cpu=379m request_mem=250Mi limit_cpu=none limit_mem=none vpa_target_cpu=379m vpa_target_mem=250Mi vpa_uncapped_cpu=379m vpa_uncapped_mem=250Mi vpa_lower_cpu=154m vpa_lower_mem=250Mi vpa_upper_cpu=1500m vpa_upper_mem=512Mi
[2026-08-21T23:54:59+02:00] UPF_CONTROL_SAMPLE timestamp=2026-08-21T23:54:58+02:00 scenario=ue_23 pod=open5gs-upf-5b9db6d44-nsbqz uid=7b5b8ef7-a2a2-4fe9-a3e1-74acd17bd88f restarts=6 usage_cpu=367m usage_mem=35Mi request_cpu=379m request_mem=250Mi limit_cpu=none limit_mem=none vpa_target_cpu=379m vpa_target_mem=250Mi vpa_uncapped_cpu=379m vpa_uncapped_mem=250Mi vpa_lower_cpu=154m vpa_lower_mem=250Mi vpa_upper_cpu=1500m vpa_upper_mem=512Mi
[2026-08-21T23:55:01+02:00] UPF_CONTROL_SAMPLE timestamp=2026-08-21T23:55:00+02:00 scenario=ue_23 pod=open5gs-upf-5b9db6d44-nsbqz uid=7b5b8ef7-a2a2-4fe9-a3e1-74acd17bd88f restarts=6 usage_cpu=367m usage_mem=35Mi request_cpu=379m request_mem=250Mi limit_cpu=none limit_mem=none vpa_target_cpu=379m vpa_target_mem=250Mi vpa_uncapped_cpu=379m vpa_uncapped_mem=250Mi vpa_lower_cpu=154m vpa_lower_mem=250Mi vpa_upper_cpu=1500m vpa_upper_mem=512Mi
[2026-08-21T23:55:04+02:00] UPF_CONTROL_SAMPLE timestamp=2026-08-21T23:55:03+02:00 scenario=ue_23 pod=open5gs-upf-5b9db6d44-nsbqz uid=7b5b8ef7-a2a2-4fe9-a3e1-74acd17bd88f restarts=6 usage_cpu=367m usage_mem=35Mi request_cpu=379m request_mem=250Mi limit_cpu=none limit_mem=none vpa_target_cpu=379m vpa_target_mem=250Mi vpa_uncapped_cpu=379m vpa_uncapped_mem=250Mi vpa_lower_cpu=154m vpa_lower_mem=250Mi vpa_upper_cpu=1500m vpa_upper_mem=512Mi
[2026-08-21T23:55:06+02:00] UPF_CONTROL_SAMPLE timestamp=2026-08-21T23:55:05+02:00 scenario=ue_23 pod=open5gs-upf-5b9db6d44-nsbqz uid=7b5b8ef7-a2a2-4fe9-a3e1-74acd17bd88f restarts=6 usage_cpu=367m usage_mem=35Mi request_cpu=379m request_mem=250Mi limit_cpu=none limit_mem=none vpa_target_cpu=379m vpa_target_mem=250Mi vpa_uncapped_cpu=379m vpa_uncapped_mem=250Mi vpa_lower_cpu=154m vpa_lower_mem=250Mi vpa_upper_cpu=1500m vpa_upper_mem=512Mi
[2026-08-21T23:55:08+02:00] UPF_CONTROL_SAMPLE timestamp=2026-08-21T23:55:07+02:00 scenario=ue_23 pod=open5gs-upf-5b9db6d44-nsbqz uid=7b5b8ef7-a2a2-4fe9-a3e1-74acd17bd88f restarts=6 usage_cpu=367m usage_mem=35Mi request_cpu=379m request_mem=250Mi limit_cpu=none limit_mem=none vpa_target_cpu=379m vpa_target_mem=250Mi vpa_uncapped_cpu=379m vpa_uncapped_mem=250Mi vpa_lower_cpu=154m vpa_lower_mem=250Mi vpa_upper_cpu=1500m vpa_upper_mem=512Mi
[2026-08-21T23:55:11+02:00] UPF_CONTROL_SAMPLE timestamp=2026-08-21T23:55:09+02:00 scenario=ue_23 pod=open5gs-upf-5b9db6d44-nsbqz uid=7b5b8ef7-a2a2-4fe9-a3e1-74acd17bd88f restarts=6 usage_cpu=356m usage_mem=35Mi request_cpu=379m request_mem=250Mi limit_cpu=none limit_mem=none vpa_target_cpu=379m vpa_target_mem=250Mi vpa_uncapped_cpu=379m vpa_uncapped_mem=250Mi vpa_lower_cpu=154m vpa_lower_mem=250Mi vpa_upper_cpu=1500m vpa_upper_mem=512Mi
[2026-08-21T23:55:13+02:00] UPF_CONTROL_SAMPLE timestamp=2026-08-21T23:55:12+02:00 scenario=ue_23 pod=open5gs-upf-5b9db6d44-nsbqz uid=7b5b8ef7-a2a2-4fe9-a3e1-74acd17bd88f restarts=6 usage_cpu=356m usage_mem=35Mi request_cpu=379m request_mem=250Mi limit_cpu=none limit_mem=none vpa_target_cpu=379m vpa_target_mem=250Mi vpa_uncapped_cpu=379m vpa_uncapped_mem=250Mi vpa_lower_cpu=154m vpa_lower_mem=250Mi vpa_upper_cpu=1500m vpa_upper_mem=512Mi
[2026-08-21T23:55:16+02:00] UPF_CONTROL_SAMPLE timestamp=2026-08-21T23:55:14+02:00 scenario=ue_23 pod=open5gs-upf-5b9db6d44-nsbqz uid=7b5b8ef7-a2a2-4fe9-a3e1-74acd17bd88f restarts=6 usage_cpu=356m usage_mem=35Mi request_cpu=379m request_mem=250Mi limit_cpu=none limit_mem=none vpa_target_cpu=379m vpa_target_mem=250Mi vpa_uncapped_cpu=379m vpa_uncapped_mem=250Mi vpa_lower_cpu=154m vpa_lower_mem=250Mi vpa_upper_cpu=1500m vpa_upper_mem=512Mi
[2026-08-21T23:55:18+02:00] UPF_CONTROL_SAMPLE timestamp=2026-08-21T23:55:17+02:00 scenario=ue_23 pod=open5gs-upf-5b9db6d44-nsbqz uid=7b5b8ef7-a2a2-4fe9-a3e1-74acd17bd88f restarts=6 usage_cpu=356m usage_mem=35Mi request_cpu=379m request_mem=250Mi limit_cpu=none limit_mem=none vpa_target_cpu=379m vpa_target_mem=250Mi vpa_uncapped_cpu=379m vpa_uncapped_mem=250Mi vpa_lower_cpu=154m vpa_lower_mem=250Mi vpa_upper_cpu=1500m vpa_upper_mem=512Mi
[2026-08-21T23:55:20+02:00] UPF_CONTROL_SAMPLE timestamp=2026-08-21T23:55:19+02:00 scenario=ue_23 pod=open5gs-upf-5b9db6d44-nsbqz uid=7b5b8ef7-a2a2-4fe9-a3e1-74acd17bd88f restarts=6 usage_cpu=356m usage_mem=35Mi request_cpu=379m request_mem=250Mi limit_cpu=none limit_mem=none vpa_target_cpu=379m vpa_target_mem=250Mi vpa_uncapped_cpu=379m vpa_uncapped_mem=250Mi vpa_lower_cpu=154m vpa_lower_mem=250Mi vpa_upper_cpu=1500m vpa_upper_mem=512Mi
[2026-08-21T23:55:23+02:00] UPF_CONTROL_SAMPLE timestamp=2026-08-21T23:55:21+02:00 scenario=ue_23 pod=open5gs-upf-5b9db6d44-nsbqz uid=7b5b8ef7-a2a2-4fe9-a3e1-74acd17bd88f restarts=6 usage_cpu=356m usage_mem=35Mi request_cpu=379m request_mem=250Mi limit_cpu=none limit_mem=none vpa_target_cpu=379m vpa_target_mem=250Mi vpa_uncapped_cpu=379m vpa_uncapped_mem=250Mi vpa_lower_cpu=154m vpa_lower_mem=250Mi vpa_upper_cpu=1500m vpa_upper_mem=512Mi
[2026-08-21T23:55:25+02:00] UPF_CONTROL_SAMPLE timestamp=2026-08-21T23:55:24+02:00 scenario=ue_23 pod=open5gs-upf-5b9db6d44-nsbqz uid=7b5b8ef7-a2a2-4fe9-a3e1-74acd17bd88f restarts=6 usage_cpu=356m usage_mem=35Mi request_cpu=379m request_mem=250Mi limit_cpu=none limit_mem=none vpa_target_cpu=379m vpa_target_mem=250Mi vpa_uncapped_cpu=379m vpa_uncapped_mem=250Mi vpa_lower_cpu=154m vpa_lower_mem=250Mi vpa_upper_cpu=1500m vpa_upper_mem=512Mi
[2026-08-21T23:55:27+02:00] UPF_CONTROL_SAMPLE timestamp=2026-08-21T23:55:26+02:00 scenario=ue_23 pod=open5gs-upf-5b9db6d44-nsbqz uid=7b5b8ef7-a2a2-4fe9-a3e1-74acd17bd88f restarts=6 usage_cpu=356m usage_mem=35Mi request_cpu=379m request_mem=250Mi limit_cpu=none limit_mem=none vpa_target_cpu=379m vpa_target_mem=250Mi vpa_uncapped_cpu=379m vpa_uncapped_mem=250Mi vpa_lower_cpu=154m vpa_lower_mem=250Mi vpa_upper_cpu=1500m vpa_upper_mem=512Mi
[2026-08-21T23:55:29+02:00] UPF_CONTROL_SAMPLE timestamp=2026-08-21T23:55:28+02:00 scenario=ue_23 pod=open5gs-upf-5b9db6d44-nsbqz uid=7b5b8ef7-a2a2-4fe9-a3e1-74acd17bd88f restarts=6 usage_cpu=356m usage_mem=35Mi request_cpu=379m request_mem=250Mi limit_cpu=none limit_mem=none vpa_target_cpu=379m vpa_target_mem=250Mi vpa_uncapped_cpu=379m vpa_uncapped_mem=250Mi vpa_lower_cpu=154m vpa_lower_mem=250Mi vpa_upper_cpu=1500m vpa_upper_mem=512Mi
[2026-08-21T23:55:32+02:00] UPF_CONTROL_SAMPLE timestamp=2026-08-21T23:55:30+02:00 scenario=ue_23 pod=open5gs-upf-5b9db6d44-nsbqz uid=7b5b8ef7-a2a2-4fe9-a3e1-74acd17bd88f restarts=6 usage_cpu=356m usage_mem=35Mi request_cpu=379m request_mem=250Mi limit_cpu=none limit_mem=none vpa_target_cpu=379m vpa_target_mem=250Mi vpa_uncapped_cpu=379m vpa_uncapped_mem=250Mi vpa_lower_cpu=154m vpa_lower_mem=250Mi vpa_upper_cpu=1500m vpa_upper_mem=512Mi
[2026-08-21T23:55:34+02:00] VPA_RECOMMENDATION_CHANGE timestamp=2026-08-21T23:55:33+02:00 scenario=ue_23 old='vpa_target_cpu=379m vpa_target_mem=250Mi vpa_uncapped_cpu=379m vpa_uncapped_mem=250Mi vpa_lower_cpu=154m vpa_lower_mem=250Mi vpa_upper_cpu=1500m vpa_upper_mem=512Mi' new='vpa_target_cpu=379m vpa_target_mem=250Mi vpa_uncapped_cpu=379m vpa_uncapped_mem=250Mi vpa_lower_cpu=155m vpa_lower_mem=250Mi vpa_upper_cpu=1500m vpa_upper_mem=512Mi' previous_5s_sample='timestamp=2026-08-21T23:55:28+02:00 scenario=ue_23 pod=open5gs-upf-5b9db6d44-nsbqz uid=7b5b8ef7-a2a2-4fe9-a3e1-74acd17bd88f restarts=6 usage_cpu=356m usage_mem=35Mi request_cpu=379m request_mem=250Mi limit_cpu=none limit_mem=none vpa_target_cpu=379m vpa_target_mem=250Mi vpa_uncapped_cpu=379m vpa_uncapped_mem=250Mi vpa_lower_cpu=154m vpa_lower_mem=250Mi vpa_upper_cpu=1500m vpa_upper_mem=512Mi' current_sample='timestamp=2026-08-21T23:55:33+02:00 scenario=ue_23 pod=open5gs-upf-5b9db6d44-nsbqz uid=7b5b8ef7-a2a2-4fe9-a3e1-74acd17bd88f restarts=6 usage_cpu=356m usage_mem=35Mi request_cpu=379m request_mem=250Mi limit_cpu=none limit_mem=none vpa_target_cpu=379m vpa_target_mem=250Mi vpa_uncapped_cpu=379m vpa_uncapped_mem=250Mi vpa_lower_cpu=155m vpa_lower_mem=250Mi vpa_upper_cpu=1500m vpa_upper_mem=512Mi'
[2026-08-21T23:55:34+02:00] UPF_CONTROL_SAMPLE timestamp=2026-08-21T23:55:33+02:00 scenario=ue_23 pod=open5gs-upf-5b9db6d44-nsbqz uid=7b5b8ef7-a2a2-4fe9-a3e1-74acd17bd88f restarts=6 usage_cpu=356m usage_mem=35Mi request_cpu=379m request_mem=250Mi limit_cpu=none limit_mem=none vpa_target_cpu=379m vpa_target_mem=250Mi vpa_uncapped_cpu=379m vpa_uncapped_mem=250Mi vpa_lower_cpu=155m vpa_lower_mem=250Mi vpa_upper_cpu=1500m vpa_upper_mem=512Mi
[2026-08-21T23:55:37+02:00] UPF_CONTROL_SAMPLE timestamp=2026-08-21T23:55:35+02:00 scenario=ue_23 pod=open5gs-upf-5b9db6d44-nsbqz uid=7b5b8ef7-a2a2-4fe9-a3e1-74acd17bd88f restarts=6 usage_cpu=356m usage_mem=35Mi request_cpu=379m request_mem=250Mi limit_cpu=none limit_mem=none vpa_target_cpu=379m vpa_target_mem=250Mi vpa_uncapped_cpu=379m vpa_uncapped_mem=250Mi vpa_lower_cpu=155m vpa_lower_mem=250Mi vpa_upper_cpu=1500m vpa_upper_mem=512Mi
[2026-08-21T23:55:39+02:00] UPF_CONTROL_SAMPLE timestamp=2026-08-21T23:55:38+02:00 scenario=ue_23 pod=open5gs-upf-5b9db6d44-nsbqz uid=7b5b8ef7-a2a2-4fe9-a3e1-74acd17bd88f restarts=6 usage_cpu=356m usage_mem=35Mi request_cpu=379m request_mem=250Mi limit_cpu=none limit_mem=none vpa_target_cpu=379m vpa_target_mem=250Mi vpa_uncapped_cpu=379m vpa_uncapped_mem=250Mi vpa_lower_cpu=155m vpa_lower_mem=250Mi vpa_upper_cpu=1500m vpa_upper_mem=512Mi
[2026-08-21T23:55:41+02:00] UPF_CONTROL_SAMPLE timestamp=2026-08-21T23:55:40+02:00 scenario=ue_23 pod=open5gs-upf-5b9db6d44-nsbqz uid=7b5b8ef7-a2a2-4fe9-a3e1-74acd17bd88f restarts=6 usage_cpu=361m usage_mem=35Mi request_cpu=379m request_mem=250Mi limit_cpu=none limit_mem=none vpa_target_cpu=379m vpa_target_mem=250Mi vpa_uncapped_cpu=379m vpa_uncapped_mem=250Mi vpa_lower_cpu=155m vpa_lower_mem=250Mi vpa_upper_cpu=1500m vpa_upper_mem=512Mi
[2026-08-21T23:55:43+02:00] UPF_CONTROL_SAMPLE timestamp=2026-08-21T23:55:42+02:00 scenario=ue_23 pod=open5gs-upf-5b9db6d44-nsbqz uid=7b5b8ef7-a2a2-4fe9-a3e1-74acd17bd88f restarts=6 usage_cpu=361m usage_mem=35Mi request_cpu=379m request_mem=250Mi limit_cpu=none limit_mem=none vpa_target_cpu=379m vpa_target_mem=250Mi vpa_uncapped_cpu=379m vpa_uncapped_mem=250Mi vpa_lower_cpu=155m vpa_lower_mem=250Mi vpa_upper_cpu=1500m vpa_upper_mem=512Mi
[2026-08-21T23:55:46+02:00] UPF_CONTROL_SAMPLE timestamp=2026-08-21T23:55:44+02:00 scenario=ue_23 pod=open5gs-upf-5b9db6d44-nsbqz uid=7b5b8ef7-a2a2-4fe9-a3e1-74acd17bd88f restarts=6 usage_cpu=361m usage_mem=35Mi request_cpu=379m request_mem=250Mi limit_cpu=none limit_mem=none vpa_target_cpu=379m vpa_target_mem=250Mi vpa_uncapped_cpu=379m vpa_uncapped_mem=250Mi vpa_lower_cpu=155m vpa_lower_mem=250Mi vpa_upper_cpu=1500m vpa_upper_mem=512Mi
[2026-08-21T23:55:48+02:00] UPF_CONTROL_SAMPLE timestamp=2026-08-21T23:55:47+02:00 scenario=ue_23 pod=open5gs-upf-5b9db6d44-nsbqz uid=7b5b8ef7-a2a2-4fe9-a3e1-74acd17bd88f restarts=6 usage_cpu=361m usage_mem=35Mi request_cpu=379m request_mem=250Mi limit_cpu=none limit_mem=none vpa_target_cpu=379m vpa_target_mem=250Mi vpa_uncapped_cpu=379m vpa_uncapped_mem=250Mi vpa_lower_cpu=155m vpa_lower_mem=250Mi vpa_upper_cpu=1500m vpa_upper_mem=512Mi
[2026-08-21T23:55:50+02:00] UE_SLOT_DONE timestamp=2026-08-21T21:55:50+00:00 active_ues=23 slot=0 attempt=1 ue_idx=0 ue_if=uesimtun0 ue_ip=10.45.0.252 port=5201 rc=0 replacements_for_slot=0 server_busy_retries_for_slot=0
[2026-08-21T23:55:50+02:00] UE_SLOT_DONE timestamp=2026-08-21T21:55:50+00:00 active_ues=23 slot=1 attempt=1 ue_idx=1 ue_if=uesimtun1 ue_ip=10.45.0.253 port=5202 rc=0 replacements_for_slot=0 server_busy_retries_for_slot=0
[2026-08-21T23:55:50+02:00] UE_SLOT_DONE timestamp=2026-08-21T21:55:50+00:00 active_ues=23 slot=2 attempt=1 ue_idx=2 ue_if=uesimtun2 ue_ip=10.45.0.254 port=5203 rc=0 replacements_for_slot=0 server_busy_retries_for_slot=0
[2026-08-21T23:55:50+02:00] UE_SLOT_DONE timestamp=2026-08-21T21:55:50+00:00 active_ues=23 slot=3 attempt=1 ue_idx=3 ue_if=uesimtun3 ue_ip=10.45.1.0 port=5204 rc=0 replacements_for_slot=0 server_busy_retries_for_slot=0
[2026-08-21T23:55:50+02:00] UE_SLOT_DONE timestamp=2026-08-21T21:55:50+00:00 active_ues=23 slot=4 attempt=1 ue_idx=4 ue_if=uesimtun4 ue_ip=10.45.1.1 port=5205 rc=0 replacements_for_slot=0 server_busy_retries_for_slot=0
[2026-08-21T23:55:50+02:00] UE_SLOT_DONE timestamp=2026-08-21T21:55:50+00:00 active_ues=23 slot=5 attempt=1 ue_idx=5 ue_if=uesimtun5 ue_ip=10.45.1.3 port=5206 rc=0 replacements_for_slot=0 server_busy_retries_for_slot=0
[2026-08-21T23:55:50+02:00] UE_SLOT_DONE timestamp=2026-08-21T21:55:50+00:00 active_ues=23 slot=6 attempt=1 ue_idx=6 ue_if=uesimtun6 ue_ip=10.45.0.255 port=5207 rc=0 replacements_for_slot=0 server_busy_retries_for_slot=0
[2026-08-21T23:55:50+02:00] UE_SLOT_DONE timestamp=2026-08-21T21:55:50+00:00 active_ues=23 slot=7 attempt=1 ue_idx=7 ue_if=uesimtun7 ue_ip=10.45.1.6 port=5208 rc=0 replacements_for_slot=0 server_busy_retries_for_slot=0
[2026-08-21T23:55:50+02:00] UPF_CONTROL_SAMPLE timestamp=2026-08-21T23:55:49+02:00 scenario=ue_23 pod=open5gs-upf-5b9db6d44-nsbqz uid=7b5b8ef7-a2a2-4fe9-a3e1-74acd17bd88f restarts=6 usage_cpu=361m usage_mem=35Mi request_cpu=379m request_mem=250Mi limit_cpu=none limit_mem=none vpa_target_cpu=379m vpa_target_mem=250Mi vpa_uncapped_cpu=379m vpa_uncapped_mem=250Mi vpa_lower_cpu=155m vpa_lower_mem=250Mi vpa_upper_cpu=1500m vpa_upper_mem=512Mi
[2026-08-21T23:55:51+02:00] UE_SLOT_DONE timestamp=2026-08-21T21:55:51+00:00 active_ues=23 slot=8 attempt=1 ue_idx=8 ue_if=uesimtun8 ue_ip=10.45.1.10 port=5209 rc=0 replacements_for_slot=0 server_busy_retries_for_slot=0
[2026-08-21T23:55:52+02:00] UE_SLOT_DONE timestamp=2026-08-21T21:55:52+00:00 active_ues=23 slot=9 attempt=1 ue_idx=9 ue_if=uesimtun9 ue_ip=10.45.1.7 port=5210 rc=0 replacements_for_slot=0 server_busy_retries_for_slot=0
[2026-08-21T23:55:52+02:00] UE_SLOT_DONE timestamp=2026-08-21T21:55:52+00:00 active_ues=23 slot=10 attempt=1 ue_idx=10 ue_if=uesimtun10 ue_ip=10.45.1.14 port=5211 rc=0 replacements_for_slot=0 server_busy_retries_for_slot=0
[2026-08-21T23:55:52+02:00] UE_SLOT_DONE timestamp=2026-08-21T21:55:52+00:00 active_ues=23 slot=11 attempt=1 ue_idx=11 ue_if=uesimtun11 ue_ip=10.45.1.15 port=5212 rc=0 replacements_for_slot=0 server_busy_retries_for_slot=0
[2026-08-21T23:55:52+02:00] UE_SLOT_DONE timestamp=2026-08-21T21:55:52+00:00 active_ues=23 slot=12 attempt=1 ue_idx=12 ue_if=uesimtun12 ue_ip=10.45.1.12 port=5213 rc=0 replacements_for_slot=0 server_busy_retries_for_slot=0
[2026-08-21T23:55:52+02:00] UE_SLOT_DONE timestamp=2026-08-21T21:55:52+00:00 active_ues=23 slot=13 attempt=1 ue_idx=13 ue_if=uesimtun13 ue_ip=10.45.1.18 port=5214 rc=0 replacements_for_slot=0 server_busy_retries_for_slot=0
[2026-08-21T23:55:52+02:00] UE_SLOT_DONE timestamp=2026-08-21T21:55:52+00:00 active_ues=23 slot=14 attempt=1 ue_idx=14 ue_if=uesimtun14 ue_ip=10.45.1.4 port=5215 rc=0 replacements_for_slot=0 server_busy_retries_for_slot=0
[2026-08-21T23:55:52+02:00] UE_SLOT_DONE timestamp=2026-08-21T21:55:52+00:00 active_ues=23 slot=15 attempt=1 ue_idx=15 ue_if=uesimtun15 ue_ip=10.45.1.19 port=5216 rc=0 replacements_for_slot=0 server_busy_retries_for_slot=0
[2026-08-21T23:55:53+02:00] UPF_CONTROL_SAMPLE timestamp=2026-08-21T23:55:51+02:00 scenario=ue_23 pod=open5gs-upf-5b9db6d44-nsbqz uid=7b5b8ef7-a2a2-4fe9-a3e1-74acd17bd88f restarts=6 usage_cpu=361m usage_mem=35Mi request_cpu=379m request_mem=250Mi limit_cpu=none limit_mem=none vpa_target_cpu=379m vpa_target_mem=250Mi vpa_uncapped_cpu=379m vpa_uncapped_mem=250Mi vpa_lower_cpu=155m vpa_lower_mem=250Mi vpa_upper_cpu=1500m vpa_upper_mem=512Mi
[2026-08-21T23:55:53+02:00] UE_SLOT_DONE timestamp=2026-08-21T21:55:53+00:00 active_ues=23 slot=16 attempt=1 ue_idx=16 ue_if=uesimtun16 ue_ip=10.45.1.21 port=5217 rc=0 replacements_for_slot=0 server_busy_retries_for_slot=0
[2026-08-21T23:55:53+02:00] UE_SLOT_DONE timestamp=2026-08-21T21:55:53+00:00 active_ues=23 slot=17 attempt=1 ue_idx=17 ue_if=uesimtun17 ue_ip=10.45.1.22 port=5218 rc=0 replacements_for_slot=0 server_busy_retries_for_slot=0
[2026-08-21T23:55:53+02:00] UE_SLOT_DONE timestamp=2026-08-21T21:55:53+00:00 active_ues=23 slot=18 attempt=1 ue_idx=18 ue_if=uesimtun18 ue_ip=10.45.1.24 port=5219 rc=0 replacements_for_slot=0 server_busy_retries_for_slot=0
[2026-08-21T23:55:53+02:00] UE_SLOT_DONE timestamp=2026-08-21T21:55:53+00:00 active_ues=23 slot=19 attempt=1 ue_idx=19 ue_if=uesimtun19 ue_ip=10.45.1.27 port=5220 rc=0 replacements_for_slot=0 server_busy_retries_for_slot=0
[2026-08-21T23:55:53+02:00] UE_SLOT_DONE timestamp=2026-08-21T21:55:53+00:00 active_ues=23 slot=20 attempt=1 ue_idx=20 ue_if=uesimtun20 ue_ip=10.45.1.28 port=5221 rc=0 replacements_for_slot=0 server_busy_retries_for_slot=0
[2026-08-21T23:55:53+02:00] UE_SLOT_DONE timestamp=2026-08-21T21:55:53+00:00 active_ues=23 slot=21 attempt=1 ue_idx=21 ue_if=uesimtun21 ue_ip=10.45.1.29 port=5222 rc=0 replacements_for_slot=0 server_busy_retries_for_slot=0
[2026-08-21T23:55:53+02:00] UE_SLOT_DONE timestamp=2026-08-21T21:55:53+00:00 active_ues=23 slot=22 attempt=1 ue_idx=22 ue_if=uesimtun22 ue_ip=10.45.1.30 port=5223 rc=0 replacements_for_slot=0 server_busy_retries_for_slot=0
[2026-08-21T23:55:55+02:00] TRAFFIC_SUMMARY timestamp=2026-08-21T21:55:55+00:00 registered_tunnels=50 active_ues=23 target_slots=23 completed_slots=23 final_failed_slots=0 replacements=0 problematic_ues=0 zombie_ues=0 connect_timeouts=0 stalls=0 deferred_stalls=0 process_failures=0 server_busy_retries=0 server_busy_failures=0 late_timeouts_accepted=0 scenario_bad_ues=0 global_suspect_ues=0 used_ues=23 target_host=192.168.1.211 initial_ports=5201-5223 replacement_ports=5251-5265 bitrate=1M start_delay=0.05 detection=no_rx_counter replacement_min_duration_s=5 adaptive_extension_max_s=1 iperf_exit_grace_s=3 server_busy_retries_limit=1 server_busy_retry_delay_s=2 late_replacement_after_end=disabled wait_for_iperf_exit=until_timeout global_suspect_policy=soft_reuse ramp_supervision=after_initial_start
[2026-08-21T23:55:55+02:00] UE_POOL_SCENARIO_BAD_CURRENT timestamp=2026-08-21T21:55:55+00:00 active_ues=23 indexes=
[2026-08-21T23:55:55+02:00] UE_POOL_GLOBAL_SUSPECT_CURRENT timestamp=2026-08-21T21:55:55+00:00 active_ues=23 indexes=
[2026-08-21T23:55:55+02:00] REMOTE_IPERF_PER_UE_END timestamp=2026-08-21T21:55:55+00:00 active_ues=23 tag=ue_23 final_rc=0 completed_slots=23 replacements=0 problematic_ues=0 server_busy_retries=0 deferred_stalls=0 late_timeouts_accepted=0
[2026-08-21T23:55:55+02:00] SCENARIO TRAFFIC COMMAND END timestamp=2026-08-21T23:55:55+02:00 active_ue=23 rc=0
[2026-08-21T23:55:55+02:00] UPF_CONTROL_SAMPLE timestamp=2026-08-21T23:55:54+02:00 scenario=ue_23 pod=open5gs-upf-5b9db6d44-nsbqz uid=7b5b8ef7-a2a2-4fe9-a3e1-74acd17bd88f restarts=6 usage_cpu=361m usage_mem=35Mi request_cpu=379m request_mem=250Mi limit_cpu=none limit_mem=none vpa_target_cpu=379m vpa_target_mem=250Mi vpa_uncapped_cpu=379m vpa_uncapped_mem=250Mi vpa_lower_cpu=155m vpa_lower_mem=250Mi vpa_upper_cpu=1500m vpa_upper_mem=512Mi
[2026-08-21T23:55:56+02:00] SCENARIO UPF AFTER timestamp=2026-08-21T23:55:56+02:00 active_ue=23 pod=open5gs-upf-5b9db6d44-nsbqz uid=7b5b8ef7-a2a2-4fe9-a3e1-74acd17bd88f restarts=6
[2026-08-21T23:55:56+02:00] SCENARIO END timestamp=2026-08-21T23:55:56+02:00 active_ue=23 rc=0
[2026-08-21T23:55:56+02:00] ================================================================
[2026-08-21T23:55:56+02:00] SCENARIO START timestamp=2026-08-21T23:55:56+02:00 active_ue=25 registered_ue_pool=50 target_host=192.168.1.211 ports=5201-5225 replacement_ports=5251-5265 bitrate_per_ue=1M start_delay=0.05 replacement_min_duration=5 adaptive_extension_max=1
[2026-08-21T23:55:56+02:00] ================================================================
[2026-08-21T23:55:56+02:00] SCENARIO TUNNEL CHECK timestamp=2026-08-21T23:55:56+02:00 active_ue=25 current_tunnels=50 required=50
[2026-08-21T23:55:57+02:00] SCENARIO UPF BEFORE timestamp=2026-08-21T23:55:57+02:00 active_ue=25 pod=open5gs-upf-5b9db6d44-nsbqz uid=7b5b8ef7-a2a2-4fe9-a3e1-74acd17bd88f restarts=6
[2026-08-21T23:55:57+02:00] REMOTE_IPERF_PER_UE_START timestamp=2026-08-21T21:55:57+00:00 active_ues=25 tag=ue_25 iperf_host=192.168.1.211 base_port=5201 replacement_base_port=5251 duration=80 bitrate=1M start_delay=0.05 detection=no_rx_counter connect_timeout_s=4 stall_seconds=5 replacement_limit=15 replacement_min_duration_s=5 adaptive_extension_max_s=1 iperf_exit_grace_s=3 server_busy_port_rebinds=1 late_replacement_after_end=disabled wait_for_iperf_exit=until_timeout global_suspect_policy=soft_reuse ramp_supervision=after_initial_start
[2026-08-21T23:55:57+02:00] UPF_CONTROL_SAMPLE timestamp=2026-08-21T23:55:56+02:00 scenario=ue_25 pod=open5gs-upf-5b9db6d44-nsbqz uid=7b5b8ef7-a2a2-4fe9-a3e1-74acd17bd88f restarts=6 usage_cpu=360m usage_mem=35Mi request_cpu=379m request_mem=250Mi limit_cpu=none limit_mem=none vpa_target_cpu=379m vpa_target_mem=250Mi vpa_uncapped_cpu=379m vpa_uncapped_mem=250Mi vpa_lower_cpu=155m vpa_lower_mem=250Mi vpa_upper_cpu=1500m vpa_upper_mem=512Mi
[2026-08-21T23:55:57+02:00] UE_POOL_STATUS timestamp=2026-08-21T21:55:57+00:00 active_ues=25 registered_tunnels=50 existing_global_suspect_ues=0 used_ues=0 policy=soft_reuse_global_suspects
[2026-08-21T23:55:58+02:00] UE_SLOT_ASSIGN timestamp=2026-08-21T21:55:58+00:00 active_ues=25 slot=0 ue_idx=0 ue_if=uesimtun0 ue_ip=10.45.0.252 candidate_reused_global_suspect=0
[2026-08-21T23:55:58+02:00] UE_SLOT_START timestamp=2026-08-21T21:55:58+00:00 active_ues=25 slot=0 attempt=1 ue_idx=0 ue_if=uesimtun0 ue_ip=10.45.0.252 target=192.168.1.211:5201 bitrate=1M duration_s=80 planned_end_epoch=1787349438 timeout_s=90 hard_timeout_epoch=1787349453 start_rx_bytes=1085215
[2026-08-21T23:55:58+02:00] UE_SLOT_PID timestamp=2026-08-21T21:55:58+00:00 active_ues=25 slot=0 attempt=1 ue_idx=0 pid=34346
[2026-08-21T23:55:58+02:00] UE_SLOT_ASSIGN timestamp=2026-08-21T21:55:58+00:00 active_ues=25 slot=1 ue_idx=1 ue_if=uesimtun1 ue_ip=10.45.0.253 candidate_reused_global_suspect=0
[2026-08-21T23:55:58+02:00] UE_SLOT_START timestamp=2026-08-21T21:55:58+00:00 active_ues=25 slot=1 attempt=1 ue_idx=1 ue_if=uesimtun1 ue_ip=10.45.0.253 target=192.168.1.211:5202 bitrate=1M duration_s=80 planned_end_epoch=1787349438 timeout_s=90 hard_timeout_epoch=1787349453 start_rx_bytes=1000554
[2026-08-21T23:55:58+02:00] UE_SLOT_PID timestamp=2026-08-21T21:55:58+00:00 active_ues=25 slot=1 attempt=1 ue_idx=1 pid=34371
[2026-08-21T23:55:58+02:00] UE_SLOT_ASSIGN timestamp=2026-08-21T21:55:58+00:00 active_ues=25 slot=2 ue_idx=2 ue_if=uesimtun2 ue_ip=10.45.0.254 candidate_reused_global_suspect=0
[2026-08-21T23:55:58+02:00] UE_SLOT_START timestamp=2026-08-21T21:55:58+00:00 active_ues=25 slot=2 attempt=1 ue_idx=2 ue_if=uesimtun2 ue_ip=10.45.0.254 target=192.168.1.211:5203 bitrate=1M duration_s=80 planned_end_epoch=1787349438 timeout_s=90 hard_timeout_epoch=1787349453 start_rx_bytes=1004238
[2026-08-21T23:55:58+02:00] UE_SLOT_PID timestamp=2026-08-21T21:55:58+00:00 active_ues=25 slot=2 attempt=1 ue_idx=2 pid=34396
[2026-08-21T23:55:58+02:00] UE_SLOT_ASSIGN timestamp=2026-08-21T21:55:58+00:00 active_ues=25 slot=3 ue_idx=3 ue_if=uesimtun3 ue_ip=10.45.1.0 candidate_reused_global_suspect=0
[2026-08-21T23:55:58+02:00] UE_SLOT_START timestamp=2026-08-21T21:55:58+00:00 active_ues=25 slot=3 attempt=1 ue_idx=3 ue_if=uesimtun3 ue_ip=10.45.1.0 target=192.168.1.211:5204 bitrate=1M duration_s=80 planned_end_epoch=1787349438 timeout_s=90 hard_timeout_epoch=1787349453 start_rx_bytes=910328
[2026-08-21T23:55:58+02:00] UE_SLOT_PID timestamp=2026-08-21T21:55:58+00:00 active_ues=25 slot=3 attempt=1 ue_idx=3 pid=34421
[2026-08-21T23:55:58+02:00] UE_SLOT_ASSIGN timestamp=2026-08-21T21:55:58+00:00 active_ues=25 slot=4 ue_idx=4 ue_if=uesimtun4 ue_ip=10.45.1.1 candidate_reused_global_suspect=0
[2026-08-21T23:55:59+02:00] UE_SLOT_START timestamp=2026-08-21T21:55:58+00:00 active_ues=25 slot=4 attempt=1 ue_idx=4 ue_if=uesimtun4 ue_ip=10.45.1.1 target=192.168.1.211:5205 bitrate=1M duration_s=80 planned_end_epoch=1787349438 timeout_s=90 hard_timeout_epoch=1787349453 start_rx_bytes=910617
[2026-08-21T23:55:59+02:00] UE_SLOT_PID timestamp=2026-08-21T21:55:58+00:00 active_ues=25 slot=4 attempt=1 ue_idx=4 pid=34446
[2026-08-21T23:55:59+02:00] UE_SLOT_ASSIGN timestamp=2026-08-21T21:55:59+00:00 active_ues=25 slot=5 ue_idx=5 ue_if=uesimtun5 ue_ip=10.45.1.3 candidate_reused_global_suspect=0
[2026-08-21T23:55:59+02:00] UE_SLOT_START timestamp=2026-08-21T21:55:59+00:00 active_ues=25 slot=5 attempt=1 ue_idx=5 ue_if=uesimtun5 ue_ip=10.45.1.3 target=192.168.1.211:5206 bitrate=1M duration_s=80 planned_end_epoch=1787349439 timeout_s=90 hard_timeout_epoch=1787349454 start_rx_bytes=797047
[2026-08-21T23:55:59+02:00] UE_SLOT_PID timestamp=2026-08-21T21:55:59+00:00 active_ues=25 slot=5 attempt=1 ue_idx=5 pid=34471
[2026-08-21T23:55:59+02:00] UE_SLOT_ASSIGN timestamp=2026-08-21T21:55:59+00:00 active_ues=25 slot=6 ue_idx=6 ue_if=uesimtun6 ue_ip=10.45.0.255 candidate_reused_global_suspect=0
[2026-08-21T23:55:59+02:00] UE_SLOT_START timestamp=2026-08-21T21:55:59+00:00 active_ues=25 slot=6 attempt=1 ue_idx=6 ue_if=uesimtun6 ue_ip=10.45.0.255 target=192.168.1.211:5207 bitrate=1M duration_s=80 planned_end_epoch=1787349439 timeout_s=90 hard_timeout_epoch=1787349454 start_rx_bytes=802838
[2026-08-21T23:55:59+02:00] UE_SLOT_PID timestamp=2026-08-21T21:55:59+00:00 active_ues=25 slot=6 attempt=1 ue_idx=6 pid=34496
[2026-08-21T23:55:59+02:00] UE_SLOT_ASSIGN timestamp=2026-08-21T21:55:59+00:00 active_ues=25 slot=7 ue_idx=7 ue_if=uesimtun7 ue_ip=10.45.1.6 candidate_reused_global_suspect=0
[2026-08-21T23:55:59+02:00] UE_SLOT_START timestamp=2026-08-21T21:55:59+00:00 active_ues=25 slot=7 attempt=1 ue_idx=7 ue_if=uesimtun7 ue_ip=10.45.1.6 target=192.168.1.211:5208 bitrate=1M duration_s=80 planned_end_epoch=1787349439 timeout_s=90 hard_timeout_epoch=1787349454 start_rx_bytes=707508
[2026-08-21T23:55:59+02:00] UE_SLOT_PID timestamp=2026-08-21T21:55:59+00:00 active_ues=25 slot=7 attempt=1 ue_idx=7 pid=34521
[2026-08-21T23:55:59+02:00] UE_SLOT_ASSIGN timestamp=2026-08-21T21:55:59+00:00 active_ues=25 slot=8 ue_idx=8 ue_if=uesimtun8 ue_ip=10.45.1.10 candidate_reused_global_suspect=0
[2026-08-21T23:55:59+02:00] UE_SLOT_START timestamp=2026-08-21T21:55:59+00:00 active_ues=25 slot=8 attempt=1 ue_idx=8 ue_if=uesimtun8 ue_ip=10.45.1.10 target=192.168.1.211:5209 bitrate=1M duration_s=80 planned_end_epoch=1787349439 timeout_s=90 hard_timeout_epoch=1787349454 start_rx_bytes=721053
[2026-08-21T23:55:59+02:00] UE_SLOT_PID timestamp=2026-08-21T21:55:59+00:00 active_ues=25 slot=8 attempt=1 ue_idx=8 pid=34546
[2026-08-21T23:56:00+02:00] UE_SLOT_ASSIGN timestamp=2026-08-21T21:56:00+00:00 active_ues=25 slot=9 ue_idx=9 ue_if=uesimtun9 ue_ip=10.45.1.7 candidate_reused_global_suspect=0
[2026-08-21T23:56:00+02:00] UE_SLOT_START timestamp=2026-08-21T21:56:00+00:00 active_ues=25 slot=9 attempt=1 ue_idx=9 ue_if=uesimtun9 ue_ip=10.45.1.7 target=192.168.1.211:5210 bitrate=1M duration_s=80 planned_end_epoch=1787349440 timeout_s=90 hard_timeout_epoch=1787349455 start_rx_bytes=613737
[2026-08-21T23:56:00+02:00] UE_SLOT_PID timestamp=2026-08-21T21:56:00+00:00 active_ues=25 slot=9 attempt=1 ue_idx=9 pid=34571
[2026-08-21T23:56:00+02:00] UE_SLOT_ASSIGN timestamp=2026-08-21T21:56:00+00:00 active_ues=25 slot=10 ue_idx=10 ue_if=uesimtun10 ue_ip=10.45.1.14 candidate_reused_global_suspect=0
[2026-08-21T23:56:00+02:00] UPF_CONTROL_SAMPLE timestamp=2026-08-21T23:55:58+02:00 scenario=ue_25 pod=open5gs-upf-5b9db6d44-nsbqz uid=7b5b8ef7-a2a2-4fe9-a3e1-74acd17bd88f restarts=6 usage_cpu=360m usage_mem=35Mi request_cpu=379m request_mem=250Mi limit_cpu=none limit_mem=none vpa_target_cpu=379m vpa_target_mem=250Mi vpa_uncapped_cpu=379m vpa_uncapped_mem=250Mi vpa_lower_cpu=155m vpa_lower_mem=250Mi vpa_upper_cpu=1500m vpa_upper_mem=512Mi
[2026-08-21T23:56:00+02:00] UE_SLOT_START timestamp=2026-08-21T21:56:00+00:00 active_ues=25 slot=10 attempt=1 ue_idx=10 ue_if=uesimtun10 ue_ip=10.45.1.14 target=192.168.1.211:5211 bitrate=1M duration_s=80 planned_end_epoch=1787349440 timeout_s=90 hard_timeout_epoch=1787349455 start_rx_bytes=623817
[2026-08-21T23:56:00+02:00] UE_SLOT_PID timestamp=2026-08-21T21:56:00+00:00 active_ues=25 slot=10 attempt=1 ue_idx=10 pid=34596
[2026-08-21T23:56:00+02:00] UE_SLOT_ASSIGN timestamp=2026-08-21T21:56:00+00:00 active_ues=25 slot=11 ue_idx=11 ue_if=uesimtun11 ue_ip=10.45.1.15 candidate_reused_global_suspect=0
[2026-08-21T23:56:00+02:00] UE_SLOT_START timestamp=2026-08-21T21:56:00+00:00 active_ues=25 slot=11 attempt=1 ue_idx=11 ue_if=uesimtun11 ue_ip=10.45.1.15 target=192.168.1.211:5212 bitrate=1M duration_s=80 planned_end_epoch=1787349440 timeout_s=90 hard_timeout_epoch=1787349455 start_rx_bytes=550165
[2026-08-21T23:56:00+02:00] UE_SLOT_PID timestamp=2026-08-21T21:56:00+00:00 active_ues=25 slot=11 attempt=1 ue_idx=11 pid=34621
[2026-08-21T23:56:00+02:00] UE_SLOT_ASSIGN timestamp=2026-08-21T21:56:00+00:00 active_ues=25 slot=12 ue_idx=12 ue_if=uesimtun12 ue_ip=10.45.1.12 candidate_reused_global_suspect=0
[2026-08-21T23:56:00+02:00] UE_SLOT_START timestamp=2026-08-21T21:56:00+00:00 active_ues=25 slot=12 attempt=1 ue_idx=12 ue_if=uesimtun12 ue_ip=10.45.1.12 target=192.168.1.211:5213 bitrate=1M duration_s=80 planned_end_epoch=1787349440 timeout_s=90 hard_timeout_epoch=1787349455 start_rx_bytes=541790
[2026-08-21T23:56:00+02:00] UE_SLOT_PID timestamp=2026-08-21T21:56:00+00:00 active_ues=25 slot=12 attempt=1 ue_idx=12 pid=34646
[2026-08-21T23:56:00+02:00] UE_SLOT_ASSIGN timestamp=2026-08-21T21:56:00+00:00 active_ues=25 slot=13 ue_idx=13 ue_if=uesimtun13 ue_ip=10.45.1.18 candidate_reused_global_suspect=0
[2026-08-21T23:56:01+02:00] UE_SLOT_START timestamp=2026-08-21T21:56:00+00:00 active_ues=25 slot=13 attempt=1 ue_idx=13 ue_if=uesimtun13 ue_ip=10.45.1.18 target=192.168.1.211:5214 bitrate=1M duration_s=80 planned_end_epoch=1787349440 timeout_s=90 hard_timeout_epoch=1787349455 start_rx_bytes=453646
[2026-08-21T23:56:01+02:00] UE_SLOT_PID timestamp=2026-08-21T21:56:01+00:00 active_ues=25 slot=13 attempt=1 ue_idx=13 pid=34671
[2026-08-21T23:56:01+02:00] UE_SLOT_ASSIGN timestamp=2026-08-21T21:56:01+00:00 active_ues=25 slot=14 ue_idx=14 ue_if=uesimtun14 ue_ip=10.45.1.4 candidate_reused_global_suspect=0
[2026-08-21T23:56:01+02:00] UE_SLOT_START timestamp=2026-08-21T21:56:01+00:00 active_ues=25 slot=14 attempt=1 ue_idx=14 ue_if=uesimtun14 ue_ip=10.45.1.4 target=192.168.1.211:5215 bitrate=1M duration_s=80 planned_end_epoch=1787349441 timeout_s=90 hard_timeout_epoch=1787349456 start_rx_bytes=454494
[2026-08-21T23:56:01+02:00] UE_SLOT_PID timestamp=2026-08-21T21:56:01+00:00 active_ues=25 slot=14 attempt=1 ue_idx=14 pid=34696
[2026-08-21T23:56:01+02:00] UE_SLOT_ASSIGN timestamp=2026-08-21T21:56:01+00:00 active_ues=25 slot=15 ue_idx=15 ue_if=uesimtun15 ue_ip=10.45.1.19 candidate_reused_global_suspect=0
[2026-08-21T23:56:01+02:00] UE_SLOT_START timestamp=2026-08-21T21:56:01+00:00 active_ues=25 slot=15 attempt=1 ue_idx=15 ue_if=uesimtun15 ue_ip=10.45.1.19 target=192.168.1.211:5216 bitrate=1M duration_s=80 planned_end_epoch=1787349441 timeout_s=90 hard_timeout_epoch=1787349456 start_rx_bytes=348321
[2026-08-21T23:56:01+02:00] UE_SLOT_PID timestamp=2026-08-21T21:56:01+00:00 active_ues=25 slot=15 attempt=1 ue_idx=15 pid=34721
[2026-08-21T23:56:01+02:00] UE_SLOT_ASSIGN timestamp=2026-08-21T21:56:01+00:00 active_ues=25 slot=16 ue_idx=16 ue_if=uesimtun16 ue_ip=10.45.1.21 candidate_reused_global_suspect=0
[2026-08-21T23:56:01+02:00] UE_SLOT_START timestamp=2026-08-21T21:56:01+00:00 active_ues=25 slot=16 attempt=1 ue_idx=16 ue_if=uesimtun16 ue_ip=10.45.1.21 target=192.168.1.211:5217 bitrate=1M duration_s=80 planned_end_epoch=1787349441 timeout_s=90 hard_timeout_epoch=1787349456 start_rx_bytes=353539
[2026-08-21T23:56:01+02:00] UE_SLOT_PID timestamp=2026-08-21T21:56:01+00:00 active_ues=25 slot=16 attempt=1 ue_idx=16 pid=34746
[2026-08-21T23:56:01+02:00] UE_SLOT_ASSIGN timestamp=2026-08-21T21:56:01+00:00 active_ues=25 slot=17 ue_idx=17 ue_if=uesimtun17 ue_ip=10.45.1.22 candidate_reused_global_suspect=0
[2026-08-21T23:56:01+02:00] UE_SLOT_START timestamp=2026-08-21T21:56:01+00:00 active_ues=25 slot=17 attempt=1 ue_idx=17 ue_if=uesimtun17 ue_ip=10.45.1.22 target=192.168.1.211:5218 bitrate=1M duration_s=80 planned_end_epoch=1787349441 timeout_s=90 hard_timeout_epoch=1787349456 start_rx_bytes=262490
[2026-08-21T23:56:01+02:00] UE_SLOT_PID timestamp=2026-08-21T21:56:01+00:00 active_ues=25 slot=17 attempt=1 ue_idx=17 pid=34771
[2026-08-21T23:56:02+02:00] UE_SLOT_ASSIGN timestamp=2026-08-21T21:56:02+00:00 active_ues=25 slot=18 ue_idx=18 ue_if=uesimtun18 ue_ip=10.45.1.24 candidate_reused_global_suspect=0
[2026-08-21T23:56:02+02:00] UE_SLOT_START timestamp=2026-08-21T21:56:02+00:00 active_ues=25 slot=18 attempt=1 ue_idx=18 ue_if=uesimtun18 ue_ip=10.45.1.24 target=192.168.1.211:5219 bitrate=1M duration_s=80 planned_end_epoch=1787349442 timeout_s=90 hard_timeout_epoch=1787349457 start_rx_bytes=276195
[2026-08-21T23:56:02+02:00] UE_SLOT_PID timestamp=2026-08-21T21:56:02+00:00 active_ues=25 slot=18 attempt=1 ue_idx=18 pid=34796
[2026-08-21T23:56:02+02:00] UE_SLOT_ASSIGN timestamp=2026-08-21T21:56:02+00:00 active_ues=25 slot=19 ue_idx=19 ue_if=uesimtun19 ue_ip=10.45.1.27 candidate_reused_global_suspect=0
[2026-08-21T23:56:02+02:00] UE_SLOT_START timestamp=2026-08-21T21:56:02+00:00 active_ues=25 slot=19 attempt=1 ue_idx=19 ue_if=uesimtun19 ue_ip=10.45.1.27 target=192.168.1.211:5220 bitrate=1M duration_s=80 planned_end_epoch=1787349442 timeout_s=90 hard_timeout_epoch=1787349457 start_rx_bytes=175914
[2026-08-21T23:56:02+02:00] UE_SLOT_PID timestamp=2026-08-21T21:56:02+00:00 active_ues=25 slot=19 attempt=1 ue_idx=19 pid=34821
[2026-08-21T23:56:02+02:00] UPF_CONTROL_SAMPLE timestamp=2026-08-21T23:56:01+02:00 scenario=ue_25 pod=open5gs-upf-5b9db6d44-nsbqz uid=7b5b8ef7-a2a2-4fe9-a3e1-74acd17bd88f restarts=6 usage_cpu=360m usage_mem=35Mi request_cpu=379m request_mem=250Mi limit_cpu=none limit_mem=none vpa_target_cpu=379m vpa_target_mem=250Mi vpa_uncapped_cpu=379m vpa_uncapped_mem=250Mi vpa_lower_cpu=155m vpa_lower_mem=250Mi vpa_upper_cpu=1500m vpa_upper_mem=512Mi
[2026-08-21T23:56:02+02:00] UE_SLOT_ASSIGN timestamp=2026-08-21T21:56:02+00:00 active_ues=25 slot=20 ue_idx=20 ue_if=uesimtun20 ue_ip=10.45.1.28 candidate_reused_global_suspect=0
[2026-08-21T23:56:02+02:00] UE_SLOT_START timestamp=2026-08-21T21:56:02+00:00 active_ues=25 slot=20 attempt=1 ue_idx=20 ue_if=uesimtun20 ue_ip=10.45.1.28 target=192.168.1.211:5221 bitrate=1M duration_s=80 planned_end_epoch=1787349442 timeout_s=90 hard_timeout_epoch=1787349457 start_rx_bytes=178307
[2026-08-21T23:56:02+02:00] UE_SLOT_PID timestamp=2026-08-21T21:56:02+00:00 active_ues=25 slot=20 attempt=1 ue_idx=20 pid=34846
[2026-08-21T23:56:02+02:00] UE_SLOT_ASSIGN timestamp=2026-08-21T21:56:02+00:00 active_ues=25 slot=21 ue_idx=21 ue_if=uesimtun21 ue_ip=10.45.1.29 candidate_reused_global_suspect=0
[2026-08-21T23:56:02+02:00] UE_SLOT_START timestamp=2026-08-21T21:56:02+00:00 active_ues=25 slot=21 attempt=1 ue_idx=21 ue_if=uesimtun21 ue_ip=10.45.1.29 target=192.168.1.211:5222 bitrate=1M duration_s=80 planned_end_epoch=1787349442 timeout_s=90 hard_timeout_epoch=1787349457 start_rx_bytes=80797
[2026-08-21T23:56:03+02:00] UE_SLOT_PID timestamp=2026-08-21T21:56:02+00:00 active_ues=25 slot=21 attempt=1 ue_idx=21 pid=34871
[2026-08-21T23:56:03+02:00] UE_SLOT_ASSIGN timestamp=2026-08-21T21:56:03+00:00 active_ues=25 slot=22 ue_idx=22 ue_if=uesimtun22 ue_ip=10.45.1.30 candidate_reused_global_suspect=0
[2026-08-21T23:56:03+02:00] UE_SLOT_START timestamp=2026-08-21T21:56:03+00:00 active_ues=25 slot=22 attempt=1 ue_idx=22 ue_if=uesimtun22 ue_ip=10.45.1.30 target=192.168.1.211:5223 bitrate=1M duration_s=80 planned_end_epoch=1787349443 timeout_s=90 hard_timeout_epoch=1787349458 start_rx_bytes=90652
[2026-08-21T23:56:03+02:00] UE_SLOT_PID timestamp=2026-08-21T21:56:03+00:00 active_ues=25 slot=22 attempt=1 ue_idx=22 pid=34896
[2026-08-21T23:56:03+02:00] UE_SLOT_ASSIGN timestamp=2026-08-21T21:56:03+00:00 active_ues=25 slot=23 ue_idx=23 ue_if=uesimtun23 ue_ip=10.45.1.34 candidate_reused_global_suspect=0
[2026-08-21T23:56:03+02:00] UE_SLOT_START timestamp=2026-08-21T21:56:03+00:00 active_ues=25 slot=23 attempt=1 ue_idx=23 ue_if=uesimtun23 ue_ip=10.45.1.34 target=192.168.1.211:5224 bitrate=1M duration_s=80 planned_end_epoch=1787349443 timeout_s=90 hard_timeout_epoch=1787349458 start_rx_bytes=0
[2026-08-21T23:56:03+02:00] UE_SLOT_PID timestamp=2026-08-21T21:56:03+00:00 active_ues=25 slot=23 attempt=1 ue_idx=23 pid=34921
[2026-08-21T23:56:03+02:00] UE_SLOT_ASSIGN timestamp=2026-08-21T21:56:03+00:00 active_ues=25 slot=24 ue_idx=24 ue_if=uesimtun24 ue_ip=10.45.1.32 candidate_reused_global_suspect=0
[2026-08-21T23:56:03+02:00] UE_SLOT_START timestamp=2026-08-21T21:56:03+00:00 active_ues=25 slot=24 attempt=1 ue_idx=24 ue_if=uesimtun24 ue_ip=10.45.1.32 target=192.168.1.211:5225 bitrate=1M duration_s=80 planned_end_epoch=1787349443 timeout_s=90 hard_timeout_epoch=1787349458 start_rx_bytes=0
[2026-08-21T23:56:03+02:00] UE_SLOT_PID timestamp=2026-08-21T21:56:03+00:00 active_ues=25 slot=24 attempt=1 ue_idx=24 pid=34946
[2026-08-21T23:56:03+02:00] IPERF_MAPPING_SUMMARY timestamp=2026-08-21T21:56:03+00:00 active_ues=25 registered_tunnels=50 initial_ports=5201-5225 replacement_ports=5251-5265 bitrate=1M start_delay=0.05 detection=no_rx_counter replacement_min_duration_s=5 adaptive_extension_max_s=1 iperf_exit_grace_s=3 server_busy_port_rebinds=1 late_replacement_after_end=disabled wait_for_iperf_exit=until_timeout global_suspect_policy=soft_reuse ramp_supervision=after_initial_start
[2026-08-21T23:56:04+02:00] UPF_CONTROL_SAMPLE timestamp=2026-08-21T23:56:03+02:00 scenario=ue_25 pod=open5gs-upf-5b9db6d44-nsbqz uid=7b5b8ef7-a2a2-4fe9-a3e1-74acd17bd88f restarts=6 usage_cpu=360m usage_mem=35Mi request_cpu=379m request_mem=250Mi limit_cpu=none limit_mem=none vpa_target_cpu=379m vpa_target_mem=250Mi vpa_uncapped_cpu=379m vpa_uncapped_mem=250Mi vpa_lower_cpu=155m vpa_lower_mem=250Mi vpa_upper_cpu=1500m vpa_upper_mem=512Mi
[2026-08-21T23:56:07+02:00] UPF_CONTROL_SAMPLE timestamp=2026-08-21T23:56:06+02:00 scenario=ue_25 pod=open5gs-upf-5b9db6d44-nsbqz uid=7b5b8ef7-a2a2-4fe9-a3e1-74acd17bd88f restarts=6 usage_cpu=360m usage_mem=35Mi request_cpu=379m request_mem=250Mi limit_cpu=none limit_mem=none vpa_target_cpu=379m vpa_target_mem=250Mi vpa_uncapped_cpu=379m vpa_uncapped_mem=250Mi vpa_lower_cpu=155m vpa_lower_mem=250Mi vpa_upper_cpu=1500m vpa_upper_mem=512Mi
[2026-08-21T23:56:09+02:00] UPF_CONTROL_SAMPLE timestamp=2026-08-21T23:56:08+02:00 scenario=ue_25 pod=open5gs-upf-5b9db6d44-nsbqz uid=7b5b8ef7-a2a2-4fe9-a3e1-74acd17bd88f restarts=6 usage_cpu=360m usage_mem=35Mi request_cpu=379m request_mem=250Mi limit_cpu=none limit_mem=none vpa_target_cpu=379m vpa_target_mem=250Mi vpa_uncapped_cpu=379m vpa_uncapped_mem=250Mi vpa_lower_cpu=155m vpa_lower_mem=250Mi vpa_upper_cpu=1500m vpa_upper_mem=512Mi
[2026-08-21T23:56:11+02:00] UPF_CONTROL_SAMPLE timestamp=2026-08-21T23:56:10+02:00 scenario=ue_25 pod=open5gs-upf-5b9db6d44-nsbqz uid=7b5b8ef7-a2a2-4fe9-a3e1-74acd17bd88f restarts=6 usage_cpu=195m usage_mem=35Mi request_cpu=379m request_mem=250Mi limit_cpu=none limit_mem=none vpa_target_cpu=379m vpa_target_mem=250Mi vpa_uncapped_cpu=379m vpa_uncapped_mem=250Mi vpa_lower_cpu=155m vpa_lower_mem=250Mi vpa_upper_cpu=1500m vpa_upper_mem=512Mi
[2026-08-21T23:56:14+02:00] UPF_CONTROL_SAMPLE timestamp=2026-08-21T23:56:12+02:00 scenario=ue_25 pod=open5gs-upf-5b9db6d44-nsbqz uid=7b5b8ef7-a2a2-4fe9-a3e1-74acd17bd88f restarts=6 usage_cpu=195m usage_mem=35Mi request_cpu=379m request_mem=250Mi limit_cpu=none limit_mem=none vpa_target_cpu=379m vpa_target_mem=250Mi vpa_uncapped_cpu=379m vpa_uncapped_mem=250Mi vpa_lower_cpu=155m vpa_lower_mem=250Mi vpa_upper_cpu=1500m vpa_upper_mem=512Mi
[2026-08-21T23:56:16+02:00] UPF_CONTROL_SAMPLE timestamp=2026-08-21T23:56:15+02:00 scenario=ue_25 pod=open5gs-upf-5b9db6d44-nsbqz uid=7b5b8ef7-a2a2-4fe9-a3e1-74acd17bd88f restarts=6 usage_cpu=195m usage_mem=35Mi request_cpu=379m request_mem=250Mi limit_cpu=none limit_mem=none vpa_target_cpu=379m vpa_target_mem=250Mi vpa_uncapped_cpu=379m vpa_uncapped_mem=250Mi vpa_lower_cpu=155m vpa_lower_mem=250Mi vpa_upper_cpu=1500m vpa_upper_mem=512Mi
[2026-08-21T23:56:18+02:00] UPF_CONTROL_SAMPLE timestamp=2026-08-21T23:56:17+02:00 scenario=ue_25 pod=open5gs-upf-5b9db6d44-nsbqz uid=7b5b8ef7-a2a2-4fe9-a3e1-74acd17bd88f restarts=6 usage_cpu=195m usage_mem=35Mi request_cpu=379m request_mem=250Mi limit_cpu=none limit_mem=none vpa_target_cpu=379m vpa_target_mem=250Mi vpa_uncapped_cpu=379m vpa_uncapped_mem=250Mi vpa_lower_cpu=155m vpa_lower_mem=250Mi vpa_upper_cpu=1500m vpa_upper_mem=512Mi
[2026-08-21T23:56:21+02:00] UPF_CONTROL_SAMPLE timestamp=2026-08-21T23:56:19+02:00 scenario=ue_25 pod=open5gs-upf-5b9db6d44-nsbqz uid=7b5b8ef7-a2a2-4fe9-a3e1-74acd17bd88f restarts=6 usage_cpu=195m usage_mem=35Mi request_cpu=379m request_mem=250Mi limit_cpu=none limit_mem=none vpa_target_cpu=379m vpa_target_mem=250Mi vpa_uncapped_cpu=379m vpa_uncapped_mem=250Mi vpa_lower_cpu=155m vpa_lower_mem=250Mi vpa_upper_cpu=1500m vpa_upper_mem=512Mi
[2026-08-21T23:56:23+02:00] UPF_CONTROL_SAMPLE timestamp=2026-08-21T23:56:22+02:00 scenario=ue_25 pod=open5gs-upf-5b9db6d44-nsbqz uid=7b5b8ef7-a2a2-4fe9-a3e1-74acd17bd88f restarts=6 usage_cpu=195m usage_mem=35Mi request_cpu=379m request_mem=250Mi limit_cpu=none limit_mem=none vpa_target_cpu=379m vpa_target_mem=250Mi vpa_uncapped_cpu=379m vpa_uncapped_mem=250Mi vpa_lower_cpu=155m vpa_lower_mem=250Mi vpa_upper_cpu=1500m vpa_upper_mem=512Mi
[2026-08-21T23:56:25+02:00] UPF_CONTROL_SAMPLE timestamp=2026-08-21T23:56:24+02:00 scenario=ue_25 pod=open5gs-upf-5b9db6d44-nsbqz uid=7b5b8ef7-a2a2-4fe9-a3e1-74acd17bd88f restarts=6 usage_cpu=343m usage_mem=35Mi request_cpu=379m request_mem=250Mi limit_cpu=none limit_mem=none vpa_target_cpu=379m vpa_target_mem=250Mi vpa_uncapped_cpu=379m vpa_uncapped_mem=250Mi vpa_lower_cpu=155m vpa_lower_mem=250Mi vpa_upper_cpu=1500m vpa_upper_mem=512Mi
[2026-08-21T23:56:28+02:00] UPF_CONTROL_SAMPLE timestamp=2026-08-21T23:56:27+02:00 scenario=ue_25 pod=open5gs-upf-5b9db6d44-nsbqz uid=7b5b8ef7-a2a2-4fe9-a3e1-74acd17bd88f restarts=6 usage_cpu=343m usage_mem=35Mi request_cpu=379m request_mem=250Mi limit_cpu=none limit_mem=none vpa_target_cpu=379m vpa_target_mem=250Mi vpa_uncapped_cpu=379m vpa_uncapped_mem=250Mi vpa_lower_cpu=155m vpa_lower_mem=250Mi vpa_upper_cpu=1500m vpa_upper_mem=512Mi
[2026-08-21T23:56:30+02:00] UPF_CONTROL_SAMPLE timestamp=2026-08-21T23:56:29+02:00 scenario=ue_25 pod=open5gs-upf-5b9db6d44-nsbqz uid=7b5b8ef7-a2a2-4fe9-a3e1-74acd17bd88f restarts=6 usage_cpu=343m usage_mem=35Mi request_cpu=379m request_mem=250Mi limit_cpu=none limit_mem=none vpa_target_cpu=379m vpa_target_mem=250Mi vpa_uncapped_cpu=379m vpa_uncapped_mem=250Mi vpa_lower_cpu=155m vpa_lower_mem=250Mi vpa_upper_cpu=1500m vpa_upper_mem=512Mi
[2026-08-21T23:56:32+02:00] UPF_CONTROL_SAMPLE timestamp=2026-08-21T23:56:31+02:00 scenario=ue_25 pod=open5gs-upf-5b9db6d44-nsbqz uid=7b5b8ef7-a2a2-4fe9-a3e1-74acd17bd88f restarts=6 usage_cpu=343m usage_mem=35Mi request_cpu=379m request_mem=250Mi limit_cpu=none limit_mem=none vpa_target_cpu=379m vpa_target_mem=250Mi vpa_uncapped_cpu=379m vpa_uncapped_mem=250Mi vpa_lower_cpu=155m vpa_lower_mem=250Mi vpa_upper_cpu=1500m vpa_upper_mem=512Mi
[2026-08-21T23:56:35+02:00] VPA_RECOMMENDATION_CHANGE timestamp=2026-08-21T23:56:33+02:00 scenario=ue_25 old='vpa_target_cpu=379m vpa_target_mem=250Mi vpa_uncapped_cpu=379m vpa_uncapped_mem=250Mi vpa_lower_cpu=155m vpa_lower_mem=250Mi vpa_upper_cpu=1500m vpa_upper_mem=512Mi' new='vpa_target_cpu=410m vpa_target_mem=250Mi vpa_uncapped_cpu=410m vpa_uncapped_mem=250Mi vpa_lower_cpu=193m vpa_lower_mem=250Mi vpa_upper_cpu=1500m vpa_upper_mem=512Mi' previous_5s_sample='timestamp=2026-08-21T23:56:27+02:00 scenario=ue_25 pod=open5gs-upf-5b9db6d44-nsbqz uid=7b5b8ef7-a2a2-4fe9-a3e1-74acd17bd88f restarts=6 usage_cpu=343m usage_mem=35Mi request_cpu=379m request_mem=250Mi limit_cpu=none limit_mem=none vpa_target_cpu=379m vpa_target_mem=250Mi vpa_uncapped_cpu=379m vpa_uncapped_mem=250Mi vpa_lower_cpu=155m vpa_lower_mem=250Mi vpa_upper_cpu=1500m vpa_upper_mem=512Mi' current_sample='timestamp=2026-08-21T23:56:33+02:00 scenario=ue_25 pod=open5gs-upf-5b9db6d44-nsbqz uid=7b5b8ef7-a2a2-4fe9-a3e1-74acd17bd88f restarts=6 usage_cpu=343m usage_mem=35Mi request_cpu=379m request_mem=250Mi limit_cpu=none limit_mem=none vpa_target_cpu=410m vpa_target_mem=250Mi vpa_uncapped_cpu=410m vpa_uncapped_mem=250Mi vpa_lower_cpu=193m vpa_lower_mem=250Mi vpa_upper_cpu=1500m vpa_upper_mem=512Mi'
[2026-08-21T23:56:35+02:00] UPF_CONTROL_SAMPLE timestamp=2026-08-21T23:56:33+02:00 scenario=ue_25 pod=open5gs-upf-5b9db6d44-nsbqz uid=7b5b8ef7-a2a2-4fe9-a3e1-74acd17bd88f restarts=6 usage_cpu=343m usage_mem=35Mi request_cpu=379m request_mem=250Mi limit_cpu=none limit_mem=none vpa_target_cpu=410m vpa_target_mem=250Mi vpa_uncapped_cpu=410m vpa_uncapped_mem=250Mi vpa_lower_cpu=193m vpa_lower_mem=250Mi vpa_upper_cpu=1500m vpa_upper_mem=512Mi
[2026-08-21T23:56:37+02:00] UPF_CONTROL_SAMPLE timestamp=2026-08-21T23:56:36+02:00 scenario=ue_25 pod=open5gs-upf-5b9db6d44-nsbqz uid=7b5b8ef7-a2a2-4fe9-a3e1-74acd17bd88f restarts=6 usage_cpu=343m usage_mem=35Mi request_cpu=379m request_mem=250Mi limit_cpu=none limit_mem=none vpa_target_cpu=410m vpa_target_mem=250Mi vpa_uncapped_cpu=410m vpa_uncapped_mem=250Mi vpa_lower_cpu=193m vpa_lower_mem=250Mi vpa_upper_cpu=1500m vpa_upper_mem=512Mi
[2026-08-21T23:56:39+02:00] UPF_CONTROL_SAMPLE timestamp=2026-08-21T23:56:38+02:00 scenario=ue_25 pod=open5gs-upf-5b9db6d44-nsbqz uid=7b5b8ef7-a2a2-4fe9-a3e1-74acd17bd88f restarts=6 usage_cpu=343m usage_mem=35Mi request_cpu=379m request_mem=250Mi limit_cpu=none limit_mem=none vpa_target_cpu=410m vpa_target_mem=250Mi vpa_uncapped_cpu=410m vpa_uncapped_mem=250Mi vpa_lower_cpu=193m vpa_lower_mem=250Mi vpa_upper_cpu=1500m vpa_upper_mem=512Mi
[2026-08-21T23:56:42+02:00] UPF_CONTROL_SAMPLE timestamp=2026-08-21T23:56:40+02:00 scenario=ue_25 pod=open5gs-upf-5b9db6d44-nsbqz uid=7b5b8ef7-a2a2-4fe9-a3e1-74acd17bd88f restarts=6 usage_cpu=343m usage_mem=35Mi request_cpu=379m request_mem=250Mi limit_cpu=none limit_mem=none vpa_target_cpu=410m vpa_target_mem=250Mi vpa_uncapped_cpu=410m vpa_uncapped_mem=250Mi vpa_lower_cpu=193m vpa_lower_mem=250Mi vpa_upper_cpu=1500m vpa_upper_mem=512Mi
[2026-08-21T23:56:44+02:00] UPF_CONTROL_SAMPLE timestamp=2026-08-21T23:56:43+02:00 scenario=ue_25 pod=open5gs-upf-5b9db6d44-nsbqz uid=7b5b8ef7-a2a2-4fe9-a3e1-74acd17bd88f restarts=6 usage_cpu=343m usage_mem=35Mi request_cpu=379m request_mem=250Mi limit_cpu=none limit_mem=none vpa_target_cpu=410m vpa_target_mem=250Mi vpa_uncapped_cpu=410m vpa_uncapped_mem=250Mi vpa_lower_cpu=193m vpa_lower_mem=250Mi vpa_upper_cpu=1500m vpa_upper_mem=512Mi
[2026-08-21T23:56:47+02:00] UPF_CONTROL_SAMPLE timestamp=2026-08-21T23:56:45+02:00 scenario=ue_25 pod=open5gs-upf-5b9db6d44-nsbqz uid=7b5b8ef7-a2a2-4fe9-a3e1-74acd17bd88f restarts=6 usage_cpu=343m usage_mem=35Mi request_cpu=379m request_mem=250Mi limit_cpu=none limit_mem=none vpa_target_cpu=410m vpa_target_mem=250Mi vpa_uncapped_cpu=410m vpa_uncapped_mem=250Mi vpa_lower_cpu=193m vpa_lower_mem=250Mi vpa_upper_cpu=1500m vpa_upper_mem=512Mi
[2026-08-21T23:56:49+02:00] UPF_CONTROL_SAMPLE timestamp=2026-08-21T23:56:48+02:00 scenario=ue_25 pod=open5gs-upf-5b9db6d44-nsbqz uid=7b5b8ef7-a2a2-4fe9-a3e1-74acd17bd88f restarts=6 usage_cpu=343m usage_mem=35Mi request_cpu=379m request_mem=250Mi limit_cpu=none limit_mem=none vpa_target_cpu=410m vpa_target_mem=250Mi vpa_uncapped_cpu=410m vpa_uncapped_mem=250Mi vpa_lower_cpu=193m vpa_lower_mem=250Mi vpa_upper_cpu=1500m vpa_upper_mem=512Mi
[2026-08-21T23:56:51+02:00] UPF_CONTROL_SAMPLE timestamp=2026-08-21T23:56:50+02:00 scenario=ue_25 pod=open5gs-upf-5b9db6d44-nsbqz uid=7b5b8ef7-a2a2-4fe9-a3e1-74acd17bd88f restarts=6 usage_cpu=343m usage_mem=35Mi request_cpu=379m request_mem=250Mi limit_cpu=none limit_mem=none vpa_target_cpu=410m vpa_target_mem=250Mi vpa_uncapped_cpu=410m vpa_uncapped_mem=250Mi vpa_lower_cpu=193m vpa_lower_mem=250Mi vpa_upper_cpu=1500m vpa_upper_mem=512Mi
[2026-08-21T23:56:54+02:00] UPF_CONTROL_SAMPLE timestamp=2026-08-21T23:56:52+02:00 scenario=ue_25 pod=open5gs-upf-5b9db6d44-nsbqz uid=7b5b8ef7-a2a2-4fe9-a3e1-74acd17bd88f restarts=6 usage_cpu=343m usage_mem=35Mi request_cpu=379m request_mem=250Mi limit_cpu=none limit_mem=none vpa_target_cpu=410m vpa_target_mem=250Mi vpa_uncapped_cpu=410m vpa_uncapped_mem=250Mi vpa_lower_cpu=193m vpa_lower_mem=250Mi vpa_upper_cpu=1500m vpa_upper_mem=512Mi
[2026-08-21T23:56:56+02:00] UPF_CONTROL_SAMPLE timestamp=2026-08-21T23:56:55+02:00 scenario=ue_25 pod=open5gs-upf-5b9db6d44-nsbqz uid=7b5b8ef7-a2a2-4fe9-a3e1-74acd17bd88f restarts=6 usage_cpu=377m usage_mem=35Mi request_cpu=379m request_mem=250Mi limit_cpu=none limit_mem=none vpa_target_cpu=410m vpa_target_mem=250Mi vpa_uncapped_cpu=410m vpa_uncapped_mem=250Mi vpa_lower_cpu=193m vpa_lower_mem=250Mi vpa_upper_cpu=1500m vpa_upper_mem=512Mi
[2026-08-21T23:56:58+02:00] UPF_CONTROL_SAMPLE timestamp=2026-08-21T23:56:57+02:00 scenario=ue_25 pod=open5gs-upf-5b9db6d44-nsbqz uid=7b5b8ef7-a2a2-4fe9-a3e1-74acd17bd88f restarts=6 usage_cpu=377m usage_mem=35Mi request_cpu=379m request_mem=250Mi limit_cpu=none limit_mem=none vpa_target_cpu=410m vpa_target_mem=250Mi vpa_uncapped_cpu=410m vpa_uncapped_mem=250Mi vpa_lower_cpu=193m vpa_lower_mem=250Mi vpa_upper_cpu=1500m vpa_upper_mem=512Mi
[2026-08-21T23:57:01+02:00] UPF_CONTROL_SAMPLE timestamp=2026-08-21T23:56:59+02:00 scenario=ue_25 pod=open5gs-upf-5b9db6d44-nsbqz uid=7b5b8ef7-a2a2-4fe9-a3e1-74acd17bd88f restarts=6 usage_cpu=377m usage_mem=35Mi request_cpu=379m request_mem=250Mi limit_cpu=none limit_mem=none vpa_target_cpu=410m vpa_target_mem=250Mi vpa_uncapped_cpu=410m vpa_uncapped_mem=250Mi vpa_lower_cpu=193m vpa_lower_mem=250Mi vpa_upper_cpu=1500m vpa_upper_mem=512Mi
[2026-08-21T23:57:03+02:00] UPF_CONTROL_SAMPLE timestamp=2026-08-21T23:57:02+02:00 scenario=ue_25 pod=open5gs-upf-5b9db6d44-nsbqz uid=7b5b8ef7-a2a2-4fe9-a3e1-74acd17bd88f restarts=6 usage_cpu=377m usage_mem=35Mi request_cpu=379m request_mem=250Mi limit_cpu=none limit_mem=none vpa_target_cpu=410m vpa_target_mem=250Mi vpa_uncapped_cpu=410m vpa_uncapped_mem=250Mi vpa_lower_cpu=193m vpa_lower_mem=250Mi vpa_upper_cpu=1500m vpa_upper_mem=512Mi
[2026-08-21T23:57:05+02:00] UPF_CONTROL_SAMPLE timestamp=2026-08-21T23:57:04+02:00 scenario=ue_25 pod=open5gs-upf-5b9db6d44-nsbqz uid=7b5b8ef7-a2a2-4fe9-a3e1-74acd17bd88f restarts=6 usage_cpu=377m usage_mem=35Mi request_cpu=379m request_mem=250Mi limit_cpu=none limit_mem=none vpa_target_cpu=410m vpa_target_mem=250Mi vpa_uncapped_cpu=410m vpa_uncapped_mem=250Mi vpa_lower_cpu=193m vpa_lower_mem=250Mi vpa_upper_cpu=1500m vpa_upper_mem=512Mi
[2026-08-21T23:57:08+02:00] UPF_CONTROL_SAMPLE timestamp=2026-08-21T23:57:06+02:00 scenario=ue_25 pod=open5gs-upf-5b9db6d44-nsbqz uid=7b5b8ef7-a2a2-4fe9-a3e1-74acd17bd88f restarts=6 usage_cpu=377m usage_mem=35Mi request_cpu=379m request_mem=250Mi limit_cpu=none limit_mem=none vpa_target_cpu=410m vpa_target_mem=250Mi vpa_uncapped_cpu=410m vpa_uncapped_mem=250Mi vpa_lower_cpu=193m vpa_lower_mem=250Mi vpa_upper_cpu=1500m vpa_upper_mem=512Mi
[2026-08-21T23:57:10+02:00] UPF_CONTROL_SAMPLE timestamp=2026-08-21T23:57:09+02:00 scenario=ue_25 pod=open5gs-upf-5b9db6d44-nsbqz uid=7b5b8ef7-a2a2-4fe9-a3e1-74acd17bd88f restarts=6 usage_cpu=377m usage_mem=35Mi request_cpu=379m request_mem=250Mi limit_cpu=none limit_mem=none vpa_target_cpu=410m vpa_target_mem=250Mi vpa_uncapped_cpu=410m vpa_uncapped_mem=250Mi vpa_lower_cpu=193m vpa_lower_mem=250Mi vpa_upper_cpu=1500m vpa_upper_mem=512Mi
[2026-08-21T23:57:12+02:00] UPF_CONTROL_SAMPLE timestamp=2026-08-21T23:57:11+02:00 scenario=ue_25 pod=open5gs-upf-5b9db6d44-nsbqz uid=7b5b8ef7-a2a2-4fe9-a3e1-74acd17bd88f restarts=6 usage_cpu=377m usage_mem=35Mi request_cpu=379m request_mem=250Mi limit_cpu=none limit_mem=none vpa_target_cpu=410m vpa_target_mem=250Mi vpa_uncapped_cpu=410m vpa_uncapped_mem=250Mi vpa_lower_cpu=193m vpa_lower_mem=250Mi vpa_upper_cpu=1500m vpa_upper_mem=512Mi
[2026-08-21T23:57:15+02:00] UPF_CONTROL_SAMPLE timestamp=2026-08-21T23:57:13+02:00 scenario=ue_25 pod=open5gs-upf-5b9db6d44-nsbqz uid=7b5b8ef7-a2a2-4fe9-a3e1-74acd17bd88f restarts=6 usage_cpu=377m usage_mem=35Mi request_cpu=379m request_mem=250Mi limit_cpu=none limit_mem=none vpa_target_cpu=410m vpa_target_mem=250Mi vpa_uncapped_cpu=410m vpa_uncapped_mem=250Mi vpa_lower_cpu=193m vpa_lower_mem=250Mi vpa_upper_cpu=1500m vpa_upper_mem=512Mi
[2026-08-21T23:57:17+02:00] UPF_CONTROL_SAMPLE timestamp=2026-08-21T23:57:16+02:00 scenario=ue_25 pod=open5gs-upf-5b9db6d44-nsbqz uid=7b5b8ef7-a2a2-4fe9-a3e1-74acd17bd88f restarts=6 usage_cpu=377m usage_mem=35Mi request_cpu=379m request_mem=250Mi limit_cpu=none limit_mem=none vpa_target_cpu=410m vpa_target_mem=250Mi vpa_uncapped_cpu=410m vpa_uncapped_mem=250Mi vpa_lower_cpu=193m vpa_lower_mem=250Mi vpa_upper_cpu=1500m vpa_upper_mem=512Mi
[2026-08-21T23:57:18+02:00] UE_SLOT_DONE timestamp=2026-08-21T21:57:18+00:00 active_ues=25 slot=0 attempt=1 ue_idx=0 ue_if=uesimtun0 ue_ip=10.45.0.252 port=5201 rc=0 replacements_for_slot=0 server_busy_retries_for_slot=0
[2026-08-21T23:57:19+02:00] UE_SLOT_DONE timestamp=2026-08-21T21:57:19+00:00 active_ues=25 slot=1 attempt=1 ue_idx=1 ue_if=uesimtun1 ue_ip=10.45.0.253 port=5202 rc=0 replacements_for_slot=0 server_busy_retries_for_slot=0
[2026-08-21T23:57:19+02:00] UE_SLOT_DONE timestamp=2026-08-21T21:57:19+00:00 active_ues=25 slot=2 attempt=1 ue_idx=2 ue_if=uesimtun2 ue_ip=10.45.0.254 port=5203 rc=0 replacements_for_slot=0 server_busy_retries_for_slot=0
[2026-08-21T23:57:19+02:00] UE_SLOT_DONE timestamp=2026-08-21T21:57:19+00:00 active_ues=25 slot=3 attempt=1 ue_idx=3 ue_if=uesimtun3 ue_ip=10.45.1.0 port=5204 rc=0 replacements_for_slot=0 server_busy_retries_for_slot=0
[2026-08-21T23:57:19+02:00] UPF_CONTROL_SAMPLE timestamp=2026-08-21T23:57:18+02:00 scenario=ue_25 pod=open5gs-upf-5b9db6d44-nsbqz uid=7b5b8ef7-a2a2-4fe9-a3e1-74acd17bd88f restarts=6 usage_cpu=377m usage_mem=35Mi request_cpu=379m request_mem=250Mi limit_cpu=none limit_mem=none vpa_target_cpu=410m vpa_target_mem=250Mi vpa_uncapped_cpu=410m vpa_uncapped_mem=250Mi vpa_lower_cpu=193m vpa_lower_mem=250Mi vpa_upper_cpu=1500m vpa_upper_mem=512Mi
[2026-08-21T23:57:20+02:00] UE_SLOT_DONE timestamp=2026-08-21T21:57:20+00:00 active_ues=25 slot=4 attempt=1 ue_idx=4 ue_if=uesimtun4 ue_ip=10.45.1.1 port=5205 rc=0 replacements_for_slot=0 server_busy_retries_for_slot=0
[2026-08-21T23:57:20+02:00] UE_SLOT_DONE timestamp=2026-08-21T21:57:20+00:00 active_ues=25 slot=5 attempt=1 ue_idx=5 ue_if=uesimtun5 ue_ip=10.45.1.3 port=5206 rc=0 replacements_for_slot=0 server_busy_retries_for_slot=0
[2026-08-21T23:57:20+02:00] UE_SLOT_DONE timestamp=2026-08-21T21:57:20+00:00 active_ues=25 slot=6 attempt=1 ue_idx=6 ue_if=uesimtun6 ue_ip=10.45.0.255 port=5207 rc=0 replacements_for_slot=0 server_busy_retries_for_slot=0
[2026-08-21T23:57:21+02:00] UE_SLOT_DONE timestamp=2026-08-21T21:57:20+00:00 active_ues=25 slot=7 attempt=1 ue_idx=7 ue_if=uesimtun7 ue_ip=10.45.1.6 port=5208 rc=0 replacements_for_slot=0 server_busy_retries_for_slot=0
[2026-08-21T23:57:21+02:00] UE_SLOT_DONE timestamp=2026-08-21T21:57:21+00:00 active_ues=25 slot=8 attempt=1 ue_idx=8 ue_if=uesimtun8 ue_ip=10.45.1.10 port=5209 rc=0 replacements_for_slot=0 server_busy_retries_for_slot=0
[2026-08-21T23:57:21+02:00] UE_SLOT_DONE timestamp=2026-08-21T21:57:21+00:00 active_ues=25 slot=9 attempt=1 ue_idx=9 ue_if=uesimtun9 ue_ip=10.45.1.7 port=5210 rc=0 replacements_for_slot=0 server_busy_retries_for_slot=0
[2026-08-21T23:57:21+02:00] UE_SLOT_DONE timestamp=2026-08-21T21:57:21+00:00 active_ues=25 slot=10 attempt=1 ue_idx=10 ue_if=uesimtun10 ue_ip=10.45.1.14 port=5211 rc=0 replacements_for_slot=0 server_busy_retries_for_slot=0
[2026-08-21T23:57:21+02:00] UE_SLOT_DONE timestamp=2026-08-21T21:57:21+00:00 active_ues=25 slot=11 attempt=1 ue_idx=11 ue_if=uesimtun11 ue_ip=10.45.1.15 port=5212 rc=0 replacements_for_slot=0 server_busy_retries_for_slot=0
[2026-08-21T23:57:21+02:00] UE_SLOT_DONE timestamp=2026-08-21T21:57:21+00:00 active_ues=25 slot=12 attempt=1 ue_idx=12 ue_if=uesimtun12 ue_ip=10.45.1.12 port=5213 rc=0 replacements_for_slot=0 server_busy_retries_for_slot=0
[2026-08-21T23:57:21+02:00] UE_SLOT_DONE timestamp=2026-08-21T21:57:21+00:00 active_ues=25 slot=13 attempt=1 ue_idx=13 ue_if=uesimtun13 ue_ip=10.45.1.18 port=5214 rc=0 replacements_for_slot=0 server_busy_retries_for_slot=0
[2026-08-21T23:57:22+02:00] UPF_CONTROL_SAMPLE timestamp=2026-08-21T23:57:20+02:00 scenario=ue_25 pod=open5gs-upf-5b9db6d44-nsbqz uid=7b5b8ef7-a2a2-4fe9-a3e1-74acd17bd88f restarts=6 usage_cpu=377m usage_mem=35Mi request_cpu=379m request_mem=250Mi limit_cpu=none limit_mem=none vpa_target_cpu=410m vpa_target_mem=250Mi vpa_uncapped_cpu=410m vpa_uncapped_mem=250Mi vpa_lower_cpu=193m vpa_lower_mem=250Mi vpa_upper_cpu=1500m vpa_upper_mem=512Mi
[2026-08-21T23:57:22+02:00] UE_SLOT_DONE timestamp=2026-08-21T21:57:22+00:00 active_ues=25 slot=14 attempt=1 ue_idx=14 ue_if=uesimtun14 ue_ip=10.45.1.4 port=5215 rc=0 replacements_for_slot=0 server_busy_retries_for_slot=0
[2026-08-21T23:57:22+02:00] UE_SLOT_DONE timestamp=2026-08-21T21:57:22+00:00 active_ues=25 slot=15 attempt=1 ue_idx=15 ue_if=uesimtun15 ue_ip=10.45.1.19 port=5216 rc=0 replacements_for_slot=0 server_busy_retries_for_slot=0
[2026-08-21T23:57:22+02:00] UE_SLOT_DONE timestamp=2026-08-21T21:57:22+00:00 active_ues=25 slot=16 attempt=1 ue_idx=16 ue_if=uesimtun16 ue_ip=10.45.1.21 port=5217 rc=0 replacements_for_slot=0 server_busy_retries_for_slot=0
[2026-08-21T23:57:22+02:00] UE_SLOT_DONE timestamp=2026-08-21T21:57:22+00:00 active_ues=25 slot=17 attempt=1 ue_idx=17 ue_if=uesimtun17 ue_ip=10.45.1.22 port=5218 rc=0 replacements_for_slot=0 server_busy_retries_for_slot=0
[2026-08-21T23:57:22+02:00] UE_SLOT_DONE timestamp=2026-08-21T21:57:22+00:00 active_ues=25 slot=18 attempt=1 ue_idx=18 ue_if=uesimtun18 ue_ip=10.45.1.24 port=5219 rc=0 replacements_for_slot=0 server_busy_retries_for_slot=0
[2026-08-21T23:57:22+02:00] UE_SLOT_DONE timestamp=2026-08-21T21:57:22+00:00 active_ues=25 slot=19 attempt=1 ue_idx=19 ue_if=uesimtun19 ue_ip=10.45.1.27 port=5220 rc=0 replacements_for_slot=0 server_busy_retries_for_slot=0
[2026-08-21T23:57:22+02:00] UE_SLOT_DONE timestamp=2026-08-21T21:57:22+00:00 active_ues=25 slot=20 attempt=1 ue_idx=20 ue_if=uesimtun20 ue_ip=10.45.1.28 port=5221 rc=0 replacements_for_slot=0 server_busy_retries_for_slot=0
[2026-08-21T23:57:24+02:00] UE_SLOT_DONE timestamp=2026-08-21T21:57:24+00:00 active_ues=25 slot=21 attempt=1 ue_idx=21 ue_if=uesimtun21 ue_ip=10.45.1.29 port=5222 rc=0 replacements_for_slot=0 server_busy_retries_for_slot=0
[2026-08-21T23:57:24+02:00] UE_SLOT_DONE timestamp=2026-08-21T21:57:24+00:00 active_ues=25 slot=22 attempt=1 ue_idx=22 ue_if=uesimtun22 ue_ip=10.45.1.30 port=5223 rc=0 replacements_for_slot=0 server_busy_retries_for_slot=0
[2026-08-21T23:57:24+02:00] UE_SLOT_DONE timestamp=2026-08-21T21:57:24+00:00 active_ues=25 slot=23 attempt=1 ue_idx=23 ue_if=uesimtun23 ue_ip=10.45.1.34 port=5224 rc=0 replacements_for_slot=0 server_busy_retries_for_slot=0
[2026-08-21T23:57:24+02:00] UE_SLOT_DONE timestamp=2026-08-21T21:57:24+00:00 active_ues=25 slot=24 attempt=1 ue_idx=24 ue_if=uesimtun24 ue_ip=10.45.1.32 port=5225 rc=0 replacements_for_slot=0 server_busy_retries_for_slot=0
[2026-08-21T23:57:24+02:00] UPF_CONTROL_SAMPLE timestamp=2026-08-21T23:57:23+02:00 scenario=ue_25 pod=open5gs-upf-5b9db6d44-nsbqz uid=7b5b8ef7-a2a2-4fe9-a3e1-74acd17bd88f restarts=6 usage_cpu=377m usage_mem=35Mi request_cpu=379m request_mem=250Mi limit_cpu=none limit_mem=none vpa_target_cpu=410m vpa_target_mem=250Mi vpa_uncapped_cpu=410m vpa_uncapped_mem=250Mi vpa_lower_cpu=193m vpa_lower_mem=250Mi vpa_upper_cpu=1500m vpa_upper_mem=512Mi
[2026-08-21T23:57:25+02:00] TRAFFIC_SUMMARY timestamp=2026-08-21T21:57:25+00:00 registered_tunnels=50 active_ues=25 target_slots=25 completed_slots=25 final_failed_slots=0 replacements=0 problematic_ues=0 zombie_ues=0 connect_timeouts=0 stalls=0 deferred_stalls=0 process_failures=0 server_busy_retries=0 server_busy_failures=0 late_timeouts_accepted=0 scenario_bad_ues=0 global_suspect_ues=0 used_ues=25 target_host=192.168.1.211 initial_ports=5201-5225 replacement_ports=5251-5265 bitrate=1M start_delay=0.05 detection=no_rx_counter replacement_min_duration_s=5 adaptive_extension_max_s=1 iperf_exit_grace_s=3 server_busy_retries_limit=1 server_busy_retry_delay_s=2 late_replacement_after_end=disabled wait_for_iperf_exit=until_timeout global_suspect_policy=soft_reuse ramp_supervision=after_initial_start
[2026-08-21T23:57:25+02:00] UE_POOL_SCENARIO_BAD_CURRENT timestamp=2026-08-21T21:57:25+00:00 active_ues=25 indexes=
[2026-08-21T23:57:25+02:00] UE_POOL_GLOBAL_SUSPECT_CURRENT timestamp=2026-08-21T21:57:25+00:00 active_ues=25 indexes=
[2026-08-21T23:57:25+02:00] REMOTE_IPERF_PER_UE_END timestamp=2026-08-21T21:57:25+00:00 active_ues=25 tag=ue_25 final_rc=0 completed_slots=25 replacements=0 problematic_ues=0 server_busy_retries=0 deferred_stalls=0 late_timeouts_accepted=0
[2026-08-21T23:57:25+02:00] SCENARIO TRAFFIC COMMAND END timestamp=2026-08-21T23:57:25+02:00 active_ue=25 rc=0
[2026-08-21T23:57:26+02:00] SCENARIO UPF AFTER timestamp=2026-08-21T23:57:26+02:00 active_ue=25 pod=open5gs-upf-5b9db6d44-nsbqz uid=7b5b8ef7-a2a2-4fe9-a3e1-74acd17bd88f restarts=6
[2026-08-21T23:57:26+02:00] SCENARIO END timestamp=2026-08-21T23:57:26+02:00 active_ue=25 rc=0
[2026-08-21T23:57:26+02:00] ================================================================
[2026-08-21T23:57:26+02:00] SCENARIO START timestamp=2026-08-21T23:57:26+02:00 active_ue=27 registered_ue_pool=50 target_host=192.168.1.211 ports=5201-5227 replacement_ports=5251-5265 bitrate_per_ue=1M start_delay=0.05 replacement_min_duration=5 adaptive_extension_max=1
[2026-08-21T23:57:26+02:00] ================================================================
[2026-08-21T23:57:27+02:00] SCENARIO TUNNEL CHECK timestamp=2026-08-21T23:57:26+02:00 active_ue=27 current_tunnels=50 required=50
[2026-08-21T23:57:27+02:00] UPF_CONTROL_SAMPLE timestamp=2026-08-21T23:57:25+02:00 scenario=ue_25 pod=open5gs-upf-5b9db6d44-nsbqz uid=7b5b8ef7-a2a2-4fe9-a3e1-74acd17bd88f restarts=6 usage_cpu=337m usage_mem=35Mi request_cpu=379m request_mem=250Mi limit_cpu=none limit_mem=none vpa_target_cpu=410m vpa_target_mem=250Mi vpa_uncapped_cpu=410m vpa_uncapped_mem=250Mi vpa_lower_cpu=193m vpa_lower_mem=250Mi vpa_upper_cpu=1500m vpa_upper_mem=512Mi
[2026-08-21T23:57:27+02:00] SCENARIO UPF BEFORE timestamp=2026-08-21T23:57:27+02:00 active_ue=27 pod=open5gs-upf-5b9db6d44-nsbqz uid=7b5b8ef7-a2a2-4fe9-a3e1-74acd17bd88f restarts=6
[2026-08-21T23:57:28+02:00] REMOTE_IPERF_PER_UE_START timestamp=2026-08-21T21:57:28+00:00 active_ues=27 tag=ue_27 iperf_host=192.168.1.211 base_port=5201 replacement_base_port=5251 duration=80 bitrate=1M start_delay=0.05 detection=no_rx_counter connect_timeout_s=4 stall_seconds=5 replacement_limit=15 replacement_min_duration_s=5 adaptive_extension_max_s=1 iperf_exit_grace_s=3 server_busy_port_rebinds=1 late_replacement_after_end=disabled wait_for_iperf_exit=until_timeout global_suspect_policy=soft_reuse ramp_supervision=after_initial_start
[2026-08-21T23:57:28+02:00] UE_POOL_STATUS timestamp=2026-08-21T21:57:28+00:00 active_ues=27 registered_tunnels=50 existing_global_suspect_ues=0 used_ues=0 policy=soft_reuse_global_suspects
[2026-08-21T23:57:28+02:00] UE_SLOT_ASSIGN timestamp=2026-08-21T21:57:28+00:00 active_ues=27 slot=0 ue_idx=0 ue_if=uesimtun0 ue_ip=10.45.0.252 candidate_reused_global_suspect=0
[2026-08-21T23:57:28+02:00] UE_SLOT_START timestamp=2026-08-21T21:57:28+00:00 active_ues=27 slot=0 attempt=1 ue_idx=0 ue_if=uesimtun0 ue_ip=10.45.0.252 target=192.168.1.211:5201 bitrate=1M duration_s=80 planned_end_epoch=1787349528 timeout_s=90 hard_timeout_epoch=1787349543 start_rx_bytes=1176649
[2026-08-21T23:57:28+02:00] UE_SLOT_PID timestamp=2026-08-21T21:57:28+00:00 active_ues=27 slot=0 attempt=1 ue_idx=0 pid=38619
[2026-08-21T23:57:28+02:00] UE_SLOT_ASSIGN timestamp=2026-08-21T21:57:28+00:00 active_ues=27 slot=1 ue_idx=1 ue_if=uesimtun1 ue_ip=10.45.0.253 candidate_reused_global_suspect=0
[2026-08-21T23:57:28+02:00] UE_SLOT_START timestamp=2026-08-21T21:57:28+00:00 active_ues=27 slot=1 attempt=1 ue_idx=1 ue_if=uesimtun1 ue_ip=10.45.0.253 target=192.168.1.211:5202 bitrate=1M duration_s=80 planned_end_epoch=1787349528 timeout_s=90 hard_timeout_epoch=1787349543 start_rx_bytes=1095306
[2026-08-21T23:57:28+02:00] UE_SLOT_PID timestamp=2026-08-21T21:57:28+00:00 active_ues=27 slot=1 attempt=1 ue_idx=1 pid=38644
[2026-08-21T23:57:29+02:00] UE_SLOT_ASSIGN timestamp=2026-08-21T21:57:28+00:00 active_ues=27 slot=2 ue_idx=2 ue_if=uesimtun2 ue_ip=10.45.0.254 candidate_reused_global_suspect=0
[2026-08-21T23:57:29+02:00] UE_SLOT_START timestamp=2026-08-21T21:57:29+00:00 active_ues=27 slot=2 attempt=1 ue_idx=2 ue_if=uesimtun2 ue_ip=10.45.0.254 target=192.168.1.211:5203 bitrate=1M duration_s=80 planned_end_epoch=1787349528 timeout_s=90 hard_timeout_epoch=1787349543 start_rx_bytes=1095754
[2026-08-21T23:57:29+02:00] UE_SLOT_PID timestamp=2026-08-21T21:57:29+00:00 active_ues=27 slot=2 attempt=1 ue_idx=2 pid=38669
[2026-08-21T23:57:29+02:00] UE_SLOT_ASSIGN timestamp=2026-08-21T21:57:29+00:00 active_ues=27 slot=3 ue_idx=3 ue_if=uesimtun3 ue_ip=10.45.1.0 candidate_reused_global_suspect=0
[2026-08-21T23:57:29+02:00] UE_SLOT_START timestamp=2026-08-21T21:57:29+00:00 active_ues=27 slot=3 attempt=1 ue_idx=3 ue_if=uesimtun3 ue_ip=10.45.1.0 target=192.168.1.211:5204 bitrate=1M duration_s=80 planned_end_epoch=1787349529 timeout_s=90 hard_timeout_epoch=1787349544 start_rx_bytes=1008914
[2026-08-21T23:57:29+02:00] UE_SLOT_PID timestamp=2026-08-21T21:57:29+00:00 active_ues=27 slot=3 attempt=1 ue_idx=3 pid=38694
[2026-08-21T23:57:29+02:00] UPF_CONTROL_SAMPLE timestamp=2026-08-21T23:57:28+02:00 scenario=ue_27 pod=open5gs-upf-5b9db6d44-nsbqz uid=7b5b8ef7-a2a2-4fe9-a3e1-74acd17bd88f restarts=6 usage_cpu=337m usage_mem=35Mi request_cpu=379m request_mem=250Mi limit_cpu=none limit_mem=none vpa_target_cpu=410m vpa_target_mem=250Mi vpa_uncapped_cpu=410m vpa_uncapped_mem=250Mi vpa_lower_cpu=193m vpa_lower_mem=250Mi vpa_upper_cpu=1500m vpa_upper_mem=512Mi
[2026-08-21T23:57:29+02:00] UE_SLOT_ASSIGN timestamp=2026-08-21T21:57:29+00:00 active_ues=27 slot=4 ue_idx=4 ue_if=uesimtun4 ue_ip=10.45.1.1 candidate_reused_global_suspect=0
[2026-08-21T23:57:29+02:00] UE_SLOT_START timestamp=2026-08-21T21:57:29+00:00 active_ues=27 slot=4 attempt=1 ue_idx=4 ue_if=uesimtun4 ue_ip=10.45.1.1 target=192.168.1.211:5205 bitrate=1M duration_s=80 planned_end_epoch=1787349529 timeout_s=90 hard_timeout_epoch=1787349544 start_rx_bytes=1004597
[2026-08-21T23:57:29+02:00] UE_SLOT_PID timestamp=2026-08-21T21:57:29+00:00 active_ues=27 slot=4 attempt=1 ue_idx=4 pid=38719
[2026-08-21T23:57:29+02:00] UE_SLOT_ASSIGN timestamp=2026-08-21T21:57:29+00:00 active_ues=27 slot=5 ue_idx=5 ue_if=uesimtun5 ue_ip=10.45.1.3 candidate_reused_global_suspect=0
[2026-08-21T23:57:29+02:00] UE_SLOT_START timestamp=2026-08-21T21:57:29+00:00 active_ues=27 slot=5 attempt=1 ue_idx=5 ue_if=uesimtun5 ue_ip=10.45.1.3 target=192.168.1.211:5206 bitrate=1M duration_s=80 planned_end_epoch=1787349529 timeout_s=90 hard_timeout_epoch=1787349544 start_rx_bytes=884072
[2026-08-21T23:57:29+02:00] UE_SLOT_PID timestamp=2026-08-21T21:57:29+00:00 active_ues=27 slot=5 attempt=1 ue_idx=5 pid=38744
[2026-08-21T23:57:29+02:00] UE_SLOT_ASSIGN timestamp=2026-08-21T21:57:29+00:00 active_ues=27 slot=6 ue_idx=6 ue_if=uesimtun6 ue_ip=10.45.0.255 candidate_reused_global_suspect=0
[2026-08-21T23:57:29+02:00] UE_SLOT_START timestamp=2026-08-21T21:57:29+00:00 active_ues=27 slot=6 attempt=1 ue_idx=6 ue_if=uesimtun6 ue_ip=10.45.0.255 target=192.168.1.211:5207 bitrate=1M duration_s=80 planned_end_epoch=1787349529 timeout_s=90 hard_timeout_epoch=1787349544 start_rx_bytes=886030
[2026-08-21T23:57:29+02:00] UE_SLOT_PID timestamp=2026-08-21T21:57:29+00:00 active_ues=27 slot=6 attempt=1 ue_idx=6 pid=38769
[2026-08-21T23:57:30+02:00] UE_SLOT_ASSIGN timestamp=2026-08-21T21:57:30+00:00 active_ues=27 slot=7 ue_idx=7 ue_if=uesimtun7 ue_ip=10.45.1.6 candidate_reused_global_suspect=0
[2026-08-21T23:57:30+02:00] UE_SLOT_START timestamp=2026-08-21T21:57:30+00:00 active_ues=27 slot=7 attempt=1 ue_idx=7 ue_if=uesimtun7 ue_ip=10.45.1.6 target=192.168.1.211:5208 bitrate=1M duration_s=80 planned_end_epoch=1787349530 timeout_s=90 hard_timeout_epoch=1787349545 start_rx_bytes=792295
[2026-08-21T23:57:30+02:00] UE_SLOT_PID timestamp=2026-08-21T21:57:30+00:00 active_ues=27 slot=7 attempt=1 ue_idx=7 pid=38794
[2026-08-21T23:57:30+02:00] UE_SLOT_ASSIGN timestamp=2026-08-21T21:57:30+00:00 active_ues=27 slot=8 ue_idx=8 ue_if=uesimtun8 ue_ip=10.45.1.10 candidate_reused_global_suspect=0
[2026-08-21T23:57:30+02:00] UE_SLOT_START timestamp=2026-08-21T21:57:30+00:00 active_ues=27 slot=8 attempt=1 ue_idx=8 ue_if=uesimtun8 ue_ip=10.45.1.10 target=192.168.1.211:5209 bitrate=1M duration_s=80 planned_end_epoch=1787349530 timeout_s=90 hard_timeout_epoch=1787349545 start_rx_bytes=805633
[2026-08-21T23:57:30+02:00] UE_SLOT_PID timestamp=2026-08-21T21:57:30+00:00 active_ues=27 slot=8 attempt=1 ue_idx=8 pid=38819
[2026-08-21T23:57:30+02:00] UE_SLOT_ASSIGN timestamp=2026-08-21T21:57:30+00:00 active_ues=27 slot=9 ue_idx=9 ue_if=uesimtun9 ue_ip=10.45.1.7 candidate_reused_global_suspect=0
[2026-08-21T23:57:30+02:00] UE_SLOT_START timestamp=2026-08-21T21:57:30+00:00 active_ues=27 slot=9 attempt=1 ue_idx=9 ue_if=uesimtun9 ue_ip=10.45.1.7 target=192.168.1.211:5210 bitrate=1M duration_s=80 planned_end_epoch=1787349530 timeout_s=90 hard_timeout_epoch=1787349545 start_rx_bytes=698873
[2026-08-21T23:57:30+02:00] UE_SLOT_PID timestamp=2026-08-21T21:57:30+00:00 active_ues=27 slot=9 attempt=1 ue_idx=9 pid=38844
[2026-08-21T23:57:30+02:00] UE_SLOT_ASSIGN timestamp=2026-08-21T21:57:30+00:00 active_ues=27 slot=10 ue_idx=10 ue_if=uesimtun10 ue_ip=10.45.1.14 candidate_reused_global_suspect=0
[2026-08-21T23:57:30+02:00] UE_SLOT_START timestamp=2026-08-21T21:57:30+00:00 active_ues=27 slot=10 attempt=1 ue_idx=10 ue_if=uesimtun10 ue_ip=10.45.1.14 target=192.168.1.211:5211 bitrate=1M duration_s=80 planned_end_epoch=1787349530 timeout_s=90 hard_timeout_epoch=1787349545 start_rx_bytes=711499
[2026-08-21T23:57:30+02:00] UE_SLOT_PID timestamp=2026-08-21T21:57:30+00:00 active_ues=27 slot=10 attempt=1 ue_idx=10 pid=38869
[2026-08-21T23:57:31+02:00] UE_SLOT_ASSIGN timestamp=2026-08-21T21:57:30+00:00 active_ues=27 slot=11 ue_idx=11 ue_if=uesimtun11 ue_ip=10.45.1.15 candidate_reused_global_suspect=0
[2026-08-21T23:57:31+02:00] UE_SLOT_START timestamp=2026-08-21T21:57:31+00:00 active_ues=27 slot=11 attempt=1 ue_idx=11 ue_if=uesimtun11 ue_ip=10.45.1.15 target=192.168.1.211:5212 bitrate=1M duration_s=80 planned_end_epoch=1787349530 timeout_s=90 hard_timeout_epoch=1787349546 start_rx_bytes=640977
[2026-08-21T23:57:31+02:00] UE_SLOT_PID timestamp=2026-08-21T21:57:31+00:00 active_ues=27 slot=11 attempt=1 ue_idx=11 pid=38894
[2026-08-21T23:57:31+02:00] UE_SLOT_ASSIGN timestamp=2026-08-21T21:57:31+00:00 active_ues=27 slot=12 ue_idx=12 ue_if=uesimtun12 ue_ip=10.45.1.12 candidate_reused_global_suspect=0
[2026-08-21T23:57:31+02:00] UE_SLOT_START timestamp=2026-08-21T21:57:31+00:00 active_ues=27 slot=12 attempt=1 ue_idx=12 ue_if=uesimtun12 ue_ip=10.45.1.12 target=192.168.1.211:5213 bitrate=1M duration_s=80 planned_end_epoch=1787349531 timeout_s=90 hard_timeout_epoch=1787349546 start_rx_bytes=633279
[2026-08-21T23:57:31+02:00] UE_SLOT_PID timestamp=2026-08-21T21:57:31+00:00 active_ues=27 slot=12 attempt=1 ue_idx=12 pid=38919
[2026-08-21T23:57:31+02:00] UE_SLOT_ASSIGN timestamp=2026-08-21T21:57:31+00:00 active_ues=27 slot=13 ue_idx=13 ue_if=uesimtun13 ue_ip=10.45.1.18 candidate_reused_global_suspect=0
[2026-08-21T23:57:31+02:00] UE_SLOT_START timestamp=2026-08-21T21:57:31+00:00 active_ues=27 slot=13 attempt=1 ue_idx=13 ue_if=uesimtun13 ue_ip=10.45.1.18 target=192.168.1.211:5214 bitrate=1M duration_s=80 planned_end_epoch=1787349531 timeout_s=90 hard_timeout_epoch=1787349546 start_rx_bytes=545794
[2026-08-21T23:57:31+02:00] UE_SLOT_PID timestamp=2026-08-21T21:57:31+00:00 active_ues=27 slot=13 attempt=1 ue_idx=13 pid=38944
[2026-08-21T23:57:31+02:00] UE_SLOT_ASSIGN timestamp=2026-08-21T21:57:31+00:00 active_ues=27 slot=14 ue_idx=14 ue_if=uesimtun14 ue_ip=10.45.1.4 candidate_reused_global_suspect=0
[2026-08-21T23:57:31+02:00] UPF_CONTROL_SAMPLE timestamp=2026-08-21T23:57:30+02:00 scenario=ue_27 pod=open5gs-upf-5b9db6d44-nsbqz uid=7b5b8ef7-a2a2-4fe9-a3e1-74acd17bd88f restarts=6 usage_cpu=337m usage_mem=35Mi request_cpu=379m request_mem=250Mi limit_cpu=none limit_mem=none vpa_target_cpu=410m vpa_target_mem=250Mi vpa_uncapped_cpu=410m vpa_uncapped_mem=250Mi vpa_lower_cpu=193m vpa_lower_mem=250Mi vpa_upper_cpu=1500m vpa_upper_mem=512Mi
[2026-08-21T23:57:31+02:00] UE_SLOT_START timestamp=2026-08-21T21:57:31+00:00 active_ues=27 slot=14 attempt=1 ue_idx=14 ue_if=uesimtun14 ue_ip=10.45.1.4 target=192.168.1.211:5215 bitrate=1M duration_s=80 planned_end_epoch=1787349531 timeout_s=90 hard_timeout_epoch=1787349546 start_rx_bytes=548254
[2026-08-21T23:57:31+02:00] UE_SLOT_PID timestamp=2026-08-21T21:57:31+00:00 active_ues=27 slot=14 attempt=1 ue_idx=14 pid=38969
[2026-08-21T23:57:31+02:00] UE_SLOT_ASSIGN timestamp=2026-08-21T21:57:31+00:00 active_ues=27 slot=15 ue_idx=15 ue_if=uesimtun15 ue_ip=10.45.1.19 candidate_reused_global_suspect=0
[2026-08-21T23:57:31+02:00] UE_SLOT_START timestamp=2026-08-21T21:57:31+00:00 active_ues=27 slot=15 attempt=1 ue_idx=15 ue_if=uesimtun15 ue_ip=10.45.1.19 target=192.168.1.211:5216 bitrate=1M duration_s=80 planned_end_epoch=1787349531 timeout_s=90 hard_timeout_epoch=1787349546 start_rx_bytes=435113
[2026-08-21T23:57:31+02:00] UE_SLOT_PID timestamp=2026-08-21T21:57:31+00:00 active_ues=27 slot=15 attempt=1 ue_idx=15 pid=38994
[2026-08-21T23:57:32+02:00] UE_SLOT_ASSIGN timestamp=2026-08-21T21:57:32+00:00 active_ues=27 slot=16 ue_idx=16 ue_if=uesimtun16 ue_ip=10.45.1.21 candidate_reused_global_suspect=0
[2026-08-21T23:57:32+02:00] UE_SLOT_START timestamp=2026-08-21T21:57:32+00:00 active_ues=27 slot=16 attempt=1 ue_idx=16 ue_if=uesimtun16 ue_ip=10.45.1.21 target=192.168.1.211:5217 bitrate=1M duration_s=80 planned_end_epoch=1787349532 timeout_s=90 hard_timeout_epoch=1787349547 start_rx_bytes=439607
[2026-08-21T23:57:32+02:00] UE_SLOT_PID timestamp=2026-08-21T21:57:32+00:00 active_ues=27 slot=16 attempt=1 ue_idx=16 pid=39019
[2026-08-21T23:57:32+02:00] UE_SLOT_ASSIGN timestamp=2026-08-21T21:57:32+00:00 active_ues=27 slot=17 ue_idx=17 ue_if=uesimtun17 ue_ip=10.45.1.22 candidate_reused_global_suspect=0
[2026-08-21T23:57:32+02:00] UE_SLOT_START timestamp=2026-08-21T21:57:32+00:00 active_ues=27 slot=17 attempt=1 ue_idx=17 ue_if=uesimtun17 ue_ip=10.45.1.22 target=192.168.1.211:5218 bitrate=1M duration_s=80 planned_end_epoch=1787349532 timeout_s=90 hard_timeout_epoch=1787349547 start_rx_bytes=360030
[2026-08-21T23:57:32+02:00] UE_SLOT_PID timestamp=2026-08-21T21:57:32+00:00 active_ues=27 slot=17 attempt=1 ue_idx=17 pid=39044
[2026-08-21T23:57:32+02:00] UE_SLOT_ASSIGN timestamp=2026-08-21T21:57:32+00:00 active_ues=27 slot=18 ue_idx=18 ue_if=uesimtun18 ue_ip=10.45.1.24 candidate_reused_global_suspect=0
[2026-08-21T23:57:32+02:00] UE_SLOT_START timestamp=2026-08-21T21:57:32+00:00 active_ues=27 slot=18 attempt=1 ue_idx=18 ue_if=uesimtun18 ue_ip=10.45.1.24 target=192.168.1.211:5219 bitrate=1M duration_s=80 planned_end_epoch=1787349532 timeout_s=90 hard_timeout_epoch=1787349547 start_rx_bytes=364945
[2026-08-21T23:57:32+02:00] UE_SLOT_PID timestamp=2026-08-21T21:57:32+00:00 active_ues=27 slot=18 attempt=1 ue_idx=18 pid=39069
[2026-08-21T23:57:32+02:00] UE_SLOT_ASSIGN timestamp=2026-08-21T21:57:32+00:00 active_ues=27 slot=19 ue_idx=19 ue_if=uesimtun19 ue_ip=10.45.1.27 candidate_reused_global_suspect=0
[2026-08-21T23:57:32+02:00] UE_SLOT_START timestamp=2026-08-21T21:57:32+00:00 active_ues=27 slot=19 attempt=1 ue_idx=19 ue_if=uesimtun19 ue_ip=10.45.1.27 target=192.168.1.211:5220 bitrate=1M duration_s=80 planned_end_epoch=1787349532 timeout_s=90 hard_timeout_epoch=1787349547 start_rx_bytes=258204
[2026-08-21T23:57:32+02:00] UE_SLOT_PID timestamp=2026-08-21T21:57:32+00:00 active_ues=27 slot=19 attempt=1 ue_idx=19 pid=39094
[2026-08-21T23:57:33+02:00] UE_SLOT_ASSIGN timestamp=2026-08-21T21:57:33+00:00 active_ues=27 slot=20 ue_idx=20 ue_if=uesimtun20 ue_ip=10.45.1.28 candidate_reused_global_suspect=0
[2026-08-21T23:57:33+02:00] UE_SLOT_START timestamp=2026-08-21T21:57:33+00:00 active_ues=27 slot=20 attempt=1 ue_idx=20 ue_if=uesimtun20 ue_ip=10.45.1.28 target=192.168.1.211:5221 bitrate=1M duration_s=80 planned_end_epoch=1787349533 timeout_s=90 hard_timeout_epoch=1787349548 start_rx_bytes=267927
[2026-08-21T23:57:33+02:00] UE_SLOT_PID timestamp=2026-08-21T21:57:33+00:00 active_ues=27 slot=20 attempt=1 ue_idx=20 pid=39119
[2026-08-21T23:57:33+02:00] UE_SLOT_ASSIGN timestamp=2026-08-21T21:57:33+00:00 active_ues=27 slot=21 ue_idx=21 ue_if=uesimtun21 ue_ip=10.45.1.29 candidate_reused_global_suspect=0
[2026-08-21T23:57:33+02:00] UE_SLOT_START timestamp=2026-08-21T21:57:33+00:00 active_ues=27 slot=21 attempt=1 ue_idx=21 ue_if=uesimtun21 ue_ip=10.45.1.29 target=192.168.1.211:5222 bitrate=1M duration_s=80 planned_end_epoch=1787349533 timeout_s=90 hard_timeout_epoch=1787349548 start_rx_bytes=187724
[2026-08-21T23:57:33+02:00] UE_SLOT_PID timestamp=2026-08-21T21:57:33+00:00 active_ues=27 slot=21 attempt=1 ue_idx=21 pid=39144
[2026-08-21T23:57:33+02:00] UE_SLOT_ASSIGN timestamp=2026-08-21T21:57:33+00:00 active_ues=27 slot=22 ue_idx=22 ue_if=uesimtun22 ue_ip=10.45.1.30 candidate_reused_global_suspect=0
[2026-08-21T23:57:33+02:00] UE_SLOT_START timestamp=2026-08-21T21:57:33+00:00 active_ues=27 slot=22 attempt=1 ue_idx=22 ue_if=uesimtun22 ue_ip=10.45.1.30 target=192.168.1.211:5223 bitrate=1M duration_s=80 planned_end_epoch=1787349533 timeout_s=90 hard_timeout_epoch=1787349548 start_rx_bytes=183136
[2026-08-21T23:57:33+02:00] UE_SLOT_PID timestamp=2026-08-21T21:57:33+00:00 active_ues=27 slot=22 attempt=1 ue_idx=22 pid=39169
[2026-08-21T23:57:33+02:00] UE_SLOT_ASSIGN timestamp=2026-08-21T21:57:33+00:00 active_ues=27 slot=23 ue_idx=23 ue_if=uesimtun23 ue_ip=10.45.1.34 candidate_reused_global_suspect=0
[2026-08-21T23:57:33+02:00] UE_SLOT_START timestamp=2026-08-21T21:57:33+00:00 active_ues=27 slot=23 attempt=1 ue_idx=23 ue_if=uesimtun23 ue_ip=10.45.1.34 target=192.168.1.211:5224 bitrate=1M duration_s=80 planned_end_epoch=1787349533 timeout_s=90 hard_timeout_epoch=1787349548 start_rx_bytes=88646
[2026-08-21T23:57:33+02:00] UE_SLOT_PID timestamp=2026-08-21T21:57:33+00:00 active_ues=27 slot=23 attempt=1 ue_idx=23 pid=39194
[2026-08-21T23:57:34+02:00] UE_SLOT_ASSIGN timestamp=2026-08-21T21:57:34+00:00 active_ues=27 slot=24 ue_idx=24 ue_if=uesimtun24 ue_ip=10.45.1.32 candidate_reused_global_suspect=0
[2026-08-21T23:57:34+02:00] UE_SLOT_START timestamp=2026-08-21T21:57:34+00:00 active_ues=27 slot=24 attempt=1 ue_idx=24 ue_if=uesimtun24 ue_ip=10.45.1.32 target=192.168.1.211:5225 bitrate=1M duration_s=80 planned_end_epoch=1787349534 timeout_s=90 hard_timeout_epoch=1787349549 start_rx_bytes=90543
[2026-08-21T23:57:34+02:00] UE_SLOT_PID timestamp=2026-08-21T21:57:34+00:00 active_ues=27 slot=24 attempt=1 ue_idx=24 pid=39219
[2026-08-21T23:57:34+02:00] UPF_CONTROL_SAMPLE timestamp=2026-08-21T23:57:32+02:00 scenario=ue_27 pod=open5gs-upf-5b9db6d44-nsbqz uid=7b5b8ef7-a2a2-4fe9-a3e1-74acd17bd88f restarts=6 usage_cpu=337m usage_mem=35Mi request_cpu=379m request_mem=250Mi limit_cpu=none limit_mem=none vpa_target_cpu=410m vpa_target_mem=250Mi vpa_uncapped_cpu=410m vpa_uncapped_mem=250Mi vpa_lower_cpu=193m vpa_lower_mem=250Mi vpa_upper_cpu=1500m vpa_upper_mem=512Mi
[2026-08-21T23:57:34+02:00] UE_SLOT_ASSIGN timestamp=2026-08-21T21:57:34+00:00 active_ues=27 slot=25 ue_idx=25 ue_if=uesimtun25 ue_ip=10.45.1.36 candidate_reused_global_suspect=0
[2026-08-21T23:57:34+02:00] UE_SLOT_START timestamp=2026-08-21T21:57:34+00:00 active_ues=27 slot=25 attempt=1 ue_idx=25 ue_if=uesimtun25 ue_ip=10.45.1.36 target=192.168.1.211:5226 bitrate=1M duration_s=80 planned_end_epoch=1787349534 timeout_s=90 hard_timeout_epoch=1787349549 start_rx_bytes=0
[2026-08-21T23:57:34+02:00] UE_SLOT_PID timestamp=2026-08-21T21:57:34+00:00 active_ues=27 slot=25 attempt=1 ue_idx=25 pid=39244
[2026-08-21T23:57:34+02:00] UE_SLOT_ASSIGN timestamp=2026-08-21T21:57:34+00:00 active_ues=27 slot=26 ue_idx=26 ue_if=uesimtun26 ue_ip=10.45.1.40 candidate_reused_global_suspect=0
[2026-08-21T23:57:34+02:00] UE_SLOT_START timestamp=2026-08-21T21:57:34+00:00 active_ues=27 slot=26 attempt=1 ue_idx=26 ue_if=uesimtun26 ue_ip=10.45.1.40 target=192.168.1.211:5227 bitrate=1M duration_s=80 planned_end_epoch=1787349534 timeout_s=90 hard_timeout_epoch=1787349549 start_rx_bytes=0
[2026-08-21T23:57:34+02:00] UE_SLOT_PID timestamp=2026-08-21T21:57:34+00:00 active_ues=27 slot=26 attempt=1 ue_idx=26 pid=39269
[2026-08-21T23:57:34+02:00] IPERF_MAPPING_SUMMARY timestamp=2026-08-21T21:57:34+00:00 active_ues=27 registered_tunnels=50 initial_ports=5201-5227 replacement_ports=5251-5265 bitrate=1M start_delay=0.05 detection=no_rx_counter replacement_min_duration_s=5 adaptive_extension_max_s=1 iperf_exit_grace_s=3 server_busy_port_rebinds=1 late_replacement_after_end=disabled wait_for_iperf_exit=until_timeout global_suspect_policy=soft_reuse ramp_supervision=after_initial_start
[2026-08-21T23:57:36+02:00] VPA_RECOMMENDATION_CHANGE timestamp=2026-08-21T23:57:35+02:00 scenario=ue_27 old='vpa_target_cpu=410m vpa_target_mem=250Mi vpa_uncapped_cpu=410m vpa_uncapped_mem=250Mi vpa_lower_cpu=193m vpa_lower_mem=250Mi vpa_upper_cpu=1500m vpa_upper_mem=512Mi' new='vpa_target_cpu=410m vpa_target_mem=250Mi vpa_uncapped_cpu=410m vpa_uncapped_mem=250Mi vpa_lower_cpu=194m vpa_lower_mem=250Mi vpa_upper_cpu=1500m vpa_upper_mem=512Mi' previous_5s_sample='timestamp=2026-08-21T23:57:30+02:00 scenario=ue_27 pod=open5gs-upf-5b9db6d44-nsbqz uid=7b5b8ef7-a2a2-4fe9-a3e1-74acd17bd88f restarts=6 usage_cpu=337m usage_mem=35Mi request_cpu=379m request_mem=250Mi limit_cpu=none limit_mem=none vpa_target_cpu=410m vpa_target_mem=250Mi vpa_uncapped_cpu=410m vpa_uncapped_mem=250Mi vpa_lower_cpu=193m vpa_lower_mem=250Mi vpa_upper_cpu=1500m vpa_upper_mem=512Mi' current_sample='timestamp=2026-08-21T23:57:35+02:00 scenario=ue_27 pod=open5gs-upf-5b9db6d44-nsbqz uid=7b5b8ef7-a2a2-4fe9-a3e1-74acd17bd88f restarts=6 usage_cpu=337m usage_mem=35Mi request_cpu=379m request_mem=250Mi limit_cpu=none limit_mem=none vpa_target_cpu=410m vpa_target_mem=250Mi vpa_uncapped_cpu=410m vpa_uncapped_mem=250Mi vpa_lower_cpu=194m vpa_lower_mem=250Mi vpa_upper_cpu=1500m vpa_upper_mem=512Mi'
[2026-08-21T23:57:36+02:00] UPF_CONTROL_SAMPLE timestamp=2026-08-21T23:57:35+02:00 scenario=ue_27 pod=open5gs-upf-5b9db6d44-nsbqz uid=7b5b8ef7-a2a2-4fe9-a3e1-74acd17bd88f restarts=6 usage_cpu=337m usage_mem=35Mi request_cpu=379m request_mem=250Mi limit_cpu=none limit_mem=none vpa_target_cpu=410m vpa_target_mem=250Mi vpa_uncapped_cpu=410m vpa_uncapped_mem=250Mi vpa_lower_cpu=194m vpa_lower_mem=250Mi vpa_upper_cpu=1500m vpa_upper_mem=512Mi
[2026-08-21T23:57:38+02:00] UPF_CONTROL_SAMPLE timestamp=2026-08-21T23:57:37+02:00 scenario=ue_27 pod=open5gs-upf-5b9db6d44-nsbqz uid=7b5b8ef7-a2a2-4fe9-a3e1-74acd17bd88f restarts=6 usage_cpu=337m usage_mem=35Mi request_cpu=379m request_mem=250Mi limit_cpu=none limit_mem=none vpa_target_cpu=410m vpa_target_mem=250Mi vpa_uncapped_cpu=410m vpa_uncapped_mem=250Mi vpa_lower_cpu=194m vpa_lower_mem=250Mi vpa_upper_cpu=1500m vpa_upper_mem=512Mi
[2026-08-21T23:57:41+02:00] UPF_CONTROL_SAMPLE timestamp=2026-08-21T23:57:39+02:00 scenario=ue_27 pod=open5gs-upf-5b9db6d44-nsbqz uid=7b5b8ef7-a2a2-4fe9-a3e1-74acd17bd88f restarts=6 usage_cpu=337m usage_mem=35Mi request_cpu=379m request_mem=250Mi limit_cpu=none limit_mem=none vpa_target_cpu=410m vpa_target_mem=250Mi vpa_uncapped_cpu=410m vpa_uncapped_mem=250Mi vpa_lower_cpu=194m vpa_lower_mem=250Mi vpa_upper_cpu=1500m vpa_upper_mem=512Mi
[2026-08-21T23:57:43+02:00] UPF_CONTROL_SAMPLE timestamp=2026-08-21T23:57:42+02:00 scenario=ue_27 pod=open5gs-upf-5b9db6d44-nsbqz uid=7b5b8ef7-a2a2-4fe9-a3e1-74acd17bd88f restarts=6 usage_cpu=337m usage_mem=35Mi request_cpu=379m request_mem=250Mi limit_cpu=none limit_mem=none vpa_target_cpu=410m vpa_target_mem=250Mi vpa_uncapped_cpu=410m vpa_uncapped_mem=250Mi vpa_lower_cpu=194m vpa_lower_mem=250Mi vpa_upper_cpu=1500m vpa_upper_mem=512Mi
[2026-08-21T23:57:46+02:00] UPF_CONTROL_SAMPLE timestamp=2026-08-21T23:57:44+02:00 scenario=ue_27 pod=open5gs-upf-5b9db6d44-nsbqz uid=7b5b8ef7-a2a2-4fe9-a3e1-74acd17bd88f restarts=6 usage_cpu=337m usage_mem=35Mi request_cpu=379m request_mem=250Mi limit_cpu=none limit_mem=none vpa_target_cpu=410m vpa_target_mem=250Mi vpa_uncapped_cpu=410m vpa_uncapped_mem=250Mi vpa_lower_cpu=194m vpa_lower_mem=250Mi vpa_upper_cpu=1500m vpa_upper_mem=512Mi
[2026-08-21T23:57:48+02:00] UPF_CONTROL_SAMPLE timestamp=2026-08-21T23:57:47+02:00 scenario=ue_27 pod=open5gs-upf-5b9db6d44-nsbqz uid=7b5b8ef7-a2a2-4fe9-a3e1-74acd17bd88f restarts=6 usage_cpu=337m usage_mem=35Mi request_cpu=379m request_mem=250Mi limit_cpu=none limit_mem=none vpa_target_cpu=410m vpa_target_mem=250Mi vpa_uncapped_cpu=410m vpa_uncapped_mem=250Mi vpa_lower_cpu=194m vpa_lower_mem=250Mi vpa_upper_cpu=1500m vpa_upper_mem=512Mi
[2026-08-21T23:57:50+02:00] UPF_CONTROL_SAMPLE timestamp=2026-08-21T23:57:49+02:00 scenario=ue_27 pod=open5gs-upf-5b9db6d44-nsbqz uid=7b5b8ef7-a2a2-4fe9-a3e1-74acd17bd88f restarts=6 usage_cpu=337m usage_mem=35Mi request_cpu=379m request_mem=250Mi limit_cpu=none limit_mem=none vpa_target_cpu=410m vpa_target_mem=250Mi vpa_uncapped_cpu=410m vpa_uncapped_mem=250Mi vpa_lower_cpu=194m vpa_lower_mem=250Mi vpa_upper_cpu=1500m vpa_upper_mem=512Mi
[2026-08-21T23:57:52+02:00] UPF_CONTROL_SAMPLE timestamp=2026-08-21T23:57:51+02:00 scenario=ue_27 pod=open5gs-upf-5b9db6d44-nsbqz uid=7b5b8ef7-a2a2-4fe9-a3e1-74acd17bd88f restarts=6 usage_cpu=337m usage_mem=35Mi request_cpu=379m request_mem=250Mi limit_cpu=none limit_mem=none vpa_target_cpu=410m vpa_target_mem=250Mi vpa_uncapped_cpu=410m vpa_uncapped_mem=250Mi vpa_lower_cpu=194m vpa_lower_mem=250Mi vpa_upper_cpu=1500m vpa_upper_mem=512Mi
[2026-08-21T23:57:55+02:00] UPF_CONTROL_SAMPLE timestamp=2026-08-21T23:57:53+02:00 scenario=ue_27 pod=open5gs-upf-5b9db6d44-nsbqz uid=7b5b8ef7-a2a2-4fe9-a3e1-74acd17bd88f restarts=6 usage_cpu=337m usage_mem=35Mi request_cpu=379m request_mem=250Mi limit_cpu=none limit_mem=none vpa_target_cpu=410m vpa_target_mem=250Mi vpa_uncapped_cpu=410m vpa_uncapped_mem=250Mi vpa_lower_cpu=194m vpa_lower_mem=250Mi vpa_upper_cpu=1500m vpa_upper_mem=512Mi
[2026-08-21T23:57:57+02:00] UPF_CONTROL_SAMPLE timestamp=2026-08-21T23:57:56+02:00 scenario=ue_27 pod=open5gs-upf-5b9db6d44-nsbqz uid=7b5b8ef7-a2a2-4fe9-a3e1-74acd17bd88f restarts=6 usage_cpu=306m usage_mem=35Mi request_cpu=379m request_mem=250Mi limit_cpu=none limit_mem=none vpa_target_cpu=410m vpa_target_mem=250Mi vpa_uncapped_cpu=410m vpa_uncapped_mem=250Mi vpa_lower_cpu=194m vpa_lower_mem=250Mi vpa_upper_cpu=1500m vpa_upper_mem=512Mi
[2026-08-21T23:57:59+02:00] UPF_CONTROL_SAMPLE timestamp=2026-08-21T23:57:58+02:00 scenario=ue_27 pod=open5gs-upf-5b9db6d44-nsbqz uid=7b5b8ef7-a2a2-4fe9-a3e1-74acd17bd88f restarts=6 usage_cpu=306m usage_mem=35Mi request_cpu=379m request_mem=250Mi limit_cpu=none limit_mem=none vpa_target_cpu=410m vpa_target_mem=250Mi vpa_uncapped_cpu=410m vpa_uncapped_mem=250Mi vpa_lower_cpu=194m vpa_lower_mem=250Mi vpa_upper_cpu=1500m vpa_upper_mem=512Mi
[2026-08-21T23:58:01+02:00] UPF_CONTROL_SAMPLE timestamp=2026-08-21T23:58:00+02:00 scenario=ue_27 pod=open5gs-upf-5b9db6d44-nsbqz uid=7b5b8ef7-a2a2-4fe9-a3e1-74acd17bd88f restarts=6 usage_cpu=306m usage_mem=35Mi request_cpu=379m request_mem=250Mi limit_cpu=none limit_mem=none vpa_target_cpu=410m vpa_target_mem=250Mi vpa_uncapped_cpu=410m vpa_uncapped_mem=250Mi vpa_lower_cpu=194m vpa_lower_mem=250Mi vpa_upper_cpu=1500m vpa_upper_mem=512Mi
[2026-08-21T23:58:04+02:00] UPF_CONTROL_SAMPLE timestamp=2026-08-21T23:58:03+02:00 scenario=ue_27 pod=open5gs-upf-5b9db6d44-nsbqz uid=7b5b8ef7-a2a2-4fe9-a3e1-74acd17bd88f restarts=6 usage_cpu=306m usage_mem=35Mi request_cpu=379m request_mem=250Mi limit_cpu=none limit_mem=none vpa_target_cpu=410m vpa_target_mem=250Mi vpa_uncapped_cpu=410m vpa_uncapped_mem=250Mi vpa_lower_cpu=194m vpa_lower_mem=250Mi vpa_upper_cpu=1500m vpa_upper_mem=512Mi
[2026-08-21T23:58:06+02:00] UPF_CONTROL_SAMPLE timestamp=2026-08-21T23:58:05+02:00 scenario=ue_27 pod=open5gs-upf-5b9db6d44-nsbqz uid=7b5b8ef7-a2a2-4fe9-a3e1-74acd17bd88f restarts=6 usage_cpu=306m usage_mem=35Mi request_cpu=379m request_mem=250Mi limit_cpu=none limit_mem=none vpa_target_cpu=410m vpa_target_mem=250Mi vpa_uncapped_cpu=410m vpa_uncapped_mem=250Mi vpa_lower_cpu=194m vpa_lower_mem=250Mi vpa_upper_cpu=1500m vpa_upper_mem=512Mi
[2026-08-21T23:58:08+02:00] UPF_CONTROL_SAMPLE timestamp=2026-08-21T23:58:07+02:00 scenario=ue_27 pod=open5gs-upf-5b9db6d44-nsbqz uid=7b5b8ef7-a2a2-4fe9-a3e1-74acd17bd88f restarts=6 usage_cpu=306m usage_mem=35Mi request_cpu=379m request_mem=250Mi limit_cpu=none limit_mem=none vpa_target_cpu=410m vpa_target_mem=250Mi vpa_uncapped_cpu=410m vpa_uncapped_mem=250Mi vpa_lower_cpu=194m vpa_lower_mem=250Mi vpa_upper_cpu=1500m vpa_upper_mem=512Mi
[2026-08-21T23:58:11+02:00] UPF_CONTROL_SAMPLE timestamp=2026-08-21T23:58:09+02:00 scenario=ue_27 pod=open5gs-upf-5b9db6d44-nsbqz uid=7b5b8ef7-a2a2-4fe9-a3e1-74acd17bd88f restarts=6 usage_cpu=419m usage_mem=35Mi request_cpu=379m request_mem=250Mi limit_cpu=none limit_mem=none vpa_target_cpu=410m vpa_target_mem=250Mi vpa_uncapped_cpu=410m vpa_uncapped_mem=250Mi vpa_lower_cpu=194m vpa_lower_mem=250Mi vpa_upper_cpu=1500m vpa_upper_mem=512Mi
[2026-08-21T23:58:13+02:00] UPF_CONTROL_SAMPLE timestamp=2026-08-21T23:58:12+02:00 scenario=ue_27 pod=open5gs-upf-5b9db6d44-nsbqz uid=7b5b8ef7-a2a2-4fe9-a3e1-74acd17bd88f restarts=6 usage_cpu=419m usage_mem=35Mi request_cpu=379m request_mem=250Mi limit_cpu=none limit_mem=none vpa_target_cpu=410m vpa_target_mem=250Mi vpa_uncapped_cpu=410m vpa_uncapped_mem=250Mi vpa_lower_cpu=194m vpa_lower_mem=250Mi vpa_upper_cpu=1500m vpa_upper_mem=512Mi
[2026-08-21T23:58:15+02:00] UPF_CONTROL_SAMPLE timestamp=2026-08-21T23:58:14+02:00 scenario=ue_27 pod=open5gs-upf-5b9db6d44-nsbqz uid=7b5b8ef7-a2a2-4fe9-a3e1-74acd17bd88f restarts=6 usage_cpu=419m usage_mem=35Mi request_cpu=379m request_mem=250Mi limit_cpu=none limit_mem=none vpa_target_cpu=410m vpa_target_mem=250Mi vpa_uncapped_cpu=410m vpa_uncapped_mem=250Mi vpa_lower_cpu=194m vpa_lower_mem=250Mi vpa_upper_cpu=1500m vpa_upper_mem=512Mi
[2026-08-21T23:58:18+02:00] UPF_CONTROL_SAMPLE timestamp=2026-08-21T23:58:16+02:00 scenario=ue_27 pod=open5gs-upf-5b9db6d44-nsbqz uid=7b5b8ef7-a2a2-4fe9-a3e1-74acd17bd88f restarts=6 usage_cpu=419m usage_mem=35Mi request_cpu=379m request_mem=250Mi limit_cpu=none limit_mem=none vpa_target_cpu=410m vpa_target_mem=250Mi vpa_uncapped_cpu=410m vpa_uncapped_mem=250Mi vpa_lower_cpu=194m vpa_lower_mem=250Mi vpa_upper_cpu=1500m vpa_upper_mem=512Mi
[2026-08-21T23:58:20+02:00] UPF_CONTROL_SAMPLE timestamp=2026-08-21T23:58:19+02:00 scenario=ue_27 pod=open5gs-upf-5b9db6d44-nsbqz uid=7b5b8ef7-a2a2-4fe9-a3e1-74acd17bd88f restarts=6 usage_cpu=419m usage_mem=35Mi request_cpu=379m request_mem=250Mi limit_cpu=none limit_mem=none vpa_target_cpu=410m vpa_target_mem=250Mi vpa_uncapped_cpu=410m vpa_uncapped_mem=250Mi vpa_lower_cpu=194m vpa_lower_mem=250Mi vpa_upper_cpu=1500m vpa_upper_mem=512Mi
[2026-08-21T23:58:22+02:00] UPF_CONTROL_SAMPLE timestamp=2026-08-21T23:58:21+02:00 scenario=ue_27 pod=open5gs-upf-5b9db6d44-nsbqz uid=7b5b8ef7-a2a2-4fe9-a3e1-74acd17bd88f restarts=6 usage_cpu=419m usage_mem=35Mi request_cpu=379m request_mem=250Mi limit_cpu=none limit_mem=none vpa_target_cpu=410m vpa_target_mem=250Mi vpa_uncapped_cpu=410m vpa_uncapped_mem=250Mi vpa_lower_cpu=194m vpa_lower_mem=250Mi vpa_upper_cpu=1500m vpa_upper_mem=512Mi
[2026-08-21T23:58:24+02:00] UPF_CONTROL_SAMPLE timestamp=2026-08-21T23:58:23+02:00 scenario=ue_27 pod=open5gs-upf-5b9db6d44-nsbqz uid=7b5b8ef7-a2a2-4fe9-a3e1-74acd17bd88f restarts=6 usage_cpu=419m usage_mem=35Mi request_cpu=379m request_mem=250Mi limit_cpu=none limit_mem=none vpa_target_cpu=410m vpa_target_mem=250Mi vpa_uncapped_cpu=410m vpa_uncapped_mem=250Mi vpa_lower_cpu=194m vpa_lower_mem=250Mi vpa_upper_cpu=1500m vpa_upper_mem=512Mi
[2026-08-21T23:58:27+02:00] UPF_CONTROL_SAMPLE timestamp=2026-08-21T23:58:25+02:00 scenario=ue_27 pod=open5gs-upf-5b9db6d44-nsbqz uid=7b5b8ef7-a2a2-4fe9-a3e1-74acd17bd88f restarts=6 usage_cpu=410m usage_mem=35Mi request_cpu=379m request_mem=250Mi limit_cpu=none limit_mem=none vpa_target_cpu=410m vpa_target_mem=250Mi vpa_uncapped_cpu=410m vpa_uncapped_mem=250Mi vpa_lower_cpu=194m vpa_lower_mem=250Mi vpa_upper_cpu=1500m vpa_upper_mem=512Mi
[2026-08-21T23:58:29+02:00] UPF_CONTROL_SAMPLE timestamp=2026-08-21T23:58:28+02:00 scenario=ue_27 pod=open5gs-upf-5b9db6d44-nsbqz uid=7b5b8ef7-a2a2-4fe9-a3e1-74acd17bd88f restarts=6 usage_cpu=410m usage_mem=35Mi request_cpu=379m request_mem=250Mi limit_cpu=none limit_mem=none vpa_target_cpu=410m vpa_target_mem=250Mi vpa_uncapped_cpu=410m vpa_uncapped_mem=250Mi vpa_lower_cpu=194m vpa_lower_mem=250Mi vpa_upper_cpu=1500m vpa_upper_mem=512Mi
[2026-08-21T23:58:31+02:00] UPF_CONTROL_SAMPLE timestamp=2026-08-21T23:58:30+02:00 scenario=ue_27 pod=open5gs-upf-5b9db6d44-nsbqz uid=7b5b8ef7-a2a2-4fe9-a3e1-74acd17bd88f restarts=6 usage_cpu=410m usage_mem=35Mi request_cpu=379m request_mem=250Mi limit_cpu=none limit_mem=none vpa_target_cpu=410m vpa_target_mem=250Mi vpa_uncapped_cpu=410m vpa_uncapped_mem=250Mi vpa_lower_cpu=194m vpa_lower_mem=250Mi vpa_upper_cpu=1500m vpa_upper_mem=512Mi
[2026-08-21T23:58:34+02:00] UPF_CONTROL_SAMPLE timestamp=2026-08-21T23:58:32+02:00 scenario=ue_27 pod=open5gs-upf-5b9db6d44-nsbqz uid=7b5b8ef7-a2a2-4fe9-a3e1-74acd17bd88f restarts=6 usage_cpu=410m usage_mem=35Mi request_cpu=379m request_mem=250Mi limit_cpu=none limit_mem=none vpa_target_cpu=410m vpa_target_mem=250Mi vpa_uncapped_cpu=410m vpa_uncapped_mem=250Mi vpa_lower_cpu=194m vpa_lower_mem=250Mi vpa_upper_cpu=1500m vpa_upper_mem=512Mi
[2026-08-21T23:58:36+02:00] VPA_RECOMMENDATION_CHANGE timestamp=2026-08-21T23:58:35+02:00 scenario=ue_27 old='vpa_target_cpu=410m vpa_target_mem=250Mi vpa_uncapped_cpu=410m vpa_uncapped_mem=250Mi vpa_lower_cpu=194m vpa_lower_mem=250Mi vpa_upper_cpu=1500m vpa_upper_mem=512Mi' new='vpa_target_cpu=410m vpa_target_mem=250Mi vpa_uncapped_cpu=410m vpa_uncapped_mem=250Mi vpa_lower_cpu=196m vpa_lower_mem=250Mi vpa_upper_cpu=1500m vpa_upper_mem=512Mi' previous_5s_sample='timestamp=2026-08-21T23:58:30+02:00 scenario=ue_27 pod=open5gs-upf-5b9db6d44-nsbqz uid=7b5b8ef7-a2a2-4fe9-a3e1-74acd17bd88f restarts=6 usage_cpu=410m usage_mem=35Mi request_cpu=379m request_mem=250Mi limit_cpu=none limit_mem=none vpa_target_cpu=410m vpa_target_mem=250Mi vpa_uncapped_cpu=410m vpa_uncapped_mem=250Mi vpa_lower_cpu=194m vpa_lower_mem=250Mi vpa_upper_cpu=1500m vpa_upper_mem=512Mi' current_sample='timestamp=2026-08-21T23:58:35+02:00 scenario=ue_27 pod=open5gs-upf-5b9db6d44-nsbqz uid=7b5b8ef7-a2a2-4fe9-a3e1-74acd17bd88f restarts=6 usage_cpu=410m usage_mem=35Mi request_cpu=379m request_mem=250Mi limit_cpu=none limit_mem=none vpa_target_cpu=410m vpa_target_mem=250Mi vpa_uncapped_cpu=410m vpa_uncapped_mem=250Mi vpa_lower_cpu=196m vpa_lower_mem=250Mi vpa_upper_cpu=1500m vpa_upper_mem=512Mi'
[2026-08-21T23:58:36+02:00] UPF_CONTROL_SAMPLE timestamp=2026-08-21T23:58:35+02:00 scenario=ue_27 pod=open5gs-upf-5b9db6d44-nsbqz uid=7b5b8ef7-a2a2-4fe9-a3e1-74acd17bd88f restarts=6 usage_cpu=410m usage_mem=35Mi request_cpu=379m request_mem=250Mi limit_cpu=none limit_mem=none vpa_target_cpu=410m vpa_target_mem=250Mi vpa_uncapped_cpu=410m vpa_uncapped_mem=250Mi vpa_lower_cpu=196m vpa_lower_mem=250Mi vpa_upper_cpu=1500m vpa_upper_mem=512Mi
[2026-08-21T23:58:38+02:00] UPF_CONTROL_SAMPLE timestamp=2026-08-21T23:58:37+02:00 scenario=ue_27 pod=open5gs-upf-5b9db6d44-nsbqz uid=7b5b8ef7-a2a2-4fe9-a3e1-74acd17bd88f restarts=6 usage_cpu=410m usage_mem=35Mi request_cpu=379m request_mem=250Mi limit_cpu=none limit_mem=none vpa_target_cpu=410m vpa_target_mem=250Mi vpa_uncapped_cpu=410m vpa_uncapped_mem=250Mi vpa_lower_cpu=196m vpa_lower_mem=250Mi vpa_upper_cpu=1500m vpa_upper_mem=512Mi
[2026-08-21T23:58:41+02:00] UPF_CONTROL_SAMPLE timestamp=2026-08-21T23:58:39+02:00 scenario=ue_27 pod=open5gs-upf-5b9db6d44-nsbqz uid=7b5b8ef7-a2a2-4fe9-a3e1-74acd17bd88f restarts=6 usage_cpu=410m usage_mem=35Mi request_cpu=379m request_mem=250Mi limit_cpu=none limit_mem=none vpa_target_cpu=410m vpa_target_mem=250Mi vpa_uncapped_cpu=410m vpa_uncapped_mem=250Mi vpa_lower_cpu=196m vpa_lower_mem=250Mi vpa_upper_cpu=1500m vpa_upper_mem=512Mi
[2026-08-21T23:58:43+02:00] UPF_CONTROL_SAMPLE timestamp=2026-08-21T23:58:42+02:00 scenario=ue_27 pod=open5gs-upf-5b9db6d44-nsbqz uid=7b5b8ef7-a2a2-4fe9-a3e1-74acd17bd88f restarts=6 usage_cpu=410m usage_mem=35Mi request_cpu=379m request_mem=250Mi limit_cpu=none limit_mem=none vpa_target_cpu=410m vpa_target_mem=250Mi vpa_uncapped_cpu=410m vpa_uncapped_mem=250Mi vpa_lower_cpu=196m vpa_lower_mem=250Mi vpa_upper_cpu=1500m vpa_upper_mem=512Mi
[2026-08-21T23:58:45+02:00] FAILED_CLIENT_LOG_BEGIN slot=18 logfile=/tmp/upf_iperf_adaptive_20260821_233622_ue_27/slot_18_attempt_1_ue_18_port_5219.log
[2026-08-21T23:58:45+02:00] Connecting to host 192.168.1.211, port 5219
[2026-08-21T23:58:45+02:00] [  5] local 10.45.1.24 port 41403 connected to 192.168.1.211 port 5219
[2026-08-21T23:58:45+02:00] [ ID] Interval           Transfer     Bitrate         Retr  Cwnd
[2026-08-21T23:58:45+02:00] [  5]   0.00-1.00   sec   235 KBytes  1.92 Mbits/sec    0   46.1 KBytes       
[2026-08-21T23:58:45+02:00] [  5]   1.00-2.00   sec   128 KBytes  1.05 Mbits/sec    0   47.4 KBytes       
[2026-08-21T23:58:45+02:00] [  5]   2.00-3.00   sec   128 KBytes  1.05 Mbits/sec    0   44.8 KBytes       
[2026-08-21T23:58:45+02:00] [  5]   3.00-4.00   sec  0.00 Bytes  0.00 bits/sec    0   47.4 KBytes       
[2026-08-21T23:58:45+02:00] [  5]   4.00-5.00   sec   128 KBytes  1.05 Mbits/sec    0   48.7 KBytes       
[2026-08-21T23:58:45+02:00] [  5]   5.00-6.00   sec   128 KBytes  1.05 Mbits/sec    0   48.7 KBytes       
[2026-08-21T23:58:45+02:00] [  5]   6.00-7.00   sec   128 KBytes  1.05 Mbits/sec    0   50.0 KBytes       
[2026-08-21T23:58:45+02:00] [  5]   7.00-8.00   sec   128 KBytes  1.05 Mbits/sec    0   51.3 KBytes       
[2026-08-21T23:58:45+02:00] [  5]   8.00-9.00   sec   128 KBytes  1.05 Mbits/sec    0   52.7 KBytes       
[2026-08-21T23:58:45+02:00] [  5]   9.00-10.00  sec   128 KBytes  1.05 Mbits/sec    0   54.0 KBytes       
[2026-08-21T23:58:45+02:00] [  5]  10.00-11.00  sec   128 KBytes  1.05 Mbits/sec    0   54.0 KBytes       
[2026-08-21T23:58:45+02:00] [  5]  11.00-12.00  sec   128 KBytes  1.05 Mbits/sec    0   55.3 KBytes       
[2026-08-21T23:58:45+02:00] [  5]  12.00-13.00  sec   128 KBytes  1.05 Mbits/sec    0   56.6 KBytes       
[2026-08-21T23:58:45+02:00] FAILED_CLIENT_LOG_END slot=18 logfile=/tmp/upf_iperf_adaptive_20260821_233622_ue_27/slot_18_attempt_1_ue_18_port_5219.log
[2026-08-21T23:58:45+02:00] UE_SLOT_PROBLEM_DETECTED timestamp=2026-08-21T21:58:45+00:00 active_ues=27 slot=18 attempt=1 ue_idx=18 ue_if=uesimtun18 ue_ip=10.45.1.24 port=5219 reason=rx_stall_5s remaining_s=7
[2026-08-21T23:58:45+02:00] UE_MARKED_PROBLEMATIC timestamp=2026-08-21T21:58:45+00:00 active_ues=27 ue_idx=18 reason=rx_stall_5s scope=scenario_and_global_suspect
[2026-08-21T23:58:45+02:00] UE_SLOT_REPLACE timestamp=2026-08-21T21:58:45+00:00 active_ues=27 slot=18 reason=rx_stall_5s old_attempt=1 old_ue_idx=18 old_ue_if=uesimtun18 old_ue_ip=10.45.1.24 old_port=5219 new_attempt=2 new_ue_idx=27 new_ue_if=uesimtun27 new_ue_ip=10.45.1.8 new_port=5251 remaining_s=7 extension_used_s=0 extension_limit_s=1 candidate_reused_global_suspect=0 replacements_total=1
[2026-08-21T23:58:45+02:00] UE_SLOT_START timestamp=2026-08-21T21:58:45+00:00 active_ues=27 slot=18 attempt=2 ue_idx=27 ue_if=uesimtun27 ue_ip=10.45.1.8 target=192.168.1.211:5251 bitrate=1M duration_s=7 planned_end_epoch=1787349532 timeout_s=17 hard_timeout_epoch=1787349547 start_rx_bytes=0
[2026-08-21T23:58:45+02:00] UE_SLOT_PID timestamp=2026-08-21T21:58:45+00:00 active_ues=27 slot=18 attempt=2 ue_idx=27 pid=42515
[2026-08-21T23:58:45+02:00] UPF_CONTROL_SAMPLE timestamp=2026-08-21T23:58:44+02:00 scenario=ue_27 pod=open5gs-upf-5b9db6d44-nsbqz uid=7b5b8ef7-a2a2-4fe9-a3e1-74acd17bd88f restarts=6 usage_cpu=410m usage_mem=35Mi request_cpu=379m request_mem=250Mi limit_cpu=none limit_mem=none vpa_target_cpu=410m vpa_target_mem=250Mi vpa_uncapped_cpu=410m vpa_uncapped_mem=250Mi vpa_lower_cpu=196m vpa_lower_mem=250Mi vpa_upper_cpu=1500m vpa_upper_mem=512Mi
[2026-08-21T23:58:47+02:00] UPF_CONTROL_SAMPLE timestamp=2026-08-21T23:58:46+02:00 scenario=ue_27 pod=open5gs-upf-5b9db6d44-nsbqz uid=7b5b8ef7-a2a2-4fe9-a3e1-74acd17bd88f restarts=6 usage_cpu=410m usage_mem=35Mi request_cpu=379m request_mem=250Mi limit_cpu=none limit_mem=none vpa_target_cpu=410m vpa_target_mem=250Mi vpa_uncapped_cpu=410m vpa_uncapped_mem=250Mi vpa_lower_cpu=196m vpa_lower_mem=250Mi vpa_upper_cpu=1500m vpa_upper_mem=512Mi
[2026-08-21T23:58:48+02:00] UE_SLOT_DONE timestamp=2026-08-21T21:58:48+00:00 active_ues=27 slot=0 attempt=1 ue_idx=0 ue_if=uesimtun0 ue_ip=10.45.0.252 port=5201 rc=0 replacements_for_slot=0 server_busy_retries_for_slot=0
[2026-08-21T23:58:49+02:00] UPF_CONTROL_SAMPLE timestamp=2026-08-21T23:58:48+02:00 scenario=ue_27 pod=open5gs-upf-5b9db6d44-nsbqz uid=7b5b8ef7-a2a2-4fe9-a3e1-74acd17bd88f restarts=6 usage_cpu=410m usage_mem=35Mi request_cpu=379m request_mem=250Mi limit_cpu=none limit_mem=none vpa_target_cpu=410m vpa_target_mem=250Mi vpa_uncapped_cpu=410m vpa_uncapped_mem=250Mi vpa_lower_cpu=196m vpa_lower_mem=250Mi vpa_upper_cpu=1500m vpa_upper_mem=512Mi
[2026-08-21T23:58:50+02:00] UE_SLOT_DONE timestamp=2026-08-21T21:58:50+00:00 active_ues=27 slot=1 attempt=1 ue_idx=1 ue_if=uesimtun1 ue_ip=10.45.0.253 port=5202 rc=0 replacements_for_slot=0 server_busy_retries_for_slot=0
[2026-08-21T23:58:50+02:00] UE_SLOT_DONE timestamp=2026-08-21T21:58:50+00:00 active_ues=27 slot=2 attempt=1 ue_idx=2 ue_if=uesimtun2 ue_ip=10.45.0.254 port=5203 rc=0 replacements_for_slot=0 server_busy_retries_for_slot=0
[2026-08-21T23:58:50+02:00] UE_SLOT_DONE timestamp=2026-08-21T21:58:50+00:00 active_ues=27 slot=3 attempt=1 ue_idx=3 ue_if=uesimtun3 ue_ip=10.45.1.0 port=5204 rc=0 replacements_for_slot=0 server_busy_retries_for_slot=0
[2026-08-21T23:58:50+02:00] UE_SLOT_DONE timestamp=2026-08-21T21:58:50+00:00 active_ues=27 slot=4 attempt=1 ue_idx=4 ue_if=uesimtun4 ue_ip=10.45.1.1 port=5205 rc=0 replacements_for_slot=0 server_busy_retries_for_slot=0
[2026-08-21T23:58:51+02:00] UE_SLOT_DONE timestamp=2026-08-21T21:58:51+00:00 active_ues=27 slot=5 attempt=1 ue_idx=5 ue_if=uesimtun5 ue_ip=10.45.1.3 port=5206 rc=0 replacements_for_slot=0 server_busy_retries_for_slot=0
[2026-08-21T23:58:51+02:00] UE_SLOT_DONE timestamp=2026-08-21T21:58:51+00:00 active_ues=27 slot=6 attempt=1 ue_idx=6 ue_if=uesimtun6 ue_ip=10.45.0.255 port=5207 rc=0 replacements_for_slot=0 server_busy_retries_for_slot=0
[2026-08-21T23:58:51+02:00] UE_SLOT_DONE timestamp=2026-08-21T21:58:51+00:00 active_ues=27 slot=7 attempt=1 ue_idx=7 ue_if=uesimtun7 ue_ip=10.45.1.6 port=5208 rc=0 replacements_for_slot=0 server_busy_retries_for_slot=0
[2026-08-21T23:58:51+02:00] UE_SLOT_DONE timestamp=2026-08-21T21:58:51+00:00 active_ues=27 slot=8 attempt=1 ue_idx=8 ue_if=uesimtun8 ue_ip=10.45.1.10 port=5209 rc=0 replacements_for_slot=0 server_busy_retries_for_slot=0
[2026-08-21T23:58:51+02:00] UE_SLOT_DONE timestamp=2026-08-21T21:58:51+00:00 active_ues=27 slot=9 attempt=1 ue_idx=9 ue_if=uesimtun9 ue_ip=10.45.1.7 port=5210 rc=0 replacements_for_slot=0 server_busy_retries_for_slot=0
[2026-08-21T23:58:51+02:00] UE_SLOT_DONE timestamp=2026-08-21T21:58:51+00:00 active_ues=27 slot=10 attempt=1 ue_idx=10 ue_if=uesimtun10 ue_ip=10.45.1.14 port=5211 rc=0 replacements_for_slot=0 server_busy_retries_for_slot=0
[2026-08-21T23:58:51+02:00] UE_SLOT_DONE timestamp=2026-08-21T21:58:51+00:00 active_ues=27 slot=11 attempt=1 ue_idx=11 ue_if=uesimtun11 ue_ip=10.45.1.15 port=5212 rc=0 replacements_for_slot=0 server_busy_retries_for_slot=0
[2026-08-21T23:58:52+02:00] UPF_CONTROL_SAMPLE timestamp=2026-08-21T23:58:50+02:00 scenario=ue_27 pod=open5gs-upf-5b9db6d44-nsbqz uid=7b5b8ef7-a2a2-4fe9-a3e1-74acd17bd88f restarts=6 usage_cpu=410m usage_mem=35Mi request_cpu=379m request_mem=250Mi limit_cpu=none limit_mem=none vpa_target_cpu=410m vpa_target_mem=250Mi vpa_uncapped_cpu=410m vpa_uncapped_mem=250Mi vpa_lower_cpu=196m vpa_lower_mem=250Mi vpa_upper_cpu=1500m vpa_upper_mem=512Mi
[2026-08-21T23:58:52+02:00] UE_SLOT_DONE timestamp=2026-08-21T21:58:52+00:00 active_ues=27 slot=12 attempt=1 ue_idx=12 ue_if=uesimtun12 ue_ip=10.45.1.12 port=5213 rc=0 replacements_for_slot=0 server_busy_retries_for_slot=0
[2026-08-21T23:58:52+02:00] UE_SLOT_DONE timestamp=2026-08-21T21:58:52+00:00 active_ues=27 slot=13 attempt=1 ue_idx=13 ue_if=uesimtun13 ue_ip=10.45.1.18 port=5214 rc=0 replacements_for_slot=0 server_busy_retries_for_slot=0
[2026-08-21T23:58:52+02:00] UE_SLOT_DONE timestamp=2026-08-21T21:58:52+00:00 active_ues=27 slot=14 attempt=1 ue_idx=14 ue_if=uesimtun14 ue_ip=10.45.1.4 port=5215 rc=0 replacements_for_slot=0 server_busy_retries_for_slot=0
[2026-08-21T23:58:52+02:00] UE_SLOT_DONE timestamp=2026-08-21T21:58:52+00:00 active_ues=27 slot=15 attempt=1 ue_idx=15 ue_if=uesimtun15 ue_ip=10.45.1.19 port=5216 rc=0 replacements_for_slot=0 server_busy_retries_for_slot=0
[2026-08-21T23:58:53+02:00] UE_SLOT_DONE timestamp=2026-08-21T21:58:52+00:00 active_ues=27 slot=16 attempt=1 ue_idx=16 ue_if=uesimtun16 ue_ip=10.45.1.21 port=5217 rc=0 replacements_for_slot=0 server_busy_retries_for_slot=0
[2026-08-21T23:58:53+02:00] UE_SLOT_DONE timestamp=2026-08-21T21:58:53+00:00 active_ues=27 slot=17 attempt=1 ue_idx=17 ue_if=uesimtun17 ue_ip=10.45.1.22 port=5218 rc=0 replacements_for_slot=0 server_busy_retries_for_slot=0
[2026-08-21T23:58:53+02:00] UE_SLOT_DONE timestamp=2026-08-21T21:58:53+00:00 active_ues=27 slot=18 attempt=2 ue_idx=27 ue_if=uesimtun27 ue_ip=10.45.1.8 port=5251 rc=0 replacements_for_slot=1 server_busy_retries_for_slot=0
[2026-08-21T23:58:54+02:00] UE_SLOT_DONE timestamp=2026-08-21T21:58:54+00:00 active_ues=27 slot=19 attempt=1 ue_idx=19 ue_if=uesimtun19 ue_ip=10.45.1.27 port=5220 rc=0 replacements_for_slot=0 server_busy_retries_for_slot=0
[2026-08-21T23:58:54+02:00] UE_SLOT_DONE timestamp=2026-08-21T21:58:54+00:00 active_ues=27 slot=20 attempt=1 ue_idx=20 ue_if=uesimtun20 ue_ip=10.45.1.28 port=5221 rc=0 replacements_for_slot=0 server_busy_retries_for_slot=0
[2026-08-21T23:58:54+02:00] UE_SLOT_DONE timestamp=2026-08-21T21:58:54+00:00 active_ues=27 slot=21 attempt=1 ue_idx=21 ue_if=uesimtun21 ue_ip=10.45.1.29 port=5222 rc=0 replacements_for_slot=0 server_busy_retries_for_slot=0
[2026-08-21T23:58:54+02:00] UE_SLOT_DONE timestamp=2026-08-21T21:58:54+00:00 active_ues=27 slot=22 attempt=1 ue_idx=22 ue_if=uesimtun22 ue_ip=10.45.1.30 port=5223 rc=0 replacements_for_slot=0 server_busy_retries_for_slot=0
[2026-08-21T23:58:54+02:00] UE_SLOT_DONE timestamp=2026-08-21T21:58:54+00:00 active_ues=27 slot=23 attempt=1 ue_idx=23 ue_if=uesimtun23 ue_ip=10.45.1.34 port=5224 rc=0 replacements_for_slot=0 server_busy_retries_for_slot=0
[2026-08-21T23:58:54+02:00] UPF_CONTROL_SAMPLE timestamp=2026-08-21T23:58:53+02:00 scenario=ue_27 pod=open5gs-upf-5b9db6d44-nsbqz uid=7b5b8ef7-a2a2-4fe9-a3e1-74acd17bd88f restarts=6 usage_cpu=410m usage_mem=35Mi request_cpu=379m request_mem=250Mi limit_cpu=none limit_mem=none vpa_target_cpu=410m vpa_target_mem=250Mi vpa_uncapped_cpu=410m vpa_uncapped_mem=250Mi vpa_lower_cpu=196m vpa_lower_mem=250Mi vpa_upper_cpu=1500m vpa_upper_mem=512Mi
[2026-08-21T23:58:54+02:00] UE_SLOT_DONE timestamp=2026-08-21T21:58:54+00:00 active_ues=27 slot=24 attempt=1 ue_idx=24 ue_if=uesimtun24 ue_ip=10.45.1.32 port=5225 rc=0 replacements_for_slot=0 server_busy_retries_for_slot=0
[2026-08-21T23:58:55+02:00] UE_SLOT_DONE timestamp=2026-08-21T21:58:55+00:00 active_ues=27 slot=25 attempt=1 ue_idx=25 ue_if=uesimtun25 ue_ip=10.45.1.36 port=5226 rc=0 replacements_for_slot=0 server_busy_retries_for_slot=0
[2026-08-21T23:58:55+02:00] UE_SLOT_DONE timestamp=2026-08-21T21:58:55+00:00 active_ues=27 slot=26 attempt=1 ue_idx=26 ue_if=uesimtun26 ue_ip=10.45.1.40 port=5227 rc=0 replacements_for_slot=0 server_busy_retries_for_slot=0
[2026-08-21T23:58:56+02:00] UPF_CONTROL_SAMPLE timestamp=2026-08-21T23:58:55+02:00 scenario=ue_27 pod=open5gs-upf-5b9db6d44-nsbqz uid=7b5b8ef7-a2a2-4fe9-a3e1-74acd17bd88f restarts=6 usage_cpu=418m usage_mem=35Mi request_cpu=379m request_mem=250Mi limit_cpu=none limit_mem=none vpa_target_cpu=410m vpa_target_mem=250Mi vpa_uncapped_cpu=410m vpa_uncapped_mem=250Mi vpa_lower_cpu=196m vpa_lower_mem=250Mi vpa_upper_cpu=1500m vpa_upper_mem=512Mi
[2026-08-21T23:58:56+02:00] TRAFFIC_SUMMARY timestamp=2026-08-21T21:58:56+00:00 registered_tunnels=50 active_ues=27 target_slots=27 completed_slots=27 final_failed_slots=0 replacements=1 problematic_ues=1 zombie_ues=1 connect_timeouts=0 stalls=1 deferred_stalls=0 process_failures=0 server_busy_retries=0 server_busy_failures=0 late_timeouts_accepted=0 scenario_bad_ues=1 global_suspect_ues=1 used_ues=28 target_host=192.168.1.211 initial_ports=5201-5227 replacement_ports=5251-5265 bitrate=1M start_delay=0.05 detection=no_rx_counter replacement_min_duration_s=5 adaptive_extension_max_s=1 iperf_exit_grace_s=3 server_busy_retries_limit=1 server_busy_retry_delay_s=2 late_replacement_after_end=disabled wait_for_iperf_exit=until_timeout global_suspect_policy=soft_reuse ramp_supervision=after_initial_start
[2026-08-21T23:58:56+02:00] UE_POOL_SCENARIO_BAD_CURRENT timestamp=2026-08-21T21:58:56+00:00 active_ues=27 indexes=18
[2026-08-21T23:58:57+02:00] UE_POOL_GLOBAL_SUSPECT_CURRENT timestamp=2026-08-21T21:58:56+00:00 active_ues=27 indexes=18
[2026-08-21T23:58:57+02:00] REMOTE_IPERF_PER_UE_END timestamp=2026-08-21T21:58:57+00:00 active_ues=27 tag=ue_27 final_rc=0 completed_slots=27 replacements=1 problematic_ues=1 server_busy_retries=0 deferred_stalls=0 late_timeouts_accepted=0
[2026-08-21T23:58:57+02:00] SCENARIO TRAFFIC COMMAND END timestamp=2026-08-21T23:58:57+02:00 active_ue=27 rc=0
[2026-08-21T23:58:57+02:00] SCENARIO UPF AFTER timestamp=2026-08-21T23:58:57+02:00 active_ue=27 pod=open5gs-upf-5b9db6d44-nsbqz uid=7b5b8ef7-a2a2-4fe9-a3e1-74acd17bd88f restarts=6
[2026-08-21T23:58:57+02:00] SCENARIO END timestamp=2026-08-21T23:58:57+02:00 active_ue=27 rc=0
[2026-08-21T23:58:57+02:00] ================================================================
[2026-08-21T23:58:57+02:00] SCENARIO START timestamp=2026-08-21T23:58:57+02:00 active_ue=29 registered_ue_pool=50 target_host=192.168.1.211 ports=5201-5229 replacement_ports=5251-5265 bitrate_per_ue=1M start_delay=0.05 replacement_min_duration=5 adaptive_extension_max=1
[2026-08-21T23:58:57+02:00] ================================================================
[2026-08-21T23:58:58+02:00] SCENARIO TUNNEL CHECK timestamp=2026-08-21T23:58:58+02:00 active_ue=29 current_tunnels=50 required=50
[2026-08-21T23:58:58+02:00] SCENARIO UPF BEFORE timestamp=2026-08-21T23:58:58+02:00 active_ue=29 pod=open5gs-upf-5b9db6d44-nsbqz uid=7b5b8ef7-a2a2-4fe9-a3e1-74acd17bd88f restarts=6
[2026-08-21T23:58:59+02:00] UPF_CONTROL_SAMPLE timestamp=2026-08-21T23:58:57+02:00 scenario=ue_29 pod=open5gs-upf-5b9db6d44-nsbqz uid=7b5b8ef7-a2a2-4fe9-a3e1-74acd17bd88f restarts=6 usage_cpu=418m usage_mem=35Mi request_cpu=379m request_mem=250Mi limit_cpu=none limit_mem=none vpa_target_cpu=410m vpa_target_mem=250Mi vpa_uncapped_cpu=410m vpa_uncapped_mem=250Mi vpa_lower_cpu=196m vpa_lower_mem=250Mi vpa_upper_cpu=1500m vpa_upper_mem=512Mi
[2026-08-21T23:58:59+02:00] REMOTE_IPERF_PER_UE_START timestamp=2026-08-21T21:58:59+00:00 active_ues=29 tag=ue_29 iperf_host=192.168.1.211 base_port=5201 replacement_base_port=5251 duration=80 bitrate=1M start_delay=0.05 detection=no_rx_counter connect_timeout_s=4 stall_seconds=5 replacement_limit=15 replacement_min_duration_s=5 adaptive_extension_max_s=1 iperf_exit_grace_s=3 server_busy_port_rebinds=1 late_replacement_after_end=disabled wait_for_iperf_exit=until_timeout global_suspect_policy=soft_reuse ramp_supervision=after_initial_start
[2026-08-21T23:58:59+02:00] UE_POOL_STATUS timestamp=2026-08-21T21:58:59+00:00 active_ues=29 registered_tunnels=50 existing_global_suspect_ues=1 used_ues=0 policy=soft_reuse_global_suspects
[2026-08-21T23:58:59+02:00] UE_SLOT_ASSIGN timestamp=2026-08-21T21:58:59+00:00 active_ues=29 slot=0 ue_idx=0 ue_if=uesimtun0 ue_ip=10.45.0.252 candidate_reused_global_suspect=0
[2026-08-21T23:58:59+02:00] UE_SLOT_START timestamp=2026-08-21T21:58:59+00:00 active_ues=29 slot=0 attempt=1 ue_idx=0 ue_if=uesimtun0 ue_ip=10.45.0.252 target=192.168.1.211:5201 bitrate=1M duration_s=80 planned_end_epoch=1787349619 timeout_s=90 hard_timeout_epoch=1787349634 start_rx_bytes=1268967
[2026-08-21T23:58:59+02:00] UE_SLOT_PID timestamp=2026-08-21T21:58:59+00:00 active_ues=29 slot=0 attempt=1 ue_idx=0 pid=42992
[2026-08-21T23:58:59+02:00] UE_SLOT_ASSIGN timestamp=2026-08-21T21:58:59+00:00 active_ues=29 slot=1 ue_idx=1 ue_if=uesimtun1 ue_ip=10.45.0.253 candidate_reused_global_suspect=0
[2026-08-21T23:58:59+02:00] UE_SLOT_START timestamp=2026-08-21T21:58:59+00:00 active_ues=29 slot=1 attempt=1 ue_idx=1 ue_if=uesimtun1 ue_ip=10.45.0.253 target=192.168.1.211:5202 bitrate=1M duration_s=80 planned_end_epoch=1787349619 timeout_s=90 hard_timeout_epoch=1787349634 start_rx_bytes=1183658
[2026-08-21T23:58:59+02:00] UE_SLOT_PID timestamp=2026-08-21T21:58:59+00:00 active_ues=29 slot=1 attempt=1 ue_idx=1 pid=43017
[2026-08-21T23:59:00+02:00] UE_SLOT_ASSIGN timestamp=2026-08-21T21:58:59+00:00 active_ues=29 slot=2 ue_idx=2 ue_if=uesimtun2 ue_ip=10.45.0.254 candidate_reused_global_suspect=0
[2026-08-21T23:59:00+02:00] UE_SLOT_START timestamp=2026-08-21T21:59:00+00:00 active_ues=29 slot=2 attempt=1 ue_idx=2 ue_if=uesimtun2 ue_ip=10.45.0.254 target=192.168.1.211:5203 bitrate=1M duration_s=80 planned_end_epoch=1787349619 timeout_s=90 hard_timeout_epoch=1787349634 start_rx_bytes=1193030
[2026-08-21T23:59:00+02:00] UE_SLOT_PID timestamp=2026-08-21T21:59:00+00:00 active_ues=29 slot=2 attempt=1 ue_idx=2 pid=43042
[2026-08-21T23:59:00+02:00] UE_SLOT_ASSIGN timestamp=2026-08-21T21:59:00+00:00 active_ues=29 slot=3 ue_idx=3 ue_if=uesimtun3 ue_ip=10.45.1.0 candidate_reused_global_suspect=0
[2026-08-21T23:59:00+02:00] UE_SLOT_START timestamp=2026-08-21T21:59:00+00:00 active_ues=29 slot=3 attempt=1 ue_idx=3 ue_if=uesimtun3 ue_ip=10.45.1.0 target=192.168.1.211:5204 bitrate=1M duration_s=80 planned_end_epoch=1787349620 timeout_s=90 hard_timeout_epoch=1787349635 start_rx_bytes=1097356
[2026-08-21T23:59:00+02:00] UE_SLOT_PID timestamp=2026-08-21T21:59:00+00:00 active_ues=29 slot=3 attempt=1 ue_idx=3 pid=43067
[2026-08-21T23:59:00+02:00] UE_SLOT_ASSIGN timestamp=2026-08-21T21:59:00+00:00 active_ues=29 slot=4 ue_idx=4 ue_if=uesimtun4 ue_ip=10.45.1.1 candidate_reused_global_suspect=0
[2026-08-21T23:59:00+02:00] UE_SLOT_START timestamp=2026-08-21T21:59:00+00:00 active_ues=29 slot=4 attempt=1 ue_idx=4 ue_if=uesimtun4 ue_ip=10.45.1.1 target=192.168.1.211:5205 bitrate=1M duration_s=80 planned_end_epoch=1787349620 timeout_s=90 hard_timeout_epoch=1787349635 start_rx_bytes=1094875
[2026-08-21T23:59:00+02:00] UE_SLOT_PID timestamp=2026-08-21T21:59:00+00:00 active_ues=29 slot=4 attempt=1 ue_idx=4 pid=43092
[2026-08-21T23:59:00+02:00] UE_SLOT_ASSIGN timestamp=2026-08-21T21:59:00+00:00 active_ues=29 slot=5 ue_idx=5 ue_if=uesimtun5 ue_ip=10.45.1.3 candidate_reused_global_suspect=0
[2026-08-21T23:59:00+02:00] UE_SLOT_START timestamp=2026-08-21T21:59:00+00:00 active_ues=29 slot=5 attempt=1 ue_idx=5 ue_if=uesimtun5 ue_ip=10.45.1.3 target=192.168.1.211:5206 bitrate=1M duration_s=80 planned_end_epoch=1787349620 timeout_s=90 hard_timeout_epoch=1787349635 start_rx_bytes=975593
[2026-08-21T23:59:00+02:00] UE_SLOT_PID timestamp=2026-08-21T21:59:00+00:00 active_ues=29 slot=5 attempt=1 ue_idx=5 pid=43117
[2026-08-21T23:59:00+02:00] UE_SLOT_ASSIGN timestamp=2026-08-21T21:59:00+00:00 active_ues=29 slot=6 ue_idx=6 ue_if=uesimtun6 ue_ip=10.45.0.255 candidate_reused_global_suspect=0
[2026-08-21T23:59:00+02:00] UE_SLOT_START timestamp=2026-08-21T21:59:00+00:00 active_ues=29 slot=6 attempt=1 ue_idx=6 ue_if=uesimtun6 ue_ip=10.45.0.255 target=192.168.1.211:5207 bitrate=1M duration_s=80 planned_end_epoch=1787349620 timeout_s=90 hard_timeout_epoch=1787349635 start_rx_bytes=984475
[2026-08-21T23:59:00+02:00] UE_SLOT_PID timestamp=2026-08-21T21:59:00+00:00 active_ues=29 slot=6 attempt=1 ue_idx=6 pid=43142
[2026-08-21T23:59:01+02:00] UE_SLOT_ASSIGN timestamp=2026-08-21T21:59:01+00:00 active_ues=29 slot=7 ue_idx=7 ue_if=uesimtun7 ue_ip=10.45.1.6 candidate_reused_global_suspect=0
[2026-08-21T23:59:01+02:00] UE_SLOT_START timestamp=2026-08-21T21:59:01+00:00 active_ues=29 slot=7 attempt=1 ue_idx=7 ue_if=uesimtun7 ue_ip=10.45.1.6 target=192.168.1.211:5208 bitrate=1M duration_s=80 planned_end_epoch=1787349621 timeout_s=90 hard_timeout_epoch=1787349636 start_rx_bytes=887865
[2026-08-21T23:59:01+02:00] UE_SLOT_PID timestamp=2026-08-21T21:59:01+00:00 active_ues=29 slot=7 attempt=1 ue_idx=7 pid=43167
[2026-08-21T23:59:01+02:00] UE_SLOT_ASSIGN timestamp=2026-08-21T21:59:01+00:00 active_ues=29 slot=8 ue_idx=8 ue_if=uesimtun8 ue_ip=10.45.1.10 candidate_reused_global_suspect=0
[2026-08-21T23:59:01+02:00] UE_SLOT_START timestamp=2026-08-21T21:59:01+00:00 active_ues=29 slot=8 attempt=1 ue_idx=8 ue_if=uesimtun8 ue_ip=10.45.1.10 target=192.168.1.211:5209 bitrate=1M duration_s=80 planned_end_epoch=1787349621 timeout_s=90 hard_timeout_epoch=1787349636 start_rx_bytes=897169
[2026-08-21T23:59:01+02:00] UE_SLOT_PID timestamp=2026-08-21T21:59:01+00:00 active_ues=29 slot=8 attempt=1 ue_idx=8 pid=43192
[2026-08-21T23:59:01+02:00] UE_SLOT_ASSIGN timestamp=2026-08-21T21:59:01+00:00 active_ues=29 slot=9 ue_idx=9 ue_if=uesimtun9 ue_ip=10.45.1.7 candidate_reused_global_suspect=0
[2026-08-21T23:59:01+02:00] UPF_CONTROL_SAMPLE timestamp=2026-08-21T23:59:00+02:00 scenario=ue_29 pod=open5gs-upf-5b9db6d44-nsbqz uid=7b5b8ef7-a2a2-4fe9-a3e1-74acd17bd88f restarts=6 usage_cpu=418m usage_mem=35Mi request_cpu=379m request_mem=250Mi limit_cpu=none limit_mem=none vpa_target_cpu=410m vpa_target_mem=250Mi vpa_uncapped_cpu=410m vpa_uncapped_mem=250Mi vpa_lower_cpu=196m vpa_lower_mem=250Mi vpa_upper_cpu=1500m vpa_upper_mem=512Mi
[2026-08-21T23:59:01+02:00] UE_SLOT_START timestamp=2026-08-21T21:59:01+00:00 active_ues=29 slot=9 attempt=1 ue_idx=9 ue_if=uesimtun9 ue_ip=10.45.1.7 target=192.168.1.211:5210 bitrate=1M duration_s=80 planned_end_epoch=1787349621 timeout_s=90 hard_timeout_epoch=1787349636 start_rx_bytes=790987
[2026-08-21T23:59:01+02:00] UE_SLOT_PID timestamp=2026-08-21T21:59:01+00:00 active_ues=29 slot=9 attempt=1 ue_idx=9 pid=43217
[2026-08-21T23:59:01+02:00] UE_SLOT_ASSIGN timestamp=2026-08-21T21:59:01+00:00 active_ues=29 slot=10 ue_idx=10 ue_if=uesimtun10 ue_ip=10.45.1.14 candidate_reused_global_suspect=0
[2026-08-21T23:59:01+02:00] UE_SLOT_START timestamp=2026-08-21T21:59:01+00:00 active_ues=29 slot=10 attempt=1 ue_idx=10 ue_if=uesimtun10 ue_ip=10.45.1.14 target=192.168.1.211:5211 bitrate=1M duration_s=80 planned_end_epoch=1787349621 timeout_s=90 hard_timeout_epoch=1787349636 start_rx_bytes=802426
[2026-08-21T23:59:01+02:00] UE_SLOT_PID timestamp=2026-08-21T21:59:01+00:00 active_ues=29 slot=10 attempt=1 ue_idx=10 pid=43242
[2026-08-21T23:59:02+02:00] UE_SLOT_ASSIGN timestamp=2026-08-21T21:59:01+00:00 active_ues=29 slot=11 ue_idx=11 ue_if=uesimtun11 ue_ip=10.45.1.15 candidate_reused_global_suspect=0
[2026-08-21T23:59:02+02:00] UE_SLOT_START timestamp=2026-08-21T21:59:02+00:00 active_ues=29 slot=11 attempt=1 ue_idx=11 ue_if=uesimtun11 ue_ip=10.45.1.15 target=192.168.1.211:5212 bitrate=1M duration_s=80 planned_end_epoch=1787349621 timeout_s=90 hard_timeout_epoch=1787349636 start_rx_bytes=747519
[2026-08-21T23:59:02+02:00] UE_SLOT_PID timestamp=2026-08-21T21:59:02+00:00 active_ues=29 slot=11 attempt=1 ue_idx=11 pid=43267
[2026-08-21T23:59:02+02:00] UE_SLOT_ASSIGN timestamp=2026-08-21T21:59:02+00:00 active_ues=29 slot=12 ue_idx=12 ue_if=uesimtun12 ue_ip=10.45.1.12 candidate_reused_global_suspect=0
[2026-08-21T23:59:02+02:00] UE_SLOT_START timestamp=2026-08-21T21:59:02+00:00 active_ues=29 slot=12 attempt=1 ue_idx=12 ue_if=uesimtun12 ue_ip=10.45.1.12 target=192.168.1.211:5213 bitrate=1M duration_s=80 planned_end_epoch=1787349622 timeout_s=90 hard_timeout_epoch=1787349637 start_rx_bytes=735718
[2026-08-21T23:59:02+02:00] UE_SLOT_PID timestamp=2026-08-21T21:59:02+00:00 active_ues=29 slot=12 attempt=1 ue_idx=12 pid=43292
[2026-08-21T23:59:02+02:00] UE_SLOT_ASSIGN timestamp=2026-08-21T21:59:02+00:00 active_ues=29 slot=13 ue_idx=13 ue_if=uesimtun13 ue_ip=10.45.1.18 candidate_reused_global_suspect=0
[2026-08-21T23:59:02+02:00] UE_SLOT_START timestamp=2026-08-21T21:59:02+00:00 active_ues=29 slot=13 attempt=1 ue_idx=13 ue_if=uesimtun13 ue_ip=10.45.1.18 target=192.168.1.211:5214 bitrate=1M duration_s=80 planned_end_epoch=1787349622 timeout_s=90 hard_timeout_epoch=1787349637 start_rx_bytes=645530
[2026-08-21T23:59:02+02:00] UE_SLOT_PID timestamp=2026-08-21T21:59:02+00:00 active_ues=29 slot=13 attempt=1 ue_idx=13 pid=43317
[2026-08-21T23:59:02+02:00] UE_SLOT_ASSIGN timestamp=2026-08-21T21:59:02+00:00 active_ues=29 slot=14 ue_idx=14 ue_if=uesimtun14 ue_ip=10.45.1.4 candidate_reused_global_suspect=0
[2026-08-21T23:59:02+02:00] UE_SLOT_START timestamp=2026-08-21T21:59:02+00:00 active_ues=29 slot=14 attempt=1 ue_idx=14 ue_if=uesimtun14 ue_ip=10.45.1.4 target=192.168.1.211:5215 bitrate=1M duration_s=80 planned_end_epoch=1787349622 timeout_s=90 hard_timeout_epoch=1787349637 start_rx_bytes=649279
[2026-08-21T23:59:02+02:00] UE_SLOT_PID timestamp=2026-08-21T21:59:02+00:00 active_ues=29 slot=14 attempt=1 ue_idx=14 pid=43342
[2026-08-21T23:59:02+02:00] UE_SLOT_ASSIGN timestamp=2026-08-21T21:59:02+00:00 active_ues=29 slot=15 ue_idx=15 ue_if=uesimtun15 ue_ip=10.45.1.19 candidate_reused_global_suspect=0
[2026-08-21T23:59:03+02:00] UE_SLOT_START timestamp=2026-08-21T21:59:02+00:00 active_ues=29 slot=15 attempt=1 ue_idx=15 ue_if=uesimtun15 ue_ip=10.45.1.19 target=192.168.1.211:5216 bitrate=1M duration_s=80 planned_end_epoch=1787349622 timeout_s=90 hard_timeout_epoch=1787349637 start_rx_bytes=532964
[2026-08-21T23:59:03+02:00] UE_SLOT_PID timestamp=2026-08-21T21:59:03+00:00 active_ues=29 slot=15 attempt=1 ue_idx=15 pid=43367
[2026-08-21T23:59:03+02:00] UE_SLOT_ASSIGN timestamp=2026-08-21T21:59:03+00:00 active_ues=29 slot=16 ue_idx=16 ue_if=uesimtun16 ue_ip=10.45.1.21 candidate_reused_global_suspect=0
[2026-08-21T23:59:03+02:00] UE_SLOT_START timestamp=2026-08-21T21:59:03+00:00 active_ues=29 slot=16 attempt=1 ue_idx=16 ue_if=uesimtun16 ue_ip=10.45.1.21 target=192.168.1.211:5217 bitrate=1M duration_s=80 planned_end_epoch=1787349623 timeout_s=90 hard_timeout_epoch=1787349638 start_rx_bytes=531567
[2026-08-21T23:59:03+02:00] UE_SLOT_PID timestamp=2026-08-21T21:59:03+00:00 active_ues=29 slot=16 attempt=1 ue_idx=16 pid=43392
[2026-08-21T23:59:03+02:00] UE_SLOT_ASSIGN timestamp=2026-08-21T21:59:03+00:00 active_ues=29 slot=17 ue_idx=17 ue_if=uesimtun17 ue_ip=10.45.1.22 candidate_reused_global_suspect=0
[2026-08-21T23:59:03+02:00] UE_SLOT_START timestamp=2026-08-21T21:59:03+00:00 active_ues=29 slot=17 attempt=1 ue_idx=17 ue_if=uesimtun17 ue_ip=10.45.1.22 target=192.168.1.211:5218 bitrate=1M duration_s=80 planned_end_epoch=1787349623 timeout_s=90 hard_timeout_epoch=1787349638 start_rx_bytes=453840
[2026-08-21T23:59:03+02:00] UE_SLOT_PID timestamp=2026-08-21T21:59:03+00:00 active_ues=29 slot=17 attempt=1 ue_idx=17 pid=43417
[2026-08-21T23:59:03+02:00] UE_SLOT_ASSIGN timestamp=2026-08-21T21:59:03+00:00 active_ues=29 slot=18 ue_idx=19 ue_if=uesimtun19 ue_ip=10.45.1.27 candidate_reused_global_suspect=0
[2026-08-21T23:59:03+02:00] UE_SLOT_START timestamp=2026-08-21T21:59:03+00:00 active_ues=29 slot=18 attempt=1 ue_idx=19 ue_if=uesimtun19 ue_ip=10.45.1.27 target=192.168.1.211:5219 bitrate=1M duration_s=80 planned_end_epoch=1787349623 timeout_s=90 hard_timeout_epoch=1787349638 start_rx_bytes=356396
[2026-08-21T23:59:03+02:00] UE_SLOT_PID timestamp=2026-08-21T21:59:03+00:00 active_ues=29 slot=18 attempt=1 ue_idx=19 pid=43442
[2026-08-21T23:59:03+02:00] UE_SLOT_ASSIGN timestamp=2026-08-21T21:59:03+00:00 active_ues=29 slot=19 ue_idx=20 ue_if=uesimtun20 ue_ip=10.45.1.28 candidate_reused_global_suspect=0
[2026-08-21T23:59:03+02:00] UPF_CONTROL_SAMPLE timestamp=2026-08-21T23:59:02+02:00 scenario=ue_29 pod=open5gs-upf-5b9db6d44-nsbqz uid=7b5b8ef7-a2a2-4fe9-a3e1-74acd17bd88f restarts=6 usage_cpu=418m usage_mem=35Mi request_cpu=379m request_mem=250Mi limit_cpu=none limit_mem=none vpa_target_cpu=410m vpa_target_mem=250Mi vpa_uncapped_cpu=410m vpa_uncapped_mem=250Mi vpa_lower_cpu=196m vpa_lower_mem=250Mi vpa_upper_cpu=1500m vpa_upper_mem=512Mi
[2026-08-21T23:59:03+02:00] UE_SLOT_START timestamp=2026-08-21T21:59:03+00:00 active_ues=29 slot=19 attempt=1 ue_idx=20 ue_if=uesimtun20 ue_ip=10.45.1.28 target=192.168.1.211:5220 bitrate=1M duration_s=80 planned_end_epoch=1787349623 timeout_s=90 hard_timeout_epoch=1787349638 start_rx_bytes=369783
[2026-08-21T23:59:03+02:00] UE_SLOT_PID timestamp=2026-08-21T21:59:03+00:00 active_ues=29 slot=19 attempt=1 ue_idx=20 pid=43467
[2026-08-21T23:59:04+02:00] UE_SLOT_ASSIGN timestamp=2026-08-21T21:59:04+00:00 active_ues=29 slot=20 ue_idx=21 ue_if=uesimtun21 ue_ip=10.45.1.29 candidate_reused_global_suspect=0
[2026-08-21T23:59:04+02:00] UE_SLOT_START timestamp=2026-08-21T21:59:04+00:00 active_ues=29 slot=20 attempt=1 ue_idx=21 ue_if=uesimtun21 ue_ip=10.45.1.29 target=192.168.1.211:5221 bitrate=1M duration_s=80 planned_end_epoch=1787349624 timeout_s=90 hard_timeout_epoch=1787349639 start_rx_bytes=281540
[2026-08-21T23:59:04+02:00] UE_SLOT_PID timestamp=2026-08-21T21:59:04+00:00 active_ues=29 slot=20 attempt=1 ue_idx=21 pid=43492
[2026-08-21T23:59:04+02:00] UE_SLOT_ASSIGN timestamp=2026-08-21T21:59:04+00:00 active_ues=29 slot=21 ue_idx=22 ue_if=uesimtun22 ue_ip=10.45.1.30 candidate_reused_global_suspect=0
[2026-08-21T23:59:04+02:00] UE_SLOT_START timestamp=2026-08-21T21:59:04+00:00 active_ues=29 slot=21 attempt=1 ue_idx=22 ue_if=uesimtun22 ue_ip=10.45.1.30 target=192.168.1.211:5222 bitrate=1M duration_s=80 planned_end_epoch=1787349624 timeout_s=90 hard_timeout_epoch=1787349639 start_rx_bytes=273537
[2026-08-21T23:59:04+02:00] UE_SLOT_PID timestamp=2026-08-21T21:59:04+00:00 active_ues=29 slot=21 attempt=1 ue_idx=22 pid=43517
[2026-08-21T23:59:04+02:00] UE_SLOT_ASSIGN timestamp=2026-08-21T21:59:04+00:00 active_ues=29 slot=22 ue_idx=23 ue_if=uesimtun23 ue_ip=10.45.1.34 candidate_reused_global_suspect=0
[2026-08-21T23:59:04+02:00] UE_SLOT_START timestamp=2026-08-21T21:59:04+00:00 active_ues=29 slot=22 attempt=1 ue_idx=23 ue_if=uesimtun23 ue_ip=10.45.1.34 target=192.168.1.211:5223 bitrate=1M duration_s=80 planned_end_epoch=1787349624 timeout_s=90 hard_timeout_epoch=1787349639 start_rx_bytes=183626
[2026-08-21T23:59:04+02:00] UE_SLOT_PID timestamp=2026-08-21T21:59:04+00:00 active_ues=29 slot=22 attempt=1 ue_idx=23 pid=43542
[2026-08-21T23:59:04+02:00] UE_SLOT_ASSIGN timestamp=2026-08-21T21:59:04+00:00 active_ues=29 slot=23 ue_idx=24 ue_if=uesimtun24 ue_ip=10.45.1.32 candidate_reused_global_suspect=0
[2026-08-21T23:59:05+02:00] UE_SLOT_START timestamp=2026-08-21T21:59:04+00:00 active_ues=29 slot=23 attempt=1 ue_idx=24 ue_if=uesimtun24 ue_ip=10.45.1.32 target=192.168.1.211:5224 bitrate=1M duration_s=80 planned_end_epoch=1787349624 timeout_s=90 hard_timeout_epoch=1787349639 start_rx_bytes=184355
[2026-08-21T23:59:05+02:00] UE_SLOT_PID timestamp=2026-08-21T21:59:05+00:00 active_ues=29 slot=23 attempt=1 ue_idx=24 pid=43567
[2026-08-21T23:59:05+02:00] UE_SLOT_ASSIGN timestamp=2026-08-21T21:59:05+00:00 active_ues=29 slot=24 ue_idx=25 ue_if=uesimtun25 ue_ip=10.45.1.36 candidate_reused_global_suspect=0
[2026-08-21T23:59:05+02:00] UE_SLOT_START timestamp=2026-08-21T21:59:05+00:00 active_ues=29 slot=24 attempt=1 ue_idx=25 ue_if=uesimtun25 ue_ip=10.45.1.36 target=192.168.1.211:5225 bitrate=1M duration_s=80 planned_end_epoch=1787349625 timeout_s=90 hard_timeout_epoch=1787349640 start_rx_bytes=92993
[2026-08-21T23:59:05+02:00] UE_SLOT_PID timestamp=2026-08-21T21:59:05+00:00 active_ues=29 slot=24 attempt=1 ue_idx=25 pid=43592
[2026-08-21T23:59:05+02:00] UE_SLOT_ASSIGN timestamp=2026-08-21T21:59:05+00:00 active_ues=29 slot=25 ue_idx=26 ue_if=uesimtun26 ue_ip=10.45.1.40 candidate_reused_global_suspect=0
[2026-08-21T23:59:05+02:00] UE_SLOT_START timestamp=2026-08-21T21:59:05+00:00 active_ues=29 slot=25 attempt=1 ue_idx=26 ue_if=uesimtun26 ue_ip=10.45.1.40 target=192.168.1.211:5226 bitrate=1M duration_s=80 planned_end_epoch=1787349625 timeout_s=90 hard_timeout_epoch=1787349640 start_rx_bytes=104887
[2026-08-21T23:59:05+02:00] UE_SLOT_PID timestamp=2026-08-21T21:59:05+00:00 active_ues=29 slot=25 attempt=1 ue_idx=26 pid=43617
[2026-08-21T23:59:05+02:00] UE_SLOT_ASSIGN timestamp=2026-08-21T21:59:05+00:00 active_ues=29 slot=26 ue_idx=27 ue_if=uesimtun27 ue_ip=10.45.1.8 candidate_reused_global_suspect=0
[2026-08-21T23:59:05+02:00] UE_SLOT_START timestamp=2026-08-21T21:59:05+00:00 active_ues=29 slot=26 attempt=1 ue_idx=27 ue_if=uesimtun27 ue_ip=10.45.1.8 target=192.168.1.211:5227 bitrate=1M duration_s=80 planned_end_epoch=1787349625 timeout_s=90 hard_timeout_epoch=1787349640 start_rx_bytes=11559
[2026-08-21T23:59:05+02:00] UE_SLOT_PID timestamp=2026-08-21T21:59:05+00:00 active_ues=29 slot=26 attempt=1 ue_idx=27 pid=43642
[2026-08-21T23:59:06+02:00] UE_SLOT_ASSIGN timestamp=2026-08-21T21:59:06+00:00 active_ues=29 slot=27 ue_idx=28 ue_if=uesimtun28 ue_ip=10.45.1.11 candidate_reused_global_suspect=0
[2026-08-21T23:59:06+02:00] UE_SLOT_START timestamp=2026-08-21T21:59:06+00:00 active_ues=29 slot=27 attempt=1 ue_idx=28 ue_if=uesimtun28 ue_ip=10.45.1.11 target=192.168.1.211:5228 bitrate=1M duration_s=80 planned_end_epoch=1787349626 timeout_s=90 hard_timeout_epoch=1787349641 start_rx_bytes=0
[2026-08-21T23:59:06+02:00] UE_SLOT_PID timestamp=2026-08-21T21:59:06+00:00 active_ues=29 slot=27 attempt=1 ue_idx=28 pid=43667
[2026-08-21T23:59:06+02:00] UPF_CONTROL_SAMPLE timestamp=2026-08-21T23:59:04+02:00 scenario=ue_29 pod=open5gs-upf-5b9db6d44-nsbqz uid=7b5b8ef7-a2a2-4fe9-a3e1-74acd17bd88f restarts=6 usage_cpu=418m usage_mem=35Mi request_cpu=379m request_mem=250Mi limit_cpu=none limit_mem=none vpa_target_cpu=410m vpa_target_mem=250Mi vpa_uncapped_cpu=410m vpa_uncapped_mem=250Mi vpa_lower_cpu=196m vpa_lower_mem=250Mi vpa_upper_cpu=1500m vpa_upper_mem=512Mi
[2026-08-21T23:59:06+02:00] UE_SLOT_ASSIGN timestamp=2026-08-21T21:59:06+00:00 active_ues=29 slot=28 ue_idx=29 ue_if=uesimtun29 ue_ip=10.45.1.16 candidate_reused_global_suspect=0
[2026-08-21T23:59:06+02:00] UE_SLOT_START timestamp=2026-08-21T21:59:06+00:00 active_ues=29 slot=28 attempt=1 ue_idx=29 ue_if=uesimtun29 ue_ip=10.45.1.16 target=192.168.1.211:5229 bitrate=1M duration_s=80 planned_end_epoch=1787349626 timeout_s=90 hard_timeout_epoch=1787349641 start_rx_bytes=0
[2026-08-21T23:59:06+02:00] UE_SLOT_PID timestamp=2026-08-21T21:59:06+00:00 active_ues=29 slot=28 attempt=1 ue_idx=29 pid=43692
[2026-08-21T23:59:06+02:00] IPERF_MAPPING_SUMMARY timestamp=2026-08-21T21:59:06+00:00 active_ues=29 registered_tunnels=50 initial_ports=5201-5229 replacement_ports=5251-5265 bitrate=1M start_delay=0.05 detection=no_rx_counter replacement_min_duration_s=5 adaptive_extension_max_s=1 iperf_exit_grace_s=3 server_busy_port_rebinds=1 late_replacement_after_end=disabled wait_for_iperf_exit=until_timeout global_suspect_policy=soft_reuse ramp_supervision=after_initial_start
[2026-08-21T23:59:07+02:00] UE_SLOT_PROCESS_FAILURE timestamp=2026-08-21T21:59:07+00:00 active_ues=29 slot=18 attempt=1 ue_idx=19 ue_if=uesimtun19 ue_ip=10.45.1.27 port=5219 rc=1 elapsed_s=4 end_overrun_s=-76
[2026-08-21T23:59:07+02:00] FAILED_CLIENT_LOG_BEGIN slot=18 logfile=/tmp/upf_iperf_adaptive_20260821_233622_ue_29/slot_18_attempt_1_ue_19_port_5219.log
[2026-08-21T23:59:07+02:00] iperf3: error - the server is busy running a test. try again later
[2026-08-21T23:59:07+02:00] FAILED_CLIENT_LOG_END slot=18 logfile=/tmp/upf_iperf_adaptive_20260821_233622_ue_29/slot_18_attempt_1_ue_19_port_5219.log
[2026-08-21T23:59:07+02:00] UE_SLOT_SERVER_BUSY_PORT_REBIND timestamp=2026-08-21T21:59:07+00:00 active_ues=29 slot=18 ue_idx=19 ue_if=uesimtun19 ue_ip=10.45.1.27 old_port=5219 new_port=5251 rebind=1 limit=1 remaining_s=76 note=same_ue_no_blacklist_no_ue_replacement
[2026-08-21T23:59:07+02:00] UE_SLOT_START timestamp=2026-08-21T21:59:07+00:00 active_ues=29 slot=18 attempt=2 ue_idx=19 ue_if=uesimtun19 ue_ip=10.45.1.27 target=192.168.1.211:5251 bitrate=1M duration_s=76 planned_end_epoch=1787349623 timeout_s=86 hard_timeout_epoch=1787349638 start_rx_bytes=356613
[2026-08-21T23:59:07+02:00] UE_SLOT_PID timestamp=2026-08-21T21:59:07+00:00 active_ues=29 slot=18 attempt=2 ue_idx=19 pid=43774
[2026-08-21T23:59:08+02:00] UPF_CONTROL_SAMPLE timestamp=2026-08-21T23:59:07+02:00 scenario=ue_29 pod=open5gs-upf-5b9db6d44-nsbqz uid=7b5b8ef7-a2a2-4fe9-a3e1-74acd17bd88f restarts=6 usage_cpu=418m usage_mem=35Mi request_cpu=379m request_mem=250Mi limit_cpu=none limit_mem=none vpa_target_cpu=410m vpa_target_mem=250Mi vpa_uncapped_cpu=410m vpa_uncapped_mem=250Mi vpa_lower_cpu=196m vpa_lower_mem=250Mi vpa_upper_cpu=1500m vpa_upper_mem=512Mi
[2026-08-21T23:59:10+02:00] UPF_CONTROL_SAMPLE timestamp=2026-08-21T23:59:09+02:00 scenario=ue_29 pod=open5gs-upf-5b9db6d44-nsbqz uid=7b5b8ef7-a2a2-4fe9-a3e1-74acd17bd88f restarts=6 usage_cpu=278m usage_mem=35Mi request_cpu=379m request_mem=250Mi limit_cpu=none limit_mem=none vpa_target_cpu=410m vpa_target_mem=250Mi vpa_uncapped_cpu=410m vpa_uncapped_mem=250Mi vpa_lower_cpu=196m vpa_lower_mem=250Mi vpa_upper_cpu=1500m vpa_upper_mem=512Mi
[2026-08-21T23:59:13+02:00] UPF_CONTROL_SAMPLE timestamp=2026-08-21T23:59:12+02:00 scenario=ue_29 pod=open5gs-upf-5b9db6d44-nsbqz uid=7b5b8ef7-a2a2-4fe9-a3e1-74acd17bd88f restarts=6 usage_cpu=278m usage_mem=35Mi request_cpu=379m request_mem=250Mi limit_cpu=none limit_mem=none vpa_target_cpu=410m vpa_target_mem=250Mi vpa_uncapped_cpu=410m vpa_uncapped_mem=250Mi vpa_lower_cpu=196m vpa_lower_mem=250Mi vpa_upper_cpu=1500m vpa_upper_mem=512Mi
[2026-08-21T23:59:15+02:00] UPF_CONTROL_SAMPLE timestamp=2026-08-21T23:59:14+02:00 scenario=ue_29 pod=open5gs-upf-5b9db6d44-nsbqz uid=7b5b8ef7-a2a2-4fe9-a3e1-74acd17bd88f restarts=6 usage_cpu=278m usage_mem=35Mi request_cpu=379m request_mem=250Mi limit_cpu=none limit_mem=none vpa_target_cpu=410m vpa_target_mem=250Mi vpa_uncapped_cpu=410m vpa_uncapped_mem=250Mi vpa_lower_cpu=196m vpa_lower_mem=250Mi vpa_upper_cpu=1500m vpa_upper_mem=512Mi
[2026-08-21T23:59:17+02:00] UPF_CONTROL_SAMPLE timestamp=2026-08-21T23:59:16+02:00 scenario=ue_29 pod=open5gs-upf-5b9db6d44-nsbqz uid=7b5b8ef7-a2a2-4fe9-a3e1-74acd17bd88f restarts=6 usage_cpu=278m usage_mem=35Mi request_cpu=379m request_mem=250Mi limit_cpu=none limit_mem=none vpa_target_cpu=410m vpa_target_mem=250Mi vpa_uncapped_cpu=410m vpa_uncapped_mem=250Mi vpa_lower_cpu=196m vpa_lower_mem=250Mi vpa_upper_cpu=1500m vpa_upper_mem=512Mi
[2026-08-21T23:59:20+02:00] UPF_CONTROL_SAMPLE timestamp=2026-08-21T23:59:18+02:00 scenario=ue_29 pod=open5gs-upf-5b9db6d44-nsbqz uid=7b5b8ef7-a2a2-4fe9-a3e1-74acd17bd88f restarts=6 usage_cpu=278m usage_mem=35Mi request_cpu=379m request_mem=250Mi limit_cpu=none limit_mem=none vpa_target_cpu=410m vpa_target_mem=250Mi vpa_uncapped_cpu=410m vpa_uncapped_mem=250Mi vpa_lower_cpu=196m vpa_lower_mem=250Mi vpa_upper_cpu=1500m vpa_upper_mem=512Mi
[2026-08-21T23:59:22+02:00] UPF_CONTROL_SAMPLE timestamp=2026-08-21T23:59:21+02:00 scenario=ue_29 pod=open5gs-upf-5b9db6d44-nsbqz uid=7b5b8ef7-a2a2-4fe9-a3e1-74acd17bd88f restarts=6 usage_cpu=278m usage_mem=35Mi request_cpu=379m request_mem=250Mi limit_cpu=none limit_mem=none vpa_target_cpu=410m vpa_target_mem=250Mi vpa_uncapped_cpu=410m vpa_uncapped_mem=250Mi vpa_lower_cpu=196m vpa_lower_mem=250Mi vpa_upper_cpu=1500m vpa_upper_mem=512Mi
[2026-08-21T23:59:24+02:00] UPF_CONTROL_SAMPLE timestamp=2026-08-21T23:59:23+02:00 scenario=ue_29 pod=open5gs-upf-5b9db6d44-nsbqz uid=7b5b8ef7-a2a2-4fe9-a3e1-74acd17bd88f restarts=6 usage_cpu=278m usage_mem=35Mi request_cpu=379m request_mem=250Mi limit_cpu=none limit_mem=none vpa_target_cpu=410m vpa_target_mem=250Mi vpa_uncapped_cpu=410m vpa_uncapped_mem=250Mi vpa_lower_cpu=196m vpa_lower_mem=250Mi vpa_upper_cpu=1500m vpa_upper_mem=512Mi
[2026-08-21T23:59:26+02:00] UPF_CONTROL_SAMPLE timestamp=2026-08-21T23:59:25+02:00 scenario=ue_29 pod=open5gs-upf-5b9db6d44-nsbqz uid=7b5b8ef7-a2a2-4fe9-a3e1-74acd17bd88f restarts=6 usage_cpu=278m usage_mem=35Mi request_cpu=379m request_mem=250Mi limit_cpu=none limit_mem=none vpa_target_cpu=410m vpa_target_mem=250Mi vpa_uncapped_cpu=410m vpa_uncapped_mem=250Mi vpa_lower_cpu=196m vpa_lower_mem=250Mi vpa_upper_cpu=1500m vpa_upper_mem=512Mi
[2026-08-21T23:59:29+02:00] UPF_CONTROL_SAMPLE timestamp=2026-08-21T23:59:27+02:00 scenario=ue_29 pod=open5gs-upf-5b9db6d44-nsbqz uid=7b5b8ef7-a2a2-4fe9-a3e1-74acd17bd88f restarts=6 usage_cpu=278m usage_mem=35Mi request_cpu=379m request_mem=250Mi limit_cpu=none limit_mem=none vpa_target_cpu=410m vpa_target_mem=250Mi vpa_uncapped_cpu=410m vpa_uncapped_mem=250Mi vpa_lower_cpu=196m vpa_lower_mem=250Mi vpa_upper_cpu=1500m vpa_upper_mem=512Mi
[2026-08-21T23:59:31+02:00] UPF_CONTROL_SAMPLE timestamp=2026-08-21T23:59:30+02:00 scenario=ue_29 pod=open5gs-upf-5b9db6d44-nsbqz uid=7b5b8ef7-a2a2-4fe9-a3e1-74acd17bd88f restarts=6 usage_cpu=278m usage_mem=35Mi request_cpu=379m request_mem=250Mi limit_cpu=none limit_mem=none vpa_target_cpu=410m vpa_target_mem=250Mi vpa_uncapped_cpu=410m vpa_uncapped_mem=250Mi vpa_lower_cpu=196m vpa_lower_mem=250Mi vpa_upper_cpu=1500m vpa_upper_mem=512Mi
[2026-08-21T23:59:33+02:00] UPF_CONTROL_SAMPLE timestamp=2026-08-21T23:59:32+02:00 scenario=ue_29 pod=open5gs-upf-5b9db6d44-nsbqz uid=7b5b8ef7-a2a2-4fe9-a3e1-74acd17bd88f restarts=6 usage_cpu=278m usage_mem=35Mi request_cpu=379m request_mem=250Mi limit_cpu=none limit_mem=none vpa_target_cpu=410m vpa_target_mem=250Mi vpa_uncapped_cpu=410m vpa_uncapped_mem=250Mi vpa_lower_cpu=196m vpa_lower_mem=250Mi vpa_upper_cpu=1500m vpa_upper_mem=512Mi
[2026-08-21T23:59:36+02:00] VPA_RECOMMENDATION_CHANGE timestamp=2026-08-21T23:59:34+02:00 scenario=ue_29 old='vpa_target_cpu=410m vpa_target_mem=250Mi vpa_uncapped_cpu=410m vpa_uncapped_mem=250Mi vpa_lower_cpu=196m vpa_lower_mem=250Mi vpa_upper_cpu=1500m vpa_upper_mem=512Mi' new='vpa_target_cpu=410m vpa_target_mem=250Mi vpa_uncapped_cpu=410m vpa_uncapped_mem=250Mi vpa_lower_cpu=197m vpa_lower_mem=250Mi vpa_upper_cpu=1500m vpa_upper_mem=512Mi' previous_5s_sample='timestamp=2026-08-21T23:59:27+02:00 scenario=ue_29 pod=open5gs-upf-5b9db6d44-nsbqz uid=7b5b8ef7-a2a2-4fe9-a3e1-74acd17bd88f restarts=6 usage_cpu=278m usage_mem=35Mi request_cpu=379m request_mem=250Mi limit_cpu=none limit_mem=none vpa_target_cpu=410m vpa_target_mem=250Mi vpa_uncapped_cpu=410m vpa_uncapped_mem=250Mi vpa_lower_cpu=196m vpa_lower_mem=250Mi vpa_upper_cpu=1500m vpa_upper_mem=512Mi' current_sample='timestamp=2026-08-21T23:59:34+02:00 scenario=ue_29 pod=open5gs-upf-5b9db6d44-nsbqz uid=7b5b8ef7-a2a2-4fe9-a3e1-74acd17bd88f restarts=6 usage_cpu=278m usage_mem=35Mi request_cpu=379m request_mem=250Mi limit_cpu=none limit_mem=none vpa_target_cpu=410m vpa_target_mem=250Mi vpa_uncapped_cpu=410m vpa_uncapped_mem=250Mi vpa_lower_cpu=197m vpa_lower_mem=250Mi vpa_upper_cpu=1500m vpa_upper_mem=512Mi'
[2026-08-21T23:59:36+02:00] UPF_CONTROL_SAMPLE timestamp=2026-08-21T23:59:34+02:00 scenario=ue_29 pod=open5gs-upf-5b9db6d44-nsbqz uid=7b5b8ef7-a2a2-4fe9-a3e1-74acd17bd88f restarts=6 usage_cpu=278m usage_mem=35Mi request_cpu=379m request_mem=250Mi limit_cpu=none limit_mem=none vpa_target_cpu=410m vpa_target_mem=250Mi vpa_uncapped_cpu=410m vpa_uncapped_mem=250Mi vpa_lower_cpu=197m vpa_lower_mem=250Mi vpa_upper_cpu=1500m vpa_upper_mem=512Mi
[2026-08-21T23:59:38+02:00] UPF_CONTROL_SAMPLE timestamp=2026-08-21T23:59:37+02:00 scenario=ue_29 pod=open5gs-upf-5b9db6d44-nsbqz uid=7b5b8ef7-a2a2-4fe9-a3e1-74acd17bd88f restarts=6 usage_cpu=278m usage_mem=35Mi request_cpu=379m request_mem=250Mi limit_cpu=none limit_mem=none vpa_target_cpu=410m vpa_target_mem=250Mi vpa_uncapped_cpu=410m vpa_uncapped_mem=250Mi vpa_lower_cpu=197m vpa_lower_mem=250Mi vpa_upper_cpu=1500m vpa_upper_mem=512Mi
[2026-08-21T23:59:40+02:00] UPF_CONTROL_SAMPLE timestamp=2026-08-21T23:59:39+02:00 scenario=ue_29 pod=open5gs-upf-5b9db6d44-nsbqz uid=7b5b8ef7-a2a2-4fe9-a3e1-74acd17bd88f restarts=6 usage_cpu=278m usage_mem=35Mi request_cpu=379m request_mem=250Mi limit_cpu=none limit_mem=none vpa_target_cpu=410m vpa_target_mem=250Mi vpa_uncapped_cpu=410m vpa_uncapped_mem=250Mi vpa_lower_cpu=197m vpa_lower_mem=250Mi vpa_upper_cpu=1500m vpa_upper_mem=512Mi
[2026-08-21T23:59:42+02:00] UPF_CONTROL_SAMPLE timestamp=2026-08-21T23:59:41+02:00 scenario=ue_29 pod=open5gs-upf-5b9db6d44-nsbqz uid=7b5b8ef7-a2a2-4fe9-a3e1-74acd17bd88f restarts=6 usage_cpu=425m usage_mem=35Mi request_cpu=379m request_mem=250Mi limit_cpu=none limit_mem=none vpa_target_cpu=410m vpa_target_mem=250Mi vpa_uncapped_cpu=410m vpa_uncapped_mem=250Mi vpa_lower_cpu=197m vpa_lower_mem=250Mi vpa_upper_cpu=1500m vpa_upper_mem=512Mi
[2026-08-21T23:59:45+02:00] UPF_CONTROL_SAMPLE timestamp=2026-08-21T23:59:43+02:00 scenario=ue_29 pod=open5gs-upf-5b9db6d44-nsbqz uid=7b5b8ef7-a2a2-4fe9-a3e1-74acd17bd88f restarts=6 usage_cpu=425m usage_mem=35Mi request_cpu=379m request_mem=250Mi limit_cpu=none limit_mem=none vpa_target_cpu=410m vpa_target_mem=250Mi vpa_uncapped_cpu=410m vpa_uncapped_mem=250Mi vpa_lower_cpu=197m vpa_lower_mem=250Mi vpa_upper_cpu=1500m vpa_upper_mem=512Mi
[2026-08-21T23:59:47+02:00] UPF_CONTROL_SAMPLE timestamp=2026-08-21T23:59:46+02:00 scenario=ue_29 pod=open5gs-upf-5b9db6d44-nsbqz uid=7b5b8ef7-a2a2-4fe9-a3e1-74acd17bd88f restarts=6 usage_cpu=425m usage_mem=35Mi request_cpu=379m request_mem=250Mi limit_cpu=none limit_mem=none vpa_target_cpu=410m vpa_target_mem=250Mi vpa_uncapped_cpu=410m vpa_uncapped_mem=250Mi vpa_lower_cpu=197m vpa_lower_mem=250Mi vpa_upper_cpu=1500m vpa_upper_mem=512Mi
[2026-08-21T23:59:49+02:00] UPF_CONTROL_SAMPLE timestamp=2026-08-21T23:59:48+02:00 scenario=ue_29 pod=open5gs-upf-5b9db6d44-nsbqz uid=7b5b8ef7-a2a2-4fe9-a3e1-74acd17bd88f restarts=6 usage_cpu=425m usage_mem=35Mi request_cpu=379m request_mem=250Mi limit_cpu=none limit_mem=none vpa_target_cpu=410m vpa_target_mem=250Mi vpa_uncapped_cpu=410m vpa_uncapped_mem=250Mi vpa_lower_cpu=197m vpa_lower_mem=250Mi vpa_upper_cpu=1500m vpa_upper_mem=512Mi
[2026-08-21T23:59:52+02:00] UPF_CONTROL_SAMPLE timestamp=2026-08-21T23:59:50+02:00 scenario=ue_29 pod=open5gs-upf-5b9db6d44-nsbqz uid=7b5b8ef7-a2a2-4fe9-a3e1-74acd17bd88f restarts=6 usage_cpu=425m usage_mem=35Mi request_cpu=379m request_mem=250Mi limit_cpu=none limit_mem=none vpa_target_cpu=410m vpa_target_mem=250Mi vpa_uncapped_cpu=410m vpa_uncapped_mem=250Mi vpa_lower_cpu=197m vpa_lower_mem=250Mi vpa_upper_cpu=1500m vpa_upper_mem=512Mi
[2026-08-21T23:59:54+02:00] UPF_CONTROL_SAMPLE timestamp=2026-08-21T23:59:53+02:00 scenario=ue_29 pod=open5gs-upf-5b9db6d44-nsbqz uid=7b5b8ef7-a2a2-4fe9-a3e1-74acd17bd88f restarts=6 usage_cpu=425m usage_mem=35Mi request_cpu=379m request_mem=250Mi limit_cpu=none limit_mem=none vpa_target_cpu=410m vpa_target_mem=250Mi vpa_uncapped_cpu=410m vpa_uncapped_mem=250Mi vpa_lower_cpu=197m vpa_lower_mem=250Mi vpa_upper_cpu=1500m vpa_upper_mem=512Mi
[2026-08-21T23:59:56+02:00] UPF_CONTROL_SAMPLE timestamp=2026-08-21T23:59:55+02:00 scenario=ue_29 pod=open5gs-upf-5b9db6d44-nsbqz uid=7b5b8ef7-a2a2-4fe9-a3e1-74acd17bd88f restarts=6 usage_cpu=453m usage_mem=35Mi request_cpu=379m request_mem=250Mi limit_cpu=none limit_mem=none vpa_target_cpu=410m vpa_target_mem=250Mi vpa_uncapped_cpu=410m vpa_uncapped_mem=250Mi vpa_lower_cpu=197m vpa_lower_mem=250Mi vpa_upper_cpu=1500m vpa_upper_mem=512Mi
[2026-08-21T23:59:59+02:00] UPF_CONTROL_SAMPLE timestamp=2026-08-21T23:59:57+02:00 scenario=ue_29 pod=open5gs-upf-5b9db6d44-nsbqz uid=7b5b8ef7-a2a2-4fe9-a3e1-74acd17bd88f restarts=6 usage_cpu=453m usage_mem=35Mi request_cpu=379m request_mem=250Mi limit_cpu=none limit_mem=none vpa_target_cpu=410m vpa_target_mem=250Mi vpa_uncapped_cpu=410m vpa_uncapped_mem=250Mi vpa_lower_cpu=197m vpa_lower_mem=250Mi vpa_upper_cpu=1500m vpa_upper_mem=512Mi
[2026-08-22T00:00:01+02:00] UPF_CONTROL_SAMPLE timestamp=2026-08-22T00:00:00+02:00 scenario=ue_29 pod=open5gs-upf-5b9db6d44-nsbqz uid=7b5b8ef7-a2a2-4fe9-a3e1-74acd17bd88f restarts=6 usage_cpu=453m usage_mem=35Mi request_cpu=379m request_mem=250Mi limit_cpu=none limit_mem=none vpa_target_cpu=410m vpa_target_mem=250Mi vpa_uncapped_cpu=410m vpa_uncapped_mem=250Mi vpa_lower_cpu=197m vpa_lower_mem=250Mi vpa_upper_cpu=1500m vpa_upper_mem=512Mi
[2026-08-22T00:00:03+02:00] UPF_CONTROL_SAMPLE timestamp=2026-08-22T00:00:02+02:00 scenario=ue_29 pod=open5gs-upf-5b9db6d44-nsbqz uid=7b5b8ef7-a2a2-4fe9-a3e1-74acd17bd88f restarts=6 usage_cpu=453m usage_mem=35Mi request_cpu=379m request_mem=250Mi limit_cpu=none limit_mem=none vpa_target_cpu=410m vpa_target_mem=250Mi vpa_uncapped_cpu=410m vpa_uncapped_mem=250Mi vpa_lower_cpu=197m vpa_lower_mem=250Mi vpa_upper_cpu=1500m vpa_upper_mem=512Mi
[2026-08-22T00:00:05+02:00] UPF_CONTROL_SAMPLE timestamp=2026-08-22T00:00:04+02:00 scenario=ue_29 pod=open5gs-upf-5b9db6d44-nsbqz uid=7b5b8ef7-a2a2-4fe9-a3e1-74acd17bd88f restarts=6 usage_cpu=453m usage_mem=35Mi request_cpu=379m request_mem=250Mi limit_cpu=none limit_mem=none vpa_target_cpu=410m vpa_target_mem=250Mi vpa_uncapped_cpu=410m vpa_uncapped_mem=250Mi vpa_lower_cpu=197m vpa_lower_mem=250Mi vpa_upper_cpu=1500m vpa_upper_mem=512Mi
[2026-08-22T00:00:09+02:00] UPF_CONTROL_SAMPLE timestamp=2026-08-22T00:00:07+02:00 scenario=ue_29 pod=open5gs-upf-5b9db6d44-nsbqz uid=7b5b8ef7-a2a2-4fe9-a3e1-74acd17bd88f restarts=6 usage_cpu=453m usage_mem=35Mi request_cpu=379m request_mem=250Mi limit_cpu=none limit_mem=none vpa_target_cpu=410m vpa_target_mem=250Mi vpa_uncapped_cpu=410m vpa_uncapped_mem=250Mi vpa_lower_cpu=197m vpa_lower_mem=250Mi vpa_upper_cpu=1500m vpa_upper_mem=512Mi
[2026-08-22T00:00:11+02:00] UPF_CONTROL_SAMPLE timestamp=2026-08-22T00:00:10+02:00 scenario=ue_29 pod=open5gs-upf-5b9db6d44-nsbqz uid=7b5b8ef7-a2a2-4fe9-a3e1-74acd17bd88f restarts=6 usage_cpu=444m usage_mem=35Mi request_cpu=379m request_mem=250Mi limit_cpu=none limit_mem=none vpa_target_cpu=410m vpa_target_mem=250Mi vpa_uncapped_cpu=410m vpa_uncapped_mem=250Mi vpa_lower_cpu=197m vpa_lower_mem=250Mi vpa_upper_cpu=1500m vpa_upper_mem=512Mi
[2026-08-22T00:00:13+02:00] UPF_CONTROL_SAMPLE timestamp=2026-08-22T00:00:12+02:00 scenario=ue_29 pod=open5gs-upf-5b9db6d44-nsbqz uid=7b5b8ef7-a2a2-4fe9-a3e1-74acd17bd88f restarts=6 usage_cpu=444m usage_mem=35Mi request_cpu=379m request_mem=250Mi limit_cpu=none limit_mem=none vpa_target_cpu=410m vpa_target_mem=250Mi vpa_uncapped_cpu=410m vpa_uncapped_mem=250Mi vpa_lower_cpu=197m vpa_lower_mem=250Mi vpa_upper_cpu=1500m vpa_upper_mem=512Mi
[2026-08-22T00:00:16+02:00] UPF_CONTROL_SAMPLE timestamp=2026-08-22T00:00:15+02:00 scenario=ue_29 pod=open5gs-upf-5b9db6d44-nsbqz uid=7b5b8ef7-a2a2-4fe9-a3e1-74acd17bd88f restarts=6 usage_cpu=444m usage_mem=35Mi request_cpu=379m request_mem=250Mi limit_cpu=none limit_mem=none vpa_target_cpu=410m vpa_target_mem=250Mi vpa_uncapped_cpu=410m vpa_uncapped_mem=250Mi vpa_lower_cpu=197m vpa_lower_mem=250Mi vpa_upper_cpu=1500m vpa_upper_mem=512Mi
[2026-08-22T00:00:18+02:00] FAILED_CLIENT_LOG_BEGIN slot=16 logfile=/tmp/upf_iperf_adaptive_20260821_233622_ue_29/slot_16_attempt_1_ue_16_port_5217.log
[2026-08-22T00:00:18+02:00] Connecting to host 192.168.1.211, port 5217
[2026-08-22T00:00:18+02:00] [  5] local 10.45.1.21 port 42441 connected to 192.168.1.211 port 5217
[2026-08-22T00:00:18+02:00] [ ID] Interval           Transfer     Bitrate         Retr  Cwnd
[2026-08-22T00:00:18+02:00] [  5]   0.00-1.00   sec   235 KBytes  1.92 Mbits/sec    0    121 KBytes       
[2026-08-22T00:00:18+02:00] [  5]   1.00-2.00   sec   128 KBytes  1.05 Mbits/sec    0    122 KBytes       
[2026-08-22T00:00:18+02:00] [  5]   2.00-3.00   sec   128 KBytes  1.05 Mbits/sec    0   29.0 KBytes       
[2026-08-22T00:00:18+02:00] [  5]   3.00-4.00   sec  0.00 Bytes  0.00 bits/sec    0    122 KBytes       
[2026-08-22T00:00:18+02:00] [  5]   4.00-5.00   sec   128 KBytes  1.05 Mbits/sec    0    122 KBytes       
[2026-08-22T00:00:18+02:00] [  5]   5.00-6.00   sec   128 KBytes  1.05 Mbits/sec    0    122 KBytes       
[2026-08-22T00:00:18+02:00] [  5]   6.00-7.00   sec   128 KBytes  1.05 Mbits/sec    0    121 KBytes       
[2026-08-22T00:00:18+02:00] [  5]   7.00-8.00   sec   128 KBytes  1.05 Mbits/sec    0    122 KBytes       
[2026-08-22T00:00:18+02:00] [  5]   8.00-9.00   sec   128 KBytes  1.05 Mbits/sec    0    122 KBytes       
[2026-08-22T00:00:18+02:00] [  5]   9.00-10.00  sec   128 KBytes  1.05 Mbits/sec    0    122 KBytes       
[2026-08-22T00:00:18+02:00] [  5]  10.00-11.00  sec   128 KBytes  1.05 Mbits/sec    1   32.9 KBytes       
[2026-08-22T00:00:18+02:00] [  5]  11.00-12.00  sec   128 KBytes  1.05 Mbits/sec    0   34.2 KBytes       
[2026-08-22T00:00:18+02:00] [  5]  12.00-13.00  sec   128 KBytes  1.05 Mbits/sec    1   23.7 KBytes       
[2026-08-22T00:00:18+02:00] FAILED_CLIENT_LOG_END slot=16 logfile=/tmp/upf_iperf_adaptive_20260821_233622_ue_29/slot_16_attempt_1_ue_16_port_5217.log
[2026-08-22T00:00:18+02:00] UE_SLOT_PROBLEM_DETECTED timestamp=2026-08-21T22:00:18+00:00 active_ues=29 slot=16 attempt=1 ue_idx=16 ue_if=uesimtun16 ue_ip=10.45.1.21 port=5217 reason=rx_stall_5s remaining_s=5
[2026-08-22T00:00:18+02:00] UE_MARKED_PROBLEMATIC timestamp=2026-08-21T22:00:18+00:00 active_ues=29 ue_idx=16 reason=rx_stall_5s scope=scenario_and_global_suspect
[2026-08-22T00:00:18+02:00] UE_SLOT_REPLACE timestamp=2026-08-21T22:00:18+00:00 active_ues=29 slot=16 reason=rx_stall_5s old_attempt=1 old_ue_idx=16 old_ue_if=uesimtun16 old_ue_ip=10.45.1.21 old_port=5217 new_attempt=2 new_ue_idx=30 new_ue_if=uesimtun30 new_ue_ip=10.45.1.20 new_port=5252 remaining_s=5 extension_used_s=0 extension_limit_s=1 candidate_reused_global_suspect=0 replacements_total=1
[2026-08-22T00:00:18+02:00] UE_SLOT_START timestamp=2026-08-21T22:00:18+00:00 active_ues=29 slot=16 attempt=2 ue_idx=30 ue_if=uesimtun30 ue_ip=10.45.1.20 target=192.168.1.211:5252 bitrate=1M duration_s=5 planned_end_epoch=1787349623 timeout_s=15 hard_timeout_epoch=1787349638 start_rx_bytes=0
[2026-08-22T00:00:18+02:00] UE_SLOT_PID timestamp=2026-08-21T22:00:18+00:00 active_ues=29 slot=16 attempt=2 ue_idx=30 pid=46772
[2026-08-22T00:00:18+02:00] UPF_CONTROL_SAMPLE timestamp=2026-08-22T00:00:17+02:00 scenario=ue_29 pod=open5gs-upf-5b9db6d44-nsbqz uid=7b5b8ef7-a2a2-4fe9-a3e1-74acd17bd88f restarts=6 usage_cpu=444m usage_mem=35Mi request_cpu=379m request_mem=250Mi limit_cpu=none limit_mem=none vpa_target_cpu=410m vpa_target_mem=250Mi vpa_uncapped_cpu=410m vpa_uncapped_mem=250Mi vpa_lower_cpu=197m vpa_lower_mem=250Mi vpa_upper_cpu=1500m vpa_upper_mem=512Mi
[2026-08-22T00:00:20+02:00] UE_SLOT_DONE timestamp=2026-08-21T22:00:20+00:00 active_ues=29 slot=0 attempt=1 ue_idx=0 ue_if=uesimtun0 ue_ip=10.45.0.252 port=5201 rc=0 replacements_for_slot=0 server_busy_retries_for_slot=0
[2026-08-22T00:00:20+02:00] UE_SLOT_DONE timestamp=2026-08-21T22:00:20+00:00 active_ues=29 slot=1 attempt=1 ue_idx=1 ue_if=uesimtun1 ue_ip=10.45.0.253 port=5202 rc=0 replacements_for_slot=0 server_busy_retries_for_slot=0
[2026-08-22T00:00:21+02:00] UPF_CONTROL_SAMPLE timestamp=2026-08-22T00:00:19+02:00 scenario=ue_29 pod=open5gs-upf-5b9db6d44-nsbqz uid=7b5b8ef7-a2a2-4fe9-a3e1-74acd17bd88f restarts=6 usage_cpu=444m usage_mem=35Mi request_cpu=379m request_mem=250Mi limit_cpu=none limit_mem=none vpa_target_cpu=410m vpa_target_mem=250Mi vpa_uncapped_cpu=410m vpa_uncapped_mem=250Mi vpa_lower_cpu=197m vpa_lower_mem=250Mi vpa_upper_cpu=1500m vpa_upper_mem=512Mi
[2026-08-22T00:00:22+02:00] UE_SLOT_DONE timestamp=2026-08-21T22:00:22+00:00 active_ues=29 slot=2 attempt=1 ue_idx=2 ue_if=uesimtun2 ue_ip=10.45.0.254 port=5203 rc=0 replacements_for_slot=0 server_busy_retries_for_slot=0
[2026-08-22T00:00:22+02:00] UE_SLOT_DONE timestamp=2026-08-21T22:00:22+00:00 active_ues=29 slot=3 attempt=1 ue_idx=3 ue_if=uesimtun3 ue_ip=10.45.1.0 port=5204 rc=0 replacements_for_slot=0 server_busy_retries_for_slot=0
[2026-08-22T00:00:22+02:00] UE_SLOT_DONE timestamp=2026-08-21T22:00:22+00:00 active_ues=29 slot=4 attempt=1 ue_idx=4 ue_if=uesimtun4 ue_ip=10.45.1.1 port=5205 rc=0 replacements_for_slot=0 server_busy_retries_for_slot=0
[2026-08-22T00:00:22+02:00] UE_SLOT_DONE timestamp=2026-08-21T22:00:22+00:00 active_ues=29 slot=5 attempt=1 ue_idx=5 ue_if=uesimtun5 ue_ip=10.45.1.3 port=5206 rc=0 replacements_for_slot=0 server_busy_retries_for_slot=0
[2026-08-22T00:00:22+02:00] UE_SLOT_DONE timestamp=2026-08-21T22:00:22+00:00 active_ues=29 slot=6 attempt=1 ue_idx=6 ue_if=uesimtun6 ue_ip=10.45.0.255 port=5207 rc=0 replacements_for_slot=0 server_busy_retries_for_slot=0
[2026-08-22T00:00:22+02:00] UE_SLOT_DONE timestamp=2026-08-21T22:00:22+00:00 active_ues=29 slot=7 attempt=1 ue_idx=7 ue_if=uesimtun7 ue_ip=10.45.1.6 port=5208 rc=0 replacements_for_slot=0 server_busy_retries_for_slot=0
[2026-08-22T00:00:22+02:00] UE_SLOT_DONE timestamp=2026-08-21T22:00:22+00:00 active_ues=29 slot=8 attempt=1 ue_idx=8 ue_if=uesimtun8 ue_ip=10.45.1.10 port=5209 rc=0 replacements_for_slot=0 server_busy_retries_for_slot=0
[2026-08-22T00:00:22+02:00] UE_SLOT_DONE timestamp=2026-08-21T22:00:22+00:00 active_ues=29 slot=9 attempt=1 ue_idx=9 ue_if=uesimtun9 ue_ip=10.45.1.7 port=5210 rc=0 replacements_for_slot=0 server_busy_retries_for_slot=0
[2026-08-22T00:00:22+02:00] UE_SLOT_DONE timestamp=2026-08-21T22:00:22+00:00 active_ues=29 slot=10 attempt=1 ue_idx=10 ue_if=uesimtun10 ue_ip=10.45.1.14 port=5211 rc=0 replacements_for_slot=0 server_busy_retries_for_slot=0
[2026-08-22T00:00:22+02:00] UE_SLOT_DONE timestamp=2026-08-21T22:00:22+00:00 active_ues=29 slot=11 attempt=1 ue_idx=11 ue_if=uesimtun11 ue_ip=10.45.1.15 port=5212 rc=0 replacements_for_slot=0 server_busy_retries_for_slot=0
[2026-08-22T00:00:22+02:00] UE_SLOT_DONE timestamp=2026-08-21T22:00:22+00:00 active_ues=29 slot=12 attempt=1 ue_idx=12 ue_if=uesimtun12 ue_ip=10.45.1.12 port=5213 rc=0 replacements_for_slot=0 server_busy_retries_for_slot=0
[2026-08-22T00:00:23+02:00] UPF_CONTROL_SAMPLE timestamp=2026-08-22T00:00:22+02:00 scenario=ue_29 pod=open5gs-upf-5b9db6d44-nsbqz uid=7b5b8ef7-a2a2-4fe9-a3e1-74acd17bd88f restarts=6 usage_cpu=444m usage_mem=35Mi request_cpu=379m request_mem=250Mi limit_cpu=none limit_mem=none vpa_target_cpu=410m vpa_target_mem=250Mi vpa_uncapped_cpu=410m vpa_uncapped_mem=250Mi vpa_lower_cpu=197m vpa_lower_mem=250Mi vpa_upper_cpu=1500m vpa_upper_mem=512Mi
[2026-08-22T00:00:24+02:00] UE_SLOT_DONE timestamp=2026-08-21T22:00:24+00:00 active_ues=29 slot=13 attempt=1 ue_idx=13 ue_if=uesimtun13 ue_ip=10.45.1.18 port=5214 rc=0 replacements_for_slot=0 server_busy_retries_for_slot=0
[2026-08-22T00:00:24+02:00] UE_SLOT_DONE timestamp=2026-08-21T22:00:24+00:00 active_ues=29 slot=14 attempt=1 ue_idx=14 ue_if=uesimtun14 ue_ip=10.45.1.4 port=5215 rc=0 replacements_for_slot=0 server_busy_retries_for_slot=0
[2026-08-22T00:00:24+02:00] UE_SLOT_DONE timestamp=2026-08-21T22:00:24+00:00 active_ues=29 slot=15 attempt=1 ue_idx=15 ue_if=uesimtun15 ue_ip=10.45.1.19 port=5216 rc=0 replacements_for_slot=0 server_busy_retries_for_slot=0
[2026-08-22T00:00:24+02:00] UE_SLOT_DONE timestamp=2026-08-21T22:00:24+00:00 active_ues=29 slot=16 attempt=2 ue_idx=30 ue_if=uesimtun30 ue_ip=10.45.1.20 port=5252 rc=0 replacements_for_slot=1 server_busy_retries_for_slot=0
[2026-08-22T00:00:24+02:00] UE_SLOT_DONE timestamp=2026-08-21T22:00:24+00:00 active_ues=29 slot=17 attempt=1 ue_idx=17 ue_if=uesimtun17 ue_ip=10.45.1.22 port=5218 rc=0 replacements_for_slot=0 server_busy_retries_for_slot=0
[2026-08-22T00:00:24+02:00] UE_SLOT_DONE timestamp=2026-08-21T22:00:24+00:00 active_ues=29 slot=18 attempt=2 ue_idx=19 ue_if=uesimtun19 ue_ip=10.45.1.27 port=5251 rc=0 replacements_for_slot=0 server_busy_retries_for_slot=1
[2026-08-22T00:00:24+02:00] UE_SLOT_DONE timestamp=2026-08-21T22:00:24+00:00 active_ues=29 slot=19 attempt=1 ue_idx=20 ue_if=uesimtun20 ue_ip=10.45.1.28 port=5220 rc=0 replacements_for_slot=0 server_busy_retries_for_slot=0
[2026-08-22T00:00:24+02:00] UE_SLOT_DONE timestamp=2026-08-21T22:00:24+00:00 active_ues=29 slot=20 attempt=1 ue_idx=21 ue_if=uesimtun21 ue_ip=10.45.1.29 port=5221 rc=0 replacements_for_slot=0 server_busy_retries_for_slot=0
[2026-08-22T00:00:25+02:00] UE_SLOT_DONE timestamp=2026-08-21T22:00:25+00:00 active_ues=29 slot=21 attempt=1 ue_idx=22 ue_if=uesimtun22 ue_ip=10.45.1.30 port=5222 rc=0 replacements_for_slot=0 server_busy_retries_for_slot=0
[2026-08-22T00:00:25+02:00] UE_SLOT_DONE timestamp=2026-08-21T22:00:25+00:00 active_ues=29 slot=22 attempt=1 ue_idx=23 ue_if=uesimtun23 ue_ip=10.45.1.34 port=5223 rc=0 replacements_for_slot=0 server_busy_retries_for_slot=0
[2026-08-22T00:00:25+02:00] UE_SLOT_DONE timestamp=2026-08-21T22:00:25+00:00 active_ues=29 slot=23 attempt=1 ue_idx=24 ue_if=uesimtun24 ue_ip=10.45.1.32 port=5224 rc=0 replacements_for_slot=0 server_busy_retries_for_slot=0
[2026-08-22T00:00:25+02:00] UE_SLOT_DONE timestamp=2026-08-21T22:00:25+00:00 active_ues=29 slot=24 attempt=1 ue_idx=25 ue_if=uesimtun25 ue_ip=10.45.1.36 port=5225 rc=0 replacements_for_slot=0 server_busy_retries_for_slot=0
[2026-08-22T00:00:26+02:00] UE_SLOT_DONE timestamp=2026-08-21T22:00:25+00:00 active_ues=29 slot=25 attempt=1 ue_idx=26 ue_if=uesimtun26 ue_ip=10.45.1.40 port=5226 rc=0 replacements_for_slot=0 server_busy_retries_for_slot=0
[2026-08-22T00:00:26+02:00] UPF_CONTROL_SAMPLE timestamp=2026-08-22T00:00:24+02:00 scenario=ue_29 pod=open5gs-upf-5b9db6d44-nsbqz uid=7b5b8ef7-a2a2-4fe9-a3e1-74acd17bd88f restarts=6 usage_cpu=436m usage_mem=35Mi request_cpu=379m request_mem=250Mi limit_cpu=none limit_mem=none vpa_target_cpu=410m vpa_target_mem=250Mi vpa_uncapped_cpu=410m vpa_uncapped_mem=250Mi vpa_lower_cpu=197m vpa_lower_mem=250Mi vpa_upper_cpu=1500m vpa_upper_mem=512Mi
[2026-08-22T00:00:26+02:00] UE_SLOT_DONE timestamp=2026-08-21T22:00:26+00:00 active_ues=29 slot=26 attempt=1 ue_idx=27 ue_if=uesimtun27 ue_ip=10.45.1.8 port=5227 rc=0 replacements_for_slot=0 server_busy_retries_for_slot=0
[2026-08-22T00:00:27+02:00] UE_SLOT_DONE timestamp=2026-08-21T22:00:27+00:00 active_ues=29 slot=27 attempt=1 ue_idx=28 ue_if=uesimtun28 ue_ip=10.45.1.11 port=5228 rc=0 replacements_for_slot=0 server_busy_retries_for_slot=0
[2026-08-22T00:00:27+02:00] UE_SLOT_DONE timestamp=2026-08-21T22:00:27+00:00 active_ues=29 slot=28 attempt=1 ue_idx=29 ue_if=uesimtun29 ue_ip=10.45.1.16 port=5229 rc=0 replacements_for_slot=0 server_busy_retries_for_slot=0
[2026-08-22T00:00:28+02:00] UPF_CONTROL_SAMPLE timestamp=2026-08-22T00:00:27+02:00 scenario=ue_29 pod=open5gs-upf-5b9db6d44-nsbqz uid=7b5b8ef7-a2a2-4fe9-a3e1-74acd17bd88f restarts=6 usage_cpu=436m usage_mem=35Mi request_cpu=379m request_mem=250Mi limit_cpu=none limit_mem=none vpa_target_cpu=410m vpa_target_mem=250Mi vpa_uncapped_cpu=410m vpa_uncapped_mem=250Mi vpa_lower_cpu=197m vpa_lower_mem=250Mi vpa_upper_cpu=1500m vpa_upper_mem=512Mi
[2026-08-22T00:00:28+02:00] TRAFFIC_SUMMARY timestamp=2026-08-21T22:00:28+00:00 registered_tunnels=50 active_ues=29 target_slots=29 completed_slots=29 final_failed_slots=0 replacements=1 problematic_ues=1 zombie_ues=1 connect_timeouts=0 stalls=1 deferred_stalls=0 process_failures=0 server_busy_retries=1 server_busy_failures=0 late_timeouts_accepted=0 scenario_bad_ues=1 global_suspect_ues=2 used_ues=30 target_host=192.168.1.211 initial_ports=5201-5229 replacement_ports=5251-5265 bitrate=1M start_delay=0.05 detection=no_rx_counter replacement_min_duration_s=5 adaptive_extension_max_s=1 iperf_exit_grace_s=3 server_busy_retries_limit=1 server_busy_retry_delay_s=2 late_replacement_after_end=disabled wait_for_iperf_exit=until_timeout global_suspect_policy=soft_reuse ramp_supervision=after_initial_start
[2026-08-22T00:00:28+02:00] UE_POOL_SCENARIO_BAD_CURRENT timestamp=2026-08-21T22:00:28+00:00 active_ues=29 indexes=16
[2026-08-22T00:00:28+02:00] UE_POOL_GLOBAL_SUSPECT_CURRENT timestamp=2026-08-21T22:00:28+00:00 active_ues=29 indexes=16,18
[2026-08-22T00:00:28+02:00] REMOTE_IPERF_PER_UE_END timestamp=2026-08-21T22:00:28+00:00 active_ues=29 tag=ue_29 final_rc=0 completed_slots=29 replacements=1 problematic_ues=1 server_busy_retries=1 deferred_stalls=0 late_timeouts_accepted=0
[2026-08-22T00:00:28+02:00] SCENARIO TRAFFIC COMMAND END timestamp=2026-08-22T00:00:28+02:00 active_ue=29 rc=0
[2026-08-22T00:00:29+02:00] SCENARIO UPF AFTER timestamp=2026-08-22T00:00:29+02:00 active_ue=29 pod=open5gs-upf-5b9db6d44-nsbqz uid=7b5b8ef7-a2a2-4fe9-a3e1-74acd17bd88f restarts=6
[2026-08-22T00:00:29+02:00] SCENARIO END timestamp=2026-08-22T00:00:29+02:00 active_ue=29 rc=0
[2026-08-22T00:00:29+02:00] ================================================================
[2026-08-22T00:00:29+02:00] SCENARIO START timestamp=2026-08-22T00:00:29+02:00 active_ue=31 registered_ue_pool=50 target_host=192.168.1.211 ports=5201-5231 replacement_ports=5251-5265 bitrate_per_ue=1M start_delay=0.05 replacement_min_duration=5 adaptive_extension_max=1
[2026-08-22T00:00:29+02:00] ================================================================
[2026-08-22T00:00:29+02:00] SCENARIO TUNNEL CHECK timestamp=2026-08-22T00:00:29+02:00 active_ue=31 current_tunnels=50 required=50
[2026-08-22T00:00:30+02:00] SCENARIO UPF BEFORE timestamp=2026-08-22T00:00:30+02:00 active_ue=31 pod=open5gs-upf-5b9db6d44-nsbqz uid=7b5b8ef7-a2a2-4fe9-a3e1-74acd17bd88f restarts=6
[2026-08-22T00:00:31+02:00] UPF_CONTROL_SAMPLE timestamp=2026-08-22T00:00:29+02:00 scenario=ue_31 pod=open5gs-upf-5b9db6d44-nsbqz uid=7b5b8ef7-a2a2-4fe9-a3e1-74acd17bd88f restarts=6 usage_cpu=436m usage_mem=35Mi request_cpu=379m request_mem=250Mi limit_cpu=none limit_mem=none vpa_target_cpu=410m vpa_target_mem=250Mi vpa_uncapped_cpu=410m vpa_uncapped_mem=250Mi vpa_lower_cpu=197m vpa_lower_mem=250Mi vpa_upper_cpu=1500m vpa_upper_mem=512Mi
[2026-08-22T00:00:31+02:00] REMOTE_IPERF_PER_UE_START timestamp=2026-08-21T22:00:31+00:00 active_ues=31 tag=ue_31 iperf_host=192.168.1.211 base_port=5201 replacement_base_port=5251 duration=80 bitrate=1M start_delay=0.05 detection=no_rx_counter connect_timeout_s=4 stall_seconds=5 replacement_limit=15 replacement_min_duration_s=5 adaptive_extension_max_s=1 iperf_exit_grace_s=3 server_busy_port_rebinds=1 late_replacement_after_end=disabled wait_for_iperf_exit=until_timeout global_suspect_policy=soft_reuse ramp_supervision=after_initial_start
[2026-08-22T00:00:31+02:00] UE_POOL_STATUS timestamp=2026-08-21T22:00:31+00:00 active_ues=31 registered_tunnels=50 existing_global_suspect_ues=2 used_ues=0 policy=soft_reuse_global_suspects
[2026-08-22T00:00:31+02:00] UE_SLOT_ASSIGN timestamp=2026-08-21T22:00:31+00:00 active_ues=31 slot=0 ue_idx=0 ue_if=uesimtun0 ue_ip=10.45.0.252 candidate_reused_global_suspect=0
[2026-08-22T00:00:31+02:00] UE_SLOT_START timestamp=2026-08-21T22:00:31+00:00 active_ues=31 slot=0 attempt=1 ue_idx=0 ue_if=uesimtun0 ue_ip=10.45.0.252 target=192.168.1.211:5201 bitrate=1M duration_s=80 planned_end_epoch=1787349711 timeout_s=90 hard_timeout_epoch=1787349726 start_rx_bytes=1377708
[2026-08-22T00:00:31+02:00] UE_SLOT_PID timestamp=2026-08-21T22:00:31+00:00 active_ues=31 slot=0 attempt=1 ue_idx=0 pid=47190
[2026-08-22T00:00:31+02:00] UE_SLOT_ASSIGN timestamp=2026-08-21T22:00:31+00:00 active_ues=31 slot=1 ue_idx=1 ue_if=uesimtun1 ue_ip=10.45.0.253 candidate_reused_global_suspect=0
[2026-08-22T00:00:31+02:00] UE_SLOT_START timestamp=2026-08-21T22:00:31+00:00 active_ues=31 slot=1 attempt=1 ue_idx=1 ue_if=uesimtun1 ue_ip=10.45.0.253 target=192.168.1.211:5202 bitrate=1M duration_s=80 planned_end_epoch=1787349711 timeout_s=90 hard_timeout_epoch=1787349726 start_rx_bytes=1297500
[2026-08-22T00:00:31+02:00] UE_SLOT_PID timestamp=2026-08-21T22:00:31+00:00 active_ues=31 slot=1 attempt=1 ue_idx=1 pid=47215
[2026-08-22T00:00:31+02:00] UE_SLOT_ASSIGN timestamp=2026-08-21T22:00:31+00:00 active_ues=31 slot=2 ue_idx=2 ue_if=uesimtun2 ue_ip=10.45.0.254 candidate_reused_global_suspect=0
[2026-08-22T00:00:31+02:00] UE_SLOT_START timestamp=2026-08-21T22:00:31+00:00 active_ues=31 slot=2 attempt=1 ue_idx=2 ue_if=uesimtun2 ue_ip=10.45.0.254 target=192.168.1.211:5203 bitrate=1M duration_s=80 planned_end_epoch=1787349711 timeout_s=90 hard_timeout_epoch=1787349726 start_rx_bytes=1308932
[2026-08-22T00:00:31+02:00] UE_SLOT_PID timestamp=2026-08-21T22:00:31+00:00 active_ues=31 slot=2 attempt=1 ue_idx=2 pid=47240
[2026-08-22T00:00:31+02:00] UE_SLOT_ASSIGN timestamp=2026-08-21T22:00:31+00:00 active_ues=31 slot=3 ue_idx=3 ue_if=uesimtun3 ue_ip=10.45.1.0 candidate_reused_global_suspect=0
[2026-08-22T00:00:32+02:00] UE_SLOT_START timestamp=2026-08-21T22:00:32+00:00 active_ues=31 slot=3 attempt=1 ue_idx=3 ue_if=uesimtun3 ue_ip=10.45.1.0 target=192.168.1.211:5204 bitrate=1M duration_s=80 planned_end_epoch=1787349711 timeout_s=90 hard_timeout_epoch=1787349726 start_rx_bytes=1196681
[2026-08-22T00:00:32+02:00] UE_SLOT_PID timestamp=2026-08-21T22:00:32+00:00 active_ues=31 slot=3 attempt=1 ue_idx=3 pid=47265
[2026-08-22T00:00:32+02:00] UE_SLOT_ASSIGN timestamp=2026-08-21T22:00:32+00:00 active_ues=31 slot=4 ue_idx=4 ue_if=uesimtun4 ue_ip=10.45.1.1 candidate_reused_global_suspect=0
[2026-08-22T00:00:32+02:00] UE_SLOT_START timestamp=2026-08-21T22:00:32+00:00 active_ues=31 slot=4 attempt=1 ue_idx=4 ue_if=uesimtun4 ue_ip=10.45.1.1 target=192.168.1.211:5205 bitrate=1M duration_s=80 planned_end_epoch=1787349712 timeout_s=90 hard_timeout_epoch=1787349727 start_rx_bytes=1198483
[2026-08-22T00:00:32+02:00] UE_SLOT_PID timestamp=2026-08-21T22:00:32+00:00 active_ues=31 slot=4 attempt=1 ue_idx=4 pid=47290
[2026-08-22T00:00:32+02:00] UE_SLOT_ASSIGN timestamp=2026-08-21T22:00:32+00:00 active_ues=31 slot=5 ue_idx=5 ue_if=uesimtun5 ue_ip=10.45.1.3 candidate_reused_global_suspect=0
[2026-08-22T00:00:32+02:00] UE_SLOT_START timestamp=2026-08-21T22:00:32+00:00 active_ues=31 slot=5 attempt=1 ue_idx=5 ue_if=uesimtun5 ue_ip=10.45.1.3 target=192.168.1.211:5206 bitrate=1M duration_s=80 planned_end_epoch=1787349712 timeout_s=90 hard_timeout_epoch=1787349727 start_rx_bytes=1082700
[2026-08-22T00:00:32+02:00] UE_SLOT_PID timestamp=2026-08-21T22:00:32+00:00 active_ues=31 slot=5 attempt=1 ue_idx=5 pid=47315
[2026-08-22T00:00:32+02:00] UE_SLOT_ASSIGN timestamp=2026-08-21T22:00:32+00:00 active_ues=31 slot=6 ue_idx=6 ue_if=uesimtun6 ue_ip=10.45.0.255 candidate_reused_global_suspect=0
[2026-08-22T00:00:32+02:00] UE_SLOT_START timestamp=2026-08-21T22:00:32+00:00 active_ues=31 slot=6 attempt=1 ue_idx=6 ue_if=uesimtun6 ue_ip=10.45.0.255 target=192.168.1.211:5207 bitrate=1M duration_s=80 planned_end_epoch=1787349712 timeout_s=90 hard_timeout_epoch=1787349727 start_rx_bytes=1096522
[2026-08-22T00:00:32+02:00] UE_SLOT_PID timestamp=2026-08-21T22:00:32+00:00 active_ues=31 slot=6 attempt=1 ue_idx=6 pid=47340
[2026-08-22T00:00:32+02:00] UE_SLOT_ASSIGN timestamp=2026-08-21T22:00:32+00:00 active_ues=31 slot=7 ue_idx=7 ue_if=uesimtun7 ue_ip=10.45.1.6 candidate_reused_global_suspect=0
[2026-08-22T00:00:32+02:00] UE_SLOT_START timestamp=2026-08-21T22:00:32+00:00 active_ues=31 slot=7 attempt=1 ue_idx=7 ue_if=uesimtun7 ue_ip=10.45.1.6 target=192.168.1.211:5208 bitrate=1M duration_s=80 planned_end_epoch=1787349712 timeout_s=90 hard_timeout_epoch=1787349727 start_rx_bytes=1000773
[2026-08-22T00:00:32+02:00] UE_SLOT_PID timestamp=2026-08-21T22:00:32+00:00 active_ues=31 slot=7 attempt=1 ue_idx=7 pid=47365
[2026-08-22T00:00:33+02:00] UE_SLOT_ASSIGN timestamp=2026-08-21T22:00:33+00:00 active_ues=31 slot=8 ue_idx=8 ue_if=uesimtun8 ue_ip=10.45.1.10 candidate_reused_global_suspect=0
[2026-08-22T00:00:33+02:00] UE_SLOT_START timestamp=2026-08-21T22:00:33+00:00 active_ues=31 slot=8 attempt=1 ue_idx=8 ue_if=uesimtun8 ue_ip=10.45.1.10 target=192.168.1.211:5209 bitrate=1M duration_s=80 planned_end_epoch=1787349713 timeout_s=90 hard_timeout_epoch=1787349728 start_rx_bytes=998030
[2026-08-22T00:00:33+02:00] UE_SLOT_PID timestamp=2026-08-21T22:00:33+00:00 active_ues=31 slot=8 attempt=1 ue_idx=8 pid=47390
[2026-08-22T00:00:33+02:00] UE_SLOT_ASSIGN timestamp=2026-08-21T22:00:33+00:00 active_ues=31 slot=9 ue_idx=9 ue_if=uesimtun9 ue_ip=10.45.1.7 candidate_reused_global_suspect=0
[2026-08-22T00:00:33+02:00] UE_SLOT_START timestamp=2026-08-21T22:00:33+00:00 active_ues=31 slot=9 attempt=1 ue_idx=9 ue_if=uesimtun9 ue_ip=10.45.1.7 target=192.168.1.211:5210 bitrate=1M duration_s=80 planned_end_epoch=1787349713 timeout_s=90 hard_timeout_epoch=1787349728 start_rx_bytes=881212
[2026-08-22T00:00:33+02:00] UE_SLOT_PID timestamp=2026-08-21T22:00:33+00:00 active_ues=31 slot=9 attempt=1 ue_idx=9 pid=47415
[2026-08-22T00:00:33+02:00] UPF_CONTROL_SAMPLE timestamp=2026-08-22T00:00:32+02:00 scenario=ue_31 pod=open5gs-upf-5b9db6d44-nsbqz uid=7b5b8ef7-a2a2-4fe9-a3e1-74acd17bd88f restarts=6 usage_cpu=436m usage_mem=35Mi request_cpu=379m request_mem=250Mi limit_cpu=none limit_mem=none vpa_target_cpu=410m vpa_target_mem=250Mi vpa_uncapped_cpu=410m vpa_uncapped_mem=250Mi vpa_lower_cpu=197m vpa_lower_mem=250Mi vpa_upper_cpu=1500m vpa_upper_mem=512Mi
[2026-08-22T00:00:33+02:00] UE_SLOT_ASSIGN timestamp=2026-08-21T22:00:33+00:00 active_ues=31 slot=10 ue_idx=10 ue_if=uesimtun10 ue_ip=10.45.1.14 candidate_reused_global_suspect=0
[2026-08-22T00:00:33+02:00] UE_SLOT_START timestamp=2026-08-21T22:00:33+00:00 active_ues=31 slot=10 attempt=1 ue_idx=10 ue_if=uesimtun10 ue_ip=10.45.1.14 target=192.168.1.211:5211 bitrate=1M duration_s=80 planned_end_epoch=1787349713 timeout_s=90 hard_timeout_epoch=1787349728 start_rx_bytes=895222
[2026-08-22T00:00:33+02:00] UE_SLOT_PID timestamp=2026-08-21T22:00:33+00:00 active_ues=31 slot=10 attempt=1 ue_idx=10 pid=47440
[2026-08-22T00:00:33+02:00] UE_SLOT_ASSIGN timestamp=2026-08-21T22:00:33+00:00 active_ues=31 slot=11 ue_idx=11 ue_if=uesimtun11 ue_ip=10.45.1.15 candidate_reused_global_suspect=0
[2026-08-22T00:00:33+02:00] UE_SLOT_START timestamp=2026-08-21T22:00:33+00:00 active_ues=31 slot=11 attempt=1 ue_idx=11 ue_if=uesimtun11 ue_ip=10.45.1.15 target=192.168.1.211:5212 bitrate=1M duration_s=80 planned_end_epoch=1787349713 timeout_s=90 hard_timeout_epoch=1787349728 start_rx_bytes=848025
[2026-08-22T00:00:33+02:00] UE_SLOT_PID timestamp=2026-08-21T22:00:33+00:00 active_ues=31 slot=11 attempt=1 ue_idx=11 pid=47465
[2026-08-22T00:00:33+02:00] UE_SLOT_ASSIGN timestamp=2026-08-21T22:00:33+00:00 active_ues=31 slot=12 ue_idx=12 ue_if=uesimtun12 ue_ip=10.45.1.12 candidate_reused_global_suspect=0
[2026-08-22T00:00:34+02:00] UE_SLOT_START timestamp=2026-08-21T22:00:34+00:00 active_ues=31 slot=12 attempt=1 ue_idx=12 ue_if=uesimtun12 ue_ip=10.45.1.12 target=192.168.1.211:5213 bitrate=1M duration_s=80 planned_end_epoch=1787349713 timeout_s=90 hard_timeout_epoch=1787349728 start_rx_bytes=833810
[2026-08-22T00:00:34+02:00] UE_SLOT_PID timestamp=2026-08-21T22:00:34+00:00 active_ues=31 slot=12 attempt=1 ue_idx=12 pid=47490
[2026-08-22T00:00:34+02:00] UE_SLOT_ASSIGN timestamp=2026-08-21T22:00:34+00:00 active_ues=31 slot=13 ue_idx=13 ue_if=uesimtun13 ue_ip=10.45.1.18 candidate_reused_global_suspect=0
[2026-08-22T00:00:34+02:00] UE_SLOT_START timestamp=2026-08-21T22:00:34+00:00 active_ues=31 slot=13 attempt=1 ue_idx=13 ue_if=uesimtun13 ue_ip=10.45.1.18 target=192.168.1.211:5214 bitrate=1M duration_s=80 planned_end_epoch=1787349714 timeout_s=90 hard_timeout_epoch=1787349729 start_rx_bytes=743608
[2026-08-22T00:00:34+02:00] UE_SLOT_PID timestamp=2026-08-21T22:00:34+00:00 active_ues=31 slot=13 attempt=1 ue_idx=13 pid=47515
[2026-08-22T00:00:34+02:00] UE_SLOT_ASSIGN timestamp=2026-08-21T22:00:34+00:00 active_ues=31 slot=14 ue_idx=14 ue_if=uesimtun14 ue_ip=10.45.1.4 candidate_reused_global_suspect=0
[2026-08-22T00:00:34+02:00] UE_SLOT_START timestamp=2026-08-21T22:00:34+00:00 active_ues=31 slot=14 attempt=1 ue_idx=14 ue_if=uesimtun14 ue_ip=10.45.1.4 target=192.168.1.211:5215 bitrate=1M duration_s=80 planned_end_epoch=1787349714 timeout_s=90 hard_timeout_epoch=1787349729 start_rx_bytes=756329
[2026-08-22T00:00:34+02:00] UE_SLOT_PID timestamp=2026-08-21T22:00:34+00:00 active_ues=31 slot=14 attempt=1 ue_idx=14 pid=47540
[2026-08-22T00:00:34+02:00] UE_SLOT_ASSIGN timestamp=2026-08-21T22:00:34+00:00 active_ues=31 slot=15 ue_idx=15 ue_if=uesimtun15 ue_ip=10.45.1.19 candidate_reused_global_suspect=0
[2026-08-22T00:00:34+02:00] UE_SLOT_START timestamp=2026-08-21T22:00:34+00:00 active_ues=31 slot=15 attempt=1 ue_idx=15 ue_if=uesimtun15 ue_ip=10.45.1.19 target=192.168.1.211:5216 bitrate=1M duration_s=80 planned_end_epoch=1787349714 timeout_s=90 hard_timeout_epoch=1787349729 start_rx_bytes=641880
[2026-08-22T00:00:34+02:00] UE_SLOT_PID timestamp=2026-08-21T22:00:34+00:00 active_ues=31 slot=15 attempt=1 ue_idx=15 pid=47565
[2026-08-22T00:00:34+02:00] UE_SLOT_ASSIGN timestamp=2026-08-21T22:00:34+00:00 active_ues=31 slot=16 ue_idx=17 ue_if=uesimtun17 ue_ip=10.45.1.22 candidate_reused_global_suspect=0
[2026-08-22T00:00:34+02:00] UE_SLOT_START timestamp=2026-08-21T22:00:34+00:00 active_ues=31 slot=16 attempt=1 ue_idx=17 ue_if=uesimtun17 ue_ip=10.45.1.22 target=192.168.1.211:5217 bitrate=1M duration_s=80 planned_end_epoch=1787349714 timeout_s=90 hard_timeout_epoch=1787349729 start_rx_bytes=550079
[2026-08-22T00:00:34+02:00] UE_SLOT_PID timestamp=2026-08-21T22:00:34+00:00 active_ues=31 slot=16 attempt=1 ue_idx=17 pid=47590
[2026-08-22T00:00:35+02:00] UE_SLOT_ASSIGN timestamp=2026-08-21T22:00:35+00:00 active_ues=31 slot=17 ue_idx=19 ue_if=uesimtun19 ue_ip=10.45.1.27 candidate_reused_global_suspect=0
[2026-08-22T00:00:35+02:00] UE_SLOT_START timestamp=2026-08-21T22:00:35+00:00 active_ues=31 slot=17 attempt=1 ue_idx=19 ue_if=uesimtun19 ue_ip=10.45.1.27 target=192.168.1.211:5218 bitrate=1M duration_s=80 planned_end_epoch=1787349715 timeout_s=90 hard_timeout_epoch=1787349730 start_rx_bytes=454001
[2026-08-22T00:00:35+02:00] UE_SLOT_PID timestamp=2026-08-21T22:00:35+00:00 active_ues=31 slot=17 attempt=1 ue_idx=19 pid=47615
[2026-08-22T00:00:35+02:00] UE_SLOT_ASSIGN timestamp=2026-08-21T22:00:35+00:00 active_ues=31 slot=18 ue_idx=20 ue_if=uesimtun20 ue_ip=10.45.1.28 candidate_reused_global_suspect=0
[2026-08-22T00:00:35+02:00] UE_SLOT_START timestamp=2026-08-21T22:00:35+00:00 active_ues=31 slot=18 attempt=1 ue_idx=20 ue_if=uesimtun20 ue_ip=10.45.1.28 target=192.168.1.211:5219 bitrate=1M duration_s=80 planned_end_epoch=1787349715 timeout_s=90 hard_timeout_epoch=1787349730 start_rx_bytes=474559
[2026-08-22T00:00:35+02:00] UE_SLOT_PID timestamp=2026-08-21T22:00:35+00:00 active_ues=31 slot=18 attempt=1 ue_idx=20 pid=47640
[2026-08-22T00:00:35+02:00] UE_SLOT_ASSIGN timestamp=2026-08-21T22:00:35+00:00 active_ues=31 slot=19 ue_idx=21 ue_if=uesimtun21 ue_ip=10.45.1.29 candidate_reused_global_suspect=0
[2026-08-22T00:00:35+02:00] UE_SLOT_START timestamp=2026-08-21T22:00:35+00:00 active_ues=31 slot=19 attempt=1 ue_idx=21 ue_if=uesimtun21 ue_ip=10.45.1.29 target=192.168.1.211:5220 bitrate=1M duration_s=80 planned_end_epoch=1787349715 timeout_s=90 hard_timeout_epoch=1787349730 start_rx_bytes=394826
[2026-08-22T00:00:35+02:00] UE_SLOT_PID timestamp=2026-08-21T22:00:35+00:00 active_ues=31 slot=19 attempt=1 ue_idx=21 pid=47665
[2026-08-22T00:00:35+02:00] VPA_RECOMMENDATION_CHANGE timestamp=2026-08-22T00:00:34+02:00 scenario=ue_31 old='vpa_target_cpu=410m vpa_target_mem=250Mi vpa_uncapped_cpu=410m vpa_uncapped_mem=250Mi vpa_lower_cpu=197m vpa_lower_mem=250Mi vpa_upper_cpu=1500m vpa_upper_mem=512Mi' new='vpa_target_cpu=410m vpa_target_mem=250Mi vpa_uncapped_cpu=410m vpa_uncapped_mem=250Mi vpa_lower_cpu=239m vpa_lower_mem=250Mi vpa_upper_cpu=1500m vpa_upper_mem=512Mi' previous_5s_sample='timestamp=2026-08-22T00:00:29+02:00 scenario=ue_31 pod=open5gs-upf-5b9db6d44-nsbqz uid=7b5b8ef7-a2a2-4fe9-a3e1-74acd17bd88f restarts=6 usage_cpu=436m usage_mem=35Mi request_cpu=379m request_mem=250Mi limit_cpu=none limit_mem=none vpa_target_cpu=410m vpa_target_mem=250Mi vpa_uncapped_cpu=410m vpa_uncapped_mem=250Mi vpa_lower_cpu=197m vpa_lower_mem=250Mi vpa_upper_cpu=1500m vpa_upper_mem=512Mi' current_sample='timestamp=2026-08-22T00:00:34+02:00 scenario=ue_31 pod=open5gs-upf-5b9db6d44-nsbqz uid=7b5b8ef7-a2a2-4fe9-a3e1-74acd17bd88f restarts=6 usage_cpu=436m usage_mem=35Mi request_cpu=379m request_mem=250Mi limit_cpu=none limit_mem=none vpa_target_cpu=410m vpa_target_mem=250Mi vpa_uncapped_cpu=410m vpa_uncapped_mem=250Mi vpa_lower_cpu=239m vpa_lower_mem=250Mi vpa_upper_cpu=1500m vpa_upper_mem=512Mi'
[2026-08-22T00:00:35+02:00] UPF_CONTROL_SAMPLE timestamp=2026-08-22T00:00:34+02:00 scenario=ue_31 pod=open5gs-upf-5b9db6d44-nsbqz uid=7b5b8ef7-a2a2-4fe9-a3e1-74acd17bd88f restarts=6 usage_cpu=436m usage_mem=35Mi request_cpu=379m request_mem=250Mi limit_cpu=none limit_mem=none vpa_target_cpu=410m vpa_target_mem=250Mi vpa_uncapped_cpu=410m vpa_uncapped_mem=250Mi vpa_lower_cpu=239m vpa_lower_mem=250Mi vpa_upper_cpu=1500m vpa_upper_mem=512Mi
[2026-08-22T00:00:35+02:00] UE_SLOT_ASSIGN timestamp=2026-08-21T22:00:35+00:00 active_ues=31 slot=20 ue_idx=22 ue_if=uesimtun22 ue_ip=10.45.1.30 candidate_reused_global_suspect=0
[2026-08-22T00:00:35+02:00] UE_SLOT_START timestamp=2026-08-21T22:00:35+00:00 active_ues=31 slot=20 attempt=1 ue_idx=22 ue_if=uesimtun22 ue_ip=10.45.1.30 target=192.168.1.211:5221 bitrate=1M duration_s=80 planned_end_epoch=1787349715 timeout_s=90 hard_timeout_epoch=1787349730 start_rx_bytes=368499
[2026-08-22T00:00:35+02:00] UE_SLOT_PID timestamp=2026-08-21T22:00:35+00:00 active_ues=31 slot=20 attempt=1 ue_idx=22 pid=47690
[2026-08-22T00:00:36+02:00] UE_SLOT_ASSIGN timestamp=2026-08-21T22:00:36+00:00 active_ues=31 slot=21 ue_idx=23 ue_if=uesimtun23 ue_ip=10.45.1.34 candidate_reused_global_suspect=0
[2026-08-22T00:00:36+02:00] UE_SLOT_START timestamp=2026-08-21T22:00:36+00:00 active_ues=31 slot=21 attempt=1 ue_idx=23 ue_if=uesimtun23 ue_ip=10.45.1.34 target=192.168.1.211:5222 bitrate=1M duration_s=80 planned_end_epoch=1787349716 timeout_s=90 hard_timeout_epoch=1787349731 start_rx_bytes=283053
[2026-08-22T00:00:36+02:00] UE_SLOT_PID timestamp=2026-08-21T22:00:36+00:00 active_ues=31 slot=21 attempt=1 ue_idx=23 pid=47715
[2026-08-22T00:00:36+02:00] UE_SLOT_ASSIGN timestamp=2026-08-21T22:00:36+00:00 active_ues=31 slot=22 ue_idx=24 ue_if=uesimtun24 ue_ip=10.45.1.32 candidate_reused_global_suspect=0
[2026-08-22T00:00:36+02:00] UE_SLOT_START timestamp=2026-08-21T22:00:36+00:00 active_ues=31 slot=22 attempt=1 ue_idx=24 ue_if=uesimtun24 ue_ip=10.45.1.32 target=192.168.1.211:5223 bitrate=1M duration_s=80 planned_end_epoch=1787349716 timeout_s=90 hard_timeout_epoch=1787349731 start_rx_bytes=286403
[2026-08-22T00:00:36+02:00] UE_SLOT_PID timestamp=2026-08-21T22:00:36+00:00 active_ues=31 slot=22 attempt=1 ue_idx=24 pid=47740
[2026-08-22T00:00:36+02:00] UE_SLOT_ASSIGN timestamp=2026-08-21T22:00:36+00:00 active_ues=31 slot=23 ue_idx=25 ue_if=uesimtun25 ue_ip=10.45.1.36 candidate_reused_global_suspect=0
[2026-08-22T00:00:36+02:00] UE_SLOT_START timestamp=2026-08-21T22:00:36+00:00 active_ues=31 slot=23 attempt=1 ue_idx=25 ue_if=uesimtun25 ue_ip=10.45.1.36 target=192.168.1.211:5224 bitrate=1M duration_s=80 planned_end_epoch=1787349716 timeout_s=90 hard_timeout_epoch=1787349731 start_rx_bytes=202858
[2026-08-22T00:00:36+02:00] UE_SLOT_PID timestamp=2026-08-21T22:00:36+00:00 active_ues=31 slot=23 attempt=1 ue_idx=25 pid=47765
[2026-08-22T00:00:37+02:00] UE_SLOT_ASSIGN timestamp=2026-08-21T22:00:36+00:00 active_ues=31 slot=24 ue_idx=26 ue_if=uesimtun26 ue_ip=10.45.1.40 candidate_reused_global_suspect=0
[2026-08-22T00:00:37+02:00] UE_SLOT_START timestamp=2026-08-21T22:00:37+00:00 active_ues=31 slot=24 attempt=1 ue_idx=26 ue_if=uesimtun26 ue_ip=10.45.1.40 target=192.168.1.211:5225 bitrate=1M duration_s=80 planned_end_epoch=1787349716 timeout_s=90 hard_timeout_epoch=1787349732 start_rx_bytes=209718
[2026-08-22T00:00:37+02:00] UE_SLOT_PID timestamp=2026-08-21T22:00:37+00:00 active_ues=31 slot=24 attempt=1 ue_idx=26 pid=47790
[2026-08-22T00:00:37+02:00] UE_SLOT_ASSIGN timestamp=2026-08-21T22:00:37+00:00 active_ues=31 slot=25 ue_idx=27 ue_if=uesimtun27 ue_ip=10.45.1.8 candidate_reused_global_suspect=0
[2026-08-22T00:00:37+02:00] UE_SLOT_START timestamp=2026-08-21T22:00:37+00:00 active_ues=31 slot=25 attempt=1 ue_idx=27 ue_if=uesimtun27 ue_ip=10.45.1.8 target=192.168.1.211:5226 bitrate=1M duration_s=80 planned_end_epoch=1787349717 timeout_s=90 hard_timeout_epoch=1787349732 start_rx_bytes=109739
[2026-08-22T00:00:37+02:00] UE_SLOT_PID timestamp=2026-08-21T22:00:37+00:00 active_ues=31 slot=25 attempt=1 ue_idx=27 pid=47815
[2026-08-22T00:00:37+02:00] UE_SLOT_ASSIGN timestamp=2026-08-21T22:00:37+00:00 active_ues=31 slot=26 ue_idx=28 ue_if=uesimtun28 ue_ip=10.45.1.11 candidate_reused_global_suspect=0
[2026-08-22T00:00:37+02:00] UE_SLOT_START timestamp=2026-08-21T22:00:37+00:00 active_ues=31 slot=26 attempt=1 ue_idx=28 ue_if=uesimtun28 ue_ip=10.45.1.11 target=192.168.1.211:5227 bitrate=1M duration_s=80 planned_end_epoch=1787349717 timeout_s=90 hard_timeout_epoch=1787349732 start_rx_bytes=105471
[2026-08-22T00:00:37+02:00] UE_SLOT_PID timestamp=2026-08-21T22:00:37+00:00 active_ues=31 slot=26 attempt=1 ue_idx=28 pid=47840
[2026-08-22T00:00:38+02:00] UE_SLOT_ASSIGN timestamp=2026-08-21T22:00:38+00:00 active_ues=31 slot=27 ue_idx=29 ue_if=uesimtun29 ue_ip=10.45.1.16 candidate_reused_global_suspect=0
[2026-08-22T00:00:38+02:00] UE_SLOT_START timestamp=2026-08-21T22:00:38+00:00 active_ues=31 slot=27 attempt=1 ue_idx=29 ue_if=uesimtun29 ue_ip=10.45.1.16 target=192.168.1.211:5228 bitrate=1M duration_s=80 planned_end_epoch=1787349718 timeout_s=90 hard_timeout_epoch=1787349733 start_rx_bytes=97364
[2026-08-22T00:00:38+02:00] UE_SLOT_PID timestamp=2026-08-21T22:00:38+00:00 active_ues=31 slot=27 attempt=1 ue_idx=29 pid=47865
[2026-08-22T00:00:38+02:00] UPF_CONTROL_SAMPLE timestamp=2026-08-22T00:00:36+02:00 scenario=ue_31 pod=open5gs-upf-5b9db6d44-nsbqz uid=7b5b8ef7-a2a2-4fe9-a3e1-74acd17bd88f restarts=6 usage_cpu=436m usage_mem=35Mi request_cpu=379m request_mem=250Mi limit_cpu=none limit_mem=none vpa_target_cpu=410m vpa_target_mem=250Mi vpa_uncapped_cpu=410m vpa_uncapped_mem=250Mi vpa_lower_cpu=239m vpa_lower_mem=250Mi vpa_upper_cpu=1500m vpa_upper_mem=512Mi
[2026-08-22T00:00:38+02:00] UE_SLOT_ASSIGN timestamp=2026-08-21T22:00:38+00:00 active_ues=31 slot=28 ue_idx=30 ue_if=uesimtun30 ue_ip=10.45.1.20 candidate_reused_global_suspect=0
[2026-08-22T00:00:38+02:00] UE_SLOT_START timestamp=2026-08-21T22:00:38+00:00 active_ues=31 slot=28 attempt=1 ue_idx=30 ue_if=uesimtun30 ue_ip=10.45.1.20 target=192.168.1.211:5229 bitrate=1M duration_s=80 planned_end_epoch=1787349718 timeout_s=90 hard_timeout_epoch=1787349733 start_rx_bytes=6369
[2026-08-22T00:00:38+02:00] UE_SLOT_PID timestamp=2026-08-21T22:00:38+00:00 active_ues=31 slot=28 attempt=1 ue_idx=30 pid=47890
[2026-08-22T00:00:38+02:00] UE_SLOT_ASSIGN timestamp=2026-08-21T22:00:38+00:00 active_ues=31 slot=29 ue_idx=31 ue_if=uesimtun31 ue_ip=10.45.1.42 candidate_reused_global_suspect=0
[2026-08-22T00:00:38+02:00] UE_SLOT_START timestamp=2026-08-21T22:00:38+00:00 active_ues=31 slot=29 attempt=1 ue_idx=31 ue_if=uesimtun31 ue_ip=10.45.1.42 target=192.168.1.211:5230 bitrate=1M duration_s=80 planned_end_epoch=1787349718 timeout_s=90 hard_timeout_epoch=1787349733 start_rx_bytes=0
[2026-08-22T00:00:38+02:00] UE_SLOT_PID timestamp=2026-08-21T22:00:38+00:00 active_ues=31 slot=29 attempt=1 ue_idx=31 pid=47915
[2026-08-22T00:00:38+02:00] UE_SLOT_ASSIGN timestamp=2026-08-21T22:00:38+00:00 active_ues=31 slot=30 ue_idx=32 ue_if=uesimtun32 ue_ip=10.45.1.43 candidate_reused_global_suspect=0
[2026-08-22T00:00:39+02:00] UE_SLOT_START timestamp=2026-08-21T22:00:39+00:00 active_ues=31 slot=30 attempt=1 ue_idx=32 ue_if=uesimtun32 ue_ip=10.45.1.43 target=192.168.1.211:5231 bitrate=1M duration_s=80 planned_end_epoch=1787349718 timeout_s=90 hard_timeout_epoch=1787349733 start_rx_bytes=0
[2026-08-22T00:00:39+02:00] UE_SLOT_PID timestamp=2026-08-21T22:00:39+00:00 active_ues=31 slot=30 attempt=1 ue_idx=32 pid=47940
[2026-08-22T00:00:39+02:00] IPERF_MAPPING_SUMMARY timestamp=2026-08-21T22:00:39+00:00 active_ues=31 registered_tunnels=50 initial_ports=5201-5231 replacement_ports=5251-5265 bitrate=1M start_delay=0.05 detection=no_rx_counter replacement_min_duration_s=5 adaptive_extension_max_s=1 iperf_exit_grace_s=3 server_busy_port_rebinds=1 late_replacement_after_end=disabled wait_for_iperf_exit=until_timeout global_suspect_policy=soft_reuse ramp_supervision=after_initial_start
[2026-08-22T00:00:39+02:00] UE_SLOT_PROCESS_FAILURE timestamp=2026-08-21T22:00:39+00:00 active_ues=31 slot=16 attempt=1 ue_idx=17 ue_if=uesimtun17 ue_ip=10.45.1.22 port=5217 rc=1 elapsed_s=5 end_overrun_s=-75
[2026-08-22T00:00:40+02:00] FAILED_CLIENT_LOG_BEGIN slot=16 logfile=/tmp/upf_iperf_adaptive_20260821_233622_ue_31/slot_16_attempt_1_ue_17_port_5217.log
[2026-08-22T00:00:40+02:00] iperf3: error - the server is busy running a test. try again later
[2026-08-22T00:00:40+02:00] FAILED_CLIENT_LOG_END slot=16 logfile=/tmp/upf_iperf_adaptive_20260821_233622_ue_31/slot_16_attempt_1_ue_17_port_5217.log
[2026-08-22T00:00:40+02:00] UE_SLOT_SERVER_BUSY_PORT_REBIND timestamp=2026-08-21T22:00:40+00:00 active_ues=31 slot=16 ue_idx=17 ue_if=uesimtun17 ue_ip=10.45.1.22 old_port=5217 new_port=5251 rebind=1 limit=1 remaining_s=74 note=same_ue_no_blacklist_no_ue_replacement
[2026-08-22T00:00:40+02:00] UE_SLOT_START timestamp=2026-08-21T22:00:40+00:00 active_ues=31 slot=16 attempt=2 ue_idx=17 ue_if=uesimtun17 ue_ip=10.45.1.22 target=192.168.1.211:5251 bitrate=1M duration_s=74 planned_end_epoch=1787349714 timeout_s=84 hard_timeout_epoch=1787349729 start_rx_bytes=550296
[2026-08-22T00:00:40+02:00] UE_SLOT_PID timestamp=2026-08-21T22:00:40+00:00 active_ues=31 slot=16 attempt=2 ue_idx=17 pid=48016
[2026-08-22T00:00:40+02:00] UPF_CONTROL_SAMPLE timestamp=2026-08-22T00:00:39+02:00 scenario=ue_31 pod=open5gs-upf-5b9db6d44-nsbqz uid=7b5b8ef7-a2a2-4fe9-a3e1-74acd17bd88f restarts=6 usage_cpu=436m usage_mem=35Mi request_cpu=379m request_mem=250Mi limit_cpu=none limit_mem=none vpa_target_cpu=410m vpa_target_mem=250Mi vpa_uncapped_cpu=410m vpa_uncapped_mem=250Mi vpa_lower_cpu=239m vpa_lower_mem=250Mi vpa_upper_cpu=1500m vpa_upper_mem=512Mi
[2026-08-22T00:00:42+02:00] UPF_CONTROL_SAMPLE timestamp=2026-08-22T00:00:41+02:00 scenario=ue_31 pod=open5gs-upf-5b9db6d44-nsbqz uid=7b5b8ef7-a2a2-4fe9-a3e1-74acd17bd88f restarts=6 usage_cpu=118m usage_mem=35Mi request_cpu=379m request_mem=250Mi limit_cpu=none limit_mem=none vpa_target_cpu=410m vpa_target_mem=250Mi vpa_uncapped_cpu=410m vpa_uncapped_mem=250Mi vpa_lower_cpu=239m vpa_lower_mem=250Mi vpa_upper_cpu=1500m vpa_upper_mem=512Mi
[2026-08-22T00:00:45+02:00] UPF_CONTROL_SAMPLE timestamp=2026-08-22T00:00:44+02:00 scenario=ue_31 pod=open5gs-upf-5b9db6d44-nsbqz uid=7b5b8ef7-a2a2-4fe9-a3e1-74acd17bd88f restarts=6 usage_cpu=118m usage_mem=35Mi request_cpu=379m request_mem=250Mi limit_cpu=none limit_mem=none vpa_target_cpu=410m vpa_target_mem=250Mi vpa_uncapped_cpu=410m vpa_uncapped_mem=250Mi vpa_lower_cpu=239m vpa_lower_mem=250Mi vpa_upper_cpu=1500m vpa_upper_mem=512Mi
[2026-08-22T00:00:47+02:00] UPF_CONTROL_SAMPLE timestamp=2026-08-22T00:00:46+02:00 scenario=ue_31 pod=open5gs-upf-5b9db6d44-nsbqz uid=7b5b8ef7-a2a2-4fe9-a3e1-74acd17bd88f restarts=6 usage_cpu=118m usage_mem=35Mi request_cpu=379m request_mem=250Mi limit_cpu=none limit_mem=none vpa_target_cpu=410m vpa_target_mem=250Mi vpa_uncapped_cpu=410m vpa_uncapped_mem=250Mi vpa_lower_cpu=239m vpa_lower_mem=250Mi vpa_upper_cpu=1500m vpa_upper_mem=512Mi
[2026-08-22T00:00:49+02:00] UPF_CONTROL_SAMPLE timestamp=2026-08-22T00:00:48+02:00 scenario=ue_31 pod=open5gs-upf-5b9db6d44-nsbqz uid=7b5b8ef7-a2a2-4fe9-a3e1-74acd17bd88f restarts=6 usage_cpu=118m usage_mem=35Mi request_cpu=379m request_mem=250Mi limit_cpu=none limit_mem=none vpa_target_cpu=410m vpa_target_mem=250Mi vpa_uncapped_cpu=410m vpa_uncapped_mem=250Mi vpa_lower_cpu=239m vpa_lower_mem=250Mi vpa_upper_cpu=1500m vpa_upper_mem=512Mi
[2026-08-22T00:00:52+02:00] UPF_CONTROL_SAMPLE timestamp=2026-08-22T00:00:50+02:00 scenario=ue_31 pod=open5gs-upf-5b9db6d44-nsbqz uid=7b5b8ef7-a2a2-4fe9-a3e1-74acd17bd88f restarts=6 usage_cpu=118m usage_mem=35Mi request_cpu=379m request_mem=250Mi limit_cpu=none limit_mem=none vpa_target_cpu=410m vpa_target_mem=250Mi vpa_uncapped_cpu=410m vpa_uncapped_mem=250Mi vpa_lower_cpu=239m vpa_lower_mem=250Mi vpa_upper_cpu=1500m vpa_upper_mem=512Mi
[2026-08-22T00:00:52+02:00] FAILED_CLIENT_LOG_BEGIN slot=2 logfile=/tmp/upf_iperf_adaptive_20260821_233622_ue_31/slot_2_attempt_1_ue_2_port_5203.log
[2026-08-22T00:00:52+02:00] FAILED_CLIENT_LOG_END slot=2 logfile=/tmp/upf_iperf_adaptive_20260821_233622_ue_31/slot_2_attempt_1_ue_2_port_5203.log
[2026-08-22T00:00:52+02:00] UE_SLOT_PROBLEM_DETECTED timestamp=2026-08-21T22:00:52+00:00 active_ues=31 slot=2 attempt=1 ue_idx=2 ue_if=uesimtun2 ue_ip=10.45.0.254 port=5203 reason=rx_stall_5s remaining_s=59
[2026-08-22T00:00:52+02:00] UE_MARKED_PROBLEMATIC timestamp=2026-08-21T22:00:52+00:00 active_ues=31 ue_idx=2 reason=rx_stall_5s scope=scenario_and_global_suspect
[2026-08-22T00:00:52+02:00] UE_SLOT_REPLACE timestamp=2026-08-21T22:00:52+00:00 active_ues=31 slot=2 reason=rx_stall_5s old_attempt=1 old_ue_idx=2 old_ue_if=uesimtun2 old_ue_ip=10.45.0.254 old_port=5203 new_attempt=2 new_ue_idx=33 new_ue_if=uesimtun33 new_ue_ip=10.45.1.23 new_port=5252 remaining_s=59 extension_used_s=0 extension_limit_s=1 candidate_reused_global_suspect=0 replacements_total=1
[2026-08-22T00:00:52+02:00] UE_SLOT_START timestamp=2026-08-21T22:00:52+00:00 active_ues=31 slot=2 attempt=2 ue_idx=33 ue_if=uesimtun33 ue_ip=10.45.1.23 target=192.168.1.211:5252 bitrate=1M duration_s=59 planned_end_epoch=1787349711 timeout_s=69 hard_timeout_epoch=1787349726 start_rx_bytes=0
[2026-08-22T00:00:52+02:00] UE_SLOT_PID timestamp=2026-08-21T22:00:52+00:00 active_ues=31 slot=2 attempt=2 ue_idx=33 pid=48512
[2026-08-22T00:00:54+02:00] UPF_CONTROL_SAMPLE timestamp=2026-08-22T00:00:53+02:00 scenario=ue_31 pod=open5gs-upf-5b9db6d44-nsbqz uid=7b5b8ef7-a2a2-4fe9-a3e1-74acd17bd88f restarts=6 usage_cpu=118m usage_mem=35Mi request_cpu=379m request_mem=250Mi limit_cpu=none limit_mem=none vpa_target_cpu=410m vpa_target_mem=250Mi vpa_uncapped_cpu=410m vpa_uncapped_mem=250Mi vpa_lower_cpu=239m vpa_lower_mem=250Mi vpa_upper_cpu=1500m vpa_upper_mem=512Mi
[2026-08-22T00:00:56+02:00] UPF_CONTROL_SAMPLE timestamp=2026-08-22T00:00:55+02:00 scenario=ue_31 pod=open5gs-upf-5b9db6d44-nsbqz uid=7b5b8ef7-a2a2-4fe9-a3e1-74acd17bd88f restarts=6 usage_cpu=421m usage_mem=35Mi request_cpu=379m request_mem=250Mi limit_cpu=none limit_mem=none vpa_target_cpu=410m vpa_target_mem=250Mi vpa_uncapped_cpu=410m vpa_uncapped_mem=250Mi vpa_lower_cpu=239m vpa_lower_mem=250Mi vpa_upper_cpu=1500m vpa_upper_mem=512Mi
[2026-08-22T00:00:58+02:00] UPF_CONTROL_SAMPLE timestamp=2026-08-22T00:00:57+02:00 scenario=ue_31 pod=open5gs-upf-5b9db6d44-nsbqz uid=7b5b8ef7-a2a2-4fe9-a3e1-74acd17bd88f restarts=6 usage_cpu=421m usage_mem=35Mi request_cpu=379m request_mem=250Mi limit_cpu=none limit_mem=none vpa_target_cpu=410m vpa_target_mem=250Mi vpa_uncapped_cpu=410m vpa_uncapped_mem=250Mi vpa_lower_cpu=239m vpa_lower_mem=250Mi vpa_upper_cpu=1500m vpa_upper_mem=512Mi
[2026-08-22T00:01:01+02:00] UPF_CONTROL_SAMPLE timestamp=2026-08-22T00:00:59+02:00 scenario=ue_31 pod=open5gs-upf-5b9db6d44-nsbqz uid=7b5b8ef7-a2a2-4fe9-a3e1-74acd17bd88f restarts=6 usage_cpu=421m usage_mem=35Mi request_cpu=379m request_mem=250Mi limit_cpu=none limit_mem=none vpa_target_cpu=410m vpa_target_mem=250Mi vpa_uncapped_cpu=410m vpa_uncapped_mem=250Mi vpa_lower_cpu=239m vpa_lower_mem=250Mi vpa_upper_cpu=1500m vpa_upper_mem=512Mi
[2026-08-22T00:01:03+02:00] UPF_CONTROL_SAMPLE timestamp=2026-08-22T00:01:02+02:00 scenario=ue_31 pod=open5gs-upf-5b9db6d44-nsbqz uid=7b5b8ef7-a2a2-4fe9-a3e1-74acd17bd88f restarts=6 usage_cpu=421m usage_mem=35Mi request_cpu=379m request_mem=250Mi limit_cpu=none limit_mem=none vpa_target_cpu=410m vpa_target_mem=250Mi vpa_uncapped_cpu=410m vpa_uncapped_mem=250Mi vpa_lower_cpu=239m vpa_lower_mem=250Mi vpa_upper_cpu=1500m vpa_upper_mem=512Mi
[2026-08-22T00:01:05+02:00] UPF_CONTROL_SAMPLE timestamp=2026-08-22T00:01:04+02:00 scenario=ue_31 pod=open5gs-upf-5b9db6d44-nsbqz uid=7b5b8ef7-a2a2-4fe9-a3e1-74acd17bd88f restarts=6 usage_cpu=421m usage_mem=35Mi request_cpu=379m request_mem=250Mi limit_cpu=none limit_mem=none vpa_target_cpu=410m vpa_target_mem=250Mi vpa_uncapped_cpu=410m vpa_uncapped_mem=250Mi vpa_lower_cpu=239m vpa_lower_mem=250Mi vpa_upper_cpu=1500m vpa_upper_mem=512Mi
[2026-08-22T00:01:08+02:00] UPF_CONTROL_SAMPLE timestamp=2026-08-22T00:01:06+02:00 scenario=ue_31 pod=open5gs-upf-5b9db6d44-nsbqz uid=7b5b8ef7-a2a2-4fe9-a3e1-74acd17bd88f restarts=6 usage_cpu=421m usage_mem=35Mi request_cpu=379m request_mem=250Mi limit_cpu=none limit_mem=none vpa_target_cpu=410m vpa_target_mem=250Mi vpa_uncapped_cpu=410m vpa_uncapped_mem=250Mi vpa_lower_cpu=239m vpa_lower_mem=250Mi vpa_upper_cpu=1500m vpa_upper_mem=512Mi
[2026-08-22T00:01:10+02:00] UPF_CONTROL_SAMPLE timestamp=2026-08-22T00:01:09+02:00 scenario=ue_31 pod=open5gs-upf-5b9db6d44-nsbqz uid=7b5b8ef7-a2a2-4fe9-a3e1-74acd17bd88f restarts=6 usage_cpu=421m usage_mem=35Mi request_cpu=379m request_mem=250Mi limit_cpu=none limit_mem=none vpa_target_cpu=410m vpa_target_mem=250Mi vpa_uncapped_cpu=410m vpa_uncapped_mem=250Mi vpa_lower_cpu=239m vpa_lower_mem=250Mi vpa_upper_cpu=1500m vpa_upper_mem=512Mi
[2026-08-22T00:01:12+02:00] UPF_CONTROL_SAMPLE timestamp=2026-08-22T00:01:11+02:00 scenario=ue_31 pod=open5gs-upf-5b9db6d44-nsbqz uid=7b5b8ef7-a2a2-4fe9-a3e1-74acd17bd88f restarts=6 usage_cpu=421m usage_mem=35Mi request_cpu=379m request_mem=250Mi limit_cpu=none limit_mem=none vpa_target_cpu=410m vpa_target_mem=250Mi vpa_uncapped_cpu=410m vpa_uncapped_mem=250Mi vpa_lower_cpu=239m vpa_lower_mem=250Mi vpa_upper_cpu=1500m vpa_upper_mem=512Mi
[2026-08-22T00:01:15+02:00] UPF_CONTROL_SAMPLE timestamp=2026-08-22T00:01:13+02:00 scenario=ue_31 pod=open5gs-upf-5b9db6d44-nsbqz uid=7b5b8ef7-a2a2-4fe9-a3e1-74acd17bd88f restarts=6 usage_cpu=421m usage_mem=35Mi request_cpu=379m request_mem=250Mi limit_cpu=none limit_mem=none vpa_target_cpu=410m vpa_target_mem=250Mi vpa_uncapped_cpu=410m vpa_uncapped_mem=250Mi vpa_lower_cpu=239m vpa_lower_mem=250Mi vpa_upper_cpu=1500m vpa_upper_mem=512Mi
[2026-08-22T00:01:15+02:00] FAILED_CLIENT_LOG_BEGIN slot=15 logfile=/tmp/upf_iperf_adaptive_20260821_233622_ue_31/slot_15_attempt_1_ue_15_port_5216.log
[2026-08-22T00:01:15+02:00] FAILED_CLIENT_LOG_END slot=15 logfile=/tmp/upf_iperf_adaptive_20260821_233622_ue_31/slot_15_attempt_1_ue_15_port_5216.log
[2026-08-22T00:01:15+02:00] UE_SLOT_PROBLEM_DETECTED timestamp=2026-08-21T22:01:15+00:00 active_ues=31 slot=15 attempt=1 ue_idx=15 ue_if=uesimtun15 ue_ip=10.45.1.19 port=5216 reason=rx_stall_5s remaining_s=39
[2026-08-22T00:01:15+02:00] UE_MARKED_PROBLEMATIC timestamp=2026-08-21T22:01:15+00:00 active_ues=31 ue_idx=15 reason=rx_stall_5s scope=scenario_and_global_suspect
[2026-08-22T00:01:15+02:00] UE_SLOT_REPLACE timestamp=2026-08-21T22:01:15+00:00 active_ues=31 slot=15 reason=rx_stall_5s old_attempt=1 old_ue_idx=15 old_ue_if=uesimtun15 old_ue_ip=10.45.1.19 old_port=5216 new_attempt=2 new_ue_idx=34 new_ue_if=uesimtun34 new_ue_ip=10.45.1.25 new_port=5253 remaining_s=39 extension_used_s=0 extension_limit_s=1 candidate_reused_global_suspect=0 replacements_total=2
[2026-08-22T00:01:15+02:00] UE_SLOT_START timestamp=2026-08-21T22:01:15+00:00 active_ues=31 slot=15 attempt=2 ue_idx=34 ue_if=uesimtun34 ue_ip=10.45.1.25 target=192.168.1.211:5253 bitrate=1M duration_s=39 planned_end_epoch=1787349714 timeout_s=49 hard_timeout_epoch=1787349729 start_rx_bytes=0
[2026-08-22T00:01:15+02:00] UE_SLOT_PID timestamp=2026-08-21T22:01:15+00:00 active_ues=31 slot=15 attempt=2 ue_idx=34 pid=49497
[2026-08-22T00:01:17+02:00] UPF_CONTROL_SAMPLE timestamp=2026-08-22T00:01:16+02:00 scenario=ue_31 pod=open5gs-upf-5b9db6d44-nsbqz uid=7b5b8ef7-a2a2-4fe9-a3e1-74acd17bd88f restarts=6 usage_cpu=421m usage_mem=35Mi request_cpu=379m request_mem=250Mi limit_cpu=none limit_mem=none vpa_target_cpu=410m vpa_target_mem=250Mi vpa_uncapped_cpu=410m vpa_uncapped_mem=250Mi vpa_lower_cpu=239m vpa_lower_mem=250Mi vpa_upper_cpu=1500m vpa_upper_mem=512Mi
[2026-08-22T00:01:19+02:00] UPF_CONTROL_SAMPLE timestamp=2026-08-22T00:01:18+02:00 scenario=ue_31 pod=open5gs-upf-5b9db6d44-nsbqz uid=7b5b8ef7-a2a2-4fe9-a3e1-74acd17bd88f restarts=6 usage_cpu=421m usage_mem=35Mi request_cpu=379m request_mem=250Mi limit_cpu=none limit_mem=none vpa_target_cpu=410m vpa_target_mem=250Mi vpa_uncapped_cpu=410m vpa_uncapped_mem=250Mi vpa_lower_cpu=239m vpa_lower_mem=250Mi vpa_upper_cpu=1500m vpa_upper_mem=512Mi
[2026-08-22T00:01:20+02:00] FAILED_CLIENT_LOG_BEGIN slot=15 logfile=/tmp/upf_iperf_adaptive_20260821_233622_ue_31/slot_15_attempt_2_ue_34_port_5253.log
[2026-08-22T00:01:20+02:00] FAILED_CLIENT_LOG_END slot=15 logfile=/tmp/upf_iperf_adaptive_20260821_233622_ue_31/slot_15_attempt_2_ue_34_port_5253.log
[2026-08-22T00:01:20+02:00] UE_SLOT_PROBLEM_DETECTED timestamp=2026-08-21T22:01:20+00:00 active_ues=31 slot=15 attempt=2 ue_idx=34 ue_if=uesimtun34 ue_ip=10.45.1.25 port=5253 reason=no_rx_after_connect_timeout_4s remaining_s=34
[2026-08-22T00:01:20+02:00] UE_MARKED_PROBLEMATIC timestamp=2026-08-21T22:01:20+00:00 active_ues=31 ue_idx=34 reason=no_rx_after_connect_timeout_4s scope=scenario_and_global_suspect
[2026-08-22T00:01:20+02:00] UE_SLOT_REPLACE timestamp=2026-08-21T22:01:20+00:00 active_ues=31 slot=15 reason=no_rx_after_connect_timeout_4s old_attempt=2 old_ue_idx=34 old_ue_if=uesimtun34 old_ue_ip=10.45.1.25 old_port=5253 new_attempt=3 new_ue_idx=35 new_ue_if=uesimtun35 new_ue_ip=10.45.1.26 new_port=5254 remaining_s=34 extension_used_s=0 extension_limit_s=1 candidate_reused_global_suspect=0 replacements_total=3
[2026-08-22T00:01:20+02:00] UE_SLOT_START timestamp=2026-08-21T22:01:20+00:00 active_ues=31 slot=15 attempt=3 ue_idx=35 ue_if=uesimtun35 ue_ip=10.45.1.26 target=192.168.1.211:5254 bitrate=1M duration_s=34 planned_end_epoch=1787349714 timeout_s=44 hard_timeout_epoch=1787349729 start_rx_bytes=0
[2026-08-22T00:01:20+02:00] UE_SLOT_PID timestamp=2026-08-21T22:01:20+00:00 active_ues=31 slot=15 attempt=3 ue_idx=35 pid=49729
[2026-08-22T00:01:21+02:00] UPF_CONTROL_SAMPLE timestamp=2026-08-22T00:01:20+02:00 scenario=ue_31 pod=open5gs-upf-5b9db6d44-nsbqz uid=7b5b8ef7-a2a2-4fe9-a3e1-74acd17bd88f restarts=6 usage_cpu=421m usage_mem=35Mi request_cpu=379m request_mem=250Mi limit_cpu=none limit_mem=none vpa_target_cpu=410m vpa_target_mem=250Mi vpa_uncapped_cpu=410m vpa_uncapped_mem=250Mi vpa_lower_cpu=239m vpa_lower_mem=250Mi vpa_upper_cpu=1500m vpa_upper_mem=512Mi
[2026-08-22T00:01:24+02:00] UPF_CONTROL_SAMPLE timestamp=2026-08-22T00:01:22+02:00 scenario=ue_31 pod=open5gs-upf-5b9db6d44-nsbqz uid=7b5b8ef7-a2a2-4fe9-a3e1-74acd17bd88f restarts=6 usage_cpu=421m usage_mem=35Mi request_cpu=379m request_mem=250Mi limit_cpu=none limit_mem=none vpa_target_cpu=410m vpa_target_mem=250Mi vpa_uncapped_cpu=410m vpa_uncapped_mem=250Mi vpa_lower_cpu=239m vpa_lower_mem=250Mi vpa_upper_cpu=1500m vpa_upper_mem=512Mi
[2026-08-22T00:01:25+02:00] FAILED_CLIENT_LOG_BEGIN slot=15 logfile=/tmp/upf_iperf_adaptive_20260821_233622_ue_31/slot_15_attempt_3_ue_35_port_5254.log
[2026-08-22T00:01:25+02:00] FAILED_CLIENT_LOG_END slot=15 logfile=/tmp/upf_iperf_adaptive_20260821_233622_ue_31/slot_15_attempt_3_ue_35_port_5254.log
[2026-08-22T00:01:25+02:00] UE_SLOT_PROBLEM_DETECTED timestamp=2026-08-21T22:01:25+00:00 active_ues=31 slot=15 attempt=3 ue_idx=35 ue_if=uesimtun35 ue_ip=10.45.1.26 port=5254 reason=no_rx_after_connect_timeout_4s remaining_s=29
[2026-08-22T00:01:26+02:00] UE_MARKED_PROBLEMATIC timestamp=2026-08-21T22:01:26+00:00 active_ues=31 ue_idx=35 reason=no_rx_after_connect_timeout_4s scope=scenario_and_global_suspect
[2026-08-22T00:01:26+02:00] UE_SLOT_REPLACE timestamp=2026-08-21T22:01:26+00:00 active_ues=31 slot=15 reason=no_rx_after_connect_timeout_4s old_attempt=3 old_ue_idx=35 old_ue_if=uesimtun35 old_ue_ip=10.45.1.26 old_port=5254 new_attempt=4 new_ue_idx=36 new_ue_if=uesimtun36 new_ue_ip=10.45.1.5 new_port=5255 remaining_s=29 extension_used_s=0 extension_limit_s=1 candidate_reused_global_suspect=0 replacements_total=4
[2026-08-22T00:01:26+02:00] UE_SLOT_START timestamp=2026-08-21T22:01:26+00:00 active_ues=31 slot=15 attempt=4 ue_idx=36 ue_if=uesimtun36 ue_ip=10.45.1.5 target=192.168.1.211:5255 bitrate=1M duration_s=29 planned_end_epoch=1787349714 timeout_s=39 hard_timeout_epoch=1787349730 start_rx_bytes=0
[2026-08-22T00:01:26+02:00] UE_SLOT_PID timestamp=2026-08-21T22:01:26+00:00 active_ues=31 slot=15 attempt=4 ue_idx=36 pid=49961
[2026-08-22T00:01:26+02:00] UPF_CONTROL_SAMPLE timestamp=2026-08-22T00:01:25+02:00 scenario=ue_31 pod=open5gs-upf-5b9db6d44-nsbqz uid=7b5b8ef7-a2a2-4fe9-a3e1-74acd17bd88f restarts=6 usage_cpu=479m usage_mem=35Mi request_cpu=379m request_mem=250Mi limit_cpu=none limit_mem=none vpa_target_cpu=410m vpa_target_mem=250Mi vpa_uncapped_cpu=410m vpa_uncapped_mem=250Mi vpa_lower_cpu=239m vpa_lower_mem=250Mi vpa_upper_cpu=1500m vpa_upper_mem=512Mi
[2026-08-22T00:01:28+02:00] UPF_CONTROL_SAMPLE timestamp=2026-08-22T00:01:27+02:00 scenario=ue_31 pod=open5gs-upf-5b9db6d44-nsbqz uid=7b5b8ef7-a2a2-4fe9-a3e1-74acd17bd88f restarts=6 usage_cpu=479m usage_mem=35Mi request_cpu=379m request_mem=250Mi limit_cpu=none limit_mem=none vpa_target_cpu=410m vpa_target_mem=250Mi vpa_uncapped_cpu=410m vpa_uncapped_mem=250Mi vpa_lower_cpu=239m vpa_lower_mem=250Mi vpa_upper_cpu=1500m vpa_upper_mem=512Mi
[2026-08-22T00:01:30+02:00] UPF_CONTROL_SAMPLE timestamp=2026-08-22T00:01:29+02:00 scenario=ue_31 pod=open5gs-upf-5b9db6d44-nsbqz uid=7b5b8ef7-a2a2-4fe9-a3e1-74acd17bd88f restarts=6 usage_cpu=479m usage_mem=35Mi request_cpu=379m request_mem=250Mi limit_cpu=none limit_mem=none vpa_target_cpu=410m vpa_target_mem=250Mi vpa_uncapped_cpu=410m vpa_uncapped_mem=250Mi vpa_lower_cpu=239m vpa_lower_mem=250Mi vpa_upper_cpu=1500m vpa_upper_mem=512Mi
[2026-08-22T00:01:33+02:00] UPF_CONTROL_SAMPLE timestamp=2026-08-22T00:01:31+02:00 scenario=ue_31 pod=open5gs-upf-5b9db6d44-nsbqz uid=7b5b8ef7-a2a2-4fe9-a3e1-74acd17bd88f restarts=6 usage_cpu=479m usage_mem=35Mi request_cpu=379m request_mem=250Mi limit_cpu=none limit_mem=none vpa_target_cpu=410m vpa_target_mem=250Mi vpa_uncapped_cpu=410m vpa_uncapped_mem=250Mi vpa_lower_cpu=239m vpa_lower_mem=250Mi vpa_upper_cpu=1500m vpa_upper_mem=512Mi
[2026-08-22T00:01:35+02:00] VPA_RECOMMENDATION_CHANGE timestamp=2026-08-22T00:01:34+02:00 scenario=ue_31 old='vpa_target_cpu=410m vpa_target_mem=250Mi vpa_uncapped_cpu=410m vpa_uncapped_mem=250Mi vpa_lower_cpu=239m vpa_lower_mem=250Mi vpa_upper_cpu=1500m vpa_upper_mem=512Mi' new='vpa_target_cpu=476m vpa_target_mem=250Mi vpa_uncapped_cpu=476m vpa_uncapped_mem=250Mi vpa_lower_cpu=240m vpa_lower_mem=250Mi vpa_upper_cpu=1500m vpa_upper_mem=512Mi' previous_5s_sample='timestamp=2026-08-22T00:01:29+02:00 scenario=ue_31 pod=open5gs-upf-5b9db6d44-nsbqz uid=7b5b8ef7-a2a2-4fe9-a3e1-74acd17bd88f restarts=6 usage_cpu=479m usage_mem=35Mi request_cpu=379m request_mem=250Mi limit_cpu=none limit_mem=none vpa_target_cpu=410m vpa_target_mem=250Mi vpa_uncapped_cpu=410m vpa_uncapped_mem=250Mi vpa_lower_cpu=239m vpa_lower_mem=250Mi vpa_upper_cpu=1500m vpa_upper_mem=512Mi' current_sample='timestamp=2026-08-22T00:01:34+02:00 scenario=ue_31 pod=open5gs-upf-5b9db6d44-nsbqz uid=7b5b8ef7-a2a2-4fe9-a3e1-74acd17bd88f restarts=6 usage_cpu=479m usage_mem=35Mi request_cpu=379m request_mem=250Mi limit_cpu=none limit_mem=none vpa_target_cpu=476m vpa_target_mem=250Mi vpa_uncapped_cpu=476m vpa_uncapped_mem=250Mi vpa_lower_cpu=240m vpa_lower_mem=250Mi vpa_upper_cpu=1500m vpa_upper_mem=512Mi'
[2026-08-22T00:01:35+02:00] UPF_CONTROL_SAMPLE timestamp=2026-08-22T00:01:34+02:00 scenario=ue_31 pod=open5gs-upf-5b9db6d44-nsbqz uid=7b5b8ef7-a2a2-4fe9-a3e1-74acd17bd88f restarts=6 usage_cpu=479m usage_mem=35Mi request_cpu=379m request_mem=250Mi limit_cpu=none limit_mem=none vpa_target_cpu=476m vpa_target_mem=250Mi vpa_uncapped_cpu=476m vpa_uncapped_mem=250Mi vpa_lower_cpu=240m vpa_lower_mem=250Mi vpa_upper_cpu=1500m vpa_upper_mem=512Mi
[2026-08-22T00:01:37+02:00] UPF_CONTROL_SAMPLE timestamp=2026-08-22T00:01:36+02:00 scenario=ue_31 pod=open5gs-upf-5b9db6d44-nsbqz uid=7b5b8ef7-a2a2-4fe9-a3e1-74acd17bd88f restarts=6 usage_cpu=479m usage_mem=35Mi request_cpu=379m request_mem=250Mi limit_cpu=none limit_mem=none vpa_target_cpu=476m vpa_target_mem=250Mi vpa_uncapped_cpu=476m vpa_uncapped_mem=250Mi vpa_lower_cpu=240m vpa_lower_mem=250Mi vpa_upper_cpu=1500m vpa_upper_mem=512Mi
[2026-08-22T00:01:40+02:00] UPF_CONTROL_SAMPLE timestamp=2026-08-22T00:01:38+02:00 scenario=ue_31 pod=open5gs-upf-5b9db6d44-nsbqz uid=7b5b8ef7-a2a2-4fe9-a3e1-74acd17bd88f restarts=6 usage_cpu=479m usage_mem=35Mi request_cpu=379m request_mem=250Mi limit_cpu=none limit_mem=none vpa_target_cpu=476m vpa_target_mem=250Mi vpa_uncapped_cpu=476m vpa_uncapped_mem=250Mi vpa_lower_cpu=240m vpa_lower_mem=250Mi vpa_upper_cpu=1500m vpa_upper_mem=512Mi
[2026-08-22T00:01:42+02:00] UPF_CONTROL_SAMPLE timestamp=2026-08-22T00:01:41+02:00 scenario=ue_31 pod=open5gs-upf-5b9db6d44-nsbqz uid=7b5b8ef7-a2a2-4fe9-a3e1-74acd17bd88f restarts=6 usage_cpu=490m usage_mem=35Mi request_cpu=379m request_mem=250Mi limit_cpu=none limit_mem=none vpa_target_cpu=476m vpa_target_mem=250Mi vpa_uncapped_cpu=476m vpa_uncapped_mem=250Mi vpa_lower_cpu=240m vpa_lower_mem=250Mi vpa_upper_cpu=1500m vpa_upper_mem=512Mi
[2026-08-22T00:01:44+02:00] UPF_CONTROL_SAMPLE timestamp=2026-08-22T00:01:43+02:00 scenario=ue_31 pod=open5gs-upf-5b9db6d44-nsbqz uid=7b5b8ef7-a2a2-4fe9-a3e1-74acd17bd88f restarts=6 usage_cpu=490m usage_mem=35Mi request_cpu=379m request_mem=250Mi limit_cpu=none limit_mem=none vpa_target_cpu=476m vpa_target_mem=250Mi vpa_uncapped_cpu=476m vpa_uncapped_mem=250Mi vpa_lower_cpu=240m vpa_lower_mem=250Mi vpa_upper_cpu=1500m vpa_upper_mem=512Mi
[2026-08-22T00:01:46+02:00] UPF_CONTROL_SAMPLE timestamp=2026-08-22T00:01:45+02:00 scenario=ue_31 pod=open5gs-upf-5b9db6d44-nsbqz uid=7b5b8ef7-a2a2-4fe9-a3e1-74acd17bd88f restarts=6 usage_cpu=490m usage_mem=35Mi request_cpu=379m request_mem=250Mi limit_cpu=none limit_mem=none vpa_target_cpu=476m vpa_target_mem=250Mi vpa_uncapped_cpu=476m vpa_uncapped_mem=250Mi vpa_lower_cpu=240m vpa_lower_mem=250Mi vpa_upper_cpu=1500m vpa_upper_mem=512Mi
[2026-08-22T00:01:49+02:00] UPF_CONTROL_SAMPLE timestamp=2026-08-22T00:01:47+02:00 scenario=ue_31 pod=open5gs-upf-5b9db6d44-nsbqz uid=7b5b8ef7-a2a2-4fe9-a3e1-74acd17bd88f restarts=6 usage_cpu=490m usage_mem=35Mi request_cpu=379m request_mem=250Mi limit_cpu=none limit_mem=none vpa_target_cpu=476m vpa_target_mem=250Mi vpa_uncapped_cpu=476m vpa_uncapped_mem=250Mi vpa_lower_cpu=240m vpa_lower_mem=250Mi vpa_upper_cpu=1500m vpa_upper_mem=512Mi
[2026-08-22T00:01:51+02:00] UPF_CONTROL_SAMPLE timestamp=2026-08-22T00:01:50+02:00 scenario=ue_31 pod=open5gs-upf-5b9db6d44-nsbqz uid=7b5b8ef7-a2a2-4fe9-a3e1-74acd17bd88f restarts=6 usage_cpu=490m usage_mem=35Mi request_cpu=379m request_mem=250Mi limit_cpu=none limit_mem=none vpa_target_cpu=476m vpa_target_mem=250Mi vpa_uncapped_cpu=476m vpa_uncapped_mem=250Mi vpa_lower_cpu=240m vpa_lower_mem=250Mi vpa_upper_cpu=1500m vpa_upper_mem=512Mi
[2026-08-22T00:01:52+02:00] UE_SLOT_DONE timestamp=2026-08-21T22:01:52+00:00 active_ues=31 slot=0 attempt=1 ue_idx=0 ue_if=uesimtun0 ue_ip=10.45.0.252 port=5201 rc=0 replacements_for_slot=0 server_busy_retries_for_slot=0
[2026-08-22T00:01:52+02:00] UE_SLOT_DONE timestamp=2026-08-21T22:01:52+00:00 active_ues=31 slot=1 attempt=1 ue_idx=1 ue_if=uesimtun1 ue_ip=10.45.0.253 port=5202 rc=0 replacements_for_slot=0 server_busy_retries_for_slot=0
[2026-08-22T00:01:52+02:00] UE_SLOT_DONE timestamp=2026-08-21T22:01:52+00:00 active_ues=31 slot=2 attempt=2 ue_idx=33 ue_if=uesimtun33 ue_ip=10.45.1.23 port=5252 rc=0 replacements_for_slot=1 server_busy_retries_for_slot=0
[2026-08-22T00:01:52+02:00] UE_SLOT_DONE timestamp=2026-08-21T22:01:52+00:00 active_ues=31 slot=3 attempt=1 ue_idx=3 ue_if=uesimtun3 ue_ip=10.45.1.0 port=5204 rc=0 replacements_for_slot=0 server_busy_retries_for_slot=0
[2026-08-22T00:01:52+02:00] UE_SLOT_DONE timestamp=2026-08-21T22:01:52+00:00 active_ues=31 slot=4 attempt=1 ue_idx=4 ue_if=uesimtun4 ue_ip=10.45.1.1 port=5205 rc=0 replacements_for_slot=0 server_busy_retries_for_slot=0
[2026-08-22T00:01:53+02:00] UPF_CONTROL_SAMPLE timestamp=2026-08-22T00:01:52+02:00 scenario=ue_31 pod=open5gs-upf-5b9db6d44-nsbqz uid=7b5b8ef7-a2a2-4fe9-a3e1-74acd17bd88f restarts=6 usage_cpu=490m usage_mem=35Mi request_cpu=379m request_mem=250Mi limit_cpu=none limit_mem=none vpa_target_cpu=476m vpa_target_mem=250Mi vpa_uncapped_cpu=476m vpa_uncapped_mem=250Mi vpa_lower_cpu=240m vpa_lower_mem=250Mi vpa_upper_cpu=1500m vpa_upper_mem=512Mi
[2026-08-22T00:01:54+02:00] UE_SLOT_DONE timestamp=2026-08-21T22:01:54+00:00 active_ues=31 slot=5 attempt=1 ue_idx=5 ue_if=uesimtun5 ue_ip=10.45.1.3 port=5206 rc=0 replacements_for_slot=0 server_busy_retries_for_slot=0
[2026-08-22T00:01:54+02:00] UE_SLOT_DONE timestamp=2026-08-21T22:01:54+00:00 active_ues=31 slot=6 attempt=1 ue_idx=6 ue_if=uesimtun6 ue_ip=10.45.0.255 port=5207 rc=0 replacements_for_slot=0 server_busy_retries_for_slot=0
[2026-08-22T00:01:54+02:00] UE_SLOT_DONE timestamp=2026-08-21T22:01:54+00:00 active_ues=31 slot=7 attempt=1 ue_idx=7 ue_if=uesimtun7 ue_ip=10.45.1.6 port=5208 rc=0 replacements_for_slot=0 server_busy_retries_for_slot=0
[2026-08-22T00:01:55+02:00] UE_SLOT_DONE timestamp=2026-08-21T22:01:55+00:00 active_ues=31 slot=8 attempt=1 ue_idx=8 ue_if=uesimtun8 ue_ip=10.45.1.10 port=5209 rc=0 replacements_for_slot=0 server_busy_retries_for_slot=0
[2026-08-22T00:01:55+02:00] UE_SLOT_DONE timestamp=2026-08-21T22:01:55+00:00 active_ues=31 slot=9 attempt=1 ue_idx=9 ue_if=uesimtun9 ue_ip=10.45.1.7 port=5210 rc=0 replacements_for_slot=0 server_busy_retries_for_slot=0
[2026-08-22T00:01:55+02:00] UE_SLOT_DONE timestamp=2026-08-21T22:01:55+00:00 active_ues=31 slot=10 attempt=1 ue_idx=10 ue_if=uesimtun10 ue_ip=10.45.1.14 port=5211 rc=0 replacements_for_slot=0 server_busy_retries_for_slot=0
[2026-08-22T00:01:55+02:00] UE_SLOT_DONE timestamp=2026-08-21T22:01:55+00:00 active_ues=31 slot=11 attempt=1 ue_idx=11 ue_if=uesimtun11 ue_ip=10.45.1.15 port=5212 rc=0 replacements_for_slot=0 server_busy_retries_for_slot=0
[2026-08-22T00:01:55+02:00] UE_SLOT_DONE timestamp=2026-08-21T22:01:55+00:00 active_ues=31 slot=12 attempt=1 ue_idx=12 ue_if=uesimtun12 ue_ip=10.45.1.12 port=5213 rc=0 replacements_for_slot=0 server_busy_retries_for_slot=0
[2026-08-22T00:01:55+02:00] UE_SLOT_DONE timestamp=2026-08-21T22:01:55+00:00 active_ues=31 slot=13 attempt=1 ue_idx=13 ue_if=uesimtun13 ue_ip=10.45.1.18 port=5214 rc=0 replacements_for_slot=0 server_busy_retries_for_slot=0
[2026-08-22T00:01:55+02:00] UE_SLOT_DONE timestamp=2026-08-21T22:01:55+00:00 active_ues=31 slot=14 attempt=1 ue_idx=14 ue_if=uesimtun14 ue_ip=10.45.1.4 port=5215 rc=0 replacements_for_slot=0 server_busy_retries_for_slot=0
[2026-08-22T00:01:55+02:00] UE_SLOT_DONE timestamp=2026-08-21T22:01:55+00:00 active_ues=31 slot=16 attempt=2 ue_idx=17 ue_if=uesimtun17 ue_ip=10.45.1.22 port=5251 rc=0 replacements_for_slot=0 server_busy_retries_for_slot=1
[2026-08-22T00:01:55+02:00] UE_SLOT_DONE timestamp=2026-08-21T22:01:55+00:00 active_ues=31 slot=17 attempt=1 ue_idx=19 ue_if=uesimtun19 ue_ip=10.45.1.27 port=5218 rc=0 replacements_for_slot=0 server_busy_retries_for_slot=0
[2026-08-22T00:01:55+02:00] UPF_CONTROL_SAMPLE timestamp=2026-08-22T00:01:54+02:00 scenario=ue_31 pod=open5gs-upf-5b9db6d44-nsbqz uid=7b5b8ef7-a2a2-4fe9-a3e1-74acd17bd88f restarts=6 usage_cpu=455m usage_mem=35Mi request_cpu=379m request_mem=250Mi limit_cpu=none limit_mem=none vpa_target_cpu=476m vpa_target_mem=250Mi vpa_uncapped_cpu=476m vpa_uncapped_mem=250Mi vpa_lower_cpu=240m vpa_lower_mem=250Mi vpa_upper_cpu=1500m vpa_upper_mem=512Mi
[2026-08-22T00:01:57+02:00] UE_SLOT_DONE timestamp=2026-08-21T22:01:57+00:00 active_ues=31 slot=15 attempt=4 ue_idx=36 ue_if=uesimtun36 ue_ip=10.45.1.5 port=5255 rc=0 replacements_for_slot=3 server_busy_retries_for_slot=0
[2026-08-22T00:01:57+02:00] UE_SLOT_DONE timestamp=2026-08-21T22:01:57+00:00 active_ues=31 slot=18 attempt=1 ue_idx=20 ue_if=uesimtun20 ue_ip=10.45.1.28 port=5219 rc=0 replacements_for_slot=0 server_busy_retries_for_slot=0
[2026-08-22T00:01:57+02:00] UE_SLOT_DONE timestamp=2026-08-21T22:01:57+00:00 active_ues=31 slot=19 attempt=1 ue_idx=21 ue_if=uesimtun21 ue_ip=10.45.1.29 port=5220 rc=0 replacements_for_slot=0 server_busy_retries_for_slot=0
[2026-08-22T00:01:57+02:00] UE_SLOT_DONE timestamp=2026-08-21T22:01:57+00:00 active_ues=31 slot=20 attempt=1 ue_idx=22 ue_if=uesimtun22 ue_ip=10.45.1.30 port=5221 rc=0 replacements_for_slot=0 server_busy_retries_for_slot=0
[2026-08-22T00:01:57+02:00] UE_SLOT_DONE timestamp=2026-08-21T22:01:57+00:00 active_ues=31 slot=21 attempt=1 ue_idx=23 ue_if=uesimtun23 ue_ip=10.45.1.34 port=5222 rc=0 replacements_for_slot=0 server_busy_retries_for_slot=0
[2026-08-22T00:01:57+02:00] UE_SLOT_DONE timestamp=2026-08-21T22:01:57+00:00 active_ues=31 slot=22 attempt=1 ue_idx=24 ue_if=uesimtun24 ue_ip=10.45.1.32 port=5223 rc=0 replacements_for_slot=0 server_busy_retries_for_slot=0
[2026-08-22T00:01:57+02:00] UE_SLOT_DONE timestamp=2026-08-21T22:01:57+00:00 active_ues=31 slot=23 attempt=1 ue_idx=25 ue_if=uesimtun25 ue_ip=10.45.1.36 port=5224 rc=0 replacements_for_slot=0 server_busy_retries_for_slot=0
[2026-08-22T00:01:57+02:00] UE_SLOT_DONE timestamp=2026-08-21T22:01:57+00:00 active_ues=31 slot=24 attempt=1 ue_idx=26 ue_if=uesimtun26 ue_ip=10.45.1.40 port=5225 rc=0 replacements_for_slot=0 server_busy_retries_for_slot=0
[2026-08-22T00:01:58+02:00] UPF_CONTROL_SAMPLE timestamp=2026-08-22T00:01:57+02:00 scenario=ue_31 pod=open5gs-upf-5b9db6d44-nsbqz uid=7b5b8ef7-a2a2-4fe9-a3e1-74acd17bd88f restarts=6 usage_cpu=455m usage_mem=35Mi request_cpu=379m request_mem=250Mi limit_cpu=none limit_mem=none vpa_target_cpu=476m vpa_target_mem=250Mi vpa_uncapped_cpu=476m vpa_uncapped_mem=250Mi vpa_lower_cpu=240m vpa_lower_mem=250Mi vpa_upper_cpu=1500m vpa_upper_mem=512Mi
[2026-08-22T00:01:58+02:00] UE_SLOT_DONE timestamp=2026-08-21T22:01:58+00:00 active_ues=31 slot=25 attempt=1 ue_idx=27 ue_if=uesimtun27 ue_ip=10.45.1.8 port=5226 rc=0 replacements_for_slot=0 server_busy_retries_for_slot=0
[2026-08-22T00:01:58+02:00] UE_SLOT_DONE timestamp=2026-08-21T22:01:58+00:00 active_ues=31 slot=26 attempt=1 ue_idx=28 ue_if=uesimtun28 ue_ip=10.45.1.11 port=5227 rc=0 replacements_for_slot=0 server_busy_retries_for_slot=0
[2026-08-22T00:01:58+02:00] UE_SLOT_DONE timestamp=2026-08-21T22:01:58+00:00 active_ues=31 slot=27 attempt=1 ue_idx=29 ue_if=uesimtun29 ue_ip=10.45.1.16 port=5228 rc=0 replacements_for_slot=0 server_busy_retries_for_slot=0
[2026-08-22T00:01:58+02:00] UE_SLOT_DONE timestamp=2026-08-21T22:01:58+00:00 active_ues=31 slot=28 attempt=1 ue_idx=30 ue_if=uesimtun30 ue_ip=10.45.1.20 port=5229 rc=0 replacements_for_slot=0 server_busy_retries_for_slot=0
[2026-08-22T00:01:58+02:00] UE_SLOT_DONE timestamp=2026-08-21T22:01:58+00:00 active_ues=31 slot=29 attempt=1 ue_idx=31 ue_if=uesimtun31 ue_ip=10.45.1.42 port=5230 rc=0 replacements_for_slot=0 server_busy_retries_for_slot=0
[2026-08-22T00:02:00+02:00] UE_SLOT_DONE timestamp=2026-08-21T22:02:00+00:00 active_ues=31 slot=30 attempt=1 ue_idx=32 ue_if=uesimtun32 ue_ip=10.45.1.43 port=5231 rc=0 replacements_for_slot=0 server_busy_retries_for_slot=0
[2026-08-22T00:02:00+02:00] UPF_CONTROL_SAMPLE timestamp=2026-08-22T00:01:59+02:00 scenario=ue_31 pod=open5gs-upf-5b9db6d44-nsbqz uid=7b5b8ef7-a2a2-4fe9-a3e1-74acd17bd88f restarts=6 usage_cpu=455m usage_mem=35Mi request_cpu=379m request_mem=250Mi limit_cpu=none limit_mem=none vpa_target_cpu=476m vpa_target_mem=250Mi vpa_uncapped_cpu=476m vpa_uncapped_mem=250Mi vpa_lower_cpu=240m vpa_lower_mem=250Mi vpa_upper_cpu=1500m vpa_upper_mem=512Mi
[2026-08-22T00:02:01+02:00] TRAFFIC_SUMMARY timestamp=2026-08-21T22:02:01+00:00 registered_tunnels=50 active_ues=31 target_slots=31 completed_slots=31 final_failed_slots=0 replacements=4 problematic_ues=4 zombie_ues=4 connect_timeouts=2 stalls=2 deferred_stalls=0 process_failures=0 server_busy_retries=1 server_busy_failures=0 late_timeouts_accepted=0 scenario_bad_ues=4 global_suspect_ues=6 used_ues=35 target_host=192.168.1.211 initial_ports=5201-5231 replacement_ports=5251-5265 bitrate=1M start_delay=0.05 detection=no_rx_counter replacement_min_duration_s=5 adaptive_extension_max_s=1 iperf_exit_grace_s=3 server_busy_retries_limit=1 server_busy_retry_delay_s=2 late_replacement_after_end=disabled wait_for_iperf_exit=until_timeout global_suspect_policy=soft_reuse ramp_supervision=after_initial_start
[2026-08-22T00:02:01+02:00] UE_POOL_SCENARIO_BAD_CURRENT timestamp=2026-08-21T22:02:01+00:00 active_ues=31 indexes=2,15,34,35
[2026-08-22T00:02:01+02:00] UE_POOL_GLOBAL_SUSPECT_CURRENT timestamp=2026-08-21T22:02:01+00:00 active_ues=31 indexes=2,15,16,18,34,35
[2026-08-22T00:02:01+02:00] REMOTE_IPERF_PER_UE_END timestamp=2026-08-21T22:02:01+00:00 active_ues=31 tag=ue_31 final_rc=0 completed_slots=31 replacements=4 problematic_ues=4 server_busy_retries=1 deferred_stalls=0 late_timeouts_accepted=0
[2026-08-22T00:02:01+02:00] SCENARIO TRAFFIC COMMAND END timestamp=2026-08-22T00:02:01+02:00 active_ue=31 rc=0
[2026-08-22T00:02:02+02:00] SCENARIO UPF AFTER timestamp=2026-08-22T00:02:02+02:00 active_ue=31 pod=open5gs-upf-5b9db6d44-nsbqz uid=7b5b8ef7-a2a2-4fe9-a3e1-74acd17bd88f restarts=6
[2026-08-22T00:02:02+02:00] SCENARIO END timestamp=2026-08-22T00:02:02+02:00 active_ue=31 rc=0
[2026-08-22T00:02:02+02:00] ================================================================
[2026-08-22T00:02:02+02:00] SCENARIO START timestamp=2026-08-22T00:02:02+02:00 active_ue=33 registered_ue_pool=50 target_host=192.168.1.211 ports=5201-5233 replacement_ports=5251-5265 bitrate_per_ue=1M start_delay=0.05 replacement_min_duration=5 adaptive_extension_max=1
[2026-08-22T00:02:02+02:00] ================================================================
[2026-08-22T00:02:02+02:00] SCENARIO TUNNEL CHECK timestamp=2026-08-22T00:02:02+02:00 active_ue=33 current_tunnels=50 required=50
[2026-08-22T00:02:04+02:00] UPF_CONTROL_SAMPLE timestamp=2026-08-22T00:02:01+02:00 scenario=ue_31 pod=open5gs-upf-5b9db6d44-nsbqz uid=7b5b8ef7-a2a2-4fe9-a3e1-74acd17bd88f restarts=6 usage_cpu=455m usage_mem=35Mi request_cpu=379m request_mem=250Mi limit_cpu=none limit_mem=none vpa_target_cpu=476m vpa_target_mem=250Mi vpa_uncapped_cpu=476m vpa_uncapped_mem=250Mi vpa_lower_cpu=240m vpa_lower_mem=250Mi vpa_upper_cpu=1500m vpa_upper_mem=512Mi
[2026-08-22T00:02:05+02:00] SCENARIO UPF BEFORE timestamp=2026-08-22T00:02:05+02:00 active_ue=33 pod=open5gs-upf-5b9db6d44-nsbqz uid=7b5b8ef7-a2a2-4fe9-a3e1-74acd17bd88f restarts=6
[2026-08-22T00:02:05+02:00] REMOTE_IPERF_PER_UE_START timestamp=2026-08-21T22:02:05+00:00 active_ues=33 tag=ue_33 iperf_host=192.168.1.211 base_port=5201 replacement_base_port=5251 duration=80 bitrate=1M start_delay=0.05 detection=no_rx_counter connect_timeout_s=4 stall_seconds=5 replacement_limit=15 replacement_min_duration_s=5 adaptive_extension_max_s=1 iperf_exit_grace_s=3 server_busy_port_rebinds=1 late_replacement_after_end=disabled wait_for_iperf_exit=until_timeout global_suspect_policy=soft_reuse ramp_supervision=after_initial_start
[2026-08-22T00:02:05+02:00] UE_POOL_STATUS timestamp=2026-08-21T22:02:05+00:00 active_ues=33 registered_tunnels=50 existing_global_suspect_ues=6 used_ues=0 policy=soft_reuse_global_suspects
[2026-08-22T00:02:05+02:00] UE_SLOT_ASSIGN timestamp=2026-08-21T22:02:05+00:00 active_ues=33 slot=0 ue_idx=0 ue_if=uesimtun0 ue_ip=10.45.0.252 candidate_reused_global_suspect=0
[2026-08-22T00:02:05+02:00] UE_SLOT_START timestamp=2026-08-21T22:02:05+00:00 active_ues=33 slot=0 attempt=1 ue_idx=0 ue_if=uesimtun0 ue_ip=10.45.0.252 target=192.168.1.211:5201 bitrate=1M duration_s=80 planned_end_epoch=1787349805 timeout_s=90 hard_timeout_epoch=1787349820 start_rx_bytes=1484586
[2026-08-22T00:02:05+02:00] UE_SLOT_PID timestamp=2026-08-21T22:02:05+00:00 active_ues=33 slot=0 attempt=1 ue_idx=0 pid=51405
[2026-08-22T00:02:05+02:00] UE_SLOT_ASSIGN timestamp=2026-08-21T22:02:05+00:00 active_ues=33 slot=1 ue_idx=1 ue_if=uesimtun1 ue_ip=10.45.0.253 candidate_reused_global_suspect=0
[2026-08-22T00:02:06+02:00] UE_SLOT_START timestamp=2026-08-21T22:02:05+00:00 active_ues=33 slot=1 attempt=1 ue_idx=1 ue_if=uesimtun1 ue_ip=10.45.0.253 target=192.168.1.211:5202 bitrate=1M duration_s=80 planned_end_epoch=1787349805 timeout_s=90 hard_timeout_epoch=1787349820 start_rx_bytes=1409775
[2026-08-22T00:02:06+02:00] UE_SLOT_PID timestamp=2026-08-21T22:02:05+00:00 active_ues=33 slot=1 attempt=1 ue_idx=1 pid=51430
[2026-08-22T00:02:06+02:00] UE_SLOT_ASSIGN timestamp=2026-08-21T22:02:06+00:00 active_ues=33 slot=2 ue_idx=3 ue_if=uesimtun3 ue_ip=10.45.1.0 candidate_reused_global_suspect=0
[2026-08-22T00:02:06+02:00] UE_SLOT_START timestamp=2026-08-21T22:02:06+00:00 active_ues=33 slot=2 attempt=1 ue_idx=3 ue_if=uesimtun3 ue_ip=10.45.1.0 target=192.168.1.211:5203 bitrate=1M duration_s=80 planned_end_epoch=1787349806 timeout_s=90 hard_timeout_epoch=1787349821 start_rx_bytes=1307380
[2026-08-22T00:02:06+02:00] UE_SLOT_PID timestamp=2026-08-21T22:02:06+00:00 active_ues=33 slot=2 attempt=1 ue_idx=3 pid=51455
[2026-08-22T00:02:06+02:00] UE_SLOT_ASSIGN timestamp=2026-08-21T22:02:06+00:00 active_ues=33 slot=3 ue_idx=4 ue_if=uesimtun4 ue_ip=10.45.1.1 candidate_reused_global_suspect=0
[2026-08-22T00:02:06+02:00] UE_SLOT_START timestamp=2026-08-21T22:02:06+00:00 active_ues=33 slot=3 attempt=1 ue_idx=4 ue_if=uesimtun4 ue_ip=10.45.1.1 target=192.168.1.211:5204 bitrate=1M duration_s=80 planned_end_epoch=1787349806 timeout_s=90 hard_timeout_epoch=1787349821 start_rx_bytes=1304908
[2026-08-22T00:02:06+02:00] UE_SLOT_PID timestamp=2026-08-21T22:02:06+00:00 active_ues=33 slot=3 attempt=1 ue_idx=4 pid=51480
[2026-08-22T00:02:06+02:00] UE_SLOT_ASSIGN timestamp=2026-08-21T22:02:06+00:00 active_ues=33 slot=4 ue_idx=5 ue_if=uesimtun5 ue_ip=10.45.1.3 candidate_reused_global_suspect=0
[2026-08-22T00:02:06+02:00] UE_SLOT_START timestamp=2026-08-21T22:02:06+00:00 active_ues=33 slot=4 attempt=1 ue_idx=5 ue_if=uesimtun5 ue_ip=10.45.1.3 target=192.168.1.211:5205 bitrate=1M duration_s=80 planned_end_epoch=1787349806 timeout_s=90 hard_timeout_epoch=1787349821 start_rx_bytes=1193037
[2026-08-22T00:02:06+02:00] UE_SLOT_PID timestamp=2026-08-21T22:02:06+00:00 active_ues=33 slot=4 attempt=1 ue_idx=5 pid=51505
[2026-08-22T00:02:06+02:00] UE_SLOT_ASSIGN timestamp=2026-08-21T22:02:06+00:00 active_ues=33 slot=5 ue_idx=6 ue_if=uesimtun6 ue_ip=10.45.0.255 candidate_reused_global_suspect=0
[2026-08-22T00:02:06+02:00] UE_SLOT_START timestamp=2026-08-21T22:02:06+00:00 active_ues=33 slot=5 attempt=1 ue_idx=6 ue_if=uesimtun6 ue_ip=10.45.0.255 target=192.168.1.211:5206 bitrate=1M duration_s=80 planned_end_epoch=1787349806 timeout_s=90 hard_timeout_epoch=1787349821 start_rx_bytes=1201811
[2026-08-22T00:02:06+02:00] UE_SLOT_PID timestamp=2026-08-21T22:02:06+00:00 active_ues=33 slot=5 attempt=1 ue_idx=6 pid=51530
[2026-08-22T00:02:07+02:00] UE_SLOT_ASSIGN timestamp=2026-08-21T22:02:07+00:00 active_ues=33 slot=6 ue_idx=7 ue_if=uesimtun7 ue_ip=10.45.1.6 candidate_reused_global_suspect=0
[2026-08-22T00:02:07+02:00] UE_SLOT_START timestamp=2026-08-21T22:02:07+00:00 active_ues=33 slot=6 attempt=1 ue_idx=7 ue_if=uesimtun7 ue_ip=10.45.1.6 target=192.168.1.211:5207 bitrate=1M duration_s=80 planned_end_epoch=1787349807 timeout_s=90 hard_timeout_epoch=1787349822 start_rx_bytes=1107446
[2026-08-22T00:02:07+02:00] UE_SLOT_PID timestamp=2026-08-21T22:02:07+00:00 active_ues=33 slot=6 attempt=1 ue_idx=7 pid=51555
[2026-08-22T00:02:07+02:00] UE_SLOT_ASSIGN timestamp=2026-08-21T22:02:07+00:00 active_ues=33 slot=7 ue_idx=8 ue_if=uesimtun8 ue_ip=10.45.1.10 candidate_reused_global_suspect=0
[2026-08-22T00:02:07+02:00] UE_SLOT_START timestamp=2026-08-21T22:02:07+00:00 active_ues=33 slot=7 attempt=1 ue_idx=8 ue_if=uesimtun8 ue_ip=10.45.1.10 target=192.168.1.211:5208 bitrate=1M duration_s=80 planned_end_epoch=1787349807 timeout_s=90 hard_timeout_epoch=1787349822 start_rx_bytes=1107358
[2026-08-22T00:02:07+02:00] UE_SLOT_PID timestamp=2026-08-21T22:02:07+00:00 active_ues=33 slot=7 attempt=1 ue_idx=8 pid=51580
[2026-08-22T00:02:07+02:00] UPF_CONTROL_SAMPLE timestamp=2026-08-22T00:02:05+02:00 scenario=ue_33 pod=open5gs-upf-5b9db6d44-nsbqz uid=7b5b8ef7-a2a2-4fe9-a3e1-74acd17bd88f restarts=6 usage_cpu=455m usage_mem=35Mi request_cpu=379m request_mem=250Mi limit_cpu=none limit_mem=none vpa_target_cpu=476m vpa_target_mem=250Mi vpa_uncapped_cpu=476m vpa_uncapped_mem=250Mi vpa_lower_cpu=240m vpa_lower_mem=250Mi vpa_upper_cpu=1500m vpa_upper_mem=512Mi
[2026-08-22T00:02:07+02:00] UE_SLOT_ASSIGN timestamp=2026-08-21T22:02:07+00:00 active_ues=33 slot=8 ue_idx=9 ue_if=uesimtun9 ue_ip=10.45.1.7 candidate_reused_global_suspect=0
[2026-08-22T00:02:07+02:00] UE_SLOT_START timestamp=2026-08-21T22:02:07+00:00 active_ues=33 slot=8 attempt=1 ue_idx=9 ue_if=uesimtun9 ue_ip=10.45.1.7 target=192.168.1.211:5209 bitrate=1M duration_s=80 planned_end_epoch=1787349807 timeout_s=90 hard_timeout_epoch=1787349822 start_rx_bytes=987889
[2026-08-22T00:02:07+02:00] UE_SLOT_PID timestamp=2026-08-21T22:02:07+00:00 active_ues=33 slot=8 attempt=1 ue_idx=9 pid=51605
[2026-08-22T00:02:07+02:00] UE_SLOT_ASSIGN timestamp=2026-08-21T22:02:07+00:00 active_ues=33 slot=9 ue_idx=10 ue_if=uesimtun10 ue_ip=10.45.1.14 candidate_reused_global_suspect=0
[2026-08-22T00:02:07+02:00] UE_SLOT_START timestamp=2026-08-21T22:02:07+00:00 active_ues=33 slot=9 attempt=1 ue_idx=10 ue_if=uesimtun10 ue_ip=10.45.1.14 target=192.168.1.211:5210 bitrate=1M duration_s=80 planned_end_epoch=1787349807 timeout_s=90 hard_timeout_epoch=1787349822 start_rx_bytes=997250
[2026-08-22T00:02:07+02:00] UE_SLOT_PID timestamp=2026-08-21T22:02:07+00:00 active_ues=33 slot=9 attempt=1 ue_idx=10 pid=51630
[2026-08-22T00:02:08+02:00] UE_SLOT_ASSIGN timestamp=2026-08-21T22:02:08+00:00 active_ues=33 slot=10 ue_idx=11 ue_if=uesimtun11 ue_ip=10.45.1.15 candidate_reused_global_suspect=0
[2026-08-22T00:02:08+02:00] UE_SLOT_START timestamp=2026-08-21T22:02:08+00:00 active_ues=33 slot=10 attempt=1 ue_idx=11 ue_if=uesimtun11 ue_ip=10.45.1.15 target=192.168.1.211:5211 bitrate=1M duration_s=80 planned_end_epoch=1787349808 timeout_s=90 hard_timeout_epoch=1787349823 start_rx_bytes=953515
[2026-08-22T00:02:08+02:00] UE_SLOT_PID timestamp=2026-08-21T22:02:08+00:00 active_ues=33 slot=10 attempt=1 ue_idx=11 pid=51655
[2026-08-22T00:02:08+02:00] UE_SLOT_ASSIGN timestamp=2026-08-21T22:02:08+00:00 active_ues=33 slot=11 ue_idx=12 ue_if=uesimtun12 ue_ip=10.45.1.12 candidate_reused_global_suspect=0
[2026-08-22T00:02:08+02:00] UE_SLOT_START timestamp=2026-08-21T22:02:08+00:00 active_ues=33 slot=11 attempt=1 ue_idx=12 ue_if=uesimtun12 ue_ip=10.45.1.12 target=192.168.1.211:5212 bitrate=1M duration_s=80 planned_end_epoch=1787349808 timeout_s=90 hard_timeout_epoch=1787349823 start_rx_bytes=937660
[2026-08-22T00:02:08+02:00] UE_SLOT_PID timestamp=2026-08-21T22:02:08+00:00 active_ues=33 slot=11 attempt=1 ue_idx=12 pid=51680
[2026-08-22T00:02:08+02:00] UE_SLOT_ASSIGN timestamp=2026-08-21T22:02:08+00:00 active_ues=33 slot=12 ue_idx=13 ue_if=uesimtun13 ue_ip=10.45.1.18 candidate_reused_global_suspect=0
[2026-08-22T00:02:08+02:00] UE_SLOT_START timestamp=2026-08-21T22:02:08+00:00 active_ues=33 slot=12 attempt=1 ue_idx=13 ue_if=uesimtun13 ue_ip=10.45.1.18 target=192.168.1.211:5213 bitrate=1M duration_s=80 planned_end_epoch=1787349808 timeout_s=90 hard_timeout_epoch=1787349823 start_rx_bytes=846060
[2026-08-22T00:02:08+02:00] UE_SLOT_PID timestamp=2026-08-21T22:02:08+00:00 active_ues=33 slot=12 attempt=1 ue_idx=13 pid=51705
[2026-08-22T00:02:08+02:00] UE_SLOT_ASSIGN timestamp=2026-08-21T22:02:08+00:00 active_ues=33 slot=13 ue_idx=14 ue_if=uesimtun14 ue_ip=10.45.1.4 candidate_reused_global_suspect=0
[2026-08-22T00:02:08+02:00] UE_SLOT_START timestamp=2026-08-21T22:02:08+00:00 active_ues=33 slot=13 attempt=1 ue_idx=14 ue_if=uesimtun14 ue_ip=10.45.1.4 target=192.168.1.211:5214 bitrate=1M duration_s=80 planned_end_epoch=1787349808 timeout_s=90 hard_timeout_epoch=1787349823 start_rx_bytes=866616
[2026-08-22T00:02:08+02:00] UE_SLOT_PID timestamp=2026-08-21T22:02:08+00:00 active_ues=33 slot=13 attempt=1 ue_idx=14 pid=51730
[2026-08-22T00:02:09+02:00] UE_SLOT_ASSIGN timestamp=2026-08-21T22:02:09+00:00 active_ues=33 slot=14 ue_idx=17 ue_if=uesimtun17 ue_ip=10.45.1.22 candidate_reused_global_suspect=0
[2026-08-22T00:02:09+02:00] UE_SLOT_START timestamp=2026-08-21T22:02:09+00:00 active_ues=33 slot=14 attempt=1 ue_idx=17 ue_if=uesimtun17 ue_ip=10.45.1.22 target=192.168.1.211:5215 bitrate=1M duration_s=80 planned_end_epoch=1787349809 timeout_s=90 hard_timeout_epoch=1787349824 start_rx_bytes=656351
[2026-08-22T00:02:09+02:00] UE_SLOT_PID timestamp=2026-08-21T22:02:09+00:00 active_ues=33 slot=14 attempt=1 ue_idx=17 pid=51755
[2026-08-22T00:02:09+02:00] UE_SLOT_ASSIGN timestamp=2026-08-21T22:02:09+00:00 active_ues=33 slot=15 ue_idx=19 ue_if=uesimtun19 ue_ip=10.45.1.27 candidate_reused_global_suspect=0
[2026-08-22T00:02:09+02:00] UE_SLOT_START timestamp=2026-08-21T22:02:09+00:00 active_ues=33 slot=15 attempt=1 ue_idx=19 ue_if=uesimtun19 ue_ip=10.45.1.27 target=192.168.1.211:5216 bitrate=1M duration_s=80 planned_end_epoch=1787349809 timeout_s=90 hard_timeout_epoch=1787349824 start_rx_bytes=565463
[2026-08-22T00:02:09+02:00] UE_SLOT_PID timestamp=2026-08-21T22:02:09+00:00 active_ues=33 slot=15 attempt=1 ue_idx=19 pid=51780
[2026-08-22T00:02:09+02:00] UE_SLOT_ASSIGN timestamp=2026-08-21T22:02:09+00:00 active_ues=33 slot=16 ue_idx=20 ue_if=uesimtun20 ue_ip=10.45.1.28 candidate_reused_global_suspect=0
[2026-08-22T00:02:09+02:00] UE_SLOT_START timestamp=2026-08-21T22:02:09+00:00 active_ues=33 slot=16 attempt=1 ue_idx=20 ue_if=uesimtun20 ue_ip=10.45.1.28 target=192.168.1.211:5217 bitrate=1M duration_s=80 planned_end_epoch=1787349809 timeout_s=90 hard_timeout_epoch=1787349824 start_rx_bytes=588399
[2026-08-22T00:02:09+02:00] UE_SLOT_PID timestamp=2026-08-21T22:02:09+00:00 active_ues=33 slot=16 attempt=1 ue_idx=20 pid=51805
[2026-08-22T00:02:09+02:00] UPF_CONTROL_SAMPLE timestamp=2026-08-22T00:02:08+02:00 scenario=ue_33 pod=open5gs-upf-5b9db6d44-nsbqz uid=7b5b8ef7-a2a2-4fe9-a3e1-74acd17bd88f restarts=6 usage_cpu=455m usage_mem=35Mi request_cpu=379m request_mem=250Mi limit_cpu=none limit_mem=none vpa_target_cpu=476m vpa_target_mem=250Mi vpa_uncapped_cpu=476m vpa_uncapped_mem=250Mi vpa_lower_cpu=240m vpa_lower_mem=250Mi vpa_upper_cpu=1500m vpa_upper_mem=512Mi
[2026-08-22T00:02:09+02:00] UE_SLOT_ASSIGN timestamp=2026-08-21T22:02:09+00:00 active_ues=33 slot=17 ue_idx=21 ue_if=uesimtun21 ue_ip=10.45.1.29 candidate_reused_global_suspect=0
[2026-08-22T00:02:09+02:00] UE_SLOT_START timestamp=2026-08-21T22:02:09+00:00 active_ues=33 slot=17 attempt=1 ue_idx=21 ue_if=uesimtun21 ue_ip=10.45.1.29 target=192.168.1.211:5218 bitrate=1M duration_s=80 planned_end_epoch=1787349809 timeout_s=90 hard_timeout_epoch=1787349824 start_rx_bytes=500962
[2026-08-22T00:02:09+02:00] UE_SLOT_PID timestamp=2026-08-21T22:02:09+00:00 active_ues=33 slot=17 attempt=1 ue_idx=21 pid=51830
[2026-08-22T00:02:10+02:00] UE_SLOT_ASSIGN timestamp=2026-08-21T22:02:10+00:00 active_ues=33 slot=18 ue_idx=22 ue_if=uesimtun22 ue_ip=10.45.1.30 candidate_reused_global_suspect=0
[2026-08-22T00:02:10+02:00] UE_SLOT_START timestamp=2026-08-21T22:02:10+00:00 active_ues=33 slot=18 attempt=1 ue_idx=22 ue_if=uesimtun22 ue_ip=10.45.1.30 target=192.168.1.211:5219 bitrate=1M duration_s=80 planned_end_epoch=1787349810 timeout_s=90 hard_timeout_epoch=1787349825 start_rx_bytes=481442
[2026-08-22T00:02:10+02:00] UE_SLOT_PID timestamp=2026-08-21T22:02:10+00:00 active_ues=33 slot=18 attempt=1 ue_idx=22 pid=51855
[2026-08-22T00:02:10+02:00] UE_SLOT_ASSIGN timestamp=2026-08-21T22:02:10+00:00 active_ues=33 slot=19 ue_idx=23 ue_if=uesimtun23 ue_ip=10.45.1.34 candidate_reused_global_suspect=0
[2026-08-22T00:02:10+02:00] UE_SLOT_START timestamp=2026-08-21T22:02:10+00:00 active_ues=33 slot=19 attempt=1 ue_idx=23 ue_if=uesimtun23 ue_ip=10.45.1.34 target=192.168.1.211:5220 bitrate=1M duration_s=80 planned_end_epoch=1787349810 timeout_s=90 hard_timeout_epoch=1787349825 start_rx_bytes=394079
[2026-08-22T00:02:10+02:00] UE_SLOT_PID timestamp=2026-08-21T22:02:10+00:00 active_ues=33 slot=19 attempt=1 ue_idx=23 pid=51880
[2026-08-22T00:02:10+02:00] UE_SLOT_ASSIGN timestamp=2026-08-21T22:02:10+00:00 active_ues=33 slot=20 ue_idx=24 ue_if=uesimtun24 ue_ip=10.45.1.32 candidate_reused_global_suspect=0
[2026-08-22T00:02:10+02:00] UE_SLOT_START timestamp=2026-08-21T22:02:10+00:00 active_ues=33 slot=20 attempt=1 ue_idx=24 ue_if=uesimtun24 ue_ip=10.45.1.32 target=192.168.1.211:5221 bitrate=1M duration_s=80 planned_end_epoch=1787349810 timeout_s=90 hard_timeout_epoch=1787349825 start_rx_bytes=388698
[2026-08-22T00:02:10+02:00] UE_SLOT_PID timestamp=2026-08-21T22:02:10+00:00 active_ues=33 slot=20 attempt=1 ue_idx=24 pid=51905
[2026-08-22T00:02:10+02:00] UE_SLOT_ASSIGN timestamp=2026-08-21T22:02:10+00:00 active_ues=33 slot=21 ue_idx=25 ue_if=uesimtun25 ue_ip=10.45.1.36 candidate_reused_global_suspect=0
[2026-08-22T00:02:10+02:00] UE_SLOT_START timestamp=2026-08-21T22:02:10+00:00 active_ues=33 slot=21 attempt=1 ue_idx=25 ue_if=uesimtun25 ue_ip=10.45.1.36 target=192.168.1.211:5222 bitrate=1M duration_s=80 planned_end_epoch=1787349810 timeout_s=90 hard_timeout_epoch=1787349825 start_rx_bytes=311148
[2026-08-22T00:02:10+02:00] UE_SLOT_PID timestamp=2026-08-21T22:02:10+00:00 active_ues=33 slot=21 attempt=1 ue_idx=25 pid=51930
[2026-08-22T00:02:11+02:00] UE_SLOT_ASSIGN timestamp=2026-08-21T22:02:11+00:00 active_ues=33 slot=22 ue_idx=26 ue_if=uesimtun26 ue_ip=10.45.1.40 candidate_reused_global_suspect=0
[2026-08-22T00:02:11+02:00] UE_SLOT_START timestamp=2026-08-21T22:02:11+00:00 active_ues=33 slot=22 attempt=1 ue_idx=26 ue_if=uesimtun26 ue_ip=10.45.1.40 target=192.168.1.211:5223 bitrate=1M duration_s=80 planned_end_epoch=1787349811 timeout_s=90 hard_timeout_epoch=1787349826 start_rx_bytes=320356
[2026-08-22T00:02:11+02:00] UE_SLOT_PID timestamp=2026-08-21T22:02:11+00:00 active_ues=33 slot=22 attempt=1 ue_idx=26 pid=51955
[2026-08-22T00:02:11+02:00] UE_SLOT_ASSIGN timestamp=2026-08-21T22:02:11+00:00 active_ues=33 slot=23 ue_idx=27 ue_if=uesimtun27 ue_ip=10.45.1.8 candidate_reused_global_suspect=0
[2026-08-22T00:02:11+02:00] UE_SLOT_START timestamp=2026-08-21T22:02:11+00:00 active_ues=33 slot=23 attempt=1 ue_idx=27 ue_if=uesimtun27 ue_ip=10.45.1.8 target=192.168.1.211:5224 bitrate=1M duration_s=80 planned_end_epoch=1787349811 timeout_s=90 hard_timeout_epoch=1787349826 start_rx_bytes=219431
[2026-08-22T00:02:11+02:00] UE_SLOT_PID timestamp=2026-08-21T22:02:11+00:00 active_ues=33 slot=23 attempt=1 ue_idx=27 pid=51980
[2026-08-22T00:02:11+02:00] UE_SLOT_ASSIGN timestamp=2026-08-21T22:02:11+00:00 active_ues=33 slot=24 ue_idx=28 ue_if=uesimtun28 ue_ip=10.45.1.11 candidate_reused_global_suspect=0
[2026-08-22T00:02:11+02:00] UE_SLOT_START timestamp=2026-08-21T22:02:11+00:00 active_ues=33 slot=24 attempt=1 ue_idx=28 ue_if=uesimtun28 ue_ip=10.45.1.11 target=192.168.1.211:5225 bitrate=1M duration_s=80 planned_end_epoch=1787349811 timeout_s=90 hard_timeout_epoch=1787349826 start_rx_bytes=214028
[2026-08-22T00:02:11+02:00] UE_SLOT_PID timestamp=2026-08-21T22:02:11+00:00 active_ues=33 slot=24 attempt=1 ue_idx=28 pid=52005
[2026-08-22T00:02:11+02:00] UE_SLOT_ASSIGN timestamp=2026-08-21T22:02:11+00:00 active_ues=33 slot=25 ue_idx=29 ue_if=uesimtun29 ue_ip=10.45.1.16 candidate_reused_global_suspect=0
[2026-08-22T00:02:11+02:00] UPF_CONTROL_SAMPLE timestamp=2026-08-22T00:02:10+02:00 scenario=ue_33 pod=open5gs-upf-5b9db6d44-nsbqz uid=7b5b8ef7-a2a2-4fe9-a3e1-74acd17bd88f restarts=6 usage_cpu=455m usage_mem=35Mi request_cpu=379m request_mem=250Mi limit_cpu=none limit_mem=none vpa_target_cpu=476m vpa_target_mem=250Mi vpa_uncapped_cpu=476m vpa_uncapped_mem=250Mi vpa_lower_cpu=240m vpa_lower_mem=250Mi vpa_upper_cpu=1500m vpa_upper_mem=512Mi
[2026-08-22T00:02:11+02:00] UE_SLOT_START timestamp=2026-08-21T22:02:11+00:00 active_ues=33 slot=25 attempt=1 ue_idx=29 ue_if=uesimtun29 ue_ip=10.45.1.16 target=192.168.1.211:5226 bitrate=1M duration_s=80 planned_end_epoch=1787349811 timeout_s=90 hard_timeout_epoch=1787349826 start_rx_bytes=206444
[2026-08-22T00:02:12+02:00] UE_SLOT_PID timestamp=2026-08-21T22:02:12+00:00 active_ues=33 slot=25 attempt=1 ue_idx=29 pid=52030
[2026-08-22T00:02:12+02:00] UE_SLOT_ASSIGN timestamp=2026-08-21T22:02:12+00:00 active_ues=33 slot=26 ue_idx=30 ue_if=uesimtun30 ue_ip=10.45.1.20 candidate_reused_global_suspect=0
[2026-08-22T00:02:12+02:00] UE_SLOT_START timestamp=2026-08-21T22:02:12+00:00 active_ues=33 slot=26 attempt=1 ue_idx=30 ue_if=uesimtun30 ue_ip=10.45.1.20 target=192.168.1.211:5227 bitrate=1M duration_s=80 planned_end_epoch=1787349812 timeout_s=90 hard_timeout_epoch=1787349827 start_rx_bytes=113573
[2026-08-22T00:02:12+02:00] UE_SLOT_PID timestamp=2026-08-21T22:02:12+00:00 active_ues=33 slot=26 attempt=1 ue_idx=30 pid=52055
[2026-08-22T00:02:12+02:00] UE_SLOT_ASSIGN timestamp=2026-08-21T22:02:12+00:00 active_ues=33 slot=27 ue_idx=31 ue_if=uesimtun31 ue_ip=10.45.1.42 candidate_reused_global_suspect=0
[2026-08-22T00:02:12+02:00] UE_SLOT_START timestamp=2026-08-21T22:02:12+00:00 active_ues=33 slot=27 attempt=1 ue_idx=31 ue_if=uesimtun31 ue_ip=10.45.1.42 target=192.168.1.211:5228 bitrate=1M duration_s=80 planned_end_epoch=1787349812 timeout_s=90 hard_timeout_epoch=1787349827 start_rx_bytes=101076
[2026-08-22T00:02:12+02:00] UE_SLOT_PID timestamp=2026-08-21T22:02:12+00:00 active_ues=33 slot=27 attempt=1 ue_idx=31 pid=52080
[2026-08-22T00:02:12+02:00] UE_SLOT_ASSIGN timestamp=2026-08-21T22:02:12+00:00 active_ues=33 slot=28 ue_idx=32 ue_if=uesimtun32 ue_ip=10.45.1.43 candidate_reused_global_suspect=0
[2026-08-22T00:02:12+02:00] UE_SLOT_START timestamp=2026-08-21T22:02:12+00:00 active_ues=33 slot=28 attempt=1 ue_idx=32 ue_if=uesimtun32 ue_ip=10.45.1.43 target=192.168.1.211:5229 bitrate=1M duration_s=80 planned_end_epoch=1787349812 timeout_s=90 hard_timeout_epoch=1787349827 start_rx_bytes=109273
[2026-08-22T00:02:12+02:00] UE_SLOT_PID timestamp=2026-08-21T22:02:12+00:00 active_ues=33 slot=28 attempt=1 ue_idx=32 pid=52105
[2026-08-22T00:02:13+02:00] UE_SLOT_ASSIGN timestamp=2026-08-21T22:02:13+00:00 active_ues=33 slot=29 ue_idx=33 ue_if=uesimtun33 ue_ip=10.45.1.23 candidate_reused_global_suspect=0
[2026-08-22T00:02:13+02:00] UE_SLOT_START timestamp=2026-08-21T22:02:13+00:00 active_ues=33 slot=29 attempt=1 ue_idx=33 ue_if=uesimtun33 ue_ip=10.45.1.23 target=192.168.1.211:5230 bitrate=1M duration_s=80 planned_end_epoch=1787349813 timeout_s=90 hard_timeout_epoch=1787349828 start_rx_bytes=80881
[2026-08-22T00:02:13+02:00] UE_SLOT_PID timestamp=2026-08-21T22:02:13+00:00 active_ues=33 slot=29 attempt=1 ue_idx=33 pid=52130
[2026-08-22T00:02:13+02:00] UE_SLOT_ASSIGN timestamp=2026-08-21T22:02:13+00:00 active_ues=33 slot=30 ue_idx=36 ue_if=uesimtun36 ue_ip=10.45.1.5 candidate_reused_global_suspect=0
[2026-08-22T00:02:13+02:00] UE_SLOT_START timestamp=2026-08-21T22:02:13+00:00 active_ues=33 slot=30 attempt=1 ue_idx=36 ue_if=uesimtun36 ue_ip=10.45.1.5 target=192.168.1.211:5231 bitrate=1M duration_s=80 planned_end_epoch=1787349813 timeout_s=90 hard_timeout_epoch=1787349828 start_rx_bytes=40618
[2026-08-22T00:02:13+02:00] UE_SLOT_PID timestamp=2026-08-21T22:02:13+00:00 active_ues=33 slot=30 attempt=1 ue_idx=36 pid=52155
[2026-08-22T00:02:13+02:00] UE_SLOT_ASSIGN timestamp=2026-08-21T22:02:13+00:00 active_ues=33 slot=31 ue_idx=37 ue_if=uesimtun37 ue_ip=10.45.1.33 candidate_reused_global_suspect=0
[2026-08-22T00:02:13+02:00] UE_SLOT_START timestamp=2026-08-21T22:02:13+00:00 active_ues=33 slot=31 attempt=1 ue_idx=37 ue_if=uesimtun37 ue_ip=10.45.1.33 target=192.168.1.211:5232 bitrate=1M duration_s=80 planned_end_epoch=1787349813 timeout_s=90 hard_timeout_epoch=1787349828 start_rx_bytes=0
[2026-08-22T00:02:13+02:00] UE_SLOT_PID timestamp=2026-08-21T22:02:13+00:00 active_ues=33 slot=31 attempt=1 ue_idx=37 pid=52180
[2026-08-22T00:02:14+02:00] UE_SLOT_ASSIGN timestamp=2026-08-21T22:02:14+00:00 active_ues=33 slot=32 ue_idx=38 ue_if=uesimtun38 ue_ip=10.45.1.37 candidate_reused_global_suspect=0
[2026-08-22T00:02:14+02:00] UE_SLOT_START timestamp=2026-08-21T22:02:14+00:00 active_ues=33 slot=32 attempt=1 ue_idx=38 ue_if=uesimtun38 ue_ip=10.45.1.37 target=192.168.1.211:5233 bitrate=1M duration_s=80 planned_end_epoch=1787349814 timeout_s=90 hard_timeout_epoch=1787349829 start_rx_bytes=0
[2026-08-22T00:02:14+02:00] UE_SLOT_PID timestamp=2026-08-21T22:02:14+00:00 active_ues=33 slot=32 attempt=1 ue_idx=38 pid=52205
[2026-08-22T00:02:14+02:00] IPERF_MAPPING_SUMMARY timestamp=2026-08-21T22:02:14+00:00 active_ues=33 registered_tunnels=50 initial_ports=5201-5233 replacement_ports=5251-5265 bitrate=1M start_delay=0.05 detection=no_rx_counter replacement_min_duration_s=5 adaptive_extension_max_s=1 iperf_exit_grace_s=3 server_busy_port_rebinds=1 late_replacement_after_end=disabled wait_for_iperf_exit=until_timeout global_suspect_policy=soft_reuse ramp_supervision=after_initial_start
[2026-08-22T00:02:14+02:00] UPF_CONTROL_SAMPLE timestamp=2026-08-22T00:02:13+02:00 scenario=ue_33 pod=open5gs-upf-5b9db6d44-nsbqz uid=7b5b8ef7-a2a2-4fe9-a3e1-74acd17bd88f restarts=6 usage_cpu=455m usage_mem=35Mi request_cpu=379m request_mem=250Mi limit_cpu=none limit_mem=none vpa_target_cpu=476m vpa_target_mem=250Mi vpa_uncapped_cpu=476m vpa_uncapped_mem=250Mi vpa_lower_cpu=240m vpa_lower_mem=250Mi vpa_upper_cpu=1500m vpa_upper_mem=512Mi
[2026-08-22T00:02:14+02:00] UE_SLOT_PROCESS_FAILURE timestamp=2026-08-21T22:02:14+00:00 active_ues=33 slot=2 attempt=1 ue_idx=3 ue_if=uesimtun3 ue_ip=10.45.1.0 port=5203 rc=1 elapsed_s=8 end_overrun_s=-72
[2026-08-22T00:02:14+02:00] FAILED_CLIENT_LOG_BEGIN slot=2 logfile=/tmp/upf_iperf_adaptive_20260821_233622_ue_33/slot_2_attempt_1_ue_3_port_5203.log
[2026-08-22T00:02:14+02:00] iperf3: error - the server is busy running a test. try again later
[2026-08-22T00:02:14+02:00] FAILED_CLIENT_LOG_END slot=2 logfile=/tmp/upf_iperf_adaptive_20260821_233622_ue_33/slot_2_attempt_1_ue_3_port_5203.log
[2026-08-22T00:02:14+02:00] UE_SLOT_SERVER_BUSY_PORT_REBIND timestamp=2026-08-21T22:02:14+00:00 active_ues=33 slot=2 ue_idx=3 ue_if=uesimtun3 ue_ip=10.45.1.0 old_port=5203 new_port=5251 rebind=1 limit=1 remaining_s=72 note=same_ue_no_blacklist_no_ue_replacement
[2026-08-22T00:02:14+02:00] UE_SLOT_START timestamp=2026-08-21T22:02:14+00:00 active_ues=33 slot=2 attempt=2 ue_idx=3 ue_if=uesimtun3 ue_ip=10.45.1.0 target=192.168.1.211:5251 bitrate=1M duration_s=72 planned_end_epoch=1787349806 timeout_s=82 hard_timeout_epoch=1787349821 start_rx_bytes=1307597
[2026-08-22T00:02:14+02:00] UE_SLOT_PID timestamp=2026-08-21T22:02:14+00:00 active_ues=33 slot=2 attempt=2 ue_idx=3 pid=52239
[2026-08-22T00:02:15+02:00] UE_SLOT_PROCESS_FAILURE timestamp=2026-08-21T22:02:15+00:00 active_ues=33 slot=15 attempt=1 ue_idx=19 ue_if=uesimtun19 ue_ip=10.45.1.27 port=5216 rc=1 elapsed_s=6 end_overrun_s=-74
[2026-08-22T00:02:15+02:00] FAILED_CLIENT_LOG_BEGIN slot=15 logfile=/tmp/upf_iperf_adaptive_20260821_233622_ue_33/slot_15_attempt_1_ue_19_port_5216.log
[2026-08-22T00:02:15+02:00] iperf3: error - the server is busy running a test. try again later
[2026-08-22T00:02:15+02:00] FAILED_CLIENT_LOG_END slot=15 logfile=/tmp/upf_iperf_adaptive_20260821_233622_ue_33/slot_15_attempt_1_ue_19_port_5216.log
[2026-08-22T00:02:15+02:00] UE_SLOT_SERVER_BUSY_PORT_REBIND timestamp=2026-08-21T22:02:15+00:00 active_ues=33 slot=15 ue_idx=19 ue_if=uesimtun19 ue_ip=10.45.1.27 old_port=5216 new_port=5252 rebind=1 limit=1 remaining_s=74 note=same_ue_no_blacklist_no_ue_replacement
[2026-08-22T00:02:15+02:00] UE_SLOT_START timestamp=2026-08-21T22:02:15+00:00 active_ues=33 slot=15 attempt=2 ue_idx=19 ue_if=uesimtun19 ue_ip=10.45.1.27 target=192.168.1.211:5252 bitrate=1M duration_s=74 planned_end_epoch=1787349809 timeout_s=84 hard_timeout_epoch=1787349824 start_rx_bytes=565680
[2026-08-22T00:02:15+02:00] UE_SLOT_PID timestamp=2026-08-21T22:02:15+00:00 active_ues=33 slot=15 attempt=2 ue_idx=19 pid=52292
[2026-08-22T00:02:16+02:00] UPF_CONTROL_SAMPLE timestamp=2026-08-22T00:02:15+02:00 scenario=ue_33 pod=open5gs-upf-5b9db6d44-nsbqz uid=7b5b8ef7-a2a2-4fe9-a3e1-74acd17bd88f restarts=6 usage_cpu=455m usage_mem=35Mi request_cpu=379m request_mem=250Mi limit_cpu=none limit_mem=none vpa_target_cpu=476m vpa_target_mem=250Mi vpa_uncapped_cpu=476m vpa_uncapped_mem=250Mi vpa_lower_cpu=240m vpa_lower_mem=250Mi vpa_upper_cpu=1500m vpa_upper_mem=512Mi
[2026-08-22T00:02:18+02:00] UPF_CONTROL_SAMPLE timestamp=2026-08-22T00:02:17+02:00 scenario=ue_33 pod=open5gs-upf-5b9db6d44-nsbqz uid=7b5b8ef7-a2a2-4fe9-a3e1-74acd17bd88f restarts=6 usage_cpu=455m usage_mem=35Mi request_cpu=379m request_mem=250Mi limit_cpu=none limit_mem=none vpa_target_cpu=476m vpa_target_mem=250Mi vpa_uncapped_cpu=476m vpa_uncapped_mem=250Mi vpa_lower_cpu=240m vpa_lower_mem=250Mi vpa_upper_cpu=1500m vpa_upper_mem=512Mi
[2026-08-22T00:02:18+02:00] FAILED_CLIENT_LOG_BEGIN slot=32 logfile=/tmp/upf_iperf_adaptive_20260821_233622_ue_33/slot_32_attempt_1_ue_38_port_5233.log
[2026-08-22T00:02:18+02:00] FAILED_CLIENT_LOG_END slot=32 logfile=/tmp/upf_iperf_adaptive_20260821_233622_ue_33/slot_32_attempt_1_ue_38_port_5233.log
[2026-08-22T00:02:18+02:00] UE_SLOT_PROBLEM_DETECTED timestamp=2026-08-21T22:02:18+00:00 active_ues=33 slot=32 attempt=1 ue_idx=38 ue_if=uesimtun38 ue_ip=10.45.1.37 port=5233 reason=no_rx_after_connect_timeout_4s remaining_s=76
[2026-08-22T00:02:19+02:00] UE_MARKED_PROBLEMATIC timestamp=2026-08-21T22:02:18+00:00 active_ues=33 ue_idx=38 reason=no_rx_after_connect_timeout_4s scope=scenario_and_global_suspect
[2026-08-22T00:02:19+02:00] UE_SLOT_REPLACE timestamp=2026-08-21T22:02:19+00:00 active_ues=33 slot=32 reason=no_rx_after_connect_timeout_4s old_attempt=1 old_ue_idx=38 old_ue_if=uesimtun38 old_ue_ip=10.45.1.37 old_port=5233 new_attempt=2 new_ue_idx=39 new_ue_if=uesimtun39 new_ue_ip=10.45.1.39 new_port=5253 remaining_s=76 extension_used_s=0 extension_limit_s=1 candidate_reused_global_suspect=0 replacements_total=1
[2026-08-22T00:02:19+02:00] UE_SLOT_START timestamp=2026-08-21T22:02:19+00:00 active_ues=33 slot=32 attempt=2 ue_idx=39 ue_if=uesimtun39 ue_ip=10.45.1.39 target=192.168.1.211:5253 bitrate=1M duration_s=76 planned_end_epoch=1787349814 timeout_s=86 hard_timeout_epoch=1787349830 start_rx_bytes=0
[2026-08-22T00:02:19+02:00] UE_SLOT_PID timestamp=2026-08-21T22:02:19+00:00 active_ues=33 slot=32 attempt=2 ue_idx=39 pid=52479
[2026-08-22T00:02:21+02:00] UPF_CONTROL_SAMPLE timestamp=2026-08-22T00:02:19+02:00 scenario=ue_33 pod=open5gs-upf-5b9db6d44-nsbqz uid=7b5b8ef7-a2a2-4fe9-a3e1-74acd17bd88f restarts=6 usage_cpu=455m usage_mem=35Mi request_cpu=379m request_mem=250Mi limit_cpu=none limit_mem=none vpa_target_cpu=476m vpa_target_mem=250Mi vpa_uncapped_cpu=476m vpa_uncapped_mem=250Mi vpa_lower_cpu=240m vpa_lower_mem=250Mi vpa_upper_cpu=1500m vpa_upper_mem=512Mi
[2026-08-22T00:02:23+02:00] UPF_CONTROL_SAMPLE timestamp=2026-08-22T00:02:22+02:00 scenario=ue_33 pod=open5gs-upf-5b9db6d44-nsbqz uid=7b5b8ef7-a2a2-4fe9-a3e1-74acd17bd88f restarts=6 usage_cpu=455m usage_mem=35Mi request_cpu=379m request_mem=250Mi limit_cpu=none limit_mem=none vpa_target_cpu=476m vpa_target_mem=250Mi vpa_uncapped_cpu=476m vpa_uncapped_mem=250Mi vpa_lower_cpu=240m vpa_lower_mem=250Mi vpa_upper_cpu=1500m vpa_upper_mem=512Mi
[2026-08-22T00:02:24+02:00] FAILED_CLIENT_LOG_BEGIN slot=32 logfile=/tmp/upf_iperf_adaptive_20260821_233622_ue_33/slot_32_attempt_2_ue_39_port_5253.log
[2026-08-22T00:02:24+02:00] FAILED_CLIENT_LOG_END slot=32 logfile=/tmp/upf_iperf_adaptive_20260821_233622_ue_33/slot_32_attempt_2_ue_39_port_5253.log
[2026-08-22T00:02:24+02:00] UE_SLOT_PROBLEM_DETECTED timestamp=2026-08-21T22:02:24+00:00 active_ues=33 slot=32 attempt=2 ue_idx=39 ue_if=uesimtun39 ue_ip=10.45.1.39 port=5253 reason=no_rx_after_connect_timeout_4s remaining_s=70
[2026-08-22T00:02:24+02:00] UE_MARKED_PROBLEMATIC timestamp=2026-08-21T22:02:24+00:00 active_ues=33 ue_idx=39 reason=no_rx_after_connect_timeout_4s scope=scenario_and_global_suspect
[2026-08-22T00:02:24+02:00] UE_SLOT_REPLACE timestamp=2026-08-21T22:02:24+00:00 active_ues=33 slot=32 reason=no_rx_after_connect_timeout_4s old_attempt=2 old_ue_idx=39 old_ue_if=uesimtun39 old_ue_ip=10.45.1.39 old_port=5253 new_attempt=3 new_ue_idx=40 new_ue_if=uesimtun40 new_ue_ip=10.45.1.9 new_port=5254 remaining_s=70 extension_used_s=0 extension_limit_s=1 candidate_reused_global_suspect=0 replacements_total=2
[2026-08-22T00:02:24+02:00] UE_SLOT_START timestamp=2026-08-21T22:02:24+00:00 active_ues=33 slot=32 attempt=3 ue_idx=40 ue_if=uesimtun40 ue_ip=10.45.1.9 target=192.168.1.211:5254 bitrate=1M duration_s=70 planned_end_epoch=1787349814 timeout_s=80 hard_timeout_epoch=1787349829 start_rx_bytes=0
[2026-08-22T00:02:24+02:00] UE_SLOT_PID timestamp=2026-08-21T22:02:24+00:00 active_ues=33 slot=32 attempt=3 ue_idx=40 pid=52723
[2026-08-22T00:02:25+02:00] UPF_CONTROL_SAMPLE timestamp=2026-08-22T00:02:24+02:00 scenario=ue_33 pod=open5gs-upf-5b9db6d44-nsbqz uid=7b5b8ef7-a2a2-4fe9-a3e1-74acd17bd88f restarts=6 usage_cpu=136m usage_mem=35Mi request_cpu=379m request_mem=250Mi limit_cpu=none limit_mem=none vpa_target_cpu=476m vpa_target_mem=250Mi vpa_uncapped_cpu=476m vpa_uncapped_mem=250Mi vpa_lower_cpu=240m vpa_lower_mem=250Mi vpa_upper_cpu=1500m vpa_upper_mem=512Mi
[2026-08-22T00:02:28+02:00] UPF_REQUEST_CHANGE timestamp=2026-08-22T00:02:26+02:00 scenario=ue_33 pod=open5gs-upf-5b9db6d44-nsbqz uid=7b5b8ef7-a2a2-4fe9-a3e1-74acd17bd88f restarts=6 old='request_cpu=379m request_mem=250Mi limit_cpu=none limit_mem=none' new='request_cpu=476m request_mem=250Mi limit_cpu=none limit_mem=none' previous_5s_sample='timestamp=2026-08-22T00:02:19+02:00 scenario=ue_33 pod=open5gs-upf-5b9db6d44-nsbqz uid=7b5b8ef7-a2a2-4fe9-a3e1-74acd17bd88f restarts=6 usage_cpu=455m usage_mem=35Mi request_cpu=379m request_mem=250Mi limit_cpu=none limit_mem=none vpa_target_cpu=476m vpa_target_mem=250Mi vpa_uncapped_cpu=476m vpa_uncapped_mem=250Mi vpa_lower_cpu=240m vpa_lower_mem=250Mi vpa_upper_cpu=1500m vpa_upper_mem=512Mi' current_sample='timestamp=2026-08-22T00:02:26+02:00 scenario=ue_33 pod=open5gs-upf-5b9db6d44-nsbqz uid=7b5b8ef7-a2a2-4fe9-a3e1-74acd17bd88f restarts=6 usage_cpu=136m usage_mem=35Mi request_cpu=476m request_mem=250Mi limit_cpu=none limit_mem=none vpa_target_cpu=476m vpa_target_mem=250Mi vpa_uncapped_cpu=476m vpa_uncapped_mem=250Mi vpa_lower_cpu=240m vpa_lower_mem=250Mi vpa_upper_cpu=1500m vpa_upper_mem=512Mi'
[2026-08-22T00:02:28+02:00] UPF_CONTROL_SAMPLE timestamp=2026-08-22T00:02:26+02:00 scenario=ue_33 pod=open5gs-upf-5b9db6d44-nsbqz uid=7b5b8ef7-a2a2-4fe9-a3e1-74acd17bd88f restarts=6 usage_cpu=136m usage_mem=35Mi request_cpu=476m request_mem=250Mi limit_cpu=none limit_mem=none vpa_target_cpu=476m vpa_target_mem=250Mi vpa_uncapped_cpu=476m vpa_uncapped_mem=250Mi vpa_lower_cpu=240m vpa_lower_mem=250Mi vpa_upper_cpu=1500m vpa_upper_mem=512Mi
[2026-08-22T00:02:30+02:00] UPF_CONTROL_SAMPLE timestamp=2026-08-22T00:02:29+02:00 scenario=ue_33 pod=open5gs-upf-5b9db6d44-nsbqz uid=7b5b8ef7-a2a2-4fe9-a3e1-74acd17bd88f restarts=6 usage_cpu=136m usage_mem=35Mi request_cpu=476m request_mem=250Mi limit_cpu=none limit_mem=none vpa_target_cpu=476m vpa_target_mem=250Mi vpa_uncapped_cpu=476m vpa_uncapped_mem=250Mi vpa_lower_cpu=240m vpa_lower_mem=250Mi vpa_upper_cpu=1500m vpa_upper_mem=512Mi
[2026-08-22T00:02:33+02:00] UPF_CONTROL_SAMPLE timestamp=2026-08-22T00:02:31+02:00 scenario=ue_33 pod=open5gs-upf-5b9db6d44-nsbqz uid=7b5b8ef7-a2a2-4fe9-a3e1-74acd17bd88f restarts=6 usage_cpu=136m usage_mem=35Mi request_cpu=476m request_mem=250Mi limit_cpu=none limit_mem=none vpa_target_cpu=476m vpa_target_mem=250Mi vpa_uncapped_cpu=476m vpa_uncapped_mem=250Mi vpa_lower_cpu=240m vpa_lower_mem=250Mi vpa_upper_cpu=1500m vpa_upper_mem=512Mi
[2026-08-22T00:02:35+02:00] VPA_RECOMMENDATION_CHANGE timestamp=2026-08-22T00:02:34+02:00 scenario=ue_33 old='vpa_target_cpu=476m vpa_target_mem=250Mi vpa_uncapped_cpu=476m vpa_uncapped_mem=250Mi vpa_lower_cpu=240m vpa_lower_mem=250Mi vpa_upper_cpu=1500m vpa_upper_mem=512Mi' new='vpa_target_cpu=476m vpa_target_mem=250Mi vpa_uncapped_cpu=476m vpa_uncapped_mem=250Mi vpa_lower_cpu=242m vpa_lower_mem=250Mi vpa_upper_cpu=1500m vpa_upper_mem=512Mi' previous_5s_sample='timestamp=2026-08-22T00:02:29+02:00 scenario=ue_33 pod=open5gs-upf-5b9db6d44-nsbqz uid=7b5b8ef7-a2a2-4fe9-a3e1-74acd17bd88f restarts=6 usage_cpu=136m usage_mem=35Mi request_cpu=476m request_mem=250Mi limit_cpu=none limit_mem=none vpa_target_cpu=476m vpa_target_mem=250Mi vpa_uncapped_cpu=476m vpa_uncapped_mem=250Mi vpa_lower_cpu=240m vpa_lower_mem=250Mi vpa_upper_cpu=1500m vpa_upper_mem=512Mi' current_sample='timestamp=2026-08-22T00:02:34+02:00 scenario=ue_33 pod=open5gs-upf-5b9db6d44-nsbqz uid=7b5b8ef7-a2a2-4fe9-a3e1-74acd17bd88f restarts=6 usage_cpu=136m usage_mem=35Mi request_cpu=476m request_mem=250Mi limit_cpu=none limit_mem=none vpa_target_cpu=476m vpa_target_mem=250Mi vpa_uncapped_cpu=476m vpa_uncapped_mem=250Mi vpa_lower_cpu=242m vpa_lower_mem=250Mi vpa_upper_cpu=1500m vpa_upper_mem=512Mi'
[2026-08-22T00:02:35+02:00] UPF_CONTROL_SAMPLE timestamp=2026-08-22T00:02:34+02:00 scenario=ue_33 pod=open5gs-upf-5b9db6d44-nsbqz uid=7b5b8ef7-a2a2-4fe9-a3e1-74acd17bd88f restarts=6 usage_cpu=136m usage_mem=35Mi request_cpu=476m request_mem=250Mi limit_cpu=none limit_mem=none vpa_target_cpu=476m vpa_target_mem=250Mi vpa_uncapped_cpu=476m vpa_uncapped_mem=250Mi vpa_lower_cpu=242m vpa_lower_mem=250Mi vpa_upper_cpu=1500m vpa_upper_mem=512Mi
[2026-08-22T00:02:37+02:00] UPF_CONTROL_SAMPLE timestamp=2026-08-22T00:02:36+02:00 scenario=ue_33 pod=open5gs-upf-5b9db6d44-nsbqz uid=7b5b8ef7-a2a2-4fe9-a3e1-74acd17bd88f restarts=6 usage_cpu=136m usage_mem=35Mi request_cpu=476m request_mem=250Mi limit_cpu=none limit_mem=none vpa_target_cpu=476m vpa_target_mem=250Mi vpa_uncapped_cpu=476m vpa_uncapped_mem=250Mi vpa_lower_cpu=242m vpa_lower_mem=250Mi vpa_upper_cpu=1500m vpa_upper_mem=512Mi
[2026-08-22T00:02:39+02:00] UPF_CONTROL_SAMPLE timestamp=2026-08-22T00:02:38+02:00 scenario=ue_33 pod=open5gs-upf-5b9db6d44-nsbqz uid=7b5b8ef7-a2a2-4fe9-a3e1-74acd17bd88f restarts=6 usage_cpu=136m usage_mem=35Mi request_cpu=476m request_mem=250Mi limit_cpu=none limit_mem=none vpa_target_cpu=476m vpa_target_mem=250Mi vpa_uncapped_cpu=476m vpa_uncapped_mem=250Mi vpa_lower_cpu=242m vpa_lower_mem=250Mi vpa_upper_cpu=1500m vpa_upper_mem=512Mi
[2026-08-22T00:02:42+02:00] UPF_CONTROL_SAMPLE timestamp=2026-08-22T00:02:41+02:00 scenario=ue_33 pod=open5gs-upf-5b9db6d44-nsbqz uid=7b5b8ef7-a2a2-4fe9-a3e1-74acd17bd88f restarts=6 usage_cpu=511m usage_mem=35Mi request_cpu=476m request_mem=250Mi limit_cpu=none limit_mem=none vpa_target_cpu=476m vpa_target_mem=250Mi vpa_uncapped_cpu=476m vpa_uncapped_mem=250Mi vpa_lower_cpu=242m vpa_lower_mem=250Mi vpa_upper_cpu=1500m vpa_upper_mem=512Mi
[2026-08-22T00:02:45+02:00] UPF_CONTROL_SAMPLE timestamp=2026-08-22T00:02:43+02:00 scenario=ue_33 pod=open5gs-upf-5b9db6d44-nsbqz uid=7b5b8ef7-a2a2-4fe9-a3e1-74acd17bd88f restarts=6 usage_cpu=511m usage_mem=35Mi request_cpu=476m request_mem=250Mi limit_cpu=none limit_mem=none vpa_target_cpu=476m vpa_target_mem=250Mi vpa_uncapped_cpu=476m vpa_uncapped_mem=250Mi vpa_lower_cpu=242m vpa_lower_mem=250Mi vpa_upper_cpu=1500m vpa_upper_mem=512Mi
[2026-08-22T00:02:48+02:00] UPF_CONTROL_SAMPLE timestamp=2026-08-22T00:02:46+02:00 scenario=ue_33 pod=open5gs-upf-5b9db6d44-nsbqz uid=7b5b8ef7-a2a2-4fe9-a3e1-74acd17bd88f restarts=6 usage_cpu=511m usage_mem=35Mi request_cpu=476m request_mem=250Mi limit_cpu=none limit_mem=none vpa_target_cpu=476m vpa_target_mem=250Mi vpa_uncapped_cpu=476m vpa_uncapped_mem=250Mi vpa_lower_cpu=242m vpa_lower_mem=250Mi vpa_upper_cpu=1500m vpa_upper_mem=512Mi
[2026-08-22T00:02:50+02:00] UPF_CONTROL_SAMPLE timestamp=2026-08-22T00:02:49+02:00 scenario=ue_33 pod=open5gs-upf-5b9db6d44-nsbqz uid=7b5b8ef7-a2a2-4fe9-a3e1-74acd17bd88f restarts=6 usage_cpu=511m usage_mem=35Mi request_cpu=476m request_mem=250Mi limit_cpu=none limit_mem=none vpa_target_cpu=476m vpa_target_mem=250Mi vpa_uncapped_cpu=476m vpa_uncapped_mem=250Mi vpa_lower_cpu=242m vpa_lower_mem=250Mi vpa_upper_cpu=1500m vpa_upper_mem=512Mi
[2026-08-22T00:02:53+02:00] UPF_CONTROL_SAMPLE timestamp=2026-08-22T00:02:51+02:00 scenario=ue_33 pod=open5gs-upf-5b9db6d44-nsbqz uid=7b5b8ef7-a2a2-4fe9-a3e1-74acd17bd88f restarts=6 usage_cpu=511m usage_mem=35Mi request_cpu=476m request_mem=250Mi limit_cpu=none limit_mem=none vpa_target_cpu=476m vpa_target_mem=250Mi vpa_uncapped_cpu=476m vpa_uncapped_mem=250Mi vpa_lower_cpu=242m vpa_lower_mem=250Mi vpa_upper_cpu=1500m vpa_upper_mem=512Mi
[2026-08-22T00:02:55+02:00] UPF_CONTROL_SAMPLE timestamp=2026-08-22T00:02:54+02:00 scenario=ue_33 pod=open5gs-upf-5b9db6d44-nsbqz uid=7b5b8ef7-a2a2-4fe9-a3e1-74acd17bd88f restarts=6 usage_cpu=511m usage_mem=35Mi request_cpu=476m request_mem=250Mi limit_cpu=none limit_mem=none vpa_target_cpu=476m vpa_target_mem=250Mi vpa_uncapped_cpu=476m vpa_uncapped_mem=250Mi vpa_lower_cpu=242m vpa_lower_mem=250Mi vpa_upper_cpu=1500m vpa_upper_mem=512Mi
[2026-08-22T00:02:57+02:00] UPF_CONTROL_SAMPLE timestamp=2026-08-22T00:02:56+02:00 scenario=ue_33 pod=open5gs-upf-5b9db6d44-nsbqz uid=7b5b8ef7-a2a2-4fe9-a3e1-74acd17bd88f restarts=6 usage_cpu=530m usage_mem=35Mi request_cpu=476m request_mem=250Mi limit_cpu=none limit_mem=none vpa_target_cpu=476m vpa_target_mem=250Mi vpa_uncapped_cpu=476m vpa_uncapped_mem=250Mi vpa_lower_cpu=242m vpa_lower_mem=250Mi vpa_upper_cpu=1500m vpa_upper_mem=512Mi
[2026-08-22T00:02:59+02:00] UPF_CONTROL_SAMPLE timestamp=2026-08-22T00:02:58+02:00 scenario=ue_33 pod=open5gs-upf-5b9db6d44-nsbqz uid=7b5b8ef7-a2a2-4fe9-a3e1-74acd17bd88f restarts=6 usage_cpu=530m usage_mem=35Mi request_cpu=476m request_mem=250Mi limit_cpu=none limit_mem=none vpa_target_cpu=476m vpa_target_mem=250Mi vpa_uncapped_cpu=476m vpa_uncapped_mem=250Mi vpa_lower_cpu=242m vpa_lower_mem=250Mi vpa_upper_cpu=1500m vpa_upper_mem=512Mi
[2026-08-22T00:03:01+02:00] UPF_CONTROL_SAMPLE timestamp=2026-08-22T00:03:00+02:00 scenario=ue_33 pod=open5gs-upf-5b9db6d44-nsbqz uid=7b5b8ef7-a2a2-4fe9-a3e1-74acd17bd88f restarts=6 usage_cpu=530m usage_mem=35Mi request_cpu=476m request_mem=250Mi limit_cpu=none limit_mem=none vpa_target_cpu=476m vpa_target_mem=250Mi vpa_uncapped_cpu=476m vpa_uncapped_mem=250Mi vpa_lower_cpu=242m vpa_lower_mem=250Mi vpa_upper_cpu=1500m vpa_upper_mem=512Mi
[2026-08-22T00:03:04+02:00] UPF_CONTROL_SAMPLE timestamp=2026-08-22T00:03:03+02:00 scenario=ue_33 pod=open5gs-upf-5b9db6d44-nsbqz uid=7b5b8ef7-a2a2-4fe9-a3e1-74acd17bd88f restarts=6 usage_cpu=530m usage_mem=35Mi request_cpu=476m request_mem=250Mi limit_cpu=none limit_mem=none vpa_target_cpu=476m vpa_target_mem=250Mi vpa_uncapped_cpu=476m vpa_uncapped_mem=250Mi vpa_lower_cpu=242m vpa_lower_mem=250Mi vpa_upper_cpu=1500m vpa_upper_mem=512Mi
[2026-08-22T00:03:06+02:00] UPF_CONTROL_SAMPLE timestamp=2026-08-22T00:03:05+02:00 scenario=ue_33 pod=open5gs-upf-5b9db6d44-nsbqz uid=7b5b8ef7-a2a2-4fe9-a3e1-74acd17bd88f restarts=6 usage_cpu=530m usage_mem=35Mi request_cpu=476m request_mem=250Mi limit_cpu=none limit_mem=none vpa_target_cpu=476m vpa_target_mem=250Mi vpa_uncapped_cpu=476m vpa_uncapped_mem=250Mi vpa_lower_cpu=242m vpa_lower_mem=250Mi vpa_upper_cpu=1500m vpa_upper_mem=512Mi
[2026-08-22T00:03:08+02:00] UPF_CONTROL_SAMPLE timestamp=2026-08-22T00:03:07+02:00 scenario=ue_33 pod=open5gs-upf-5b9db6d44-nsbqz uid=7b5b8ef7-a2a2-4fe9-a3e1-74acd17bd88f restarts=6 usage_cpu=530m usage_mem=35Mi request_cpu=476m request_mem=250Mi limit_cpu=none limit_mem=none vpa_target_cpu=476m vpa_target_mem=250Mi vpa_uncapped_cpu=476m vpa_uncapped_mem=250Mi vpa_lower_cpu=242m vpa_lower_mem=250Mi vpa_upper_cpu=1500m vpa_upper_mem=512Mi
[2026-08-22T00:03:10+02:00] UPF_CONTROL_SAMPLE timestamp=2026-08-22T00:03:09+02:00 scenario=ue_33 pod=open5gs-upf-5b9db6d44-nsbqz uid=7b5b8ef7-a2a2-4fe9-a3e1-74acd17bd88f restarts=6 usage_cpu=513m usage_mem=35Mi request_cpu=476m request_mem=250Mi limit_cpu=none limit_mem=none vpa_target_cpu=476m vpa_target_mem=250Mi vpa_uncapped_cpu=476m vpa_uncapped_mem=250Mi vpa_lower_cpu=242m vpa_lower_mem=250Mi vpa_upper_cpu=1500m vpa_upper_mem=512Mi
[2026-08-22T00:03:13+02:00] UPF_CONTROL_SAMPLE timestamp=2026-08-22T00:03:11+02:00 scenario=ue_33 pod=open5gs-upf-5b9db6d44-nsbqz uid=7b5b8ef7-a2a2-4fe9-a3e1-74acd17bd88f restarts=6 usage_cpu=513m usage_mem=35Mi request_cpu=476m request_mem=250Mi limit_cpu=none limit_mem=none vpa_target_cpu=476m vpa_target_mem=250Mi vpa_uncapped_cpu=476m vpa_uncapped_mem=250Mi vpa_lower_cpu=242m vpa_lower_mem=250Mi vpa_upper_cpu=1500m vpa_upper_mem=512Mi
[2026-08-22T00:03:15+02:00] UPF_CONTROL_SAMPLE timestamp=2026-08-22T00:03:14+02:00 scenario=ue_33 pod=open5gs-upf-5b9db6d44-nsbqz uid=7b5b8ef7-a2a2-4fe9-a3e1-74acd17bd88f restarts=6 usage_cpu=513m usage_mem=35Mi request_cpu=476m request_mem=250Mi limit_cpu=none limit_mem=none vpa_target_cpu=476m vpa_target_mem=250Mi vpa_uncapped_cpu=476m vpa_uncapped_mem=250Mi vpa_lower_cpu=242m vpa_lower_mem=250Mi vpa_upper_cpu=1500m vpa_upper_mem=512Mi
[2026-08-22T00:03:17+02:00] UPF_CONTROL_SAMPLE timestamp=2026-08-22T00:03:16+02:00 scenario=ue_33 pod=open5gs-upf-5b9db6d44-nsbqz uid=7b5b8ef7-a2a2-4fe9-a3e1-74acd17bd88f restarts=6 usage_cpu=513m usage_mem=35Mi request_cpu=476m request_mem=250Mi limit_cpu=none limit_mem=none vpa_target_cpu=476m vpa_target_mem=250Mi vpa_uncapped_cpu=476m vpa_uncapped_mem=250Mi vpa_lower_cpu=242m vpa_lower_mem=250Mi vpa_upper_cpu=1500m vpa_upper_mem=512Mi
[2026-08-22T00:03:20+02:00] UPF_CONTROL_SAMPLE timestamp=2026-08-22T00:03:18+02:00 scenario=ue_33 pod=open5gs-upf-5b9db6d44-nsbqz uid=7b5b8ef7-a2a2-4fe9-a3e1-74acd17bd88f restarts=6 usage_cpu=513m usage_mem=35Mi request_cpu=476m request_mem=250Mi limit_cpu=none limit_mem=none vpa_target_cpu=476m vpa_target_mem=250Mi vpa_uncapped_cpu=476m vpa_uncapped_mem=250Mi vpa_lower_cpu=242m vpa_lower_mem=250Mi vpa_upper_cpu=1500m vpa_upper_mem=512Mi
[2026-08-22T00:03:22+02:00] UPF_CONTROL_SAMPLE timestamp=2026-08-22T00:03:21+02:00 scenario=ue_33 pod=open5gs-upf-5b9db6d44-nsbqz uid=7b5b8ef7-a2a2-4fe9-a3e1-74acd17bd88f restarts=6 usage_cpu=513m usage_mem=35Mi request_cpu=476m request_mem=250Mi limit_cpu=none limit_mem=none vpa_target_cpu=476m vpa_target_mem=250Mi vpa_uncapped_cpu=476m vpa_uncapped_mem=250Mi vpa_lower_cpu=242m vpa_lower_mem=250Mi vpa_upper_cpu=1500m vpa_upper_mem=512Mi
[2026-08-22T00:03:24+02:00] UPF_CONTROL_SAMPLE timestamp=2026-08-22T00:03:23+02:00 scenario=ue_33 pod=open5gs-upf-5b9db6d44-nsbqz uid=7b5b8ef7-a2a2-4fe9-a3e1-74acd17bd88f restarts=6 usage_cpu=513m usage_mem=35Mi request_cpu=476m request_mem=250Mi limit_cpu=none limit_mem=none vpa_target_cpu=476m vpa_target_mem=250Mi vpa_uncapped_cpu=476m vpa_uncapped_mem=250Mi vpa_lower_cpu=242m vpa_lower_mem=250Mi vpa_upper_cpu=1500m vpa_upper_mem=512Mi
[2026-08-22T00:03:26+02:00] UPF_CONTROL_SAMPLE timestamp=2026-08-22T00:03:25+02:00 scenario=ue_33 pod=open5gs-upf-5b9db6d44-nsbqz uid=7b5b8ef7-a2a2-4fe9-a3e1-74acd17bd88f restarts=6 usage_cpu=531m usage_mem=35Mi request_cpu=476m request_mem=250Mi limit_cpu=none limit_mem=none vpa_target_cpu=476m vpa_target_mem=250Mi vpa_uncapped_cpu=476m vpa_uncapped_mem=250Mi vpa_lower_cpu=242m vpa_lower_mem=250Mi vpa_upper_cpu=1500m vpa_upper_mem=512Mi
[2026-08-22T00:03:28+02:00] UE_SLOT_DONE timestamp=2026-08-21T22:03:28+00:00 active_ues=33 slot=0 attempt=1 ue_idx=0 ue_if=uesimtun0 ue_ip=10.45.0.252 port=5201 rc=0 replacements_for_slot=0 server_busy_retries_for_slot=0
[2026-08-22T00:03:28+02:00] UE_SLOT_DONE timestamp=2026-08-21T22:03:28+00:00 active_ues=33 slot=1 attempt=1 ue_idx=1 ue_if=uesimtun1 ue_ip=10.45.0.253 port=5202 rc=0 replacements_for_slot=0 server_busy_retries_for_slot=0
[2026-08-22T00:03:28+02:00] UE_SLOT_DONE timestamp=2026-08-21T22:03:28+00:00 active_ues=33 slot=2 attempt=2 ue_idx=3 ue_if=uesimtun3 ue_ip=10.45.1.0 port=5251 rc=0 replacements_for_slot=0 server_busy_retries_for_slot=1
[2026-08-22T00:03:28+02:00] UE_SLOT_DONE timestamp=2026-08-21T22:03:28+00:00 active_ues=33 slot=3 attempt=1 ue_idx=4 ue_if=uesimtun4 ue_ip=10.45.1.1 port=5204 rc=0 replacements_for_slot=0 server_busy_retries_for_slot=0
[2026-08-22T00:03:28+02:00] UE_SLOT_DONE timestamp=2026-08-21T22:03:28+00:00 active_ues=33 slot=4 attempt=1 ue_idx=5 ue_if=uesimtun5 ue_ip=10.45.1.3 port=5205 rc=0 replacements_for_slot=0 server_busy_retries_for_slot=0
[2026-08-22T00:03:28+02:00] UE_SLOT_DONE timestamp=2026-08-21T22:03:28+00:00 active_ues=33 slot=5 attempt=1 ue_idx=6 ue_if=uesimtun6 ue_ip=10.45.0.255 port=5206 rc=0 replacements_for_slot=0 server_busy_retries_for_slot=0
[2026-08-22T00:03:28+02:00] UE_SLOT_DONE timestamp=2026-08-21T22:03:28+00:00 active_ues=33 slot=6 attempt=1 ue_idx=7 ue_if=uesimtun7 ue_ip=10.45.1.6 port=5207 rc=0 replacements_for_slot=0 server_busy_retries_for_slot=0
[2026-08-22T00:03:28+02:00] UE_SLOT_DONE timestamp=2026-08-21T22:03:28+00:00 active_ues=33 slot=7 attempt=1 ue_idx=8 ue_if=uesimtun8 ue_ip=10.45.1.10 port=5208 rc=0 replacements_for_slot=0 server_busy_retries_for_slot=0
[2026-08-22T00:03:28+02:00] UE_SLOT_DONE timestamp=2026-08-21T22:03:28+00:00 active_ues=33 slot=8 attempt=1 ue_idx=9 ue_if=uesimtun9 ue_ip=10.45.1.7 port=5209 rc=0 replacements_for_slot=0 server_busy_retries_for_slot=0
[2026-08-22T00:03:28+02:00] UE_SLOT_DONE timestamp=2026-08-21T22:03:28+00:00 active_ues=33 slot=9 attempt=1 ue_idx=10 ue_if=uesimtun10 ue_ip=10.45.1.14 port=5210 rc=0 replacements_for_slot=0 server_busy_retries_for_slot=0
[2026-08-22T00:03:28+02:00] UE_SLOT_DONE timestamp=2026-08-21T22:03:28+00:00 active_ues=33 slot=10 attempt=1 ue_idx=11 ue_if=uesimtun11 ue_ip=10.45.1.15 port=5211 rc=0 replacements_for_slot=0 server_busy_retries_for_slot=0
[2026-08-22T00:03:28+02:00] UE_SLOT_DONE timestamp=2026-08-21T22:03:28+00:00 active_ues=33 slot=11 attempt=1 ue_idx=12 ue_if=uesimtun12 ue_ip=10.45.1.12 port=5212 rc=0 replacements_for_slot=0 server_busy_retries_for_slot=0
[2026-08-22T00:03:29+02:00] UPF_CONTROL_SAMPLE timestamp=2026-08-22T00:03:27+02:00 scenario=ue_33 pod=open5gs-upf-5b9db6d44-nsbqz uid=7b5b8ef7-a2a2-4fe9-a3e1-74acd17bd88f restarts=6 usage_cpu=531m usage_mem=35Mi request_cpu=476m request_mem=250Mi limit_cpu=none limit_mem=none vpa_target_cpu=476m vpa_target_mem=250Mi vpa_uncapped_cpu=476m vpa_uncapped_mem=250Mi vpa_lower_cpu=242m vpa_lower_mem=250Mi vpa_upper_cpu=1500m vpa_upper_mem=512Mi
[2026-08-22T00:03:30+02:00] UE_SLOT_DONE timestamp=2026-08-21T22:03:30+00:00 active_ues=33 slot=12 attempt=1 ue_idx=13 ue_if=uesimtun13 ue_ip=10.45.1.18 port=5213 rc=0 replacements_for_slot=0 server_busy_retries_for_slot=0
[2026-08-22T00:03:30+02:00] UE_SLOT_DONE timestamp=2026-08-21T22:03:30+00:00 active_ues=33 slot=13 attempt=1 ue_idx=14 ue_if=uesimtun14 ue_ip=10.45.1.4 port=5214 rc=0 replacements_for_slot=0 server_busy_retries_for_slot=0
[2026-08-22T00:03:30+02:00] UE_SLOT_DONE timestamp=2026-08-21T22:03:30+00:00 active_ues=33 slot=14 attempt=1 ue_idx=17 ue_if=uesimtun17 ue_ip=10.45.1.22 port=5215 rc=0 replacements_for_slot=0 server_busy_retries_for_slot=0
[2026-08-22T00:03:30+02:00] UE_SLOT_DONE timestamp=2026-08-21T22:03:30+00:00 active_ues=33 slot=15 attempt=2 ue_idx=19 ue_if=uesimtun19 ue_ip=10.45.1.27 port=5252 rc=0 replacements_for_slot=0 server_busy_retries_for_slot=1
[2026-08-22T00:03:30+02:00] UE_SLOT_DONE timestamp=2026-08-21T22:03:30+00:00 active_ues=33 slot=16 attempt=1 ue_idx=20 ue_if=uesimtun20 ue_ip=10.45.1.28 port=5217 rc=0 replacements_for_slot=0 server_busy_retries_for_slot=0
[2026-08-22T00:03:30+02:00] UE_SLOT_DONE timestamp=2026-08-21T22:03:30+00:00 active_ues=33 slot=17 attempt=1 ue_idx=21 ue_if=uesimtun21 ue_ip=10.45.1.29 port=5218 rc=0 replacements_for_slot=0 server_busy_retries_for_slot=0
[2026-08-22T00:03:30+02:00] UE_SLOT_DONE timestamp=2026-08-21T22:03:30+00:00 active_ues=33 slot=18 attempt=1 ue_idx=22 ue_if=uesimtun22 ue_ip=10.45.1.30 port=5219 rc=0 replacements_for_slot=0 server_busy_retries_for_slot=0
[2026-08-22T00:03:30+02:00] UE_SLOT_DONE timestamp=2026-08-21T22:03:30+00:00 active_ues=33 slot=19 attempt=1 ue_idx=23 ue_if=uesimtun23 ue_ip=10.45.1.34 port=5220 rc=0 replacements_for_slot=0 server_busy_retries_for_slot=0
[2026-08-22T00:03:31+02:00] UPF_CONTROL_SAMPLE timestamp=2026-08-22T00:03:30+02:00 scenario=ue_33 pod=open5gs-upf-5b9db6d44-nsbqz uid=7b5b8ef7-a2a2-4fe9-a3e1-74acd17bd88f restarts=6 usage_cpu=531m usage_mem=35Mi request_cpu=476m request_mem=250Mi limit_cpu=none limit_mem=none vpa_target_cpu=476m vpa_target_mem=250Mi vpa_uncapped_cpu=476m vpa_uncapped_mem=250Mi vpa_lower_cpu=242m vpa_lower_mem=250Mi vpa_upper_cpu=1500m vpa_upper_mem=512Mi
[2026-08-22T00:03:32+02:00] UE_SLOT_DONE timestamp=2026-08-21T22:03:32+00:00 active_ues=33 slot=20 attempt=1 ue_idx=24 ue_if=uesimtun24 ue_ip=10.45.1.32 port=5221 rc=0 replacements_for_slot=0 server_busy_retries_for_slot=0
[2026-08-22T00:03:32+02:00] UE_SLOT_DONE timestamp=2026-08-21T22:03:32+00:00 active_ues=33 slot=21 attempt=1 ue_idx=25 ue_if=uesimtun25 ue_ip=10.45.1.36 port=5222 rc=0 replacements_for_slot=0 server_busy_retries_for_slot=0
[2026-08-22T00:03:32+02:00] UE_SLOT_DONE timestamp=2026-08-21T22:03:32+00:00 active_ues=33 slot=22 attempt=1 ue_idx=26 ue_if=uesimtun26 ue_ip=10.45.1.40 port=5223 rc=0 replacements_for_slot=0 server_busy_retries_for_slot=0
[2026-08-22T00:03:32+02:00] UE_SLOT_DONE timestamp=2026-08-21T22:03:32+00:00 active_ues=33 slot=23 attempt=1 ue_idx=27 ue_if=uesimtun27 ue_ip=10.45.1.8 port=5224 rc=0 replacements_for_slot=0 server_busy_retries_for_slot=0
[2026-08-22T00:03:32+02:00] UE_SLOT_DONE timestamp=2026-08-21T22:03:32+00:00 active_ues=33 slot=24 attempt=1 ue_idx=28 ue_if=uesimtun28 ue_ip=10.45.1.11 port=5225 rc=0 replacements_for_slot=0 server_busy_retries_for_slot=0
[2026-08-22T00:03:32+02:00] UE_SLOT_DONE timestamp=2026-08-21T22:03:32+00:00 active_ues=33 slot=25 attempt=1 ue_idx=29 ue_if=uesimtun29 ue_ip=10.45.1.16 port=5226 rc=0 replacements_for_slot=0 server_busy_retries_for_slot=0
[2026-08-22T00:03:33+02:00] UE_SLOT_DONE timestamp=2026-08-21T22:03:33+00:00 active_ues=33 slot=26 attempt=1 ue_idx=30 ue_if=uesimtun30 ue_ip=10.45.1.20 port=5227 rc=0 replacements_for_slot=0 server_busy_retries_for_slot=0
[2026-08-22T00:03:33+02:00] UE_SLOT_DONE timestamp=2026-08-21T22:03:33+00:00 active_ues=33 slot=27 attempt=1 ue_idx=31 ue_if=uesimtun31 ue_ip=10.45.1.42 port=5228 rc=0 replacements_for_slot=0 server_busy_retries_for_slot=0
[2026-08-22T00:03:33+02:00] UE_SLOT_DONE timestamp=2026-08-21T22:03:33+00:00 active_ues=33 slot=28 attempt=1 ue_idx=32 ue_if=uesimtun32 ue_ip=10.45.1.43 port=5229 rc=0 replacements_for_slot=0 server_busy_retries_for_slot=0
[2026-08-22T00:03:33+02:00] UE_SLOT_DONE timestamp=2026-08-21T22:03:33+00:00 active_ues=33 slot=29 attempt=1 ue_idx=33 ue_if=uesimtun33 ue_ip=10.45.1.23 port=5230 rc=0 replacements_for_slot=0 server_busy_retries_for_slot=0
[2026-08-22T00:03:33+02:00] UE_SLOT_DONE timestamp=2026-08-21T22:03:33+00:00 active_ues=33 slot=30 attempt=1 ue_idx=36 ue_if=uesimtun36 ue_ip=10.45.1.5 port=5231 rc=0 replacements_for_slot=0 server_busy_retries_for_slot=0
[2026-08-22T00:03:34+02:00] UPF_CONTROL_SAMPLE timestamp=2026-08-22T00:03:32+02:00 scenario=ue_33 pod=open5gs-upf-5b9db6d44-nsbqz uid=7b5b8ef7-a2a2-4fe9-a3e1-74acd17bd88f restarts=6 usage_cpu=531m usage_mem=35Mi request_cpu=476m request_mem=250Mi limit_cpu=none limit_mem=none vpa_target_cpu=476m vpa_target_mem=250Mi vpa_uncapped_cpu=476m vpa_uncapped_mem=250Mi vpa_lower_cpu=242m vpa_lower_mem=250Mi vpa_upper_cpu=1500m vpa_upper_mem=512Mi
[2026-08-22T00:03:35+02:00] UE_SLOT_DONE timestamp=2026-08-21T22:03:35+00:00 active_ues=33 slot=31 attempt=1 ue_idx=37 ue_if=uesimtun37 ue_ip=10.45.1.33 port=5232 rc=0 replacements_for_slot=0 server_busy_retries_for_slot=0
[2026-08-22T00:03:35+02:00] UE_SLOT_DONE timestamp=2026-08-21T22:03:35+00:00 active_ues=33 slot=32 attempt=3 ue_idx=40 ue_if=uesimtun40 ue_ip=10.45.1.9 port=5254 rc=0 replacements_for_slot=2 server_busy_retries_for_slot=0
[2026-08-22T00:03:36+02:00] VPA_RECOMMENDATION_CHANGE timestamp=2026-08-22T00:03:35+02:00 scenario=ue_33 old='vpa_target_cpu=476m vpa_target_mem=250Mi vpa_uncapped_cpu=476m vpa_uncapped_mem=250Mi vpa_lower_cpu=242m vpa_lower_mem=250Mi vpa_upper_cpu=1500m vpa_upper_mem=512Mi' new='vpa_target_cpu=511m vpa_target_mem=250Mi vpa_uncapped_cpu=511m vpa_uncapped_mem=250Mi vpa_lower_cpu=243m vpa_lower_mem=250Mi vpa_upper_cpu=1500m vpa_upper_mem=512Mi' previous_5s_sample='timestamp=2026-08-22T00:03:30+02:00 scenario=ue_33 pod=open5gs-upf-5b9db6d44-nsbqz uid=7b5b8ef7-a2a2-4fe9-a3e1-74acd17bd88f restarts=6 usage_cpu=531m usage_mem=35Mi request_cpu=476m request_mem=250Mi limit_cpu=none limit_mem=none vpa_target_cpu=476m vpa_target_mem=250Mi vpa_uncapped_cpu=476m vpa_uncapped_mem=250Mi vpa_lower_cpu=242m vpa_lower_mem=250Mi vpa_upper_cpu=1500m vpa_upper_mem=512Mi' current_sample='timestamp=2026-08-22T00:03:35+02:00 scenario=ue_33 pod=open5gs-upf-5b9db6d44-nsbqz uid=7b5b8ef7-a2a2-4fe9-a3e1-74acd17bd88f restarts=6 usage_cpu=531m usage_mem=35Mi request_cpu=476m request_mem=250Mi limit_cpu=none limit_mem=none vpa_target_cpu=511m vpa_target_mem=250Mi vpa_uncapped_cpu=511m vpa_uncapped_mem=250Mi vpa_lower_cpu=243m vpa_lower_mem=250Mi vpa_upper_cpu=1500m vpa_upper_mem=512Mi'
[2026-08-22T00:03:36+02:00] UPF_CONTROL_SAMPLE timestamp=2026-08-22T00:03:35+02:00 scenario=ue_33 pod=open5gs-upf-5b9db6d44-nsbqz uid=7b5b8ef7-a2a2-4fe9-a3e1-74acd17bd88f restarts=6 usage_cpu=531m usage_mem=35Mi request_cpu=476m request_mem=250Mi limit_cpu=none limit_mem=none vpa_target_cpu=511m vpa_target_mem=250Mi vpa_uncapped_cpu=511m vpa_uncapped_mem=250Mi vpa_lower_cpu=243m vpa_lower_mem=250Mi vpa_upper_cpu=1500m vpa_upper_mem=512Mi
[2026-08-22T00:03:36+02:00] TRAFFIC_SUMMARY timestamp=2026-08-21T22:03:36+00:00 registered_tunnels=50 active_ues=33 target_slots=33 completed_slots=33 final_failed_slots=0 replacements=2 problematic_ues=2 zombie_ues=2 connect_timeouts=2 stalls=0 deferred_stalls=0 process_failures=0 server_busy_retries=2 server_busy_failures=0 late_timeouts_accepted=0 scenario_bad_ues=2 global_suspect_ues=8 used_ues=35 target_host=192.168.1.211 initial_ports=5201-5233 replacement_ports=5251-5265 bitrate=1M start_delay=0.05 detection=no_rx_counter replacement_min_duration_s=5 adaptive_extension_max_s=1 iperf_exit_grace_s=3 server_busy_retries_limit=1 server_busy_retry_delay_s=2 late_replacement_after_end=disabled wait_for_iperf_exit=until_timeout global_suspect_policy=soft_reuse ramp_supervision=after_initial_start
[2026-08-22T00:03:36+02:00] UE_POOL_SCENARIO_BAD_CURRENT timestamp=2026-08-21T22:03:36+00:00 active_ues=33 indexes=38,39
[2026-08-22T00:03:36+02:00] UE_POOL_GLOBAL_SUSPECT_CURRENT timestamp=2026-08-21T22:03:36+00:00 active_ues=33 indexes=2,15,16,18,34,35,38,39
[2026-08-22T00:03:36+02:00] REMOTE_IPERF_PER_UE_END timestamp=2026-08-21T22:03:36+00:00 active_ues=33 tag=ue_33 final_rc=0 completed_slots=33 replacements=2 problematic_ues=2 server_busy_retries=2 deferred_stalls=0 late_timeouts_accepted=0
[2026-08-22T00:03:36+02:00] SCENARIO TRAFFIC COMMAND END timestamp=2026-08-22T00:03:36+02:00 active_ue=33 rc=0
[2026-08-22T00:03:37+02:00] SCENARIO UPF AFTER timestamp=2026-08-22T00:03:37+02:00 active_ue=33 pod=open5gs-upf-5b9db6d44-nsbqz uid=7b5b8ef7-a2a2-4fe9-a3e1-74acd17bd88f restarts=6
[2026-08-22T00:03:37+02:00] SCENARIO END timestamp=2026-08-22T00:03:37+02:00 active_ue=33 rc=0
[2026-08-22T00:03:37+02:00] ================================================================
[2026-08-22T00:03:37+02:00] SCENARIO START timestamp=2026-08-22T00:03:37+02:00 active_ue=35 registered_ue_pool=50 target_host=192.168.1.211 ports=5201-5235 replacement_ports=5251-5265 bitrate_per_ue=1M start_delay=0.05 replacement_min_duration=5 adaptive_extension_max=1
[2026-08-22T00:03:37+02:00] ================================================================
[2026-08-22T00:03:37+02:00] SCENARIO TUNNEL CHECK timestamp=2026-08-22T00:03:37+02:00 active_ue=35 current_tunnels=50 required=50
[2026-08-22T00:03:38+02:00] SCENARIO UPF BEFORE timestamp=2026-08-22T00:03:38+02:00 active_ue=35 pod=open5gs-upf-5b9db6d44-nsbqz uid=7b5b8ef7-a2a2-4fe9-a3e1-74acd17bd88f restarts=6
[2026-08-22T00:03:38+02:00] UPF_CONTROL_SAMPLE timestamp=2026-08-22T00:03:37+02:00 scenario=ue_35 pod=open5gs-upf-5b9db6d44-nsbqz uid=7b5b8ef7-a2a2-4fe9-a3e1-74acd17bd88f restarts=6 usage_cpu=531m usage_mem=35Mi request_cpu=476m request_mem=250Mi limit_cpu=none limit_mem=none vpa_target_cpu=511m vpa_target_mem=250Mi vpa_uncapped_cpu=511m vpa_uncapped_mem=250Mi vpa_lower_cpu=243m vpa_lower_mem=250Mi vpa_upper_cpu=1500m vpa_upper_mem=512Mi
[2026-08-22T00:03:39+02:00] REMOTE_IPERF_PER_UE_START timestamp=2026-08-21T22:03:39+00:00 active_ues=35 tag=ue_35 iperf_host=192.168.1.211 base_port=5201 replacement_base_port=5251 duration=80 bitrate=1M start_delay=0.05 detection=no_rx_counter connect_timeout_s=4 stall_seconds=5 replacement_limit=15 replacement_min_duration_s=5 adaptive_extension_max_s=1 iperf_exit_grace_s=3 server_busy_port_rebinds=1 late_replacement_after_end=disabled wait_for_iperf_exit=until_timeout global_suspect_policy=soft_reuse ramp_supervision=after_initial_start
[2026-08-22T00:03:39+02:00] UE_POOL_STATUS timestamp=2026-08-21T22:03:39+00:00 active_ues=35 registered_tunnels=50 existing_global_suspect_ues=8 used_ues=0 policy=soft_reuse_global_suspects
[2026-08-22T00:03:39+02:00] UE_SLOT_ASSIGN timestamp=2026-08-21T22:03:39+00:00 active_ues=35 slot=0 ue_idx=0 ue_if=uesimtun0 ue_ip=10.45.0.252 candidate_reused_global_suspect=0
[2026-08-22T00:03:39+02:00] UE_SLOT_START timestamp=2026-08-21T22:03:39+00:00 active_ues=35 slot=0 attempt=1 ue_idx=0 ue_if=uesimtun0 ue_ip=10.45.0.252 target=192.168.1.211:5201 bitrate=1M duration_s=80 planned_end_epoch=1787349899 timeout_s=90 hard_timeout_epoch=1787349914 start_rx_bytes=1602234
[2026-08-22T00:03:39+02:00] UE_SLOT_PID timestamp=2026-08-21T22:03:39+00:00 active_ues=35 slot=0 attempt=1 ue_idx=0 pid=55798
[2026-08-22T00:03:39+02:00] UE_SLOT_ASSIGN timestamp=2026-08-21T22:03:39+00:00 active_ues=35 slot=1 ue_idx=1 ue_if=uesimtun1 ue_ip=10.45.0.253 candidate_reused_global_suspect=0
[2026-08-22T00:03:39+02:00] UE_SLOT_START timestamp=2026-08-21T22:03:39+00:00 active_ues=35 slot=1 attempt=1 ue_idx=1 ue_if=uesimtun1 ue_ip=10.45.0.253 target=192.168.1.211:5202 bitrate=1M duration_s=80 planned_end_epoch=1787349899 timeout_s=90 hard_timeout_epoch=1787349914 start_rx_bytes=1527469
[2026-08-22T00:03:39+02:00] UE_SLOT_PID timestamp=2026-08-21T22:03:39+00:00 active_ues=35 slot=1 attempt=1 ue_idx=1 pid=55823
[2026-08-22T00:03:39+02:00] UE_SLOT_ASSIGN timestamp=2026-08-21T22:03:39+00:00 active_ues=35 slot=2 ue_idx=3 ue_if=uesimtun3 ue_ip=10.45.1.0 candidate_reused_global_suspect=0
[2026-08-22T00:03:39+02:00] UE_SLOT_START timestamp=2026-08-21T22:03:39+00:00 active_ues=35 slot=2 attempt=1 ue_idx=3 ue_if=uesimtun3 ue_ip=10.45.1.0 target=192.168.1.211:5203 bitrate=1M duration_s=80 planned_end_epoch=1787349899 timeout_s=90 hard_timeout_epoch=1787349914 start_rx_bytes=1406181
[2026-08-22T00:03:39+02:00] UE_SLOT_PID timestamp=2026-08-21T22:03:39+00:00 active_ues=35 slot=2 attempt=1 ue_idx=3 pid=55848
[2026-08-22T00:03:40+02:00] UE_SLOT_ASSIGN timestamp=2026-08-21T22:03:40+00:00 active_ues=35 slot=3 ue_idx=4 ue_if=uesimtun4 ue_ip=10.45.1.1 candidate_reused_global_suspect=0
[2026-08-22T00:03:40+02:00] UE_SLOT_START timestamp=2026-08-21T22:03:40+00:00 active_ues=35 slot=3 attempt=1 ue_idx=4 ue_if=uesimtun4 ue_ip=10.45.1.1 target=192.168.1.211:5204 bitrate=1M duration_s=80 planned_end_epoch=1787349900 timeout_s=90 hard_timeout_epoch=1787349915 start_rx_bytes=1406373
[2026-08-22T00:03:40+02:00] UE_SLOT_PID timestamp=2026-08-21T22:03:40+00:00 active_ues=35 slot=3 attempt=1 ue_idx=4 pid=55873
[2026-08-22T00:03:40+02:00] UE_SLOT_ASSIGN timestamp=2026-08-21T22:03:40+00:00 active_ues=35 slot=4 ue_idx=5 ue_if=uesimtun5 ue_ip=10.45.1.3 candidate_reused_global_suspect=0
[2026-08-22T00:03:40+02:00] UE_SLOT_START timestamp=2026-08-21T22:03:40+00:00 active_ues=35 slot=4 attempt=1 ue_idx=5 ue_if=uesimtun5 ue_ip=10.45.1.3 target=192.168.1.211:5205 bitrate=1M duration_s=80 planned_end_epoch=1787349900 timeout_s=90 hard_timeout_epoch=1787349915 start_rx_bytes=1305759
[2026-08-22T00:03:40+02:00] UE_SLOT_PID timestamp=2026-08-21T22:03:40+00:00 active_ues=35 slot=4 attempt=1 ue_idx=5 pid=55898
[2026-08-22T00:03:40+02:00] UE_SLOT_ASSIGN timestamp=2026-08-21T22:03:40+00:00 active_ues=35 slot=5 ue_idx=6 ue_if=uesimtun6 ue_ip=10.45.0.255 candidate_reused_global_suspect=0
[2026-08-22T00:03:40+02:00] UE_SLOT_START timestamp=2026-08-21T22:03:40+00:00 active_ues=35 slot=5 attempt=1 ue_idx=6 ue_if=uesimtun6 ue_ip=10.45.0.255 target=192.168.1.211:5206 bitrate=1M duration_s=80 planned_end_epoch=1787349900 timeout_s=90 hard_timeout_epoch=1787349915 start_rx_bytes=1308911
[2026-08-22T00:03:40+02:00] UE_SLOT_PID timestamp=2026-08-21T22:03:40+00:00 active_ues=35 slot=5 attempt=1 ue_idx=6 pid=55923
[2026-08-22T00:03:40+02:00] UE_SLOT_ASSIGN timestamp=2026-08-21T22:03:40+00:00 active_ues=35 slot=6 ue_idx=7 ue_if=uesimtun7 ue_ip=10.45.1.6 candidate_reused_global_suspect=0
[2026-08-22T00:03:40+02:00] UE_SLOT_START timestamp=2026-08-21T22:03:40+00:00 active_ues=35 slot=6 attempt=1 ue_idx=7 ue_if=uesimtun7 ue_ip=10.45.1.6 target=192.168.1.211:5207 bitrate=1M duration_s=80 planned_end_epoch=1787349900 timeout_s=90 hard_timeout_epoch=1787349915 start_rx_bytes=1216664
[2026-08-22T00:03:40+02:00] UE_SLOT_PID timestamp=2026-08-21T22:03:40+00:00 active_ues=35 slot=6 attempt=1 ue_idx=7 pid=55948
[2026-08-22T00:03:41+02:00] UE_SLOT_ASSIGN timestamp=2026-08-21T22:03:41+00:00 active_ues=35 slot=7 ue_idx=8 ue_if=uesimtun8 ue_ip=10.45.1.10 candidate_reused_global_suspect=0
[2026-08-22T00:03:41+02:00] UE_SLOT_START timestamp=2026-08-21T22:03:41+00:00 active_ues=35 slot=7 attempt=1 ue_idx=8 ue_if=uesimtun8 ue_ip=10.45.1.10 target=192.168.1.211:5208 bitrate=1M duration_s=80 planned_end_epoch=1787349901 timeout_s=90 hard_timeout_epoch=1787349916 start_rx_bytes=1210831
[2026-08-22T00:03:41+02:00] UE_SLOT_PID timestamp=2026-08-21T22:03:41+00:00 active_ues=35 slot=7 attempt=1 ue_idx=8 pid=55973
[2026-08-22T00:03:41+02:00] UPF_CONTROL_SAMPLE timestamp=2026-08-22T00:03:39+02:00 scenario=ue_35 pod=open5gs-upf-5b9db6d44-nsbqz uid=7b5b8ef7-a2a2-4fe9-a3e1-74acd17bd88f restarts=6 usage_cpu=339m usage_mem=35Mi request_cpu=476m request_mem=250Mi limit_cpu=none limit_mem=none vpa_target_cpu=511m vpa_target_mem=250Mi vpa_uncapped_cpu=511m vpa_uncapped_mem=250Mi vpa_lower_cpu=243m vpa_lower_mem=250Mi vpa_upper_cpu=1500m vpa_upper_mem=512Mi
[2026-08-22T00:03:41+02:00] UE_SLOT_ASSIGN timestamp=2026-08-21T22:03:41+00:00 active_ues=35 slot=8 ue_idx=9 ue_if=uesimtun9 ue_ip=10.45.1.7 candidate_reused_global_suspect=0
[2026-08-22T00:03:41+02:00] UE_SLOT_START timestamp=2026-08-21T22:03:41+00:00 active_ues=35 slot=8 attempt=1 ue_idx=9 ue_if=uesimtun9 ue_ip=10.45.1.7 target=192.168.1.211:5209 bitrate=1M duration_s=80 planned_end_epoch=1787349901 timeout_s=90 hard_timeout_epoch=1787349916 start_rx_bytes=1090072
[2026-08-22T00:03:41+02:00] UE_SLOT_PID timestamp=2026-08-21T22:03:41+00:00 active_ues=35 slot=8 attempt=1 ue_idx=9 pid=55998
[2026-08-22T00:03:41+02:00] UE_SLOT_ASSIGN timestamp=2026-08-21T22:03:41+00:00 active_ues=35 slot=9 ue_idx=10 ue_if=uesimtun10 ue_ip=10.45.1.14 candidate_reused_global_suspect=0
[2026-08-22T00:03:41+02:00] UE_SLOT_START timestamp=2026-08-21T22:03:41+00:00 active_ues=35 slot=9 attempt=1 ue_idx=10 ue_if=uesimtun10 ue_ip=10.45.1.14 target=192.168.1.211:5210 bitrate=1M duration_s=80 planned_end_epoch=1787349901 timeout_s=90 hard_timeout_epoch=1787349916 start_rx_bytes=1112502
[2026-08-22T00:03:41+02:00] UE_SLOT_PID timestamp=2026-08-21T22:03:41+00:00 active_ues=35 slot=9 attempt=1 ue_idx=10 pid=56023
[2026-08-22T00:03:41+02:00] UE_SLOT_ASSIGN timestamp=2026-08-21T22:03:41+00:00 active_ues=35 slot=10 ue_idx=11 ue_if=uesimtun11 ue_ip=10.45.1.15 candidate_reused_global_suspect=0
[2026-08-22T00:03:41+02:00] UE_SLOT_START timestamp=2026-08-21T22:03:41+00:00 active_ues=35 slot=10 attempt=1 ue_idx=11 ue_if=uesimtun11 ue_ip=10.45.1.15 target=192.168.1.211:5211 bitrate=1M duration_s=80 planned_end_epoch=1787349901 timeout_s=90 hard_timeout_epoch=1787349916 start_rx_bytes=1066587
[2026-08-22T00:03:41+02:00] UE_SLOT_PID timestamp=2026-08-21T22:03:41+00:00 active_ues=35 slot=10 attempt=1 ue_idx=11 pid=56048
[2026-08-22T00:03:41+02:00] UE_SLOT_ASSIGN timestamp=2026-08-21T22:03:41+00:00 active_ues=35 slot=11 ue_idx=12 ue_if=uesimtun12 ue_ip=10.45.1.12 candidate_reused_global_suspect=0
[2026-08-22T00:03:42+02:00] UE_SLOT_START timestamp=2026-08-21T22:03:41+00:00 active_ues=35 slot=11 attempt=1 ue_idx=12 ue_if=uesimtun12 ue_ip=10.45.1.12 target=192.168.1.211:5212 bitrate=1M duration_s=80 planned_end_epoch=1787349901 timeout_s=90 hard_timeout_epoch=1787349916 start_rx_bytes=1041284
[2026-08-22T00:03:42+02:00] UE_SLOT_PID timestamp=2026-08-21T22:03:41+00:00 active_ues=35 slot=11 attempt=1 ue_idx=12 pid=56073
[2026-08-22T00:03:42+02:00] UE_SLOT_ASSIGN timestamp=2026-08-21T22:03:42+00:00 active_ues=35 slot=12 ue_idx=13 ue_if=uesimtun13 ue_ip=10.45.1.18 candidate_reused_global_suspect=0
[2026-08-22T00:03:42+02:00] UE_SLOT_START timestamp=2026-08-21T22:03:42+00:00 active_ues=35 slot=12 attempt=1 ue_idx=13 ue_if=uesimtun13 ue_ip=10.45.1.18 target=192.168.1.211:5213 bitrate=1M duration_s=80 planned_end_epoch=1787349902 timeout_s=90 hard_timeout_epoch=1787349917 start_rx_bytes=953492
[2026-08-22T00:03:42+02:00] UE_SLOT_PID timestamp=2026-08-21T22:03:42+00:00 active_ues=35 slot=12 attempt=1 ue_idx=13 pid=56098
[2026-08-22T00:03:42+02:00] UE_SLOT_ASSIGN timestamp=2026-08-21T22:03:42+00:00 active_ues=35 slot=13 ue_idx=14 ue_if=uesimtun14 ue_ip=10.45.1.4 candidate_reused_global_suspect=0
[2026-08-22T00:03:42+02:00] UE_SLOT_START timestamp=2026-08-21T22:03:42+00:00 active_ues=35 slot=13 attempt=1 ue_idx=14 ue_if=uesimtun14 ue_ip=10.45.1.4 target=192.168.1.211:5214 bitrate=1M duration_s=80 planned_end_epoch=1787349902 timeout_s=90 hard_timeout_epoch=1787349917 start_rx_bytes=983256
[2026-08-22T00:03:42+02:00] UE_SLOT_PID timestamp=2026-08-21T22:03:42+00:00 active_ues=35 slot=13 attempt=1 ue_idx=14 pid=56123
[2026-08-22T00:03:42+02:00] UE_SLOT_ASSIGN timestamp=2026-08-21T22:03:42+00:00 active_ues=35 slot=14 ue_idx=17 ue_if=uesimtun17 ue_ip=10.45.1.22 candidate_reused_global_suspect=0
[2026-08-22T00:03:42+02:00] UE_SLOT_START timestamp=2026-08-21T22:03:42+00:00 active_ues=35 slot=14 attempt=1 ue_idx=17 ue_if=uesimtun17 ue_ip=10.45.1.22 target=192.168.1.211:5215 bitrate=1M duration_s=80 planned_end_epoch=1787349902 timeout_s=90 hard_timeout_epoch=1787349917 start_rx_bytes=765355
[2026-08-22T00:03:42+02:00] UE_SLOT_PID timestamp=2026-08-21T22:03:42+00:00 active_ues=35 slot=14 attempt=1 ue_idx=17 pid=56148
[2026-08-22T00:03:42+02:00] UE_SLOT_ASSIGN timestamp=2026-08-21T22:03:42+00:00 active_ues=35 slot=15 ue_idx=19 ue_if=uesimtun19 ue_ip=10.45.1.27 candidate_reused_global_suspect=0
[2026-08-22T00:03:42+02:00] UE_SLOT_START timestamp=2026-08-21T22:03:42+00:00 active_ues=35 slot=15 attempt=1 ue_idx=19 ue_if=uesimtun19 ue_ip=10.45.1.27 target=192.168.1.211:5216 bitrate=1M duration_s=80 planned_end_epoch=1787349902 timeout_s=90 hard_timeout_epoch=1787349917 start_rx_bytes=672282
[2026-08-22T00:03:42+02:00] UE_SLOT_PID timestamp=2026-08-21T22:03:42+00:00 active_ues=35 slot=15 attempt=1 ue_idx=19 pid=56173
[2026-08-22T00:03:43+02:00] UE_SLOT_ASSIGN timestamp=2026-08-21T22:03:43+00:00 active_ues=35 slot=16 ue_idx=20 ue_if=uesimtun20 ue_ip=10.45.1.28 candidate_reused_global_suspect=0
[2026-08-22T00:03:43+02:00] UE_SLOT_START timestamp=2026-08-21T22:03:43+00:00 active_ues=35 slot=16 attempt=1 ue_idx=20 ue_if=uesimtun20 ue_ip=10.45.1.28 target=192.168.1.211:5217 bitrate=1M duration_s=80 planned_end_epoch=1787349903 timeout_s=90 hard_timeout_epoch=1787349918 start_rx_bytes=702251
[2026-08-22T00:03:43+02:00] UE_SLOT_PID timestamp=2026-08-21T22:03:43+00:00 active_ues=35 slot=16 attempt=1 ue_idx=20 pid=56198
[2026-08-22T00:03:43+02:00] UE_SLOT_ASSIGN timestamp=2026-08-21T22:03:43+00:00 active_ues=35 slot=17 ue_idx=21 ue_if=uesimtun21 ue_ip=10.45.1.29 candidate_reused_global_suspect=0
[2026-08-22T00:03:43+02:00] UE_SLOT_START timestamp=2026-08-21T22:03:43+00:00 active_ues=35 slot=17 attempt=1 ue_idx=21 ue_if=uesimtun21 ue_ip=10.45.1.29 target=192.168.1.211:5218 bitrate=1M duration_s=80 planned_end_epoch=1787349903 timeout_s=90 hard_timeout_epoch=1787349918 start_rx_bytes=602322
[2026-08-22T00:03:43+02:00] UE_SLOT_PID timestamp=2026-08-21T22:03:43+00:00 active_ues=35 slot=17 attempt=1 ue_idx=21 pid=56223
[2026-08-22T00:03:43+02:00] UPF_CONTROL_SAMPLE timestamp=2026-08-22T00:03:42+02:00 scenario=ue_35 pod=open5gs-upf-5b9db6d44-nsbqz uid=7b5b8ef7-a2a2-4fe9-a3e1-74acd17bd88f restarts=6 usage_cpu=339m usage_mem=35Mi request_cpu=476m request_mem=250Mi limit_cpu=none limit_mem=none vpa_target_cpu=511m vpa_target_mem=250Mi vpa_uncapped_cpu=511m vpa_uncapped_mem=250Mi vpa_lower_cpu=243m vpa_lower_mem=250Mi vpa_upper_cpu=1500m vpa_upper_mem=512Mi
[2026-08-22T00:03:43+02:00] UE_SLOT_ASSIGN timestamp=2026-08-21T22:03:43+00:00 active_ues=35 slot=18 ue_idx=22 ue_if=uesimtun22 ue_ip=10.45.1.30 candidate_reused_global_suspect=0
[2026-08-22T00:03:43+02:00] UE_SLOT_START timestamp=2026-08-21T22:03:43+00:00 active_ues=35 slot=18 attempt=1 ue_idx=22 ue_if=uesimtun22 ue_ip=10.45.1.30 target=192.168.1.211:5219 bitrate=1M duration_s=80 planned_end_epoch=1787349903 timeout_s=90 hard_timeout_epoch=1787349918 start_rx_bytes=593379
[2026-08-22T00:03:43+02:00] UE_SLOT_PID timestamp=2026-08-21T22:03:43+00:00 active_ues=35 slot=18 attempt=1 ue_idx=22 pid=56248
[2026-08-22T00:03:43+02:00] UE_SLOT_ASSIGN timestamp=2026-08-21T22:03:43+00:00 active_ues=35 slot=19 ue_idx=23 ue_if=uesimtun23 ue_ip=10.45.1.34 candidate_reused_global_suspect=0
[2026-08-22T00:03:43+02:00] UE_SLOT_START timestamp=2026-08-21T22:03:43+00:00 active_ues=35 slot=19 attempt=1 ue_idx=23 ue_if=uesimtun23 ue_ip=10.45.1.34 target=192.168.1.211:5220 bitrate=1M duration_s=80 planned_end_epoch=1787349903 timeout_s=90 hard_timeout_epoch=1787349918 start_rx_bytes=502321
[2026-08-22T00:03:43+02:00] UE_SLOT_PID timestamp=2026-08-21T22:03:43+00:00 active_ues=35 slot=19 attempt=1 ue_idx=23 pid=56273
[2026-08-22T00:03:44+02:00] UE_SLOT_ASSIGN timestamp=2026-08-21T22:03:44+00:00 active_ues=35 slot=20 ue_idx=24 ue_if=uesimtun24 ue_ip=10.45.1.32 candidate_reused_global_suspect=0
[2026-08-22T00:03:44+02:00] UE_SLOT_START timestamp=2026-08-21T22:03:44+00:00 active_ues=35 slot=20 attempt=1 ue_idx=24 ue_if=uesimtun24 ue_ip=10.45.1.32 target=192.168.1.211:5221 bitrate=1M duration_s=80 planned_end_epoch=1787349904 timeout_s=90 hard_timeout_epoch=1787349919 start_rx_bytes=500903
[2026-08-22T00:03:44+02:00] UE_SLOT_PID timestamp=2026-08-21T22:03:44+00:00 active_ues=35 slot=20 attempt=1 ue_idx=24 pid=56298
[2026-08-22T00:03:44+02:00] UE_SLOT_ASSIGN timestamp=2026-08-21T22:03:44+00:00 active_ues=35 slot=21 ue_idx=25 ue_if=uesimtun25 ue_ip=10.45.1.36 candidate_reused_global_suspect=0
[2026-08-22T00:03:44+02:00] UE_SLOT_START timestamp=2026-08-21T22:03:44+00:00 active_ues=35 slot=21 attempt=1 ue_idx=25 ue_if=uesimtun25 ue_ip=10.45.1.36 target=192.168.1.211:5222 bitrate=1M duration_s=80 planned_end_epoch=1787349904 timeout_s=90 hard_timeout_epoch=1787349919 start_rx_bytes=429158
[2026-08-22T00:03:44+02:00] UE_SLOT_PID timestamp=2026-08-21T22:03:44+00:00 active_ues=35 slot=21 attempt=1 ue_idx=25 pid=56323
[2026-08-22T00:03:44+02:00] UE_SLOT_ASSIGN timestamp=2026-08-21T22:03:44+00:00 active_ues=35 slot=22 ue_idx=26 ue_if=uesimtun26 ue_ip=10.45.1.40 candidate_reused_global_suspect=0
[2026-08-22T00:03:44+02:00] UE_SLOT_START timestamp=2026-08-21T22:03:44+00:00 active_ues=35 slot=22 attempt=1 ue_idx=26 ue_if=uesimtun26 ue_ip=10.45.1.40 target=192.168.1.211:5223 bitrate=1M duration_s=80 planned_end_epoch=1787349904 timeout_s=90 hard_timeout_epoch=1787349919 start_rx_bytes=435467
[2026-08-22T00:03:44+02:00] UE_SLOT_PID timestamp=2026-08-21T22:03:44+00:00 active_ues=35 slot=22 attempt=1 ue_idx=26 pid=56348
[2026-08-22T00:03:44+02:00] UE_SLOT_ASSIGN timestamp=2026-08-21T22:03:44+00:00 active_ues=35 slot=23 ue_idx=27 ue_if=uesimtun27 ue_ip=10.45.1.8 candidate_reused_global_suspect=0
[2026-08-22T00:03:44+02:00] UE_SLOT_START timestamp=2026-08-21T22:03:44+00:00 active_ues=35 slot=23 attempt=1 ue_idx=27 ue_if=uesimtun27 ue_ip=10.45.1.8 target=192.168.1.211:5224 bitrate=1M duration_s=80 planned_end_epoch=1787349904 timeout_s=90 hard_timeout_epoch=1787349919 start_rx_bytes=330765
[2026-08-22T00:03:44+02:00] UE_SLOT_PID timestamp=2026-08-21T22:03:44+00:00 active_ues=35 slot=23 attempt=1 ue_idx=27 pid=56373
[2026-08-22T00:03:45+02:00] UE_SLOT_ASSIGN timestamp=2026-08-21T22:03:45+00:00 active_ues=35 slot=24 ue_idx=28 ue_if=uesimtun28 ue_ip=10.45.1.11 candidate_reused_global_suspect=0
[2026-08-22T00:03:45+02:00] UE_SLOT_START timestamp=2026-08-21T22:03:45+00:00 active_ues=35 slot=24 attempt=1 ue_idx=28 ue_if=uesimtun28 ue_ip=10.45.1.11 target=192.168.1.211:5225 bitrate=1M duration_s=80 planned_end_epoch=1787349905 timeout_s=90 hard_timeout_epoch=1787349920 start_rx_bytes=324186
[2026-08-22T00:03:45+02:00] UE_SLOT_PID timestamp=2026-08-21T22:03:45+00:00 active_ues=35 slot=24 attempt=1 ue_idx=28 pid=56398
[2026-08-22T00:03:45+02:00] UE_SLOT_ASSIGN timestamp=2026-08-21T22:03:45+00:00 active_ues=35 slot=25 ue_idx=29 ue_if=uesimtun29 ue_ip=10.45.1.16 candidate_reused_global_suspect=0
[2026-08-22T00:03:45+02:00] UE_SLOT_START timestamp=2026-08-21T22:03:45+00:00 active_ues=35 slot=25 attempt=1 ue_idx=29 ue_if=uesimtun29 ue_ip=10.45.1.16 target=192.168.1.211:5226 bitrate=1M duration_s=80 planned_end_epoch=1787349905 timeout_s=90 hard_timeout_epoch=1787349920 start_rx_bytes=319892
[2026-08-22T00:03:45+02:00] UE_SLOT_PID timestamp=2026-08-21T22:03:45+00:00 active_ues=35 slot=25 attempt=1 ue_idx=29 pid=56423
[2026-08-22T00:03:45+02:00] UE_SLOT_ASSIGN timestamp=2026-08-21T22:03:45+00:00 active_ues=35 slot=26 ue_idx=30 ue_if=uesimtun30 ue_ip=10.45.1.20 candidate_reused_global_suspect=0
[2026-08-22T00:03:45+02:00] UE_SLOT_START timestamp=2026-08-21T22:03:45+00:00 active_ues=35 slot=26 attempt=1 ue_idx=30 ue_if=uesimtun30 ue_ip=10.45.1.20 target=192.168.1.211:5227 bitrate=1M duration_s=80 planned_end_epoch=1787349905 timeout_s=90 hard_timeout_epoch=1787349920 start_rx_bytes=228581
[2026-08-22T00:03:45+02:00] UE_SLOT_PID timestamp=2026-08-21T22:03:45+00:00 active_ues=35 slot=26 attempt=1 ue_idx=30 pid=56448
[2026-08-22T00:03:45+02:00] UE_SLOT_ASSIGN timestamp=2026-08-21T22:03:45+00:00 active_ues=35 slot=27 ue_idx=31 ue_if=uesimtun31 ue_ip=10.45.1.42 candidate_reused_global_suspect=0
[2026-08-22T00:03:45+02:00] UPF_CONTROL_SAMPLE timestamp=2026-08-22T00:03:44+02:00 scenario=ue_35 pod=open5gs-upf-5b9db6d44-nsbqz uid=7b5b8ef7-a2a2-4fe9-a3e1-74acd17bd88f restarts=6 usage_cpu=339m usage_mem=35Mi request_cpu=476m request_mem=250Mi limit_cpu=none limit_mem=none vpa_target_cpu=511m vpa_target_mem=250Mi vpa_uncapped_cpu=511m vpa_uncapped_mem=250Mi vpa_lower_cpu=243m vpa_lower_mem=250Mi vpa_upper_cpu=1500m vpa_upper_mem=512Mi
[2026-08-22T00:03:45+02:00] UE_SLOT_START timestamp=2026-08-21T22:03:45+00:00 active_ues=35 slot=27 attempt=1 ue_idx=31 ue_if=uesimtun31 ue_ip=10.45.1.42 target=192.168.1.211:5228 bitrate=1M duration_s=80 planned_end_epoch=1787349905 timeout_s=90 hard_timeout_epoch=1787349920 start_rx_bytes=200862
[2026-08-22T00:03:45+02:00] UE_SLOT_PID timestamp=2026-08-21T22:03:45+00:00 active_ues=35 slot=27 attempt=1 ue_idx=31 pid=56473
[2026-08-22T00:03:46+02:00] UE_SLOT_ASSIGN timestamp=2026-08-21T22:03:46+00:00 active_ues=35 slot=28 ue_idx=32 ue_if=uesimtun32 ue_ip=10.45.1.43 candidate_reused_global_suspect=0
[2026-08-22T00:03:46+02:00] UE_SLOT_START timestamp=2026-08-21T22:03:46+00:00 active_ues=35 slot=28 attempt=1 ue_idx=32 ue_if=uesimtun32 ue_ip=10.45.1.43 target=192.168.1.211:5229 bitrate=1M duration_s=80 planned_end_epoch=1787349906 timeout_s=90 hard_timeout_epoch=1787349921 start_rx_bytes=218565
[2026-08-22T00:03:46+02:00] UE_SLOT_PID timestamp=2026-08-21T22:03:46+00:00 active_ues=35 slot=28 attempt=1 ue_idx=32 pid=56498
[2026-08-22T00:03:46+02:00] UE_SLOT_ASSIGN timestamp=2026-08-21T22:03:46+00:00 active_ues=35 slot=29 ue_idx=33 ue_if=uesimtun33 ue_ip=10.45.1.23 candidate_reused_global_suspect=0
[2026-08-22T00:03:46+02:00] UE_SLOT_START timestamp=2026-08-21T22:03:46+00:00 active_ues=35 slot=29 attempt=1 ue_idx=33 ue_if=uesimtun33 ue_ip=10.45.1.23 target=192.168.1.211:5230 bitrate=1M duration_s=80 planned_end_epoch=1787349906 timeout_s=90 hard_timeout_epoch=1787349921 start_rx_bytes=188057
[2026-08-22T00:03:46+02:00] UE_SLOT_PID timestamp=2026-08-21T22:03:46+00:00 active_ues=35 slot=29 attempt=1 ue_idx=33 pid=56523
[2026-08-22T00:03:46+02:00] UE_SLOT_ASSIGN timestamp=2026-08-21T22:03:46+00:00 active_ues=35 slot=30 ue_idx=36 ue_if=uesimtun36 ue_ip=10.45.1.5 candidate_reused_global_suspect=0
[2026-08-22T00:03:46+02:00] UE_SLOT_START timestamp=2026-08-21T22:03:46+00:00 active_ues=35 slot=30 attempt=1 ue_idx=36 ue_if=uesimtun36 ue_ip=10.45.1.5 target=192.168.1.211:5231 bitrate=1M duration_s=80 planned_end_epoch=1787349906 timeout_s=90 hard_timeout_epoch=1787349921 start_rx_bytes=145547
[2026-08-22T00:03:46+02:00] UE_SLOT_PID timestamp=2026-08-21T22:03:46+00:00 active_ues=35 slot=30 attempt=1 ue_idx=36 pid=56548
[2026-08-22T00:03:47+02:00] UE_SLOT_ASSIGN timestamp=2026-08-21T22:03:47+00:00 active_ues=35 slot=31 ue_idx=37 ue_if=uesimtun37 ue_ip=10.45.1.33 candidate_reused_global_suspect=0
[2026-08-22T00:03:47+02:00] UE_SLOT_START timestamp=2026-08-21T22:03:47+00:00 active_ues=35 slot=31 attempt=1 ue_idx=37 ue_if=uesimtun37 ue_ip=10.45.1.33 target=192.168.1.211:5232 bitrate=1M duration_s=80 planned_end_epoch=1787349907 timeout_s=90 hard_timeout_epoch=1787349922 start_rx_bytes=113761
[2026-08-22T00:03:47+02:00] UE_SLOT_PID timestamp=2026-08-21T22:03:47+00:00 active_ues=35 slot=31 attempt=1 ue_idx=37 pid=56573
[2026-08-22T00:03:47+02:00] UE_SLOT_ASSIGN timestamp=2026-08-21T22:03:47+00:00 active_ues=35 slot=32 ue_idx=40 ue_if=uesimtun40 ue_ip=10.45.1.9 candidate_reused_global_suspect=0
[2026-08-22T00:03:47+02:00] UE_SLOT_START timestamp=2026-08-21T22:03:47+00:00 active_ues=35 slot=32 attempt=1 ue_idx=40 ue_if=uesimtun40 ue_ip=10.45.1.9 target=192.168.1.211:5233 bitrate=1M duration_s=80 planned_end_epoch=1787349907 timeout_s=90 hard_timeout_epoch=1787349922 start_rx_bytes=96563
[2026-08-22T00:03:47+02:00] UE_SLOT_PID timestamp=2026-08-21T22:03:47+00:00 active_ues=35 slot=32 attempt=1 ue_idx=40 pid=56598
[2026-08-22T00:03:47+02:00] UE_SLOT_ASSIGN timestamp=2026-08-21T22:03:47+00:00 active_ues=35 slot=33 ue_idx=41 ue_if=uesimtun41 ue_ip=10.45.1.41 candidate_reused_global_suspect=0
[2026-08-22T00:03:47+02:00] UE_SLOT_START timestamp=2026-08-21T22:03:47+00:00 active_ues=35 slot=33 attempt=1 ue_idx=41 ue_if=uesimtun41 ue_ip=10.45.1.41 target=192.168.1.211:5234 bitrate=1M duration_s=80 planned_end_epoch=1787349907 timeout_s=90 hard_timeout_epoch=1787349922 start_rx_bytes=0
[2026-08-22T00:03:47+02:00] UE_SLOT_PID timestamp=2026-08-21T22:03:47+00:00 active_ues=35 slot=33 attempt=1 ue_idx=41 pid=56623
[2026-08-22T00:03:48+02:00] UE_SLOT_ASSIGN timestamp=2026-08-21T22:03:48+00:00 active_ues=35 slot=34 ue_idx=42 ue_if=uesimtun42 ue_ip=10.45.1.44 candidate_reused_global_suspect=0
[2026-08-22T00:03:48+02:00] UE_SLOT_START timestamp=2026-08-21T22:03:48+00:00 active_ues=35 slot=34 attempt=1 ue_idx=42 ue_if=uesimtun42 ue_ip=10.45.1.44 target=192.168.1.211:5235 bitrate=1M duration_s=80 planned_end_epoch=1787349908 timeout_s=90 hard_timeout_epoch=1787349923 start_rx_bytes=0
[2026-08-22T00:03:48+02:00] UPF_CONTROL_SAMPLE timestamp=2026-08-22T00:03:46+02:00 scenario=ue_35 pod=open5gs-upf-5b9db6d44-nsbqz uid=7b5b8ef7-a2a2-4fe9-a3e1-74acd17bd88f restarts=6 usage_cpu=339m usage_mem=35Mi request_cpu=476m request_mem=250Mi limit_cpu=none limit_mem=none vpa_target_cpu=511m vpa_target_mem=250Mi vpa_uncapped_cpu=511m vpa_uncapped_mem=250Mi vpa_lower_cpu=243m vpa_lower_mem=250Mi vpa_upper_cpu=1500m vpa_upper_mem=512Mi
[2026-08-22T00:03:48+02:00] UE_SLOT_PID timestamp=2026-08-21T22:03:48+00:00 active_ues=35 slot=34 attempt=1 ue_idx=42 pid=56648
[2026-08-22T00:03:48+02:00] IPERF_MAPPING_SUMMARY timestamp=2026-08-21T22:03:48+00:00 active_ues=35 registered_tunnels=50 initial_ports=5201-5235 replacement_ports=5251-5265 bitrate=1M start_delay=0.05 detection=no_rx_counter replacement_min_duration_s=5 adaptive_extension_max_s=1 iperf_exit_grace_s=3 server_busy_port_rebinds=1 late_replacement_after_end=disabled wait_for_iperf_exit=until_timeout global_suspect_policy=soft_reuse ramp_supervision=after_initial_start
[2026-08-22T00:03:50+02:00] UPF_CONTROL_SAMPLE timestamp=2026-08-22T00:03:49+02:00 scenario=ue_35 pod=open5gs-upf-5b9db6d44-nsbqz uid=7b5b8ef7-a2a2-4fe9-a3e1-74acd17bd88f restarts=6 usage_cpu=339m usage_mem=35Mi request_cpu=476m request_mem=250Mi limit_cpu=none limit_mem=none vpa_target_cpu=511m vpa_target_mem=250Mi vpa_uncapped_cpu=511m vpa_uncapped_mem=250Mi vpa_lower_cpu=243m vpa_lower_mem=250Mi vpa_upper_cpu=1500m vpa_upper_mem=512Mi
[2026-08-22T00:03:52+02:00] FAILED_CLIENT_LOG_BEGIN slot=33 logfile=/tmp/upf_iperf_adaptive_20260821_233622_ue_35/slot_33_attempt_1_ue_41_port_5234.log
[2026-08-22T00:03:52+02:00] FAILED_CLIENT_LOG_END slot=33 logfile=/tmp/upf_iperf_adaptive_20260821_233622_ue_35/slot_33_attempt_1_ue_41_port_5234.log
[2026-08-22T00:03:52+02:00] UE_SLOT_PROBLEM_DETECTED timestamp=2026-08-21T22:03:52+00:00 active_ues=35 slot=33 attempt=1 ue_idx=41 ue_if=uesimtun41 ue_ip=10.45.1.41 port=5234 reason=no_rx_after_connect_timeout_4s remaining_s=75
[2026-08-22T00:03:52+02:00] UE_MARKED_PROBLEMATIC timestamp=2026-08-21T22:03:52+00:00 active_ues=35 ue_idx=41 reason=no_rx_after_connect_timeout_4s scope=scenario_and_global_suspect
[2026-08-22T00:03:52+02:00] UE_SLOT_REPLACE timestamp=2026-08-21T22:03:52+00:00 active_ues=35 slot=33 reason=no_rx_after_connect_timeout_4s old_attempt=1 old_ue_idx=41 old_ue_if=uesimtun41 old_ue_ip=10.45.1.41 old_port=5234 new_attempt=2 new_ue_idx=43 new_ue_if=uesimtun43 new_ue_ip=10.45.1.45 new_port=5251 remaining_s=75 extension_used_s=0 extension_limit_s=1 candidate_reused_global_suspect=0 replacements_total=1
[2026-08-22T00:03:52+02:00] UE_SLOT_START timestamp=2026-08-21T22:03:52+00:00 active_ues=35 slot=33 attempt=2 ue_idx=43 ue_if=uesimtun43 ue_ip=10.45.1.45 target=192.168.1.211:5251 bitrate=1M duration_s=75 planned_end_epoch=1787349907 timeout_s=85 hard_timeout_epoch=1787349922 start_rx_bytes=0
[2026-08-22T00:03:52+02:00] UPF_CONTROL_SAMPLE timestamp=2026-08-22T00:03:51+02:00 scenario=ue_35 pod=open5gs-upf-5b9db6d44-nsbqz uid=7b5b8ef7-a2a2-4fe9-a3e1-74acd17bd88f restarts=6 usage_cpu=339m usage_mem=35Mi request_cpu=476m request_mem=250Mi limit_cpu=none limit_mem=none vpa_target_cpu=511m vpa_target_mem=250Mi vpa_uncapped_cpu=511m vpa_uncapped_mem=250Mi vpa_lower_cpu=243m vpa_lower_mem=250Mi vpa_upper_cpu=1500m vpa_upper_mem=512Mi
[2026-08-22T00:03:52+02:00] UE_SLOT_PID timestamp=2026-08-21T22:03:52+00:00 active_ues=35 slot=33 attempt=2 ue_idx=43 pid=56903
[2026-08-22T00:03:54+02:00] UPF_CONTROL_SAMPLE timestamp=2026-08-22T00:03:53+02:00 scenario=ue_35 pod=open5gs-upf-5b9db6d44-nsbqz uid=7b5b8ef7-a2a2-4fe9-a3e1-74acd17bd88f restarts=6 usage_cpu=339m usage_mem=35Mi request_cpu=476m request_mem=250Mi limit_cpu=none limit_mem=none vpa_target_cpu=511m vpa_target_mem=250Mi vpa_uncapped_cpu=511m vpa_uncapped_mem=250Mi vpa_lower_cpu=243m vpa_lower_mem=250Mi vpa_upper_cpu=1500m vpa_upper_mem=512Mi
[2026-08-22T00:03:56+02:00] UPF_CONTROL_SAMPLE timestamp=2026-08-22T00:03:55+02:00 scenario=ue_35 pod=open5gs-upf-5b9db6d44-nsbqz uid=7b5b8ef7-a2a2-4fe9-a3e1-74acd17bd88f restarts=6 usage_cpu=264m usage_mem=35Mi request_cpu=476m request_mem=250Mi limit_cpu=none limit_mem=none vpa_target_cpu=511m vpa_target_mem=250Mi vpa_uncapped_cpu=511m vpa_uncapped_mem=250Mi vpa_lower_cpu=243m vpa_lower_mem=250Mi vpa_upper_cpu=1500m vpa_upper_mem=512Mi
[2026-08-22T00:03:59+02:00] UPF_CONTROL_SAMPLE timestamp=2026-08-22T00:03:57+02:00 scenario=ue_35 pod=open5gs-upf-5b9db6d44-nsbqz uid=7b5b8ef7-a2a2-4fe9-a3e1-74acd17bd88f restarts=6 usage_cpu=264m usage_mem=35Mi request_cpu=476m request_mem=250Mi limit_cpu=none limit_mem=none vpa_target_cpu=511m vpa_target_mem=250Mi vpa_uncapped_cpu=511m vpa_uncapped_mem=250Mi vpa_lower_cpu=243m vpa_lower_mem=250Mi vpa_upper_cpu=1500m vpa_upper_mem=512Mi
[2026-08-22T00:04:01+02:00] UPF_CONTROL_SAMPLE timestamp=2026-08-22T00:04:00+02:00 scenario=ue_35 pod=open5gs-upf-5b9db6d44-nsbqz uid=7b5b8ef7-a2a2-4fe9-a3e1-74acd17bd88f restarts=6 usage_cpu=264m usage_mem=35Mi request_cpu=476m request_mem=250Mi limit_cpu=none limit_mem=none vpa_target_cpu=511m vpa_target_mem=250Mi vpa_uncapped_cpu=511m vpa_uncapped_mem=250Mi vpa_lower_cpu=243m vpa_lower_mem=250Mi vpa_upper_cpu=1500m vpa_upper_mem=512Mi
[2026-08-22T00:04:03+02:00] UPF_CONTROL_SAMPLE timestamp=2026-08-22T00:04:02+02:00 scenario=ue_35 pod=open5gs-upf-5b9db6d44-nsbqz uid=7b5b8ef7-a2a2-4fe9-a3e1-74acd17bd88f restarts=6 usage_cpu=264m usage_mem=35Mi request_cpu=476m request_mem=250Mi limit_cpu=none limit_mem=none vpa_target_cpu=511m vpa_target_mem=250Mi vpa_uncapped_cpu=511m vpa_uncapped_mem=250Mi vpa_lower_cpu=243m vpa_lower_mem=250Mi vpa_upper_cpu=1500m vpa_upper_mem=512Mi
[2026-08-22T00:04:06+02:00] UPF_CONTROL_SAMPLE timestamp=2026-08-22T00:04:04+02:00 scenario=ue_35 pod=open5gs-upf-5b9db6d44-nsbqz uid=7b5b8ef7-a2a2-4fe9-a3e1-74acd17bd88f restarts=6 usage_cpu=264m usage_mem=35Mi request_cpu=476m request_mem=250Mi limit_cpu=none limit_mem=none vpa_target_cpu=511m vpa_target_mem=250Mi vpa_uncapped_cpu=511m vpa_uncapped_mem=250Mi vpa_lower_cpu=243m vpa_lower_mem=250Mi vpa_upper_cpu=1500m vpa_upper_mem=512Mi
[2026-08-22T00:04:08+02:00] UPF_CONTROL_SAMPLE timestamp=2026-08-22T00:04:07+02:00 scenario=ue_35 pod=open5gs-upf-5b9db6d44-nsbqz uid=7b5b8ef7-a2a2-4fe9-a3e1-74acd17bd88f restarts=6 usage_cpu=264m usage_mem=35Mi request_cpu=476m request_mem=250Mi limit_cpu=none limit_mem=none vpa_target_cpu=511m vpa_target_mem=250Mi vpa_uncapped_cpu=511m vpa_uncapped_mem=250Mi vpa_lower_cpu=243m vpa_lower_mem=250Mi vpa_upper_cpu=1500m vpa_upper_mem=512Mi
[2026-08-22T00:04:10+02:00] UPF_CONTROL_SAMPLE timestamp=2026-08-22T00:04:09+02:00 scenario=ue_35 pod=open5gs-upf-5b9db6d44-nsbqz uid=7b5b8ef7-a2a2-4fe9-a3e1-74acd17bd88f restarts=6 usage_cpu=264m usage_mem=35Mi request_cpu=476m request_mem=250Mi limit_cpu=none limit_mem=none vpa_target_cpu=511m vpa_target_mem=250Mi vpa_uncapped_cpu=511m vpa_uncapped_mem=250Mi vpa_lower_cpu=243m vpa_lower_mem=250Mi vpa_upper_cpu=1500m vpa_upper_mem=512Mi
[2026-08-22T00:04:13+02:00] UPF_CONTROL_SAMPLE timestamp=2026-08-22T00:04:11+02:00 scenario=ue_35 pod=open5gs-upf-5b9db6d44-nsbqz uid=7b5b8ef7-a2a2-4fe9-a3e1-74acd17bd88f restarts=6 usage_cpu=538m usage_mem=35Mi request_cpu=476m request_mem=250Mi limit_cpu=none limit_mem=none vpa_target_cpu=511m vpa_target_mem=250Mi vpa_uncapped_cpu=511m vpa_uncapped_mem=250Mi vpa_lower_cpu=243m vpa_lower_mem=250Mi vpa_upper_cpu=1500m vpa_upper_mem=512Mi
[2026-08-22T00:04:15+02:00] UPF_CONTROL_SAMPLE timestamp=2026-08-22T00:04:14+02:00 scenario=ue_35 pod=open5gs-upf-5b9db6d44-nsbqz uid=7b5b8ef7-a2a2-4fe9-a3e1-74acd17bd88f restarts=6 usage_cpu=538m usage_mem=35Mi request_cpu=476m request_mem=250Mi limit_cpu=none limit_mem=none vpa_target_cpu=511m vpa_target_mem=250Mi vpa_uncapped_cpu=511m vpa_uncapped_mem=250Mi vpa_lower_cpu=243m vpa_lower_mem=250Mi vpa_upper_cpu=1500m vpa_upper_mem=512Mi
[2026-08-22T00:04:17+02:00] UPF_CONTROL_SAMPLE timestamp=2026-08-22T00:04:16+02:00 scenario=ue_35 pod=open5gs-upf-5b9db6d44-nsbqz uid=7b5b8ef7-a2a2-4fe9-a3e1-74acd17bd88f restarts=6 usage_cpu=538m usage_mem=35Mi request_cpu=476m request_mem=250Mi limit_cpu=none limit_mem=none vpa_target_cpu=511m vpa_target_mem=250Mi vpa_uncapped_cpu=511m vpa_uncapped_mem=250Mi vpa_lower_cpu=243m vpa_lower_mem=250Mi vpa_upper_cpu=1500m vpa_upper_mem=512Mi
[2026-08-22T00:04:19+02:00] UPF_CONTROL_SAMPLE timestamp=2026-08-22T00:04:18+02:00 scenario=ue_35 pod=open5gs-upf-5b9db6d44-nsbqz uid=7b5b8ef7-a2a2-4fe9-a3e1-74acd17bd88f restarts=6 usage_cpu=538m usage_mem=35Mi request_cpu=476m request_mem=250Mi limit_cpu=none limit_mem=none vpa_target_cpu=511m vpa_target_mem=250Mi vpa_uncapped_cpu=511m vpa_uncapped_mem=250Mi vpa_lower_cpu=243m vpa_lower_mem=250Mi vpa_upper_cpu=1500m vpa_upper_mem=512Mi
[2026-08-22T00:04:22+02:00] UPF_CONTROL_SAMPLE timestamp=2026-08-22T00:04:20+02:00 scenario=ue_35 pod=open5gs-upf-5b9db6d44-nsbqz uid=7b5b8ef7-a2a2-4fe9-a3e1-74acd17bd88f restarts=6 usage_cpu=538m usage_mem=35Mi request_cpu=476m request_mem=250Mi limit_cpu=none limit_mem=none vpa_target_cpu=511m vpa_target_mem=250Mi vpa_uncapped_cpu=511m vpa_uncapped_mem=250Mi vpa_lower_cpu=243m vpa_lower_mem=250Mi vpa_upper_cpu=1500m vpa_upper_mem=512Mi
[2026-08-22T00:04:24+02:00] UPF_CONTROL_SAMPLE timestamp=2026-08-22T00:04:23+02:00 scenario=ue_35 pod=open5gs-upf-5b9db6d44-nsbqz uid=7b5b8ef7-a2a2-4fe9-a3e1-74acd17bd88f restarts=6 usage_cpu=538m usage_mem=35Mi request_cpu=476m request_mem=250Mi limit_cpu=none limit_mem=none vpa_target_cpu=511m vpa_target_mem=250Mi vpa_uncapped_cpu=511m vpa_uncapped_mem=250Mi vpa_lower_cpu=243m vpa_lower_mem=250Mi vpa_upper_cpu=1500m vpa_upper_mem=512Mi
[2026-08-22T00:04:26+02:00] UPF_CONTROL_SAMPLE timestamp=2026-08-22T00:04:25+02:00 scenario=ue_35 pod=open5gs-upf-5b9db6d44-nsbqz uid=7b5b8ef7-a2a2-4fe9-a3e1-74acd17bd88f restarts=6 usage_cpu=527m usage_mem=35Mi request_cpu=476m request_mem=250Mi limit_cpu=none limit_mem=none vpa_target_cpu=511m vpa_target_mem=250Mi vpa_uncapped_cpu=511m vpa_uncapped_mem=250Mi vpa_lower_cpu=243m vpa_lower_mem=250Mi vpa_upper_cpu=1500m vpa_upper_mem=512Mi
[2026-08-22T00:04:29+02:00] UPF_CONTROL_SAMPLE timestamp=2026-08-22T00:04:27+02:00 scenario=ue_35 pod=open5gs-upf-5b9db6d44-nsbqz uid=7b5b8ef7-a2a2-4fe9-a3e1-74acd17bd88f restarts=6 usage_cpu=527m usage_mem=35Mi request_cpu=476m request_mem=250Mi limit_cpu=none limit_mem=none vpa_target_cpu=511m vpa_target_mem=250Mi vpa_uncapped_cpu=511m vpa_uncapped_mem=250Mi vpa_lower_cpu=243m vpa_lower_mem=250Mi vpa_upper_cpu=1500m vpa_upper_mem=512Mi
[2026-08-22T00:04:31+02:00] UPF_CONTROL_SAMPLE timestamp=2026-08-22T00:04:30+02:00 scenario=ue_35 pod=open5gs-upf-5b9db6d44-nsbqz uid=7b5b8ef7-a2a2-4fe9-a3e1-74acd17bd88f restarts=6 usage_cpu=527m usage_mem=35Mi request_cpu=476m request_mem=250Mi limit_cpu=none limit_mem=none vpa_target_cpu=511m vpa_target_mem=250Mi vpa_uncapped_cpu=511m vpa_uncapped_mem=250Mi vpa_lower_cpu=243m vpa_lower_mem=250Mi vpa_upper_cpu=1500m vpa_upper_mem=512Mi
[2026-08-22T00:04:33+02:00] UPF_CONTROL_SAMPLE timestamp=2026-08-22T00:04:32+02:00 scenario=ue_35 pod=open5gs-upf-5b9db6d44-nsbqz uid=7b5b8ef7-a2a2-4fe9-a3e1-74acd17bd88f restarts=6 usage_cpu=527m usage_mem=35Mi request_cpu=476m request_mem=250Mi limit_cpu=none limit_mem=none vpa_target_cpu=511m vpa_target_mem=250Mi vpa_uncapped_cpu=511m vpa_uncapped_mem=250Mi vpa_lower_cpu=243m vpa_lower_mem=250Mi vpa_upper_cpu=1500m vpa_upper_mem=512Mi
[2026-08-22T00:04:35+02:00] VPA_RECOMMENDATION_CHANGE timestamp=2026-08-22T00:04:34+02:00 scenario=ue_35 old='vpa_target_cpu=511m vpa_target_mem=250Mi vpa_uncapped_cpu=511m vpa_uncapped_mem=250Mi vpa_lower_cpu=243m vpa_lower_mem=250Mi vpa_upper_cpu=1500m vpa_upper_mem=512Mi' new='vpa_target_cpu=587m vpa_target_mem=250Mi vpa_uncapped_cpu=587m vpa_uncapped_mem=250Mi vpa_lower_cpu=266m vpa_lower_mem=250Mi vpa_upper_cpu=1500m vpa_upper_mem=512Mi' previous_5s_sample='timestamp=2026-08-22T00:04:27+02:00 scenario=ue_35 pod=open5gs-upf-5b9db6d44-nsbqz uid=7b5b8ef7-a2a2-4fe9-a3e1-74acd17bd88f restarts=6 usage_cpu=527m usage_mem=35Mi request_cpu=476m request_mem=250Mi limit_cpu=none limit_mem=none vpa_target_cpu=511m vpa_target_mem=250Mi vpa_uncapped_cpu=511m vpa_uncapped_mem=250Mi vpa_lower_cpu=243m vpa_lower_mem=250Mi vpa_upper_cpu=1500m vpa_upper_mem=512Mi' current_sample='timestamp=2026-08-22T00:04:34+02:00 scenario=ue_35 pod=open5gs-upf-5b9db6d44-nsbqz uid=7b5b8ef7-a2a2-4fe9-a3e1-74acd17bd88f restarts=6 usage_cpu=527m usage_mem=35Mi request_cpu=476m request_mem=250Mi limit_cpu=none limit_mem=none vpa_target_cpu=587m vpa_target_mem=250Mi vpa_uncapped_cpu=587m vpa_uncapped_mem=250Mi vpa_lower_cpu=266m vpa_lower_mem=250Mi vpa_upper_cpu=1500m vpa_upper_mem=512Mi'
[2026-08-22T00:04:35+02:00] UPF_CONTROL_SAMPLE timestamp=2026-08-22T00:04:34+02:00 scenario=ue_35 pod=open5gs-upf-5b9db6d44-nsbqz uid=7b5b8ef7-a2a2-4fe9-a3e1-74acd17bd88f restarts=6 usage_cpu=527m usage_mem=35Mi request_cpu=476m request_mem=250Mi limit_cpu=none limit_mem=none vpa_target_cpu=587m vpa_target_mem=250Mi vpa_uncapped_cpu=587m vpa_uncapped_mem=250Mi vpa_lower_cpu=266m vpa_lower_mem=250Mi vpa_upper_cpu=1500m vpa_upper_mem=512Mi
[2026-08-22T00:04:38+02:00] UPF_CONTROL_SAMPLE timestamp=2026-08-22T00:04:36+02:00 scenario=ue_35 pod=open5gs-upf-5b9db6d44-nsbqz uid=7b5b8ef7-a2a2-4fe9-a3e1-74acd17bd88f restarts=6 usage_cpu=527m usage_mem=35Mi request_cpu=476m request_mem=250Mi limit_cpu=none limit_mem=none vpa_target_cpu=587m vpa_target_mem=250Mi vpa_uncapped_cpu=587m vpa_uncapped_mem=250Mi vpa_lower_cpu=266m vpa_lower_mem=250Mi vpa_upper_cpu=1500m vpa_upper_mem=512Mi
[2026-08-22T00:04:40+02:00] UPF_CONTROL_SAMPLE timestamp=2026-08-22T00:04:39+02:00 scenario=ue_35 pod=open5gs-upf-5b9db6d44-nsbqz uid=7b5b8ef7-a2a2-4fe9-a3e1-74acd17bd88f restarts=6 usage_cpu=527m usage_mem=35Mi request_cpu=476m request_mem=250Mi limit_cpu=none limit_mem=none vpa_target_cpu=587m vpa_target_mem=250Mi vpa_uncapped_cpu=587m vpa_uncapped_mem=250Mi vpa_lower_cpu=266m vpa_lower_mem=250Mi vpa_upper_cpu=1500m vpa_upper_mem=512Mi
[2026-08-22T00:04:42+02:00] UPF_CONTROL_SAMPLE timestamp=2026-08-22T00:04:41+02:00 scenario=ue_35 pod=open5gs-upf-5b9db6d44-nsbqz uid=7b5b8ef7-a2a2-4fe9-a3e1-74acd17bd88f restarts=6 usage_cpu=516m usage_mem=35Mi request_cpu=476m request_mem=250Mi limit_cpu=none limit_mem=none vpa_target_cpu=587m vpa_target_mem=250Mi vpa_uncapped_cpu=587m vpa_uncapped_mem=250Mi vpa_lower_cpu=266m vpa_lower_mem=250Mi vpa_upper_cpu=1500m vpa_upper_mem=512Mi
[2026-08-22T00:04:45+02:00] UPF_CONTROL_SAMPLE timestamp=2026-08-22T00:04:43+02:00 scenario=ue_35 pod=open5gs-upf-5b9db6d44-nsbqz uid=7b5b8ef7-a2a2-4fe9-a3e1-74acd17bd88f restarts=6 usage_cpu=516m usage_mem=35Mi request_cpu=476m request_mem=250Mi limit_cpu=none limit_mem=none vpa_target_cpu=587m vpa_target_mem=250Mi vpa_uncapped_cpu=587m vpa_uncapped_mem=250Mi vpa_lower_cpu=266m vpa_lower_mem=250Mi vpa_upper_cpu=1500m vpa_upper_mem=512Mi
[2026-08-22T00:04:46+02:00] FAILED_CLIENT_LOG_BEGIN slot=4 logfile=/tmp/upf_iperf_adaptive_20260821_233622_ue_35/slot_4_attempt_1_ue_5_port_5205.log
[2026-08-22T00:04:46+02:00] Connecting to host 192.168.1.211, port 5205
[2026-08-22T00:04:46+02:00] [  5] local 10.45.1.3 port 43525 connected to 192.168.1.211 port 5205
[2026-08-22T00:04:46+02:00] [ ID] Interval           Transfer     Bitrate         Retr  Cwnd
[2026-08-22T00:04:46+02:00] [  5]   0.00-1.00   sec   235 KBytes  1.92 Mbits/sec    0   86.9 KBytes       
[2026-08-22T00:04:46+02:00] [  5]   1.00-2.00   sec   128 KBytes  1.05 Mbits/sec    0   86.9 KBytes       
[2026-08-22T00:04:46+02:00] [  5]   2.00-3.00   sec   128 KBytes  1.05 Mbits/sec    0   44.8 KBytes       
[2026-08-22T00:04:46+02:00] [  5]   3.00-4.00   sec  0.00 Bytes  0.00 bits/sec    0   86.9 KBytes       
[2026-08-22T00:04:46+02:00] [  5]   4.00-5.00   sec   128 KBytes  1.05 Mbits/sec    0   86.9 KBytes       
[2026-08-22T00:04:46+02:00] [  5]   5.00-6.00   sec   128 KBytes  1.05 Mbits/sec    0   88.2 KBytes       
[2026-08-22T00:04:46+02:00] [  5]   6.00-7.00   sec   128 KBytes  1.05 Mbits/sec    0   86.9 KBytes       
[2026-08-22T00:04:46+02:00] [  5]   7.00-8.00   sec   128 KBytes  1.05 Mbits/sec    0   86.9 KBytes       
[2026-08-22T00:04:46+02:00] [  5]   8.00-9.00   sec   128 KBytes  1.05 Mbits/sec    0   86.9 KBytes       
[2026-08-22T00:04:46+02:00] [  5]   9.00-10.00  sec   128 KBytes  1.05 Mbits/sec    0   86.9 KBytes       
[2026-08-22T00:04:46+02:00] [  5]  10.00-11.00  sec   128 KBytes  1.05 Mbits/sec    0   88.2 KBytes       
[2026-08-22T00:04:46+02:00] [  5]  11.00-12.00  sec   128 KBytes  1.05 Mbits/sec    0   86.9 KBytes       
[2026-08-22T00:04:46+02:00] [  5]  12.00-13.00  sec   128 KBytes  1.05 Mbits/sec    0   86.9 KBytes       
[2026-08-22T00:04:46+02:00] FAILED_CLIENT_LOG_END slot=4 logfile=/tmp/upf_iperf_adaptive_20260821_233622_ue_35/slot_4_attempt_1_ue_5_port_5205.log
[2026-08-22T00:04:46+02:00] UE_SLOT_PROBLEM_DETECTED timestamp=2026-08-21T22:04:46+00:00 active_ues=35 slot=4 attempt=1 ue_idx=5 ue_if=uesimtun5 ue_ip=10.45.1.3 port=5205 reason=rx_stall_5s remaining_s=14
[2026-08-22T00:04:46+02:00] UE_MARKED_PROBLEMATIC timestamp=2026-08-21T22:04:46+00:00 active_ues=35 ue_idx=5 reason=rx_stall_5s scope=scenario_and_global_suspect
[2026-08-22T00:04:46+02:00] UE_SLOT_REPLACE timestamp=2026-08-21T22:04:46+00:00 active_ues=35 slot=4 reason=rx_stall_5s old_attempt=1 old_ue_idx=5 old_ue_if=uesimtun5 old_ue_ip=10.45.1.3 old_port=5205 new_attempt=2 new_ue_idx=44 new_ue_if=uesimtun44 new_ue_ip=10.45.1.31 new_port=5252 remaining_s=14 extension_used_s=0 extension_limit_s=1 candidate_reused_global_suspect=0 replacements_total=2
[2026-08-22T00:04:46+02:00] UE_SLOT_START timestamp=2026-08-21T22:04:46+00:00 active_ues=35 slot=4 attempt=2 ue_idx=44 ue_if=uesimtun44 ue_ip=10.45.1.31 target=192.168.1.211:5252 bitrate=1M duration_s=14 planned_end_epoch=1787349900 timeout_s=24 hard_timeout_epoch=1787349915 start_rx_bytes=0
[2026-08-22T00:04:46+02:00] UE_SLOT_PID timestamp=2026-08-21T22:04:46+00:00 active_ues=35 slot=4 attempt=2 ue_idx=44 pid=59124
[2026-08-22T00:04:47+02:00] UPF_CONTROL_SAMPLE timestamp=2026-08-22T00:04:46+02:00 scenario=ue_35 pod=open5gs-upf-5b9db6d44-nsbqz uid=7b5b8ef7-a2a2-4fe9-a3e1-74acd17bd88f restarts=6 usage_cpu=516m usage_mem=35Mi request_cpu=476m request_mem=250Mi limit_cpu=none limit_mem=none vpa_target_cpu=587m vpa_target_mem=250Mi vpa_uncapped_cpu=587m vpa_uncapped_mem=250Mi vpa_lower_cpu=266m vpa_lower_mem=250Mi vpa_upper_cpu=1500m vpa_upper_mem=512Mi
[2026-08-22T00:04:49+02:00] UPF_CONTROL_SAMPLE timestamp=2026-08-22T00:04:48+02:00 scenario=ue_35 pod=open5gs-upf-5b9db6d44-nsbqz uid=7b5b8ef7-a2a2-4fe9-a3e1-74acd17bd88f restarts=6 usage_cpu=516m usage_mem=35Mi request_cpu=476m request_mem=250Mi limit_cpu=none limit_mem=none vpa_target_cpu=587m vpa_target_mem=250Mi vpa_uncapped_cpu=587m vpa_uncapped_mem=250Mi vpa_lower_cpu=266m vpa_lower_mem=250Mi vpa_upper_cpu=1500m vpa_upper_mem=512Mi
[2026-08-22T00:04:52+02:00] UPF_CONTROL_SAMPLE timestamp=2026-08-22T00:04:50+02:00 scenario=ue_35 pod=open5gs-upf-5b9db6d44-nsbqz uid=7b5b8ef7-a2a2-4fe9-a3e1-74acd17bd88f restarts=6 usage_cpu=516m usage_mem=35Mi request_cpu=476m request_mem=250Mi limit_cpu=none limit_mem=none vpa_target_cpu=587m vpa_target_mem=250Mi vpa_uncapped_cpu=587m vpa_uncapped_mem=250Mi vpa_lower_cpu=266m vpa_lower_mem=250Mi vpa_upper_cpu=1500m vpa_upper_mem=512Mi
[2026-08-22T00:04:52+02:00] FAILED_CLIENT_LOG_BEGIN slot=4 logfile=/tmp/upf_iperf_adaptive_20260821_233622_ue_35/slot_4_attempt_2_ue_44_port_5252.log
[2026-08-22T00:04:52+02:00] FAILED_CLIENT_LOG_END slot=4 logfile=/tmp/upf_iperf_adaptive_20260821_233622_ue_35/slot_4_attempt_2_ue_44_port_5252.log
[2026-08-22T00:04:52+02:00] UE_SLOT_PROBLEM_DETECTED timestamp=2026-08-21T22:04:52+00:00 active_ues=35 slot=4 attempt=2 ue_idx=44 ue_if=uesimtun44 ue_ip=10.45.1.31 port=5252 reason=no_rx_after_connect_timeout_4s remaining_s=8
[2026-08-22T00:04:52+02:00] UE_MARKED_PROBLEMATIC timestamp=2026-08-21T22:04:52+00:00 active_ues=35 ue_idx=44 reason=no_rx_after_connect_timeout_4s scope=scenario_and_global_suspect
[2026-08-22T00:04:52+02:00] UE_SLOT_REPLACE timestamp=2026-08-21T22:04:52+00:00 active_ues=35 slot=4 reason=no_rx_after_connect_timeout_4s old_attempt=2 old_ue_idx=44 old_ue_if=uesimtun44 old_ue_ip=10.45.1.31 old_port=5252 new_attempt=3 new_ue_idx=45 new_ue_if=uesimtun45 new_ue_ip=10.45.1.38 new_port=5253 remaining_s=8 extension_used_s=0 extension_limit_s=1 candidate_reused_global_suspect=0 replacements_total=3
[2026-08-22T00:04:52+02:00] UE_SLOT_START timestamp=2026-08-21T22:04:52+00:00 active_ues=35 slot=4 attempt=3 ue_idx=45 ue_if=uesimtun45 ue_ip=10.45.1.38 target=192.168.1.211:5253 bitrate=1M duration_s=8 planned_end_epoch=1787349900 timeout_s=18 hard_timeout_epoch=1787349915 start_rx_bytes=0
[2026-08-22T00:04:52+02:00] UE_SLOT_PID timestamp=2026-08-21T22:04:52+00:00 active_ues=35 slot=4 attempt=3 ue_idx=45 pid=59380
[2026-08-22T00:04:54+02:00] UPF_CONTROL_SAMPLE timestamp=2026-08-22T00:04:53+02:00 scenario=ue_35 pod=open5gs-upf-5b9db6d44-nsbqz uid=7b5b8ef7-a2a2-4fe9-a3e1-74acd17bd88f restarts=6 usage_cpu=516m usage_mem=35Mi request_cpu=476m request_mem=250Mi limit_cpu=none limit_mem=none vpa_target_cpu=587m vpa_target_mem=250Mi vpa_uncapped_cpu=587m vpa_uncapped_mem=250Mi vpa_lower_cpu=266m vpa_lower_mem=250Mi vpa_upper_cpu=1500m vpa_upper_mem=512Mi
[2026-08-22T00:04:56+02:00] UPF_CONTROL_SAMPLE timestamp=2026-08-22T00:04:55+02:00 scenario=ue_35 pod=open5gs-upf-5b9db6d44-nsbqz uid=7b5b8ef7-a2a2-4fe9-a3e1-74acd17bd88f restarts=6 usage_cpu=562m usage_mem=35Mi request_cpu=476m request_mem=250Mi limit_cpu=none limit_mem=none vpa_target_cpu=587m vpa_target_mem=250Mi vpa_uncapped_cpu=587m vpa_uncapped_mem=250Mi vpa_lower_cpu=266m vpa_lower_mem=250Mi vpa_upper_cpu=1500m vpa_upper_mem=512Mi
[2026-08-22T00:04:58+02:00] FAILED_CLIENT_LOG_BEGIN slot=4 logfile=/tmp/upf_iperf_adaptive_20260821_233622_ue_35/slot_4_attempt_3_ue_45_port_5253.log
[2026-08-22T00:04:58+02:00] FAILED_CLIENT_LOG_END slot=4 logfile=/tmp/upf_iperf_adaptive_20260821_233622_ue_35/slot_4_attempt_3_ue_45_port_5253.log
[2026-08-22T00:04:58+02:00] UE_SLOT_PROBLEM_DETECTED timestamp=2026-08-21T22:04:58+00:00 active_ues=35 slot=4 attempt=3 ue_idx=45 ue_if=uesimtun45 ue_ip=10.45.1.38 port=5253 reason=no_rx_after_connect_timeout_4s remaining_s=2
[2026-08-22T00:04:58+02:00] UE_SLOT_ADAPTIVE_EXTENSION timestamp=2026-08-21T22:04:58+00:00 active_ues=35 slot=4 reason=no_rx_after_connect_timeout_4s old_ue_idx=45 extension_add_s=1 extension_used_s=1 extension_limit_s=1 remaining_after_extension_s=3 replacement_min_duration_s=5
[2026-08-22T00:04:58+02:00] UE_MARKED_PROBLEMATIC timestamp=2026-08-21T22:04:58+00:00 active_ues=35 ue_idx=45 reason=no_rx_after_connect_timeout_4s scope=scenario_and_global_suspect
[2026-08-22T00:04:58+02:00] UE_SLOT_REPLACE_SKIPPED timestamp=2026-08-21T22:04:58+00:00 active_ues=35 slot=4 old_ue_idx=45 reason=not_enough_replacement_duration remaining_s=3 minimum_s=5 extension_used_s=1 extension_limit_s=1
[2026-08-22T00:04:59+02:00] UPF_CONTROL_SAMPLE timestamp=2026-08-22T00:04:57+02:00 scenario=ue_35 pod=open5gs-upf-5b9db6d44-nsbqz uid=7b5b8ef7-a2a2-4fe9-a3e1-74acd17bd88f restarts=6 usage_cpu=562m usage_mem=35Mi request_cpu=476m request_mem=250Mi limit_cpu=none limit_mem=none vpa_target_cpu=587m vpa_target_mem=250Mi vpa_uncapped_cpu=587m vpa_uncapped_mem=250Mi vpa_lower_cpu=266m vpa_lower_mem=250Mi vpa_upper_cpu=1500m vpa_upper_mem=512Mi
[2026-08-22T00:05:00+02:00] UE_SLOT_DONE timestamp=2026-08-21T22:05:00+00:00 active_ues=35 slot=0 attempt=1 ue_idx=0 ue_if=uesimtun0 ue_ip=10.45.0.252 port=5201 rc=0 replacements_for_slot=0 server_busy_retries_for_slot=0
[2026-08-22T00:05:01+02:00] UE_SLOT_DONE timestamp=2026-08-21T22:05:00+00:00 active_ues=35 slot=1 attempt=1 ue_idx=1 ue_if=uesimtun1 ue_ip=10.45.0.253 port=5202 rc=0 replacements_for_slot=0 server_busy_retries_for_slot=0
[2026-08-22T00:05:01+02:00] UE_SLOT_DONE timestamp=2026-08-21T22:05:01+00:00 active_ues=35 slot=2 attempt=1 ue_idx=3 ue_if=uesimtun3 ue_ip=10.45.1.0 port=5203 rc=0 replacements_for_slot=0 server_busy_retries_for_slot=0
[2026-08-22T00:05:01+02:00] UE_SLOT_DONE timestamp=2026-08-21T22:05:01+00:00 active_ues=35 slot=3 attempt=1 ue_idx=4 ue_if=uesimtun4 ue_ip=10.45.1.1 port=5204 rc=0 replacements_for_slot=0 server_busy_retries_for_slot=0
[2026-08-22T00:05:01+02:00] UE_SLOT_DONE timestamp=2026-08-21T22:05:01+00:00 active_ues=35 slot=5 attempt=1 ue_idx=6 ue_if=uesimtun6 ue_ip=10.45.0.255 port=5206 rc=0 replacements_for_slot=0 server_busy_retries_for_slot=0
[2026-08-22T00:05:01+02:00] UE_SLOT_DONE timestamp=2026-08-21T22:05:01+00:00 active_ues=35 slot=6 attempt=1 ue_idx=7 ue_if=uesimtun7 ue_ip=10.45.1.6 port=5207 rc=0 replacements_for_slot=0 server_busy_retries_for_slot=0
[2026-08-22T00:05:01+02:00] UPF_CONTROL_SAMPLE timestamp=2026-08-22T00:05:00+02:00 scenario=ue_35 pod=open5gs-upf-5b9db6d44-nsbqz uid=7b5b8ef7-a2a2-4fe9-a3e1-74acd17bd88f restarts=6 usage_cpu=562m usage_mem=35Mi request_cpu=476m request_mem=250Mi limit_cpu=none limit_mem=none vpa_target_cpu=587m vpa_target_mem=250Mi vpa_uncapped_cpu=587m vpa_uncapped_mem=250Mi vpa_lower_cpu=266m vpa_lower_mem=250Mi vpa_upper_cpu=1500m vpa_upper_mem=512Mi
[2026-08-22T00:05:03+02:00] UE_SLOT_DONE timestamp=2026-08-21T22:05:03+00:00 active_ues=35 slot=7 attempt=1 ue_idx=8 ue_if=uesimtun8 ue_ip=10.45.1.10 port=5208 rc=0 replacements_for_slot=0 server_busy_retries_for_slot=0
[2026-08-22T00:05:03+02:00] UE_SLOT_DONE timestamp=2026-08-21T22:05:03+00:00 active_ues=35 slot=8 attempt=1 ue_idx=9 ue_if=uesimtun9 ue_ip=10.45.1.7 port=5209 rc=0 replacements_for_slot=0 server_busy_retries_for_slot=0
[2026-08-22T00:05:03+02:00] UPF_CONTROL_SAMPLE timestamp=2026-08-22T00:05:02+02:00 scenario=ue_35 pod=open5gs-upf-5b9db6d44-nsbqz uid=7b5b8ef7-a2a2-4fe9-a3e1-74acd17bd88f restarts=6 usage_cpu=562m usage_mem=35Mi request_cpu=476m request_mem=250Mi limit_cpu=none limit_mem=none vpa_target_cpu=587m vpa_target_mem=250Mi vpa_uncapped_cpu=587m vpa_uncapped_mem=250Mi vpa_lower_cpu=266m vpa_lower_mem=250Mi vpa_upper_cpu=1500m vpa_upper_mem=512Mi
[2026-08-22T00:05:03+02:00] UE_SLOT_DONE timestamp=2026-08-21T22:05:03+00:00 active_ues=35 slot=9 attempt=1 ue_idx=10 ue_if=uesimtun10 ue_ip=10.45.1.14 port=5210 rc=0 replacements_for_slot=0 server_busy_retries_for_slot=0
[2026-08-22T00:05:03+02:00] UE_SLOT_DONE timestamp=2026-08-21T22:05:03+00:00 active_ues=35 slot=10 attempt=1 ue_idx=11 ue_if=uesimtun11 ue_ip=10.45.1.15 port=5211 rc=0 replacements_for_slot=0 server_busy_retries_for_slot=0
[2026-08-22T00:05:03+02:00] UE_SLOT_DONE timestamp=2026-08-21T22:05:03+00:00 active_ues=35 slot=11 attempt=1 ue_idx=12 ue_if=uesimtun12 ue_ip=10.45.1.12 port=5212 rc=0 replacements_for_slot=0 server_busy_retries_for_slot=0
[2026-08-22T00:05:03+02:00] UE_SLOT_DONE timestamp=2026-08-21T22:05:03+00:00 active_ues=35 slot=12 attempt=1 ue_idx=13 ue_if=uesimtun13 ue_ip=10.45.1.18 port=5213 rc=0 replacements_for_slot=0 server_busy_retries_for_slot=0
[2026-08-22T00:05:03+02:00] UE_SLOT_DONE timestamp=2026-08-21T22:05:03+00:00 active_ues=35 slot=13 attempt=1 ue_idx=14 ue_if=uesimtun14 ue_ip=10.45.1.4 port=5214 rc=0 replacements_for_slot=0 server_busy_retries_for_slot=0
[2026-08-22T00:05:03+02:00] UE_SLOT_DONE timestamp=2026-08-21T22:05:03+00:00 active_ues=35 slot=14 attempt=1 ue_idx=17 ue_if=uesimtun17 ue_ip=10.45.1.22 port=5215 rc=0 replacements_for_slot=0 server_busy_retries_for_slot=0
[2026-08-22T00:05:03+02:00] UE_SLOT_DONE timestamp=2026-08-21T22:05:03+00:00 active_ues=35 slot=15 attempt=1 ue_idx=19 ue_if=uesimtun19 ue_ip=10.45.1.27 port=5216 rc=0 replacements_for_slot=0 server_busy_retries_for_slot=0
[2026-08-22T00:05:03+02:00] UE_SLOT_DONE timestamp=2026-08-21T22:05:03+00:00 active_ues=35 slot=16 attempt=1 ue_idx=20 ue_if=uesimtun20 ue_ip=10.45.1.28 port=5217 rc=0 replacements_for_slot=0 server_busy_retries_for_slot=0
[2026-08-22T00:05:03+02:00] UE_SLOT_DONE timestamp=2026-08-21T22:05:03+00:00 active_ues=35 slot=17 attempt=1 ue_idx=21 ue_if=uesimtun21 ue_ip=10.45.1.29 port=5218 rc=0 replacements_for_slot=0 server_busy_retries_for_slot=0
[2026-08-22T00:05:04+02:00] UE_SLOT_DONE timestamp=2026-08-21T22:05:04+00:00 active_ues=35 slot=18 attempt=1 ue_idx=22 ue_if=uesimtun22 ue_ip=10.45.1.30 port=5219 rc=0 replacements_for_slot=0 server_busy_retries_for_slot=0
[2026-08-22T00:05:05+02:00] UE_SLOT_DONE timestamp=2026-08-21T22:05:05+00:00 active_ues=35 slot=19 attempt=1 ue_idx=23 ue_if=uesimtun23 ue_ip=10.45.1.34 port=5220 rc=0 replacements_for_slot=0 server_busy_retries_for_slot=0
[2026-08-22T00:05:05+02:00] UE_SLOT_DONE timestamp=2026-08-21T22:05:05+00:00 active_ues=35 slot=20 attempt=1 ue_idx=24 ue_if=uesimtun24 ue_ip=10.45.1.32 port=5221 rc=0 replacements_for_slot=0 server_busy_retries_for_slot=0
[2026-08-22T00:05:05+02:00] UE_SLOT_DONE timestamp=2026-08-21T22:05:05+00:00 active_ues=35 slot=21 attempt=1 ue_idx=25 ue_if=uesimtun25 ue_ip=10.45.1.36 port=5222 rc=0 replacements_for_slot=0 server_busy_retries_for_slot=0
[2026-08-22T00:05:05+02:00] UE_SLOT_DONE timestamp=2026-08-21T22:05:05+00:00 active_ues=35 slot=22 attempt=1 ue_idx=26 ue_if=uesimtun26 ue_ip=10.45.1.40 port=5223 rc=0 replacements_for_slot=0 server_busy_retries_for_slot=0
[2026-08-22T00:05:05+02:00] UE_SLOT_DONE timestamp=2026-08-21T22:05:05+00:00 active_ues=35 slot=23 attempt=1 ue_idx=27 ue_if=uesimtun27 ue_ip=10.45.1.8 port=5224 rc=0 replacements_for_slot=0 server_busy_retries_for_slot=0
[2026-08-22T00:05:05+02:00] UE_SLOT_DONE timestamp=2026-08-21T22:05:05+00:00 active_ues=35 slot=24 attempt=1 ue_idx=28 ue_if=uesimtun28 ue_ip=10.45.1.11 port=5225 rc=0 replacements_for_slot=0 server_busy_retries_for_slot=0
[2026-08-22T00:05:05+02:00] UE_SLOT_DONE timestamp=2026-08-21T22:05:05+00:00 active_ues=35 slot=25 attempt=1 ue_idx=29 ue_if=uesimtun29 ue_ip=10.45.1.16 port=5226 rc=0 replacements_for_slot=0 server_busy_retries_for_slot=0
[2026-08-22T00:05:05+02:00] UE_SLOT_DONE timestamp=2026-08-21T22:05:05+00:00 active_ues=35 slot=26 attempt=1 ue_idx=30 ue_if=uesimtun30 ue_ip=10.45.1.20 port=5227 rc=0 replacements_for_slot=0 server_busy_retries_for_slot=0
[2026-08-22T00:05:05+02:00] UPF_CONTROL_SAMPLE timestamp=2026-08-22T00:05:04+02:00 scenario=ue_35 pod=open5gs-upf-5b9db6d44-nsbqz uid=7b5b8ef7-a2a2-4fe9-a3e1-74acd17bd88f restarts=6 usage_cpu=562m usage_mem=35Mi request_cpu=476m request_mem=250Mi limit_cpu=none limit_mem=none vpa_target_cpu=587m vpa_target_mem=250Mi vpa_uncapped_cpu=587m vpa_uncapped_mem=250Mi vpa_lower_cpu=266m vpa_lower_mem=250Mi vpa_upper_cpu=1500m vpa_upper_mem=512Mi
[2026-08-22T00:05:07+02:00] UE_SLOT_DONE timestamp=2026-08-21T22:05:07+00:00 active_ues=35 slot=27 attempt=1 ue_idx=31 ue_if=uesimtun31 ue_ip=10.45.1.42 port=5228 rc=0 replacements_for_slot=0 server_busy_retries_for_slot=0
[2026-08-22T00:05:07+02:00] UE_SLOT_DONE timestamp=2026-08-21T22:05:07+00:00 active_ues=35 slot=28 attempt=1 ue_idx=32 ue_if=uesimtun32 ue_ip=10.45.1.43 port=5229 rc=0 replacements_for_slot=0 server_busy_retries_for_slot=0
[2026-08-22T00:05:07+02:00] UE_SLOT_DONE timestamp=2026-08-21T22:05:07+00:00 active_ues=35 slot=29 attempt=1 ue_idx=33 ue_if=uesimtun33 ue_ip=10.45.1.23 port=5230 rc=0 replacements_for_slot=0 server_busy_retries_for_slot=0
[2026-08-22T00:05:07+02:00] UE_SLOT_DONE timestamp=2026-08-21T22:05:07+00:00 active_ues=35 slot=30 attempt=1 ue_idx=36 ue_if=uesimtun36 ue_ip=10.45.1.5 port=5231 rc=0 replacements_for_slot=0 server_busy_retries_for_slot=0
[2026-08-22T00:05:07+02:00] UE_SLOT_DONE timestamp=2026-08-21T22:05:07+00:00 active_ues=35 slot=31 attempt=1 ue_idx=37 ue_if=uesimtun37 ue_ip=10.45.1.33 port=5232 rc=0 replacements_for_slot=0 server_busy_retries_for_slot=0
[2026-08-22T00:05:08+02:00] UPF_CONTROL_SAMPLE timestamp=2026-08-22T00:05:06+02:00 scenario=ue_35 pod=open5gs-upf-5b9db6d44-nsbqz uid=7b5b8ef7-a2a2-4fe9-a3e1-74acd17bd88f restarts=6 usage_cpu=562m usage_mem=35Mi request_cpu=476m request_mem=250Mi limit_cpu=none limit_mem=none vpa_target_cpu=587m vpa_target_mem=250Mi vpa_uncapped_cpu=587m vpa_uncapped_mem=250Mi vpa_lower_cpu=266m vpa_lower_mem=250Mi vpa_upper_cpu=1500m vpa_upper_mem=512Mi
[2026-08-22T00:05:08+02:00] UE_SLOT_DONE timestamp=2026-08-21T22:05:08+00:00 active_ues=35 slot=32 attempt=1 ue_idx=40 ue_if=uesimtun40 ue_ip=10.45.1.9 port=5233 rc=0 replacements_for_slot=0 server_busy_retries_for_slot=0
[2026-08-22T00:05:08+02:00] UE_SLOT_DONE timestamp=2026-08-21T22:05:08+00:00 active_ues=35 slot=33 attempt=2 ue_idx=43 ue_if=uesimtun43 ue_ip=10.45.1.45 port=5251 rc=0 replacements_for_slot=1 server_busy_retries_for_slot=0
[2026-08-22T00:05:08+02:00] UE_SLOT_DONE timestamp=2026-08-21T22:05:08+00:00 active_ues=35 slot=34 attempt=1 ue_idx=42 ue_if=uesimtun42 ue_ip=10.45.1.44 port=5235 rc=0 replacements_for_slot=0 server_busy_retries_for_slot=0
[2026-08-22T00:05:09+02:00] FAILED_SLOT_SUMMARY_BEGIN timestamp=2026-08-21T22:05:09+00:00 active_ues=35
[2026-08-22T00:05:09+02:00] FAILED_SLOT slot=4 last_ue_idx=45 last_ue_if=uesimtun45 last_ue_ip=10.45.1.38 last_port=5253 reason=not_enough_replacement_duration_after_no_rx_after_connect_timeout_4s final_rc=not_enough_replacement_duration replacements_for_slot=2 server_busy_retries_for_slot=0
[2026-08-22T00:05:09+02:00] FAILED_SLOT_SUMMARY_END timestamp=2026-08-21T22:05:09+00:00 active_ues=35
[2026-08-22T00:05:09+02:00] TRAFFIC_SUMMARY timestamp=2026-08-21T22:05:09+00:00 registered_tunnels=50 active_ues=35 target_slots=35 completed_slots=34 final_failed_slots=1 replacements=3 problematic_ues=3 zombie_ues=3 connect_timeouts=2 stalls=1 deferred_stalls=0 process_failures=0 server_busy_retries=0 server_busy_failures=0 late_timeouts_accepted=0 scenario_bad_ues=4 global_suspect_ues=12 used_ues=38 target_host=192.168.1.211 initial_ports=5201-5235 replacement_ports=5251-5265 bitrate=1M start_delay=0.05 detection=no_rx_counter replacement_min_duration_s=5 adaptive_extension_max_s=1 iperf_exit_grace_s=3 server_busy_retries_limit=1 server_busy_retry_delay_s=2 late_replacement_after_end=disabled wait_for_iperf_exit=until_timeout global_suspect_policy=soft_reuse ramp_supervision=after_initial_start
[2026-08-22T00:05:09+02:00] UE_POOL_SCENARIO_BAD_CURRENT timestamp=2026-08-21T22:05:09+00:00 active_ues=35 indexes=5,41,44,45
[2026-08-22T00:05:09+02:00] UE_POOL_GLOBAL_SUSPECT_CURRENT timestamp=2026-08-21T22:05:09+00:00 active_ues=35 indexes=2,5,15,16,18,34,35,38,39,41,44,45
[2026-08-22T00:05:09+02:00] REMOTE_IPERF_PER_UE_END timestamp=2026-08-21T22:05:09+00:00 active_ues=35 tag=ue_35 final_rc=20
[2026-08-22T00:05:09+02:00] command terminated with exit code 20
[2026-08-22T00:05:10+02:00] SCENARIO TRAFFIC COMMAND END timestamp=2026-08-22T00:05:10+02:00 active_ue=35 rc=20
[2026-08-22T00:05:10+02:00] UPF_CONTROL_SAMPLE timestamp=2026-08-22T00:05:09+02:00 scenario=ue_35 pod=open5gs-upf-5b9db6d44-nsbqz uid=7b5b8ef7-a2a2-4fe9-a3e1-74acd17bd88f restarts=6 usage_cpu=562m usage_mem=35Mi request_cpu=476m request_mem=250Mi limit_cpu=none limit_mem=none vpa_target_cpu=587m vpa_target_mem=250Mi vpa_uncapped_cpu=587m vpa_uncapped_mem=250Mi vpa_lower_cpu=266m vpa_lower_mem=250Mi vpa_upper_cpu=1500m vpa_upper_mem=512Mi
[2026-08-22T00:05:10+02:00] SCENARIO UPF AFTER timestamp=2026-08-22T00:05:10+02:00 active_ue=35 pod=open5gs-upf-5b9db6d44-nsbqz uid=7b5b8ef7-a2a2-4fe9-a3e1-74acd17bd88f restarts=6
[2026-08-22T00:05:10+02:00] ERROR: Traffic failed to maintain required active slots active_ue=35 rc=20
[2026-08-22T00:05:11+02:00] UPF_CONTROL_MONITOR_END timestamp=2026-08-22T00:05:11+02:00 pid=334086
